# Blender 5.2.2 LTS
# www.blender.org
mtllib mountain_rock.mtl
o Mountain_A_0
v 0.967078 0.000306 1.814166
v 0.928280 0.086000 1.665995
v 0.848037 0.001097 1.819728
v 1.096900 -0.000621 1.786611
v 1.066354 0.129921 1.554587
v 0.967078 0.000306 1.814166
v 0.659291 -0.002257 1.780239
v 0.701004 0.093030 1.621011
v 0.582140 -0.000659 1.716700
v 0.672050 0.167413 1.459683
v 0.582140 -0.000659 1.716700
v 0.701004 0.093030 1.621011
v 0.792792 0.108564 1.620709
v 0.659291 -0.002257 1.780239
v 0.848037 0.001097 1.819728
v 0.848037 0.001097 1.819728
v 0.928280 0.086000 1.665995
v 0.792792 0.108564 1.620709
v 1.066354 0.129921 1.554587
v 1.096900 -0.000621 1.786611
v 1.225238 0.002203 1.744168
v 0.581932 0.066937 1.566080
v 0.582140 -0.000659 1.716700
v 0.672050 0.167413 1.459683
v 0.659291 -0.002257 1.780239
v 0.792792 0.108564 1.620709
v 0.701004 0.093030 1.621011
v 0.928280 0.086000 1.665995
v 0.967078 0.000306 1.814166
v 1.066354 0.129921 1.554587
v 0.582140 -0.000659 1.716700
v 0.581932 0.066937 1.566080
v 0.465271 -0.000646 1.650239
v 1.066354 0.129921 1.554587
v 1.225238 0.002203 1.744168
v 1.241373 0.126811 1.550513
v 1.241373 0.126811 1.550513
v 1.225238 0.002203 1.744168
v 1.294042 -0.000683 1.736745
v 1.241373 0.126811 1.550513
v 1.294042 -0.000683 1.736745
v 1.481746 0.000013 1.647628
v 0.465271 -0.000646 1.650239
v 0.448844 0.087561 1.473395
v 0.312172 0.001342 1.580670
v 0.448844 0.087561 1.473395
v 0.465271 -0.000646 1.650239
v 0.581932 0.066937 1.566080
v 0.765983 0.197195 1.504214
v 0.701004 0.093030 1.621011
v 0.792792 0.108564 1.620709
v 1.066354 0.129921 1.554587
v 0.917088 0.272969 1.395800
v 0.928280 0.086000 1.665995
v 1.381731 0.112651 1.502915
v 1.241373 0.126811 1.550513
v 1.481746 0.000013 1.647628
v 1.481746 0.000013 1.647628
v 1.588404 -0.003401 1.608325
v 1.381731 0.112651 1.502915
v 0.928280 0.086000 1.665995
v 0.917088 0.272969 1.395800
v 0.792792 0.108564 1.620709
v 1.241373 0.126811 1.550513
v 1.175772 0.272039 1.389249
v 1.066354 0.129921 1.554587
v 0.170236 0.082475 1.445677
v 0.139889 -0.000094 1.547889
v 0.225462 0.000540 1.572906
v 0.312172 0.001342 1.580670
v 0.197490 0.122570 1.383352
v 0.225462 0.000540 1.572906
v 1.588404 -0.003401 1.608325
v 1.478885 0.158254 1.409309
v 1.381731 0.112651 1.502915
v 0.139889 -0.000094 1.547889
v 0.170236 0.082475 1.445677
v 0.053959 0.000248 1.486537
v 0.225462 0.000540 1.572906
v 0.197490 0.122570 1.383352
v 0.170236 0.082475 1.445677
v 0.546638 0.176647 1.367908
v 0.448844 0.087561 1.473395
v 0.581932 0.066937 1.566080
v 0.546638 0.176647 1.367908
v 0.581932 0.066937 1.566080
v 0.672050 0.167413 1.459683
v 0.782694 0.264111 1.368828
v 0.701004 0.093030 1.621011
v 0.765983 0.197195 1.504214
v 0.765983 0.197195 1.504214
v 0.792792 0.108564 1.620709
v 0.917088 0.272969 1.395800
v 1.066354 0.129921 1.554587
v 1.004529 0.278499 1.384388
v 0.917088 0.272969 1.395800
v 1.588404 -0.003401 1.608325
v 1.646860 -0.000222 1.515944
v 1.478885 0.158254 1.409309
v 0.170236 0.082475 1.445677
v 0.079644 0.066550 1.349418
v 0.053959 0.000248 1.486537
v 0.335647 0.156286 1.381318
v 0.197490 0.122570 1.383352
v 0.312172 0.001342 1.580670
v 0.335647 0.156286 1.381318
v 0.312172 0.001342 1.580670
v 0.448844 0.087561 1.473395
v 0.672050 0.167413 1.459683
v 0.701004 0.093030 1.621011
v 0.782694 0.264111 1.368828
v 1.066354 0.129921 1.554587
v 1.175772 0.272039 1.389249
v 1.004529 0.278499 1.384388
v 1.646860 -0.000222 1.515944
v 1.613174 0.126775 1.355376
v 1.478885 0.158254 1.409309
v 1.646860 -0.000222 1.515944
v 1.687301 -0.003708 1.448241
v 1.613174 0.126775 1.355376
v 2.567027 0.000007 1.393266
v 2.432696 -0.000468 1.425526
v 2.391647 -0.001982 1.465387
v 0.053959 0.000248 1.486537
v 0.038010 0.125655 1.209256
v -0.095385 0.000275 1.399321
v 0.053959 0.000248 1.486537
v 0.079644 0.066550 1.349418
v 0.038010 0.125655 1.209256
v 0.765983 0.197195 1.504214
v 0.851124 0.319503 1.353508
v 0.782694 0.264111 1.368828
v 0.917088 0.272969 1.395800
v 0.851124 0.319503 1.353508
v 0.765983 0.197195 1.504214
v 1.738035 0.114926 1.251642
v 1.687301 -0.003708 1.448241
v 1.832122 0.008072 1.338341
v 1.832122 0.008072 1.338341
v 1.687301 -0.003708 1.448241
v 1.879778 -0.000343 1.352657
v 2.481006 0.044899 1.330956
v 2.432696 -0.000468 1.425526
v 2.567027 0.000007 1.393266
v 1.381731 0.112651 1.502915
v 1.278956 0.309877 1.289162
v 1.241373 0.126811 1.550513
v -0.180583 0.046920 1.283244
v -0.215046 0.000653 1.345267
v -0.095385 0.000275 1.399321
v 0.170236 0.082475 1.445677
v 0.197490 0.122570 1.383352
v 0.079644 0.066550 1.349418
v 0.289102 0.217065 1.302478
v 0.197490 0.122570 1.383352
v 0.335647 0.156286 1.381318
v 0.546638 0.176647 1.367908
v 0.510963 0.292966 1.259333
v 0.448844 0.087561 1.473395
v 0.851124 0.319503 1.353508
v 0.917088 0.272969 1.395800
v 1.004529 0.278499 1.384388
v 1.175772 0.272039 1.389249
v 1.055637 0.483398 1.223251
v 1.004529 0.278499 1.384388
v 1.241373 0.126811 1.550513
v 1.278956 0.309877 1.289162
v 1.175772 0.272039 1.389249
v 1.278956 0.309877 1.289162
v 1.381731 0.112651 1.502915
v 1.423867 0.383091 1.135607
v 1.423867 0.383091 1.135607
v 1.381731 0.112651 1.502915
v 1.478885 0.158254 1.409309
v 2.347241 0.045130 1.268417
v 2.347526 -0.000152 1.412799
v 2.391647 -0.001982 1.465387
v 2.391647 -0.001982 1.465387
v 2.395404 0.071654 1.249116
v 2.347241 0.045130 1.268417
v 2.432696 -0.000468 1.425526
v 2.395404 0.071654 1.249116
v 2.391647 -0.001982 1.465387
v 2.395404 0.071654 1.249116
v 2.432696 -0.000468 1.425526
v 2.481006 0.044899 1.330956
v -0.095385 0.000275 1.399321
v 0.038010 0.125655 1.209256
v -0.180583 0.046920 1.283244
v 0.436714 0.317777 1.220087
v 0.335647 0.156286 1.381318
v 0.448844 0.087561 1.473395
v 0.622156 0.299561 1.258718
v 0.546638 0.176647 1.367908
v 0.672050 0.167413 1.459683
v 1.687301 -0.003708 1.448241
v 1.609510 0.228635 1.201428
v 1.613174 0.126775 1.355376
v 2.150070 0.000800 1.333055
v 2.104514 0.074395 1.159357
v 1.980014 0.000910 1.326670
v 2.567027 0.000007 1.393266
v 2.560872 0.085234 1.234492
v 2.481006 0.044899 1.330956
v 0.289102 0.217065 1.302478
v 0.079644 0.066550 1.349418
v 0.197490 0.122570 1.383352
v 0.335647 0.156286 1.381318
v 0.436714 0.317777 1.220087
v 0.289102 0.217065 1.302478
v 0.546638 0.176647 1.367908
v 0.622156 0.299561 1.258718
v 0.510963 0.292966 1.259333
v 0.832892 0.385184 1.264476
v 0.782694 0.264111 1.368828
v 0.851124 0.319503 1.353508
v 1.004529 0.278499 1.384388
v 0.926163 0.535306 1.125883
v 0.851124 0.319503 1.353508
v 0.994066 0.505778 1.171625
v 1.004529 0.278499 1.384388
v 1.055637 0.483398 1.223251
v 1.055637 0.483398 1.223251
v 1.175772 0.272039 1.389249
v 1.167340 0.450378 1.203199
v 1.478885 0.158254 1.409309
v 1.467611 0.285158 1.253000
v 1.423867 0.383091 1.135607
v 1.613174 0.126775 1.355376
v 1.467611 0.285158 1.253000
v 1.478885 0.158254 1.409309
v 1.467611 0.285158 1.253000
v 1.613174 0.126775 1.355376
v 1.533529 0.254093 1.270902
v 2.347526 -0.000152 1.412799
v 2.150558 0.104401 1.105206
v 2.252620 0.001051 1.365732
v 2.150558 0.104401 1.105206
v 2.347526 -0.000152 1.412799
v 2.347241 0.045130 1.268417
v 0.436714 0.317777 1.220087
v 0.448844 0.087561 1.473395
v 0.510963 0.292966 1.259333
v 0.622156 0.299561 1.258718
v 0.672050 0.167413 1.459683
v 0.782694 0.264111 1.368828
v 1.004529 0.278499 1.384388
v 0.994066 0.505778 1.171625
v 0.926163 0.535306 1.125883
v 1.167340 0.450378 1.203199
v 1.175772 0.272039 1.389249
v 1.278956 0.309877 1.289162
v 1.832122 0.008072 1.338341
v 1.879778 -0.000343 1.352657
v 1.980014 0.000910 1.326670
v 2.560872 0.085234 1.234492
v 2.567027 0.000007 1.393266
v 2.670079 0.103280 1.178772
v 2.670079 0.103280 1.178772
v 2.567027 0.000007 1.393266
v 2.685000 -0.001902 1.372041
v 2.685000 -0.001902 1.372041
v 2.767689 0.000851 1.304643
v 2.748625 0.033279 1.214732
v 2.748625 0.033279 1.214732
v 2.767689 0.000851 1.304643
v 2.783514 -0.001498 1.243490
v -0.180583 0.046920 1.283244
v -0.216979 -0.001253 1.211295
v -0.215046 0.000653 1.345267
v 0.289102 0.217065 1.302478
v 0.364126 0.288390 1.226782
v 0.079644 0.066550 1.349418
v 0.436714 0.317777 1.220087
v 0.364126 0.288390 1.226782
v 0.289102 0.217065 1.302478
v 0.851124 0.319503 1.353508
v 0.926163 0.535306 1.125883
v 0.832892 0.385184 1.264476
v 1.529298 0.363008 1.150585
v 1.533529 0.254093 1.270902
v 1.613174 0.126775 1.355376
v 1.609510 0.228635 1.201428
v 1.687301 -0.003708 1.448241
v 1.738035 0.114926 1.251642
v 1.832122 0.008072 1.338341
v 1.758917 0.133990 1.178178
v 1.738035 0.114926 1.251642
v 1.975081 0.097693 1.148582
v 1.980014 0.000910 1.326670
v 2.104514 0.074395 1.159357
v 2.342110 0.112142 1.116212
v 2.150558 0.104401 1.105206
v 2.347241 0.045130 1.268417
v -0.325264 -0.000887 1.152477
v -0.215046 0.000653 1.345267
v -0.216979 -0.001253 1.211295
v 0.225477 0.244267 1.152198
v 0.079644 0.066550 1.349418
v 0.364126 0.288390 1.226782
v 1.252750 0.439808 1.179911
v 1.278956 0.309877 1.289162
v 1.332984 0.420157 1.135613
v 1.533529 0.254093 1.270902
v 1.529298 0.363008 1.150585
v 1.467611 0.285158 1.253000
v 1.529298 0.363008 1.150585
v 1.613174 0.126775 1.355376
v 1.609510 0.228635 1.201428
v 1.872329 0.121198 1.124342
v 1.832122 0.008072 1.338341
v 1.980014 0.000910 1.326670
v 2.252620 0.001051 1.365732
v 2.150558 0.104401 1.105206
v 2.150070 0.000800 1.333055
v 2.342110 0.112142 1.116212
v 2.347241 0.045130 1.268417
v 2.395404 0.071654 1.249116
v 2.482913 0.180985 1.155450
v 2.481006 0.044899 1.330956
v 2.560872 0.085234 1.234492
v 2.615316 0.129897 1.151640
v 2.560872 0.085234 1.234492
v 2.670079 0.103280 1.178772
v 2.670079 0.103280 1.178772
v 2.685000 -0.001902 1.372041
v 2.748625 0.033279 1.214732
v 2.754627 -0.004206 1.179056
v 2.748625 0.033279 1.214732
v 2.783514 -0.001498 1.243490
v -0.180583 0.046920 1.283244
v -0.131804 0.150909 1.138322
v -0.216979 -0.001253 1.211295
v -0.131804 0.150909 1.138322
v -0.180583 0.046920 1.283244
v 0.038010 0.125655 1.209256
v 0.079644 0.066550 1.349418
v 0.157747 0.212847 1.057485
v 0.038010 0.125655 1.209256
v 0.510963 0.292966 1.259333
v 0.498787 0.413550 1.128669
v 0.436714 0.317777 1.220087
v 0.583141 0.422137 1.164030
v 0.510963 0.292966 1.259333
v 0.622156 0.299561 1.258718
v 0.782694 0.264111 1.368828
v 0.699341 0.473211 1.117288
v 0.622156 0.299561 1.258718
v 1.123300 0.657177 1.026745
v 1.055637 0.483398 1.223251
v 1.167340 0.450378 1.203199
v 1.278956 0.309877 1.289162
v 1.252750 0.439808 1.179911
v 1.167340 0.450378 1.203199
v 1.332984 0.420157 1.135613
v 1.278956 0.309877 1.289162
v 1.423867 0.383091 1.135607
v 1.473270 0.413179 1.106187
v 1.467611 0.285158 1.253000
v 1.529298 0.363008 1.150585
v 2.481006 0.044899 1.330956
v 2.482913 0.180985 1.155450
v 2.395404 0.071654 1.249116
v -0.198587 0.031200 1.118358
v -0.216979 -0.001253 1.211295
v -0.131804 0.150909 1.138322
v 0.038010 0.125655 1.209256
v -0.041809 0.153442 1.138591
v -0.131804 0.150909 1.138322
v 0.157747 0.212847 1.057485
v 0.079644 0.066550 1.349418
v 0.225477 0.244267 1.152198
v 0.436714 0.317777 1.220087
v 0.453625 0.444849 1.103374
v 0.364126 0.288390 1.226782
v 0.498787 0.413550 1.128669
v 0.510963 0.292966 1.259333
v 0.583141 0.422137 1.164030
v 1.423867 0.383091 1.135607
v 1.467611 0.285158 1.253000
v 1.473270 0.413179 1.106187
v 1.738035 0.114926 1.251642
v 1.691573 0.236918 1.118833
v 1.609510 0.228635 1.201428
v 1.691573 0.236918 1.118833
v 1.738035 0.114926 1.251642
v 1.758917 0.133990 1.178178
v 1.758917 0.133990 1.178178
v 1.832122 0.008072 1.338341
v 1.872329 0.121198 1.124342
v 2.395404 0.071654 1.249116
v 2.482913 0.180985 1.155450
v 2.342110 0.112142 1.116212
v 0.364126 0.288390 1.226782
v 0.382516 0.439845 1.035433
v 0.225477 0.244267 1.152198
v 0.453625 0.444849 1.103374
v 0.436714 0.317777 1.220087
v 0.498787 0.413550 1.128669
v 0.622156 0.299561 1.258718
v 0.647035 0.581258 1.051646
v 0.583141 0.422137 1.164030
v 0.699341 0.473211 1.117288
v 0.782694 0.264111 1.368828
v 0.832892 0.385184 1.264476
v 0.926163 0.535306 1.125883
v 0.821240 0.659056 1.018432
v 0.832892 0.385184 1.264476
v 1.026286 0.612240 1.093564
v 0.994066 0.505778 1.171625
v 1.055637 0.483398 1.223251
v 1.609510 0.228635 1.201428
v 1.530372 0.395275 1.073101
v 1.529298 0.363008 1.150585
v 1.799182 0.257347 1.007536
v 1.758917 0.133990 1.178178
v 1.872329 0.121198 1.124342
v 2.150070 0.000800 1.333055
v 2.150558 0.104401 1.105206
v 2.104514 0.074395 1.159357
v 2.482913 0.180985 1.155450
v 2.473297 0.199468 1.112484
v 2.342110 0.112142 1.116212
v -0.131804 0.150909 1.138322
v -0.129725 0.179469 1.080771
v -0.198587 0.031200 1.118358
v 0.382516 0.439845 1.035433
v 0.364126 0.288390 1.226782
v 0.453625 0.444849 1.103374
v 0.583141 0.422137 1.164030
v 0.647035 0.581258 1.051646
v 0.603133 0.565546 1.031893
v 0.622156 0.299561 1.258718
v 0.699341 0.473211 1.117288
v 0.647035 0.581258 1.051646
v 1.026286 0.612240 1.093564
v 1.055637 0.483398 1.223251
v 1.123300 0.657177 1.026745
v 1.980014 0.000910 1.326670
v 1.975081 0.097693 1.148582
v 1.872329 0.121198 1.124342
v 2.049611 0.178279 0.991927
v 1.975081 0.097693 1.148582
v 2.104514 0.074395 1.159357
v 2.403232 0.149483 1.080292
v 2.342110 0.112142 1.116212
v 2.473297 0.199468 1.112484
v 2.560872 0.085234 1.234492
v 2.553291 0.202507 1.036794
v 2.482913 0.180985 1.155450
v 2.553291 0.202507 1.036794
v 2.560872 0.085234 1.234492
v 2.615316 0.129897 1.151640
v 2.670079 0.103280 1.178772
v 2.667148 0.126586 1.076775
v 2.615316 0.129897 1.151640
v 2.667148 0.126586 1.076775
v 2.670079 0.103280 1.178772
v 2.748625 0.033279 1.214732
v -0.129725 0.179469 1.080771
v -0.131804 0.150909 1.138322
v -0.041809 0.153442 1.138591
v 0.038010 0.125655 1.209256
v 0.008544 0.257520 1.030561
v -0.041809 0.153442 1.138591
v 0.008544 0.257520 1.030561
v 0.038010 0.125655 1.209256
v 0.091896 0.215641 1.035070
v 0.091896 0.215641 1.035070
v 0.038010 0.125655 1.209256
v 0.157747 0.212847 1.057485
v 0.583141 0.422137 1.164030
v 0.603133 0.565546 1.031893
v 0.498787 0.413550 1.128669
v 0.781872 0.711217 0.973841
v 0.699341 0.473211 1.117288
v 0.832892 0.385184 1.264476
v 0.781872 0.711217 0.973841
v 0.832892 0.385184 1.264476
v 0.821240 0.659056 1.018432
v 0.994066 0.505778 1.171625
v 0.966911 0.739103 0.990225
v 0.926163 0.535306 1.125883
v 0.966911 0.739103 0.990225
v 0.994066 0.505778 1.171625
v 1.026286 0.612240 1.093564
v 1.167340 0.450378 1.203199
v 1.209757 0.683679 0.991295
v 1.123300 0.657177 1.026745
v 1.209757 0.683679 0.991295
v 1.167340 0.450378 1.203199
v 1.268967 0.647582 1.022223
v 1.268967 0.647582 1.022223
v 1.167340 0.450378 1.203199
v 1.252750 0.439808 1.179911
v 1.423867 0.383091 1.135607
v 1.442529 0.527699 0.993971
v 1.332984 0.420157 1.135613
v 1.442529 0.527699 0.993971
v 1.423867 0.383091 1.135607
v 1.473270 0.413179 1.106187
v 1.529298 0.363008 1.150585
v 1.530372 0.395275 1.073101
v 1.473270 0.413179 1.106187
v 1.530372 0.395275 1.073101
v 1.609510 0.228635 1.201428
v 1.691573 0.236918 1.118833
v 1.758917 0.133990 1.178178
v 1.706736 0.271935 1.051983
v 1.691573 0.236918 1.118833
v 1.758917 0.133990 1.178178
v 1.799182 0.257347 1.007536
v 1.706736 0.271935 1.051983
v 2.104514 0.074395 1.159357
v 2.150558 0.104401 1.105206
v 2.049611 0.178279 0.991927
v 2.482913 0.180985 1.155450
v 2.553291 0.202507 1.036794
v 2.473297 0.199468 1.112484
v 2.553291 0.202507 1.036794
v 2.615316 0.129897 1.151640
v 2.610491 0.184661 1.074830
v 2.610491 0.184661 1.074830
v 2.615316 0.129897 1.151640
v 2.667148 0.126586 1.076775
v 2.748625 0.033279 1.214732
v 2.754627 -0.004206 1.179056
v 2.667148 0.126586 1.076775
v -0.123807 0.137268 0.906717
v -0.198587 0.031200 1.118358
v -0.129725 0.179469 1.080771
v -0.041809 0.153442 1.138591
v -0.077592 0.250533 0.982895
v -0.129725 0.179469 1.080771
v -0.041809 0.153442 1.138591
v 0.008544 0.257520 1.030561
v -0.077592 0.250533 0.982895
v 0.157747 0.212847 1.057485
v 0.225477 0.244267 1.152198
v 0.382516 0.439845 1.035433
v 0.531734 0.591172 1.010611
v 0.453625 0.444849 1.103374
v 0.498787 0.413550 1.128669
v 1.943074 0.262850 0.893777
v 1.975081 0.097693 1.148582
v 2.049611 0.178279 0.991927
v 2.360451 0.153666 1.070664
v 2.342110 0.112142 1.116212
v 2.403232 0.149483 1.080292
v 2.473297 0.199468 1.112484
v 2.498510 0.197784 1.028319
v 2.403232 0.149483 1.080292
v 2.498510 0.197784 1.028319
v 2.473297 0.199468 1.112484
v 2.553291 0.202507 1.036794
v 2.683993 0.052912 1.008560
v 2.754627 -0.004206 1.179056
v 2.927262 -0.000587 1.065037
v 1.268967 0.647582 1.022223
v 1.252750 0.439808 1.179911
v 1.318515 0.592731 1.018313
v 1.332984 0.420157 1.135613
v 1.318515 0.592731 1.018313
v 1.252750 0.439808 1.179911
v 1.318515 0.592731 1.018313
v 1.332984 0.420157 1.135613
v 1.442529 0.527699 0.993971
v 2.360451 0.153666 1.070664
v 2.403232 0.149483 1.080292
v 2.498510 0.197784 1.028319
v 2.643208 0.167926 1.012649
v 2.610491 0.184661 1.074830
v 2.667148 0.126586 1.076775
v -0.123807 0.137268 0.906717
v -0.129725 0.179469 1.080771
v -0.077592 0.250533 0.982895
v 0.246062 0.325897 0.978935
v 0.157747 0.212847 1.057485
v 0.382516 0.439845 1.035433
v 0.382516 0.439845 1.035433
v 0.453625 0.444849 1.103374
v 0.531734 0.591172 1.010611
v 0.531734 0.591172 1.010611
v 0.457463 0.604931 0.948175
v 0.382516 0.439845 1.035433
v 0.531734 0.591172 1.010611
v 0.498787 0.413550 1.128669
v 0.603133 0.565546 1.031893
v 0.699341 0.473211 1.117288
v 0.781872 0.711217 0.973841
v 0.647035 0.581258 1.051646
v 0.966911 0.739103 0.990225
v 1.026286 0.612240 1.093564
v 1.065941 0.748814 0.921448
v 1.065941 0.748814 0.921448
v 1.026286 0.612240 1.093564
v 1.123300 0.657177 1.026745
v 1.691573 0.236918 1.118833
v 1.646633 0.426291 0.977183
v 1.530372 0.395275 1.073101
v 1.646633 0.426291 0.977183
v 1.691573 0.236918 1.118833
v 1.706736 0.271935 1.051983
v 1.975081 0.097693 1.148582
v 1.943074 0.262850 0.893777
v 1.872329 0.121198 1.124342
v 2.061017 0.259202 0.909518
v 2.049611 0.178279 0.991927
v 2.150558 0.104401 1.105206
v 2.342110 0.112142 1.116212
v 2.276534 0.226755 0.880559
v 2.150558 0.104401 1.105206
v 2.276534 0.226755 0.880559
v 2.342110 0.112142 1.116212
v 2.360451 0.153666 1.070664
v 2.498510 0.197784 1.028319
v 2.413896 0.224616 0.998336
v 2.360451 0.153666 1.070664
v 2.610491 0.184661 1.074830
v 2.587242 0.198078 0.994428
v 2.553291 0.202507 1.036794
v 2.587242 0.198078 0.994428
v 2.610491 0.184661 1.074830
v 2.643208 0.167926 1.012649
v 2.643208 0.167926 1.012649
v 2.667148 0.126586 1.076775
v 2.683993 0.052912 1.008560
v 2.754627 -0.004206 1.179056
v 2.683993 0.052912 1.008560
v 2.667148 0.126586 1.076775
v 0.603133 0.565546 1.031893
v 0.555932 0.658814 0.937732
v 0.531734 0.591172 1.010611
v 0.926163 0.535306 1.125883
v 0.926589 0.785881 0.919636
v 0.821240 0.659056 1.018432
v 0.926589 0.785881 0.919636
v 0.926163 0.535306 1.125883
v 0.966911 0.739103 0.990225
v 1.007940 0.760135 0.934609
v 0.966911 0.739103 0.990225
v 1.065941 0.748814 0.921448
v 1.209757 0.683679 0.991295
v 1.190594 0.741319 0.926907
v 1.123300 0.657177 1.026745
v 1.442529 0.527699 0.993971
v 1.473270 0.413179 1.106187
v 1.530372 0.395275 1.073101
v 1.831540 0.350874 0.838715
v 1.799182 0.257347 1.007536
v 1.872329 0.121198 1.124342
v 2.387622 0.204416 0.973773
v 2.360451 0.153666 1.070664
v 2.413896 0.224616 0.998336
v 2.498510 0.197784 1.028319
v 2.587242 0.198078 0.994428
v 2.491552 0.209152 0.955994
v 2.553291 0.202507 1.036794
v 2.587242 0.198078 0.994428
v 2.498510 0.197784 1.028319
v 2.607430 0.173766 0.956735
v 2.643208 0.167926 1.012649
v 2.683993 0.052912 1.008560
v -0.648994 -0.000303 0.996596
v -0.555161 -0.000775 1.076177
v -0.355831 0.136761 0.682099
v -0.077592 0.250533 0.982895
v -0.082378 0.243644 0.940937
v -0.123807 0.137268 0.906717
v 0.008544 0.257520 1.030561
v 0.012446 0.296331 0.944953
v -0.077592 0.250533 0.982895
v 0.161407 0.340440 0.821862
v 0.091896 0.215641 1.035070
v 0.157747 0.212847 1.057485
v 0.157747 0.212847 1.057485
v 0.220561 0.315376 0.926580
v 0.161407 0.340440 0.821862
v 0.220561 0.315376 0.926580
v 0.157747 0.212847 1.057485
v 0.246062 0.325897 0.978935
v 0.647035 0.581258 1.051646
v 0.686414 0.752068 0.927281
v 0.603133 0.565546 1.031893
v 0.686414 0.752068 0.927281
v 0.647035 0.581258 1.051646
v 0.781872 0.711217 0.973841
v 1.123300 0.657177 1.026745
v 1.115007 0.836920 0.841173
v 1.065941 0.748814 0.921448
v 1.115007 0.836920 0.841173
v 1.123300 0.657177 1.026745
v 1.127100 0.692079 1.007143
v 1.123300 0.657177 1.026745
v 1.190594 0.741319 0.926907
v 1.127100 0.692079 1.007143
v 1.252437 0.856408 0.894274
v 1.209757 0.683679 0.991295
v 1.268967 0.647582 1.022223
v 1.318515 0.592731 1.018313
v 1.442529 0.527699 0.993971
v 1.370353 0.700454 0.929400
v 1.459650 0.633660 0.883402
v 1.442529 0.527699 0.993971
v 1.530372 0.395275 1.073101
v 1.530372 0.395275 1.073101
v 1.646633 0.426291 0.977183
v 1.565188 0.568115 0.901853
v 1.706736 0.271935 1.051983
v 1.712142 0.407685 0.906843
v 1.646633 0.426291 0.977183
v 1.831540 0.350874 0.838715
v 1.872329 0.121198 1.124342
v 1.943074 0.262850 0.893777
v 2.387622 0.204416 0.973773
v 2.413896 0.224616 0.998336
v 2.491552 0.209152 0.955994
v 2.491552 0.209152 0.955994
v 2.413896 0.224616 0.998336
v 2.498510 0.197784 1.028319
v 2.607430 0.173766 0.956735
v 2.587242 0.198078 0.994428
v 2.643208 0.167926 1.012649
v 2.643343 0.088314 0.897171
v 2.607430 0.173766 0.956735
v 2.683993 0.052912 1.008560
v 2.643343 0.088314 0.897171
v 2.683993 0.052912 1.008560
v 2.927262 -0.000587 1.065037
v -0.158215 0.140799 0.792026
v -0.355831 0.136761 0.682099
v -0.198587 0.031200 1.118358
v -0.077592 0.250533 0.982895
v 0.012446 0.296331 0.944953
v -0.082378 0.243644 0.940937
v 0.075756 0.271774 0.908377
v 0.091896 0.215641 1.035070
v 0.161407 0.340440 0.821862
v 0.382516 0.439845 1.035433
v 0.409702 0.554007 0.894951
v 0.246062 0.325897 0.978935
v 0.409702 0.554007 0.894951
v 0.382516 0.439845 1.035433
v 0.457463 0.604931 0.948175
v 0.531734 0.591172 1.010611
v 0.507723 0.666268 0.909469
v 0.457463 0.604931 0.948175
v 0.507723 0.666268 0.909469
v 0.531734 0.591172 1.010611
v 0.555932 0.658814 0.937732
v 0.611789 0.708929 0.894494
v 0.555932 0.658814 0.937732
v 0.603133 0.565546 1.031893
v 0.611789 0.708929 0.894494
v 0.603133 0.565546 1.031893
v 0.686414 0.752068 0.927281
v 0.686414 0.752068 0.927281
v 0.781872 0.711217 0.973841
v 0.754350 0.838691 0.867584
v 1.115007 0.836920 0.841173
v 1.127100 0.692079 1.007143
v 1.190594 0.741319 0.926907
v 1.190594 0.741319 0.926907
v 1.209757 0.683679 0.991295
v 1.252437 0.856408 0.894274
v 1.318515 0.592731 1.018313
v 1.314121 0.775799 0.902379
v 1.268967 0.647582 1.022223
v 1.442529 0.527699 0.993971
v 1.459650 0.633660 0.883402
v 1.370353 0.700454 0.929400
v 1.530372 0.395275 1.073101
v 1.519459 0.631235 0.856233
v 1.459650 0.633660 0.883402
v 1.645807 0.496070 0.862916
v 1.646633 0.426291 0.977183
v 1.712142 0.407685 0.906843
v 1.712142 0.407685 0.906843
v 1.706736 0.271935 1.051983
v 1.799182 0.257347 1.007536
v 2.360451 0.153666 1.070664
v 2.343940 0.209148 0.887170
v 2.276534 0.226755 0.880559
v 2.343940 0.209148 0.887170
v 2.360451 0.153666 1.070664
v 2.387622 0.204416 0.973773
v 2.343940 0.209148 0.887170
v 2.387622 0.204416 0.973773
v 2.443151 0.187745 0.928093
v 2.443151 0.187745 0.928093
v 2.387622 0.204416 0.973773
v 2.491552 0.209152 0.955994
v 2.587242 0.198078 0.994428
v 2.578635 0.127810 0.889416
v 2.491552 0.209152 0.955994
v 2.578635 0.127810 0.889416
v 2.587242 0.198078 0.994428
v 2.607430 0.173766 0.956735
v 3.113297 0.000274 0.991130
v 3.032702 0.096995 0.781244
v 2.927262 -0.000587 1.065037
v 3.032702 0.096995 0.781244
v 3.113297 0.000274 0.991130
v 3.080160 0.062901 0.859664
v -0.158215 0.140799 0.792026
v -0.198587 0.031200 1.118358
v -0.123807 0.137268 0.906717
v -0.082378 0.243644 0.940937
v -0.063355 0.239964 0.912814
v -0.123807 0.137268 0.906717
v 0.012446 0.296331 0.944953
v -0.063355 0.239964 0.912814
v -0.082378 0.243644 0.940937
v -0.063355 0.239964 0.912814
v 0.012446 0.296331 0.944953
v 0.029653 0.287129 0.913673
v 0.029653 0.287129 0.913673
v 0.012446 0.296331 0.944953
v 0.075756 0.271774 0.908377
v 0.008544 0.257520 1.030561
v 0.075756 0.271774 0.908377
v 0.012446 0.296331 0.944953
v 0.091896 0.215641 1.035070
v 0.075756 0.271774 0.908377
v 0.008544 0.257520 1.030561
v 0.246062 0.325897 0.978935
v 0.296654 0.405063 0.860373
v 0.220561 0.315376 0.926580
v 0.457463 0.604931 0.948175
v 0.507723 0.666268 0.909469
v 0.409702 0.554007 0.894951
v 0.821240 0.659056 1.018432
v 0.802259 0.809018 0.828043
v 0.781872 0.711217 0.973841
v 1.042379 0.882375 0.816816
v 1.007940 0.760135 0.934609
v 1.065941 0.748814 0.921448
v 1.268967 0.647582 1.022223
v 1.314121 0.775799 0.902379
v 1.252437 0.856408 0.894274
v 1.314121 0.775799 0.902379
v 1.318515 0.592731 1.018313
v 1.370353 0.700454 0.929400
v 1.519459 0.631235 0.856233
v 1.530372 0.395275 1.073101
v 1.565188 0.568115 0.901853
v 2.150558 0.104401 1.105206
v 2.276534 0.226755 0.880559
v 2.061017 0.259202 0.909518
v 2.443151 0.187745 0.928093
v 2.491552 0.209152 0.955994
v 2.578635 0.127810 0.889416
v -0.063355 0.239964 0.912814
v -0.068564 0.252480 0.865023
v -0.123807 0.137268 0.906717
v 0.047472 0.308957 0.848878
v 0.029653 0.287129 0.913673
v 0.075756 0.271774 0.908377
v 0.296654 0.405063 0.860373
v 0.246062 0.325897 0.978935
v 0.409702 0.554007 0.894951
v 0.555932 0.658814 0.937732
v 0.562994 0.666954 0.852198
v 0.507723 0.666268 0.909469
v 0.555932 0.658814 0.937732
v 0.611789 0.708929 0.894494
v 0.562994 0.666954 0.852198
v 0.781872 0.711217 0.973841
v 0.802259 0.809018 0.828043
v 0.754350 0.838691 0.867584
v 0.821240 0.659056 1.018432
v 0.926589 0.785881 0.919636
v 0.802259 0.809018 0.828043
v 1.314121 0.775799 0.902379
v 1.370353 0.700454 0.929400
v 1.357621 0.819342 0.834839
v 1.357621 0.819342 0.834839
v 1.370353 0.700454 0.929400
v 1.459650 0.633660 0.883402
v 1.565188 0.568115 0.901853
v 1.646633 0.426291 0.977183
v 1.645807 0.496070 0.862916
v 1.712142 0.407685 0.906843
v 1.799182 0.257347 1.007536
v 1.831540 0.350874 0.838715
v 1.943074 0.262850 0.893777
v 2.049611 0.178279 0.991927
v 2.061017 0.259202 0.909518
v 2.443151 0.187745 0.928093
v 2.400362 0.194851 0.858609
v 2.343940 0.209148 0.887170
v 2.578635 0.127810 0.889416
v 2.607430 0.173766 0.956735
v 2.643343 0.088314 0.897171
v 3.501191 -0.001107 0.884374
v 3.452023 0.063886 0.757851
v 3.391151 -0.003323 0.939156
v -0.355831 0.136761 0.682099
v -0.718505 0.000296 0.896885
v -0.648994 -0.000303 0.996596
v -0.068564 0.252480 0.865023
v -0.063355 0.239964 0.912814
v 0.029653 0.287129 0.913673
v 0.029653 0.287129 0.913673
v 0.047472 0.308957 0.848878
v -0.068564 0.252480 0.865023
v 0.047472 0.308957 0.848878
v 0.075756 0.271774 0.908377
v 0.161407 0.340440 0.821862
v 0.161407 0.340440 0.821862
v 0.220561 0.315376 0.926580
v 0.296654 0.405063 0.860373
v 0.409702 0.554007 0.894951
v 0.401647 0.520975 0.820004
v 0.296654 0.405063 0.860373
v 0.490901 0.597112 0.833162
v 0.507723 0.666268 0.909469
v 0.562994 0.666954 0.852198
v 0.611789 0.708929 0.894494
v 0.686414 0.752068 0.927281
v 0.754350 0.838691 0.867584
v 1.190594 0.741319 0.926907
v 1.205184 0.829177 0.818488
v 1.115007 0.836920 0.841173
v 1.205184 0.829177 0.818488
v 1.190594 0.741319 0.926907
v 1.252437 0.856408 0.894274
v 1.314121 0.775799 0.902379
v 1.282961 0.877021 0.852683
v 1.252437 0.856408 0.894274
v 1.282961 0.877021 0.852683
v 1.314121 0.775799 0.902379
v 1.357621 0.819342 0.834839
v 1.565188 0.568115 0.901853
v 1.579406 0.572016 0.831385
v 1.519459 0.631235 0.856233
v 1.579406 0.572016 0.831385
v 1.565188 0.568115 0.901853
v 1.645807 0.496070 0.862916
v 2.400362 0.194851 0.858609
v 2.443151 0.187745 0.928093
v 2.578635 0.127810 0.889416
v 2.643343 0.088314 0.897171
v 2.597657 0.118487 0.802493
v 2.578635 0.127810 0.889416
v -0.158215 0.140799 0.792026
v -0.123807 0.137268 0.906717
v -0.061262 0.210157 0.809662
v -0.068564 0.252480 0.865023
v -0.061262 0.210157 0.809662
v -0.123807 0.137268 0.906717
v -0.061262 0.210157 0.809662
v -0.068564 0.252480 0.865023
v 0.047472 0.308957 0.848878
v 0.409702 0.554007 0.894951
v 0.490901 0.597112 0.833162
v 0.401647 0.520975 0.820004
v 0.507723 0.666268 0.909469
v 0.490901 0.597112 0.833162
v 0.409702 0.554007 0.894951
v 0.611789 0.708929 0.894494
v 0.731947 0.839685 0.814378
v 0.562994 0.666954 0.852198
v 0.731947 0.839685 0.814378
v 0.611789 0.708929 0.894494
v 0.754350 0.838691 0.867584
v 1.251985 0.868517 0.845068
v 1.205184 0.829177 0.818488
v 1.252437 0.856408 0.894274
v 1.251985 0.868517 0.845068
v 1.252437 0.856408 0.894274
v 1.282961 0.877021 0.852683
v 1.533352 0.625040 0.819093
v 1.519459 0.631235 0.856233
v 1.579406 0.572016 0.831385
v 1.744249 0.575424 0.720460
v 1.645807 0.496070 0.862916
v 1.712142 0.407685 0.906843
v 2.343940 0.209148 0.887170
v 2.296761 0.277041 0.789792
v 2.276534 0.226755 0.880559
v 2.597657 0.118487 0.802493
v 2.400362 0.194851 0.858609
v 2.578635 0.127810 0.889416
v 3.099300 0.068652 0.780426
v 3.080160 0.062901 0.859664
v 3.113297 0.000274 0.991130
v 3.487387 0.053327 0.729594
v 3.501191 -0.001107 0.884374
v 3.570580 -0.000722 0.821303
v -0.790400 -0.000998 0.713681
v -0.718505 0.000296 0.896885
v -0.355831 0.136761 0.682099
v 0.161407 0.340440 0.821862
v 0.166775 0.357268 0.775732
v 0.047472 0.308957 0.848878
v 0.300904 0.439001 0.779046
v 0.161407 0.340440 0.821862
v 0.296654 0.405063 0.860373
v 0.300904 0.439001 0.779046
v 0.296654 0.405063 0.860373
v 0.401647 0.520975 0.820004
v 0.562994 0.666954 0.852198
v 0.731947 0.839685 0.814378
v 0.680516 0.788820 0.758819
v 0.731947 0.839685 0.814378
v 0.754350 0.838691 0.867584
v 0.802259 0.809018 0.828043
v 1.251985 0.868517 0.845068
v 1.282961 0.877021 0.852683
v 1.205184 0.829177 0.818488
v 1.357621 0.819342 0.834839
v 1.328201 0.879802 0.779883
v 1.282961 0.877021 0.852683
v 1.401293 0.785326 0.774751
v 1.357621 0.819342 0.834839
v 1.459650 0.633660 0.883402
v 1.444296 0.759649 0.762234
v 1.459650 0.633660 0.883402
v 1.519459 0.631235 0.856233
v 1.645807 0.496070 0.862916
v 1.641781 0.612774 0.770223
v 1.579406 0.572016 0.831385
v 1.744249 0.575424 0.720460
v 1.712142 0.407685 0.906843
v 1.787386 0.476568 0.748077
v 1.787386 0.476568 0.748077
v 1.712142 0.407685 0.906843
v 1.831540 0.350874 0.838715
v 2.643343 0.088314 0.897171
v 2.807732 0.180475 0.672891
v 2.597657 0.118487 0.802493
v 2.927262 -0.000587 1.065037
v 2.959186 0.153703 0.704443
v 2.643343 0.088314 0.897171
v 2.959186 0.153703 0.704443
v 2.927262 -0.000587 1.065037
v 3.032702 0.096995 0.781244
v 3.032702 0.096995 0.781244
v 3.080160 0.062901 0.859664
v 3.099300 0.068652 0.780426
v 3.452023 0.063886 0.757851
v 3.501191 -0.001107 0.884374
v 3.487387 0.053327 0.729594
v 0.047472 0.308957 0.848878
v 0.053949 0.293172 0.790972
v -0.061262 0.210157 0.809662
v 0.053949 0.293172 0.790972
v 0.047472 0.308957 0.848878
v 0.166775 0.357268 0.775732
v 0.166775 0.357268 0.775732
v 0.161407 0.340440 0.821862
v 0.300904 0.439001 0.779046
v 0.490901 0.597112 0.833162
v 0.535030 0.598818 0.739534
v 0.401647 0.520975 0.820004
v 0.562994 0.666954 0.852198
v 0.535030 0.598818 0.739534
v 0.490901 0.597112 0.833162
v 0.802259 0.809018 0.828043
v 0.752700 0.830265 0.773118
v 0.731947 0.839685 0.814378
v 1.205184 0.829177 0.818488
v 1.282961 0.877021 0.852683
v 1.209307 0.882328 0.748131
v 1.282961 0.877021 0.852683
v 1.281709 0.925334 0.736739
v 1.209307 0.882328 0.748131
v 1.281709 0.925334 0.736739
v 1.282961 0.877021 0.852683
v 1.328201 0.879802 0.779883
v 1.459650 0.633660 0.883402
v 1.444296 0.759649 0.762234
v 1.401293 0.785326 0.774751
v 1.444296 0.759649 0.762234
v 1.519459 0.631235 0.856233
v 1.533352 0.625040 0.819093
v 1.905274 0.500228 0.675212
v 1.831540 0.350874 0.838715
v 1.943074 0.262850 0.893777
v 1.997820 0.417279 0.727649
v 1.943074 0.262850 0.893777
v 2.061017 0.259202 0.909518
v 2.276534 0.226755 0.880559
v 2.142166 0.391038 0.743459
v 2.061017 0.259202 0.909518
v 2.400362 0.194851 0.858609
v 2.375251 0.245878 0.693646
v 2.343940 0.209148 0.887170
v 3.113297 0.000274 0.991130
v 3.223126 0.116049 0.583785
v 3.099300 0.068652 0.780426
v 3.223126 0.116049 0.583785
v 3.113297 0.000274 0.991130
v 3.391151 -0.003323 0.939156
v 3.487387 0.053327 0.729594
v 3.570580 -0.000722 0.821303
v 3.537860 0.061816 0.700740
v -0.061262 0.210157 0.809662
v 0.053949 0.293172 0.790972
v -0.158215 0.140799 0.792026
v 0.300904 0.439001 0.779046
v 0.401647 0.520975 0.820004
v 0.535030 0.598818 0.739534
v 0.562994 0.666954 0.852198
v 0.684351 0.750049 0.710615
v 0.535030 0.598818 0.739534
v 0.684351 0.750049 0.710615
v 0.562994 0.666954 0.852198
v 0.680516 0.788820 0.758819
v 0.731947 0.839685 0.814378
v 0.752700 0.830265 0.773118
v 0.680516 0.788820 0.758819
v 0.785372 0.849315 0.731323
v 0.752700 0.830265 0.773118
v 0.802259 0.809018 0.828043
v 0.785372 0.849315 0.731323
v 0.802259 0.809018 0.828043
v 0.904294 0.888108 0.789582
v 1.357621 0.819342 0.834839
v 1.401293 0.785326 0.774751
v 1.328201 0.879802 0.779883
v 1.579406 0.572016 0.831385
v 1.557866 0.733716 0.714583
v 1.533352 0.625040 0.819093
v 1.557866 0.733716 0.714583
v 1.579406 0.572016 0.831385
v 1.641781 0.612774 0.770223
v 1.641781 0.612774 0.770223
v 1.645807 0.496070 0.862916
v 1.744249 0.575424 0.720460
v 1.905274 0.500228 0.675212
v 1.943074 0.262850 0.893777
v 1.997820 0.417279 0.727649
v 2.276534 0.226755 0.880559
v 2.221611 0.378688 0.706391
v 2.142166 0.391038 0.743459
v 2.221611 0.378688 0.706391
v 2.276534 0.226755 0.880559
v 2.296761 0.277041 0.789792
v 2.959186 0.153703 0.704443
v 2.807732 0.180475 0.672891
v 2.643343 0.088314 0.897171
v 3.050550 0.154692 0.544842
v 3.099300 0.068652 0.780426
v 3.223126 0.116049 0.583785
v 3.570580 -0.000722 0.821303
v 3.645216 -0.000549 0.744983
v 3.537860 0.061816 0.700740
v 0.053949 0.293172 0.790972
v -0.058857 0.200808 0.671382
v -0.158215 0.140799 0.792026
v 0.684351 0.750049 0.710615
v 0.680516 0.788820 0.758819
v 0.752700 0.830265 0.773118
v 1.328201 0.879802 0.779883
v 1.336262 0.909970 0.719033
v 1.281709 0.925334 0.736739
v 1.401293 0.785326 0.774751
v 1.336262 0.909970 0.719033
v 1.328201 0.879802 0.779883
v 1.336262 0.909970 0.719033
v 1.401293 0.785326 0.774751
v 1.444296 0.759649 0.762234
v 1.744249 0.575424 0.720460
v 1.636625 0.765730 0.673925
v 1.641781 0.612774 0.770223
v 1.831540 0.350874 0.838715
v 1.905274 0.500228 0.675212
v 1.787386 0.476568 0.748077
v 2.161479 0.485829 0.633282
v 2.061017 0.259202 0.909518
v 2.142166 0.391038 0.743459
v 2.343940 0.209148 0.887170
v 2.375251 0.245878 0.693646
v 2.296761 0.277041 0.789792
v 2.375251 0.245878 0.693646
v 2.400362 0.194851 0.858609
v 2.483308 0.186898 0.710394
v 2.597657 0.118487 0.802493
v 2.483308 0.186898 0.710394
v 2.400362 0.194851 0.858609
v 2.959186 0.153703 0.704443
v 3.032702 0.096995 0.781244
v 3.040330 0.135412 0.656806
v 3.099300 0.068652 0.780426
v 3.040330 0.135412 0.656806
v 3.032702 0.096995 0.781244
v 0.094669 0.295108 0.617651
v 0.053949 0.293172 0.790972
v 0.166775 0.357268 0.775732
v 0.300904 0.439001 0.779046
v 0.188436 0.375196 0.681697
v 0.166775 0.357268 0.775732
v 0.785372 0.849315 0.731323
v 0.684351 0.750049 0.710615
v 0.752700 0.830265 0.773118
v 0.684351 0.750049 0.710615
v 0.785372 0.849315 0.731323
v 0.841192 0.866324 0.695857
v 0.841192 0.866324 0.695857
v 0.785372 0.849315 0.731323
v 0.904294 0.888108 0.789582
v 1.336262 0.909970 0.719033
v 1.306778 0.956782 0.695783
v 1.281709 0.925334 0.736739
v 1.641781 0.612774 0.770223
v 1.636625 0.765730 0.673925
v 1.557866 0.733716 0.714583
v 2.061017 0.259202 0.909518
v 2.161479 0.485829 0.633282
v 1.997820 0.417279 0.727649
v 2.296761 0.277041 0.789792
v 2.241320 0.391570 0.649907
v 2.221611 0.378688 0.706391
v 2.241320 0.391570 0.649907
v 2.296761 0.277041 0.789792
v 2.375251 0.245878 0.693646
v -0.058857 0.200808 0.671382
v 0.053949 0.293172 0.790972
v 0.094669 0.295108 0.617651
v 0.094669 0.295108 0.617651
v 0.166775 0.357268 0.775732
v 0.188436 0.375196 0.681697
v 0.300904 0.439001 0.779046
v 0.402418 0.507330 0.664073
v 0.188436 0.375196 0.681697
v 0.402418 0.507330 0.664073
v 0.300904 0.439001 0.779046
v 0.558510 0.608456 0.633901
v 0.535030 0.598818 0.739534
v 0.558510 0.608456 0.633901
v 0.300904 0.439001 0.779046
v 0.684351 0.750049 0.710615
v 0.685376 0.744746 0.650461
v 0.535030 0.598818 0.739534
v 0.841192 0.866324 0.695857
v 0.958674 0.969681 0.728217
v 0.988955 0.962355 0.688021
v 1.077230 0.954737 0.660306
v 1.069703 0.991104 0.699810
v 1.138949 0.970117 0.701867
v 1.354678 0.949204 0.653925
v 1.336262 0.909970 0.719033
v 1.433239 0.924474 0.648437
v 1.444296 0.759649 0.762234
v 1.433239 0.924474 0.648437
v 1.336262 0.909970 0.719033
v 1.787386 0.476568 0.748077
v 1.771376 0.725966 0.568959
v 1.744249 0.575424 0.720460
v 1.771376 0.725966 0.568959
v 1.787386 0.476568 0.748077
v 1.905274 0.500228 0.675212
v 2.161479 0.485829 0.633282
v 2.142166 0.391038 0.743459
v 2.221611 0.378688 0.706391
v 2.597657 0.118487 0.802493
v 2.693233 0.214925 0.623039
v 2.599271 0.217402 0.626124
v 2.693233 0.214925 0.623039
v 2.597657 0.118487 0.802493
v 2.807732 0.180475 0.672891
v 3.099300 0.068652 0.780426
v 3.050550 0.154692 0.544842
v 3.040330 0.135412 0.656806
v 3.391151 -0.003323 0.939156
v 3.288799 0.115886 0.631987
v 3.223126 0.116049 0.583785
v 3.288799 0.115886 0.631987
v 3.391151 -0.003323 0.939156
v 3.408399 0.120290 0.637125
v 3.408399 0.120290 0.637125
v 3.391151 -0.003323 0.939156
v 3.452023 0.063886 0.757851
v 3.408399 0.120290 0.637125
v 3.452023 0.063886 0.757851
v 3.487387 0.053327 0.729594
v 3.694843 -0.000123 0.700602
v 3.565561 0.084936 0.616149
v 3.645216 -0.000549 0.744983
v -0.355831 0.136761 0.682099
v -0.158215 0.140799 0.792026
v -0.058857 0.200808 0.671382
v 0.685376 0.744746 0.650461
v 0.558510 0.608456 0.633901
v 0.535030 0.598818 0.739534
v 0.684351 0.750049 0.710615
v 0.805363 0.857379 0.654423
v 0.685376 0.744746 0.650461
v 0.805363 0.857379 0.654423
v 0.684351 0.750049 0.710615
v 0.841192 0.866324 0.695857
v 0.841192 0.866324 0.695857
v 0.900836 0.895189 0.654643
v 0.805363 0.857379 0.654423
v 0.900836 0.895189 0.654643
v 0.841192 0.866324 0.695857
v 0.975510 0.938047 0.629054
v 0.988955 0.962355 0.688021
v 0.975510 0.938047 0.629054
v 0.841192 0.866324 0.695857
v 1.069703 0.991104 0.699810
v 1.034106 0.928363 0.633783
v 0.988955 0.962355 0.688021
v 1.034106 0.928363 0.633783
v 1.069703 0.991104 0.699810
v 1.077230 0.954737 0.660306
v 1.138949 0.970117 0.701867
v 1.151211 0.916561 0.658078
v 1.077230 0.954737 0.660306
v 1.151211 0.916561 0.658078
v 1.138949 0.970117 0.701867
v 1.186092 0.930723 0.687665
v 1.246265 0.917808 0.635777
v 1.229483 0.949126 0.680359
v 1.306778 0.956782 0.695783
v 1.444296 0.759649 0.762234
v 1.504002 0.840548 0.625411
v 1.433239 0.924474 0.648437
v 1.533352 0.625040 0.819093
v 1.504002 0.840548 0.625411
v 1.444296 0.759649 0.762234
v 1.504002 0.840548 0.625411
v 1.533352 0.625040 0.819093
v 1.557866 0.733716 0.714583
v 1.687006 0.760235 0.636800
v 1.636625 0.765730 0.673925
v 1.744249 0.575424 0.720460
v 1.905274 0.500228 0.675212
v 1.852472 0.623595 0.612204
v 1.771376 0.725966 0.568959
v 1.905274 0.500228 0.675212
v 1.997820 0.417279 0.727649
v 2.076110 0.618155 0.465921
v 2.161479 0.485829 0.633282
v 2.076110 0.618155 0.465921
v 1.997820 0.417279 0.727649
v 2.241320 0.391570 0.649907
v 2.375251 0.245878 0.693646
v 2.355444 0.329892 0.632337
v 2.528791 0.224694 0.625865
v 2.483308 0.186898 0.710394
v 2.599271 0.217402 0.626124
v 2.597657 0.118487 0.802493
v 2.599271 0.217402 0.626124
v 2.483308 0.186898 0.710394
v -0.058857 0.200808 0.671382
v -0.223239 0.197220 0.540905
v -0.355831 0.136761 0.682099
v 0.046055 0.301588 0.557183
v -0.058857 0.200808 0.671382
v 0.094669 0.295108 0.617651
v 0.188436 0.375196 0.681697
v 0.197004 0.430661 0.622025
v 0.094669 0.295108 0.617651
v 0.188436 0.375196 0.681697
v 0.293612 0.496960 0.620560
v 0.197004 0.430661 0.622025
v 0.293612 0.496960 0.620560
v 0.188436 0.375196 0.681697
v 0.402418 0.507330 0.664073
v 0.402418 0.507330 0.664073
v 0.390152 0.575040 0.609236
v 0.293612 0.496960 0.620560
v 0.558510 0.608456 0.633901
v 0.685376 0.744746 0.650461
v 0.681339 0.709173 0.586319
v 0.681339 0.709173 0.586319
v 0.685376 0.744746 0.650461
v 0.797672 0.828142 0.614337
v 0.805363 0.857379 0.654423
v 0.797672 0.828142 0.614337
v 0.685376 0.744746 0.650461
v 0.900836 0.895189 0.654643
v 0.892197 0.870433 0.616158
v 0.805363 0.857379 0.654423
v 0.975510 0.938047 0.629054
v 0.988955 0.962355 0.688021
v 1.034106 0.928363 0.633783
v 1.034106 0.928363 0.633783
v 1.077230 0.954737 0.660306
v 1.091992 0.952057 0.625408
v 1.091992 0.952057 0.625408
v 1.077230 0.954737 0.660306
v 1.151211 0.916561 0.658078
v 1.151211 0.916561 0.658078
v 1.229483 0.949126 0.680359
v 1.246265 0.917808 0.635777
v 1.609361 0.972074 0.528105
v 1.557866 0.733716 0.714583
v 1.636625 0.765730 0.673925
v 1.744249 0.575424 0.720460
v 1.727892 0.811691 0.602771
v 1.687006 0.760235 0.636800
v 1.727892 0.811691 0.602771
v 1.744249 0.575424 0.720460
v 1.771376 0.725966 0.568959
v 2.161479 0.485829 0.633282
v 2.221611 0.378688 0.706391
v 2.241320 0.391570 0.649907
v 2.292344 0.542546 0.550228
v 2.241320 0.391570 0.649907
v 2.355444 0.329892 0.632337
v 2.375251 0.245878 0.693646
v 2.483308 0.186898 0.710394
v 2.484560 0.307993 0.588337
v 2.959186 0.153703 0.704443
v 2.917806 0.233666 0.530901
v 2.807732 0.180475 0.672891
v 3.487387 0.053327 0.729594
v 3.454603 0.105797 0.577853
v 3.408399 0.120290 0.637125
v 3.454603 0.105797 0.577853
v 3.487387 0.053327 0.729594
v 3.565561 0.084936 0.616149
v 3.565561 0.084936 0.616149
v 3.487387 0.053327 0.729594
v 3.537860 0.061816 0.700740
v 3.645216 -0.000549 0.744983
v 3.565561 0.084936 0.616149
v 3.537860 0.061816 0.700740
v -0.790400 -0.000998 0.713681
v -0.355831 0.136761 0.682099
v -0.597410 0.092691 0.435596
v 0.123067 0.333650 0.561464
v 0.094669 0.295108 0.617651
v 0.197004 0.430661 0.622025
v 0.293612 0.496960 0.620560
v 0.243420 0.438777 0.592064
v 0.197004 0.430661 0.622025
v 0.402418 0.507330 0.664073
v 0.504697 0.590283 0.614017
v 0.390152 0.575040 0.609236
v 0.504697 0.590283 0.614017
v 0.402418 0.507330 0.664073
v 0.558510 0.608456 0.633901
v 0.558510 0.608456 0.633901
v 0.565884 0.639816 0.559938
v 0.504697 0.590283 0.614017
v 0.805363 0.857379 0.654423
v 0.833680 0.830387 0.599705
v 0.797672 0.828142 0.614337
v 0.833680 0.830387 0.599705
v 0.805363 0.857379 0.654423
v 0.892197 0.870433 0.616158
v 0.900836 0.895189 0.654643
v 0.975510 0.938047 0.629054
v 0.892197 0.870433 0.616158
v 1.151211 0.916561 0.658078
v 1.105224 0.913404 0.575141
v 1.091992 0.952057 0.625408
v 1.246265 0.917808 0.635777
v 1.169802 0.822972 0.554677
v 1.151211 0.916561 0.658078
v 1.852472 0.623595 0.612204
v 1.845894 0.826451 0.476305
v 1.771376 0.725966 0.568959
v 2.204645 0.514882 0.595205
v 2.161479 0.485829 0.633282
v 2.241320 0.391570 0.649907
v 2.375251 0.245878 0.693646
v 2.413607 0.410651 0.524194
v 2.355444 0.329892 0.632337
v 2.413607 0.410651 0.524194
v 2.375251 0.245878 0.693646
v 2.484560 0.307993 0.588337
v 2.483308 0.186898 0.710394
v 2.528791 0.224694 0.625865
v 2.484560 0.307993 0.588337
v 2.968273 0.232693 0.576125
v 2.959186 0.153703 0.704443
v 3.040330 0.135412 0.656806
v 3.223126 0.116049 0.583785
v 3.173951 0.154494 0.508700
v 3.050550 0.154692 0.544842
v 3.565561 0.084936 0.616149
v 3.694843 -0.000123 0.700602
v 3.750113 -0.000659 0.548375
v -0.790400 -0.000998 0.713681
v -0.597410 0.092691 0.435596
v -0.816624 0.012972 0.493671
v -0.355831 0.136761 0.682099
v -0.223239 0.197220 0.540905
v -0.597410 0.092691 0.435596
v -0.058857 0.200808 0.671382
v -0.009525 0.260204 0.510463
v -0.223239 0.197220 0.540905
v -0.009525 0.260204 0.510463
v -0.058857 0.200808 0.671382
v 0.046055 0.301588 0.557183
v 0.094669 0.295108 0.617651
v 0.123067 0.333650 0.561464
v 0.046055 0.301588 0.557183
v 0.197004 0.430661 0.622025
v 0.215416 0.402335 0.562832
v 0.123067 0.333650 0.561464
v 0.215416 0.402335 0.562832
v 0.197004 0.430661 0.622025
v 0.243420 0.438777 0.592064
v 0.293612 0.496960 0.620560
v 0.374948 0.578463 0.558986
v 0.243420 0.438777 0.592064
v 0.390152 0.575040 0.609236
v 0.374948 0.578463 0.558986
v 0.293612 0.496960 0.620560
v 0.390152 0.575040 0.609236
v 0.493957 0.643695 0.579025
v 0.374948 0.578463 0.558986
v 0.493957 0.643695 0.579025
v 0.390152 0.575040 0.609236
v 0.504697 0.590283 0.614017
v 0.493957 0.643695 0.579025
v 0.504697 0.590283 0.614017
v 0.565884 0.639816 0.559938
v 0.731898 0.765063 0.561373
v 0.681339 0.709173 0.586319
v 0.797672 0.828142 0.614337
v 0.833680 0.830387 0.599705
v 0.822930 0.786919 0.533434
v 0.797672 0.828142 0.614337
v 0.892197 0.870433 0.616158
v 0.868326 0.865357 0.562847
v 0.833680 0.830387 0.599705
v 0.868326 0.865357 0.562847
v 0.892197 0.870433 0.616158
v 0.928334 0.860336 0.577603
v 0.975510 0.938047 0.629054
v 0.928334 0.860336 0.577603
v 0.892197 0.870433 0.616158
v 0.985394 0.832766 0.539473
v 0.975510 0.938047 0.629054
v 1.034106 0.928363 0.633783
v 1.091992 0.952057 0.625408
v 1.105224 0.913404 0.575141
v 1.034106 0.928363 0.633783
v 1.169802 0.822972 0.554677
v 1.105224 0.913404 0.575141
v 1.151211 0.916561 0.658078
v 1.246265 0.917808 0.635777
v 1.269596 0.943652 0.592060
v 1.169802 0.822972 0.554677
v 1.687006 0.760235 0.636800
v 1.609361 0.972074 0.528105
v 1.636625 0.765730 0.673925
v 1.609361 0.972074 0.528105
v 1.687006 0.760235 0.636800
v 1.691855 0.921068 0.521433
v 1.691855 0.921068 0.521433
v 1.687006 0.760235 0.636800
v 1.727892 0.811691 0.602771
v 1.852472 0.623595 0.612204
v 1.905274 0.500228 0.675212
v 1.925157 0.639594 0.526391
v 2.959186 0.153703 0.704443
v 2.968273 0.232693 0.576125
v 2.917806 0.233666 0.530901
v 2.968273 0.232693 0.576125
v 3.040330 0.135412 0.656806
v 3.050550 0.154692 0.544842
v 3.288799 0.115886 0.631987
v 3.276727 0.148031 0.505522
v 3.223126 0.116049 0.583785
v 3.408399 0.120290 0.637125
v 3.376649 0.135291 0.566714
v 3.288799 0.115886 0.631987
v 3.376649 0.135291 0.566714
v 3.408399 0.120290 0.637125
v 3.454603 0.105797 0.577853
v 0.374948 0.578463 0.558986
v 0.215416 0.402335 0.562832
v 0.243420 0.438777 0.592064
v 0.501111 0.657804 0.552778
v 0.374948 0.578463 0.558986
v 0.493957 0.643695 0.579025
v 0.501111 0.657804 0.552778
v 0.493957 0.643695 0.579025
v 0.565884 0.639816 0.559938
v 0.558510 0.608456 0.633901
v 0.681339 0.709173 0.586319
v 0.565884 0.639816 0.559938
v 0.797672 0.828142 0.614337
v 0.771342 0.723907 0.509118
v 0.731898 0.765063 0.561373
v 0.771342 0.723907 0.509118
v 0.797672 0.828142 0.614337
v 0.822930 0.786919 0.533434
v 0.833680 0.830387 0.599705
v 0.868326 0.865357 0.562847
v 0.822930 0.786919 0.533434
v 1.691855 0.921068 0.521433
v 1.727892 0.811691 0.602771
v 1.734224 0.854076 0.553108
v 1.734224 0.854076 0.553108
v 1.727892 0.811691 0.602771
v 1.771376 0.725966 0.568959
v 1.925157 0.639594 0.526391
v 1.905274 0.500228 0.675212
v 2.076110 0.618155 0.465921
v 2.241320 0.391570 0.649907
v 2.235316 0.618359 0.543242
v 2.204645 0.514882 0.595205
v 2.235316 0.618359 0.543242
v 2.241320 0.391570 0.649907
v 2.292344 0.542546 0.550228
v 2.355444 0.329892 0.632337
v 2.314094 0.670943 0.458616
v 2.292344 0.542546 0.550228
v 2.314094 0.670943 0.458616
v 2.355444 0.329892 0.632337
v 2.413607 0.410651 0.524194
v 2.528791 0.224694 0.625865
v 2.550348 0.324788 0.537011
v 2.484560 0.307993 0.588337
v 2.550348 0.324788 0.537011
v 2.528791 0.224694 0.625865
v 2.599271 0.217402 0.626124
v 2.693233 0.214925 0.623039
v 2.631913 0.393942 0.429521
v 2.599271 0.217402 0.626124
v 2.708470 0.335125 0.446859
v 2.693233 0.214925 0.623039
v 2.807732 0.180475 0.672891
v 2.917806 0.233666 0.530901
v 2.896508 0.268475 0.448964
v 2.807732 0.180475 0.672891
v 3.276727 0.148031 0.505522
v 3.288799 0.115886 0.631987
v 3.376649 0.135291 0.566714
v 3.526953 0.127324 0.527874
v 3.454603 0.105797 0.577853
v 3.565561 0.084936 0.616149
v 0.123067 0.333650 0.561464
v 0.215416 0.402335 0.562832
v 0.242755 0.343151 0.450692
v 0.705296 0.707843 0.519518
v 0.681339 0.709173 0.586319
v 0.731898 0.765063 0.561373
v 0.928334 0.860336 0.577603
v 0.907571 0.737571 0.469542
v 0.868326 0.865357 0.562847
v 0.907571 0.737571 0.469542
v 0.928334 0.860336 0.577603
v 0.975510 0.938047 0.629054
v 1.010391 0.711349 0.464864
v 0.985394 0.832766 0.539473
v 1.034106 0.928363 0.633783
v 1.034106 0.928363 0.633783
v 1.086394 0.756460 0.505375
v 1.010391 0.711349 0.464864
v 1.105224 0.913404 0.575141
v 1.086394 0.756460 0.505375
v 1.034106 0.928363 0.633783
v 1.086394 0.756460 0.505375
v 1.105224 0.913404 0.575141
v 1.145372 0.801599 0.530139
v 1.145372 0.801599 0.530139
v 1.105224 0.913404 0.575141
v 1.169802 0.822972 0.554677
v 1.852472 0.623595 0.612204
v 1.925157 0.639594 0.526391
v 1.845894 0.826451 0.476305
v 2.204645 0.514882 0.595205
v 2.207458 0.646249 0.464431
v 2.161479 0.485829 0.633282
v 2.207458 0.646249 0.464431
v 2.204645 0.514882 0.595205
v 2.235316 0.618359 0.543242
v 2.484560 0.307993 0.588337
v 2.507727 0.446103 0.491613
v 2.413607 0.410651 0.524194
v 2.507727 0.446103 0.491613
v 2.484560 0.307993 0.588337
v 2.550348 0.324788 0.537011
v 2.917806 0.233666 0.530901
v 2.968273 0.232693 0.576125
v 2.960602 0.222082 0.533240
v 2.960602 0.222082 0.533240
v 2.968273 0.232693 0.576125
v 3.050550 0.154692 0.544842
v 3.454603 0.105797 0.577853
v 3.433853 0.140247 0.494210
v 3.376649 0.135291 0.566714
v 3.433853 0.140247 0.494210
v 3.454603 0.105797 0.577853
v 3.526953 0.127324 0.527874
v -0.790400 -0.000998 0.713681
v -0.816624 0.012972 0.493671
v -0.977127 0.000480 0.494422
v 0.123067 0.333650 0.561464
v -0.009525 0.260204 0.510463
v 0.046055 0.301588 0.557183
v 0.374948 0.578463 0.558986
v 0.351267 0.397810 0.402408
v 0.215416 0.402335 0.562832
v 0.501111 0.657804 0.552778
v 0.405673 0.511727 0.492356
v 0.374948 0.578463 0.558986
v 0.681339 0.709173 0.586319
v 0.606381 0.645061 0.496575
v 0.565884 0.639816 0.559938
v 0.606381 0.645061 0.496575
v 0.681339 0.709173 0.586319
v 0.673312 0.675428 0.479058
v 0.673312 0.675428 0.479058
v 0.681339 0.709173 0.586319
v 0.705296 0.707843 0.519518
v 0.705296 0.707843 0.519518
v 0.731898 0.765063 0.561373
v 0.771342 0.723907 0.509118
v 0.868326 0.865357 0.562847
v 0.891998 0.664343 0.431741
v 0.822930 0.786919 0.533434
v 0.907571 0.737571 0.469542
v 0.975510 0.938047 0.629054
v 0.985394 0.832766 0.539473
v 1.256198 0.935032 0.521502
v 1.306668 1.015704 0.544333
v 1.313047 0.957404 0.452763
v 1.339934 1.051340 0.532001
v 1.313047 0.957404 0.452763
v 1.306668 1.015704 0.544333
v 1.313047 0.957404 0.452763
v 1.339934 1.051340 0.532001
v 1.402663 1.029667 0.497406
v 1.402663 1.029667 0.497406
v 1.339934 1.051340 0.532001
v 1.407787 1.045017 0.538595
v 1.402663 1.029667 0.497406
v 1.407787 1.045017 0.538595
v 1.440082 1.012982 0.531547
v 1.732706 0.844431 0.487666
v 1.691855 0.921068 0.521433
v 1.734224 0.854076 0.553108
v 1.771376 0.725966 0.568959
v 1.732706 0.844431 0.487666
v 1.734224 0.854076 0.553108
v 2.599271 0.217402 0.626124
v 2.631913 0.393942 0.429521
v 2.550348 0.324788 0.537011
v 2.896508 0.268475 0.448964
v 2.708470 0.335125 0.446859
v 2.807732 0.180475 0.672891
v 2.960602 0.222082 0.533240
v 2.942516 0.263995 0.482287
v 2.917806 0.233666 0.530901
v 2.942516 0.263995 0.482287
v 2.960602 0.222082 0.533240
v 3.049122 0.179318 0.467512
v 3.050550 0.154692 0.544842
v 3.049122 0.179318 0.467512
v 2.960602 0.222082 0.533240
v 3.173951 0.154494 0.508700
v 3.049122 0.179318 0.467512
v 3.050550 0.154692 0.544842
v 3.173951 0.154494 0.508700
v 3.223126 0.116049 0.583785
v 3.276727 0.148031 0.505522
v 3.376649 0.135291 0.566714
v 3.288749 0.172865 0.456555
v 3.276727 0.148031 0.505522
v 3.648274 0.055034 0.462596
v 3.526953 0.127324 0.527874
v 3.565561 0.084936 0.616149
v -0.822861 0.075198 0.448674
v -0.977127 0.000480 0.494422
v -0.816624 0.012972 0.493671
v -0.689067 0.065449 0.443793
v -0.816624 0.012972 0.493671
v -0.597410 0.092691 0.435596
v 0.123067 0.333650 0.561464
v 0.242755 0.343151 0.450692
v -0.009525 0.260204 0.510463
v 0.242755 0.343151 0.450692
v 0.215416 0.402335 0.562832
v 0.351267 0.397810 0.402408
v 0.351267 0.397810 0.402408
v 0.374948 0.578463 0.558986
v 0.405673 0.511727 0.492356
v 0.405673 0.511727 0.492356
v 0.501111 0.657804 0.552778
v 0.526504 0.527317 0.450341
v 0.526504 0.527317 0.450341
v 0.501111 0.657804 0.552778
v 0.565884 0.639816 0.559938
v 0.891998 0.664343 0.431741
v 0.868326 0.865357 0.562847
v 0.907571 0.737571 0.469542
v 0.985394 0.832766 0.539473
v 1.010391 0.711349 0.464864
v 0.907571 0.737571 0.469542
v 1.256198 0.935032 0.521502
v 1.215127 0.842851 0.444782
v 1.145372 0.801599 0.530139
v 1.402663 1.029667 0.497406
v 1.369396 0.967841 0.448656
v 1.313047 0.957404 0.452763
v 1.440082 1.012982 0.531547
v 1.403860 0.946511 0.440772
v 1.402663 1.029667 0.497406
v 1.403860 0.946511 0.440772
v 1.440082 1.012982 0.531547
v 1.536539 0.950053 0.519908
v 1.536539 0.950053 0.519908
v 1.512875 0.920604 0.434999
v 1.403860 0.946511 0.440772
v 1.596514 0.959902 0.479020
v 1.609361 0.972074 0.528105
v 1.691855 0.921068 0.521433
v 1.691855 0.921068 0.521433
v 1.672687 0.918774 0.472036
v 1.596514 0.959902 0.479020
v 1.672687 0.918774 0.472036
v 1.691855 0.921068 0.521433
v 1.732706 0.844431 0.487666
v 1.779065 0.900204 0.447541
v 1.732706 0.844431 0.487666
v 1.845894 0.826451 0.476305
v 1.771376 0.725966 0.568959
v 1.845894 0.826451 0.476305
v 1.732706 0.844431 0.487666
v 1.925157 0.639594 0.526391
v 1.889980 0.781317 0.459008
v 1.845894 0.826451 0.476305
v 1.889980 0.781317 0.459008
v 1.925157 0.639594 0.526391
v 1.908804 0.746692 0.432280
v 2.161479 0.485829 0.633282
v 2.207458 0.646249 0.464431
v 2.076110 0.618155 0.465921
v 2.456763 0.572588 0.393288
v 2.413607 0.410651 0.524194
v 2.507727 0.446103 0.491613
v 2.693233 0.214925 0.623039
v 2.708470 0.335125 0.446859
v 2.631913 0.393942 0.429521
v 2.917806 0.233666 0.530901
v 2.942516 0.263995 0.482287
v 2.896508 0.268475 0.448964
v 3.288749 0.172865 0.456555
v 3.376649 0.135291 0.566714
v 3.433853 0.140247 0.494210
v 3.750113 -0.000659 0.548375
v 3.648274 0.055034 0.462596
v 3.565561 0.084936 0.616149
v 0.606381 0.645061 0.496575
v 0.526504 0.527317 0.450341
v 0.565884 0.639816 0.559938
v 0.526504 0.527317 0.450341
v 0.606381 0.645061 0.496575
v 0.673312 0.675428 0.479058
v 0.822930 0.786919 0.533434
v 0.842411 0.681396 0.433830
v 0.771342 0.723907 0.509118
v 0.842411 0.681396 0.433830
v 0.822930 0.786919 0.533434
v 0.891998 0.664343 0.431741
v 0.891998 0.664343 0.431741
v 0.907571 0.737571 0.469542
v 1.010391 0.711349 0.464864
v 1.086394 0.756460 0.505375
v 1.037546 0.704076 0.438976
v 1.010391 0.711349 0.464864
v 1.037546 0.704076 0.438976
v 1.086394 0.756460 0.505375
v 1.128444 0.766763 0.442340
v 1.145372 0.801599 0.530139
v 1.128444 0.766763 0.442340
v 1.086394 0.756460 0.505375
v 1.215127 0.842851 0.444782
v 1.128444 0.766763 0.442340
v 1.145372 0.801599 0.530139
v 1.215127 0.842851 0.444782
v 1.256198 0.935032 0.521502
v 1.313047 0.957404 0.452763
v 1.402663 1.029667 0.497406
v 1.403860 0.946511 0.440772
v 1.369396 0.967841 0.448656
v 1.512875 0.920604 0.434999
v 1.536539 0.950053 0.519908
v 1.596514 0.959902 0.479020
v 1.925157 0.639594 0.526391
v 1.969160 0.806535 0.343251
v 1.908804 0.746692 0.432280
v 1.969160 0.806535 0.343251
v 1.925157 0.639594 0.526391
v 2.076110 0.618155 0.465921
v 2.550348 0.324788 0.537011
v 2.507921 0.534559 0.345669
v 2.507727 0.446103 0.491613
v 2.507921 0.534559 0.345669
v 2.550348 0.324788 0.537011
v 2.631913 0.393942 0.429521
v 2.708470 0.335125 0.446859
v 2.896508 0.268475 0.448964
v 2.795252 0.315865 0.414213
v 3.049122 0.179318 0.467512
v 2.937581 0.259135 0.414309
v 2.942516 0.263995 0.482287
v 3.276727 0.148031 0.505522
v 3.288749 0.172865 0.456555
v 3.173951 0.154494 0.508700
v 3.409118 0.141743 0.439281
v 3.288749 0.172865 0.456555
v 3.433853 0.140247 0.494210
v 3.433853 0.140247 0.494210
v 3.526953 0.127324 0.527874
v 3.648274 0.055034 0.462596
v 3.648274 0.055034 0.462596
v 3.409118 0.141743 0.439281
v 3.433853 0.140247 0.494210
v 3.648274 0.055034 0.462596
v 3.750113 -0.000659 0.548375
v 3.754806 0.014597 0.380706
v -1.008142 0.000000 0.378597
v -0.977127 0.000480 0.494422
v -0.822861 0.075198 0.448674
v -0.822861 0.075198 0.448674
v -0.816624 0.012972 0.493671
v -0.689067 0.065449 0.443793
v -0.689067 0.065449 0.443793
v -0.701697 0.129484 0.414616
v -0.822861 0.075198 0.448674
v -0.223239 0.197220 0.540905
v -0.460162 0.140114 0.397767
v -0.597410 0.092691 0.435596
v 0.351267 0.397810 0.402408
v 0.405673 0.511727 0.492356
v 0.487936 0.489562 0.425252
v 0.526504 0.527317 0.450341
v 0.487936 0.489562 0.425252
v 0.405673 0.511727 0.492356
v 0.673312 0.675428 0.479058
v 0.650624 0.597813 0.411438
v 0.526504 0.527317 0.450341
v 0.650624 0.597813 0.411438
v 0.673312 0.675428 0.479058
v 0.705296 0.707843 0.519518
v 0.792611 0.622823 0.406389
v 0.705296 0.707843 0.519518
v 0.771342 0.723907 0.509118
v 0.792611 0.622823 0.406389
v 0.771342 0.723907 0.509118
v 0.842411 0.681396 0.433830
v 1.010391 0.711349 0.464864
v 0.958160 0.648556 0.402079
v 0.891998 0.664343 0.431741
v 0.958160 0.648556 0.402079
v 1.010391 0.711349 0.464864
v 1.037546 0.704076 0.438976
v 1.269470 0.905732 0.392074
v 1.215127 0.842851 0.444782
v 1.313047 0.957404 0.452763
v 1.672687 0.918774 0.472036
v 1.626750 0.950466 0.412507
v 1.596514 0.959902 0.479020
v 1.845894 0.826451 0.476305
v 1.838978 0.876005 0.412621
v 1.779065 0.900204 0.447541
v 1.838978 0.876005 0.412621
v 1.845894 0.826451 0.476305
v 1.889980 0.781317 0.459008
v 2.076110 0.618155 0.465921
v 2.032034 0.722337 0.367051
v 1.969160 0.806535 0.343251
v 2.942516 0.263995 0.482287
v 2.937581 0.259135 0.414309
v 2.896508 0.268475 0.448964
v 3.173951 0.154494 0.508700
v 3.050861 0.236576 0.272257
v 3.049122 0.179318 0.467512
v 3.173951 0.154494 0.508700
v 3.288749 0.172865 0.456555
v 3.188588 0.211997 0.418418
v -0.822861 0.075198 0.448674
v -0.712027 0.156690 0.342242
v -0.799435 0.122187 0.330629
v -0.712027 0.156690 0.342242
v -0.822861 0.075198 0.448674
v -0.701697 0.129484 0.414616
v -0.701697 0.129484 0.414616
v -0.689067 0.065449 0.443793
v -0.623095 0.138965 0.381649
v -0.597410 0.092691 0.435596
v -0.623095 0.138965 0.381649
v -0.689067 0.065449 0.443793
v -0.597410 0.092691 0.435596
v -0.569914 0.112501 0.405388
v -0.623095 0.138965 0.381649
v -0.569914 0.112501 0.405388
v -0.597410 0.092691 0.435596
v -0.460162 0.140114 0.397767
v -0.460162 0.140114 0.397767
v -0.223239 0.197220 0.540905
v -0.312885 0.190905 0.358740
v 0.222991 0.353736 0.256452
v -0.009525 0.260204 0.510463
v 0.242755 0.343151 0.450692
v 0.222991 0.353736 0.256452
v 0.242755 0.343151 0.450692
v 0.351267 0.397810 0.402408
v 0.576612 0.564480 0.380811
v 0.526504 0.527317 0.450341
v 0.650624 0.597813 0.411438
v 0.650624 0.597813 0.411438
v 0.705296 0.707843 0.519518
v 0.792611 0.622823 0.406389
v 0.842411 0.681396 0.433830
v 0.842587 0.668958 0.406402
v 0.792611 0.622823 0.406389
v 0.842587 0.668958 0.406402
v 0.842411 0.681396 0.433830
v 0.891998 0.664343 0.431741
v 0.891998 0.664343 0.431741
v 0.861503 0.622570 0.377116
v 0.842587 0.668958 0.406402
v 0.891998 0.664343 0.431741
v 0.958160 0.648556 0.402079
v 0.861503 0.622570 0.377116
v 1.128444 0.766763 0.442340
v 1.112068 0.774727 0.381197
v 1.037546 0.704076 0.438976
v 1.128444 0.766763 0.442340
v 1.156594 0.805584 0.371626
v 1.112068 0.774727 0.381197
v 1.156594 0.805584 0.371626
v 1.128444 0.766763 0.442340
v 1.215127 0.842851 0.444782
v 1.156594 0.805584 0.371626
v 1.215127 0.842851 0.444782
v 1.269470 0.905732 0.392074
v 1.269470 0.905732 0.392074
v 1.313047 0.957404 0.452763
v 1.338420 0.964636 0.400826
v 1.338420 0.964636 0.400826
v 1.313047 0.957404 0.452763
v 1.369396 0.967841 0.448656
v 1.338420 0.964636 0.400826
v 1.369396 0.967841 0.448656
v 1.403860 0.946511 0.440772
v 1.403860 0.946511 0.440772
v 1.392836 0.938645 0.399266
v 1.338420 0.964636 0.400826
v 1.392836 0.938645 0.399266
v 1.403860 0.946511 0.440772
v 1.452208 0.952779 0.411380
v 1.512875 0.920604 0.434999
v 1.452208 0.952779 0.411380
v 1.403860 0.946511 0.440772
v 1.838978 0.876005 0.412621
v 1.889980 0.781317 0.459008
v 1.908804 0.746692 0.432280
v 2.456763 0.572588 0.393288
v 2.507727 0.446103 0.491613
v 2.507921 0.534559 0.345669
v 2.708470 0.335125 0.446859
v 2.660158 0.427206 0.331137
v 2.631913 0.393942 0.429521
v 2.896508 0.268475 0.448964
v 2.857635 0.323012 0.384338
v 2.795252 0.315865 0.414213
v 2.857635 0.323012 0.384338
v 2.896508 0.268475 0.448964
v 2.937581 0.259135 0.414309
v 3.409118 0.141743 0.439281
v 3.350739 0.199750 0.365390
v 3.288749 0.172865 0.456555
v 3.648274 0.055034 0.462596
v 3.754806 0.014597 0.380706
v 3.409118 0.141743 0.439281
v 3.750113 -0.000659 0.548375
v 3.834111 -0.001085 0.377387
v 3.754806 0.014597 0.380706
v -0.822861 0.075198 0.448674
v -0.799435 0.122187 0.330629
v -1.008142 0.000000 0.378597
v -0.569914 0.112501 0.405388
v -0.548249 0.199973 0.373434
v -0.623095 0.138965 0.381649
v -0.548249 0.199973 0.373434
v -0.569914 0.112501 0.405388
v -0.460162 0.140114 0.397767
v -0.460162 0.140114 0.397767
v -0.469885 0.251634 0.355746
v -0.548249 0.199973 0.373434
v -0.223239 0.197220 0.540905
v -0.177922 0.232676 0.335206
v -0.312885 0.190905 0.358740
v -0.177922 0.232676 0.335206
v -0.223239 0.197220 0.540905
v -0.009525 0.260204 0.510463
v 0.487936 0.489562 0.425252
v 0.429981 0.429661 0.342647
v 0.351267 0.397810 0.402408
v 0.506168 0.521114 0.368405
v 0.487936 0.489562 0.425252
v 0.526504 0.527317 0.450341
v 0.526504 0.527317 0.450341
v 0.576612 0.564480 0.380811
v 0.506168 0.521114 0.368405
v 1.368778 0.891719 0.367224
v 1.338420 0.964636 0.400826
v 1.392836 0.938645 0.399266
v 1.452208 0.952779 0.411380
v 1.458506 0.986314 0.378901
v 1.392836 0.938645 0.399266
v 1.823193 1.017282 0.322669
v 1.838978 0.876005 0.412621
v 1.908804 0.746692 0.432280
v 3.049122 0.179318 0.467512
v 3.050861 0.236576 0.272257
v 2.937581 0.259135 0.414309
v 3.288749 0.172865 0.456555
v 3.234162 0.268251 0.355575
v 3.188588 0.211997 0.418418
v 3.409118 0.141743 0.439281
v 3.421656 0.170055 0.331444
v 3.350739 0.199750 0.365390
v 3.754806 0.014597 0.380706
v 3.538378 0.115136 0.291573
v 3.409118 0.141743 0.439281
v 3.834111 -0.001085 0.377387
v 3.847003 0.031671 0.292592
v 3.754806 0.014597 0.380706
v -0.701697 0.129484 0.414616
v -0.632551 0.178875 0.309557
v -0.712027 0.156690 0.342242
v -0.632551 0.178875 0.309557
v -0.701697 0.129484 0.414616
v -0.623095 0.138965 0.381649
v -0.460162 0.140114 0.397767
v -0.410666 0.253198 0.350228
v -0.469885 0.251634 0.355746
v -0.410666 0.253198 0.350228
v -0.460162 0.140114 0.397767
v -0.366530 0.214243 0.341024
v -0.312885 0.190905 0.358740
v -0.366530 0.214243 0.341024
v -0.460162 0.140114 0.397767
v 0.000988 0.292036 0.288666
v -0.177922 0.232676 0.335206
v -0.009525 0.260204 0.510463
v 0.000988 0.292036 0.288666
v -0.009525 0.260204 0.510463
v 0.222991 0.353736 0.256452
v 0.422297 0.419098 0.237918
v 0.351267 0.397810 0.402408
v 0.429981 0.429661 0.342647
v 0.487936 0.489562 0.425252
v 0.506168 0.521114 0.368405
v 0.429981 0.429661 0.342647
v 0.650624 0.597813 0.411438
v 0.599352 0.490025 0.318443
v 0.576612 0.564480 0.380811
v 0.599352 0.490025 0.318443
v 0.650624 0.597813 0.411438
v 0.646908 0.547522 0.338694
v 0.792611 0.622823 0.406389
v 0.755253 0.534568 0.307526
v 0.650624 0.597813 0.411438
v 0.842587 0.668958 0.406402
v 0.818468 0.567947 0.311728
v 0.792611 0.622823 0.406389
v 0.818468 0.567947 0.311728
v 0.842587 0.668958 0.406402
v 0.861503 0.622570 0.377116
v 0.982407 0.620577 0.318777
v 0.958160 0.648556 0.402079
v 1.087317 0.721819 0.331918
v 1.037546 0.704076 0.438976
v 1.087317 0.721819 0.331918
v 0.958160 0.648556 0.402079
v 1.087317 0.721819 0.331918
v 1.037546 0.704076 0.438976
v 1.112068 0.774727 0.381197
v 1.269470 0.905732 0.392074
v 1.252320 0.847780 0.337492
v 1.156594 0.805584 0.371626
v 1.269470 0.905732 0.392074
v 1.306563 0.817398 0.324002
v 1.252320 0.847780 0.337492
v 1.306563 0.817398 0.324002
v 1.269470 0.905732 0.392074
v 1.338420 0.964636 0.400826
v 1.392836 0.938645 0.399266
v 1.429774 0.976280 0.329552
v 1.368778 0.891719 0.367224
v 1.429774 0.976280 0.329552
v 1.392836 0.938645 0.399266
v 1.458506 0.986314 0.378901
v 1.470694 0.974020 0.349666
v 1.458506 0.986314 0.378901
v 1.539649 0.936307 0.388433
v 1.908804 0.746692 0.432280
v 1.894503 0.881160 0.314919
v 1.823193 1.017282 0.322669
v 1.894503 0.881160 0.314919
v 1.908804 0.746692 0.432280
v 1.969160 0.806535 0.343251
v 2.076110 0.618155 0.465921
v 2.055387 0.786820 0.310831
v 2.032034 0.722337 0.367051
v 2.660158 0.427206 0.331137
v 2.708470 0.335125 0.446859
v 2.793194 0.373711 0.331849
v 2.795252 0.315865 0.414213
v 2.793194 0.373711 0.331849
v 2.708470 0.335125 0.446859
v 2.793194 0.373711 0.331849
v 2.795252 0.315865 0.414213
v 2.857635 0.323012 0.384338
v 2.937581 0.259135 0.414309
v 2.938138 0.299713 0.273621
v 2.857635 0.323012 0.384338
v 2.938138 0.299713 0.273621
v 2.937581 0.259135 0.414309
v 3.050861 0.236576 0.272257
v 3.050861 0.236576 0.272257
v 3.173951 0.154494 0.508700
v 3.188588 0.211997 0.418418
v 3.188588 0.211997 0.418418
v 3.193831 0.256490 0.274872
v 3.050861 0.236576 0.272257
v 3.193831 0.256490 0.274872
v 3.188588 0.211997 0.418418
v 3.234162 0.268251 0.355575
v 3.234162 0.268251 0.355575
v 3.288749 0.172865 0.456555
v 3.350739 0.199750 0.365390
v 3.538378 0.115136 0.291573
v 3.421656 0.170055 0.331444
v 3.409118 0.141743 0.439281
v -0.799435 0.122187 0.330629
v -0.858374 0.071366 0.292846
v -1.008142 0.000000 0.378597
v -0.548249 0.199973 0.373434
v -0.565635 0.195042 0.295530
v -0.623095 0.138965 0.381649
v -0.410666 0.253198 0.350228
v -0.423497 0.274087 0.309037
v -0.469885 0.251634 0.355746
v -0.312885 0.190905 0.358740
v -0.256570 0.326387 0.311604
v -0.366530 0.214243 0.341024
v -0.177922 0.232676 0.335206
v -0.256570 0.326387 0.311604
v -0.312885 0.190905 0.358740
v 0.351267 0.397810 0.402408
v 0.422297 0.419098 0.237918
v 0.222991 0.353736 0.256452
v 0.429981 0.429661 0.342647
v 0.506168 0.521114 0.368405
v 0.516298 0.459923 0.323130
v 0.576612 0.564480 0.380811
v 0.516298 0.459923 0.323130
v 0.506168 0.521114 0.368405
v 0.516298 0.459923 0.323130
v 0.576612 0.564480 0.380811
v 0.599352 0.490025 0.318443
v 0.650624 0.597813 0.411438
v 0.755253 0.534568 0.307526
v 0.646908 0.547522 0.338694
v 0.755253 0.534568 0.307526
v 0.792611 0.622823 0.406389
v 0.818468 0.567947 0.311728
v 0.958160 0.648556 0.402079
v 0.818468 0.567947 0.311728
v 0.861503 0.622570 0.377116
v 0.818468 0.567947 0.311728
v 0.958160 0.648556 0.402079
v 0.982407 0.620577 0.318777
v 1.087317 0.721819 0.331918
v 1.112068 0.774727 0.381197
v 1.108859 0.684509 0.286075
v 1.108859 0.684509 0.286075
v 1.112068 0.774727 0.381197
v 1.156594 0.805584 0.371626
v 1.257406 0.771404 0.292544
v 1.156594 0.805584 0.371626
v 1.252320 0.847780 0.337492
v 1.306563 0.817398 0.324002
v 1.338420 0.964636 0.400826
v 1.368778 0.891719 0.367224
v 1.470694 0.974020 0.349666
v 1.530443 0.940176 0.353426
v 1.429774 0.976280 0.329552
v 1.517308 0.908770 0.303970
v 1.530443 0.940176 0.353426
v 1.561475 0.954276 0.332404
v 1.969160 0.806535 0.343251
v 2.032034 0.722337 0.367051
v 2.055387 0.786820 0.310831
v 2.792286 0.418577 0.259176
v 2.660158 0.427206 0.331137
v 2.793194 0.373711 0.331849
v 3.234162 0.268251 0.355575
v 3.233899 0.298311 0.273590
v 3.193831 0.256490 0.274872
v 3.350739 0.199750 0.365390
v 3.307682 0.261721 0.307051
v 3.234162 0.268251 0.355575
v 3.307682 0.261721 0.307051
v 3.350739 0.199750 0.365390
v 3.354787 0.220475 0.278323
v 3.538378 0.115136 0.291573
v 3.463290 0.146858 0.265817
v 3.421656 0.170055 0.331444
v 3.847003 0.031671 0.292592
v 3.834111 -0.001085 0.377387
v 3.912090 -0.000209 0.321839
v -1.008142 0.000000 0.378597
v -1.049557 -0.000712 0.244208
v -1.090477 0.000257 0.148946
v -0.623095 0.138965 0.381649
v -0.565635 0.195042 0.295530
v -0.632551 0.178875 0.309557
v -0.469885 0.251634 0.355746
v -0.565635 0.195042 0.295530
v -0.548249 0.199973 0.373434
v -0.565635 0.195042 0.295530
v -0.469885 0.251634 0.355746
v -0.423497 0.274087 0.309037
v -0.366530 0.214243 0.341024
v -0.363258 0.269635 0.272198
v -0.410666 0.253198 0.350228
v -0.363258 0.269635 0.272198
v -0.366530 0.214243 0.341024
v -0.256570 0.326387 0.311604
v -0.256570 0.326387 0.311604
v -0.177922 0.232676 0.335206
v -0.185891 0.328754 0.302126
v 0.422297 0.419098 0.237918
v 0.429981 0.429661 0.342647
v 0.516298 0.459923 0.323130
v 0.599352 0.490025 0.318443
v 0.646908 0.547522 0.338694
v 0.755253 0.534568 0.307526
v 1.087317 0.721819 0.331918
v 1.108859 0.684509 0.286075
v 0.982407 0.620577 0.318777
v 1.156594 0.805584 0.371626
v 1.257406 0.771404 0.292544
v 1.108859 0.684509 0.286075
v 1.257406 0.771404 0.292544
v 1.252320 0.847780 0.337492
v 1.306563 0.817398 0.324002
v 1.368778 0.891719 0.367224
v 1.381397 0.812033 0.264385
v 1.306563 0.817398 0.324002
v 1.381397 0.812033 0.264385
v 1.368778 0.891719 0.367224
v 1.429774 0.976280 0.329552
v 1.517308 0.908770 0.303970
v 1.429774 0.976280 0.329552
v 1.530443 0.940176 0.353426
v 1.976857 0.951850 0.254517
v 1.969160 0.806535 0.343251
v 2.055387 0.786820 0.310831
v 2.469458 0.617239 0.265593
v 2.507921 0.534559 0.345669
v 2.612175 0.529598 0.237007
v 2.631913 0.393942 0.429521
v 2.612175 0.529598 0.237007
v 2.507921 0.534559 0.345669
v 2.660158 0.427206 0.331137
v 2.612175 0.529598 0.237007
v 2.631913 0.393942 0.429521
v 2.793194 0.373711 0.331849
v 2.857635 0.323012 0.384338
v 2.938138 0.299713 0.273621
v 3.233899 0.298311 0.273590
v 3.234162 0.268251 0.355575
v 3.307682 0.261721 0.307051
v 3.354787 0.220475 0.278323
v 3.350739 0.199750 0.365390
v 3.421656 0.170055 0.331444
v 3.754806 0.014597 0.380706
v 3.672673 0.091619 0.277328
v 3.538378 0.115136 0.291573
v 3.672673 0.091619 0.277328
v 3.754806 0.014597 0.380706
v 3.847003 0.031671 0.292592
v -1.049557 -0.000712 0.244208
v -1.008142 0.000000 0.378597
v -0.858374 0.071366 0.292846
v -0.799435 0.122187 0.330629
v -0.720311 0.157036 0.262408
v -0.858374 0.071366 0.292846
v -0.712027 0.156690 0.342242
v -0.720311 0.157036 0.262408
v -0.799435 0.122187 0.330629
v -0.720311 0.157036 0.262408
v -0.712027 0.156690 0.342242
v -0.632551 0.178875 0.309557
v -0.423497 0.274087 0.309037
v -0.437840 0.273388 0.263229
v -0.565635 0.195042 0.295530
v -0.437840 0.273388 0.263229
v -0.423497 0.274087 0.309037
v -0.363258 0.269635 0.272198
v -0.410666 0.253198 0.350228
v -0.363258 0.269635 0.272198
v -0.423497 0.274087 0.309037
v -0.363258 0.269635 0.272198
v -0.256570 0.326387 0.311604
v -0.255391 0.352794 0.283586
v -0.185891 0.328754 0.302126
v -0.148900 0.364918 0.256983
v -0.256570 0.326387 0.311604
v -0.177922 0.232676 0.335206
v -0.148900 0.364918 0.256983
v -0.185891 0.328754 0.302126
v -0.148900 0.364918 0.256983
v -0.177922 0.232676 0.335206
v -0.031658 0.325848 0.271446
v 0.000988 0.292036 0.288666
v -0.031658 0.325848 0.271446
v -0.177922 0.232676 0.335206
v 0.131734 0.329511 0.263416
v 0.000988 0.292036 0.288666
v 0.222991 0.353736 0.256452
v 0.818468 0.567947 0.311728
v 0.900373 0.578527 0.265553
v 0.755253 0.534568 0.307526
v 0.982407 0.620577 0.318777
v 0.900373 0.578527 0.265553
v 0.818468 0.567947 0.311728
v 1.108859 0.684509 0.286075
v 1.257406 0.771404 0.292544
v 1.381397 0.812033 0.264385
v 1.306563 0.817398 0.324002
v 1.381397 0.812033 0.264385
v 1.257406 0.771404 0.292544
v 1.381397 0.812033 0.264385
v 1.429774 0.976280 0.329552
v 1.450374 0.845110 0.250706
v 1.517308 0.908770 0.303970
v 1.450374 0.845110 0.250706
v 1.429774 0.976280 0.329552
v 1.517308 0.908770 0.303970
v 1.529307 0.882835 0.234320
v 1.450374 0.845110 0.250706
v 1.529307 0.882835 0.234320
v 1.517308 0.908770 0.303970
v 1.542315 0.929930 0.267967
v 1.720646 1.077823 0.278007
v 1.688469 1.031344 0.260449
v 1.638996 1.014982 0.314862
v 1.795569 1.054884 0.281018
v 1.823193 1.017282 0.322669
v 1.860192 0.966296 0.243389
v 1.909477 0.959467 0.221636
v 1.894503 0.881160 0.314919
v 1.950497 0.925783 0.263739
v 1.969160 0.806535 0.343251
v 1.950497 0.925783 0.263739
v 1.894503 0.881160 0.314919
v 1.950497 0.925783 0.263739
v 1.969160 0.806535 0.343251
v 1.976857 0.951850 0.254517
v 2.296714 0.866974 0.344583
v 2.299337 0.839803 0.261837
v 2.269782 0.826811 0.284966
v 2.792286 0.418577 0.259176
v 2.793194 0.373711 0.331849
v 2.938138 0.299713 0.273621
v 3.421656 0.170055 0.331444
v 3.463290 0.146858 0.265817
v 3.354787 0.220475 0.278323
v 3.847003 0.031671 0.292592
v 3.796329 0.050901 0.242125
v 3.672673 0.091619 0.277328
v 3.912090 -0.000209 0.321839
v 3.937319 0.003572 0.204568
v 3.847003 0.031671 0.292592
v -0.957590 0.061211 0.210794
v -1.049557 -0.000712 0.244208
v -0.858374 0.071366 0.292846
v -0.858374 0.071366 0.292846
v -0.791149 0.115515 0.229365
v -0.957590 0.061211 0.210794
v -0.791149 0.115515 0.229365
v -0.858374 0.071366 0.292846
v -0.720311 0.157036 0.262408
v -0.668752 0.184236 0.212621
v -0.720311 0.157036 0.262408
v -0.632551 0.178875 0.309557
v -0.668752 0.184236 0.212621
v -0.632551 0.178875 0.309557
v -0.565635 0.195042 0.295530
v -0.565635 0.195042 0.295530
v -0.437840 0.273388 0.263229
v -0.540259 0.265621 0.209143
v -0.255391 0.352794 0.283586
v -0.249207 0.356064 0.253482
v -0.363258 0.269635 0.272198
v -0.256570 0.326387 0.311604
v -0.249207 0.356064 0.253482
v -0.255391 0.352794 0.283586
v -0.249207 0.356064 0.253482
v -0.256570 0.326387 0.311604
v -0.148900 0.364918 0.256983
v -0.031658 0.325848 0.271446
v -0.097004 0.358657 0.230774
v -0.148900 0.364918 0.256983
v -0.097004 0.358657 0.230774
v -0.031658 0.325848 0.271446
v -0.007750 0.405921 0.179742
v -0.031658 0.325848 0.271446
v 0.000988 0.292036 0.288666
v 0.131734 0.329511 0.263416
v 0.131734 0.329511 0.263416
v 0.158193 0.405513 0.223869
v -0.031658 0.325848 0.271446
v 0.599352 0.490025 0.318443
v 0.422297 0.419098 0.237918
v 0.516298 0.459923 0.323130
v 0.422297 0.419098 0.237918
v 0.599352 0.490025 0.318443
v 0.755253 0.534568 0.307526
v 0.982407 0.620577 0.318777
v 1.188470 0.711322 0.150929
v 0.900373 0.578527 0.265553
v 1.188470 0.711322 0.150929
v 0.982407 0.620577 0.318777
v 1.108859 0.684509 0.286075
v 1.542315 0.929930 0.267967
v 1.579774 0.993667 0.285995
v 1.529307 0.882835 0.234320
v 2.055387 0.786820 0.310831
v 2.014094 0.915339 0.227376
v 1.976857 0.951850 0.254517
v 2.938138 0.299713 0.273621
v 2.839896 0.445444 0.236408
v 2.792286 0.418577 0.259176
v 3.018010 0.288131 0.208533
v 2.938138 0.299713 0.273621
v 3.050861 0.236576 0.272257
v 3.193831 0.256490 0.274872
v 3.202082 0.290945 0.176518
v 3.050861 0.236576 0.272257
v 3.246358 0.294551 0.225889
v 3.233899 0.298311 0.273590
v 3.307682 0.261721 0.307051
v 3.307682 0.261721 0.307051
v 3.354787 0.220475 0.278323
v 3.246358 0.294551 0.225889
v 3.538378 0.115136 0.291573
v 3.526727 0.183216 0.225657
v 3.463290 0.146858 0.265817
v 3.526727 0.183216 0.225657
v 3.538378 0.115136 0.291573
v 3.672673 0.091619 0.277328
v -0.791149 0.115515 0.229365
v -0.882923 0.121297 0.181655
v -0.957590 0.061211 0.210794
v -0.565635 0.195042 0.295530
v -0.540259 0.265621 0.209143
v -0.668752 0.184236 0.212621
v -0.437840 0.273388 0.263229
v -0.418569 0.314498 0.220729
v -0.540259 0.265621 0.209143
v -0.418569 0.314498 0.220729
v -0.437840 0.273388 0.263229
v -0.363258 0.269635 0.272198
v -0.418569 0.314498 0.220729
v -0.363258 0.269635 0.272198
v -0.356942 0.292717 0.219417
v -0.356942 0.292717 0.219417
v -0.363258 0.269635 0.272198
v -0.297290 0.302965 0.220250
v -0.249207 0.356064 0.253482
v -0.297290 0.302965 0.220250
v -0.363258 0.269635 0.272198
v -0.148900 0.364918 0.256983
v -0.175119 0.323122 0.199307
v -0.249207 0.356064 0.253482
v -0.175119 0.323122 0.199307
v -0.148900 0.364918 0.256983
v -0.097004 0.358657 0.230774
v -0.007750 0.405921 0.179742
v -0.031658 0.325848 0.271446
v 0.158193 0.405513 0.223869
v 0.158193 0.405513 0.223869
v 0.131734 0.329511 0.263416
v 0.189531 0.418276 0.195947
v 0.222991 0.353736 0.256452
v 0.189531 0.418276 0.195947
v 0.131734 0.329511 0.263416
v 0.755253 0.534568 0.307526
v 0.900373 0.578527 0.265553
v 0.422297 0.419098 0.237918
v 1.188470 0.711322 0.150929
v 1.108859 0.684509 0.286075
v 1.218255 0.734876 0.177784
v 1.108859 0.684509 0.286075
v 1.381397 0.812033 0.264385
v 1.218255 0.734876 0.177784
v 1.529307 0.882835 0.234320
v 1.579774 0.993667 0.285995
v 1.687369 0.984713 0.215608
v 1.660735 1.027043 0.255667
v 1.687369 0.984713 0.215608
v 1.579774 0.993667 0.285995
v 1.688469 1.031344 0.260449
v 1.687369 0.984713 0.215608
v 1.660735 1.027043 0.255667
v 1.720646 1.077823 0.278007
v 1.687369 0.984713 0.215608
v 1.688469 1.031344 0.260449
v 1.687369 0.984713 0.215608
v 1.720646 1.077823 0.278007
v 1.759366 1.095360 0.259447
v 1.821706 1.061537 0.252734
v 1.860192 0.966296 0.243389
v 1.789508 1.093450 0.226790
v 1.966385 0.980128 0.218641
v 1.976857 0.951850 0.254517
v 2.014094 0.915339 0.227376
v 2.299337 0.839803 0.261837
v 2.387599 0.714017 0.225462
v 2.279580 0.852090 0.228182
v 2.387599 0.714017 0.225462
v 2.299337 0.839803 0.261837
v 2.398556 0.715357 0.263537
v 3.233899 0.298311 0.273590
v 3.246358 0.294551 0.225889
v 3.193831 0.256490 0.274872
v 3.405967 0.189248 0.201924
v 3.354787 0.220475 0.278323
v 3.463290 0.146858 0.265817
v 3.526727 0.183216 0.225657
v 3.672673 0.091619 0.277328
v 3.661942 0.117456 0.217588
v 3.661942 0.117456 0.217588
v 3.672673 0.091619 0.277328
v 3.796329 0.050901 0.242125
v 3.937319 0.003572 0.204568
v 3.796329 0.050901 0.242125
v 3.847003 0.031671 0.292592
v -0.791149 0.115515 0.229365
v -0.720311 0.157036 0.262408
v -0.719895 0.156570 0.188080
v -0.668752 0.184236 0.212621
v -0.719895 0.156570 0.188080
v -0.720311 0.157036 0.262408
v -0.297290 0.302965 0.220250
v -0.249207 0.356064 0.253482
v -0.175119 0.323122 0.199307
v 0.222991 0.353736 0.256452
v 0.305309 0.469254 0.124992
v 0.189531 0.418276 0.195947
v 0.422297 0.419098 0.237918
v 0.318310 0.391787 0.172819
v 0.222991 0.353736 0.256452
v 0.422297 0.419098 0.237918
v 0.415075 0.426756 0.134915
v 0.318310 0.391787 0.172819
v 1.188470 0.711322 0.150929
v 1.072742 0.665493 0.101430
v 0.900373 0.578527 0.265553
v 1.218255 0.734876 0.177784
v 1.381397 0.812033 0.264385
v 1.445392 0.844737 0.184098
v 1.445392 0.844737 0.184098
v 1.381397 0.812033 0.264385
v 1.450374 0.845110 0.250706
v 1.445392 0.844737 0.184098
v 1.450374 0.845110 0.250706
v 1.529307 0.882835 0.234320
v 1.529307 0.882835 0.234320
v 1.521303 0.883637 0.172922
v 1.445392 0.844737 0.184098
v 1.789508 1.093450 0.226790
v 1.790343 1.056660 0.165624
v 1.759366 1.095360 0.259447
v 1.789508 1.093450 0.226790
v 1.860192 0.966296 0.243389
v 1.790343 1.056660 0.165624
v 2.413334 0.779390 0.139183
v 2.469458 0.617239 0.265593
v 2.564178 0.646301 0.172070
v 2.612175 0.529598 0.237007
v 2.564178 0.646301 0.172070
v 2.469458 0.617239 0.265593
v 2.792286 0.418577 0.259176
v 2.781758 0.500550 0.171517
v 2.660158 0.427206 0.331137
v 2.839896 0.445444 0.236408
v 2.820899 0.563652 0.128973
v 2.792286 0.418577 0.259176
v 2.938138 0.299713 0.273621
v 2.872548 0.516771 0.140621
v 2.839896 0.445444 0.236408
v 3.050861 0.236576 0.272257
v 3.104560 0.307240 0.152643
v 3.018010 0.288131 0.208533
v 3.202082 0.290945 0.176518
v 3.193831 0.256490 0.274872
v 3.246358 0.294551 0.225889
v 3.246358 0.294551 0.225889
v 3.259975 0.305048 0.153618
v 3.202082 0.290945 0.176518
v 3.354787 0.220475 0.278323
v 3.259975 0.305048 0.153618
v 3.246358 0.294551 0.225889
v 3.452498 0.212031 0.161261
v 3.463290 0.146858 0.265817
v 3.526727 0.183216 0.225657
v 3.682189 0.078965 0.150517
v 3.661942 0.117456 0.217588
v 3.796329 0.050901 0.242125
v 3.796329 0.050901 0.242125
v 3.854129 0.002606 0.150134
v 3.682189 0.078965 0.150517
v 3.854129 0.002606 0.150134
v 3.796329 0.050901 0.242125
v 3.937319 0.003572 0.204568
v -1.090477 0.000257 0.148946
v -1.049557 -0.000712 0.244208
v -0.957590 0.061211 0.210794
v -0.791149 0.115515 0.229365
v -0.719895 0.156570 0.188080
v -0.882923 0.121297 0.181655
v -0.719895 0.156570 0.188080
v -0.668752 0.184236 0.212621
v -0.572002 0.233739 0.140274
v -0.572002 0.233739 0.140274
v -0.668752 0.184236 0.212621
v -0.540259 0.265621 0.209143
v -0.418569 0.314498 0.220729
v -0.489121 0.271752 0.163085
v -0.540259 0.265621 0.209143
v -0.418569 0.314498 0.220729
v -0.394189 0.245367 0.169494
v -0.489121 0.271752 0.163085
v -0.394189 0.245367 0.169494
v -0.418569 0.314498 0.220729
v -0.356942 0.292717 0.219417
v -0.394189 0.245367 0.169494
v -0.356942 0.292717 0.219417
v -0.175119 0.323122 0.199307
v -0.297290 0.302965 0.220250
v -0.175119 0.323122 0.199307
v -0.356942 0.292717 0.219417
v 0.073804 0.463499 0.135840
v -0.007750 0.405921 0.179742
v 0.158193 0.405513 0.223869
v 0.158193 0.405513 0.223869
v 0.160524 0.467034 0.171273
v 0.127477 0.459181 0.148248
v 0.160524 0.467034 0.171273
v 0.158193 0.405513 0.223869
v 0.189531 0.418276 0.195947
v 0.305309 0.469254 0.124992
v 0.222991 0.353736 0.256452
v 0.318310 0.391787 0.172819
v 0.422297 0.419098 0.237918
v 0.481682 0.445490 0.125892
v 0.415075 0.426756 0.134915
v 0.900373 0.578527 0.265553
v 0.642997 0.499832 0.083762
v 0.422297 0.419098 0.237918
v 1.529307 0.882835 0.234320
v 1.642234 0.958571 0.145724
v 1.521303 0.883637 0.172922
v 1.642234 0.958571 0.145724
v 1.529307 0.882835 0.234320
v 1.687369 0.984713 0.215608
v 1.642234 0.958571 0.145724
v 1.687369 0.984713 0.215608
v 1.790343 1.056660 0.165624
v 1.759366 1.095360 0.259447
v 1.790343 1.056660 0.165624
v 1.687369 0.984713 0.215608
v 1.860192 0.966296 0.243389
v 1.844046 1.023237 0.188263
v 1.790343 1.056660 0.165624
v 2.014094 0.915339 0.227376
v 2.049971 1.024331 0.115556
v 1.966385 0.980128 0.218641
v 2.660158 0.427206 0.331137
v 2.738304 0.603314 0.106978
v 2.612175 0.529598 0.237007
v 2.738304 0.603314 0.106978
v 2.660158 0.427206 0.331137
v 2.781758 0.500550 0.171517
v 2.781758 0.500550 0.171517
v 2.792286 0.418577 0.259176
v 2.820899 0.563652 0.128973
v 2.839896 0.445444 0.236408
v 2.872548 0.516771 0.140621
v 2.820899 0.563652 0.128973
v 2.872548 0.516771 0.140621
v 2.938138 0.299713 0.273621
v 3.018010 0.288131 0.208533
v 3.104560 0.307240 0.152643
v 3.050861 0.236576 0.272257
v 3.202082 0.290945 0.176518
v 3.463290 0.146858 0.265817
v 3.452498 0.212031 0.161261
v 3.405967 0.189248 0.201924
v 3.526727 0.183216 0.225657
v 3.514366 0.205065 0.149625
v 3.452498 0.212031 0.161261
v 3.514366 0.205065 0.149625
v 3.526727 0.183216 0.225657
v 3.661942 0.117456 0.217588
v -0.957590 0.061211 0.210794
v -0.930372 0.062859 0.142223
v -1.090477 0.000257 0.148946
v -0.882923 0.121297 0.181655
v -0.930372 0.062859 0.142223
v -0.957590 0.061211 0.210794
v -0.930372 0.062859 0.142223
v -0.882923 0.121297 0.181655
v -0.717732 0.137116 0.117407
v -0.719895 0.156570 0.188080
v -0.717732 0.137116 0.117407
v -0.882923 0.121297 0.181655
v -0.717732 0.137116 0.117407
v -0.719895 0.156570 0.188080
v -0.572002 0.233739 0.140274
v -0.572002 0.233739 0.140274
v -0.540259 0.265621 0.209143
v -0.489121 0.271752 0.163085
v -0.175119 0.323122 0.199307
v -0.359806 0.232777 -0.021949
v -0.394189 0.245367 0.169494
v -0.175119 0.323122 0.199307
v -0.097004 0.358657 0.230774
v -0.167520 0.325655 0.108310
v 0.305309 0.469254 0.124992
v 0.252190 0.505477 0.084406
v 0.189531 0.418276 0.195947
v 0.642997 0.499832 0.083762
v 0.900373 0.578527 0.265553
v 0.818475 0.574132 0.083917
v 0.900373 0.578527 0.265553
v 1.072742 0.665493 0.101430
v 0.818475 0.574132 0.083917
v 1.445392 0.844737 0.184098
v 1.367496 0.875910 0.098197
v 1.218255 0.734876 0.177784
v 2.049971 1.024331 0.115556
v 1.967227 1.120938 0.089722
v 1.966385 0.980128 0.218641
v 2.055387 0.786820 0.310831
v 2.049971 1.024331 0.115556
v 2.014094 0.915339 0.227376
v 2.612175 0.529598 0.237007
v 2.573847 0.726681 0.065541
v 2.564178 0.646301 0.172070
v 3.018010 0.288131 0.208533
v 2.966800 0.439091 0.136081
v 2.872548 0.516771 0.140621
v 2.966800 0.439091 0.136081
v 3.018010 0.288131 0.208533
v 3.100495 0.378325 0.067239
v 3.100495 0.378325 0.067239
v 3.018010 0.288131 0.208533
v 3.104560 0.307240 0.152643
v 3.405967 0.189248 0.201924
v 3.259975 0.305048 0.153618
v 3.354787 0.220475 0.278323
v 3.514366 0.205065 0.149625
v 3.661942 0.117456 0.217588
v 3.682189 0.078965 0.150517
v -0.489121 0.271752 0.163085
v -0.574933 0.182572 0.105808
v -0.572002 0.233739 0.140274
v -0.574933 0.182572 0.105808
v -0.489121 0.271752 0.163085
v -0.394189 0.245367 0.169494
v -0.359806 0.232777 -0.021949
v -0.175119 0.323122 0.199307
v -0.167520 0.325655 0.108310
v -0.097004 0.358657 0.230774
v -0.007750 0.405921 0.179742
v -0.167520 0.325655 0.108310
v 0.158193 0.405513 0.223869
v 0.127477 0.459181 0.148248
v 0.073804 0.463499 0.135840
v 0.160524 0.467034 0.171273
v 0.160581 0.508502 0.090378
v 0.127477 0.459181 0.148248
v 0.189531 0.418276 0.195947
v 0.160581 0.508502 0.090378
v 0.160524 0.467034 0.171273
v 0.160581 0.508502 0.090378
v 0.189531 0.418276 0.195947
v 0.252190 0.505477 0.084406
v 0.305309 0.469254 0.124992
v 0.318310 0.391787 0.172819
v 0.344868 0.473171 0.096133
v 0.415075 0.426756 0.134915
v 0.344868 0.473171 0.096133
v 0.318310 0.391787 0.172819
v 0.481682 0.445490 0.125892
v 0.422297 0.419098 0.237918
v 0.642997 0.499832 0.083762
v 1.152819 0.698731 0.125904
v 1.072742 0.665493 0.101430
v 1.188470 0.711322 0.150929
v 1.445392 0.844737 0.184098
v 1.442551 0.941070 0.085775
v 1.367496 0.875910 0.098197
v 2.049971 1.024331 0.115556
v 2.055387 0.786820 0.310831
v 2.191081 1.002456 0.089838
v 2.299519 0.998974 0.104550
v 2.297899 0.970246 0.145010
v 2.337471 0.914470 0.085799
v 2.573847 0.726681 0.065541
v 2.612175 0.529598 0.237007
v 2.738304 0.603314 0.106978
v 2.781758 0.500550 0.171517
v 2.820899 0.563652 0.128973
v 2.738304 0.603314 0.106978
v 2.912590 0.564960 0.101472
v 2.872548 0.516771 0.140621
v 2.966800 0.439091 0.136081
v 3.259975 0.305048 0.153618
v 3.286906 0.338376 0.067916
v 3.202082 0.290945 0.176518
v 3.405967 0.189248 0.201924
v 3.417189 0.258815 0.034479
v 3.259975 0.305048 0.153618
v 3.514366 0.205065 0.149625
v 3.530388 0.210425 0.091940
v 3.452498 0.212031 0.161261
v -0.572002 0.233739 0.140274
v -0.574933 0.182572 0.105808
v -0.717732 0.137116 0.117407
v -0.394189 0.245367 0.169494
v -0.359806 0.232777 -0.021949
v -0.574933 0.182572 0.105808
v -0.167520 0.325655 0.108310
v -0.201059 0.309931 0.016691
v -0.359806 0.232777 -0.021949
v 0.127477 0.459181 0.148248
v 0.160581 0.508502 0.090378
v 0.073804 0.463499 0.135840
v 1.152819 0.698731 0.125904
v 1.188470 0.711322 0.150929
v 1.218255 0.734876 0.177784
v 1.218255 0.734876 0.177784
v 1.290484 0.797158 0.082622
v 1.152819 0.698731 0.125904
v 1.290484 0.797158 0.082622
v 1.218255 0.734876 0.177784
v 1.367496 0.875910 0.098197
v 1.844046 1.023237 0.188263
v 1.907449 1.184827 0.065331
v 1.793491 1.097779 0.110638
v 1.967227 1.120938 0.089722
v 1.907449 1.184827 0.065331
v 1.844046 1.023237 0.188263
v 2.297899 0.970246 0.145010
v 2.268530 1.046015 0.091187
v 2.224616 1.113411 0.056088
v 2.268530 1.046015 0.091187
v 2.297899 0.970246 0.145010
v 2.299519 0.998974 0.104550
v 2.564178 0.646301 0.172070
v 2.474452 0.898988 0.014364
v 2.413334 0.779390 0.139183
v 3.100495 0.378325 0.067239
v 3.037308 0.468268 0.036972
v 2.966800 0.439091 0.136081
v 3.104560 0.307240 0.152643
v 3.202082 0.290945 0.176518
v 3.219297 0.376045 -0.001549
v 3.219297 0.376045 -0.001549
v 3.202082 0.290945 0.176518
v 3.286906 0.338376 0.067916
v 3.452498 0.212031 0.161261
v 3.448052 0.248787 0.085515
v 3.405967 0.189248 0.201924
v 3.448052 0.248787 0.085515
v 3.452498 0.212031 0.161261
v 3.530388 0.210425 0.091940
v 3.530388 0.210425 0.091940
v 3.514366 0.205065 0.149625
v 3.682189 0.078965 0.150517
v -0.007750 0.405921 0.179742
v 0.014019 0.464241 0.067320
v -0.167520 0.325655 0.108310
v 0.014019 0.464241 0.067320
v -0.007750 0.405921 0.179742
v 0.073804 0.463499 0.135840
v 0.291573 0.557591 0.057966
v 0.252190 0.505477 0.084406
v 0.305309 0.469254 0.124992
v 0.415552 0.541829 0.043398
v 0.415075 0.426756 0.134915
v 0.481682 0.445490 0.125892
v 0.735277 0.592454 0.029080
v 0.642997 0.499832 0.083762
v 0.818475 0.574132 0.083917
v 1.072742 0.665493 0.101430
v 0.916311 0.669262 -0.028871
v 0.818475 0.574132 0.083917
v 1.152819 0.698731 0.125904
v 1.104556 0.791781 0.028389
v 1.072742 0.665493 0.101430
v 1.104556 0.791781 0.028389
v 1.152819 0.698731 0.125904
v 1.208707 0.758833 0.046195
v 1.152819 0.698731 0.125904
v 1.290484 0.797158 0.082622
v 1.208707 0.758833 0.046195
v 1.793491 1.097779 0.110638
v 1.907449 1.184827 0.065331
v 1.780104 1.219179 0.025167
v 2.299519 0.998974 0.104550
v 2.297404 0.989233 0.053202
v 2.268530 1.046015 0.091187
v 2.297404 0.989233 0.053202
v 2.299519 0.998974 0.104550
v 2.337471 0.914470 0.085799
v 2.474452 0.898988 0.014364
v 2.564178 0.646301 0.172070
v 2.573847 0.726681 0.065541
v 2.738304 0.603314 0.106978
v 2.605748 0.840172 -0.026083
v 2.573847 0.726681 0.065541
v 2.872548 0.516771 0.140621
v 2.893345 0.674452 0.021941
v 2.820899 0.563652 0.128973
v 3.259975 0.305048 0.153618
v 3.417189 0.258815 0.034479
v 3.286906 0.338376 0.067916
v 3.417189 0.258815 0.034479
v 3.405967 0.189248 0.201924
v 3.448052 0.248787 0.085515
v 3.854129 0.002606 0.150134
v 3.855293 0.002206 0.021678
v 3.682189 0.078965 0.150517
v -1.132589 -0.000448 -0.055923
v -1.090477 0.000257 0.148946
v -0.930372 0.062859 0.142223
v -0.047163 0.419685 0.016139
v -0.167520 0.325655 0.108310
v 0.014019 0.464241 0.067320
v 0.291573 0.557591 0.057966
v 0.305309 0.469254 0.124992
v 0.344868 0.473171 0.096133
v 0.415075 0.426756 0.134915
v 0.341378 0.595236 -0.032131
v 0.344868 0.473171 0.096133
v 0.818475 0.574132 0.083917
v 0.779155 0.617898 0.038127
v 0.735277 0.592454 0.029080
v 1.072742 0.665493 0.101430
v 1.002453 0.723775 -0.056587
v 0.916311 0.669262 -0.028871
v 1.072742 0.665493 0.101430
v 1.086178 0.736795 -0.029535
v 1.002453 0.723775 -0.056587
v 1.290484 0.797158 0.082622
v 1.244536 0.800004 0.040636
v 1.208707 0.758833 0.046195
v 1.353222 0.935334 0.028311
v 1.290484 0.797158 0.082622
v 1.367496 0.875910 0.098197
v 1.734999 1.122200 0.053012
v 1.688130 1.240977 -0.004066
v 1.582396 0.926245 0.160367
v 1.793491 1.097779 0.110638
v 1.780104 1.219179 0.025167
v 1.734999 1.122200 0.053012
v 1.967227 1.120938 0.089722
v 1.963268 1.205599 0.020921
v 1.907449 1.184827 0.065331
v 2.049971 1.024331 0.115556
v 1.963268 1.205599 0.020921
v 1.967227 1.120938 0.089722
v 2.228374 1.143189 0.031490
v 2.224616 1.113411 0.056088
v 2.268530 1.046015 0.091187
v 2.820899 0.563652 0.128973
v 2.802887 0.894329 -0.045841
v 2.738304 0.603314 0.106978
v 2.802887 0.894329 -0.045841
v 2.820899 0.563652 0.128973
v 2.893345 0.674452 0.021941
v 2.912590 0.564960 0.101472
v 2.893345 0.674452 0.021941
v 2.872548 0.516771 0.140621
v 2.912590 0.564960 0.101472
v 2.966800 0.439091 0.136081
v 3.037308 0.468268 0.036972
v 3.448052 0.248787 0.085515
v 3.530388 0.210425 0.091940
v 3.417189 0.258815 0.034479
v 3.611964 0.141403 0.012769
v 3.530388 0.210425 0.091940
v 3.682189 0.078965 0.150517
v 3.611964 0.141403 0.012769
v 3.682189 0.078965 0.150517
v 3.855293 0.002206 0.021678
v -0.717732 0.137116 0.117407
v -0.803580 0.106710 -0.075736
v -0.930372 0.062859 0.142223
v -0.359806 0.232777 -0.021949
v -0.717732 0.137116 0.117407
v -0.574933 0.182572 0.105808
v -0.201059 0.309931 0.016691
v -0.167520 0.325655 0.108310
v -0.047163 0.419685 0.016139
v 0.291573 0.557591 0.057966
v 0.296283 0.608157 -0.017580
v 0.252190 0.505477 0.084406
v 0.344868 0.473171 0.096133
v 0.341378 0.595236 -0.032131
v 0.291573 0.557591 0.057966
v 0.818475 0.574132 0.083917
v 0.834381 0.678105 -0.017101
v 0.779155 0.617898 0.038127
v 0.834381 0.678105 -0.017101
v 0.818475 0.574132 0.083917
v 0.916311 0.669262 -0.028871
v 1.086178 0.736795 -0.029535
v 1.072742 0.665493 0.101430
v 1.104556 0.791781 0.028389
v 1.608830 1.146885 0.020107
v 1.582396 0.926245 0.160367
v 1.688130 1.240977 -0.004066
v 1.825557 1.348992 -0.044233
v 1.780104 1.219179 0.025167
v 1.907449 1.184827 0.065331
v 1.825557 1.348992 -0.044233
v 1.907449 1.184827 0.065331
v 1.963268 1.205599 0.020921
v 2.049971 1.024331 0.115556
v 2.082697 1.295336 -0.084662
v 1.963268 1.205599 0.020921
v 2.139678 1.195138 -0.033430
v 2.049971 1.024331 0.115556
v 2.191081 1.002456 0.089838
v 2.228374 1.143189 0.031490
v 2.191081 1.002456 0.089838
v 2.224616 1.113411 0.056088
v 2.268530 1.046015 0.091187
v 2.297404 0.989233 0.053202
v 2.228374 1.143189 0.031490
v 2.337471 0.914470 0.085799
v 2.413334 0.779390 0.139183
v 2.474452 0.898988 0.014364
v 2.912590 0.564960 0.101472
v 2.947790 0.592643 0.010936
v 2.893345 0.674452 0.021941
v 2.947790 0.592643 0.010936
v 2.912590 0.564960 0.101472
v 3.037308 0.468268 0.036972
v 3.104560 0.307240 0.152643
v 3.219297 0.376045 -0.001549
v 3.100495 0.378325 0.067239
v 3.530388 0.210425 0.091940
v 3.611964 0.141403 0.012769
v 3.417189 0.258815 0.034479
v -0.930372 0.062859 0.142223
v -0.803580 0.106710 -0.075736
v -1.132589 -0.000448 -0.055923
v -0.570256 0.181005 -0.027746
v -0.803580 0.106710 -0.075736
v -0.717732 0.137116 0.117407
v -0.570256 0.181005 -0.027746
v -0.717732 0.137116 0.117407
v -0.359806 0.232777 -0.021949
v -0.171981 0.365151 -0.030875
v -0.201059 0.309931 0.016691
v -0.047163 0.419685 0.016139
v 0.076009 0.540074 -0.004870
v -0.047163 0.419685 0.016139
v 0.014019 0.464241 0.067320
v 0.076009 0.540074 -0.004870
v 0.014019 0.464241 0.067320
v 0.073804 0.463499 0.135840
v 0.076009 0.540074 -0.004870
v 0.073804 0.463499 0.135840
v 0.160581 0.508502 0.090378
v 0.296283 0.608157 -0.017580
v 0.291573 0.557591 0.057966
v 0.341378 0.595236 -0.032131
v 0.481682 0.445490 0.125892
v 0.606516 0.572727 -0.026290
v 0.534020 0.563745 -0.005227
v 0.642997 0.499832 0.083762
v 0.606516 0.572727 -0.026290
v 0.481682 0.445490 0.125892
v 0.606516 0.572727 -0.026290
v 0.642997 0.499832 0.083762
v 0.735277 0.592454 0.029080
v 0.779155 0.617898 0.038127
v 0.834381 0.678105 -0.017101
v 0.735277 0.592454 0.029080
v 1.963268 1.205599 0.020921
v 1.922376 1.288057 -0.036902
v 1.825557 1.348992 -0.044233
v 2.191081 1.002456 0.089838
v 2.189604 1.167933 -0.002697
v 2.139678 1.195138 -0.033430
v 2.189604 1.167933 -0.002697
v 2.191081 1.002456 0.089838
v 2.228374 1.143189 0.031490
v 2.297404 0.989233 0.053202
v 2.238626 1.154166 -0.034247
v 2.228374 1.143189 0.031490
v 2.297404 0.989233 0.053202
v 2.337471 0.914470 0.085799
v 2.326895 1.157459 -0.069747
v 2.573847 0.726681 0.065541
v 2.605748 0.840172 -0.026083
v 2.474452 0.898988 0.014364
v 3.037308 0.468268 0.036972
v 2.961941 0.664904 -0.043295
v 2.947790 0.592643 0.010936
v 2.961941 0.664904 -0.043295
v 3.037308 0.468268 0.036972
v 3.084960 0.507193 -0.058650
v 3.100495 0.378325 0.067239
v 3.084960 0.507193 -0.058650
v 3.037308 0.468268 0.036972
v 3.286906 0.338376 0.067916
v 3.318558 0.320626 -0.042226
v 3.219297 0.376045 -0.001549
v 3.318558 0.320626 -0.042226
v 3.286906 0.338376 0.067916
v 3.417189 0.258815 0.034479
v -0.359806 0.232777 -0.021949
v -0.252105 0.381926 -0.104753
v -0.357939 0.282823 -0.107531
v -0.252105 0.381926 -0.104753
v -0.359806 0.232777 -0.021949
v -0.201059 0.309931 0.016691
v -0.201059 0.309931 0.016691
v -0.171981 0.365151 -0.030875
v -0.252105 0.381926 -0.104753
v 0.109617 0.606750 -0.072415
v 0.076009 0.540074 -0.004870
v 0.160581 0.508502 0.090378
v 0.415075 0.426756 0.134915
v 0.390525 0.683214 -0.099076
v 0.341378 0.595236 -0.032131
v 0.390525 0.683214 -0.099076
v 0.415075 0.426756 0.134915
v 0.415552 0.541829 0.043398
v 0.512390 0.638171 -0.079323
v 0.481682 0.445490 0.125892
v 0.534020 0.563745 -0.005227
v 1.086178 0.736795 -0.029535
v 1.104556 0.791781 0.028389
v 1.129463 0.818813 -0.048296
v 1.688130 1.240977 -0.004066
v 1.734999 1.122200 0.053012
v 1.780104 1.219179 0.025167
v 1.780104 1.219179 0.025167
v 1.754869 1.495623 -0.098500
v 1.688130 1.240977 -0.004066
v 1.754869 1.495623 -0.098500
v 1.780104 1.219179 0.025167
v 1.825557 1.348992 -0.044233
v 2.082697 1.295336 -0.084662
v 2.049971 1.024331 0.115556
v 2.139678 1.195138 -0.033430
v 2.214718 1.284502 -0.098048
v 2.189604 1.167933 -0.002697
v 2.238626 1.154166 -0.034247
v 2.228374 1.143189 0.031490
v 2.238626 1.154166 -0.034247
v 2.189604 1.167933 -0.002697
v 2.474452 0.898988 0.014364
v 2.401932 1.147913 -0.131131
v 2.337471 0.914470 0.085799
v 2.738304 0.603314 0.106978
v 2.688313 0.954905 -0.102856
v 2.605748 0.840172 -0.026083
v 2.738304 0.603314 0.106978
v 2.802887 0.894329 -0.045841
v 2.688313 0.954905 -0.102856
v 2.802887 0.894329 -0.045841
v 2.893345 0.674452 0.021941
v 2.961169 0.715442 -0.096089
v 3.417189 0.258815 0.034479
v 3.611964 0.141403 0.012769
v 3.318558 0.320626 -0.042226
v -0.047163 0.419685 0.016139
v -0.075616 0.601959 -0.129702
v -0.171981 0.365151 -0.030875
v 0.076009 0.540074 -0.004870
v 0.056755 0.693888 -0.094968
v -0.047163 0.419685 0.016139
v 0.056755 0.693888 -0.094968
v 0.076009 0.540074 -0.004870
v 0.109617 0.606750 -0.072415
v 0.160581 0.508502 0.090378
v 0.247813 0.640577 -0.118394
v 0.109617 0.606750 -0.072415
v 0.247813 0.640577 -0.118394
v 0.160581 0.508502 0.090378
v 0.252190 0.505477 0.084406
v 0.328073 0.727605 -0.116916
v 0.296283 0.608157 -0.017580
v 0.341378 0.595236 -0.032131
v 0.390525 0.683214 -0.099076
v 0.415552 0.541829 0.043398
v 0.481486 0.688379 -0.108796
v 0.481682 0.445490 0.125892
v 0.481486 0.688379 -0.108796
v 0.415552 0.541829 0.043398
v 0.481486 0.688379 -0.108796
v 0.481682 0.445490 0.125892
v 0.512390 0.638171 -0.079323
v 0.606516 0.572727 -0.026290
v 0.588407 0.700318 -0.100225
v 0.534020 0.563745 -0.005227
v 0.735277 0.592454 0.029080
v 0.725500 0.687776 -0.059485
v 0.606516 0.572727 -0.026290
v 0.735277 0.592454 0.029080
v 0.790722 0.710737 -0.065769
v 0.725500 0.687776 -0.059485
v 0.790722 0.710737 -0.065769
v 0.735277 0.592454 0.029080
v 0.834381 0.678105 -0.017101
v 0.916311 0.669262 -0.028871
v 0.908076 0.788550 -0.107008
v 0.834381 0.678105 -0.017101
v 1.408026 0.972574 0.018129
v 1.518947 1.117304 -0.057694
v 1.433860 1.193175 -0.130478
v 1.688130 1.240977 -0.004066
v 1.645905 1.377044 -0.123750
v 1.608830 1.146885 0.020107
v 1.963268 1.205599 0.020921
v 1.935246 1.409709 -0.101471
v 1.922376 1.288057 -0.036902
v 2.297404 0.989233 0.053202
v 2.326895 1.157459 -0.069747
v 2.238626 1.154166 -0.034247
v 2.337471 0.914470 0.085799
v 2.401932 1.147913 -0.131131
v 2.326895 1.157459 -0.069747
v 2.961169 0.715442 -0.096089
v 2.893345 0.674452 0.021941
v 2.961941 0.664904 -0.043295
v 2.947790 0.592643 0.010936
v 2.961941 0.664904 -0.043295
v 2.893345 0.674452 0.021941
v 2.961169 0.715442 -0.096089
v 2.961941 0.664904 -0.043295
v 3.084960 0.507193 -0.058650
v 3.084960 0.507193 -0.058650
v 3.100495 0.378325 0.067239
v 3.220442 0.434571 -0.102033
v 3.219297 0.376045 -0.001549
v 3.220442 0.434571 -0.102033
v 3.100495 0.378325 0.067239
v 3.611964 0.141403 0.012769
v 3.424372 0.272736 -0.090069
v 3.318558 0.320626 -0.042226
v 3.855293 0.002206 0.021678
v 3.615634 0.135300 -0.092060
v 3.611964 0.141403 0.012769
v -0.596182 0.203989 -0.083295
v -0.803580 0.106710 -0.075736
v -0.570256 0.181005 -0.027746
v 0.247813 0.640577 -0.118394
v 0.252190 0.505477 0.084406
v 0.296283 0.608157 -0.017580
v 0.296283 0.608157 -0.017580
v 0.328073 0.727605 -0.116916
v 0.247813 0.640577 -0.118394
v 0.328073 0.727605 -0.116916
v 0.341378 0.595236 -0.032131
v 0.390525 0.683214 -0.099076
v 0.512390 0.638171 -0.079323
v 0.534020 0.563745 -0.005227
v 0.588407 0.700318 -0.100225
v 1.129463 0.818813 -0.048296
v 1.159928 0.836557 -0.085273
v 1.086178 0.736795 -0.029535
v 1.176102 0.877610 -0.065545
v 1.159928 0.836557 -0.085273
v 1.129463 0.818813 -0.048296
v 1.604861 1.347635 -0.161579
v 1.518947 1.117304 -0.057694
v 1.608830 1.146885 0.020107
v 1.608830 1.146885 0.020107
v 1.645905 1.377044 -0.123750
v 1.604861 1.347635 -0.161579
v 2.189604 1.167933 -0.002697
v 2.214718 1.284502 -0.098048
v 2.139678 1.195138 -0.033430
v 2.614564 1.009731 -0.116530
v 2.605748 0.840172 -0.026083
v 2.682939 1.110791 -0.181902
v 2.682939 1.110791 -0.181902
v 2.605748 0.840172 -0.026083
v 2.688313 0.954905 -0.102856
v 2.961169 0.715442 -0.096089
v 2.826581 0.945632 -0.118390
v 2.802887 0.894329 -0.045841
v 3.220442 0.434571 -0.102033
v 3.087858 0.564622 -0.148016
v 3.084960 0.507193 -0.058650
v 3.318558 0.320626 -0.042226
v 3.220442 0.434571 -0.102033
v 3.219297 0.376045 -0.001549
v 3.611964 0.141403 0.012769
v 3.615634 0.135300 -0.092060
v 3.424372 0.272736 -0.090069
v -1.132589 -0.000448 -0.055923
v -0.803580 0.106710 -0.075736
v -1.086305 0.034980 -0.180679
v -0.570256 0.181005 -0.027746
v -0.516990 0.258596 -0.170388
v -0.596182 0.203989 -0.083295
v -0.516990 0.258596 -0.170388
v -0.570256 0.181005 -0.027746
v -0.359806 0.232777 -0.021949
v -0.359806 0.232777 -0.021949
v -0.357939 0.282823 -0.107531
v -0.516990 0.258596 -0.170388
v -0.047163 0.419685 0.016139
v 0.017931 0.733257 -0.120161
v -0.075616 0.601959 -0.129702
v 0.017931 0.733257 -0.120161
v -0.047163 0.419685 0.016139
v 0.056755 0.693888 -0.094968
v 0.390525 0.683214 -0.099076
v 0.362453 0.729546 -0.123084
v 0.328073 0.727605 -0.116916
v 0.396237 0.748073 -0.186356
v 0.390525 0.683214 -0.099076
v 0.481486 0.688379 -0.108796
v 1.159928 0.836557 -0.085273
v 1.176102 0.877610 -0.065545
v 1.230726 0.983160 -0.082799
v 1.731513 1.554649 -0.144497
v 1.688130 1.240977 -0.004066
v 1.754869 1.495623 -0.098500
v 1.825557 1.348992 -0.044233
v 1.810606 1.562141 -0.172596
v 1.754869 1.495623 -0.098500
v 1.922376 1.288057 -0.036902
v 1.810606 1.562141 -0.172596
v 1.825557 1.348992 -0.044233
v 1.810606 1.562141 -0.172596
v 1.922376 1.288057 -0.036902
v 1.935246 1.409709 -0.101471
v 1.963268 1.205599 0.020921
v 2.082697 1.295336 -0.084662
v 1.935246 1.409709 -0.101471
v 2.137829 1.495126 -0.202407
v 2.082697 1.295336 -0.084662
v 2.139678 1.195138 -0.033430
v 2.137829 1.495126 -0.202407
v 2.139678 1.195138 -0.033430
v 2.214718 1.284502 -0.098048
v 2.474452 0.898988 0.014364
v 2.605748 0.840172 -0.026083
v 2.614564 1.009731 -0.116530
v 3.084960 0.507193 -0.058650
v 3.087858 0.564622 -0.148016
v 2.961169 0.715442 -0.096089
v 3.220442 0.434571 -0.102033
v 3.318558 0.320626 -0.042226
v 3.424372 0.272736 -0.090069
v -1.086305 0.034980 -0.180679
v -0.803580 0.106710 -0.075736
v -0.896763 0.090513 -0.157686
v -0.803580 0.106710 -0.075736
v -0.660655 0.192859 -0.173058
v -0.704754 0.171783 -0.197054
v -0.660655 0.192859 -0.173058
v -0.803580 0.106710 -0.075736
v -0.596182 0.203989 -0.083295
v 0.029835 0.829328 -0.199600
v 0.017931 0.733257 -0.120161
v 0.056755 0.693888 -0.094968
v 1.183109 0.902935 -0.151462
v 1.230726 0.983160 -0.082799
v 1.263011 0.995073 -0.154237
v 1.263548 1.038355 -0.109148
v 1.263011 0.995073 -0.154237
v 1.230726 0.983160 -0.082799
v 1.311932 1.041911 -0.103509
v 1.333789 1.082862 -0.127240
v 1.263548 1.038355 -0.109148
v 1.518947 1.117304 -0.057694
v 1.508030 1.234040 -0.161506
v 1.433860 1.193175 -0.130478
v 1.688130 1.240977 -0.004066
v 1.731513 1.554649 -0.144497
v 1.645905 1.377044 -0.123750
v 1.935246 1.409709 -0.101471
v 1.865800 1.630780 -0.188483
v 1.810606 1.562141 -0.172596
v 2.326895 1.157459 -0.069747
v 2.320892 1.375182 -0.205695
v 2.238626 1.154166 -0.034247
v 2.320892 1.375182 -0.205695
v 2.326895 1.157459 -0.069747
v 2.401932 1.147913 -0.131131
v 2.503937 1.263815 -0.211029
v 2.474452 0.898988 0.014364
v 2.614564 1.009731 -0.116530
v 2.682939 1.110791 -0.181902
v 2.688313 0.954905 -0.102856
v 2.743675 1.029408 -0.146422
v 2.743675 1.029408 -0.146422
v 2.688313 0.954905 -0.102856
v 2.802887 0.894329 -0.045841
v 2.743675 1.029408 -0.146422
v 2.802887 0.894329 -0.045841
v 2.826581 0.945632 -0.118390
v 3.615634 0.135300 -0.092060
v 3.583281 0.163096 -0.162894
v 3.424372 0.272736 -0.090069
v -1.132589 -0.000448 -0.055923
v -1.086305 0.034980 -0.180679
v -1.220886 0.000295 -0.170505
v -0.987020 0.075626 -0.197012
v -1.086305 0.034980 -0.180679
v -0.896763 0.090513 -0.157686
v -0.803580 0.106710 -0.075736
v -0.704754 0.171783 -0.197054
v -0.896763 0.090513 -0.157686
v -0.596182 0.203989 -0.083295
v -0.516990 0.258596 -0.170388
v -0.660655 0.192859 -0.173058
v -0.239611 0.509781 -0.208382
v -0.252105 0.381926 -0.104753
v -0.171981 0.365151 -0.030875
v 0.166651 0.727880 -0.276162
v 0.109617 0.606750 -0.072415
v 0.247813 0.640577 -0.118394
v 0.247813 0.640577 -0.118394
v 0.271897 0.689081 -0.185472
v 0.166651 0.727880 -0.276162
v 0.271897 0.689081 -0.185472
v 0.247813 0.640577 -0.118394
v 0.328073 0.727605 -0.116916
v 0.328073 0.727605 -0.116916
v 0.332909 0.737349 -0.165092
v 0.271897 0.689081 -0.185472
v 0.332909 0.737349 -0.165092
v 0.328073 0.727605 -0.116916
v 0.362453 0.729546 -0.123084
v 0.362453 0.729546 -0.123084
v 0.364854 0.757891 -0.176529
v 0.332909 0.737349 -0.165092
v 0.364854 0.757891 -0.176529
v 0.362453 0.729546 -0.123084
v 0.396237 0.748073 -0.186356
v 0.390525 0.683214 -0.099076
v 0.396237 0.748073 -0.186356
v 0.362453 0.729546 -0.123084
v 0.916311 0.669262 -0.028871
v 0.981003 0.789671 -0.139455
v 0.908076 0.788550 -0.107008
v 1.333789 1.082862 -0.127240
v 1.263011 0.995073 -0.154237
v 1.263548 1.038355 -0.109148
v 1.433860 1.193175 -0.130478
v 1.468502 1.211422 -0.173412
v 1.333789 1.082862 -0.127240
v 1.433860 1.193175 -0.130478
v 1.508030 1.234040 -0.161506
v 1.468502 1.211422 -0.173412
v 1.508030 1.234040 -0.161506
v 1.518947 1.117304 -0.057694
v 1.604861 1.347635 -0.161579
v 1.604861 1.347635 -0.161579
v 1.645905 1.377044 -0.123750
v 1.731513 1.554649 -0.144497
v 2.137829 1.495126 -0.202407
v 2.214718 1.284502 -0.098048
v 2.215361 1.443554 -0.195677
v 2.215361 1.443554 -0.195677
v 2.214718 1.284502 -0.098048
v 2.250686 1.471061 -0.256567
v 2.238626 1.154166 -0.034247
v 2.250686 1.471061 -0.256567
v 2.214718 1.284502 -0.098048
v 2.250686 1.471061 -0.256567
v 2.238626 1.154166 -0.034247
v 2.320892 1.375182 -0.205695
v 2.614564 1.009731 -0.116530
v 2.634501 1.179332 -0.231992
v 2.503937 1.263815 -0.211029
v 2.826581 0.945632 -0.118390
v 2.944365 0.762690 -0.169498
v 2.743675 1.029408 -0.146422
v 2.961169 0.715442 -0.096089
v 2.944365 0.762690 -0.169498
v 2.826581 0.945632 -0.118390
v 2.944365 0.762690 -0.169498
v 2.961169 0.715442 -0.096089
v 3.087858 0.564622 -0.148016
v 3.087858 0.564622 -0.148016
v 3.220442 0.434571 -0.102033
v 3.213714 0.473437 -0.238200
v 3.213714 0.473437 -0.238200
v 3.220442 0.434571 -0.102033
v 3.424372 0.272736 -0.090069
v 3.429454 0.260958 -0.200921
v 3.424372 0.272736 -0.090069
v 3.583281 0.163096 -0.162894
v 3.615634 0.135300 -0.092060
v 3.855293 0.002206 0.021678
v 3.953623 -0.002098 -0.207667
v -0.901148 0.123712 -0.198650
v -0.987020 0.075626 -0.197012
v -0.896763 0.090513 -0.157686
v -0.833096 0.130694 -0.209645
v -0.896763 0.090513 -0.157686
v -0.704754 0.171783 -0.197054
v -0.357939 0.282823 -0.107531
v -0.353322 0.384443 -0.259711
v -0.516990 0.258596 -0.170388
v -0.353322 0.384443 -0.259711
v -0.357939 0.282823 -0.107531
v -0.252105 0.381926 -0.104753
v -0.239611 0.509781 -0.208382
v -0.171981 0.365151 -0.030875
v -0.089924 0.766161 -0.257382
v 0.029835 0.829328 -0.199600
v 0.056755 0.693888 -0.094968
v 0.045131 0.832546 -0.257290
v 0.045131 0.832546 -0.257290
v 0.056755 0.693888 -0.094968
v 0.109617 0.606750 -0.072415
v 0.805644 0.957414 -0.190755
v 0.790722 0.710737 -0.065769
v 0.867219 0.934776 -0.214082
v 1.263011 0.995073 -0.154237
v 1.289294 1.028702 -0.230553
v 1.183109 0.902935 -0.151462
v 1.333789 1.082862 -0.127240
v 1.289294 1.028702 -0.230553
v 1.263011 0.995073 -0.154237
v 1.289294 1.028702 -0.230553
v 1.333789 1.082862 -0.127240
v 1.468502 1.211422 -0.173412
v 1.754869 1.495623 -0.098500
v 1.810606 1.562141 -0.172596
v 1.731513 1.554649 -0.144497
v 1.935246 1.409709 -0.101471
v 1.911002 1.661131 -0.236873
v 1.865800 1.630780 -0.188483
v 1.978935 1.709345 -0.292690
v 1.911002 1.661131 -0.236873
v 1.935246 1.409709 -0.101471
v 2.474452 0.898988 0.014364
v 2.503937 1.263815 -0.211029
v 2.401932 1.147913 -0.131131
v 2.758109 1.041658 -0.190949
v 2.743675 1.029408 -0.146422
v 2.864640 0.873552 -0.182147
v 2.944365 0.762690 -0.169498
v 2.864640 0.873552 -0.182147
v 2.743675 1.029408 -0.146422
v 3.005362 0.673197 -0.216003
v 2.944365 0.762690 -0.169498
v 3.087858 0.564622 -0.148016
v 3.424372 0.272736 -0.090069
v 3.429454 0.260958 -0.200921
v 3.213714 0.473437 -0.238200
v -1.087856 0.097402 -0.278511
v -1.220886 0.000295 -0.170505
v -1.086305 0.034980 -0.180679
v -0.901148 0.123712 -0.198650
v -0.896763 0.090513 -0.157686
v -0.833096 0.130694 -0.209645
v -0.252105 0.381926 -0.104753
v -0.239611 0.509781 -0.208382
v -0.353322 0.384443 -0.259711
v -0.169905 0.669681 -0.253097
v -0.239611 0.509781 -0.208382
v -0.089924 0.766161 -0.257382
v -0.171981 0.365151 -0.030875
v -0.044036 0.829138 -0.250206
v -0.089924 0.766161 -0.257382
v -0.044036 0.829138 -0.250206
v -0.171981 0.365151 -0.030875
v -0.075616 0.601959 -0.129702
v 0.017931 0.733257 -0.120161
v 0.029835 0.829328 -0.199600
v -0.075616 0.601959 -0.129702
v 0.364854 0.757891 -0.176529
v 0.390063 0.869579 -0.255613
v 0.332909 0.737349 -0.165092
v 0.396237 0.748073 -0.186356
v 0.390063 0.869579 -0.255613
v 0.364854 0.757891 -0.176529
v 1.734535 1.652841 -0.229089
v 1.604861 1.347635 -0.161579
v 1.731513 1.554649 -0.144497
v 1.734535 1.652841 -0.229089
v 1.731513 1.554649 -0.144497
v 1.775715 1.722506 -0.286076
v 1.810606 1.562141 -0.172596
v 1.775715 1.722506 -0.286076
v 1.731513 1.554649 -0.144497
v 2.082697 1.295336 -0.084662
v 2.103105 1.672893 -0.279592
v 1.935246 1.409709 -0.101471
v 2.103105 1.672893 -0.279592
v 2.082697 1.295336 -0.084662
v 2.137829 1.495126 -0.202407
v 2.682939 1.110791 -0.181902
v 2.634501 1.179332 -0.231992
v 2.614564 1.009731 -0.116530
v 2.743675 1.029408 -0.146422
v 2.669188 1.231851 -0.288766
v 2.682939 1.110791 -0.181902
v 2.669188 1.231851 -0.288766
v 2.743675 1.029408 -0.146422
v 2.758109 1.041658 -0.190949
v 2.758109 1.041658 -0.190949
v 2.864640 0.873552 -0.182147
v 2.857581 0.940781 -0.240070
v 2.857581 0.940781 -0.240070
v 2.864640 0.873552 -0.182147
v 2.944365 0.762690 -0.169498
v 3.087858 0.564622 -0.148016
v 3.068472 0.629986 -0.252377
v 3.005362 0.673197 -0.216003
v 3.068472 0.629986 -0.252377
v 3.087858 0.564622 -0.148016
v 3.213714 0.473437 -0.238200
v 3.583281 0.163096 -0.162894
v 3.451196 0.232061 -0.267081
v 3.429454 0.260958 -0.200921
v 3.640477 0.168264 -0.367520
v 3.615634 0.135300 -0.092060
v 3.953623 -0.002098 -0.207667
v -1.220886 0.000295 -0.170505
v -1.194536 0.035228 -0.263291
v -1.301792 -0.002877 -0.260212
v -1.194536 0.035228 -0.263291
v -1.220886 0.000295 -0.170505
v -1.087856 0.097402 -0.278511
v -1.040544 0.074251 -0.266339
v -1.086305 0.034980 -0.180679
v -0.987020 0.075626 -0.197012
v -0.516990 0.258596 -0.170388
v -0.501184 0.408076 -0.351923
v -0.660655 0.192859 -0.173058
v -0.075616 0.601959 -0.129702
v 0.003949 0.827846 -0.231293
v -0.044036 0.829138 -0.250206
v 0.003949 0.827846 -0.231293
v -0.075616 0.601959 -0.129702
v 0.029835 0.829328 -0.199600
v 0.109617 0.606750 -0.072415
v 0.166651 0.727880 -0.276162
v 0.045131 0.832546 -0.257290
v 0.396237 0.748073 -0.186356
v 0.481049 0.824211 -0.220912
v 0.390063 0.869579 -0.255613
v 1.468502 1.211422 -0.173412
v 1.448379 1.306583 -0.310878
v 1.289294 1.028702 -0.230553
v 1.563628 1.476791 -0.274841
v 1.508030 1.234040 -0.161506
v 1.604861 1.347635 -0.161579
v 1.604861 1.347635 -0.161579
v 1.734535 1.652841 -0.229089
v 1.563628 1.476791 -0.274841
v 2.401932 1.147913 -0.131131
v 2.399855 1.460101 -0.301264
v 2.320892 1.375182 -0.205695
v 2.555453 1.353670 -0.267581
v 2.503937 1.263815 -0.211029
v 2.634501 1.179332 -0.231992
v 2.682939 1.110791 -0.181902
v 2.669188 1.231851 -0.288766
v 2.634501 1.179332 -0.231992
v 3.316520 0.374483 -0.242751
v 3.213714 0.473437 -0.238200
v 3.429454 0.260958 -0.200921
v -1.087856 0.097402 -0.278511
v -1.086305 0.034980 -0.180679
v -1.040544 0.074251 -0.266339
v -0.925146 0.130163 -0.334285
v -0.987020 0.075626 -0.197012
v -0.901148 0.123712 -0.198650
v -0.901148 0.123712 -0.198650
v -0.884033 0.143767 -0.261516
v -0.925146 0.130163 -0.334285
v -0.884033 0.143767 -0.261516
v -0.901148 0.123712 -0.198650
v -0.833096 0.130694 -0.209645
v -0.089924 0.766161 -0.257382
v -0.091453 0.971734 -0.356088
v -0.169905 0.669681 -0.253097
v 0.003949 0.827846 -0.231293
v -0.018103 0.935812 -0.286417
v -0.044036 0.829138 -0.250206
v 0.029835 0.829328 -0.199600
v 0.045131 0.832546 -0.257290
v 0.003949 0.827846 -0.231293
v 0.332909 0.737349 -0.165092
v 0.299884 0.831612 -0.430777
v 0.271897 0.689081 -0.185472
v 0.421461 0.931046 -0.270846
v 0.390063 0.869579 -0.255613
v 0.481049 0.824211 -0.220912
v 0.421461 0.931046 -0.270846
v 0.481049 0.824211 -0.220912
v 0.468526 0.982844 -0.311007
v 1.418611 1.290833 -0.334468
v 1.289294 1.028702 -0.230553
v 1.448379 1.306583 -0.310878
v 1.448379 1.306583 -0.310878
v 1.468502 1.211422 -0.173412
v 1.508030 1.234040 -0.161506
v 1.508030 1.234040 -0.161506
v 1.563628 1.476791 -0.274841
v 1.448379 1.306583 -0.310878
v 1.865800 1.630780 -0.188483
v 1.859690 1.743780 -0.275303
v 1.810606 1.562141 -0.172596
v 1.911002 1.661131 -0.236873
v 1.859690 1.743780 -0.275303
v 1.865800 1.630780 -0.188483
v 1.978935 1.709345 -0.292690
v 1.935246 1.409709 -0.101471
v 2.103105 1.672893 -0.279592
v 2.137829 1.495126 -0.202407
v 2.173794 1.660011 -0.303300
v 2.103105 1.672893 -0.279592
v 2.215361 1.443554 -0.195677
v 2.173794 1.660011 -0.303300
v 2.137829 1.495126 -0.202407
v 2.173794 1.660011 -0.303300
v 2.215361 1.443554 -0.195677
v 2.250686 1.471061 -0.256567
v 2.320892 1.375182 -0.205695
v 2.338090 1.551101 -0.313880
v 2.250686 1.471061 -0.256567
v 2.338090 1.551101 -0.313880
v 2.320892 1.375182 -0.205695
v 2.399855 1.460101 -0.301264
v 2.399855 1.460101 -0.301264
v 2.401932 1.147913 -0.131131
v 2.503937 1.263815 -0.211029
v 2.634501 1.179332 -0.231992
v 2.599855 1.299959 -0.314888
v 2.555453 1.353670 -0.267581
v 2.758109 1.041658 -0.190949
v 2.729734 1.140673 -0.297669
v 2.669188 1.231851 -0.288766
v 2.729734 1.140673 -0.297669
v 2.758109 1.041658 -0.190949
v 2.857581 0.940781 -0.240070
v 2.944365 0.762690 -0.169498
v 2.924001 0.833269 -0.312421
v 2.857581 0.940781 -0.240070
v 2.924001 0.833269 -0.312421
v 2.944365 0.762690 -0.169498
v 3.005362 0.673197 -0.216003
v 3.259094 0.481700 -0.273114
v 3.213714 0.473437 -0.238200
v 3.316520 0.374483 -0.242751
v 3.429454 0.260958 -0.200921
v 3.386901 0.282533 -0.293051
v 3.316520 0.374483 -0.242751
v 3.429454 0.260958 -0.200921
v 3.451196 0.232061 -0.267081
v 3.386901 0.282533 -0.293051
v 3.583281 0.163096 -0.162894
v 3.615634 0.135300 -0.092060
v 3.640477 0.168264 -0.367520
v -1.194536 0.035228 -0.263291
v -1.196494 0.094583 -0.360435
v -1.301792 -0.002877 -0.260212
v -0.925146 0.130163 -0.334285
v -1.040544 0.074251 -0.266339
v -0.987020 0.075626 -0.197012
v -0.837187 0.188319 -0.291836
v -0.884033 0.143767 -0.261516
v -0.833096 0.130694 -0.209645
v -0.660655 0.192859 -0.173058
v -0.501184 0.408076 -0.351923
v -0.704754 0.171783 -0.197054
v -0.155267 0.882631 -0.374045
v -0.239611 0.509781 -0.208382
v -0.169905 0.669681 -0.253097
v -0.044036 0.829138 -0.250206
v -0.018103 0.935812 -0.286417
v -0.089924 0.766161 -0.257382
v 0.045131 0.832546 -0.257290
v -0.018103 0.935812 -0.286417
v 0.003949 0.827846 -0.231293
v 0.103149 0.870632 -0.324884
v 0.045131 0.832546 -0.257290
v 0.166651 0.727880 -0.276162
v 0.271897 0.689081 -0.185472
v 0.207076 0.786876 -0.375821
v 0.166651 0.727880 -0.276162
v 0.332909 0.737349 -0.165092
v 0.390063 0.869579 -0.255613
v 0.299884 0.831612 -0.430777
v 1.044091 0.869094 -0.237498
v 0.942578 1.068145 -0.324558
v 0.987464 0.916234 -0.217058
v 1.734535 1.652841 -0.229089
v 1.729026 1.731851 -0.285083
v 1.563628 1.476791 -0.274841
v 1.729026 1.731851 -0.285083
v 1.734535 1.652841 -0.229089
v 1.775715 1.722506 -0.286076
v 1.810606 1.562141 -0.172596
v 1.813329 1.758590 -0.331732
v 1.775715 1.722506 -0.286076
v 1.813329 1.758590 -0.331732
v 1.810606 1.562141 -0.172596
v 1.859690 1.743780 -0.275303
v 1.873972 1.842726 -0.319448
v 1.859690 1.743780 -0.275303
v 1.911002 1.661131 -0.236873
v 1.952011 1.816126 -0.358310
v 1.911002 1.661131 -0.236873
v 1.978935 1.709345 -0.292690
v 2.857581 0.940781 -0.240070
v 2.812396 1.037272 -0.288836
v 2.729734 1.140673 -0.297669
v 2.924001 0.833269 -0.312421
v 3.005362 0.673197 -0.216003
v 3.068472 0.629986 -0.252377
v 3.213714 0.473437 -0.238200
v 3.086742 0.664096 -0.301292
v 3.068472 0.629986 -0.252377
v 3.086742 0.664096 -0.301292
v 3.213714 0.473437 -0.238200
v 3.259094 0.481700 -0.273114
v 3.259094 0.481700 -0.273114
v 3.316520 0.374483 -0.242751
v 3.386901 0.282533 -0.293051
v 3.583281 0.163096 -0.162894
v 3.640477 0.168264 -0.367520
v 3.451196 0.232061 -0.267081
v -1.087856 0.097402 -0.278511
v -1.072896 0.115404 -0.378640
v -1.194536 0.035228 -0.263291
v -1.040544 0.074251 -0.266339
v -1.027945 0.121321 -0.335458
v -1.087856 0.097402 -0.278511
v -1.027945 0.121321 -0.335458
v -1.040544 0.074251 -0.266339
v -0.925146 0.130163 -0.334285
v -0.833096 0.130694 -0.209645
v -0.731011 0.226737 -0.349178
v -0.837187 0.188319 -0.291836
v -0.731011 0.226737 -0.349178
v -0.833096 0.130694 -0.209645
v -0.704754 0.171783 -0.197054
v -0.704754 0.171783 -0.197054
v -0.610156 0.306145 -0.350940
v -0.731011 0.226737 -0.349178
v -0.610156 0.306145 -0.350940
v -0.704754 0.171783 -0.197054
v -0.501184 0.408076 -0.351923
v -0.353322 0.384443 -0.259711
v -0.445816 0.481926 -0.398055
v -0.516990 0.258596 -0.170388
v 0.045131 0.832546 -0.257290
v 0.103149 0.870632 -0.324884
v -0.018103 0.935812 -0.286417
v 0.390063 0.869579 -0.255613
v 0.371161 0.874101 -0.362209
v 0.299884 0.831612 -0.430777
v 0.371161 0.874101 -0.362209
v 0.390063 0.869579 -0.255613
v 0.421461 0.931046 -0.270846
v 1.289294 1.028702 -0.230553
v 1.349725 1.171785 -0.323408
v 1.182731 0.963256 -0.313963
v 1.349725 1.171785 -0.323408
v 1.289294 1.028702 -0.230553
v 1.418611 1.290833 -0.334468
v 1.563628 1.476791 -0.274841
v 1.663870 1.649190 -0.337987
v 1.550893 1.490059 -0.326241
v 1.663870 1.649190 -0.337987
v 1.563628 1.476791 -0.274841
v 1.729026 1.731851 -0.285083
v 1.873972 1.842726 -0.319448
v 1.911002 1.661131 -0.236873
v 1.952011 1.816126 -0.358310
v 2.060695 1.731850 -0.320506
v 1.978935 1.709345 -0.292690
v 2.103105 1.672893 -0.279592
v 2.103105 1.672893 -0.279592
v 2.120302 1.745253 -0.347939
v 2.060695 1.731850 -0.320506
v 2.120302 1.745253 -0.347939
v 2.103105 1.672893 -0.279592
v 2.173794 1.660011 -0.303300
v 2.250686 1.471061 -0.256567
v 2.212610 1.630511 -0.354579
v 2.173794 1.660011 -0.303300
v 2.555453 1.353670 -0.267581
v 2.599855 1.299959 -0.314888
v 2.525267 1.461016 -0.375425
v 2.634501 1.179332 -0.231992
v 2.669188 1.231851 -0.288766
v 2.599855 1.299959 -0.314888
v 2.857581 0.940781 -0.240070
v 2.924001 0.833269 -0.312421
v 2.812396 1.037272 -0.288836
v 3.068472 0.629986 -0.252377
v 3.086742 0.664096 -0.301292
v 2.924001 0.833269 -0.312421
v 3.250126 0.460917 -0.422748
v 3.259094 0.481700 -0.273114
v 3.386901 0.282533 -0.293051
v -0.884033 0.143767 -0.261516
v -0.842657 0.167160 -0.369420
v -0.925146 0.130163 -0.334285
v -0.837187 0.188319 -0.291836
v -0.842657 0.167160 -0.369420
v -0.884033 0.143767 -0.261516
v -0.353322 0.384443 -0.259711
v -0.343173 0.514487 -0.385349
v -0.445816 0.481926 -0.398055
v -0.353322 0.384443 -0.259711
v -0.239611 0.509781 -0.208382
v -0.343173 0.514487 -0.385349
v 0.166651 0.727880 -0.276162
v 0.207076 0.786876 -0.375821
v 0.103149 0.870632 -0.324884
v 0.509921 1.134727 -0.365057
v 0.468526 0.982844 -0.311007
v 0.581378 0.857207 -0.204474
v 1.563628 1.476791 -0.274841
v 1.550893 1.490059 -0.326241
v 1.448379 1.306583 -0.310878
v 1.729026 1.731851 -0.285083
v 1.731369 1.732566 -0.341909
v 1.663870 1.649190 -0.337987
v 1.731369 1.732566 -0.341909
v 1.729026 1.731851 -0.285083
v 1.775715 1.722506 -0.286076
v 2.729734 1.140673 -0.297669
v 2.754135 1.102131 -0.368241
v 2.669188 1.231851 -0.288766
v 2.812396 1.037272 -0.288836
v 2.754135 1.102131 -0.368241
v 2.729734 1.140673 -0.297669
v 2.754135 1.102131 -0.368241
v 2.812396 1.037272 -0.288836
v 2.924001 0.833269 -0.312421
v 3.086742 0.664096 -0.301292
v 2.968034 0.838019 -0.366341
v 2.924001 0.833269 -0.312421
v 3.086742 0.664096 -0.301292
v 3.259094 0.481700 -0.273114
v 3.156198 0.595106 -0.339573
v -1.247623 0.069892 -0.422006
v -1.301792 -0.002877 -0.260212
v -1.196494 0.094583 -0.360435
v -1.194536 0.035228 -0.263291
v -1.072896 0.115404 -0.378640
v -1.196494 0.094583 -0.360435
v -1.072896 0.115404 -0.378640
v -1.087856 0.097402 -0.278511
v -1.027945 0.121321 -0.335458
v -0.925146 0.130163 -0.334285
v -0.959184 0.168955 -0.387782
v -1.027945 0.121321 -0.335458
v -0.842657 0.167160 -0.369420
v -0.837187 0.188319 -0.291836
v -0.731011 0.226737 -0.349178
v -0.634155 0.327946 -0.383232
v -0.731011 0.226737 -0.349178
v -0.610156 0.306145 -0.350940
v -0.343173 0.514487 -0.385349
v -0.239611 0.509781 -0.208382
v -0.155267 0.882631 -0.374045
v 0.061536 1.070700 -0.405886
v -0.018103 0.935812 -0.286417
v 0.109482 0.995293 -0.397739
v 0.103149 0.870632 -0.324884
v 0.109482 0.995293 -0.397739
v -0.018103 0.935812 -0.286417
v 0.207076 0.786876 -0.375821
v 0.109482 0.995293 -0.397739
v 0.103149 0.870632 -0.324884
v 0.421461 0.931046 -0.270846
v 0.447431 1.036152 -0.361207
v 0.371161 0.874101 -0.362209
v 0.447431 1.036152 -0.361207
v 0.421461 0.931046 -0.270846
v 0.468526 0.982844 -0.311007
v 0.468526 0.982844 -0.311007
v 0.509921 1.134727 -0.365057
v 0.447431 1.036152 -0.361207
v 0.711802 1.166556 -0.295054
v 0.771349 1.235303 -0.403219
v 0.674809 1.277999 -0.355490
v 0.747079 1.106990 -0.285815
v 0.771349 1.235303 -0.403219
v 0.711802 1.166556 -0.295054
v 1.182731 0.963256 -0.313963
v 1.159230 1.033260 -0.400742
v 1.119856 0.986742 -0.351355
v 1.159230 1.033260 -0.400742
v 1.182731 0.963256 -0.313963
v 1.349725 1.171785 -0.323408
v 1.448379 1.306583 -0.310878
v 1.550893 1.490059 -0.326241
v 1.418611 1.290833 -0.334468
v 1.663870 1.649190 -0.337987
v 1.595367 1.628634 -0.363246
v 1.550893 1.490059 -0.326241
v 2.104978 1.828199 -0.412492
v 2.120302 1.745253 -0.347939
v 2.212610 1.630511 -0.354579
v 2.173794 1.660011 -0.303300
v 2.212610 1.630511 -0.354579
v 2.120302 1.745253 -0.347939
v 2.669188 1.231851 -0.288766
v 2.600757 1.470413 -0.414186
v 2.599855 1.299959 -0.314888
v 2.924001 0.833269 -0.312421
v 2.843272 0.999049 -0.394869
v 2.754135 1.102131 -0.368241
v 2.968034 0.838019 -0.366341
v 3.086742 0.664096 -0.301292
v 3.156198 0.595106 -0.339573
v 3.099122 0.678775 -0.394841
v 3.156198 0.595106 -0.339573
v 3.148404 0.638239 -0.382714
v 3.259094 0.481700 -0.273114
v 3.250126 0.460917 -0.422748
v 3.156198 0.595106 -0.339573
v 3.640477 0.168264 -0.367520
v 3.953623 -0.002098 -0.207667
v 3.999627 -0.001809 -0.371428
v -1.301792 -0.002877 -0.260212
v -1.386925 0.003513 -0.405383
v -1.360503 0.001722 -0.347830
v -1.386925 0.003513 -0.405383
v -1.301792 -0.002877 -0.260212
v -1.247623 0.069892 -0.422006
v -1.072896 0.115404 -0.378640
v -1.118477 0.134642 -0.401654
v -1.196494 0.094583 -0.360435
v -0.731011 0.226737 -0.349178
v -0.634155 0.327946 -0.383232
v -0.821113 0.211565 -0.462988
v -0.498264 0.482424 -0.416546
v -0.610156 0.306145 -0.350940
v -0.501184 0.408076 -0.351923
v -0.155267 0.882631 -0.374045
v -0.180019 0.844617 -0.412183
v -0.343173 0.514487 -0.385349
v 0.207076 0.786876 -0.375821
v 0.271897 0.689081 -0.185472
v 0.299884 0.831612 -0.430777
v 0.771349 1.235303 -0.403219
v 0.717734 1.276040 -0.387201
v 0.674809 1.277999 -0.355490
v 0.848291 1.335940 -0.421961
v 0.824804 1.162146 -0.329468
v 0.909396 1.329983 -0.419024
v 0.953267 1.171916 -0.377060
v 0.909396 1.329983 -0.419024
v 0.824804 1.162146 -0.329468
v 1.349725 1.171785 -0.323408
v 1.314592 1.259255 -0.405291
v 1.159230 1.033260 -0.400742
v 1.349725 1.171785 -0.323408
v 1.392011 1.314498 -0.402954
v 1.314592 1.259255 -0.405291
v 1.392011 1.314498 -0.402954
v 1.349725 1.171785 -0.323408
v 1.418611 1.290833 -0.334468
v 1.458967 1.481258 -0.430443
v 1.418611 1.290833 -0.334468
v 1.550893 1.490059 -0.326241
v 1.550893 1.490059 -0.326241
v 1.595367 1.628634 -0.363246
v 1.458967 1.481258 -0.430443
v 1.663870 1.649190 -0.337987
v 1.653780 1.749095 -0.407580
v 1.595367 1.628634 -0.363246
v 2.212610 1.630511 -0.354579
v 2.250686 1.471061 -0.256567
v 2.267632 1.719545 -0.432936
v 2.267632 1.719545 -0.432936
v 2.250686 1.471061 -0.256567
v 2.338090 1.551101 -0.313880
v 2.599855 1.299959 -0.314888
v 2.600757 1.470413 -0.414186
v 2.525267 1.461016 -0.375425
v 2.924001 0.833269 -0.312421
v 2.968034 0.838019 -0.366341
v 2.843272 0.999049 -0.394869
v 3.156198 0.595106 -0.339573
v 3.099122 0.678775 -0.394841
v 2.968034 0.838019 -0.366341
v 3.451196 0.232061 -0.267081
v 3.546202 0.243945 -0.518741
v 3.386901 0.282533 -0.293051
v -1.247623 0.069892 -0.422006
v -1.196494 0.094583 -0.360435
v -1.118477 0.134642 -0.401654
v -1.072896 0.115404 -0.378640
v -1.027945 0.121321 -0.335458
v -0.959184 0.168955 -0.387782
v -0.925146 0.130163 -0.334285
v -0.891741 0.230812 -0.520734
v -0.959184 0.168955 -0.387782
v -0.821113 0.211565 -0.462988
v -0.842657 0.167160 -0.369420
v -0.731011 0.226737 -0.349178
v -0.610156 0.306145 -0.350940
v -0.636232 0.366738 -0.436292
v -0.634155 0.327946 -0.383232
v -0.636232 0.366738 -0.436292
v -0.610156 0.306145 -0.350940
v -0.498264 0.482424 -0.416546
v -0.498264 0.482424 -0.416546
v -0.585703 0.422816 -0.466110
v -0.636232 0.366738 -0.436292
v -0.516990 0.258596 -0.170388
v -0.445816 0.481926 -0.398055
v -0.501184 0.408076 -0.351923
v 0.207076 0.786876 -0.375821
v 0.168333 0.858127 -0.428065
v 0.109482 0.995293 -0.397739
v 0.447431 1.036152 -0.361207
v 0.417061 0.948424 -0.441294
v 0.371161 0.874101 -0.362209
v 0.729871 1.301686 -0.461199
v 0.717734 1.276040 -0.387201
v 0.771349 1.235303 -0.403219
v 1.595367 1.628634 -0.363246
v 1.653780 1.749095 -0.407580
v 1.458967 1.481258 -0.430443
v 2.192803 1.818678 -0.438120
v 2.104978 1.828199 -0.412492
v 2.267632 1.719545 -0.432936
v 2.212610 1.630511 -0.354579
v 2.267632 1.719545 -0.432936
v 2.104978 1.828199 -0.412492
v 2.600757 1.470413 -0.414186
v 2.669188 1.231851 -0.288766
v 2.754135 1.102131 -0.368241
v 2.783703 1.139966 -0.433555
v 2.754135 1.102131 -0.368241
v 2.843272 0.999049 -0.394869
v 2.868377 1.026491 -0.437008
v 2.843272 0.999049 -0.394869
v 2.968034 0.838019 -0.366341
v 3.148404 0.638239 -0.382714
v 3.156198 0.595106 -0.339573
v 3.250126 0.460917 -0.422748
v 3.546202 0.243945 -0.518741
v 3.384202 0.332820 -0.438568
v 3.386901 0.282533 -0.293051
v 3.546202 0.243945 -0.518741
v 3.451196 0.232061 -0.267081
v 3.640477 0.168264 -0.367520
v 3.806394 0.094925 -0.527303
v 3.640477 0.168264 -0.367520
v 3.999627 -0.001809 -0.371428
v -0.959184 0.168955 -0.387782
v -1.040923 0.165759 -0.490336
v -1.072896 0.115404 -0.378640
v -0.634155 0.327946 -0.383232
v -0.636232 0.366738 -0.436292
v -0.821113 0.211565 -0.462988
v -0.501184 0.408076 -0.351923
v -0.445816 0.481926 -0.398055
v -0.498264 0.482424 -0.416546
v -0.384750 0.569561 -0.460409
v -0.445816 0.481926 -0.398055
v -0.343173 0.514487 -0.385349
v -0.343173 0.514487 -0.385349
v -0.319307 0.638655 -0.452381
v -0.384750 0.569561 -0.460409
v -0.319307 0.638655 -0.452381
v -0.343173 0.514487 -0.385349
v -0.180019 0.844617 -0.412183
v 0.061536 1.070700 -0.405886
v 0.061659 1.075642 -0.441063
v 0.036691 1.074807 -0.424035
v 0.061659 1.075642 -0.441063
v 0.061536 1.070700 -0.405886
v 0.109482 0.995293 -0.397739
v 0.119248 0.928661 -0.475062
v 0.109482 0.995293 -0.397739
v 0.168333 0.858127 -0.428065
v 0.168333 0.858127 -0.428065
v 0.207076 0.786876 -0.375821
v 0.213793 0.840466 -0.462897
v 0.417061 0.948424 -0.441294
v 0.447431 1.036152 -0.361207
v 0.514089 1.089416 -0.444924
v 0.509921 1.134727 -0.365057
v 0.514089 1.089416 -0.444924
v 0.447431 1.036152 -0.361207
v 1.336287 1.288413 -0.441195
v 1.314592 1.259255 -0.405291
v 1.392011 1.314498 -0.402954
v 1.418611 1.290833 -0.334468
v 1.458967 1.481258 -0.430443
v 1.392011 1.314498 -0.402954
v 1.653780 1.749095 -0.407580
v 1.537726 1.539904 -0.472324
v 1.458967 1.481258 -0.430443
v 2.754135 1.102131 -0.368241
v 2.717374 1.243076 -0.463907
v 2.600757 1.470413 -0.414186
v 2.717374 1.243076 -0.463907
v 2.754135 1.102131 -0.368241
v 2.783703 1.139966 -0.433555
v 2.783703 1.139966 -0.433555
v 2.843272 0.999049 -0.394869
v 2.868377 1.026491 -0.437008
v 2.868377 1.026491 -0.437008
v 2.968034 0.838019 -0.366341
v 2.980631 0.812765 -0.435911
v 2.980631 0.812765 -0.435911
v 2.968034 0.838019 -0.366341
v 3.099122 0.678775 -0.394841
v 3.148404 0.638239 -0.382714
v 3.144153 0.574638 -0.443142
v 3.099122 0.678775 -0.394841
v 3.148404 0.638239 -0.382714
v 3.250126 0.460917 -0.422748
v 3.144153 0.574638 -0.443142
v 3.386901 0.282533 -0.293051
v 3.384202 0.332820 -0.438568
v 3.250126 0.460917 -0.422748
v -1.247623 0.069892 -0.422006
v -1.322275 0.008780 -0.488166
v -1.386925 0.003513 -0.405383
v -1.132165 0.142462 -0.479866
v -1.247623 0.069892 -0.422006
v -1.118477 0.134642 -0.401654
v -1.072896 0.115404 -0.378640
v -1.040923 0.165759 -0.490336
v -1.118477 0.134642 -0.401654
v -0.959184 0.168955 -0.387782
v -0.891741 0.230812 -0.520734
v -1.040923 0.165759 -0.490336
v -0.697881 0.325406 -0.519447
v -0.821113 0.211565 -0.462988
v -0.636232 0.366738 -0.436292
v -0.498264 0.482424 -0.416546
v -0.506076 0.509737 -0.476782
v -0.585703 0.422816 -0.466110
v -0.506076 0.509737 -0.476782
v -0.498264 0.482424 -0.416546
v -0.445816 0.481926 -0.398055
v -0.445816 0.481926 -0.398055
v -0.384750 0.569561 -0.460409
v -0.506076 0.509737 -0.476782
v -0.180019 0.844617 -0.412183
v -0.191791 0.808311 -0.488306
v -0.319307 0.638655 -0.452381
v 0.109482 0.995293 -0.397739
v 0.119248 0.928661 -0.475062
v 0.061659 1.075642 -0.441063
v 0.119248 0.928661 -0.475062
v 0.168333 0.858127 -0.428065
v 0.172937 0.917630 -0.491527
v 0.172937 0.917630 -0.491527
v 0.168333 0.858127 -0.428065
v 0.213793 0.840466 -0.462897
v 0.213793 0.840466 -0.462897
v 0.207076 0.786876 -0.375821
v 0.299884 0.831612 -0.430777
v 0.299884 0.831612 -0.430777
v 0.371161 0.874101 -0.362209
v 0.417061 0.948424 -0.441294
v 1.163913 1.099897 -0.506532
v 1.159230 1.033260 -0.400742
v 1.314592 1.259255 -0.405291
v 1.336287 1.288413 -0.441195
v 1.287658 1.268672 -0.545788
v 1.314592 1.259255 -0.405291
v 1.392011 1.314498 -0.402954
v 1.397215 1.392949 -0.474001
v 1.336287 1.288413 -0.441195
v 1.397215 1.392949 -0.474001
v 1.392011 1.314498 -0.402954
v 1.458967 1.481258 -0.430443
v 1.653780 1.749095 -0.407580
v 1.656048 1.652800 -0.482605
v 1.537726 1.539904 -0.472324
v 3.099122 0.678775 -0.394841
v 3.144153 0.574638 -0.443142
v 2.980631 0.812765 -0.435911
v 3.546202 0.243945 -0.518741
v 3.362680 0.348667 -0.480648
v 3.384202 0.332820 -0.438568
v -1.344357 0.001503 -0.559233
v -1.386925 0.003513 -0.405383
v -1.322275 0.008780 -0.488166
v -1.247623 0.069892 -0.422006
v -1.208817 0.083564 -0.507081
v -1.322275 0.008780 -0.488166
v -1.132165 0.142462 -0.479866
v -1.208817 0.083564 -0.507081
v -1.247623 0.069892 -0.422006
v -1.132165 0.142462 -0.479866
v -1.118477 0.134642 -0.401654
v -1.040923 0.165759 -0.490336
v -0.925146 0.130163 -0.334285
v -0.821113 0.211565 -0.462988
v -0.891741 0.230812 -0.520734
v -0.821113 0.211565 -0.462988
v -0.925146 0.130163 -0.334285
v -0.842657 0.167160 -0.369420
v -0.319307 0.638655 -0.452381
v -0.321587 0.686192 -0.554721
v -0.384750 0.569561 -0.460409
v 0.061659 1.075642 -0.441063
v 0.086062 0.966830 -0.498894
v 0.034420 1.047575 -0.486792
v 0.086062 0.966830 -0.498894
v 0.061659 1.075642 -0.441063
v 0.119248 0.928661 -0.475062
v 0.299884 0.831612 -0.430777
v 0.417061 0.948424 -0.441294
v 0.340285 0.919475 -0.580506
v 0.514089 1.089416 -0.444924
v 0.536032 1.068582 -0.523066
v 0.417061 0.948424 -0.441294
v 0.536032 1.068582 -0.523066
v 0.514089 1.089416 -0.444924
v 0.642073 1.196945 -0.467265
v 1.314592 1.259255 -0.405291
v 1.287658 1.268672 -0.545788
v 1.163913 1.099897 -0.506532
v 1.336287 1.288413 -0.441195
v 1.397215 1.392949 -0.474001
v 1.287658 1.268672 -0.545788
v 1.397215 1.392949 -0.474001
v 1.458967 1.481258 -0.430443
v 1.537726 1.539904 -0.472324
v 2.245811 1.936245 -0.582850
v 2.192803 1.818678 -0.438120
v 2.267632 1.719545 -0.432936
v 2.717374 1.243076 -0.463907
v 2.646948 1.369074 -0.505961
v 2.600757 1.470413 -0.414186
v 2.737086 1.180187 -0.555071
v 2.717374 1.243076 -0.463907
v 2.783703 1.139966 -0.433555
v 2.783703 1.139966 -0.433555
v 2.868377 1.026491 -0.437008
v 2.737086 1.180187 -0.555071
v 2.983610 0.792181 -0.499913
v 2.868377 1.026491 -0.437008
v 2.980631 0.812765 -0.435911
v 2.983610 0.792181 -0.499913
v 2.980631 0.812765 -0.435911
v 3.144153 0.574638 -0.443142
v 3.144153 0.574638 -0.443142
v 3.250126 0.460917 -0.422748
v 3.119267 0.620738 -0.535019
v 3.119267 0.620738 -0.535019
v 3.250126 0.460917 -0.422748
v 3.384202 0.332820 -0.438568
v 3.546202 0.243945 -0.518741
v 3.640477 0.168264 -0.367520
v 3.806394 0.094925 -0.527303
v -1.208817 0.083564 -0.507081
v -1.132165 0.142462 -0.479866
v -1.040923 0.165759 -0.490336
v -0.789076 0.271375 -0.545633
v -0.821113 0.211565 -0.462988
v -0.697881 0.325406 -0.519447
v -0.697881 0.325406 -0.519447
v -0.636232 0.366738 -0.436292
v -0.585703 0.422816 -0.466110
v -0.518440 0.627547 -0.570702
v -0.506076 0.509737 -0.476782
v -0.384750 0.569561 -0.460409
v -0.384750 0.569561 -0.460409
v -0.425186 0.705329 -0.581562
v -0.518440 0.627547 -0.570702
v -0.384750 0.569561 -0.460409
v -0.321587 0.686192 -0.554721
v -0.425186 0.705329 -0.581562
v -0.319307 0.638655 -0.452381
v -0.191791 0.808311 -0.488306
v -0.321587 0.686192 -0.554721
v -0.107352 0.898812 -0.522746
v -0.191791 0.808311 -0.488306
v -0.076873 0.920618 -0.467569
v 0.034420 1.047575 -0.486792
v 0.086062 0.966830 -0.498894
v 0.024414 1.043708 -0.538097
v 0.086062 0.966830 -0.498894
v 0.119248 0.928661 -0.475062
v 0.137646 1.008984 -0.543179
v 0.137646 1.008984 -0.543179
v 0.119248 0.928661 -0.475062
v 0.172937 0.917630 -0.491527
v 0.204101 0.939911 -0.588026
v 0.172937 0.917630 -0.491527
v 0.213793 0.840466 -0.462897
v 0.417061 0.948424 -0.441294
v 0.412827 0.962439 -0.533063
v 0.340285 0.919475 -0.580506
v 0.412827 0.962439 -0.533063
v 0.417061 0.948424 -0.441294
v 0.536032 1.068582 -0.523066
v 0.642073 1.196945 -0.467265
v 0.715355 1.296981 -0.494268
v 0.536032 1.068582 -0.523066
v 1.537726 1.539904 -0.472324
v 1.594118 1.594915 -0.540676
v 1.397215 1.392949 -0.474001
v 1.656048 1.652800 -0.482605
v 1.594118 1.594915 -0.540676
v 1.537726 1.539904 -0.472324
v 2.466111 1.632739 -0.468551
v 2.425158 1.695879 -0.547927
v 2.383564 1.718821 -0.478809
v 2.466111 1.632739 -0.468551
v 2.489935 1.565613 -0.511077
v 2.425158 1.695879 -0.547927
v 2.489935 1.565613 -0.511077
v 2.519318 1.607090 -0.459203
v 2.646948 1.369074 -0.505961
v 2.717374 1.243076 -0.463907
v 2.737086 1.180187 -0.555071
v 2.646948 1.369074 -0.505961
v 3.144153 0.574638 -0.443142
v 3.119267 0.620738 -0.535019
v 2.983610 0.792181 -0.499913
v -1.344357 0.001503 -0.559233
v -1.322275 0.008780 -0.488166
v -1.208817 0.083564 -0.507081
v -1.040923 0.165759 -0.490336
v -1.054799 0.160862 -0.603188
v -1.208817 0.083564 -0.507081
v -1.054799 0.160862 -0.603188
v -1.040923 0.165759 -0.490336
v -0.891741 0.230812 -0.520734
v -0.506076 0.509737 -0.476782
v -0.518440 0.627547 -0.570702
v -0.585703 0.422816 -0.466110
v -0.191791 0.808311 -0.488306
v -0.212788 0.825897 -0.587623
v -0.321587 0.686192 -0.554721
v -0.212788 0.825897 -0.587623
v -0.191791 0.808311 -0.488306
v -0.107352 0.898812 -0.522746
v -0.076873 0.920618 -0.467569
v -0.082922 0.988578 -0.577816
v -0.107352 0.898812 -0.522746
v 0.204101 0.939911 -0.588026
v 0.213793 0.840466 -0.462897
v 0.229165 0.975909 -0.657362
v 0.229165 0.975909 -0.657362
v 0.213793 0.840466 -0.462897
v 0.299884 0.831612 -0.430777
v 0.229165 0.975909 -0.657362
v 0.299884 0.831612 -0.430777
v 0.340285 0.919475 -0.580506
v 0.584624 1.195572 -0.611355
v 0.536032 1.068582 -0.523066
v 0.715355 1.296981 -0.494268
v 2.245811 1.936245 -0.582850
v 2.267632 1.719545 -0.432936
v 2.324227 1.878642 -0.589574
v 2.333001 1.735924 -0.465614
v 2.324227 1.878642 -0.589574
v 2.267632 1.719545 -0.432936
v 2.324227 1.878642 -0.589574
v 2.333001 1.735924 -0.465614
v 2.383564 1.718821 -0.478809
v 2.983610 0.792181 -0.499913
v 2.737086 1.180187 -0.555071
v 2.868377 1.026491 -0.437008
v 3.181215 0.532530 -0.545953
v 3.119267 0.620738 -0.535019
v 3.384202 0.332820 -0.438568
v 3.181215 0.532530 -0.545953
v 3.384202 0.332820 -0.438568
v 3.362680 0.348667 -0.480648
v 3.806394 0.094925 -0.527303
v 3.999627 -0.001809 -0.371428
v 4.003658 -0.000088 -0.555839
v -1.208817 0.083564 -0.507081
v -1.054799 0.160862 -0.603188
v -1.344357 0.001503 -0.559233
v -0.821113 0.211565 -0.462988
v -0.789076 0.271375 -0.545633
v -0.891741 0.230812 -0.520734
v -0.603758 0.498688 -0.608731
v -0.697881 0.325406 -0.519447
v -0.585703 0.422816 -0.466110
v -0.585703 0.422816 -0.466110
v -0.518440 0.627547 -0.570702
v -0.603758 0.498688 -0.608731
v -0.107352 0.898812 -0.522746
v -0.082922 0.988578 -0.577816
v -0.212788 0.825897 -0.587623
v 0.137646 1.008984 -0.543179
v 0.172937 0.917630 -0.491527
v 0.204101 0.939911 -0.588026
v 0.399709 1.009809 -0.593328
v 0.412827 0.962439 -0.533063
v 0.536032 1.068582 -0.523066
v 1.190379 1.158896 -0.591431
v 1.163913 1.099897 -0.506532
v 1.287658 1.268672 -0.545788
v 1.594118 1.594915 -0.540676
v 1.567451 1.612897 -0.586709
v 1.486914 1.488052 -0.590949
v 2.425158 1.695879 -0.547927
v 2.324227 1.878642 -0.589574
v 2.383564 1.718821 -0.478809
v 2.425158 1.695879 -0.547927
v 2.489935 1.565613 -0.511077
v 2.506202 1.523840 -0.597572
v 3.546202 0.243945 -0.518741
v 3.418897 0.339790 -0.586728
v 3.362680 0.348667 -0.480648
v 3.806394 0.094925 -0.527303
v 3.694029 0.164691 -0.647486
v 3.546202 0.243945 -0.518741
v 3.825030 0.073669 -0.637596
v 3.806394 0.094925 -0.527303
v 4.003658 -0.000088 -0.555839
v -0.891741 0.230812 -0.520734
v -0.915492 0.259790 -0.615323
v -1.054799 0.160862 -0.603188
v -0.915492 0.259790 -0.615323
v -0.891741 0.230812 -0.520734
v -0.789076 0.271375 -0.545633
v -0.789076 0.271375 -0.545633
v -0.835528 0.298929 -0.625227
v -0.915492 0.259790 -0.615323
v -0.697881 0.325406 -0.519447
v -0.736116 0.363956 -0.636296
v -0.789076 0.271375 -0.545633
v -0.697881 0.325406 -0.519447
v -0.603758 0.498688 -0.608731
v -0.736116 0.363956 -0.636296
v -0.321587 0.686192 -0.554721
v -0.398020 0.764632 -0.635275
v -0.425186 0.705329 -0.581562
v -0.321587 0.686192 -0.554721
v -0.370666 0.829203 -0.687066
v -0.398020 0.764632 -0.635275
v -0.097763 0.978547 -0.616751
v -0.212788 0.825897 -0.587623
v -0.082922 0.988578 -0.577816
v 0.090285 1.061409 -0.585967
v 0.137646 1.008984 -0.543179
v 0.132701 1.020688 -0.630573
v 0.132701 1.020688 -0.630573
v 0.137646 1.008984 -0.543179
v 0.204101 0.939911 -0.588026
v 0.340285 0.919475 -0.580506
v 0.412827 0.962439 -0.533063
v 0.399709 1.009809 -0.593328
v 0.514677 1.113027 -0.585088
v 0.399709 1.009809 -0.593328
v 0.536032 1.068582 -0.523066
v 0.514677 1.113027 -0.585088
v 0.536032 1.068582 -0.523066
v 0.584624 1.195572 -0.611355
v 1.594118 1.594915 -0.540676
v 1.486914 1.488052 -0.590949
v 1.349165 1.314652 -0.585022
v 2.397102 1.731444 -0.632789
v 2.324227 1.878642 -0.589574
v 2.425158 1.695879 -0.547927
v 2.506202 1.523840 -0.597572
v 2.646948 1.369074 -0.505961
v 2.737086 1.180187 -0.555071
v 2.737086 1.180187 -0.555071
v 2.983610 0.792181 -0.499913
v 2.928191 0.900187 -0.612378
v 3.119267 0.620738 -0.535019
v 2.928191 0.900187 -0.612378
v 2.983610 0.792181 -0.499913
v -0.835528 0.298929 -0.625227
v -0.789076 0.271375 -0.545633
v -0.736116 0.363956 -0.636296
v -0.518440 0.627547 -0.570702
v -0.489768 0.657816 -0.610359
v -0.603758 0.498688 -0.608731
v -0.489768 0.657816 -0.610359
v -0.518440 0.627547 -0.570702
v -0.425186 0.705329 -0.581562
v -0.425186 0.705329 -0.581562
v -0.398020 0.764632 -0.635275
v -0.489768 0.657816 -0.610359
v -0.220167 0.898970 -0.632583
v -0.321587 0.686192 -0.554721
v -0.212788 0.825897 -0.587623
v 0.090285 1.061409 -0.585967
v 0.017851 1.099131 -0.618309
v -0.000121 1.100623 -0.584919
v 0.090285 1.061409 -0.585967
v 0.132701 1.020688 -0.630573
v 0.017851 1.099131 -0.618309
v 0.399709 1.009809 -0.593328
v 0.425448 1.066360 -0.623971
v 0.340285 0.919475 -0.580506
v 0.425448 1.066360 -0.623971
v 0.399709 1.009809 -0.593328
v 0.514677 1.113027 -0.585088
v 1.152081 1.149297 -0.634758
v 1.142914 1.155496 -0.585278
v 1.190379 1.158896 -0.591431
v 1.486914 1.488052 -0.590949
v 1.567451 1.612897 -0.586709
v 1.704886 1.784023 -0.603349
v 2.269706 1.906554 -0.629233
v 2.245811 1.936245 -0.582850
v 2.324227 1.878642 -0.589574
v 2.425158 1.695879 -0.547927
v 2.506202 1.523840 -0.597572
v 2.397102 1.731444 -0.632789
v 2.737086 1.180187 -0.555071
v 2.703472 1.230461 -0.668229
v 2.506202 1.523840 -0.597572
v 2.988298 0.769776 -0.706840
v 3.119267 0.620738 -0.535019
v 3.181215 0.532530 -0.545953
v 3.362680 0.348667 -0.480648
v 3.083745 0.664565 -0.733397
v 3.181215 0.532530 -0.545953
v 3.083745 0.664565 -0.733397
v 3.362680 0.348667 -0.480648
v 3.418897 0.339790 -0.586728
v 3.546202 0.243945 -0.518741
v 3.471838 0.359854 -0.767936
v 3.418897 0.339790 -0.586728
v 3.806394 0.094925 -0.527303
v 3.825030 0.073669 -0.637596
v 3.694029 0.164691 -0.647486
v -1.054799 0.160862 -0.603188
v -0.915492 0.259790 -0.615323
v -0.996981 0.225359 -0.686795
v -0.835528 0.298929 -0.625227
v -0.845949 0.352733 -0.686931
v -0.915492 0.259790 -0.615323
v -0.489768 0.657816 -0.610359
v -0.555739 0.580445 -0.676438
v -0.603758 0.498688 -0.608731
v -0.212788 0.825897 -0.587623
v -0.097763 0.978547 -0.616751
v -0.220167 0.898970 -0.632583
v 0.204101 0.939911 -0.588026
v 0.229165 0.975909 -0.657362
v 0.132701 1.020688 -0.630573
v 0.514677 1.113027 -0.585088
v 0.508051 1.280334 -0.691625
v 0.425448 1.066360 -0.623971
v 0.508051 1.280334 -0.691625
v 0.514677 1.113027 -0.585088
v 0.584624 1.195572 -0.611355
v 0.980796 1.189285 -0.581763
v 0.946181 1.204619 -0.660442
v 0.898383 1.229095 -0.659936
v 1.284503 1.246269 -0.620964
v 1.247939 1.216284 -0.665065
v 1.190379 1.158896 -0.591431
v 1.486914 1.488052 -0.590949
v 1.704886 1.784023 -0.603349
v 1.680642 1.731014 -0.651305
v 1.680642 1.731014 -0.651305
v 1.704886 1.784023 -0.603349
v 1.768069 1.821419 -0.639555
v 2.324227 1.878642 -0.589574
v 2.397102 1.731444 -0.632789
v 2.269706 1.906554 -0.629233
v 2.781796 1.120206 -0.684967
v 2.737086 1.180187 -0.555071
v 2.928191 0.900187 -0.612378
v 2.928191 0.900187 -0.612378
v 2.901536 0.877554 -0.729582
v 2.781796 1.120206 -0.684967
v 3.119267 0.620738 -0.535019
v 2.988298 0.769776 -0.706840
v 2.928191 0.900187 -0.612378
v 3.546202 0.243945 -0.518741
v 3.694029 0.164691 -0.647486
v 3.471838 0.359854 -0.767936
v -0.736116 0.363956 -0.636296
v -0.749974 0.385740 -0.698271
v -0.835528 0.298929 -0.625227
v -0.603758 0.498688 -0.608731
v -0.555739 0.580445 -0.676438
v -0.736116 0.363956 -0.636296
v -0.489768 0.657816 -0.610359
v -0.398020 0.764632 -0.635275
v -0.555739 0.580445 -0.676438
v -0.158719 1.061129 -0.681020
v -0.220167 0.898970 -0.632583
v -0.097763 0.978547 -0.616751
v 0.361166 1.016828 -0.672088
v 0.340285 0.919475 -0.580506
v 0.425448 1.066360 -0.623971
v 1.152081 1.149297 -0.634758
v 1.171596 1.100009 -0.696207
v 1.092844 1.144910 -0.594422
v 1.190379 1.158896 -0.591431
v 1.171596 1.100009 -0.696207
v 1.152081 1.149297 -0.634758
v 1.171596 1.100009 -0.696207
v 1.190379 1.158896 -0.591431
v 1.247939 1.216284 -0.665065
v 1.284503 1.246269 -0.620964
v 1.299957 1.168806 -0.716508
v 1.247939 1.216284 -0.665065
v 1.349165 1.314652 -0.585022
v 1.299957 1.168806 -0.716508
v 1.284503 1.246269 -0.620964
v 1.568416 1.590814 -0.661581
v 1.471915 1.422886 -0.684145
v 1.486914 1.488052 -0.590949
v 1.680642 1.731014 -0.651305
v 1.568416 1.590814 -0.661581
v 1.486914 1.488052 -0.590949
v 1.734174 1.624126 -0.722773
v 1.680642 1.731014 -0.651305
v 1.768069 1.821419 -0.639555
v 1.866143 1.875324 -0.642172
v 1.843631 1.837948 -0.673687
v 1.780922 1.821529 -0.614518
v 2.269706 1.906554 -0.629233
v 2.328523 1.812131 -0.682994
v 2.219386 1.936565 -0.663997
v 2.328523 1.812131 -0.682994
v 2.269706 1.906554 -0.629233
v 2.397102 1.731444 -0.632789
v 2.397102 1.731444 -0.632789
v 2.506202 1.523840 -0.597572
v 2.591112 1.448115 -0.718764
v 2.703472 1.230461 -0.668229
v 2.591112 1.448115 -0.718764
v 2.506202 1.523840 -0.597572
v 2.737086 1.180187 -0.555071
v 2.781796 1.120206 -0.684967
v 2.703472 1.230461 -0.668229
v 3.181215 0.532530 -0.545953
v 3.083745 0.664565 -0.733397
v 2.988298 0.769776 -0.706840
v 3.279147 0.528169 -0.783190
v 3.083745 0.664565 -0.733397
v 3.418897 0.339790 -0.586728
v 4.003658 -0.000088 -0.555839
v 3.910242 0.053222 -0.799127
v 3.825030 0.073669 -0.637596
v -1.206274 0.071420 -0.743670
v -1.344357 0.001503 -0.559233
v -1.054799 0.160862 -0.603188
v -0.835528 0.298929 -0.625227
v -0.784734 0.423485 -0.753565
v -0.845949 0.352733 -0.686931
v -0.784734 0.423485 -0.753565
v -0.835528 0.298929 -0.625227
v -0.749974 0.385740 -0.698271
v -0.749974 0.385740 -0.698271
v -0.736116 0.363956 -0.636296
v -0.617169 0.511745 -0.715101
v -0.617169 0.511745 -0.715101
v -0.736116 0.363956 -0.636296
v -0.555739 0.580445 -0.676438
v -0.398020 0.764632 -0.635275
v -0.426709 0.808767 -0.752161
v -0.555739 0.580445 -0.676438
v -0.398020 0.764632 -0.635275
v -0.370666 0.829203 -0.687066
v -0.426709 0.808767 -0.752161
v -0.321587 0.686192 -0.554721
v -0.220167 0.898970 -0.632583
v -0.370666 0.829203 -0.687066
v -0.226434 1.050589 -0.728510
v -0.220167 0.898970 -0.632583
v -0.158719 1.061129 -0.681020
v 0.425448 1.066360 -0.623971
v 0.508051 1.280334 -0.691625
v 0.361166 1.016828 -0.672088
v 0.844058 1.287058 -0.675726
v 0.799141 1.372666 -0.698742
v 0.772875 1.365489 -0.674319
v 0.898383 1.229095 -0.659936
v 0.908450 1.144570 -0.727846
v 0.844058 1.287058 -0.675726
v 0.908450 1.144570 -0.727846
v 0.898383 1.229095 -0.659936
v 0.946181 1.204619 -0.660442
v 0.994080 1.213914 -0.706534
v 0.946181 1.204619 -0.660442
v 1.029291 1.200693 -0.689499
v 1.113704 1.100367 -0.692753
v 1.092844 1.144910 -0.594422
v 1.171596 1.100009 -0.696207
v 1.299957 1.168806 -0.716508
v 1.349165 1.314652 -0.585022
v 1.425092 1.309048 -0.713893
v 1.471915 1.422886 -0.684145
v 1.425092 1.309048 -0.713893
v 1.349165 1.314652 -0.585022
v 1.680642 1.731014 -0.651305
v 1.672921 1.680556 -0.692766
v 1.568416 1.590814 -0.661581
v 1.672921 1.680556 -0.692766
v 1.680642 1.731014 -0.651305
v 1.734174 1.624126 -0.722773
v 1.843631 1.837948 -0.673687
v 1.838263 1.722130 -0.751775
v 1.768069 1.821419 -0.639555
v 1.866143 1.875324 -0.642172
v 1.923650 1.979324 -0.685964
v 1.843631 1.837948 -0.673687
v 2.228892 1.941032 -0.690968
v 2.219386 1.936565 -0.663997
v 2.328523 1.812131 -0.682994
v 2.397102 1.731444 -0.632789
v 2.372509 1.773025 -0.737260
v 2.328523 1.812131 -0.682994
v 2.591112 1.448115 -0.718764
v 2.372509 1.773025 -0.737260
v 2.397102 1.731444 -0.632789
v 2.928191 0.900187 -0.612378
v 2.988298 0.769776 -0.706840
v 2.901536 0.877554 -0.729582
v 3.279147 0.528169 -0.783190
v 3.418897 0.339790 -0.586728
v 3.471838 0.359854 -0.767936
v 3.825030 0.073669 -0.637596
v 3.630188 0.203096 -0.750835
v 3.694029 0.164691 -0.647486
v -1.353955 0.000155 -0.718713
v -1.344357 0.001503 -0.559233
v -1.206274 0.071420 -0.743670
v -0.915492 0.259790 -0.615323
v -0.845949 0.352733 -0.686931
v -0.996981 0.225359 -0.686795
v -0.370666 0.829203 -0.687066
v -0.220167 0.898970 -0.632583
v -0.226434 1.050589 -0.728510
v 0.229165 0.975909 -0.657362
v 0.166126 1.104597 -0.755266
v 0.099324 1.128433 -0.694179
v 0.361166 1.016828 -0.672088
v 0.384201 1.064153 -0.736904
v 0.299949 0.987646 -0.691475
v 0.384201 1.064153 -0.736904
v 0.361166 1.016828 -0.672088
v 0.434325 1.115504 -0.738399
v 0.434325 1.115504 -0.738399
v 0.361166 1.016828 -0.672088
v 0.508051 1.280334 -0.691625
v 0.748997 1.374533 -0.718453
v 0.772875 1.365489 -0.674319
v 0.799141 1.372666 -0.698742
v 0.845104 1.251439 -0.722967
v 0.844058 1.287058 -0.675726
v 0.908450 1.144570 -0.727846
v 0.946181 1.204619 -0.660442
v 0.994080 1.213914 -0.706534
v 0.908450 1.144570 -0.727846
v 1.113704 1.100367 -0.692753
v 1.068056 1.123148 -0.739489
v 1.029291 1.200693 -0.689499
v 1.171596 1.100009 -0.696207
v 1.247939 1.216284 -0.665065
v 1.299957 1.168806 -0.716508
v 1.425092 1.309048 -0.713893
v 1.385654 1.276358 -0.743835
v 1.299957 1.168806 -0.716508
v 1.768069 1.821419 -0.639555
v 1.838263 1.722130 -0.751775
v 1.734174 1.624126 -0.722773
v 1.923650 1.979324 -0.685964
v 1.934084 1.991198 -0.712682
v 1.843631 1.837948 -0.673687
v 2.328523 1.812131 -0.682994
v 2.309087 1.899839 -0.720589
v 2.228892 1.941032 -0.690968
v 2.309087 1.899839 -0.720589
v 2.328523 1.812131 -0.682994
v 2.372509 1.773025 -0.737260
v 2.452680 1.647224 -0.751783
v 2.372509 1.773025 -0.737260
v 2.591112 1.448115 -0.718764
v 2.591112 1.448115 -0.718764
v 2.581899 1.489689 -0.774259
v 2.452680 1.647224 -0.751783
v 2.591112 1.448115 -0.718764
v 2.703472 1.230461 -0.668229
v 2.681277 1.357077 -0.744123
v 2.681277 1.357077 -0.744123
v 2.703472 1.230461 -0.668229
v 2.781796 1.120206 -0.684967
v 3.694029 0.164691 -0.647486
v 3.630188 0.203096 -0.750835
v 3.471838 0.359854 -0.767936
v 3.825030 0.073669 -0.637596
v 3.756642 0.136371 -0.815976
v 3.630188 0.203096 -0.750835
v 4.003658 -0.000088 -0.555839
v 4.040406 -0.000586 -0.774803
v 3.910242 0.053222 -0.799127
v -1.206274 0.071420 -0.743670
v -1.054799 0.160862 -0.603188
v -0.996981 0.225359 -0.686795
v -0.749974 0.385740 -0.698271
v -0.647076 0.561467 -0.761868
v -0.784734 0.423485 -0.753565
v -0.647076 0.561467 -0.761868
v -0.749974 0.385740 -0.698271
v -0.617169 0.511745 -0.715101
v -0.479030 0.788829 -0.767042
v -0.555739 0.580445 -0.676438
v -0.426709 0.808767 -0.752161
v -0.335966 0.947964 -0.768160
v -0.370666 0.829203 -0.687066
v -0.226434 1.050589 -0.728510
v 0.120041 1.196563 -0.785522
v 0.099324 1.128433 -0.694179
v 0.166126 1.104597 -0.755266
v 0.229165 0.975909 -0.657362
v 0.227939 1.056727 -0.800941
v 0.166126 1.104597 -0.755266
v 0.283562 1.046904 -0.759415
v 0.299949 0.987646 -0.691475
v 0.384201 1.064153 -0.736904
v 0.774011 1.271387 -0.778613
v 0.748997 1.374533 -0.718453
v 0.799141 1.372666 -0.698742
v 0.844058 1.287058 -0.675726
v 0.845104 1.251439 -0.722967
v 0.799141 1.372666 -0.698742
v 0.994080 1.213914 -0.706534
v 1.005532 1.068188 -0.783166
v 0.908450 1.144570 -0.727846
v 1.029291 1.200693 -0.689499
v 1.005532 1.068188 -0.783166
v 0.994080 1.213914 -0.706534
v 1.029291 1.200693 -0.689499
v 1.068056 1.123148 -0.739489
v 1.005532 1.068188 -0.783166
v 1.299957 1.168806 -0.716508
v 1.292185 1.139917 -0.763626
v 1.171596 1.100009 -0.696207
v 1.296049 1.144315 -0.791822
v 1.299957 1.168806 -0.716508
v 1.385654 1.276358 -0.743835
v 1.843631 1.837948 -0.673687
v 1.934084 1.991198 -0.712682
v 1.920882 1.842244 -0.778948
v 2.781796 1.120206 -0.684967
v 2.717610 1.203149 -0.803495
v 2.681277 1.357077 -0.744123
v 2.781796 1.120206 -0.684967
v 2.901536 0.877554 -0.729582
v 2.717610 1.203149 -0.803495
v 2.969762 0.781666 -0.769744
v 2.901536 0.877554 -0.729582
v 2.988298 0.769776 -0.706840
v 3.756642 0.136371 -0.815976
v 3.825030 0.073669 -0.637596
v 3.910242 0.053222 -0.799127
v -1.099284 0.186412 -0.859759
v -1.206274 0.071420 -0.743670
v -0.996981 0.225359 -0.686795
v -0.784734 0.423485 -0.753565
v -0.996981 0.225359 -0.686795
v -0.845949 0.352733 -0.686931
v -0.520771 0.740502 -0.809218
v -0.617169 0.511745 -0.715101
v -0.555739 0.580445 -0.676438
v -0.520771 0.740502 -0.809218
v -0.555739 0.580445 -0.676438
v -0.479030 0.788829 -0.767042
v 0.099324 1.128433 -0.694179
v 0.120041 1.196563 -0.785522
v 0.027666 1.349791 -0.792389
v 0.384201 1.064153 -0.736904
v 0.357801 1.129014 -0.778795
v 0.283562 1.046904 -0.759415
v 0.508051 1.280334 -0.691625
v 0.504980 1.220197 -0.777686
v 0.434325 1.115504 -0.738399
v 1.113704 1.100367 -0.692753
v 1.139781 1.034844 -0.795055
v 1.077753 1.082321 -0.783853
v 1.139781 1.034844 -0.795055
v 1.113704 1.100367 -0.692753
v 1.171596 1.100009 -0.696207
v 1.292185 1.139917 -0.763626
v 1.299957 1.168806 -0.716508
v 1.296049 1.144315 -0.791822
v 1.425092 1.309048 -0.713893
v 1.423127 1.256783 -0.773934
v 1.385654 1.276358 -0.743835
v 1.471915 1.422886 -0.684145
v 1.423127 1.256783 -0.773934
v 1.425092 1.309048 -0.713893
v 1.423127 1.256783 -0.773934
v 1.471915 1.422886 -0.684145
v 1.647545 1.466769 -0.759491
v 1.843631 1.837948 -0.673687
v 1.920882 1.842244 -0.778948
v 1.838263 1.722130 -0.751775
v 1.934084 1.991198 -0.712682
v 1.995466 1.968642 -0.759630
v 1.920882 1.842244 -0.778948
v 2.303294 1.868022 -0.809250
v 2.309087 1.899839 -0.720589
v 2.372509 1.773025 -0.737260
v 2.372509 1.773025 -0.737260
v 2.452680 1.647224 -0.751783
v 2.303294 1.868022 -0.809250
v 2.581899 1.489689 -0.774259
v 2.591112 1.448115 -0.718764
v 2.681277 1.357077 -0.744123
v 2.988298 0.769776 -0.706840
v 3.083745 0.664565 -0.733397
v 2.969762 0.781666 -0.769744
v -1.353955 0.000155 -0.718713
v -1.264058 0.076280 -0.879843
v -1.390288 -0.000035 -0.839879
v -1.264058 0.076280 -0.879843
v -1.353955 0.000155 -0.718713
v -1.206274 0.071420 -0.743670
v -1.099284 0.186412 -0.859759
v -0.996981 0.225359 -0.686795
v -0.784734 0.423485 -0.753565
v -0.617169 0.511745 -0.715101
v -0.520771 0.740502 -0.809218
v -0.647076 0.561467 -0.761868
v -0.426709 0.808767 -0.752161
v -0.446565 0.823613 -0.796056
v -0.479030 0.788829 -0.767042
v -0.446565 0.823613 -0.796056
v -0.426709 0.808767 -0.752161
v -0.370666 0.829203 -0.687066
v -0.370666 0.829203 -0.687066
v -0.335966 0.947964 -0.768160
v -0.446565 0.823613 -0.796056
v -0.245554 1.154235 -0.842092
v -0.335966 0.947964 -0.768160
v -0.226434 1.050589 -0.728510
v 0.227939 1.056727 -0.800941
v 0.120041 1.196563 -0.785522
v 0.166126 1.104597 -0.755266
v 0.384201 1.064153 -0.736904
v 0.451023 1.169712 -0.783616
v 0.357801 1.129014 -0.778795
v 0.451023 1.169712 -0.783616
v 0.384201 1.064153 -0.736904
v 0.434325 1.115504 -0.738399
v 0.451023 1.169712 -0.783616
v 0.434325 1.115504 -0.738399
v 0.504980 1.220197 -0.777686
v 0.774011 1.271387 -0.778613
v 0.799141 1.372666 -0.698742
v 0.845104 1.251439 -0.722967
v 1.139781 1.034844 -0.795055
v 1.171596 1.100009 -0.696207
v 1.292185 1.139917 -0.763626
v 1.296049 1.144315 -0.791822
v 1.385654 1.276358 -0.743835
v 1.423127 1.256783 -0.773934
v 1.838263 1.722130 -0.751775
v 1.847383 1.713538 -0.819082
v 1.647545 1.466769 -0.759491
v 1.847383 1.713538 -0.819082
v 1.838263 1.722130 -0.751775
v 1.920882 1.842244 -0.778948
v 2.452680 1.647224 -0.751783
v 2.403508 1.693174 -0.791496
v 2.303294 1.868022 -0.809250
v 2.452680 1.647224 -0.751783
v 2.502863 1.587355 -0.804823
v 2.403508 1.693174 -0.791496
v 2.502863 1.587355 -0.804823
v 2.452680 1.647224 -0.751783
v 2.581899 1.489689 -0.774259
v 2.681277 1.357077 -0.744123
v 2.717610 1.203149 -0.803495
v 2.581899 1.489689 -0.774259
v 2.969762 0.781666 -0.769744
v 3.083745 0.664565 -0.733397
v 3.279147 0.528169 -0.783190
v 3.586887 0.259125 -0.864260
v 3.471838 0.359854 -0.767936
v 3.630188 0.203096 -0.750835
v -0.748430 0.500734 -0.824476
v -0.784734 0.423485 -0.753565
v -0.647076 0.561467 -0.761868
v -0.748430 0.500734 -0.824476
v -0.647076 0.561467 -0.761868
v -0.621667 0.642148 -0.814650
v -0.621667 0.642148 -0.814650
v -0.647076 0.561467 -0.761868
v -0.520771 0.740502 -0.809218
v -0.520771 0.740502 -0.809218
v -0.479030 0.788829 -0.767042
v -0.446565 0.823613 -0.796056
v -0.385367 0.902604 -0.839190
v -0.446565 0.823613 -0.796056
v -0.335966 0.947964 -0.768160
v -0.385367 0.902604 -0.839190
v -0.335966 0.947964 -0.768160
v -0.245554 1.154235 -0.842092
v 0.120041 1.196563 -0.785522
v 0.121849 1.250643 -0.904776
v 0.027666 1.349791 -0.792389
v 0.390068 1.222939 -0.828734
v 0.357801 1.129014 -0.778795
v 0.451023 1.169712 -0.783616
v 0.774011 1.271387 -0.778613
v 0.845104 1.251439 -0.722967
v 0.908450 1.144570 -0.727846
v 0.908450 1.144570 -0.727846
v 0.819341 0.963565 -0.928979
v 0.774011 1.271387 -0.778613
v 0.819341 0.963565 -0.928979
v 0.908450 1.144570 -0.727846
v 0.882721 1.061670 -0.823449
v 1.010473 0.992087 -0.836052
v 1.068056 1.123148 -0.739489
v 1.094368 1.015144 -0.826152
v 1.077753 1.082321 -0.783853
v 1.094368 1.015144 -0.826152
v 1.068056 1.123148 -0.739489
v 1.094368 1.015144 -0.826152
v 1.077753 1.082321 -0.783853
v 1.139781 1.034844 -0.795055
v 1.292185 1.139917 -0.763626
v 1.296049 1.144315 -0.791822
v 1.139781 1.034844 -0.795055
v 1.664613 1.478521 -0.828950
v 1.647545 1.466769 -0.759491
v 1.862866 1.701334 -0.876698
v 1.862866 1.701334 -0.876698
v 1.647545 1.466769 -0.759491
v 1.847383 1.713538 -0.819082
v 2.854127 0.948681 -0.858060
v 2.717610 1.203149 -0.803495
v 2.901536 0.877554 -0.729582
v 2.854127 0.948681 -0.858060
v 2.901536 0.877554 -0.729582
v 2.969762 0.781666 -0.769744
v 3.241178 0.603463 -0.832274
v 3.279147 0.528169 -0.783190
v 3.471838 0.359854 -0.767936
v 3.586887 0.259125 -0.864260
v 3.364913 0.501192 -0.940243
v 3.471838 0.359854 -0.767936
v 3.586887 0.259125 -0.864260
v 3.630188 0.203096 -0.750835
v 3.756642 0.136371 -0.815976
v 4.040406 -0.000586 -0.774803
v 4.070490 -0.000001 -0.869548
v 3.910242 0.053222 -0.799127
v -1.206274 0.071420 -0.743670
v -1.099284 0.186412 -0.859759
v -1.264058 0.076280 -0.879843
v -0.784734 0.423485 -0.753565
v -0.919616 0.366865 -0.868618
v -1.099284 0.186412 -0.859759
v -0.784734 0.423485 -0.753565
v -0.748430 0.500734 -0.824476
v -0.919616 0.366865 -0.868618
v -0.520771 0.740502 -0.809218
v -0.445566 0.797994 -0.878543
v -0.621667 0.642148 -0.814650
v -0.446565 0.823613 -0.796056
v -0.445566 0.797994 -0.878543
v -0.520771 0.740502 -0.809218
v -0.114733 1.301113 -0.858687
v -0.245554 1.154235 -0.842092
v -0.137993 1.213178 -0.763802
v 0.121849 1.250643 -0.904776
v 0.120041 1.196563 -0.785522
v 0.227939 1.056727 -0.800941
v 0.237052 1.111723 -0.905559
v 0.227939 1.056727 -0.800941
v 0.271433 1.121167 -0.894155
v 0.738799 1.310498 -0.803153
v 0.719386 1.182507 -0.872036
v 0.656241 1.313215 -0.845257
v 1.139781 1.034844 -0.795055
v 1.149813 1.019401 -0.894115
v 1.094368 1.015144 -0.826152
v 1.149813 1.019401 -0.894115
v 1.139781 1.034844 -0.795055
v 1.296049 1.144315 -0.791822
v 1.149813 1.019401 -0.894115
v 1.296049 1.144315 -0.791822
v 1.423127 1.256783 -0.773934
v 1.647545 1.466769 -0.759491
v 1.543879 1.345801 -0.851251
v 1.423127 1.256783 -0.773934
v 1.664613 1.478521 -0.828950
v 1.543879 1.345801 -0.851251
v 1.647545 1.466769 -0.759491
v 1.920882 1.842244 -0.778948
v 1.961706 1.941375 -0.856118
v 1.847383 1.713538 -0.819082
v 2.303294 1.868022 -0.809250
v 2.403508 1.693174 -0.791496
v 2.320098 1.646511 -0.930319
v 2.413114 1.525904 -0.902247
v 2.403508 1.693174 -0.791496
v 2.502863 1.587355 -0.804823
v 2.502863 1.587355 -0.804823
v 2.499599 1.524496 -0.859401
v 2.413114 1.525904 -0.902247
v 2.499599 1.524496 -0.859401
v 2.502863 1.587355 -0.804823
v 2.581899 1.489689 -0.774259
v 2.581899 1.489689 -0.774259
v 2.717610 1.203149 -0.803495
v 2.596228 1.402257 -0.870351
v 3.279147 0.528169 -0.783190
v 3.010944 0.816808 -0.900020
v 2.969762 0.781666 -0.769744
v 3.471838 0.359854 -0.767936
v 3.145605 0.723378 -0.934586
v 3.241178 0.603463 -0.832274
v -0.748430 0.500734 -0.824476
v -0.818819 0.481706 -0.905602
v -0.919616 0.366865 -0.868618
v -0.748430 0.500734 -0.824476
v -0.701196 0.568672 -0.909417
v -0.818819 0.481706 -0.905602
v -0.701196 0.568672 -0.909417
v -0.748430 0.500734 -0.824476
v -0.621667 0.642148 -0.814650
v -0.385367 0.902604 -0.839190
v -0.445566 0.797994 -0.878543
v -0.446565 0.823613 -0.796056
v -0.245554 1.154235 -0.842092
v -0.256773 1.160364 -0.895179
v -0.385367 0.902604 -0.839190
v -0.114733 1.301113 -0.858687
v -0.186453 1.215701 -0.909772
v -0.245554 1.154235 -0.842092
v 0.665456 1.274274 -0.879536
v 0.656241 1.313215 -0.845257
v 0.719386 1.182507 -0.872036
v 0.774011 1.271387 -0.778613
v 0.819341 0.963565 -0.928979
v 0.738799 1.310498 -0.803153
v 1.094368 1.015144 -0.826152
v 0.915388 0.938806 -0.897805
v 1.010473 0.992087 -0.836052
v 1.149813 1.019401 -0.894115
v 1.423127 1.256783 -0.773934
v 1.449009 1.227980 -0.899199
v 1.660671 1.508069 -0.886940
v 1.543879 1.345801 -0.851251
v 1.664613 1.478521 -0.828950
v 1.664613 1.478521 -0.828950
v 1.793772 1.623758 -0.876059
v 1.660671 1.508069 -0.886940
v 1.793772 1.623758 -0.876059
v 1.664613 1.478521 -0.828950
v 1.862866 1.701334 -0.876698
v 1.961706 1.941375 -0.856118
v 1.862866 1.701334 -0.876698
v 1.847383 1.713538 -0.819082
v 2.403508 1.693174 -0.791496
v 2.413114 1.525904 -0.902247
v 2.320098 1.646511 -0.930319
v 2.581899 1.489689 -0.774259
v 2.596228 1.402257 -0.870351
v 2.499599 1.524496 -0.859401
v 2.717610 1.203149 -0.803495
v 2.769600 1.028584 -0.903661
v 2.596228 1.402257 -0.870351
v 2.854127 0.948681 -0.858060
v 2.769600 1.028584 -0.903661
v 2.717610 1.203149 -0.803495
v 2.969762 0.781666 -0.769744
v 3.010944 0.816808 -0.900020
v 2.854127 0.948681 -0.858060
v 3.241178 0.603463 -0.832274
v 3.010944 0.816808 -0.900020
v 3.279147 0.528169 -0.783190
v 3.010944 0.816808 -0.900020
v 3.241178 0.603463 -0.832274
v 3.145605 0.723378 -0.934586
v 3.471838 0.359854 -0.767936
v 3.364913 0.501192 -0.940243
v 3.145605 0.723378 -0.934586
v 3.756642 0.136371 -0.815976
v 3.714762 0.172259 -0.868764
v 3.586887 0.259125 -0.864260
v 3.823644 0.091512 -0.899592
v 3.756642 0.136371 -0.815976
v 3.910242 0.053222 -0.799127
v -0.843786 0.474454 -0.895089
v -0.919616 0.366865 -0.868618
v -0.818819 0.481706 -0.905602
v -0.445566 0.797994 -0.878543
v -0.562680 0.702659 -0.937742
v -0.621667 0.642148 -0.814650
v -0.256773 1.160364 -0.895179
v -0.445566 0.797994 -0.878543
v -0.385367 0.902604 -0.839190
v -0.245554 1.154235 -0.842092
v -0.186453 1.215701 -0.909772
v -0.256773 1.160364 -0.895179
v -0.186453 1.215701 -0.909772
v -0.114733 1.301113 -0.858687
v -0.090598 1.294926 -0.919706
v 0.227939 1.056727 -0.800941
v 0.199115 1.147018 -0.902761
v 0.121849 1.250643 -0.904776
v 0.199115 1.147018 -0.902761
v 0.227939 1.056727 -0.800941
v 0.237052 1.111723 -0.905559
v 0.738799 1.310498 -0.803153
v 0.819341 0.963565 -0.928979
v 0.719386 1.182507 -0.872036
v 1.094368 1.015144 -0.826152
v 1.149813 1.019401 -0.894115
v 0.915388 0.938806 -0.897805
v 1.449009 1.227980 -0.899199
v 1.362720 1.146130 -0.961306
v 1.149813 1.019401 -0.894115
v 1.543879 1.345801 -0.851251
v 1.449009 1.227980 -0.899199
v 1.423127 1.256783 -0.773934
v 1.793772 1.623758 -0.876059
v 1.788473 1.658430 -0.918494
v 1.660671 1.508069 -0.886940
v 1.961706 1.941375 -0.856118
v 1.992074 2.004638 -0.891762
v 1.862866 1.701334 -0.876698
v 2.533941 1.364790 -0.942125
v 2.499599 1.524496 -0.859401
v 2.596228 1.402257 -0.870351
v 2.596228 1.402257 -0.870351
v 2.769600 1.028584 -0.903661
v 2.662290 1.210098 -0.915248
v 3.714762 0.172259 -0.868764
v 3.656857 0.265285 -0.899976
v 3.586887 0.259125 -0.864260
v 3.756310 0.143519 -0.921251
v 3.714762 0.172259 -0.868764
v 3.756642 0.136371 -0.815976
v 3.756642 0.136371 -0.815976
v 3.823644 0.091512 -0.899592
v 3.756310 0.143519 -0.921251
v 3.823644 0.091512 -0.899592
v 3.910242 0.053222 -0.799127
v 4.070490 -0.000001 -0.869548
v -1.455932 -0.002446 -0.962741
v -1.390288 -0.000035 -0.839879
v -1.264058 0.076280 -0.879843
v -0.919616 0.366865 -0.868618
v -0.861886 0.409599 -0.960237
v -1.099284 0.186412 -0.859759
v -0.701196 0.568672 -0.909417
v -0.752022 0.591799 -0.948545
v -0.818819 0.481706 -0.905602
v -0.621667 0.642148 -0.814650
v -0.562680 0.702659 -0.937742
v -0.701196 0.568672 -0.909417
v -0.445566 0.797994 -0.878543
v -0.444041 0.811434 -0.927401
v -0.562680 0.702659 -0.937742
v -0.260114 1.090230 -0.950712
v -0.256773 1.160364 -0.895179
v -0.186453 1.215701 -0.909772
v 0.473196 1.385563 -0.877336
v 0.486554 1.320787 -0.952463
v 0.463229 1.362220 -0.926615
v 0.678355 1.125090 -0.934338
v 0.665456 1.274274 -0.879536
v 0.719386 1.182507 -0.872036
v 0.678355 1.125090 -0.934338
v 0.719386 1.182507 -0.872036
v 0.819341 0.963565 -0.928979
v 1.722456 1.581568 -0.936065
v 1.660671 1.508069 -0.886940
v 1.788473 1.658430 -0.918494
v 1.788473 1.658430 -0.918494
v 1.793772 1.623758 -0.876059
v 1.862866 1.701334 -0.876698
v 1.992074 2.004638 -0.891762
v 1.914082 1.792986 -0.934303
v 1.862866 1.701334 -0.876698
v 2.499599 1.524496 -0.859401
v 2.533941 1.364790 -0.942125
v 2.413114 1.525904 -0.902247
v 2.596228 1.402257 -0.870351
v 2.662290 1.210098 -0.915248
v 2.533941 1.364790 -0.942125
v 2.769600 1.028584 -0.903661
v 2.854127 0.948681 -0.858060
v 2.966717 0.874069 -0.951246
v 3.010944 0.816808 -0.900020
v 2.966717 0.874069 -0.951246
v 2.854127 0.948681 -0.858060
v 3.278423 0.587358 -0.942252
v 3.145605 0.723378 -0.934586
v 3.364913 0.501192 -0.940243
v 3.586887 0.259125 -0.864260
v 3.573465 0.309998 -0.942962
v 3.364913 0.501192 -0.940243
v 3.573465 0.309998 -0.942962
v 3.586887 0.259125 -0.864260
v 3.656857 0.265285 -0.899976
v 3.756310 0.143519 -0.921251
v 3.656857 0.265285 -0.899976
v 3.714762 0.172259 -0.868764
v -1.099284 0.186412 -0.859759
v -1.086181 0.260526 -1.079361
v -1.264058 0.076280 -0.879843
v -1.099284 0.186412 -0.859759
v -0.861886 0.409599 -0.960237
v -1.086181 0.260526 -1.079361
v -0.843786 0.474454 -0.895089
v -0.861886 0.409599 -0.960237
v -0.919616 0.366865 -0.868618
v -0.818819 0.481706 -0.905602
v -0.861886 0.409599 -0.960237
v -0.843786 0.474454 -0.895089
v -0.818819 0.481706 -0.905602
v -0.752022 0.591799 -0.948545
v -0.861886 0.409599 -0.960237
v -0.701196 0.568672 -0.909417
v -0.684105 0.621611 -0.956953
v -0.752022 0.591799 -0.948545
v -0.701196 0.568672 -0.909417
v -0.562680 0.702659 -0.937742
v -0.684105 0.621611 -0.956953
v -0.445566 0.797994 -0.878543
v -0.388780 0.902594 -0.955309
v -0.444041 0.811434 -0.927401
v -0.388780 0.902594 -0.955309
v -0.445566 0.797994 -0.878543
v -0.256773 1.160364 -0.895179
v -0.186453 1.215701 -0.909772
v -0.090598 1.294926 -0.919706
v -0.134224 1.270803 -0.970398
v 0.199115 1.147018 -0.902761
v 0.152340 1.246317 -0.959684
v 0.121849 1.250643 -0.904776
v 0.237052 1.111723 -0.905559
v 0.238310 1.079906 -0.966329
v 0.199115 1.147018 -0.902761
v 0.271433 1.121167 -0.894155
v 0.295955 1.122214 -0.948642
v 0.237052 1.111723 -0.905559
v 0.647776 1.067992 -0.962420
v 0.606266 1.163312 -0.907188
v 0.678355 1.125090 -0.934338
v 0.665456 1.274274 -0.879536
v 0.678355 1.125090 -0.934338
v 0.606266 1.163312 -0.907188
v 0.828792 0.903101 -0.948406
v 0.915388 0.938806 -0.897805
v 0.902564 0.918650 -1.008244
v 1.149813 1.019401 -0.894115
v 0.902564 0.918650 -1.008244
v 0.915388 0.938806 -0.897805
v 1.788473 1.658430 -0.918494
v 1.774990 1.620347 -0.976325
v 1.722456 1.581568 -0.936065
v 1.822064 1.707633 -0.965866
v 1.788473 1.658430 -0.918494
v 1.862866 1.701334 -0.876698
v 1.822064 1.707633 -0.965866
v 1.862866 1.701334 -0.876698
v 1.914082 1.792986 -0.934303
v 2.721758 1.102743 -0.958109
v 2.662290 1.210098 -0.915248
v 2.769600 1.028584 -0.903661
v 2.870277 0.982298 -1.006581
v 2.769600 1.028584 -0.903661
v 2.966717 0.874069 -0.951246
v 2.966717 0.874069 -0.951246
v 3.010944 0.816808 -0.900020
v 3.145605 0.723378 -0.934586
v 3.196067 0.666802 -0.957692
v 3.145605 0.723378 -0.934586
v 3.278423 0.587358 -0.942252
v 3.573465 0.309998 -0.942962
v 3.656857 0.265285 -0.899976
v 3.756310 0.143519 -0.921251
v 3.774519 0.137406 -1.019755
v 3.756310 0.143519 -0.921251
v 3.823644 0.091512 -0.899592
v 4.043439 -0.001279 -1.050040
v 3.823644 0.091512 -0.899592
v 4.070490 -0.000001 -0.869548
v -0.602109 0.736431 -0.990274
v -0.684105 0.621611 -0.956953
v -0.562680 0.702659 -0.937742
v -0.562680 0.702659 -0.937742
v -0.547321 0.745053 -0.968953
v -0.602109 0.736431 -0.990274
v -0.547321 0.745053 -0.968953
v -0.562680 0.702659 -0.937742
v -0.444041 0.811434 -0.927401
v -0.444041 0.811434 -0.927401
v -0.494152 0.842430 -1.000531
v -0.547321 0.745053 -0.968953
v -0.260114 1.090230 -0.950712
v -0.186453 1.215701 -0.909772
v -0.163981 1.219932 -1.000387
v -0.134224 1.270803 -0.970398
v -0.163981 1.219932 -1.000387
v -0.186453 1.215701 -0.909772
v -0.134224 1.270803 -0.970398
v -0.090598 1.294926 -0.919706
v -0.091618 1.288776 -0.946780
v -0.090598 1.294926 -0.919706
v -0.046339 1.309305 -1.004555
v -0.091618 1.288776 -0.946780
v 0.199115 1.147018 -0.902761
v 0.208278 1.063036 -1.008919
v 0.152340 1.246317 -0.959684
v 0.449472 1.315143 -0.967948
v 0.463229 1.362220 -0.926615
v 0.486554 1.320787 -0.952463
v 0.678355 1.125090 -0.934338
v 0.683000 1.002224 -0.977583
v 0.647776 1.067992 -0.962420
v 1.149813 1.019401 -0.894115
v 1.152337 1.033435 -1.024216
v 0.902564 0.918650 -1.008244
v 1.149813 1.019401 -0.894115
v 1.298183 1.106614 -1.035719
v 1.152337 1.033435 -1.024216
v 1.298183 1.106614 -1.035719
v 1.149813 1.019401 -0.894115
v 1.362720 1.146130 -0.961306
v 1.435111 1.242849 -0.969589
v 1.362720 1.146130 -0.961306
v 1.519032 1.297523 -0.936140
v 1.788473 1.658430 -0.918494
v 1.822064 1.707633 -0.965866
v 1.774990 1.620347 -0.976325
v 1.914082 1.792986 -0.934303
v 1.929824 1.811701 -0.976020
v 1.822064 1.707633 -0.965866
v 2.368839 1.537158 -0.993875
v 2.320098 1.646511 -0.930319
v 2.413114 1.525904 -0.902247
v 2.413114 1.525904 -0.902247
v 2.524316 1.336096 -1.007448
v 2.368839 1.537158 -0.993875
v 2.524316 1.336096 -1.007448
v 2.413114 1.525904 -0.902247
v 2.533941 1.364790 -0.942125
v 2.990137 0.918876 -0.993082
v 2.966717 0.874069 -0.951246
v 3.061165 0.840038 -0.971802
v 3.145605 0.723378 -0.934586
v 3.061165 0.840038 -0.971802
v 2.966717 0.874069 -0.951246
v 3.174958 0.712227 -1.011798
v 3.145605 0.723378 -0.934586
v 3.196067 0.666802 -0.957692
v 3.364913 0.501192 -0.940243
v 3.573465 0.309998 -0.942962
v 3.416182 0.450228 -1.007003
v 3.676670 0.196462 -1.045937
v 3.573465 0.309998 -0.942962
v 3.756310 0.143519 -0.921251
v -1.264058 0.076280 -0.879843
v -1.086181 0.260526 -1.079361
v -1.455932 -0.002446 -0.962741
v -0.752022 0.591799 -0.948545
v -0.767890 0.518001 -1.017444
v -0.861886 0.409599 -0.960237
v -0.767890 0.518001 -1.017444
v -0.752022 0.591799 -0.948545
v -0.684105 0.621611 -0.956953
v -0.547321 0.745053 -0.968953
v -0.553739 0.750248 -1.015119
v -0.602109 0.736431 -0.990274
v -0.547321 0.745053 -0.968953
v -0.494152 0.842430 -1.000531
v -0.553739 0.750248 -1.015119
v -0.444041 0.811434 -0.927401
v -0.414582 0.873627 -0.999630
v -0.494152 0.842430 -1.000531
v -0.414582 0.873627 -0.999630
v -0.444041 0.811434 -0.927401
v -0.388780 0.902594 -0.955309
v -0.256773 1.160364 -0.895179
v -0.297205 0.965335 -1.020646
v -0.388780 0.902594 -0.955309
v -0.260114 1.090230 -0.950712
v -0.297205 0.965335 -1.020646
v -0.256773 1.160364 -0.895179
v 0.295955 1.122214 -0.948642
v 0.308882 1.195946 -1.039420
v 0.238310 1.079906 -0.966329
v 0.449472 1.315143 -0.967948
v 0.506604 1.160117 -1.001091
v 0.413320 1.298908 -0.994582
v 0.506604 1.160117 -1.001091
v 0.449472 1.315143 -0.967948
v 0.486554 1.320787 -0.952463
v 0.506604 1.160117 -1.001091
v 0.486554 1.320787 -0.952463
v 0.570347 1.110047 -0.956434
v 0.678355 1.125090 -0.934338
v 0.756626 0.869254 -1.033660
v 0.683000 1.002224 -0.977583
v 0.838789 0.884962 -1.018486
v 0.828792 0.903101 -0.948406
v 0.902564 0.918650 -1.008244
v 1.435111 1.242849 -0.969589
v 1.446684 1.207199 -1.011462
v 1.362720 1.146130 -0.961306
v 2.524316 1.336096 -1.007448
v 2.533941 1.364790 -0.942125
v 2.662290 1.210098 -0.915248
v 2.662290 1.210098 -0.915248
v 2.620615 1.222199 -1.051387
v 2.524316 1.336096 -1.007448
v 2.620615 1.222199 -1.051387
v 2.662290 1.210098 -0.915248
v 2.721758 1.102743 -0.958109
v 2.769600 1.028584 -0.903661
v 2.870277 0.982298 -1.006581
v 2.721758 1.102743 -0.958109
v 2.966717 0.874069 -0.951246
v 2.933840 1.000475 -1.011583
v 2.870277 0.982298 -1.006581
v 2.933840 1.000475 -1.011583
v 2.966717 0.874069 -0.951246
v 2.990137 0.918876 -0.993082
v 3.097818 0.789818 -0.998435
v 3.061165 0.840038 -0.971802
v 3.145605 0.723378 -0.934586
v 3.097818 0.789818 -0.998435
v 3.145605 0.723378 -0.934586
v 3.174958 0.712227 -1.011798
v 3.174958 0.712227 -1.011798
v 3.196067 0.666802 -0.957692
v 3.218178 0.696491 -1.007134
v 3.278423 0.587358 -0.942252
v 3.218178 0.696491 -1.007134
v 3.196067 0.666802 -0.957692
v 3.218178 0.696491 -1.007134
v 3.278423 0.587358 -0.942252
v 3.282079 0.585528 -1.019567
v 3.756310 0.143519 -0.921251
v 3.774519 0.137406 -1.019755
v 3.676670 0.196462 -1.045937
v 3.774519 0.137406 -1.019755
v 3.823644 0.091512 -0.899592
v 4.043439 -0.001279 -1.050040
v -0.767890 0.518001 -1.017444
v -0.684105 0.621611 -0.956953
v -0.680220 0.610572 -1.036390
v -0.602109 0.736431 -0.990274
v -0.680220 0.610572 -1.036390
v -0.684105 0.621611 -0.956953
v -0.388780 0.902594 -0.955309
v -0.297205 0.965335 -1.020646
v -0.414582 0.873627 -0.999630
v -0.297205 0.965335 -1.020646
v -0.260114 1.090230 -0.950712
v -0.163981 1.219932 -1.000387
v -0.134224 1.270803 -0.970398
v -0.125963 1.129235 -1.059987
v -0.163981 1.219932 -1.000387
v -0.125963 1.129235 -1.059987
v -0.134224 1.270803 -0.970398
v -0.092784 1.189451 -1.034440
v -0.091618 1.288776 -0.946780
v -0.092784 1.189451 -1.034440
v -0.134224 1.270803 -0.970398
v -0.092784 1.189451 -1.034440
v -0.091618 1.288776 -0.946780
v -0.046339 1.309305 -1.004555
v 0.419776 1.269937 -1.035743
v 0.413320 1.298908 -0.994582
v 0.506604 1.160117 -1.001091
v 0.506604 1.160117 -1.001091
v 0.481608 1.174914 -1.042558
v 0.419776 1.269937 -1.035743
v 0.570347 1.110047 -0.956434
v 0.606266 1.163312 -0.907188
v 0.647776 1.067992 -0.962420
v 0.647776 1.067992 -0.962420
v 0.627499 0.909444 -1.076895
v 0.570347 1.110047 -0.956434
v 2.524316 1.336096 -1.007448
v 2.495936 1.400479 -1.036149
v 2.368839 1.537158 -0.993875
v 2.620615 1.222199 -1.051387
v 2.721758 1.102743 -0.958109
v 2.791708 1.062784 -1.032312
v 2.870277 0.982298 -1.006581
v 2.791708 1.062784 -1.032312
v 2.721758 1.102743 -0.958109
v 2.871163 1.067542 -1.034877
v 2.870277 0.982298 -1.006581
v 2.933840 1.000475 -1.011583
v 2.990137 0.918876 -0.993082
v 2.963797 0.942654 -1.042903
v 2.933840 1.000475 -1.011583
v 2.963797 0.942654 -1.042903
v 2.990137 0.918876 -0.993082
v 3.061165 0.840038 -0.971802
v 2.963797 0.942654 -1.042903
v 3.061165 0.840038 -0.971802
v 3.097818 0.789818 -0.998435
v 3.278423 0.587358 -0.942252
v 3.342869 0.542038 -1.022142
v 3.282079 0.585528 -1.019567
v 3.364913 0.501192 -0.940243
v 3.342869 0.542038 -1.022142
v 3.278423 0.587358 -0.942252
v 3.342869 0.542038 -1.022142
v 3.364913 0.501192 -0.940243
v 3.416182 0.450228 -1.007003
v 3.416182 0.450228 -1.007003
v 3.573465 0.309998 -0.942962
v 3.676670 0.196462 -1.045937
v -1.498649 0.000754 -1.147317
v -1.455932 -0.002446 -0.962741
v -1.086181 0.260526 -1.079361
v -0.680220 0.610572 -1.036390
v -0.602109 0.736431 -0.990274
v -0.547040 0.714733 -1.054241
v -0.553739 0.750248 -1.015119
v -0.547040 0.714733 -1.054241
v -0.602109 0.736431 -0.990274
v -0.494152 0.842430 -1.000531
v -0.547040 0.714733 -1.054241
v -0.553739 0.750248 -1.015119
v -0.547040 0.714733 -1.054241
v -0.494152 0.842430 -1.000531
v -0.400043 0.811286 -1.075284
v -0.414582 0.873627 -0.999630
v -0.400043 0.811286 -1.075284
v -0.494152 0.842430 -1.000531
v -0.400043 0.811286 -1.075284
v -0.414582 0.873627 -0.999630
v -0.297205 0.965335 -1.020646
v -0.163981 1.219932 -1.000387
v -0.125963 1.129235 -1.059987
v -0.297205 0.965335 -1.020646
v 0.131284 1.120049 -1.072246
v 0.208278 1.063036 -1.008919
v 0.206567 0.987759 -1.119610
v 0.413320 1.298908 -0.994582
v 0.419776 1.269937 -1.035743
v 0.388259 1.263678 -1.038784
v 0.647776 1.067992 -0.962420
v 0.683000 1.002224 -0.977583
v 0.627499 0.909444 -1.076895
v 1.152337 1.033435 -1.024216
v 1.142111 1.018476 -1.077779
v 0.902564 0.918650 -1.008244
v 1.446684 1.207199 -1.011462
v 1.298183 1.106614 -1.035719
v 1.362720 1.146130 -0.961306
v 2.347126 1.492364 -1.085902
v 2.368839 1.537158 -0.993875
v 2.495936 1.400479 -1.036149
v 2.495936 1.400479 -1.036149
v 2.524316 1.336096 -1.007448
v 2.555826 1.312040 -1.081361
v 2.555826 1.312040 -1.081361
v 2.524316 1.336096 -1.007448
v 2.620615 1.222199 -1.051387
v 2.791708 1.062784 -1.032312
v 2.870277 0.982298 -1.006581
v 2.871163 1.067542 -1.034877
v 2.933840 1.000475 -1.011583
v 2.934995 0.991269 -1.066632
v 2.871163 1.067542 -1.034877
v 2.934995 0.991269 -1.066632
v 2.933840 1.000475 -1.011583
v 2.963797 0.942654 -1.042903
v 3.097818 0.789818 -0.998435
v 3.104237 0.806829 -1.046973
v 2.963797 0.942654 -1.042903
v 3.174958 0.712227 -1.011798
v 3.104237 0.806829 -1.046973
v 3.097818 0.789818 -0.998435
v 3.207358 0.643337 -1.064834
v 3.174958 0.712227 -1.011798
v 3.218178 0.696491 -1.007134
v 3.282079 0.585528 -1.019567
v 3.207358 0.643337 -1.064834
v 3.218178 0.696491 -1.007134
v 3.342869 0.542038 -1.022142
v 3.351797 0.475430 -1.081220
v 3.282079 0.585528 -1.019567
v 3.416182 0.450228 -1.007003
v 3.396067 0.441191 -1.044542
v 3.342869 0.542038 -1.022142
v -0.400043 0.811286 -1.075284
v -0.297205 0.965335 -1.020646
v -0.278389 0.909139 -1.061542
v -0.297205 0.965335 -1.020646
v -0.125963 1.129235 -1.059987
v -0.278389 0.909139 -1.061542
v -0.092784 1.189451 -1.034440
v -0.078280 1.069378 -1.108163
v -0.125963 1.129235 -1.059987
v 0.354188 1.248782 -1.071849
v 0.361250 1.264690 -1.044520
v 0.388259 1.263678 -1.038784
v 0.683000 1.002224 -0.977583
v 0.756626 0.869254 -1.033660
v 0.627499 0.909444 -1.076895
v 1.298183 1.106614 -1.035719
v 1.422691 1.180811 -1.086437
v 1.152337 1.033435 -1.024216
v 2.620615 1.222199 -1.051387
v 2.791708 1.062784 -1.032312
v 2.805666 1.084026 -1.079186
v 2.805666 1.084026 -1.079186
v 2.791708 1.062784 -1.032312
v 2.871163 1.067542 -1.034877
v 2.871163 1.067542 -1.034877
v 2.907743 0.977672 -1.101615
v 2.805666 1.084026 -1.079186
v 3.127679 0.722218 -1.109523
v 2.963797 0.942654 -1.042903
v 3.104237 0.806829 -1.046973
v 3.127679 0.722218 -1.109523
v 3.104237 0.806829 -1.046973
v 3.174958 0.712227 -1.011798
v 3.174958 0.712227 -1.011798
v 3.207358 0.643337 -1.064834
v 3.127679 0.722218 -1.109523
v 3.351797 0.475430 -1.081220
v 3.342869 0.542038 -1.022142
v 3.396067 0.441191 -1.044542
v 3.416182 0.450228 -1.007003
v 3.676670 0.196462 -1.045937
v 3.396067 0.441191 -1.044542
v 4.043439 -0.001279 -1.050040
v 3.852772 0.089566 -1.184651
v 3.774519 0.137406 -1.019755
v -1.356336 0.093804 -1.161239
v -1.498649 0.000754 -1.147317
v -1.086181 0.260526 -1.079361
v -0.861886 0.409599 -0.960237
v -0.767890 0.518001 -1.017444
v -1.086181 0.260526 -1.079361
v -0.680220 0.610572 -1.036390
v -0.603377 0.664591 -1.157632
v -0.767890 0.518001 -1.017444
v -0.547040 0.714733 -1.054241
v -0.603377 0.664591 -1.157632
v -0.680220 0.610572 -1.036390
v -0.400043 0.811286 -1.075284
v -0.278389 0.909139 -1.061542
v -0.266986 0.885834 -1.127965
v -0.125963 1.129235 -1.059987
v -0.194942 0.950957 -1.132459
v -0.278389 0.909139 -1.061542
v 0.308882 1.195946 -1.039420
v 0.354188 1.248782 -1.071849
v 0.248069 0.972716 -1.139778
v 0.419776 1.269937 -1.035743
v 0.421381 1.125403 -1.116617
v 0.388259 1.263678 -1.038784
v 0.419776 1.269937 -1.035743
v 0.485235 1.013993 -1.103490
v 0.421381 1.125403 -1.116617
v 0.485235 1.013993 -1.103490
v 0.419776 1.269937 -1.035743
v 0.481608 1.174914 -1.042558
v 0.485235 1.013993 -1.103490
v 0.481608 1.174914 -1.042558
v 0.506604 1.160117 -1.001091
v 0.536125 0.881167 -1.142038
v 0.506604 1.160117 -1.001091
v 0.570347 1.110047 -0.956434
v 1.142111 1.018476 -1.077779
v 1.152337 1.033435 -1.024216
v 1.422691 1.180811 -1.086437
v 2.495936 1.400479 -1.036149
v 2.555826 1.312040 -1.081361
v 2.347126 1.492364 -1.085902
v 2.620615 1.222199 -1.051387
v 2.697236 1.185353 -1.104277
v 2.555826 1.312040 -1.081361
v 2.697236 1.185353 -1.104277
v 2.620615 1.222199 -1.051387
v 2.805666 1.084026 -1.079186
v 2.907743 0.977672 -1.101615
v 2.871163 1.067542 -1.034877
v 2.934995 0.991269 -1.066632
v 2.934995 0.991269 -1.066632
v 2.963797 0.942654 -1.042903
v 2.907743 0.977672 -1.101615
v 2.907743 0.977672 -1.101615
v 2.963797 0.942654 -1.042903
v 3.127679 0.722218 -1.109523
v 3.351797 0.475430 -1.081220
v 3.207358 0.643337 -1.064834
v 3.282079 0.585528 -1.019567
v 3.432748 0.393243 -1.173064
v 3.396067 0.441191 -1.044542
v 3.676670 0.196462 -1.045937
v 3.774519 0.137406 -1.019755
v 3.852772 0.089566 -1.184651
v 3.676670 0.196462 -1.045937
v -1.086181 0.260526 -1.079361
v -0.767890 0.518001 -1.017444
v -1.005468 0.362429 -1.236981
v -0.400043 0.811286 -1.075284
v -0.462317 0.770430 -1.144427
v -0.547040 0.714733 -1.054241
v -0.400043 0.811286 -1.075284
v -0.266986 0.885834 -1.127965
v -0.462317 0.770430 -1.144427
v -0.266986 0.885834 -1.127965
v -0.278389 0.909139 -1.061542
v -0.194942 0.950957 -1.132459
v -0.194942 0.950957 -1.132459
v -0.125963 1.129235 -1.059987
v -0.078280 1.069378 -1.108163
v 0.354188 1.248782 -1.071849
v 0.334454 1.032789 -1.196954
v 0.248069 0.972716 -1.139778
v 0.388259 1.263678 -1.038784
v 0.387801 1.046169 -1.160798
v 0.354188 1.248782 -1.071849
v 0.387801 1.046169 -1.160798
v 0.388259 1.263678 -1.038784
v 0.421381 1.125403 -1.116617
v 0.485235 1.013993 -1.103490
v 0.506604 1.160117 -1.001091
v 0.536125 0.881167 -1.142038
v 0.536125 0.881167 -1.142038
v 0.570347 1.110047 -0.956434
v 0.627499 0.909444 -1.076895
v 0.530172 0.797405 -1.233492
v 0.627499 0.909444 -1.076895
v 0.756626 0.869254 -1.033660
v 0.838789 0.884962 -1.018486
v 0.797899 0.849821 -1.172679
v 0.756626 0.869254 -1.033660
v 1.142111 1.018476 -1.077779
v 1.071941 0.990089 -1.160916
v 0.920861 0.915929 -1.132716
v 1.972837 1.674910 -1.130434
v 1.956092 1.664834 -1.088094
v 2.043324 1.746373 -1.115721
v 2.555826 1.312040 -1.081361
v 2.462829 1.386396 -1.159492
v 2.347126 1.492364 -1.085902
v 2.462829 1.386396 -1.159492
v 2.555826 1.312040 -1.081361
v 2.697236 1.185353 -1.104277
v 2.697236 1.185353 -1.104277
v 2.805666 1.084026 -1.079186
v 2.907743 0.977672 -1.101615
v 3.351797 0.475430 -1.081220
v 3.127679 0.722218 -1.109523
v 3.207358 0.643337 -1.064834
v 3.432748 0.393243 -1.173064
v 3.351797 0.475430 -1.081220
v 3.396067 0.441191 -1.044542
v -1.005468 0.362429 -1.236981
v -0.767890 0.518001 -1.017444
v -0.603377 0.664591 -1.157632
v -0.603377 0.664591 -1.157632
v -0.547040 0.714733 -1.054241
v -0.462317 0.770430 -1.144427
v -0.266986 0.885834 -1.127965
v -0.370189 0.835821 -1.148189
v -0.462317 0.770430 -1.144427
v -0.175261 0.952613 -1.194598
v -0.194942 0.950957 -1.132459
v -0.078280 1.069378 -1.108163
v 0.109081 1.071643 -1.119229
v 0.045645 1.149584 -1.167741
v 0.007180 1.162507 -1.123063
v 0.485235 1.013993 -1.103490
v 0.483054 0.945254 -1.190237
v 0.421381 1.125403 -1.116617
v 0.485235 1.013993 -1.103490
v 0.536125 0.881167 -1.142038
v 0.483054 0.945254 -1.190237
v 0.627499 0.909444 -1.076895
v 0.530172 0.797405 -1.233492
v 0.536125 0.881167 -1.142038
v 0.556065 0.770492 -1.263220
v 0.530172 0.797405 -1.233492
v 0.756626 0.869254 -1.033660
v 0.743515 0.803156 -1.254630
v 0.756626 0.869254 -1.033660
v 0.797899 0.849821 -1.172679
v 0.920861 0.915929 -1.132716
v 0.797899 0.849821 -1.172679
v 0.838789 0.884962 -1.018486
v 1.017089 0.961788 -1.181783
v 0.920861 0.915929 -1.132716
v 1.071941 0.990089 -1.160916
v 1.142111 1.018476 -1.077779
v 1.303855 1.121421 -1.177756
v 1.071941 0.990089 -1.160916
v 1.303855 1.121421 -1.177756
v 1.142111 1.018476 -1.077779
v 1.422691 1.180811 -1.086437
v 1.422691 1.180811 -1.086437
v 1.424880 1.199126 -1.149589
v 1.303855 1.121421 -1.177756
v 3.351797 0.475430 -1.081220
v 3.103939 0.734540 -1.199510
v 3.127679 0.722218 -1.109523
v 3.103939 0.734540 -1.199510
v 3.351797 0.475430 -1.081220
v 3.432748 0.393243 -1.173064
v 3.432748 0.393243 -1.173064
v 3.676670 0.196462 -1.045937
v 3.676725 0.200563 -1.139755
v 3.676670 0.196462 -1.045937
v 3.852772 0.089566 -1.184651
v 3.676725 0.200563 -1.139755
v -0.517528 0.777753 -1.200183
v -0.603377 0.664591 -1.157632
v -0.462317 0.770430 -1.144427
v -0.473170 0.861855 -1.223603
v -0.462317 0.770430 -1.144427
v -0.370189 0.835821 -1.148189
v -0.230860 0.928986 -1.185967
v -0.370189 0.835821 -1.148189
v -0.266986 0.885834 -1.127965
v -0.230860 0.928986 -1.185967
v -0.266986 0.885834 -1.127965
v -0.194942 0.950957 -1.132459
v -0.230860 0.928986 -1.185967
v -0.194942 0.950957 -1.132459
v -0.175261 0.952613 -1.194598
v -0.078280 1.069378 -1.108163
v -0.111719 1.003038 -1.183908
v -0.175261 0.952613 -1.194598
v 0.045645 1.149584 -1.167741
v 0.109081 1.071643 -1.119229
v 0.119576 1.093690 -1.176490
v 0.119576 1.093690 -1.176490
v 0.109081 1.071643 -1.119229
v 0.180430 0.970622 -1.200626
v 0.206567 0.987759 -1.119610
v 0.180430 0.970622 -1.200626
v 0.109081 1.071643 -1.119229
v 0.421381 1.125403 -1.116617
v 0.483054 0.945254 -1.190237
v 0.387801 1.046169 -1.160798
v 0.756626 0.869254 -1.033660
v 0.743515 0.803156 -1.254630
v 0.556065 0.770492 -1.263220
v 0.920861 0.915929 -1.132716
v 0.899734 0.925947 -1.188348
v 0.797899 0.849821 -1.172679
v 0.899734 0.925947 -1.188348
v 0.920861 0.915929 -1.132716
v 1.017089 0.961788 -1.181783
v 1.178220 1.103587 -1.224451
v 1.071941 0.990089 -1.160916
v 1.303855 1.121421 -1.177756
v 1.623294 1.310829 -1.138823
v 1.695730 1.387891 -1.172594
v 1.654676 1.391334 -1.191219
v 1.695730 1.387891 -1.172594
v 1.623294 1.310829 -1.138823
v 1.769768 1.461344 -1.167403
v 1.972837 1.674910 -1.130434
v 1.864273 1.624796 -1.253014
v 1.837883 1.513111 -1.162104
v 2.698325 1.147516 -1.250821
v 2.462829 1.386396 -1.159492
v 2.697236 1.185353 -1.104277
v 2.907743 0.977672 -1.101615
v 3.103939 0.734540 -1.199510
v 2.697236 1.185353 -1.104277
v 3.103939 0.734540 -1.199510
v 2.907743 0.977672 -1.101615
v 3.127679 0.722218 -1.109523
v -1.141808 0.272281 -1.304165
v -1.356336 0.093804 -1.161239
v -1.086181 0.260526 -1.079361
v -0.462317 0.770430 -1.144427
v -0.473170 0.861855 -1.223603
v -0.517528 0.777753 -1.200183
v -0.230860 0.928986 -1.185967
v -0.257695 0.972097 -1.208573
v -0.370189 0.835821 -1.148189
v 0.180430 0.970622 -1.200626
v 0.115396 1.088435 -1.207772
v 0.119576 1.093690 -1.176490
v 0.354188 1.248782 -1.071849
v 0.357798 0.883817 -1.287704
v 0.334454 1.032789 -1.196954
v 0.357798 0.883817 -1.287704
v 0.354188 1.248782 -1.071849
v 0.387801 1.046169 -1.160798
v 0.483054 0.945254 -1.190237
v 0.472529 0.837489 -1.250620
v 0.387801 1.046169 -1.160798
v 1.424880 1.199126 -1.149589
v 1.433060 1.307809 -1.242749
v 1.303855 1.121421 -1.177756
v 1.695730 1.387891 -1.172594
v 1.769768 1.461344 -1.167403
v 1.654676 1.391334 -1.191219
v 1.864273 1.624796 -1.253014
v 1.769768 1.461344 -1.167403
v 1.837883 1.513111 -1.162104
v 3.525099 0.291848 -1.257984
v 3.432748 0.393243 -1.173064
v 3.676725 0.200563 -1.139755
v 4.043439 -0.001279 -1.050040
v 4.057349 0.000353 -1.233377
v 3.852772 0.089566 -1.184651
v -1.141808 0.272281 -1.304165
v -1.086181 0.260526 -1.079361
v -1.005468 0.362429 -1.236981
v -0.603377 0.664591 -1.157632
v -0.517528 0.777753 -1.200183
v -0.677695 0.638609 -1.286744
v -0.111719 1.003038 -1.183908
v -0.116153 1.003227 -1.239111
v -0.175261 0.952613 -1.194598
v 0.047350 1.047261 -1.268292
v 0.010967 1.186172 -1.202025
v 0.045645 1.149584 -1.167741
v 0.296681 0.886344 -1.280218
v 0.248069 0.972716 -1.139778
v 0.334454 1.032789 -1.196954
v 0.385673 0.868001 -1.279531
v 0.387801 1.046169 -1.160798
v 0.472529 0.837489 -1.250620
v 0.530172 0.797405 -1.233492
v 0.483054 0.945254 -1.190237
v 0.536125 0.881167 -1.142038
v 0.743515 0.803156 -1.254630
v 0.716822 0.784369 -1.300016
v 0.556065 0.770492 -1.263220
v 0.797899 0.849821 -1.172679
v 0.772921 0.851215 -1.253459
v 0.743515 0.803156 -1.254630
v 0.797899 0.849821 -1.172679
v 0.814961 0.967823 -1.229155
v 0.772921 0.851215 -1.253459
v 0.797899 0.849821 -1.172679
v 0.863199 0.989390 -1.222389
v 0.814961 0.967823 -1.229155
v 0.863199 0.989390 -1.222389
v 0.797899 0.849821 -1.172679
v 0.899734 0.925947 -1.188348
v 0.863199 0.989390 -1.222389
v 0.899734 0.925947 -1.188348
v 0.885354 0.971311 -1.245767
v 0.899734 0.925947 -1.188348
v 0.923205 1.006440 -1.259087
v 0.885354 0.971311 -1.245767
v 0.923205 1.006440 -1.259087
v 0.899734 0.925947 -1.188348
v 1.017089 0.961788 -1.181783
v 1.035805 1.024091 -1.269676
v 1.017089 0.961788 -1.181783
v 1.071941 0.990089 -1.160916
v 1.035805 1.024091 -1.269676
v 1.071941 0.990089 -1.160916
v 1.080414 1.058002 -1.242017
v 2.006527 1.794271 -1.179011
v 1.948014 1.753354 -1.249632
v 1.864273 1.624796 -1.253014
v 2.698325 1.147516 -1.250821
v 2.610096 1.256211 -1.273706
v 2.462829 1.386396 -1.159492
v 3.312469 0.509078 -1.244867
v 3.103939 0.734540 -1.199510
v 3.432748 0.393243 -1.173064
v -1.356336 0.093804 -1.161239
v -1.347358 0.109358 -1.297476
v -1.498649 0.000754 -1.147317
v -1.141808 0.272281 -1.304165
v -1.347358 0.109358 -1.297476
v -1.356336 0.093804 -1.161239
v -0.958784 0.393174 -1.299128
v -1.005468 0.362429 -1.236981
v -0.603377 0.664591 -1.157632
v -0.370189 0.835821 -1.148189
v -0.299715 1.172249 -1.295611
v -0.473170 0.861855 -1.223603
v -0.257695 0.972097 -1.208573
v -0.299715 1.172249 -1.295611
v -0.370189 0.835821 -1.148189
v -0.116153 1.003227 -1.239111
v -0.230860 0.928986 -1.185967
v -0.175261 0.952613 -1.194598
v 0.114470 1.005152 -1.270753
v 0.115396 1.088435 -1.207772
v 0.180430 0.970622 -1.200626
v 0.296681 0.886344 -1.280218
v 0.334454 1.032789 -1.196954
v 0.357798 0.883817 -1.287704
v 0.387801 1.046169 -1.160798
v 0.385673 0.868001 -1.279531
v 0.357798 0.883817 -1.287704
v 0.472529 0.837489 -1.250620
v 0.483054 0.945254 -1.190237
v 0.530172 0.797405 -1.233492
v 0.863199 0.989390 -1.222389
v 0.885354 0.971311 -1.245767
v 0.814961 0.967823 -1.229155
v 1.433060 1.307809 -1.242749
v 1.338670 1.379161 -1.333858
v 1.303855 1.121421 -1.177756
v 1.616336 1.466782 -1.260062
v 1.572399 1.316319 -1.203166
v 1.654676 1.391334 -1.191219
v 2.508866 1.355046 -1.259389
v 2.462829 1.386396 -1.159492
v 2.610096 1.256211 -1.273706
v 2.697236 1.185353 -1.104277
v 2.775495 1.068732 -1.284562
v 2.698325 1.147516 -1.250821
v 3.312469 0.509078 -1.244867
v 3.432748 0.393243 -1.173064
v 3.525099 0.291848 -1.257984
v 3.660076 0.193059 -1.285251
v 3.525099 0.291848 -1.257984
v 3.676725 0.200563 -1.139755
v 3.660076 0.193059 -1.285251
v 3.676725 0.200563 -1.139755
v 3.852772 0.089566 -1.184651
v -1.498649 0.000754 -1.147317
v -1.347358 0.109358 -1.297476
v -1.516891 -0.002186 -1.341347
v -0.603377 0.664591 -1.157632
v -0.781050 0.549663 -1.312176
v -0.958784 0.393174 -1.299128
v -0.257695 0.972097 -1.208573
v -0.229557 1.093263 -1.319417
v -0.299715 1.172249 -1.295611
v -0.229557 1.093263 -1.319417
v -0.257695 0.972097 -1.208573
v -0.230860 0.928986 -1.185967
v -0.116153 1.003227 -1.239111
v -0.070735 1.067184 -1.297305
v -0.118204 1.052528 -1.297013
v 0.296681 0.886344 -1.280218
v 0.208425 0.848631 -1.343026
v 0.248069 0.972716 -1.139778
v 0.772921 0.851215 -1.253459
v 0.814961 0.967823 -1.229155
v 0.840850 0.914662 -1.280491
v 0.885354 0.971311 -1.245767
v 0.840850 0.914662 -1.280491
v 0.814961 0.967823 -1.229155
v 2.697236 1.185353 -1.104277
v 2.879337 0.955516 -1.332316
v 2.775495 1.068732 -1.284562
v 2.697236 1.185353 -1.104277
v 2.990044 0.849521 -1.324264
v 2.879337 0.955516 -1.332316
v 2.990044 0.849521 -1.324264
v 2.697236 1.185353 -1.104277
v 3.103939 0.734540 -1.199510
v 3.103939 0.734540 -1.199510
v 3.312469 0.509078 -1.244867
v 3.127616 0.693322 -1.330457
v -1.141808 0.272281 -1.304165
v -1.005468 0.362429 -1.236981
v -0.958784 0.393174 -1.299128
v -0.603377 0.664591 -1.157632
v -0.677695 0.638609 -1.286744
v -0.781050 0.549663 -1.312176
v -0.525154 0.929765 -1.372601
v -0.517528 0.777753 -1.200183
v -0.473170 0.861855 -1.223603
v -0.473170 0.861855 -1.223603
v -0.394175 1.172148 -1.336673
v -0.525154 0.929765 -1.372601
v -0.394175 1.172148 -1.336673
v -0.473170 0.861855 -1.223603
v -0.299715 1.172249 -1.295611
v -0.299715 1.172249 -1.295611
v -0.319518 1.232179 -1.334129
v -0.394175 1.172148 -1.336673
v -0.229557 1.093263 -1.319417
v -0.272678 1.181242 -1.373635
v -0.299715 1.172249 -1.295611
v -0.229557 1.093263 -1.319417
v -0.230860 0.928986 -1.185967
v -0.116153 1.003227 -1.239111
v 0.399939 0.766415 -1.385553
v 0.385673 0.868001 -1.279531
v 0.472529 0.837489 -1.250620
v 0.472529 0.837489 -1.250620
v 0.467701 0.744555 -1.365176
v 0.399939 0.766415 -1.385553
v 0.467701 0.744555 -1.365176
v 0.472529 0.837489 -1.250620
v 0.530172 0.797405 -1.233492
v 0.467701 0.744555 -1.365176
v 0.530172 0.797405 -1.233492
v 0.556065 0.770492 -1.263220
v 0.716822 0.784369 -1.300016
v 0.743515 0.803156 -1.254630
v 0.772921 0.851215 -1.253459
v 0.716822 0.784369 -1.300016
v 0.772921 0.851215 -1.253459
v 0.840850 0.914662 -1.280491
v 0.840850 0.914662 -1.280491
v 0.885354 0.971311 -1.245767
v 0.961651 1.020215 -1.302034
v 0.923205 1.006440 -1.259087
v 0.961651 1.020215 -1.302034
v 0.885354 0.971311 -1.245767
v 1.035805 1.024091 -1.269676
v 1.079332 1.084302 -1.326891
v 0.961651 1.020215 -1.302034
v 1.079332 1.084302 -1.326891
v 1.035805 1.024091 -1.269676
v 1.080414 1.058002 -1.242017
v 1.079332 1.084302 -1.326891
v 1.080414 1.058002 -1.242017
v 1.154970 1.142118 -1.317991
v 2.508866 1.355046 -1.259389
v 2.545579 1.375553 -1.299401
v 2.474686 1.400189 -1.271715
v 2.545579 1.375553 -1.299401
v 2.508866 1.355046 -1.259389
v 2.591225 1.322826 -1.316404
v 2.610096 1.256211 -1.273706
v 2.591225 1.322826 -1.316404
v 2.508866 1.355046 -1.259389
v 2.610096 1.256211 -1.273706
v 2.698325 1.147516 -1.250821
v 2.679167 1.221482 -1.301367
v 2.775495 1.068732 -1.284562
v 2.679167 1.221482 -1.301367
v 2.698325 1.147516 -1.250821
v 3.103939 0.734540 -1.199510
v 3.127616 0.693322 -1.330457
v 2.990044 0.849521 -1.324264
v 3.255171 0.475658 -1.430087
v 3.312469 0.509078 -1.244867
v 3.525099 0.291848 -1.257984
v -1.060897 0.379508 -1.335059
v -1.141808 0.272281 -1.304165
v -0.958784 0.393174 -1.299128
v -0.958784 0.393174 -1.299128
v -0.978326 0.428953 -1.352321
v -1.060897 0.379508 -1.335059
v -0.978326 0.428953 -1.352321
v -0.958784 0.393174 -1.299128
v -0.781050 0.549663 -1.312176
v -0.781050 0.549663 -1.312176
v -0.841840 0.543291 -1.350048
v -0.978326 0.428953 -1.352321
v -0.629218 0.773824 -1.386521
v -0.677695 0.638609 -1.286744
v -0.517528 0.777753 -1.200183
v -0.517528 0.777753 -1.200183
v -0.525154 0.929765 -1.372601
v -0.629218 0.773824 -1.386521
v -0.319518 1.232179 -1.334129
v -0.299715 1.172249 -1.295611
v -0.272678 1.181242 -1.373635
v -0.116153 1.003227 -1.239111
v -0.118204 1.052528 -1.297013
v -0.229557 1.093263 -1.319417
v -0.070735 1.067184 -1.297305
v 0.063680 0.983033 -1.325919
v -0.046132 1.059885 -1.352770
v 0.294347 0.828251 -1.367547
v 0.296681 0.886344 -1.280218
v 0.324197 0.883338 -1.343215
v 0.324197 0.883338 -1.343215
v 0.296681 0.886344 -1.280218
v 0.357798 0.883817 -1.287704
v 0.324197 0.883338 -1.343215
v 0.357798 0.883817 -1.287704
v 0.385673 0.868001 -1.279531
v 0.716822 0.784369 -1.300016
v 0.807549 0.897735 -1.345503
v 0.747593 0.832108 -1.335117
v 0.807549 0.897735 -1.345503
v 0.716822 0.784369 -1.300016
v 0.840850 0.914662 -1.280491
v 0.840850 0.914662 -1.280491
v 0.899599 0.982780 -1.371419
v 0.807549 0.897735 -1.345503
v 0.899599 0.982780 -1.371419
v 0.840850 0.914662 -1.280491
v 0.961651 1.020215 -1.302034
v 1.311606 1.350838 -1.363765
v 1.303855 1.121421 -1.177756
v 1.338670 1.379161 -1.333858
v 2.545579 1.375553 -1.299401
v 2.529574 1.398069 -1.347080
v 2.474686 1.400189 -1.271715
v 2.529574 1.398069 -1.347080
v 2.545579 1.375553 -1.299401
v 2.591225 1.322826 -1.316404
v 2.591225 1.322826 -1.316404
v 2.610096 1.256211 -1.273706
v 2.679167 1.221482 -1.301367
v 2.775495 1.068732 -1.284562
v 2.777443 1.101303 -1.351241
v 2.679167 1.221482 -1.301367
v 2.777443 1.101303 -1.351241
v 2.775495 1.068732 -1.284562
v 2.823361 1.061699 -1.352862
v 2.823361 1.061699 -1.352862
v 2.775495 1.068732 -1.284562
v 2.879337 0.955516 -1.332316
v 3.519560 0.287065 -1.346431
v 3.525099 0.291848 -1.257984
v 3.660076 0.193059 -1.285251
v 3.660076 0.193059 -1.285251
v 3.686410 0.178881 -1.388710
v 3.519560 0.287065 -1.346431
v 3.686410 0.178881 -1.388710
v 3.660076 0.193059 -1.285251
v 3.842541 0.086095 -1.373051
v -1.206665 0.229887 -1.355425
v -1.347358 0.109358 -1.297476
v -1.141808 0.272281 -1.304165
v -1.141808 0.272281 -1.304165
v -1.060897 0.379508 -1.335059
v -1.206665 0.229887 -1.355425
v -0.677695 0.638609 -1.286744
v -0.787709 0.577628 -1.392287
v -0.781050 0.549663 -1.312176
v -0.677695 0.638609 -1.286744
v -0.629218 0.773824 -1.386521
v -0.787709 0.577628 -1.392287
v -0.117275 1.174285 -1.374587
v -0.118204 1.052528 -1.297013
v -0.083108 1.112178 -1.346667
v -0.070735 1.067184 -1.297305
v -0.083108 1.112178 -1.346667
v -0.118204 1.052528 -1.297013
v -0.083108 1.112178 -1.346667
v -0.070735 1.067184 -1.297305
v -0.046132 1.059885 -1.352770
v 0.063680 0.983033 -1.325919
v 0.053522 1.002063 -1.368562
v -0.046132 1.059885 -1.352770
v 0.385673 0.868001 -1.279531
v 0.399939 0.766415 -1.385553
v 0.324197 0.883338 -1.343215
v 0.698192 0.748274 -1.401489
v 0.716822 0.784369 -1.300016
v 0.747593 0.832108 -1.335117
v 0.777951 0.993172 -1.392293
v 0.747593 0.832108 -1.335117
v 0.807549 0.897735 -1.345503
v 1.154970 1.142118 -1.317991
v 1.139727 1.201122 -1.393371
v 1.079332 1.084302 -1.326891
v 2.536674 1.356181 -1.381590
v 2.529574 1.398069 -1.347080
v 2.591225 1.322826 -1.316404
v 2.591225 1.322826 -1.316404
v 2.597002 1.324999 -1.349118
v 2.536674 1.356181 -1.381590
v 2.597002 1.324999 -1.349118
v 2.591225 1.322826 -1.316404
v 2.679167 1.221482 -1.301367
v 2.597002 1.324999 -1.349118
v 2.679167 1.221482 -1.301367
v 2.777443 1.101303 -1.351241
v 2.990044 0.849521 -1.324264
v 2.925310 0.941364 -1.357867
v 2.879337 0.955516 -1.332316
v 2.925310 0.941364 -1.357867
v 2.990044 0.849521 -1.324264
v 3.008285 0.846851 -1.369418
v 3.127616 0.693322 -1.330457
v 3.008285 0.846851 -1.369418
v 2.990044 0.849521 -1.324264
v 3.181331 0.593281 -1.382227
v 3.127616 0.693322 -1.330457
v 3.312469 0.509078 -1.244867
v 3.181331 0.593281 -1.382227
v 3.312469 0.509078 -1.244867
v 3.255171 0.475658 -1.430087
v 3.525099 0.291848 -1.257984
v 3.519560 0.287065 -1.346431
v 3.255171 0.475658 -1.430087
v -1.206665 0.229887 -1.355425
v -1.516891 -0.002186 -1.341347
v -1.347358 0.109358 -1.297476
v -1.206665 0.229887 -1.355425
v -1.060897 0.379508 -1.335059
v -1.045241 0.352254 -1.401840
v -1.045241 0.352254 -1.401840
v -1.060897 0.379508 -1.335059
v -0.978326 0.428953 -1.352321
v -0.978326 0.428953 -1.352321
v -0.841840 0.543291 -1.350048
v -0.787709 0.577628 -1.392287
v -0.781050 0.549663 -1.312176
v -0.787709 0.577628 -1.392287
v -0.841840 0.543291 -1.350048
v -0.525154 0.929765 -1.372601
v -0.394175 1.172148 -1.336673
v -0.391981 1.154331 -1.379145
v -0.391981 1.154331 -1.379145
v -0.394175 1.172148 -1.336673
v -0.319658 1.209046 -1.386364
v -0.319518 1.232179 -1.334129
v -0.319658 1.209046 -1.386364
v -0.394175 1.172148 -1.336673
v -0.319658 1.209046 -1.386364
v -0.319518 1.232179 -1.334129
v -0.272678 1.181242 -1.373635
v -0.229557 1.093263 -1.319417
v -0.219037 1.200478 -1.388374
v -0.272678 1.181242 -1.373635
v -0.219037 1.200478 -1.388374
v -0.229557 1.093263 -1.319417
v -0.164554 1.185977 -1.406262
v -0.118204 1.052528 -1.297013
v -0.164554 1.185977 -1.406262
v -0.229557 1.093263 -1.319417
v -0.117275 1.174285 -1.374587
v -0.083108 1.112178 -1.346667
v -0.046132 1.059885 -1.352770
v 0.053522 1.002063 -1.368562
v 0.009567 1.084722 -1.400282
v -0.046132 1.059885 -1.352770
v 0.063680 0.983033 -1.325919
v 0.208425 0.848631 -1.343026
v 0.053522 1.002063 -1.368562
v 0.294347 0.828251 -1.367547
v 0.324197 0.883338 -1.343215
v 0.338603 0.831311 -1.376225
v 0.338603 0.831311 -1.376225
v 0.324197 0.883338 -1.343215
v 0.399939 0.766415 -1.385553
v 0.556065 0.770492 -1.263220
v 0.452681 0.700866 -1.485464
v 0.467701 0.744555 -1.365176
v 0.716822 0.784369 -1.300016
v 0.698192 0.748274 -1.401489
v 0.556065 0.770492 -1.263220
v 0.807549 0.897735 -1.345503
v 0.807821 1.016453 -1.379764
v 0.777951 0.993172 -1.392293
v 0.807821 1.016453 -1.379764
v 0.807549 0.897735 -1.345503
v 0.865363 0.976608 -1.378208
v 0.865363 0.976608 -1.378208
v 0.807549 0.897735 -1.345503
v 0.899599 0.982780 -1.371419
v 0.961651 1.020215 -1.302034
v 0.981469 1.073906 -1.370776
v 0.899599 0.982780 -1.371419
v 1.075692 1.193609 -1.450501
v 0.961651 1.020215 -1.302034
v 1.079332 1.084302 -1.326891
v 1.311606 1.350838 -1.363765
v 1.338670 1.379161 -1.333858
v 1.400241 1.493683 -1.371115
v 1.760008 1.750550 -1.313532
v 1.729991 1.927087 -1.399652
v 1.669260 1.827914 -1.399858
v 2.536674 1.356181 -1.381590
v 2.597002 1.324999 -1.349118
v 2.777443 1.101303 -1.351241
v 2.823361 1.061699 -1.352862
v 2.798228 1.021057 -1.395975
v 2.777443 1.101303 -1.351241
v 2.879337 0.955516 -1.332316
v 2.882865 0.905980 -1.402066
v 2.823361 1.061699 -1.352862
v 2.882865 0.905980 -1.402066
v 2.879337 0.955516 -1.332316
v 2.925310 0.941364 -1.357867
v 3.008285 0.846851 -1.369418
v 2.947143 0.877128 -1.401166
v 2.925310 0.941364 -1.357867
v 3.116935 0.702741 -1.398910
v 3.008285 0.846851 -1.369418
v 3.127616 0.693322 -1.330457
v 3.581274 0.248082 -1.378420
v 3.519560 0.287065 -1.346431
v 3.686410 0.178881 -1.388710
v -0.489192 1.023692 -1.431811
v -0.629218 0.773824 -1.386521
v -0.525154 0.929765 -1.372601
v -0.272678 1.181242 -1.373635
v -0.270700 1.276701 -1.456175
v -0.319658 1.209046 -1.386364
v -0.046132 1.059885 -1.352770
v -0.042465 1.104191 -1.411062
v -0.117275 1.174285 -1.374587
v 0.047370 1.043227 -1.428283
v 0.009567 1.084722 -1.400282
v 0.053522 1.002063 -1.368562
v 0.145477 0.855506 -1.428980
v 0.053522 1.002063 -1.368562
v 0.208425 0.848631 -1.343026
v 0.208425 0.848631 -1.343026
v 0.201127 0.770137 -1.476516
v 0.145477 0.855506 -1.428980
v 0.338603 0.831311 -1.376225
v 0.334377 0.830592 -1.399536
v 0.294347 0.828251 -1.367547
v 0.334377 0.830592 -1.399536
v 0.338603 0.831311 -1.376225
v 0.399939 0.766415 -1.385553
v 0.680715 0.722101 -1.482442
v 0.556065 0.770492 -1.263220
v 0.698192 0.748274 -1.401489
v 0.747593 0.832108 -1.335117
v 0.777951 0.993172 -1.392293
v 0.698192 0.748274 -1.401489
v 0.873998 1.024540 -1.435780
v 0.899599 0.982780 -1.371419
v 0.981469 1.073906 -1.370776
v 0.981469 1.073906 -1.370776
v 0.975821 1.124782 -1.424366
v 0.873998 1.024540 -1.435780
v 0.981469 1.073906 -1.370776
v 0.961651 1.020215 -1.302034
v 1.075692 1.193609 -1.450501
v 1.079332 1.084302 -1.326891
v 1.139727 1.201122 -1.393371
v 1.075692 1.193609 -1.450501
v 2.777443 1.101303 -1.351241
v 2.798228 1.021057 -1.395975
v 2.536674 1.356181 -1.381590
v 2.823361 1.061699 -1.352862
v 2.882865 0.905980 -1.402066
v 2.798228 1.021057 -1.395975
v 2.925310 0.941364 -1.357867
v 2.947143 0.877128 -1.401166
v 2.882865 0.905980 -1.402066
v 2.992839 0.753449 -1.429262
v 3.008285 0.846851 -1.369418
v 3.116935 0.702741 -1.398910
v 3.116935 0.702741 -1.398910
v 3.127616 0.693322 -1.330457
v 3.181331 0.593281 -1.382227
v 3.842541 0.086095 -1.373051
v 3.723276 0.173400 -1.415900
v 3.686410 0.178881 -1.388710
v 3.842541 0.086095 -1.373051
v 3.907205 0.064225 -1.400031
v 3.814609 0.103802 -1.420056
v -1.206665 0.229887 -1.355425
v -1.386311 0.116233 -1.500337
v -1.516891 -0.002186 -1.341347
v -1.386311 0.116233 -1.500337
v -1.206665 0.229887 -1.355425
v -1.045241 0.352254 -1.401840
v -1.045241 0.352254 -1.401840
v -0.978326 0.428953 -1.352321
v -0.787709 0.577628 -1.392287
v -0.489192 1.023692 -1.431811
v -0.581628 0.919032 -1.439937
v -0.629218 0.773824 -1.386521
v -0.489192 1.023692 -1.431811
v -0.525154 0.929765 -1.372601
v -0.391981 1.154331 -1.379145
v -0.391981 1.154331 -1.379145
v -0.381385 1.163932 -1.440979
v -0.489192 1.023692 -1.431811
v -0.381385 1.163932 -1.440979
v -0.391981 1.154331 -1.379145
v -0.319658 1.209046 -1.386364
v -0.270700 1.276701 -1.456175
v -0.219037 1.200478 -1.388374
v -0.164554 1.185977 -1.406262
v 0.047370 1.043227 -1.428283
v 0.053522 1.002063 -1.368562
v 0.145477 0.855506 -1.428980
v 0.467701 0.744555 -1.365176
v 0.452681 0.700866 -1.485464
v 0.399939 0.766415 -1.385553
v 0.777951 0.993172 -1.392293
v 0.741721 0.855838 -1.464195
v 0.698192 0.748274 -1.401489
v 0.741721 0.855838 -1.464195
v 0.777951 0.993172 -1.392293
v 0.873998 1.024540 -1.435780
v 0.807821 1.016453 -1.379764
v 0.873998 1.024540 -1.435780
v 0.777951 0.993172 -1.392293
v 0.865363 0.976608 -1.378208
v 0.873998 1.024540 -1.435780
v 0.807821 1.016453 -1.379764
v 0.873998 1.024540 -1.435780
v 0.865363 0.976608 -1.378208
v 0.899599 0.982780 -1.371419
v 0.981469 1.073906 -1.370776
v 1.075692 1.193609 -1.450501
v 0.975821 1.124782 -1.424366
v 1.286536 1.409071 -1.422059
v 1.311606 1.350838 -1.363765
v 1.400241 1.493683 -1.371115
v 1.400241 1.493683 -1.371115
v 1.362624 1.589520 -1.495170
v 1.286536 1.409071 -1.422059
v 1.537490 1.729910 -1.474564
v 1.649615 1.719893 -1.349148
v 1.669260 1.827914 -1.399858
v 2.536674 1.356181 -1.381590
v 2.540708 1.337477 -1.453656
v 2.522598 1.350309 -1.436034
v 2.536674 1.356181 -1.381590
v 2.729028 1.088152 -1.455690
v 2.540708 1.337477 -1.453656
v 2.729028 1.088152 -1.455690
v 2.536674 1.356181 -1.381590
v 2.798228 1.021057 -1.395975
v 2.798228 1.021057 -1.395975
v 2.882865 0.905980 -1.402066
v 2.729028 1.088152 -1.455690
v 2.947143 0.877128 -1.401166
v 2.992839 0.753449 -1.429262
v 2.882865 0.905980 -1.402066
v 2.992839 0.753449 -1.429262
v 2.947143 0.877128 -1.401166
v 3.008285 0.846851 -1.369418
v 3.087153 0.627114 -1.453789
v 2.992839 0.753449 -1.429262
v 3.116935 0.702741 -1.398910
v 3.181331 0.593281 -1.382227
v 3.177242 0.538400 -1.445862
v 3.116935 0.702741 -1.398910
v 3.181331 0.593281 -1.382227
v 3.255171 0.475658 -1.430087
v 3.177242 0.538400 -1.445862
v 3.406240 0.311843 -1.461625
v 3.255171 0.475658 -1.430087
v 3.519560 0.287065 -1.346431
v 3.621109 0.202129 -1.453142
v 3.581274 0.248082 -1.378420
v 3.686410 0.178881 -1.388710
v 3.814609 0.103802 -1.420056
v 3.723276 0.173400 -1.415900
v 3.842541 0.086095 -1.373051
v 3.907205 0.064225 -1.400031
v 3.879724 0.141869 -1.469117
v 3.814609 0.103802 -1.420056
v -1.045241 0.352254 -1.401840
v -1.127728 0.296196 -1.506018
v -1.386311 0.116233 -1.500337
v -1.045241 0.352254 -1.401840
v -0.847695 0.514722 -1.454040
v -1.127728 0.296196 -1.506018
v -0.787709 0.577628 -1.392287
v -0.847695 0.514722 -1.454040
v -1.045241 0.352254 -1.401840
v -0.787709 0.577628 -1.392287
v -0.762038 0.642317 -1.483925
v -0.847695 0.514722 -1.454040
v -0.762038 0.642317 -1.483925
v -0.787709 0.577628 -1.392287
v -0.629218 0.773824 -1.386521
v -0.629218 0.773824 -1.386521
v -0.581628 0.919032 -1.439937
v -0.762038 0.642317 -1.483925
v -0.553026 1.032889 -1.470007
v -0.581628 0.919032 -1.439937
v -0.489192 1.023692 -1.431811
v -0.381385 1.163932 -1.440979
v -0.451998 1.122438 -1.479053
v -0.489192 1.023692 -1.431811
v -0.319658 1.209046 -1.386364
v -0.329414 1.273364 -1.489367
v -0.381385 1.163932 -1.440979
v 0.020402 1.058758 -1.459943
v 0.009567 1.084722 -1.400282
v 0.047370 1.043227 -1.428283
v 0.399939 0.766415 -1.385553
v 0.385134 0.732366 -1.452417
v 0.334377 0.830592 -1.399536
v 0.399939 0.766415 -1.385553
v 0.452681 0.700866 -1.485464
v 0.385134 0.732366 -1.452417
v 0.556065 0.770492 -1.263220
v 0.636545 0.658924 -1.653363
v 0.452681 0.700866 -1.485464
v 0.698192 0.748274 -1.401489
v 0.741721 0.855838 -1.464195
v 0.680715 0.722101 -1.482442
v 0.909636 1.082140 -1.471366
v 0.873998 1.024540 -1.435780
v 0.975821 1.124782 -1.424366
v 1.273701 1.439183 -1.469303
v 1.211893 1.313481 -1.426047
v 1.286536 1.409071 -1.422059
v 1.669260 1.827914 -1.399858
v 1.629217 1.967794 -1.485518
v 1.537490 1.729910 -1.474564
v 1.669260 1.827914 -1.399858
v 1.706090 2.133449 -1.496876
v 1.629217 1.967794 -1.485518
v 1.706090 2.133449 -1.496876
v 1.669260 1.827914 -1.399858
v 1.729991 1.927087 -1.399652
v 2.048873 1.773164 -1.478296
v 2.004165 1.891236 -1.426343
v 2.068651 1.922742 -1.393287
v 2.540708 1.337477 -1.453656
v 2.729028 1.088152 -1.455690
v 2.606320 1.247603 -1.471062
v 2.882865 0.905980 -1.402066
v 2.872293 0.857200 -1.525596
v 2.729028 1.088152 -1.455690
v 3.116935 0.702741 -1.398910
v 3.177242 0.538400 -1.445862
v 3.087153 0.627114 -1.453789
v 3.255171 0.475658 -1.430087
v 3.235588 0.425512 -1.526864
v 3.177242 0.538400 -1.445862
v 3.406240 0.311843 -1.461625
v 3.519560 0.287065 -1.346431
v 3.581274 0.248082 -1.378420
v 3.621109 0.202129 -1.453142
v 3.686410 0.178881 -1.388710
v 3.712354 0.176543 -1.470932
v 3.723276 0.173400 -1.415900
v 3.712354 0.176543 -1.470932
v 3.686410 0.178881 -1.388710
v 3.712354 0.176543 -1.470932
v 3.723276 0.173400 -1.415900
v 3.814609 0.103802 -1.420056
v -0.847695 0.514722 -1.454040
v -0.912534 0.486674 -1.523001
v -1.127728 0.296196 -1.506018
v -0.673090 0.834954 -1.497776
v -0.762038 0.642317 -1.483925
v -0.581628 0.919032 -1.439937
v -0.581628 0.919032 -1.439937
v -0.602778 0.948754 -1.516594
v -0.673090 0.834954 -1.497776
v -0.581628 0.919032 -1.439937
v -0.553026 1.032889 -1.470007
v -0.602778 0.948754 -1.516594
v -0.451998 1.122438 -1.479053
v -0.553026 1.032889 -1.470007
v -0.489192 1.023692 -1.431811
v -0.381385 1.163932 -1.440979
v -0.329414 1.273364 -1.489367
v -0.451998 1.122438 -1.479053
v 0.047370 1.043227 -1.428283
v 0.037068 1.009665 -1.486995
v 0.020402 1.058758 -1.459943
v 0.047370 1.043227 -1.428283
v 0.145477 0.855506 -1.428980
v 0.037068 1.009665 -1.486995
v 0.201127 0.770137 -1.476516
v 0.292723 0.769975 -1.450816
v 0.199054 0.736812 -1.528996
v 0.375588 0.728723 -1.498138
v 0.334377 0.830592 -1.399536
v 0.385134 0.732366 -1.452417
v 0.636545 0.658924 -1.653363
v 0.556065 0.770492 -1.263220
v 0.680715 0.722101 -1.482442
v 0.873998 1.024540 -1.435780
v 0.909636 1.082140 -1.471366
v 0.741721 0.855838 -1.464195
v 0.975821 1.124782 -1.424366
v 0.992494 1.229604 -1.519823
v 0.909636 1.082140 -1.471366
v 1.139727 1.201122 -1.393371
v 1.122377 1.322858 -1.534198
v 1.075692 1.193609 -1.450501
v 1.155122 1.397528 -1.559160
v 1.139727 1.201122 -1.393371
v 1.211893 1.313481 -1.426047
v 1.286536 1.409071 -1.422059
v 1.325386 1.595232 -1.512011
v 1.273701 1.439183 -1.469303
v 1.325386 1.595232 -1.512011
v 1.286536 1.409071 -1.422059
v 1.362624 1.589520 -1.495170
v 1.362624 1.589520 -1.495170
v 1.400241 1.493683 -1.371115
v 1.448165 1.749346 -1.546997
v 2.151770 1.628649 -1.518722
v 2.138046 1.762835 -1.428930
v 2.222358 1.635360 -1.537087
v 2.540708 1.337477 -1.453656
v 2.511913 1.232500 -1.532944
v 2.522598 1.350309 -1.436034
v 2.872293 0.857200 -1.525596
v 2.882865 0.905980 -1.402066
v 2.992839 0.753449 -1.429262
v 3.177242 0.538400 -1.445862
v 3.235588 0.425512 -1.526864
v 3.087153 0.627114 -1.453789
v 3.581274 0.248082 -1.378420
v 3.525351 0.180274 -1.614080
v 3.406240 0.311843 -1.461625
v 3.699661 0.196642 -1.511983
v 3.621109 0.202129 -1.453142
v 3.712354 0.176543 -1.470932
v -1.574961 0.000459 -1.500514
v -1.516891 -0.002186 -1.341347
v -1.386311 0.116233 -1.500337
v -0.912534 0.486674 -1.523001
v -0.847695 0.514722 -1.454040
v -0.762038 0.642317 -1.483925
v -0.553026 1.032889 -1.470007
v -0.563304 1.030677 -1.502307
v -0.602778 0.948754 -1.516594
v -0.451998 1.122438 -1.479053
v -0.563304 1.030677 -1.502307
v -0.553026 1.032889 -1.470007
v -0.138841 1.126884 -1.512253
v -0.143127 1.134380 -1.465279
v -0.073273 1.062720 -1.468714
v 0.145477 0.855506 -1.428980
v 0.103108 0.907361 -1.526046
v 0.037068 1.009665 -1.486995
v 0.103108 0.907361 -1.526046
v 0.145477 0.855506 -1.428980
v 0.201127 0.770137 -1.476516
v 0.201127 0.770137 -1.476516
v 0.199054 0.736812 -1.528996
v 0.103108 0.907361 -1.526046
v 0.375588 0.728723 -1.498138
v 0.385134 0.732366 -1.452417
v 0.452681 0.700866 -1.485464
v 0.909636 1.082140 -1.471366
v 0.943295 1.207425 -1.532708
v 0.741721 0.855838 -1.464195
v 0.909636 1.082140 -1.471366
v 0.992494 1.229604 -1.519823
v 0.943295 1.207425 -1.532708
v 0.992494 1.229604 -1.519823
v 0.975821 1.124782 -1.424366
v 1.075692 1.193609 -1.450501
v 1.075692 1.193609 -1.450501
v 1.003297 1.287285 -1.571488
v 0.992494 1.229604 -1.519823
v 1.139727 1.201122 -1.393371
v 1.155122 1.397528 -1.559160
v 1.122377 1.322858 -1.534198
v 2.445966 1.381742 -1.469576
v 2.452294 1.364240 -1.529763
v 2.380994 1.465771 -1.496221
v 2.445966 1.381742 -1.469576
v 2.511913 1.232500 -1.532944
v 2.452294 1.364240 -1.529763
v 2.511913 1.232500 -1.532944
v 2.445966 1.381742 -1.469576
v 2.522598 1.350309 -1.436034
v 2.540708 1.337477 -1.453656
v 2.572614 1.258890 -1.502304
v 2.511913 1.232500 -1.532944
v 2.572614 1.258890 -1.502304
v 2.540708 1.337477 -1.453656
v 2.606320 1.247603 -1.471062
v 2.606320 1.247603 -1.471062
v 2.617594 1.255648 -1.501906
v 2.572614 1.258890 -1.502304
v 2.729028 1.088152 -1.455690
v 2.617594 1.255648 -1.501906
v 2.606320 1.247603 -1.471062
v 2.729028 1.088152 -1.455690
v 2.872293 0.857200 -1.525596
v 2.753377 1.006407 -1.540033
v 2.973879 0.697735 -1.569947
v 2.992839 0.753449 -1.429262
v 3.087153 0.627114 -1.453789
v 3.255171 0.475658 -1.430087
v 3.406240 0.311843 -1.461625
v 3.235588 0.425512 -1.526864
v 3.525351 0.180274 -1.614080
v 3.581274 0.248082 -1.378420
v 3.621109 0.202129 -1.453142
v 3.699661 0.196642 -1.511983
v 3.712354 0.176543 -1.470932
v 3.766910 0.173277 -1.519394
v 3.814609 0.103802 -1.420056
v 3.766910 0.173277 -1.519394
v 3.712354 0.176543 -1.470932
v 3.766910 0.173277 -1.519394
v 3.814609 0.103802 -1.420056
v 3.879724 0.141869 -1.469117
v 3.879724 0.141869 -1.469117
v 3.891977 0.165184 -1.526292
v 3.766910 0.173277 -1.519394
v -1.401811 0.095929 -1.601288
v -1.386311 0.116233 -1.500337
v -1.127728 0.296196 -1.506018
v -0.670400 0.829704 -1.550160
v -0.673090 0.834954 -1.497776
v -0.602778 0.948754 -1.516594
v -0.602778 0.948754 -1.516594
v -0.563304 1.030677 -1.502307
v -0.458524 1.078920 -1.523813
v -0.451998 1.122438 -1.479053
v -0.458524 1.078920 -1.523813
v -0.563304 1.030677 -1.502307
v -0.458524 1.078920 -1.523813
v -0.451998 1.122438 -1.479053
v -0.350323 1.211407 -1.560656
v -0.138841 1.126884 -1.512253
v -0.073273 1.062720 -1.468714
v -0.098000 1.031304 -1.543309
v 0.037068 1.009665 -1.486995
v 0.103108 0.907361 -1.526046
v 0.047750 0.915571 -1.560282
v 0.352922 0.691727 -1.532636
v 0.375588 0.728723 -1.498138
v 0.424117 0.655025 -1.600597
v 0.424117 0.655025 -1.600597
v 0.375588 0.728723 -1.498138
v 0.452681 0.700866 -1.485464
v 1.474037 1.557980 -1.394884
v 1.546440 1.802250 -1.529130
v 1.448165 1.749346 -1.546997
v 1.546440 1.802250 -1.529130
v 1.474037 1.557980 -1.394884
v 1.537490 1.729910 -1.474564
v 1.546440 1.802250 -1.529130
v 1.537490 1.729910 -1.474564
v 1.629217 1.967794 -1.485518
v 1.546440 1.802250 -1.529130
v 1.629217 1.967794 -1.485518
v 1.602646 1.909150 -1.544982
v 2.393847 1.397693 -1.532154
v 2.284811 1.532302 -1.543541
v 2.380994 1.465771 -1.496221
v 2.393847 1.397693 -1.532154
v 2.380994 1.465771 -1.496221
v 2.452294 1.364240 -1.529763
v 2.617594 1.255648 -1.501906
v 2.625028 1.226056 -1.528448
v 2.572614 1.258890 -1.502304
v 2.625028 1.226056 -1.528448
v 2.617594 1.255648 -1.501906
v 2.729028 1.088152 -1.455690
v 2.729028 1.088152 -1.455690
v 2.753377 1.006407 -1.540033
v 2.625028 1.226056 -1.528448
v 2.992839 0.753449 -1.429262
v 2.973879 0.697735 -1.569947
v 2.872293 0.857200 -1.525596
v 3.406240 0.311843 -1.461625
v 3.378003 0.275929 -1.626564
v 3.235588 0.425512 -1.526864
v 3.406240 0.311843 -1.461625
v 3.525351 0.180274 -1.614080
v 3.378003 0.275929 -1.626564
v 3.699661 0.196642 -1.511983
v 3.693619 0.126908 -1.576067
v 3.621109 0.202129 -1.453142
v 3.891977 0.165184 -1.526292
v 3.879724 0.141869 -1.469117
v 4.018803 0.085979 -1.622459
v 4.010825 0.079668 -1.506917
v 4.018803 0.085979 -1.622459
v 3.879724 0.141869 -1.469117
v 4.124047 -0.000284 -1.493434
v 4.108134 0.002011 -1.569729
v 4.010825 0.079668 -1.506917
v -1.561698 -0.000317 -1.596029
v -1.574961 0.000459 -1.500514
v -1.386311 0.116233 -1.500337
v -1.401811 0.095929 -1.601288
v -1.127728 0.296196 -1.506018
v -1.181415 0.261376 -1.626096
v -1.181415 0.261376 -1.626096
v -1.127728 0.296196 -1.506018
v -0.912534 0.486674 -1.523001
v -0.762038 0.642317 -1.483925
v -0.858363 0.592570 -1.626373
v -0.912534 0.486674 -1.523001
v -0.762038 0.642317 -1.483925
v -0.670400 0.829704 -1.550160
v -0.858363 0.592570 -1.626373
v -0.670400 0.829704 -1.550160
v -0.762038 0.642317 -1.483925
v -0.673090 0.834954 -1.497776
v -0.458524 1.078920 -1.523813
v -0.527205 0.994653 -1.587340
v -0.602778 0.948754 -1.516594
v -0.458524 1.078920 -1.523813
v -0.350323 1.211407 -1.560656
v -0.527205 0.994653 -1.587340
v -0.022892 0.946502 -1.553117
v 0.037068 1.009665 -1.486995
v 0.047750 0.915571 -1.560282
v 0.103108 0.907361 -1.526046
v 0.122498 0.842024 -1.552759
v 0.047750 0.915571 -1.560282
v 0.122498 0.842024 -1.552759
v 0.103108 0.907361 -1.526046
v 0.199054 0.736812 -1.528996
v 0.693453 0.835819 -1.617418
v 0.680715 0.722101 -1.482442
v 0.741721 0.855838 -1.464195
v 0.741721 0.855838 -1.464195
v 0.793396 1.008480 -1.587928
v 0.693453 0.835819 -1.617418
v 0.793396 1.008480 -1.587928
v 0.741721 0.855838 -1.464195
v 0.943295 1.207425 -1.532708
v 0.992494 1.229604 -1.519823
v 1.003297 1.287285 -1.571488
v 0.943295 1.207425 -1.532708
v 1.075692 1.193609 -1.450501
v 1.122377 1.322858 -1.534198
v 1.003297 1.287285 -1.571488
v 1.273701 1.439183 -1.469303
v 1.235694 1.601156 -1.598901
v 1.211893 1.313481 -1.426047
v 1.362624 1.589520 -1.495170
v 1.338183 1.725186 -1.600853
v 1.325386 1.595232 -1.512011
v 1.338183 1.725186 -1.600853
v 1.362624 1.589520 -1.495170
v 1.448165 1.749346 -1.546997
v 1.546440 1.802250 -1.529130
v 1.602646 1.909150 -1.544982
v 1.500532 1.938037 -1.620877
v 2.152684 1.569096 -1.553335
v 2.151770 1.628649 -1.518722
v 2.236900 1.451351 -1.582973
v 2.222358 1.635360 -1.537087
v 2.236900 1.451351 -1.582973
v 2.151770 1.628649 -1.518722
v 2.452294 1.364240 -1.529763
v 2.427063 1.294983 -1.580708
v 2.393847 1.397693 -1.532154
v 2.753377 1.006407 -1.540033
v 2.665182 1.050977 -1.601216
v 2.625028 1.226056 -1.528448
v 3.054243 0.582359 -1.637884
v 3.087153 0.627114 -1.453789
v 3.235588 0.425512 -1.526864
v 3.693619 0.126908 -1.576067
v 3.525351 0.180274 -1.614080
v 3.621109 0.202129 -1.453142
v 3.693619 0.126908 -1.576067
v 3.699661 0.196642 -1.511983
v 3.727575 0.166517 -1.555021
v 3.727575 0.166517 -1.555021
v 3.699661 0.196642 -1.511983
v 3.766910 0.173277 -1.519394
v 3.766910 0.173277 -1.519394
v 3.775362 0.150154 -1.558864
v 3.727575 0.166517 -1.555021
v 3.775362 0.150154 -1.558864
v 3.766910 0.173277 -1.519394
v 3.891977 0.165184 -1.526292
v 3.891977 0.165184 -1.526292
v 3.900401 0.147608 -1.574924
v 3.775362 0.150154 -1.558864
v -1.386311 0.116233 -1.500337
v -1.401811 0.095929 -1.601288
v -1.561698 -0.000317 -1.596029
v -0.912534 0.486674 -1.523001
v -0.858363 0.592570 -1.626373
v -1.181415 0.261376 -1.626096
v -0.602778 0.948754 -1.516594
v -0.527205 0.994653 -1.587340
v -0.670400 0.829704 -1.550160
v -0.423453 1.142605 -1.582438
v -0.527205 0.994653 -1.587340
v -0.350323 1.211407 -1.560656
v -0.298107 1.261163 -1.515605
v -0.188373 1.098191 -1.562674
v -0.263490 1.196991 -1.594860
v -0.188373 1.098191 -1.562674
v -0.098000 1.031304 -1.543309
v -0.022892 0.946502 -1.553117
v 0.045918 0.831777 -1.653648
v -0.022892 0.946502 -1.553117
v 0.047750 0.915571 -1.560282
v 0.130477 0.833122 -1.606030
v 0.047750 0.915571 -1.560282
v 0.122498 0.842024 -1.552759
v 0.199054 0.736812 -1.528996
v 0.130477 0.833122 -1.606030
v 0.122498 0.842024 -1.552759
v 0.251375 0.660252 -1.632641
v 0.199054 0.736812 -1.528996
v 0.292723 0.769975 -1.450816
v 0.943295 1.207425 -1.532708
v 0.886787 1.148225 -1.591854
v 0.793396 1.008480 -1.587928
v 0.943295 1.207425 -1.532708
v 1.003297 1.287285 -1.571488
v 0.886787 1.148225 -1.591854
v 1.041313 1.414773 -1.638177
v 1.003297 1.287285 -1.571488
v 1.122377 1.322858 -1.534198
v 1.235694 1.601156 -1.598901
v 1.155122 1.397528 -1.559160
v 1.211893 1.313481 -1.426047
v 1.273701 1.439183 -1.469303
v 1.338183 1.725186 -1.600853
v 1.235694 1.601156 -1.598901
v 1.338183 1.725186 -1.600853
v 1.273701 1.439183 -1.469303
v 1.325386 1.595232 -1.512011
v 1.447197 1.895027 -1.636963
v 1.338183 1.725186 -1.600853
v 1.448165 1.749346 -1.546997
v 2.284811 1.532302 -1.543541
v 2.342716 1.449904 -1.587492
v 2.236900 1.451351 -1.582973
v 2.393847 1.397693 -1.532154
v 2.427063 1.294983 -1.580708
v 2.342716 1.449904 -1.587492
v 2.623847 0.976277 -1.647947
v 2.511913 1.232500 -1.532944
v 2.572614 1.258890 -1.502304
v 2.623847 0.976277 -1.647947
v 2.572614 1.258890 -1.502304
v 2.625028 1.226056 -1.528448
v 2.973879 0.697735 -1.569947
v 2.915846 0.729588 -1.594418
v 2.872293 0.857200 -1.525596
v 3.004837 0.660022 -1.613681
v 2.973879 0.697735 -1.569947
v 3.087153 0.627114 -1.453789
v 3.087153 0.627114 -1.453789
v 3.054243 0.582359 -1.637884
v 3.004837 0.660022 -1.613681
v 3.235588 0.425512 -1.526864
v 3.182648 0.456490 -1.627918
v 3.054243 0.582359 -1.637884
v 3.235588 0.425512 -1.526864
v 3.378003 0.275929 -1.626564
v 3.182648 0.456490 -1.627918
v 3.727575 0.166517 -1.555021
v 3.775362 0.150154 -1.558864
v 3.693619 0.126908 -1.576067
v 3.900401 0.147608 -1.574924
v 3.891977 0.165184 -1.526292
v 4.018803 0.085979 -1.622459
v 4.010825 0.079668 -1.506917
v 4.108134 0.002011 -1.569729
v 4.018803 0.085979 -1.622459
v -0.858363 0.592570 -1.626373
v -0.670400 0.829704 -1.550160
v -0.527205 0.994653 -1.587340
v -0.263490 1.196991 -1.594860
v -0.188373 1.098191 -1.562674
v -0.222252 1.152062 -1.611824
v -0.222252 1.152062 -1.611824
v -0.188373 1.098191 -1.562674
v -0.076164 0.987990 -1.624818
v -0.076164 0.987990 -1.624818
v -0.188373 1.098191 -1.562674
v -0.022892 0.946502 -1.553117
v 0.154840 0.776893 -1.630731
v 0.130477 0.833122 -1.606030
v 0.199054 0.736812 -1.528996
v 0.154840 0.776893 -1.630731
v 0.199054 0.736812 -1.528996
v 0.251375 0.660252 -1.632641
v 0.588579 0.622081 -1.749468
v 0.424117 0.655025 -1.600597
v 0.452681 0.700866 -1.485464
v 0.588579 0.622081 -1.749468
v 0.452681 0.700866 -1.485464
v 0.636545 0.658924 -1.653363
v 0.680715 0.722101 -1.482442
v 0.693453 0.835819 -1.617418
v 0.636545 0.658924 -1.653363
v 0.793396 1.008480 -1.587928
v 0.866545 1.236159 -1.644513
v 0.801785 1.091413 -1.624573
v 0.866545 1.236159 -1.644513
v 0.793396 1.008480 -1.587928
v 0.886787 1.148225 -1.591854
v 1.003297 1.287285 -1.571488
v 0.953884 1.293095 -1.645018
v 0.886787 1.148225 -1.591854
v 1.100301 1.531691 -1.664323
v 1.122377 1.322858 -1.534198
v 1.155122 1.397528 -1.559160
v 1.194214 1.693143 -1.654997
v 1.155122 1.397528 -1.559160
v 1.235694 1.601156 -1.598901
v 2.342716 1.449904 -1.587492
v 2.317559 1.320180 -1.627169
v 2.236900 1.451351 -1.582973
v 2.495108 1.068761 -1.675596
v 2.427063 1.294983 -1.580708
v 2.452294 1.364240 -1.529763
v 2.495108 1.068761 -1.675596
v 2.452294 1.364240 -1.529763
v 2.511913 1.232500 -1.532944
v 2.753377 1.006407 -1.540033
v 2.753545 0.874085 -1.628407
v 2.665182 1.050977 -1.601216
v 2.872293 0.857200 -1.525596
v 2.753545 0.874085 -1.628407
v 2.753377 1.006407 -1.540033
v 2.947002 0.671922 -1.628192
v 2.915846 0.729588 -1.594418
v 2.973879 0.697735 -1.569947
v 2.947002 0.671922 -1.628192
v 2.973879 0.697735 -1.569947
v 3.004837 0.660022 -1.613681
v 3.775362 0.150154 -1.558864
v 3.839670 0.063995 -1.627332
v 3.693619 0.126908 -1.576067
v 3.900401 0.147608 -1.574924
v 3.839670 0.063995 -1.627332
v 3.775362 0.150154 -1.558864
v 4.108134 0.002011 -1.569729
v 4.077363 0.047568 -1.627096
v 4.018803 0.085979 -1.622459
v -1.561698 -0.000317 -1.596029
v -1.401811 0.095929 -1.601288
v -1.504481 0.010932 -1.647815
v -1.330019 0.155969 -1.635263
v -1.401811 0.095929 -1.601288
v -1.181415 0.261376 -1.626096
v -0.733968 0.750257 -1.648302
v -0.858363 0.592570 -1.626373
v -0.527205 0.994653 -1.587340
v -0.504744 1.044666 -1.639515
v -0.527205 0.994653 -1.587340
v -0.423453 1.142605 -1.582438
v -0.266742 1.239113 -1.635200
v -0.263490 1.196991 -1.594860
v -0.222252 1.152062 -1.611824
v -0.179241 1.175572 -1.684589
v -0.222252 1.152062 -1.611824
v -0.076164 0.987990 -1.624818
v -0.022892 0.946502 -1.553117
v -0.000689 0.872730 -1.651644
v -0.076164 0.987990 -1.624818
v -0.000689 0.872730 -1.651644
v -0.022892 0.946502 -1.553117
v 0.045918 0.831777 -1.653648
v 0.045918 0.831777 -1.653648
v 0.047750 0.915571 -1.560282
v 0.130477 0.833122 -1.606030
v 0.352922 0.691727 -1.532636
v 0.312098 0.607171 -1.718458
v 0.251375 0.660252 -1.632641
v 0.352922 0.691727 -1.532636
v 0.424117 0.655025 -1.600597
v 0.312098 0.607171 -1.718458
v 0.793396 1.008480 -1.587928
v 0.801785 1.091413 -1.624573
v 0.693453 0.835819 -1.617418
v 0.866545 1.236159 -1.644513
v 0.886787 1.148225 -1.591854
v 0.953884 1.293095 -1.645018
v 1.003297 1.287285 -1.571488
v 0.962481 1.352178 -1.687467
v 0.953884 1.293095 -1.645018
v 0.962481 1.352178 -1.687467
v 1.003297 1.287285 -1.571488
v 1.041313 1.414773 -1.638177
v 1.122377 1.322858 -1.534198
v 1.100301 1.531691 -1.664323
v 1.041313 1.414773 -1.638177
v 1.100301 1.531691 -1.664323
v 1.155122 1.397528 -1.559160
v 1.194214 1.693143 -1.654997
v 1.235694 1.601156 -1.598901
v 1.247413 1.778692 -1.672526
v 1.194214 1.693143 -1.654997
v 1.235694 1.601156 -1.598901
v 1.338183 1.725186 -1.600853
v 1.247413 1.778692 -1.672526
v 1.400254 1.974201 -1.677016
v 1.338183 1.725186 -1.600853
v 1.447197 1.895027 -1.636963
v 2.342716 1.449904 -1.587492
v 2.392175 1.267437 -1.627858
v 2.317559 1.320180 -1.627169
v 2.392175 1.267437 -1.627858
v 2.342716 1.449904 -1.587492
v 2.427063 1.294983 -1.580708
v 2.427063 1.294983 -1.580708
v 2.495108 1.068761 -1.675596
v 2.392175 1.267437 -1.627858
v 2.495108 1.068761 -1.675596
v 2.511913 1.232500 -1.532944
v 2.623847 0.976277 -1.647947
v 2.623847 0.976277 -1.647947
v 2.625028 1.226056 -1.528448
v 2.665182 1.050977 -1.601216
v 2.861606 0.723405 -1.637431
v 2.753545 0.874085 -1.628407
v 2.872293 0.857200 -1.525596
v 2.861606 0.723405 -1.637431
v 2.872293 0.857200 -1.525596
v 2.915846 0.729588 -1.594418
v 2.915846 0.729588 -1.594418
v 2.908045 0.720404 -1.638547
v 2.861606 0.723405 -1.637431
v 2.908045 0.720404 -1.638547
v 2.915846 0.729588 -1.594418
v 2.947002 0.671922 -1.628192
v 4.018803 0.085979 -1.622459
v 3.839670 0.063995 -1.627332
v 3.900401 0.147608 -1.574924
v 4.077363 0.047568 -1.627096
v 4.108134 0.002011 -1.569729
v 4.158855 0.001936 -1.635312
v -1.401811 0.095929 -1.601288
v -1.324831 0.138414 -1.681578
v -1.504481 0.010932 -1.647815
v -1.330019 0.155969 -1.635263
v -1.324831 0.138414 -1.681578
v -1.401811 0.095929 -1.601288
v -0.855694 0.613677 -1.685857
v -1.181415 0.261376 -1.626096
v -0.858363 0.592570 -1.626373
v -0.223026 1.200270 -1.692096
v -0.266742 1.239113 -1.635200
v -0.222252 1.152062 -1.611824
v 0.045918 0.831777 -1.653648
v 0.130477 0.833122 -1.606030
v 0.154840 0.776893 -1.630731
v 0.693453 0.835819 -1.617418
v 0.679189 0.787192 -1.674466
v 0.636545 0.658924 -1.653363
v 0.679189 0.787192 -1.674466
v 0.693453 0.835819 -1.617418
v 0.801785 1.091413 -1.624573
v 0.865615 1.186075 -1.695370
v 0.801785 1.091413 -1.624573
v 0.866545 1.236159 -1.644513
v 0.953884 1.293095 -1.645018
v 0.917571 1.297444 -1.667139
v 0.866545 1.236159 -1.644513
v 2.201616 1.428555 -1.675176
v 2.138191 1.549031 -1.634264
v 2.236900 1.451351 -1.582973
v 2.201616 1.428555 -1.675176
v 2.236900 1.451351 -1.582973
v 2.317559 1.320180 -1.627169
v 2.392175 1.267437 -1.627858
v 2.495108 1.068761 -1.675596
v 2.317559 1.320180 -1.627169
v 2.665182 1.050977 -1.601216
v 2.753545 0.874085 -1.628407
v 2.623847 0.976277 -1.647947
v 2.861606 0.723405 -1.637431
v 2.867404 0.679325 -1.681476
v 2.753545 0.874085 -1.628407
v 2.980645 0.614171 -1.662128
v 2.947002 0.671922 -1.628192
v 3.004837 0.660022 -1.613681
v 3.004837 0.660022 -1.613681
v 3.054243 0.582359 -1.637884
v 2.980645 0.614171 -1.662128
v 3.153058 0.444363 -1.683490
v 3.054243 0.582359 -1.637884
v 3.182648 0.456490 -1.627918
v 3.378003 0.275929 -1.626564
v 3.153058 0.444363 -1.683490
v 3.182648 0.456490 -1.627918
v 3.437916 0.213527 -1.689744
v 3.378003 0.275929 -1.626564
v 3.525351 0.180274 -1.614080
v 3.693619 0.126908 -1.576067
v 3.765456 0.060562 -1.800241
v 3.525351 0.180274 -1.614080
v 3.765456 0.060562 -1.800241
v 3.693619 0.126908 -1.576067
v 3.839670 0.063995 -1.627332
v 4.018803 0.085979 -1.622459
v 4.009076 -0.004223 -1.677881
v 3.839670 0.063995 -1.627332
v 4.009076 -0.004223 -1.677881
v 4.018803 0.085979 -1.622459
v 4.077363 0.047568 -1.627096
v 4.137928 -0.001909 -1.678762
v 4.077363 0.047568 -1.627096
v 4.158855 0.001936 -1.635312
v -1.324831 0.138414 -1.681578
v -1.330019 0.155969 -1.635263
v -1.181415 0.261376 -1.626096
v -0.855694 0.613677 -1.685857
v -0.858363 0.592570 -1.626373
v -0.733968 0.750257 -1.648302
v -0.733968 0.750257 -1.648302
v -0.760744 0.757440 -1.709173
v -0.855694 0.613677 -1.685857
v -0.223026 1.200270 -1.692096
v -0.222252 1.152062 -1.611824
v -0.179241 1.175572 -1.684589
v -0.076164 0.987990 -1.624818
v -0.029509 0.889856 -1.709072
v -0.179241 1.175572 -1.684589
v -0.029509 0.889856 -1.709072
v -0.076164 0.987990 -1.624818
v -0.000689 0.872730 -1.651644
v 0.157449 0.734586 -1.696298
v 0.154840 0.776893 -1.630731
v 0.251375 0.660252 -1.632641
v 0.679189 0.787192 -1.674466
v 0.801785 1.091413 -1.624573
v 0.865615 1.186075 -1.695370
v 0.865615 1.186075 -1.695370
v 0.866545 1.236159 -1.644513
v 0.917571 1.297444 -1.667139
v 0.953884 1.293095 -1.645018
v 0.962481 1.352178 -1.687467
v 0.917571 1.297444 -1.667139
v 1.041313 1.414773 -1.638177
v 1.100301 1.531691 -1.664323
v 0.962481 1.352178 -1.687467
v 1.338183 1.725186 -1.600853
v 1.353777 1.992568 -1.751004
v 1.247413 1.778692 -1.672526
v 1.353777 1.992568 -1.751004
v 1.338183 1.725186 -1.600853
v 1.400254 1.974201 -1.677016
v 2.013373 1.845573 -1.702970
v 2.138191 1.549031 -1.634264
v 2.201616 1.428555 -1.675176
v 2.201616 1.428555 -1.675176
v 2.317559 1.320180 -1.627169
v 2.495108 1.068761 -1.675596
v 2.708607 0.825911 -1.688823
v 2.495108 1.068761 -1.675596
v 2.623847 0.976277 -1.647947
v 2.708607 0.825911 -1.688823
v 2.623847 0.976277 -1.647947
v 2.753545 0.874085 -1.628407
v 2.753545 0.874085 -1.628407
v 2.867404 0.679325 -1.681476
v 2.708607 0.825911 -1.688823
v 2.867404 0.679325 -1.681476
v 2.861606 0.723405 -1.637431
v 2.908045 0.720404 -1.638547
v 2.867404 0.679325 -1.681476
v 2.908045 0.720404 -1.638547
v 2.947002 0.671922 -1.628192
v 3.054243 0.582359 -1.637884
v 3.153058 0.444363 -1.683490
v 2.980645 0.614171 -1.662128
v 4.009076 -0.004223 -1.677881
v 4.077363 0.047568 -1.627096
v 4.137928 -0.001909 -1.678762
v -1.396930 0.083410 -1.767839
v -1.324831 0.138414 -1.681578
v -1.181415 0.261376 -1.626096
v -0.855694 0.613677 -1.685857
v -1.008481 0.427425 -1.749923
v -1.181415 0.261376 -1.626096
v -0.760744 0.757440 -1.709173
v -0.733968 0.750257 -1.648302
v -0.527205 0.994653 -1.587340
v -0.760744 0.757440 -1.709173
v -0.527205 0.994653 -1.587340
v -0.499182 1.053372 -1.706992
v -0.499182 1.053372 -1.706992
v -0.527205 0.994653 -1.587340
v -0.504744 1.044666 -1.639515
v -0.223026 1.200270 -1.692096
v -0.241932 1.211529 -1.746115
v -0.276459 1.245700 -1.695689
v -0.029509 0.889856 -1.709072
v -0.000689 0.872730 -1.651644
v 0.045918 0.831777 -1.653648
v 0.102506 0.753336 -1.728313
v 0.045918 0.831777 -1.653648
v 0.154840 0.776893 -1.630731
v 0.102506 0.753336 -1.728313
v 0.154840 0.776893 -1.630731
v 0.157449 0.734586 -1.696298
v 0.424117 0.655025 -1.600597
v 0.338751 0.584872 -1.768373
v 0.312098 0.607171 -1.718458
v 0.728246 0.932164 -1.708666
v 0.679189 0.787192 -1.674466
v 0.865615 1.186075 -1.695370
v 0.917571 1.297444 -1.667139
v 0.962481 1.352178 -1.687467
v 0.865615 1.186075 -1.695370
v 0.987376 1.378115 -1.723072
v 0.962481 1.352178 -1.687467
v 1.100301 1.531691 -1.664323
v 1.100301 1.531691 -1.664323
v 1.159863 1.645263 -1.737821
v 1.050749 1.476423 -1.774582
v 1.194214 1.693143 -1.654997
v 1.159863 1.645263 -1.737821
v 1.100301 1.531691 -1.664323
v 1.194214 1.693143 -1.654997
v 1.247413 1.778692 -1.672526
v 1.159863 1.645263 -1.737821
v 1.296519 1.933886 -1.738937
v 1.247413 1.778692 -1.672526
v 1.353777 1.992568 -1.751004
v 2.201616 1.428555 -1.675176
v 2.495108 1.068761 -1.675596
v 2.263151 1.344752 -1.735095
v 2.928043 0.606230 -1.743098
v 2.867404 0.679325 -1.681476
v 2.947002 0.671922 -1.628192
v 2.928043 0.606230 -1.743098
v 2.947002 0.671922 -1.628192
v 2.980645 0.614171 -1.662128
v 2.928043 0.606230 -1.743098
v 2.980645 0.614171 -1.662128
v 3.153058 0.444363 -1.683490
v 3.839670 0.063995 -1.627332
v 4.009076 -0.004223 -1.677881
v 3.765456 0.060562 -1.800241
v -1.531601 0.000480 -1.806607
v -1.561698 -0.000317 -1.596029
v -1.504481 0.010932 -1.647815
v -1.324831 0.138414 -1.681578
v -1.396930 0.083410 -1.767839
v -1.504481 0.010932 -1.647815
v -1.181415 0.261376 -1.626096
v -1.142528 0.305116 -1.805087
v -1.396930 0.083410 -1.767839
v -0.855694 0.613677 -1.685857
v -0.824910 0.652589 -1.750455
v -1.008481 0.427425 -1.749923
v -0.760744 0.757440 -1.709173
v -0.824910 0.652589 -1.750455
v -0.855694 0.613677 -1.685857
v -0.499182 1.053372 -1.706992
v -0.652739 0.847132 -1.747054
v -0.760744 0.757440 -1.709173
v -0.108989 1.001904 -1.744316
v -0.223026 1.200270 -1.692096
v -0.179241 1.175572 -1.684589
v -0.108989 1.001904 -1.744316
v -0.179241 1.175572 -1.684589
v -0.029509 0.889856 -1.709072
v 0.045918 0.831777 -1.653648
v 0.102506 0.753336 -1.728313
v -0.029509 0.889856 -1.709072
v 0.251375 0.660252 -1.632641
v 0.312098 0.607171 -1.718458
v 0.157449 0.734586 -1.696298
v 0.636545 0.658924 -1.653363
v 0.639661 0.737237 -1.778494
v 0.588579 0.622081 -1.749468
v 0.639661 0.737237 -1.778494
v 0.636545 0.658924 -1.653363
v 0.679189 0.787192 -1.674466
v 0.639661 0.737237 -1.778494
v 0.679189 0.787192 -1.674466
v 0.728246 0.932164 -1.708666
v 0.728246 0.932164 -1.708666
v 0.865615 1.186075 -1.695370
v 0.987376 1.378115 -1.723072
v 0.962481 1.352178 -1.687467
v 0.987376 1.378115 -1.723072
v 0.865615 1.186075 -1.695370
v 1.100301 1.531691 -1.664323
v 1.050749 1.476423 -1.774582
v 0.987376 1.378115 -1.723072
v 1.400254 1.974201 -1.677016
v 1.410170 2.071777 -1.736857
v 1.353777 1.992568 -1.751004
v 2.010892 1.784541 -1.755151
v 2.013373 1.845573 -1.702970
v 2.201616 1.428555 -1.675176
v 2.495108 1.068761 -1.675596
v 2.396098 1.146042 -1.756710
v 2.263151 1.344752 -1.735095
v 2.535030 0.971172 -1.809774
v 2.495108 1.068761 -1.675596
v 2.708607 0.825911 -1.688823
v 2.867404 0.679325 -1.681476
v 2.928043 0.606230 -1.743098
v 2.708607 0.825911 -1.688823
v 3.378003 0.275929 -1.626564
v 3.437916 0.213527 -1.689744
v 3.153058 0.444363 -1.683490
v 3.532094 0.190426 -1.908630
v 3.437916 0.213527 -1.689744
v 3.765456 0.060562 -1.800241
v 3.525351 0.180274 -1.614080
v 3.765456 0.060562 -1.800241
v 3.437916 0.213527 -1.689744
v -0.824910 0.652589 -1.750455
v -0.760744 0.757440 -1.709173
v -0.652739 0.847132 -1.747054
v -0.241932 1.211529 -1.746115
v -0.223026 1.200270 -1.692096
v -0.108989 1.001904 -1.744316
v 0.102506 0.753336 -1.728313
v 0.045495 0.779450 -1.808515
v -0.029509 0.889856 -1.709072
v 0.157449 0.734586 -1.696298
v 0.312098 0.607171 -1.718458
v 0.102506 0.753336 -1.728313
v 0.338751 0.584872 -1.768373
v 0.424117 0.655025 -1.600597
v 0.588579 0.622081 -1.749468
v 1.245442 1.825593 -1.767129
v 1.159863 1.645263 -1.737821
v 1.247413 1.778692 -1.672526
v 1.245442 1.825593 -1.767129
v 1.247413 1.778692 -1.672526
v 1.296519 1.933886 -1.738937
v 2.010892 1.784541 -1.755151
v 2.201616 1.428555 -1.675176
v 2.263151 1.344752 -1.735095
v 2.396098 1.146042 -1.756710
v 2.495108 1.068761 -1.675596
v 2.535030 0.971172 -1.809774
v 2.817959 0.636172 -1.914581
v 2.708607 0.825911 -1.688823
v 2.928043 0.606230 -1.743098
v 3.153058 0.444363 -1.683490
v 3.437916 0.213527 -1.689744
v 3.261527 0.335284 -1.784563
v 4.009076 -0.004223 -1.677881
v 3.951433 -0.001324 -1.811882
v 3.765456 0.060562 -1.800241
v -1.531601 0.000480 -1.806607
v -1.504481 0.010932 -1.647815
v -1.396930 0.083410 -1.767839
v -1.142528 0.305116 -1.805087
v -1.181415 0.261376 -1.626096
v -1.008481 0.427425 -1.749923
v -1.142528 0.305116 -1.805087
v -1.008481 0.427425 -1.749923
v -0.824910 0.652589 -1.750455
v -0.292488 1.217109 -1.760326
v -0.317954 1.280906 -1.802620
v -0.322351 1.241426 -1.729545
v -0.241932 1.211529 -1.746115
v -0.222051 1.110064 -1.818869
v -0.292488 1.217109 -1.760326
v -0.108989 1.001904 -1.744316
v -0.151533 1.032384 -1.820770
v -0.241932 1.211529 -1.746115
v 0.045495 0.779450 -1.808515
v -0.108989 1.001904 -1.744316
v -0.029509 0.889856 -1.709072
v 0.158240 0.682109 -1.820665
v 0.102506 0.753336 -1.728313
v 0.312098 0.607171 -1.718458
v 0.312098 0.607171 -1.718458
v 0.338751 0.584872 -1.768373
v 0.158240 0.682109 -1.820665
v 0.588579 0.622081 -1.749468
v 0.536755 0.567368 -1.900116
v 0.338751 0.584872 -1.768373
v 0.583731 0.603796 -1.814273
v 0.588579 0.622081 -1.749468
v 0.639661 0.737237 -1.778494
v 0.728246 0.932164 -1.708666
v 0.744592 0.940471 -1.800122
v 0.639661 0.737237 -1.778494
v 0.744592 0.940471 -1.800122
v 0.728246 0.932164 -1.708666
v 0.928104 1.269136 -1.815991
v 0.928104 1.269136 -1.815991
v 0.728246 0.932164 -1.708666
v 0.987376 1.378115 -1.723072
v 0.987376 1.378115 -1.723072
v 1.050749 1.476423 -1.774582
v 0.928104 1.269136 -1.815991
v 1.245442 1.825593 -1.767129
v 1.229215 1.871652 -1.815849
v 1.159863 1.645263 -1.737821
v 1.315625 2.037295 -1.786719
v 1.296519 1.933886 -1.738937
v 1.353777 1.992568 -1.751004
v 1.353777 1.992568 -1.751004
v 1.372293 2.153906 -1.814533
v 1.315625 2.037295 -1.786719
v 2.263151 1.344752 -1.735095
v 2.268368 1.301126 -1.799051
v 2.010892 1.784541 -1.755151
v 2.263151 1.344752 -1.735095
v 2.396098 1.146042 -1.756710
v 2.268368 1.301126 -1.799051
v 3.261527 0.335284 -1.784563
v 2.928043 0.606230 -1.743098
v 3.153058 0.444363 -1.683490
v -0.652739 0.847132 -1.747054
v -0.628420 0.828722 -1.819346
v -0.824910 0.652589 -1.750455
v -0.317954 1.280906 -1.802620
v -0.292488 1.217109 -1.760326
v -0.222051 1.110064 -1.818869
v -0.241932 1.211529 -1.746115
v -0.151533 1.032384 -1.820770
v -0.222051 1.110064 -1.818869
v 0.045495 0.779450 -1.808515
v 0.102506 0.753336 -1.728313
v 0.158240 0.682109 -1.820665
v 1.159863 1.645263 -1.737821
v 1.126235 1.651832 -1.857636
v 1.050749 1.476423 -1.774582
v 1.159863 1.645263 -1.737821
v 1.229215 1.871652 -1.815849
v 1.126235 1.651832 -1.857636
v 1.229215 1.871652 -1.815849
v 1.245442 1.825593 -1.767129
v 1.296519 1.933886 -1.738937
v 1.296519 1.933886 -1.738937
v 1.281006 1.940410 -1.822533
v 1.229215 1.871652 -1.815849
v 1.281006 1.940410 -1.822533
v 1.296519 1.933886 -1.738937
v 1.315625 2.037295 -1.786719
v 2.010892 1.784541 -1.755151
v 2.203145 1.428479 -1.826028
v 1.903633 1.922691 -1.825176
v 2.268368 1.301126 -1.799051
v 2.203145 1.428479 -1.826028
v 2.010892 1.784541 -1.755151
v 2.396098 1.146042 -1.756710
v 2.535030 0.971172 -1.809774
v 2.268368 1.301126 -1.799051
v 2.708607 0.825911 -1.688823
v 2.817959 0.636172 -1.914581
v 2.675889 0.803425 -1.875388
v 3.437916 0.213527 -1.689744
v 3.532094 0.190426 -1.908630
v 3.261527 0.335284 -1.784563
v -1.326211 0.115799 -1.948560
v -1.396930 0.083410 -1.767839
v -1.188541 0.248678 -1.904164
v -1.142528 0.305116 -1.805087
v -1.188541 0.248678 -1.904164
v -1.396930 0.083410 -1.767839
v -0.824910 0.652589 -1.750455
v -0.954993 0.505140 -1.888225
v -1.142528 0.305116 -1.805087
v -0.824910 0.652589 -1.750455
v -0.628420 0.828722 -1.819346
v -0.954993 0.505140 -1.888225
v -0.254413 1.160380 -1.845589
v -0.317954 1.280906 -1.802620
v -0.222051 1.110064 -1.818869
v -0.151533 1.032384 -1.820770
v -0.199111 1.005527 -1.890106
v -0.222051 1.110064 -1.818869
v -0.108989 1.001904 -1.744316
v -0.119443 0.991520 -1.856644
v -0.151533 1.032384 -1.820770
v 0.045495 0.779450 -1.808515
v -0.119443 0.991520 -1.856644
v -0.108989 1.001904 -1.744316
v 0.045495 0.779450 -1.808515
v 0.158240 0.682109 -1.820665
v 0.094165 0.699670 -1.875602
v 0.240699 0.593156 -1.874938
v 0.158240 0.682109 -1.820665
v 0.338751 0.584872 -1.768373
v 0.536755 0.567368 -1.900116
v 0.588579 0.622081 -1.749468
v 0.583731 0.603796 -1.814273
v 0.611149 0.692096 -1.858046
v 0.583731 0.603796 -1.814273
v 0.639661 0.737237 -1.778494
v 0.639661 0.737237 -1.778494
v 0.744592 0.940471 -1.800122
v 0.611149 0.692096 -1.858046
v 0.928104 1.269136 -1.815991
v 0.901529 1.180792 -1.864842
v 0.744592 0.940471 -1.800122
v 1.256366 1.980247 -1.867059
v 1.229215 1.871652 -1.815849
v 1.281006 1.940410 -1.822533
v 1.315625 2.037295 -1.786719
v 1.335375 2.075721 -1.868203
v 1.281006 1.940410 -1.822533
v 1.372293 2.153906 -1.814533
v 1.335375 2.075721 -1.868203
v 1.315625 2.037295 -1.786719
v 2.043010 1.656046 -1.922515
v 1.903633 1.922691 -1.825176
v 2.203145 1.428479 -1.826028
v 2.535030 0.971172 -1.809774
v 2.491457 1.007838 -1.894560
v 2.268368 1.301126 -1.799051
v 2.708607 0.825911 -1.688823
v 2.675889 0.803425 -1.875388
v 2.535030 0.971172 -1.809774
v 2.928043 0.606230 -1.743098
v 2.931107 0.558655 -1.881113
v 2.817959 0.636172 -1.914581
v 3.532094 0.190426 -1.908630
v 3.765456 0.060562 -1.800241
v 3.691008 0.110173 -1.911990
v -1.396930 0.083410 -1.767839
v -1.509755 -0.000332 -1.933323
v -1.531601 0.000480 -1.806607
v -0.628420 0.828722 -1.819346
v -0.809198 0.629130 -1.931789
v -0.954993 0.505140 -1.888225
v -0.151533 1.032384 -1.820770
v -0.119443 0.991520 -1.856644
v -0.199111 1.005527 -1.890106
v -0.028937 0.870695 -1.840092
v -0.119443 0.991520 -1.856644
v 0.045495 0.779450 -1.808515
v 0.045495 0.779450 -1.808515
v -0.004166 0.855263 -1.873049
v -0.028937 0.870695 -1.840092
v -0.004166 0.855263 -1.873049
v 0.045495 0.779450 -1.808515
v 0.094165 0.699670 -1.875602
v 0.240699 0.593156 -1.874938
v 0.094165 0.699670 -1.875602
v 0.158240 0.682109 -1.820665
v 0.611149 0.692096 -1.858046
v 0.744592 0.940471 -1.800122
v 0.901529 1.180792 -1.864842
v 1.050749 1.476423 -1.774582
v 1.033617 1.500382 -1.871618
v 0.928104 1.269136 -1.815991
v 1.033617 1.500382 -1.871618
v 1.050749 1.476423 -1.774582
v 1.126235 1.651832 -1.857636
v 1.229215 1.871652 -1.815849
v 1.256366 1.980247 -1.867059
v 1.126235 1.651832 -1.857636
v 1.256366 1.980247 -1.867059
v 1.281006 1.940410 -1.822533
v 1.335375 2.075721 -1.868203
v 1.335375 2.075721 -1.868203
v 1.372293 2.153906 -1.814533
v 1.411857 2.209595 -1.840432
v 2.268368 1.301126 -1.799051
v 2.328820 1.235515 -1.896521
v 2.203145 1.428479 -1.826028
v 2.721782 0.735177 -1.937556
v 2.675889 0.803425 -1.875388
v 2.817959 0.636172 -1.914581
v 2.931107 0.558655 -1.881113
v 2.928043 0.606230 -1.743098
v 3.261527 0.335284 -1.784563
v 3.261527 0.335284 -1.784563
v 3.077865 0.438805 -1.953562
v 2.931107 0.558655 -1.881113
v 3.278778 0.322683 -1.948806
v 3.077865 0.438805 -1.953562
v 3.261527 0.335284 -1.784563
v 3.890791 0.001383 -1.930777
v 3.765456 0.060562 -1.800241
v 3.951433 -0.001324 -1.811882
v -1.509755 -0.000332 -1.933323
v -1.396930 0.083410 -1.767839
v -1.326211 0.115799 -1.948560
v -1.142528 0.305116 -1.805087
v -0.954993 0.505140 -1.888225
v -1.188541 0.248678 -1.904164
v -0.628420 0.828722 -1.819346
v -0.600359 0.854269 -1.937065
v -0.809198 0.629130 -1.931789
v -0.255980 1.093657 -1.918180
v -0.254413 1.160380 -1.845589
v -0.222051 1.110064 -1.818869
v -0.222051 1.110064 -1.818869
v -0.199111 1.005527 -1.890106
v -0.255980 1.093657 -1.918180
v -0.119443 0.991520 -1.856644
v -0.160453 0.945144 -1.910173
v -0.199111 1.005527 -1.890106
v -0.160453 0.945144 -1.910173
v -0.119443 0.991520 -1.856644
v -0.028937 0.870695 -1.840092
v -0.028937 0.870695 -1.840092
v -0.059257 0.859612 -1.888592
v -0.160453 0.945144 -1.910173
v -0.059257 0.859612 -1.888592
v -0.028937 0.870695 -1.840092
v -0.004166 0.855263 -1.873049
v 0.901529 1.180792 -1.864842
v 0.871482 1.066180 -1.924042
v 0.611149 0.692096 -1.858046
v 0.871482 1.066180 -1.924042
v 0.901529 1.180792 -1.864842
v 0.926087 1.176757 -1.933260
v 0.928104 1.269136 -1.815991
v 0.926087 1.176757 -1.933260
v 0.901529 1.180792 -1.864842
v 0.926087 1.176757 -1.933260
v 0.928104 1.269136 -1.815991
v 1.033617 1.500382 -1.871618
v 1.222895 1.897977 -1.925213
v 1.126235 1.651832 -1.857636
v 1.256366 1.980247 -1.867059
v 1.402481 2.138781 -1.915367
v 1.411857 2.209595 -1.840432
v 1.506519 2.239946 -1.898243
v 2.200127 1.414825 -1.956870
v 2.043010 1.656046 -1.922515
v 2.203145 1.428479 -1.826028
v 2.200127 1.414825 -1.956870
v 2.203145 1.428479 -1.826028
v 2.328820 1.235515 -1.896521
v 2.491457 1.007838 -1.894560
v 2.535030 0.971172 -1.809774
v 2.675889 0.803425 -1.875388
v -0.883669 0.559967 -1.941558
v -0.954993 0.505140 -1.888225
v -0.809198 0.629130 -1.931789
v -0.004166 0.855263 -1.873049
v -0.017982 0.813774 -1.935999
v -0.059257 0.859612 -1.888592
v -0.004166 0.855263 -1.873049
v 0.069572 0.734671 -1.910925
v -0.017982 0.813774 -1.935999
v 0.069572 0.734671 -1.910925
v -0.004166 0.855263 -1.873049
v 0.094165 0.699670 -1.875602
v 0.536755 0.567368 -1.900116
v 0.583731 0.603796 -1.814273
v 0.611149 0.692096 -1.858046
v 1.103589 1.752315 -1.932693
v 1.033617 1.500382 -1.871618
v 1.126235 1.651832 -1.857636
v 1.103589 1.752315 -1.932693
v 1.126235 1.651832 -1.857636
v 1.222895 1.897977 -1.925213
v 1.222895 1.897977 -1.925213
v 1.256366 1.980247 -1.867059
v 1.309805 2.054985 -1.915436
v 1.335375 2.075721 -1.868203
v 1.309805 2.054985 -1.915436
v 1.256366 1.980247 -1.867059
v 1.335375 2.075721 -1.868203
v 1.402481 2.138781 -1.915367
v 1.309805 2.054985 -1.915436
v 1.411857 2.209595 -1.840432
v 1.402481 2.138781 -1.915367
v 1.335375 2.075721 -1.868203
v 2.043010 1.656046 -1.922515
v 1.915656 1.934884 -1.916542
v 1.903633 1.922691 -1.825176
v 2.102541 1.589674 -1.957454
v 2.043010 1.656046 -1.922515
v 2.200127 1.414825 -1.956870
v 2.330136 1.221246 -1.964147
v 2.200127 1.414825 -1.956870
v 2.328820 1.235515 -1.896521
v 2.328820 1.235515 -1.896521
v 2.268368 1.301126 -1.799051
v 2.491457 1.007838 -1.894560
v 3.532094 0.190426 -1.908630
v 3.278778 0.322683 -1.948806
v 3.261527 0.335284 -1.784563
v 3.691008 0.110173 -1.911990
v 3.765456 0.060562 -1.800241
v 3.761270 0.058945 -1.939794
v -0.101934 0.829069 -1.982938
v -0.160453 0.945144 -1.910173
v -0.059257 0.859612 -1.888592
v -0.059257 0.859612 -1.888592
v -0.045602 0.796102 -1.948404
v -0.101934 0.829069 -1.982938
v -0.045602 0.796102 -1.948404
v -0.059257 0.859612 -1.888592
v -0.017982 0.813774 -1.935999
v 0.069572 0.734671 -1.910925
v 0.122253 0.690725 -1.937572
v 0.013847 0.739085 -1.961115
v 0.094165 0.699670 -1.875602
v 0.122253 0.690725 -1.937572
v 0.069572 0.734671 -1.910925
v 0.240699 0.593156 -1.874938
v 0.122253 0.690725 -1.937572
v 0.094165 0.699670 -1.875602
v 0.536755 0.567368 -1.900116
v 0.497716 0.524895 -2.025946
v 0.338751 0.584872 -1.768373
v 0.611149 0.692096 -1.858046
v 0.586249 0.668676 -1.949823
v 0.536755 0.567368 -1.900116
v 0.586249 0.668676 -1.949823
v 0.611149 0.692096 -1.858046
v 0.871482 1.066180 -1.924042
v 0.980019 1.351541 -1.950117
v 0.926087 1.176757 -1.933260
v 1.033617 1.500382 -1.871618
v 1.402481 2.138781 -1.915367
v 1.413910 2.115814 -1.941328
v 1.309805 2.054985 -1.915436
v 2.447179 1.077388 -1.958829
v 2.328820 1.235515 -1.896521
v 2.491457 1.007838 -1.894560
v 2.447179 1.077388 -1.958829
v 2.491457 1.007838 -1.894560
v 2.675889 0.803425 -1.875388
v 3.532094 0.190426 -1.908630
v 3.424873 0.252978 -1.933954
v 3.278778 0.322683 -1.948806
v 3.424873 0.252978 -1.933954
v 3.532094 0.190426 -1.908630
v 3.522291 0.209117 -1.937281
v 3.522291 0.209117 -1.937281
v 3.532094 0.190426 -1.908630
v 3.603907 0.246614 -1.960226
v 3.691008 0.110173 -1.911990
v 3.603907 0.246614 -1.960226
v 3.532094 0.190426 -1.908630
v 3.761270 0.058945 -1.939794
v 3.765456 0.060562 -1.800241
v 3.890791 0.001383 -1.930777
v -1.188541 0.248678 -1.904164
v -1.140059 0.268775 -2.014931
v -1.326211 0.115799 -1.948560
v -0.954993 0.505140 -1.888225
v -1.140059 0.268775 -2.014931
v -1.188541 0.248678 -1.904164
v -1.140059 0.268775 -2.014931
v -0.954993 0.505140 -1.888225
v -0.883669 0.559967 -1.941558
v -0.600359 0.854269 -1.937065
v -0.716178 0.707066 -2.018092
v -0.809198 0.629130 -1.931789
v -0.255980 1.093657 -1.918180
v -0.199111 1.005527 -1.890106
v -0.160453 0.945144 -1.910173
v -0.017982 0.813774 -1.935999
v 0.013847 0.739085 -1.961115
v -0.045602 0.796102 -1.948404
v 0.013847 0.739085 -1.961115
v -0.017982 0.813774 -1.935999
v 0.069572 0.734671 -1.910925
v 0.076290 0.714512 -1.963819
v 0.013847 0.739085 -1.961115
v 0.122253 0.690725 -1.937572
v 0.240699 0.593156 -1.874938
v 0.223598 0.549631 -2.019004
v 0.122253 0.690725 -1.937572
v 0.223598 0.549631 -2.019004
v 0.240699 0.593156 -1.874938
v 0.338751 0.584872 -1.768373
v 0.338751 0.584872 -1.768373
v 0.297438 0.518512 -1.994766
v 0.223598 0.549631 -2.019004
v 0.871482 1.066180 -1.924042
v 0.781180 0.951195 -2.007642
v 0.586249 0.668676 -1.949823
v 1.222895 1.897977 -1.925213
v 1.224789 1.827901 -1.960679
v 1.103589 1.752315 -1.932693
v 1.309805 2.054985 -1.915436
v 1.224789 1.827901 -1.960679
v 1.222895 1.897977 -1.925213
v 1.224789 1.827901 -1.960679
v 1.309805 2.054985 -1.915436
v 1.413910 2.115814 -1.941328
v 2.043010 1.656046 -1.922515
v 1.987987 1.799178 -1.960032
v 1.915656 1.934884 -1.916542
v 1.987987 1.799178 -1.960032
v 2.043010 1.656046 -1.922515
v 2.102541 1.589674 -1.957454
v 2.328820 1.235515 -1.896521
v 2.382808 1.152156 -1.981915
v 2.330136 1.221246 -1.964147
v 2.382808 1.152156 -1.981915
v 2.328820 1.235515 -1.896521
v 2.447179 1.077388 -1.958829
v 2.675889 0.803425 -1.875388
v 2.699274 0.740049 -2.001910
v 2.447179 1.077388 -1.958829
v 2.699274 0.740049 -2.001910
v 2.675889 0.803425 -1.875388
v 2.721782 0.735177 -1.937556
v 3.114321 0.431654 -1.970627
v 3.077865 0.438805 -1.953562
v 3.180343 0.380547 -1.973068
v 3.180343 0.380547 -1.973068
v 3.077865 0.438805 -1.953562
v 3.278778 0.322683 -1.948806
v 3.536746 0.264462 -1.988975
v 3.522291 0.209117 -1.937281
v 3.603907 0.246614 -1.960226
v 3.603907 0.246614 -1.960226
v 3.691008 0.110173 -1.911990
v 3.703349 0.132018 -1.991303
v 3.703349 0.132018 -1.991303
v 3.691008 0.110173 -1.911990
v 3.761270 0.058945 -1.939794
v -1.295450 0.108733 -2.079846
v -1.509755 -0.000332 -1.933323
v -1.326211 0.115799 -1.948560
v -0.592730 0.865174 -1.984980
v -0.716178 0.707066 -2.018092
v -0.600359 0.854269 -1.937065
v -0.255980 1.093657 -1.918180
v -0.227524 0.848198 -2.047707
v -0.301894 0.988955 -1.997954
v -0.255980 1.093657 -1.918180
v -0.160453 0.945144 -1.910173
v -0.227524 0.848198 -2.047707
v -0.172440 0.788229 -2.045860
v -0.160453 0.945144 -1.910173
v -0.101934 0.829069 -1.982938
v -0.053792 0.745100 -2.029959
v -0.101934 0.829069 -1.982938
v -0.045602 0.796102 -1.948404
v -0.053792 0.745100 -2.029959
v -0.045602 0.796102 -1.948404
v 0.013847 0.739085 -1.961115
v 0.022407 0.707880 -2.001932
v 0.013847 0.739085 -1.961115
v 0.076290 0.714512 -1.963819
v 0.076290 0.714512 -1.963819
v 0.080384 0.715503 -1.990482
v 0.022407 0.707880 -2.001932
v 0.122253 0.690725 -1.937572
v 0.223598 0.549631 -2.019004
v 0.076290 0.714512 -1.963819
v 0.325730 0.402606 -2.386629
v 0.338751 0.584872 -1.768373
v 0.497716 0.524895 -2.025946
v 0.497716 0.524895 -2.025946
v 0.536755 0.567368 -1.900116
v 0.586249 0.668676 -1.949823
v 0.781180 0.951195 -2.007642
v 0.871482 1.066180 -1.924042
v 0.926087 1.176757 -1.933260
v 1.652434 2.288593 -1.937522
v 1.623794 2.278804 -1.990031
v 1.582030 2.261736 -1.962881
v 1.987987 1.799178 -1.960032
v 2.041804 1.710135 -2.001856
v 1.960176 1.839942 -1.979585
v 2.102541 1.589674 -1.957454
v 2.041804 1.710135 -2.001856
v 1.987987 1.799178 -1.960032
v 2.102541 1.589674 -1.957454
v 2.200127 1.414825 -1.956870
v 2.108975 1.527599 -2.034807
v 3.278778 0.322683 -1.948806
v 3.272328 0.381233 -1.991753
v 3.180343 0.380547 -1.973068
v 3.890791 0.001383 -1.930777
v 3.762511 0.104134 -2.089139
v 3.761270 0.058945 -1.939794
v -0.883669 0.559967 -1.941558
v -1.077967 0.302277 -2.036256
v -1.140059 0.268775 -2.014931
v -0.160453 0.945144 -1.910173
v -0.172440 0.788229 -2.045860
v -0.227524 0.848198 -2.047707
v 0.013847 0.739085 -1.961115
v 0.022407 0.707880 -2.001932
v -0.053792 0.745100 -2.029959
v 0.080384 0.715503 -1.990482
v 0.072849 0.659612 -2.027032
v 0.022407 0.707880 -2.001932
v 0.076290 0.714512 -1.963819
v 0.148270 0.650597 -2.038584
v 0.080384 0.715503 -1.990482
v 0.148270 0.650597 -2.038584
v 0.076290 0.714512 -1.963819
v 0.223598 0.549631 -2.019004
v 0.497716 0.524895 -2.025946
v 0.586249 0.668676 -1.949823
v 0.659805 0.735588 -2.042770
v 0.781180 0.951195 -2.007642
v 0.659805 0.735588 -2.042770
v 0.586249 0.668676 -1.949823
v 0.895981 1.184782 -2.063862
v 0.926087 1.176757 -1.933260
v 0.980019 1.351541 -1.950117
v 0.895981 1.184782 -2.063862
v 0.980019 1.351541 -1.950117
v 1.028663 1.429119 -2.021644
v 2.102541 1.589674 -1.957454
v 2.108975 1.527599 -2.034807
v 2.041804 1.710135 -2.001856
v 2.699274 0.740049 -2.001910
v 2.451072 1.120689 -2.034212
v 2.447179 1.077388 -1.958829
v 2.931107 0.558655 -1.881113
v 2.928038 0.437291 -2.089835
v 2.817959 0.636172 -1.914581
v 3.077865 0.438805 -1.953562
v 2.928038 0.437291 -2.089835
v 2.931107 0.558655 -1.881113
v 3.180343 0.380547 -1.973068
v 3.179682 0.349317 -2.058671
v 3.114321 0.431654 -1.970627
v 3.179682 0.349317 -2.058671
v 3.180343 0.380547 -1.973068
v 3.265913 0.395027 -2.018213
v 3.272328 0.381233 -1.991753
v 3.265913 0.395027 -2.018213
v 3.180343 0.380547 -1.973068
v 3.546517 0.253108 -2.025029
v 3.536746 0.264462 -1.988975
v 3.603907 0.246614 -1.960226
v 3.546517 0.253108 -2.025029
v 3.603907 0.246614 -1.960226
v 3.703349 0.132018 -1.991303
v 3.703349 0.132018 -1.991303
v 3.761270 0.058945 -1.939794
v 3.762511 0.104134 -2.089139
v -1.295450 0.108733 -2.079846
v -1.326211 0.115799 -1.948560
v -1.140059 0.268775 -2.014931
v -1.077967 0.302277 -2.036256
v -0.883669 0.559967 -1.941558
v -0.900831 0.455219 -2.071353
v -0.809198 0.629130 -1.931789
v -0.900831 0.455219 -2.071353
v -0.883669 0.559967 -1.941558
v -0.708444 0.679811 -2.051128
v -0.716178 0.707066 -2.018092
v -0.474835 0.953366 -2.070733
v -0.592730 0.865174 -1.984980
v -0.474835 0.953366 -2.070733
v -0.716178 0.707066 -2.018092
v -0.091541 0.731236 -2.053798
v -0.101934 0.829069 -1.982938
v -0.053792 0.745100 -2.029959
v 0.022407 0.707880 -2.001932
v -0.018397 0.733429 -2.055774
v -0.053792 0.745100 -2.029959
v 0.072849 0.659612 -2.027032
v 0.089730 0.616693 -2.075789
v 0.022407 0.707880 -2.001932
v 0.080384 0.715503 -1.990482
v 0.148270 0.650597 -2.038584
v 0.072849 0.659612 -2.027032
v 0.237877 0.501112 -2.079071
v 0.223598 0.549631 -2.019004
v 0.297438 0.518512 -1.994766
v 0.297438 0.518512 -1.994766
v 0.338751 0.584872 -1.768373
v 0.325730 0.402606 -2.386629
v 0.895981 1.184782 -2.063862
v 0.781180 0.951195 -2.007642
v 0.926087 1.176757 -1.933260
v 2.028483 1.616973 -2.046705
v 1.960176 1.839942 -1.979585
v 2.041804 1.710135 -2.001856
v 2.028483 1.616973 -2.046705
v 2.041804 1.710135 -2.001856
v 2.108975 1.527599 -2.034807
v 2.200127 1.414825 -1.956870
v 2.194130 1.440067 -2.015843
v 2.108975 1.527599 -2.034807
v 2.451072 1.120689 -2.034212
v 2.699274 0.740049 -2.001910
v 2.664615 0.856590 -2.074087
v 2.817959 0.636172 -1.914581
v 2.850410 0.509728 -2.085534
v 2.721782 0.735177 -1.937556
v 2.817959 0.636172 -1.914581
v 2.928038 0.437291 -2.089835
v 2.850410 0.509728 -2.085534
v 3.114321 0.431654 -1.970627
v 3.179682 0.349317 -2.058671
v 3.077865 0.438805 -1.953562
v 3.546517 0.253108 -2.025029
v 3.703349 0.132018 -1.991303
v 3.762511 0.104134 -2.089139
v 3.890791 0.001383 -1.930777
v 3.926423 0.000244 -2.087219
v 3.762511 0.104134 -2.089139
v -1.295450 0.108733 -2.079846
v -1.140059 0.268775 -2.014931
v -1.077967 0.302277 -2.036256
v -0.809198 0.629130 -1.931789
v -0.716178 0.707066 -2.018092
v -0.900831 0.455219 -2.071353
v -0.347728 0.818199 -2.131490
v -0.399589 1.032529 -2.022070
v -0.301894 0.988955 -1.997954
v -0.301894 0.988955 -1.997954
v -0.263161 0.835933 -2.084587
v -0.347728 0.818199 -2.131490
v -0.263161 0.835933 -2.084587
v -0.301894 0.988955 -1.997954
v -0.227524 0.848198 -2.047707
v -0.133366 0.733735 -2.092110
v -0.172440 0.788229 -2.045860
v -0.101934 0.829069 -1.982938
v -0.133366 0.733735 -2.092110
v -0.101934 0.829069 -1.982938
v -0.091541 0.731236 -2.053798
v 0.022407 0.707880 -2.001932
v 0.052470 0.666629 -2.100443
v -0.018397 0.733429 -2.055774
v 0.052470 0.666629 -2.100443
v 0.022407 0.707880 -2.001932
v 0.089730 0.616693 -2.075789
v 0.089730 0.616693 -2.075789
v 0.072849 0.659612 -2.027032
v 0.148270 0.650597 -2.038584
v 0.169587 0.600034 -2.086409
v 0.148270 0.650597 -2.038584
v 0.223598 0.549631 -2.019004
v 0.223598 0.549631 -2.019004
v 0.237877 0.501112 -2.079071
v 0.169587 0.600034 -2.086409
v 0.694398 0.786247 -2.110480
v 0.659805 0.735588 -2.042770
v 0.781180 0.951195 -2.007642
v 2.182397 1.374045 -2.093908
v 2.108975 1.527599 -2.034807
v 2.194130 1.440067 -2.015843
v 2.664615 0.856590 -2.074087
v 2.699274 0.740049 -2.001910
v 2.751035 0.628801 -2.069949
v 2.751035 0.628801 -2.069949
v 2.699274 0.740049 -2.001910
v 2.721782 0.735177 -1.937556
v 2.751035 0.628801 -2.069949
v 2.721782 0.735177 -1.937556
v 2.844851 0.472276 -2.135350
v 2.721782 0.735177 -1.937556
v 2.850410 0.509728 -2.085534
v 2.844851 0.472276 -2.135350
v 3.115108 0.274557 -2.221099
v 3.077865 0.438805 -1.953562
v 3.179682 0.349317 -2.058671
v 3.265913 0.395027 -2.018213
v 3.255429 0.343974 -2.088522
v 3.179682 0.349317 -2.058671
v 3.615602 0.239217 -2.100714
v 3.546517 0.253108 -2.025029
v 3.762511 0.104134 -2.089139
v -1.152932 0.194042 -2.148961
v -1.077967 0.302277 -2.036256
v -0.900831 0.455219 -2.071353
v -0.900831 0.455219 -2.071353
v -0.716178 0.707066 -2.018092
v -0.708444 0.679811 -2.051128
v -0.474835 0.953366 -2.070733
v -0.571454 0.850458 -2.107218
v -0.708444 0.679811 -2.051128
v -0.394530 0.866647 -2.138118
v -0.399589 1.032529 -2.022070
v -0.347728 0.818199 -2.131490
v -0.227524 0.848198 -2.047707
v -0.175380 0.817440 -2.107453
v -0.263161 0.835933 -2.084587
v -0.172440 0.788229 -2.045860
v -0.175380 0.817440 -2.107453
v -0.227524 0.848198 -2.047707
v -0.175380 0.817440 -2.107453
v -0.172440 0.788229 -2.045860
v -0.133366 0.733735 -2.092110
v 0.148270 0.650597 -2.038584
v 0.161429 0.542745 -2.121538
v 0.089730 0.616693 -2.075789
v 0.161429 0.542745 -2.121538
v 0.148270 0.650597 -2.038584
v 0.169587 0.600034 -2.086409
v 0.659805 0.735588 -2.042770
v 0.543984 0.552427 -2.133032
v 0.497716 0.524895 -2.025946
v 0.781180 0.951195 -2.007642
v 0.895981 1.184782 -2.063862
v 0.694398 0.786247 -2.110480
v 2.028483 1.616973 -2.046705
v 2.057428 1.523142 -2.132915
v 1.836544 1.891025 -2.097097
v 2.108975 1.527599 -2.034807
v 2.182397 1.374045 -2.093908
v 2.028483 1.616973 -2.046705
v -1.465181 -0.000070 -2.162384
v -1.509755 -0.000332 -1.933323
v -1.295450 0.108733 -2.079846
v -1.077967 0.302277 -2.036256
v -1.152932 0.194042 -2.148961
v -1.295450 0.108733 -2.079846
v -0.571454 0.850458 -2.107218
v -0.474835 0.953366 -2.070733
v -0.530425 0.806962 -2.171379
v -0.175380 0.817440 -2.107453
v -0.235985 0.766251 -2.160143
v -0.263161 0.835933 -2.084587
v -0.026705 0.573123 -2.218674
v -0.091541 0.731236 -2.053798
v -0.053792 0.745100 -2.029959
v -0.018397 0.733429 -2.055774
v 0.006930 0.646756 -2.126422
v -0.053792 0.745100 -2.029959
v 0.006930 0.646756 -2.126422
v -0.018397 0.733429 -2.055774
v 0.052470 0.666629 -2.100443
v 0.161429 0.542745 -2.121538
v 0.169587 0.600034 -2.086409
v 0.237877 0.501112 -2.079071
v 0.496260 0.483284 -2.173344
v 0.497716 0.524895 -2.025946
v 0.543984 0.552427 -2.133032
v 0.659805 0.735588 -2.042770
v 0.694398 0.786247 -2.110480
v 0.543984 0.552427 -2.133032
v 0.895981 1.184782 -2.063862
v 0.811347 0.932274 -2.174494
v 0.694398 0.786247 -2.110480
v 2.057428 1.523142 -2.132915
v 2.028483 1.616973 -2.046705
v 2.182397 1.374045 -2.093908
v 2.751035 0.628801 -2.069949
v 2.680168 0.772251 -2.170944
v 2.664615 0.856590 -2.074087
v 2.928038 0.437291 -2.089835
v 3.115108 0.274557 -2.221099
v 3.049272 0.307633 -2.220191
v 3.115108 0.274557 -2.221099
v 2.928038 0.437291 -2.089835
v 3.077865 0.438805 -1.953562
v 3.227655 0.281778 -2.154412
v 3.179682 0.349317 -2.058671
v 3.255429 0.343974 -2.088522
v 3.946349 -0.004493 -2.154003
v 3.762511 0.104134 -2.089139
v 3.926423 0.000244 -2.087219
v -1.152932 0.194042 -2.148961
v -0.900831 0.455219 -2.071353
v -0.925282 0.382431 -2.136389
v -0.474835 0.953366 -2.070733
v -0.472131 0.731660 -2.242207
v -0.530425 0.806962 -2.171379
v -0.026705 0.573123 -2.218674
v -0.053792 0.745100 -2.029959
v 0.006930 0.646756 -2.126422
v 0.089730 0.616693 -2.075789
v 0.125577 0.547360 -2.148969
v 0.052470 0.666629 -2.100443
v 0.125577 0.547360 -2.148969
v 0.089730 0.616693 -2.075789
v 0.161429 0.542745 -2.121538
v 0.237877 0.501112 -2.079071
v 0.228759 0.445848 -2.228133
v 0.161429 0.542745 -2.121538
v 0.497716 0.524895 -2.025946
v 0.463835 0.422918 -2.335889
v 0.325730 0.402606 -2.386629
v 0.463835 0.422918 -2.335889
v 0.497716 0.524895 -2.025946
v 0.496260 0.483284 -2.173344
v 0.811347 0.932274 -2.174494
v 0.895981 1.184782 -2.063862
v 0.923427 1.198190 -2.143138
v 0.895981 1.184782 -2.063862
v 0.964401 1.259872 -2.203933
v 0.923427 1.198190 -2.143138
v 1.234316 1.849188 -2.162580
v 1.205409 1.748681 -2.116546
v 1.313662 1.937724 -2.109674
v 2.664615 0.856590 -2.074087
v 2.680168 0.772251 -2.170944
v 2.584984 0.997356 -2.123885
v 2.680168 0.772251 -2.170944
v 2.751035 0.628801 -2.069949
v 2.844851 0.472276 -2.135350
v 3.179682 0.349317 -2.058671
v 3.227655 0.281778 -2.154412
v 3.115108 0.274557 -2.221099
v 3.255429 0.343974 -2.088522
v 3.313742 0.239036 -2.187647
v 3.227655 0.281778 -2.154412
v 3.625591 0.178780 -2.219017
v 3.615602 0.239217 -2.100714
v 3.762511 0.104134 -2.089139
v -0.925282 0.382431 -2.136389
v -0.900831 0.455219 -2.071353
v -0.762459 0.505933 -2.202730
v -0.708444 0.679811 -2.051128
v -0.762459 0.505933 -2.202730
v -0.900831 0.455219 -2.071353
v -0.571454 0.850458 -2.107218
v -0.762459 0.505933 -2.202730
v -0.708444 0.679811 -2.051128
v -0.559915 0.646328 -2.252984
v -0.571454 0.850458 -2.107218
v -0.530425 0.806962 -2.171379
v -0.474835 0.953366 -2.070733
v -0.394530 0.866647 -2.138118
v -0.472131 0.731660 -2.242207
v -0.133366 0.733735 -2.092110
v -0.130190 0.651374 -2.187365
v -0.175380 0.817440 -2.107453
v -0.130190 0.651374 -2.187365
v -0.133366 0.733735 -2.092110
v -0.091541 0.731236 -2.053798
v -0.130190 0.651374 -2.187365
v -0.091541 0.731236 -2.053798
v -0.026705 0.573123 -2.218674
v 0.161429 0.542745 -2.121538
v 0.228759 0.445848 -2.228133
v 0.125577 0.547360 -2.148969
v 0.694398 0.786247 -2.110480
v 0.811347 0.932274 -2.174494
v 0.698420 0.706645 -2.223607
v 0.811347 0.932274 -2.174494
v 0.923427 1.198190 -2.143138
v 0.864452 0.991874 -2.204947
v 1.205409 1.748681 -2.116546
v 1.234316 1.849188 -2.162580
v 1.142166 1.696414 -2.165286
v 2.057428 1.523142 -2.132915
v 1.913422 1.800760 -2.191250
v 1.836544 1.891025 -2.097097
v 2.057428 1.523142 -2.132915
v 2.140974 1.310805 -2.222386
v 1.913422 1.800760 -2.191250
v 2.140974 1.310805 -2.222386
v 2.057428 1.523142 -2.132915
v 2.182397 1.374045 -2.093908
v 2.850410 0.509728 -2.085534
v 2.901625 0.376280 -2.223438
v 2.844851 0.472276 -2.135350
v 2.901625 0.376280 -2.223438
v 2.850410 0.509728 -2.085534
v 2.928038 0.437291 -2.089835
v -1.295450 0.108733 -2.079846
v -1.152932 0.194042 -2.148961
v -1.465181 -0.000070 -2.162384
v -0.925282 0.382431 -2.136389
v -1.070792 0.228848 -2.254022
v -1.152932 0.194042 -2.148961
v -0.457333 0.651883 -2.322330
v -0.472131 0.731660 -2.242207
v -0.394530 0.866647 -2.138118
v -0.235985 0.766251 -2.160143
v -0.223518 0.718549 -2.226746
v -0.263161 0.835933 -2.084587
v -0.175380 0.817440 -2.107453
v -0.130190 0.651374 -2.187365
v -0.235985 0.766251 -2.160143
v 0.083527 0.535589 -2.205912
v 0.006930 0.646756 -2.126422
v 0.052470 0.666629 -2.100443
v 0.083527 0.535589 -2.205912
v 0.052470 0.666629 -2.100443
v 0.125577 0.547360 -2.148969
v 0.125577 0.547360 -2.148969
v 0.136787 0.542708 -2.253997
v 0.083527 0.535589 -2.205912
v 0.136787 0.542708 -2.253997
v 0.125577 0.547360 -2.148969
v 0.228759 0.445848 -2.228133
v 0.228759 0.445848 -2.228133
v 0.237877 0.501112 -2.079071
v 0.297438 0.518512 -1.994766
v 0.496260 0.483284 -2.173344
v 0.543984 0.552427 -2.133032
v 0.698420 0.706645 -2.223607
v 0.694398 0.786247 -2.110480
v 0.698420 0.706645 -2.223607
v 0.543984 0.552427 -2.133032
v 0.923427 1.198190 -2.143138
v 0.964401 1.259872 -2.203933
v 0.864452 0.991874 -2.204947
v 1.234316 1.849188 -2.162580
v 1.190539 1.735171 -2.200292
v 1.142166 1.696414 -2.165286
v 1.190539 1.735171 -2.200292
v 1.234316 1.849188 -2.162580
v 1.411068 2.094612 -2.178963
v 2.210599 1.236796 -2.199006
v 2.182397 1.374045 -2.093908
v 2.254849 1.371258 -2.117118
v -1.152932 0.194042 -2.148961
v -1.433512 -0.000049 -2.245626
v -1.465181 -0.000070 -2.162384
v -1.070792 0.228848 -2.254022
v -0.925282 0.382431 -2.136389
v -0.900889 0.362123 -2.289219
v -0.762459 0.505933 -2.202730
v -0.900889 0.362123 -2.289219
v -0.925282 0.382431 -2.136389
v -0.900889 0.362123 -2.289219
v -0.762459 0.505933 -2.202730
v -0.756487 0.505356 -2.232409
v -0.756487 0.505356 -2.232409
v -0.762459 0.505933 -2.202730
v -0.559915 0.646328 -2.252984
v -0.762459 0.505933 -2.202730
v -0.571454 0.850458 -2.107218
v -0.559915 0.646328 -2.252984
v -0.394530 0.866647 -2.138118
v -0.347728 0.818199 -2.131490
v -0.457333 0.651883 -2.322330
v -0.381271 0.632223 -2.305026
v -0.347728 0.818199 -2.131490
v -0.263161 0.835933 -2.084587
v -0.263161 0.835933 -2.084587
v -0.222393 0.656128 -2.288420
v -0.381271 0.632223 -2.305026
v -0.222393 0.656128 -2.288420
v -0.263161 0.835933 -2.084587
v -0.223518 0.718549 -2.226746
v -0.223518 0.718549 -2.226746
v -0.235985 0.766251 -2.160143
v -0.130190 0.651374 -2.187365
v -0.130190 0.651374 -2.187365
v -0.124442 0.596697 -2.259086
v -0.223518 0.718549 -2.226746
v -0.026705 0.573123 -2.218674
v 0.006930 0.646756 -2.126422
v 0.083527 0.535589 -2.205912
v 0.228759 0.445848 -2.228133
v 0.297438 0.518512 -1.994766
v 0.325730 0.402606 -2.386629
v 1.756304 2.052047 -2.231761
v 1.913422 1.800760 -2.191250
v 1.888799 1.876311 -2.246906
v 2.468842 0.973349 -2.271650
v 2.464535 1.141230 -2.149737
v 2.491343 1.123357 -2.191491
v 2.724115 0.649282 -2.261645
v 2.680168 0.772251 -2.170944
v 2.844851 0.472276 -2.135350
v 2.724115 0.649282 -2.261645
v 2.844851 0.472276 -2.135350
v 2.901625 0.376280 -2.223438
v 3.424189 0.123993 -2.364306
v 3.227655 0.281778 -2.154412
v 3.313742 0.239036 -2.187647
v 3.557019 0.205858 -2.223798
v 3.615602 0.239217 -2.100714
v 3.625591 0.178780 -2.219017
v 3.762511 0.104134 -2.089139
v 3.791161 0.047126 -2.263857
v 3.625591 0.178780 -2.219017
v 3.946349 -0.004493 -2.154003
v 3.791161 0.047126 -2.263857
v 3.762511 0.104134 -2.089139
v -0.472131 0.731660 -2.242207
v -0.559915 0.646328 -2.252984
v -0.530425 0.806962 -2.171379
v -0.347728 0.818199 -2.131490
v -0.381271 0.632223 -2.305026
v -0.457333 0.651883 -2.322330
v -0.124442 0.596697 -2.259086
v -0.130190 0.651374 -2.187365
v -0.026705 0.573123 -2.218674
v 0.110467 0.537031 -2.259241
v 0.083527 0.535589 -2.205912
v 0.136787 0.542708 -2.253997
v 0.463835 0.422918 -2.335889
v 0.496260 0.483284 -2.173344
v 0.698420 0.706645 -2.223607
v 0.771447 0.766262 -2.294954
v 0.811347 0.932274 -2.174494
v 0.864452 0.991874 -2.204947
v 1.411068 2.094612 -2.178963
v 1.335547 1.871169 -2.258741
v 1.190539 1.735171 -2.200292
v 1.335547 1.871169 -2.258741
v 1.411068 2.094612 -2.178963
v 1.396914 1.932720 -2.272973
v 2.140974 1.310805 -2.222386
v 1.888799 1.876311 -2.246906
v 1.913422 1.800760 -2.191250
v 2.680168 0.772251 -2.170944
v 2.724115 0.649282 -2.261645
v 2.603742 0.858461 -2.270882
v 3.115108 0.274557 -2.221099
v 3.227655 0.281778 -2.154412
v 3.424189 0.123993 -2.364306
v -1.406585 -0.001388 -2.330533
v -1.152932 0.194042 -2.148961
v -1.070792 0.228848 -2.254022
v -0.223518 0.718549 -2.226746
v -0.124442 0.596697 -2.259086
v -0.222393 0.656128 -2.288420
v -0.026705 0.573123 -2.218674
v -0.046917 0.507193 -2.330388
v -0.124442 0.596697 -2.259086
v 0.104929 0.488295 -2.301067
v 0.083527 0.535589 -2.205912
v 0.110467 0.537031 -2.259241
v 0.190346 0.435371 -2.281309
v 0.136787 0.542708 -2.253997
v 0.228759 0.445848 -2.228133
v 0.463835 0.422918 -2.335889
v 0.698420 0.706645 -2.223607
v 0.649825 0.604760 -2.344397
v 0.811347 0.932274 -2.174494
v 0.771447 0.766262 -2.294954
v 0.698420 0.706645 -2.223607
v 0.864452 0.991874 -2.204947
v 0.881157 0.909839 -2.328757
v 0.771447 0.766262 -2.294954
v 0.964401 1.259872 -2.203933
v 0.881157 0.909839 -2.328757
v 0.864452 0.991874 -2.204947
v 1.798939 1.987270 -2.277598
v 1.756304 2.052047 -2.231761
v 1.888799 1.876311 -2.246906
v 2.113700 1.298862 -2.301955
v 1.888799 1.876311 -2.246906
v 2.140974 1.310805 -2.222386
v 3.399781 0.255347 -2.188963
v 3.428990 0.193126 -2.260976
v 3.313742 0.239036 -2.187647
v 3.625591 0.178780 -2.219017
v 3.671327 0.035919 -2.348080
v 3.557019 0.205858 -2.223798
v 3.791161 0.047126 -2.263857
v 3.671327 0.035919 -2.348080
v 3.625591 0.178780 -2.219017
v 3.946349 -0.004493 -2.154003
v 3.894462 0.002113 -2.327132
v 3.791161 0.047126 -2.263857
v -1.152932 0.194042 -2.148961
v -1.406585 -0.001388 -2.330533
v -1.433512 -0.000049 -2.245626
v -0.756487 0.505356 -2.232409
v -0.806743 0.387502 -2.351268
v -0.900889 0.362123 -2.289219
v -0.559915 0.646328 -2.252984
v -0.644192 0.502208 -2.348063
v -0.756487 0.505356 -2.232409
v -0.026705 0.573123 -2.218674
v 0.072966 0.446829 -2.354514
v -0.046917 0.507193 -2.330388
v 0.072966 0.446829 -2.354514
v -0.026705 0.573123 -2.218674
v 0.083527 0.535589 -2.205912
v 0.072966 0.446829 -2.354514
v 0.083527 0.535589 -2.205912
v 0.104929 0.488295 -2.301067
v 0.104929 0.488295 -2.301067
v 0.110467 0.537031 -2.259241
v 0.136787 0.542708 -2.253997
v 0.104929 0.488295 -2.301067
v 0.136787 0.542708 -2.253997
v 0.190346 0.435371 -2.281309
v 0.202973 0.406961 -2.338325
v 0.190346 0.435371 -2.281309
v 0.228759 0.445848 -2.228133
v 0.649825 0.604760 -2.344397
v 0.698420 0.706645 -2.223607
v 0.771447 0.766262 -2.294954
v 1.335547 1.871169 -2.258741
v 1.204032 1.442623 -2.343864
v 1.190539 1.735171 -2.200292
v 1.480563 1.939139 -2.292089
v 1.453023 1.745120 -2.384149
v 1.396914 1.932720 -2.272973
v 1.888799 1.876311 -2.246906
v 1.828574 1.880807 -2.320764
v 1.798939 1.987270 -2.277598
v 2.225660 1.037300 -2.353814
v 2.177638 1.191949 -2.267283
v 2.210599 1.236796 -2.199006
v 2.658215 0.749418 -2.311944
v 2.603742 0.858461 -2.270882
v 2.724115 0.649282 -2.261645
v 2.928038 0.437291 -2.089835
v 2.932443 0.299952 -2.318512
v 2.901625 0.376280 -2.223438
v 2.932443 0.299952 -2.318512
v 2.928038 0.437291 -2.089835
v 3.049272 0.307633 -2.220191
v 3.115108 0.274557 -2.221099
v 3.424189 0.123993 -2.364306
v 3.204655 0.146536 -2.442308
v 3.424189 0.123993 -2.364306
v 3.313742 0.239036 -2.187647
v 3.428990 0.193126 -2.260976
v -1.070792 0.228848 -2.254022
v -1.111761 0.144250 -2.368464
v -1.406585 -0.001388 -2.330533
v -1.111761 0.144250 -2.368464
v -1.070792 0.228848 -2.254022
v -0.900889 0.362123 -2.289219
v -0.644192 0.502208 -2.348063
v -0.559915 0.646328 -2.252984
v -0.472131 0.731660 -2.242207
v -0.102748 0.519310 -2.341994
v -0.124442 0.596697 -2.259086
v -0.046917 0.507193 -2.330388
v 0.190346 0.435371 -2.281309
v 0.202973 0.406961 -2.338325
v 0.104929 0.488295 -2.301067
v 0.202973 0.406961 -2.338325
v 0.228759 0.445848 -2.228133
v 0.325730 0.402606 -2.386629
v 1.326570 1.656988 -2.385836
v 1.335547 1.871169 -2.258741
v 1.396914 1.932720 -2.272973
v 1.888799 1.876311 -2.246906
v 1.963282 1.568053 -2.321863
v 1.828574 1.880807 -2.320764
v 1.963282 1.568053 -2.321863
v 1.888799 1.876311 -2.246906
v 2.113700 1.298862 -2.301955
v 2.113700 1.298862 -2.301955
v 2.215646 1.052994 -2.389211
v 2.043627 1.365098 -2.364809
v 2.215646 1.052994 -2.389211
v 2.113700 1.298862 -2.301955
v 2.177638 1.191949 -2.267283
v 2.215646 1.052994 -2.389211
v 2.177638 1.191949 -2.267283
v 2.225660 1.037300 -2.353814
v 2.210599 1.236796 -2.199006
v 2.406814 0.898295 -2.327250
v 2.225660 1.037300 -2.353814
v 2.603742 0.858461 -2.270882
v 2.658215 0.749418 -2.311944
v 2.542150 0.771109 -2.333772
v 2.901625 0.376280 -2.223438
v 2.932443 0.299952 -2.318512
v 2.724115 0.649282 -2.261645
v 3.424189 0.123993 -2.364306
v 3.428990 0.193126 -2.260976
v 3.490499 0.139390 -2.310940
v 3.557019 0.205858 -2.223798
v 3.671327 0.035919 -2.348080
v 3.490499 0.139390 -2.310940
v -0.806743 0.387502 -2.351268
v -0.756487 0.505356 -2.232409
v -0.644192 0.502208 -2.348063
v -0.472131 0.731660 -2.242207
v -0.522859 0.602957 -2.368087
v -0.644192 0.502208 -2.348063
v -0.522859 0.602957 -2.368087
v -0.472131 0.731660 -2.242207
v -0.457333 0.651883 -2.322330
v -0.222393 0.656128 -2.288420
v -0.243243 0.607619 -2.356042
v -0.381271 0.632223 -2.305026
v -0.243243 0.607619 -2.356042
v -0.222393 0.656128 -2.288420
v -0.124442 0.596697 -2.259086
v -0.124442 0.596697 -2.259086
v -0.102748 0.519310 -2.341994
v -0.243243 0.607619 -2.356042
v 0.751384 0.732955 -2.397260
v 0.771447 0.766262 -2.294954
v 0.881157 0.909839 -2.328757
v 0.881157 0.909839 -2.328757
v 0.964401 1.259872 -2.203933
v 1.105254 1.268660 -2.359766
v 1.335547 1.871169 -2.258741
v 1.326570 1.656988 -2.385836
v 1.204032 1.442623 -2.343864
v 1.326570 1.656988 -2.385836
v 1.396914 1.932720 -2.272973
v 1.453023 1.745120 -2.384149
v 1.963282 1.568053 -2.321863
v 1.891281 1.680194 -2.394805
v 1.828574 1.880807 -2.320764
v 2.113700 1.298862 -2.301955
v 2.043627 1.365098 -2.364809
v 1.963282 1.568053 -2.321863
v 2.542150 0.771109 -2.333772
v 2.473454 0.809203 -2.365450
v 2.468842 0.973349 -2.271650
v 2.678194 0.710574 -2.344596
v 2.658215 0.749418 -2.311944
v 2.724115 0.649282 -2.261645
v 2.784100 0.437767 -2.409969
v 2.724115 0.649282 -2.261645
v 2.932443 0.299952 -2.318512
v 3.025484 0.216741 -2.417530
v 2.932443 0.299952 -2.318512
v 3.049272 0.307633 -2.220191
v 3.025484 0.216741 -2.417530
v 3.049272 0.307633 -2.220191
v 3.115108 0.274557 -2.221099
v 3.490499 0.139390 -2.310940
v 3.671327 0.035919 -2.348080
v 3.424189 0.123993 -2.364306
v 3.790922 0.000563 -2.342377
v 3.791161 0.047126 -2.263857
v 3.894462 0.002113 -2.327132
v -1.111761 0.144250 -2.368464
v -0.900889 0.362123 -2.289219
v -0.931444 0.268891 -2.390633
v -0.931444 0.268891 -2.390633
v -0.900889 0.362123 -2.289219
v -0.806743 0.387502 -2.351268
v -0.776682 0.375653 -2.422170
v -0.806743 0.387502 -2.351268
v -0.644192 0.502208 -2.348063
v -0.372801 0.476934 -2.489236
v -0.381271 0.632223 -2.305026
v -0.243243 0.607619 -2.356042
v -0.102748 0.519310 -2.341994
v -0.159775 0.578302 -2.392541
v -0.243243 0.607619 -2.356042
v -0.023663 0.456594 -2.404385
v -0.046917 0.507193 -2.330388
v 0.072966 0.446829 -2.354514
v 0.104929 0.488295 -2.301067
v 0.202973 0.406961 -2.338325
v 0.072966 0.446829 -2.354514
v 0.649825 0.604760 -2.344397
v 0.771447 0.766262 -2.294954
v 0.751384 0.732955 -2.397260
v 1.105254 1.268660 -2.359766
v 0.909373 0.907235 -2.400567
v 0.881157 0.909839 -2.328757
v 1.963282 1.568053 -2.321863
v 2.043627 1.365098 -2.364809
v 1.891281 1.680194 -2.394805
v 2.406814 0.898295 -2.327250
v 2.431808 0.786168 -2.411369
v 2.225660 1.037300 -2.353814
v 2.431808 0.786168 -2.411369
v 2.406814 0.898295 -2.327250
v 2.473454 0.809203 -2.365450
v 2.658215 0.749418 -2.311944
v 2.605638 0.648024 -2.392966
v 2.542150 0.771109 -2.333772
v 2.605638 0.648024 -2.392966
v 2.658215 0.749418 -2.311944
v 2.678194 0.710574 -2.344596
v 2.678194 0.710574 -2.344596
v 2.724115 0.649282 -2.261645
v 2.784100 0.437767 -2.409969
v 3.790922 0.000563 -2.342377
v 3.671327 0.035919 -2.348080
v 3.791161 0.047126 -2.263857
v -1.111761 0.144250 -2.368464
v -1.331747 -0.004961 -2.441482
v -1.406585 -0.001388 -2.330533
v -0.522859 0.602957 -2.368087
v -0.655774 0.392944 -2.465709
v -0.644192 0.502208 -2.348063
v -0.457333 0.651883 -2.322330
v -0.447560 0.527272 -2.459752
v -0.522859 0.602957 -2.368087
v -0.201446 0.613365 -2.404193
v -0.243243 0.607619 -2.356042
v -0.159775 0.578302 -2.392541
v -0.086707 0.430205 -2.484461
v -0.102748 0.519310 -2.341994
v -0.046917 0.507193 -2.330388
v 0.072966 0.446829 -2.354514
v 0.045643 0.366180 -2.508916
v -0.023663 0.456594 -2.404385
v 0.477652 0.406686 -2.427679
v 0.463835 0.422918 -2.335889
v 0.616603 0.523389 -2.423974
v 0.649825 0.604760 -2.344397
v 0.616603 0.523389 -2.423974
v 0.463835 0.422918 -2.335889
v 0.881157 0.909839 -2.328757
v 0.909373 0.907235 -2.400567
v 0.751384 0.732955 -2.397260
v 1.105254 1.268660 -2.359766
v 1.005168 0.987052 -2.423894
v 0.909373 0.907235 -2.400567
v 1.005168 0.987052 -2.423894
v 1.105254 1.268660 -2.359766
v 1.173990 1.172450 -2.467103
v 1.891281 1.680194 -2.394805
v 2.043627 1.365098 -2.364809
v 1.959894 1.561510 -2.428136
v 2.139739 1.146435 -2.451351
v 2.043627 1.365098 -2.364809
v 2.215646 1.052994 -2.389211
v 2.225660 1.037300 -2.353814
v 2.359471 0.830051 -2.459159
v 2.215646 1.052994 -2.389211
v 2.359471 0.830051 -2.459159
v 2.225660 1.037300 -2.353814
v 2.431808 0.786168 -2.411369
v 2.678194 0.710574 -2.344596
v 2.734201 0.480484 -2.440826
v 2.605638 0.648024 -2.392966
v 2.734201 0.480484 -2.440826
v 2.678194 0.710574 -2.344596
v 2.784100 0.437767 -2.409969
v 3.115108 0.274557 -2.221099
v 3.204655 0.146536 -2.442308
v 3.025484 0.216741 -2.417530
v 3.671327 0.035919 -2.348080
v 3.705377 -0.000995 -2.405138
v 3.424189 0.123993 -2.364306
v 3.705377 -0.000995 -2.405138
v 3.671327 0.035919 -2.348080
v 3.790922 0.000563 -2.342377
v -1.111761 0.144250 -2.368464
v -1.057625 0.142361 -2.470672
v -1.331747 -0.004961 -2.441482
v -0.806743 0.387502 -2.351268
v -0.875058 0.301731 -2.449522
v -0.931444 0.268891 -2.390633
v -0.875058 0.301731 -2.449522
v -0.806743 0.387502 -2.351268
v -0.776682 0.375653 -2.422170
v -0.522859 0.602957 -2.368087
v -0.447560 0.527272 -2.459752
v -0.655774 0.392944 -2.465709
v -0.447560 0.527272 -2.459752
v -0.457333 0.651883 -2.322330
v -0.381271 0.632223 -2.305026
v -0.381271 0.632223 -2.305026
v -0.372801 0.476934 -2.489236
v -0.447560 0.527272 -2.459752
v -0.046917 0.507193 -2.330388
v -0.023663 0.456594 -2.404385
v -0.086707 0.430205 -2.484461
v 0.463835 0.422918 -2.335889
v 0.427260 0.347757 -2.554664
v 0.325730 0.402606 -2.386629
v 0.427260 0.347757 -2.554664
v 0.463835 0.422918 -2.335889
v 0.477652 0.406686 -2.427679
v 0.649825 0.604760 -2.344397
v 0.751384 0.732955 -2.397260
v 0.616603 0.523389 -2.423974
v 0.909373 0.907235 -2.400567
v 0.897206 0.814283 -2.458111
v 0.751384 0.732955 -2.397260
v 1.173990 1.172450 -2.467103
v 1.105254 1.268660 -2.359766
v 1.204032 1.442623 -2.343864
v 1.349545 1.459609 -2.465939
v 1.326570 1.656988 -2.385836
v 1.453023 1.745120 -2.384149
v 1.480563 1.939139 -2.292089
v 1.503543 1.643046 -2.477034
v 1.453023 1.745120 -2.384149
v 1.578643 1.850590 -2.368841
v 1.503543 1.643046 -2.477034
v 1.480563 1.939139 -2.292089
v 1.503543 1.643046 -2.477034
v 1.578643 1.850590 -2.368841
v 1.588045 1.792464 -2.418607
v 1.959894 1.561510 -2.428136
v 2.043627 1.365098 -2.364809
v 2.139739 1.146435 -2.451351
v 2.431808 0.786168 -2.411369
v 2.473454 0.809203 -2.365450
v 2.542150 0.771109 -2.333772
v 2.431808 0.786168 -2.411369
v 2.542150 0.771109 -2.333772
v 2.605638 0.648024 -2.392966
v 2.970110 0.261379 -2.459597
v 2.784100 0.437767 -2.409969
v 2.932443 0.299952 -2.318512
v 2.970110 0.261379 -2.459597
v 2.932443 0.299952 -2.318512
v 3.025484 0.216741 -2.417530
v 3.540605 0.049813 -2.480565
v 3.424189 0.123993 -2.364306
v 3.705377 -0.000995 -2.405138
v 3.894462 0.002113 -2.327132
v 3.705377 -0.000995 -2.405138
v 3.790922 0.000563 -2.342377
v -0.957368 0.214352 -2.508309
v -0.931444 0.268891 -2.390633
v -0.875058 0.301731 -2.449522
v -0.644192 0.502208 -2.348063
v -0.655774 0.392944 -2.465709
v -0.776682 0.375653 -2.422170
v -0.447560 0.527272 -2.459752
v -0.535393 0.465712 -2.481917
v -0.655774 0.392944 -2.465709
v -0.372801 0.476934 -2.489236
v -0.243243 0.607619 -2.356042
v -0.261257 0.504403 -2.510001
v -0.261257 0.504403 -2.510001
v -0.243243 0.607619 -2.356042
v -0.201446 0.613365 -2.404193
v -0.176259 0.569000 -2.447848
v -0.201446 0.613365 -2.404193
v -0.159775 0.578302 -2.392541
v -0.176259 0.569000 -2.447848
v -0.159775 0.578302 -2.392541
v -0.102748 0.519310 -2.341994
v -0.102748 0.519310 -2.341994
v -0.086707 0.430205 -2.484461
v -0.176259 0.569000 -2.447848
v -0.016086 0.440430 -2.444668
v -0.023663 0.456594 -2.404385
v 0.045643 0.366180 -2.508916
v 0.616603 0.523389 -2.423974
v 0.751384 0.732955 -2.397260
v 0.897206 0.814283 -2.458111
v 1.005168 0.987052 -2.423894
v 0.897206 0.814283 -2.458111
v 0.909373 0.907235 -2.400567
v 1.173990 1.172450 -2.467103
v 1.151242 1.104265 -2.504868
v 1.005168 0.987052 -2.423894
v 1.173990 1.172450 -2.467103
v 1.204032 1.442623 -2.343864
v 1.288393 1.330569 -2.492869
v 1.326570 1.656988 -2.385836
v 1.288393 1.330569 -2.492869
v 1.204032 1.442623 -2.343864
v 2.605638 0.648024 -2.392966
v 2.734201 0.480484 -2.440826
v 2.431808 0.786168 -2.411369
v 2.734201 0.480484 -2.440826
v 2.784100 0.437767 -2.409969
v 2.920820 0.316632 -2.474336
v 2.970110 0.261379 -2.459597
v 2.920820 0.316632 -2.474336
v 2.784100 0.437767 -2.409969
v -0.931444 0.268891 -2.390633
v -1.057625 0.142361 -2.470672
v -1.111761 0.144250 -2.368464
v -1.057625 0.142361 -2.470672
v -0.931444 0.268891 -2.390633
v -0.957368 0.214352 -2.508309
v -0.201446 0.613365 -2.404193
v -0.193376 0.527913 -2.498065
v -0.261257 0.504403 -2.510001
v -0.193376 0.527913 -2.498065
v -0.201446 0.613365 -2.404193
v -0.176259 0.569000 -2.447848
v -0.136735 0.479789 -2.502245
v -0.176259 0.569000 -2.447848
v -0.086707 0.430205 -2.484461
v -0.023663 0.456594 -2.404385
v -0.016086 0.440430 -2.444668
v -0.086707 0.430205 -2.484461
v 0.672304 0.575369 -2.614687
v 0.616603 0.523389 -2.423974
v 0.897206 0.814283 -2.458111
v 0.897206 0.814283 -2.458111
v 1.005168 0.987052 -2.423894
v 1.151242 1.104265 -2.504868
v 1.326570 1.656988 -2.385836
v 1.349545 1.459609 -2.465939
v 1.288393 1.330569 -2.492869
v 1.453023 1.745120 -2.384149
v 1.503543 1.643046 -2.477034
v 1.349545 1.459609 -2.465939
v 1.588045 1.792464 -2.418607
v 1.550340 1.676203 -2.524866
v 1.503543 1.643046 -2.477034
v 1.652120 1.905513 -2.400828
v 1.550340 1.676203 -2.524866
v 1.588045 1.792464 -2.418607
v 1.550340 1.676203 -2.524866
v 1.652120 1.905513 -2.400828
v 1.672704 1.799590 -2.480903
v 1.672704 1.799590 -2.480903
v 1.652120 1.905513 -2.400828
v 1.711905 1.794534 -2.517492
v 1.959894 1.561510 -2.428136
v 2.139739 1.146435 -2.451351
v 1.968866 1.486257 -2.508187
v 2.215646 1.052994 -2.389211
v 2.359471 0.830051 -2.459159
v 2.139739 1.146435 -2.451351
v 2.431808 0.786168 -2.411369
v 2.734201 0.480484 -2.440826
v 2.667540 0.503484 -2.527035
v 3.204655 0.146536 -2.442308
v 3.284744 0.083415 -2.627391
v 3.025484 0.216741 -2.417530
v 3.424189 0.123993 -2.364306
v 3.540605 0.049813 -2.480565
v 3.204655 0.146536 -2.442308
v -0.800646 0.271631 -2.562769
v -0.875058 0.301731 -2.449522
v -0.776682 0.375653 -2.422170
v -0.655774 0.392944 -2.465709
v -0.732241 0.313269 -2.516751
v -0.776682 0.375653 -2.422170
v -0.732241 0.313269 -2.516751
v -0.655774 0.392944 -2.465709
v -0.535393 0.465712 -2.481917
v -0.447560 0.527272 -2.459752
v -0.484240 0.476027 -2.511935
v -0.535393 0.465712 -2.481917
v -0.447560 0.527272 -2.459752
v -0.408373 0.455904 -2.507079
v -0.484240 0.476027 -2.511935
v -0.408373 0.455904 -2.507079
v -0.447560 0.527272 -2.459752
v -0.372801 0.476934 -2.489236
v -0.193376 0.527913 -2.498065
v -0.176259 0.569000 -2.447848
v -0.136735 0.479789 -2.502245
v -0.016086 0.440430 -2.444668
v -0.039424 0.382374 -2.544906
v -0.086707 0.430205 -2.484461
v 0.202973 0.406961 -2.338325
v 0.073614 0.287682 -2.685804
v 0.072966 0.446829 -2.354514
v 0.672304 0.575369 -2.614687
v 0.477652 0.406686 -2.427679
v 0.616603 0.523389 -2.423974
v 0.672304 0.575369 -2.614687
v 0.897206 0.814283 -2.458111
v 0.809665 0.705795 -2.565668
v 0.809665 0.705795 -2.565668
v 0.897206 0.814283 -2.458111
v 1.151242 1.104265 -2.504868
v 1.151242 1.104265 -2.504868
v 1.173990 1.172450 -2.467103
v 1.288393 1.330569 -2.492869
v 1.288393 1.330569 -2.492869
v 1.349545 1.459609 -2.465939
v 1.503543 1.643046 -2.477034
v 1.959894 1.561510 -2.428136
v 1.968866 1.486257 -2.508187
v 1.801661 1.756728 -2.531707
v 2.359471 0.830051 -2.459159
v 2.261828 0.930998 -2.515090
v 2.139739 1.146435 -2.451351
v 2.431808 0.786168 -2.411369
v 2.667540 0.503484 -2.527035
v 2.359471 0.830051 -2.459159
v 2.734201 0.480484 -2.440826
v 2.818316 0.372779 -2.564093
v 2.667540 0.503484 -2.527035
v 3.540605 0.049813 -2.480565
v 3.573130 0.002969 -2.556005
v 3.204655 0.146536 -2.442308
v 3.705377 -0.000995 -2.405138
v 3.657131 0.002805 -2.522018
v 3.540605 0.049813 -2.480565
v -1.331747 -0.004961 -2.441482
v -1.057625 0.142361 -2.470672
v -1.272400 -0.002710 -2.662364
v -0.900916 0.230866 -2.570020
v -0.957368 0.214352 -2.508309
v -0.875058 0.301731 -2.449522
v -0.800646 0.271631 -2.562769
v -0.776682 0.375653 -2.422170
v -0.732241 0.313269 -2.516751
v -0.535393 0.465712 -2.481917
v -0.544417 0.455271 -2.547085
v -0.732241 0.313269 -2.516751
v -0.544417 0.455271 -2.547085
v -0.535393 0.465712 -2.481917
v -0.484240 0.476027 -2.511935
v -0.372801 0.476934 -2.489236
v -0.375906 0.457513 -2.533089
v -0.408373 0.455904 -2.507079
v -0.375906 0.457513 -2.533089
v -0.372801 0.476934 -2.489236
v -0.261257 0.504403 -2.510001
v 0.073614 0.287682 -2.685804
v 0.202973 0.406961 -2.338325
v 0.325730 0.402606 -2.386629
v 1.151242 1.104265 -2.504868
v 1.288393 1.330569 -2.492869
v 1.111670 1.049993 -2.589253
v 1.288393 1.330569 -2.492869
v 1.503543 1.643046 -2.477034
v 1.391973 1.421390 -2.585140
v 1.677402 1.769188 -2.542449
v 1.672704 1.799590 -2.480903
v 1.711905 1.794534 -2.517492
v 2.818316 0.372779 -2.564093
v 2.734201 0.480484 -2.440826
v 2.920820 0.316632 -2.474336
v 2.970110 0.261379 -2.459597
v 3.025484 0.216741 -2.417530
v 3.061257 0.204090 -2.594560
v -0.900916 0.230866 -2.570020
v -0.875058 0.301731 -2.449522
v -0.800646 0.271631 -2.562769
v -0.650935 0.375160 -2.577246
v -0.732241 0.313269 -2.516751
v -0.544417 0.455271 -2.547085
v -0.521466 0.380698 -2.578683
v -0.484240 0.476027 -2.511935
v -0.408373 0.455904 -2.507079
v -0.521466 0.380698 -2.578683
v -0.408373 0.455904 -2.507079
v -0.375906 0.457513 -2.533089
v -0.311834 0.504096 -2.560360
v -0.375906 0.457513 -2.533089
v -0.261257 0.504403 -2.510001
v -0.261257 0.504403 -2.510001
v -0.199574 0.554405 -2.581034
v -0.311834 0.504096 -2.560360
v -0.199574 0.554405 -2.581034
v -0.261257 0.504403 -2.510001
v -0.193376 0.527913 -2.498065
v -0.199574 0.554405 -2.581034
v -0.193376 0.527913 -2.498065
v -0.163728 0.539301 -2.599488
v -0.136735 0.479789 -2.502245
v -0.163728 0.539301 -2.599488
v -0.193376 0.527913 -2.498065
v -0.136735 0.479789 -2.502245
v -0.086707 0.430205 -2.484461
v -0.060614 0.406603 -2.616870
v -0.039424 0.382374 -2.544906
v -0.060614 0.406603 -2.616870
v -0.086707 0.430205 -2.484461
v -0.039424 0.382374 -2.544906
v -0.016086 0.440430 -2.444668
v 0.045643 0.366180 -2.508916
v 0.072966 0.446829 -2.354514
v 0.073614 0.287682 -2.685804
v 0.045643 0.366180 -2.508916
v 0.427260 0.347757 -2.554664
v 0.296073 0.292871 -2.687232
v 0.325730 0.402606 -2.386629
v 1.151242 1.104265 -2.504868
v 1.001781 0.905057 -2.587342
v 0.809665 0.705795 -2.565668
v 1.151242 1.104265 -2.504868
v 1.111670 1.049993 -2.589253
v 1.001781 0.905057 -2.587342
v 1.503543 1.643046 -2.477034
v 1.477198 1.516808 -2.604113
v 1.391973 1.421390 -2.585140
v 1.550340 1.676203 -2.524866
v 1.477198 1.516808 -2.604113
v 1.503543 1.643046 -2.477034
v 1.672704 1.799590 -2.480903
v 1.549809 1.604107 -2.582016
v 1.550340 1.676203 -2.524866
v 1.846797 1.681862 -2.601162
v 1.801661 1.756728 -2.531707
v 1.968866 1.486257 -2.508187
v 2.120471 1.176560 -2.622887
v 1.968866 1.486257 -2.508187
v 2.139739 1.146435 -2.451351
v 2.139739 1.146435 -2.451351
v 2.261828 0.930998 -2.515090
v 2.120471 1.176560 -2.622887
v 2.529981 0.578394 -2.638144
v 2.359471 0.830051 -2.459159
v 2.667540 0.503484 -2.527035
v 2.818316 0.372779 -2.564093
v 2.920820 0.316632 -2.474336
v 3.061257 0.204090 -2.594560
v 2.970110 0.261379 -2.459597
v 3.061257 0.204090 -2.594560
v 2.920820 0.316632 -2.474336
v 3.284744 0.083415 -2.627391
v 3.204655 0.146536 -2.442308
v 3.573130 0.002969 -2.556005
v 3.573130 0.002969 -2.556005
v 3.540605 0.049813 -2.480565
v 3.657131 0.002805 -2.522018
v -0.957368 0.214352 -2.508309
v -1.272400 -0.002710 -2.662364
v -1.057625 0.142361 -2.470672
v -0.521466 0.380698 -2.578683
v -0.544417 0.455271 -2.547085
v -0.484240 0.476027 -2.511935
v -0.199574 0.554405 -2.581034
v -0.238292 0.540878 -2.612710
v -0.311834 0.504096 -2.560360
v -0.163728 0.539301 -2.599488
v -0.136735 0.479789 -2.502245
v -0.060614 0.406603 -2.616870
v 0.427260 0.347757 -2.554664
v 0.477652 0.406686 -2.427679
v 0.469974 0.386665 -2.617302
v 0.469974 0.386665 -2.617302
v 0.477652 0.406686 -2.427679
v 0.672304 0.575369 -2.614687
v 1.288393 1.330569 -2.492869
v 1.316562 1.320899 -2.586897
v 1.111670 1.049993 -2.589253
v 1.316562 1.320899 -2.586897
v 1.288393 1.330569 -2.492869
v 1.391973 1.421390 -2.585140
v 1.477198 1.516808 -2.604113
v 1.550340 1.676203 -2.524866
v 1.549809 1.604107 -2.582016
v 1.968866 1.486257 -2.508187
v 2.004841 1.417775 -2.591863
v 1.846797 1.681862 -2.601162
v 3.061257 0.204090 -2.594560
v 3.025484 0.216741 -2.417530
v 3.284744 0.083415 -2.627391
v -1.272400 -0.002710 -2.662364
v -0.957368 0.214352 -2.508309
v -0.900916 0.230866 -2.570020
v -0.942432 0.164324 -2.632617
v -0.900916 0.230866 -2.570020
v -0.800646 0.271631 -2.562769
v -0.727372 0.272785 -2.621586
v -0.800646 0.271631 -2.562769
v -0.732241 0.313269 -2.516751
v -0.727372 0.272785 -2.621586
v -0.732241 0.313269 -2.516751
v -0.650935 0.375160 -2.577246
v -0.544417 0.455271 -2.547085
v -0.625491 0.324861 -2.612881
v -0.650935 0.375160 -2.577246
v -0.625491 0.324861 -2.612881
v -0.544417 0.455271 -2.547085
v -0.521466 0.380698 -2.578683
v -0.514627 0.356257 -2.666006
v -0.521466 0.380698 -2.578683
v -0.375906 0.457513 -2.533089
v -0.375262 0.467674 -2.618437
v -0.375906 0.457513 -2.533089
v -0.311834 0.504096 -2.560360
v -0.311834 0.504096 -2.560360
v -0.279194 0.550827 -2.623488
v -0.375262 0.467674 -2.618437
v -0.311834 0.504096 -2.560360
v -0.238292 0.540878 -2.612710
v -0.279194 0.550827 -2.623488
v 0.045643 0.366180 -2.508916
v 0.036186 0.314222 -2.682642
v -0.039424 0.382374 -2.544906
v 0.672304 0.575369 -2.614687
v 0.809665 0.705795 -2.565668
v 1.001781 0.905057 -2.587342
v 1.711905 1.794534 -2.517492
v 1.748886 1.640391 -2.648273
v 1.699640 1.645621 -2.673068
v 2.004841 1.417775 -2.591863
v 1.968866 1.486257 -2.508187
v 2.120471 1.176560 -2.622887
v 2.279274 0.897950 -2.641640
v 2.261828 0.930998 -2.515090
v 2.368729 0.768248 -2.633838
v 2.368729 0.768248 -2.633838
v 2.261828 0.930998 -2.515090
v 2.359471 0.830051 -2.459159
v 2.359471 0.830051 -2.459159
v 2.529981 0.578394 -2.638144
v 2.368729 0.768248 -2.633838
v -0.900916 0.230866 -2.570020
v -0.942432 0.164324 -2.632617
v -1.272400 -0.002710 -2.662364
v -0.727372 0.272785 -2.621586
v -0.650935 0.375160 -2.577246
v -0.625491 0.324861 -2.612881
v -0.514627 0.356257 -2.666006
v -0.625491 0.324861 -2.612881
v -0.521466 0.380698 -2.578683
v -0.375906 0.457513 -2.533089
v -0.375262 0.467674 -2.618437
v -0.514627 0.356257 -2.666006
v -0.199574 0.554405 -2.581034
v -0.163728 0.539301 -2.599488
v -0.238292 0.540878 -2.612710
v -0.039424 0.382374 -2.544906
v 0.036186 0.314222 -2.682642
v -0.060614 0.406603 -2.616870
v 0.045643 0.366180 -2.508916
v 0.073614 0.287682 -2.685804
v 0.036186 0.314222 -2.682642
v 0.805936 0.701577 -2.672735
v 0.672304 0.575369 -2.614687
v 1.001781 0.905057 -2.587342
v 1.316562 1.320899 -2.586897
v 1.291680 1.288163 -2.611546
v 1.111670 1.049993 -2.589253
v 1.316562 1.320899 -2.586897
v 1.391973 1.421390 -2.585140
v 1.477198 1.516808 -2.604113
v 1.846797 1.681862 -2.601162
v 2.059214 1.276483 -2.732502
v 1.898442 1.498045 -2.745057
v 2.059214 1.276483 -2.732502
v 1.846797 1.681862 -2.601162
v 2.004841 1.417775 -2.591863
v 2.261828 0.930998 -2.515090
v 2.279274 0.897950 -2.641640
v 2.120471 1.176560 -2.622887
v 3.061257 0.204090 -2.594560
v 3.284744 0.083415 -2.627391
v 3.090608 0.159621 -2.759895
v -0.800646 0.271631 -2.562769
v -0.727372 0.272785 -2.621586
v -0.942432 0.164324 -2.632617
v -0.625491 0.324861 -2.612881
v -0.701518 0.247022 -2.719622
v -0.727372 0.272785 -2.621586
v -0.375262 0.467674 -2.618437
v -0.418481 0.445670 -2.666850
v -0.514627 0.356257 -2.666006
v -0.238292 0.540878 -2.612710
v -0.246899 0.544589 -2.671758
v -0.279194 0.550827 -2.623488
v -0.194570 0.491978 -2.659041
v -0.238292 0.540878 -2.612710
v -0.163728 0.539301 -2.599488
v -0.114385 0.450625 -2.679707
v -0.163728 0.539301 -2.599488
v -0.060614 0.406603 -2.616870
v -0.114385 0.450625 -2.679707
v -0.060614 0.406603 -2.616870
v 0.036186 0.314222 -2.682642
v 0.805936 0.701577 -2.672735
v 1.001781 0.905057 -2.587342
v 1.111670 1.049993 -2.589253
v 1.111670 1.049993 -2.589253
v 1.056147 0.977396 -2.669402
v 0.805936 0.701577 -2.672735
v 1.056147 0.977396 -2.669402
v 1.111670 1.049993 -2.589253
v 1.169577 1.107679 -2.667062
v 1.291680 1.288163 -2.611546
v 1.237576 1.179346 -2.686607
v 1.111670 1.049993 -2.589253
v 1.316562 1.320899 -2.586897
v 1.383439 1.331969 -2.690887
v 1.291680 1.288163 -2.611546
v 1.477198 1.516808 -2.604113
v 1.383439 1.331969 -2.690887
v 1.316562 1.320899 -2.586897
v 1.383439 1.331969 -2.690887
v 1.477198 1.516808 -2.604113
v 1.466088 1.421483 -2.691302
v 1.549809 1.604107 -2.582016
v 1.466088 1.421483 -2.691302
v 1.477198 1.516808 -2.604113
v 3.512753 -0.000179 -2.740616
v 3.284744 0.083415 -2.627391
v 3.573130 0.002969 -2.556005
v 3.512753 -0.000179 -2.740616
v 3.573130 0.002969 -2.556005
v 3.657131 0.002805 -2.522018
v -0.942432 0.164324 -2.632617
v -1.205939 0.011081 -2.691493
v -1.272400 -0.002710 -2.662364
v -1.205939 0.011081 -2.691493
v -0.942432 0.164324 -2.632617
v -0.935169 0.141022 -2.699871
v -0.935169 0.141022 -2.699871
v -0.942432 0.164324 -2.632617
v -0.727372 0.272785 -2.621586
v -0.759413 0.231803 -2.717730
v -0.727372 0.272785 -2.621586
v -0.701518 0.247022 -2.719622
v -0.701518 0.247022 -2.719622
v -0.625491 0.324861 -2.612881
v -0.514627 0.356257 -2.666006
v -0.440864 0.426985 -2.711751
v -0.514627 0.356257 -2.666006
v -0.418481 0.445670 -2.666850
v -0.375262 0.467674 -2.618437
v -0.279194 0.550827 -2.623488
v -0.276553 0.538793 -2.681274
v -0.276553 0.538793 -2.681274
v -0.279194 0.550827 -2.623488
v -0.246899 0.544589 -2.671758
v -0.246899 0.544589 -2.671758
v -0.238292 0.540878 -2.612710
v -0.194570 0.491978 -2.659041
v -0.163728 0.539301 -2.599488
v -0.114385 0.450625 -2.679707
v -0.194570 0.491978 -2.659041
v 0.427260 0.347757 -2.554664
v 0.414059 0.257466 -2.828486
v 0.296073 0.292871 -2.687232
v 0.414059 0.257466 -2.828486
v 0.427260 0.347757 -2.554664
v 0.448024 0.346526 -2.686428
v 0.469974 0.386665 -2.617302
v 0.448024 0.346526 -2.686428
v 0.427260 0.347757 -2.554664
v 0.448024 0.346526 -2.686428
v 0.469974 0.386665 -2.617302
v 0.698041 0.598620 -2.707243
v 0.672304 0.575369 -2.614687
v 0.698041 0.598620 -2.707243
v 0.469974 0.386665 -2.617302
v 0.698041 0.598620 -2.707243
v 0.672304 0.575369 -2.614687
v 0.805936 0.701577 -2.672735
v 1.115647 1.098773 -2.689822
v 1.056147 0.977396 -2.669402
v 1.169577 1.107679 -2.667062
v 1.111670 1.049993 -2.589253
v 1.237576 1.179346 -2.686607
v 1.169577 1.107679 -2.667062
v 1.549809 1.604107 -2.582016
v 1.521362 1.436329 -2.704429
v 1.466088 1.421483 -2.691302
v 1.602955 1.557154 -2.693746
v 1.521362 1.436329 -2.704429
v 1.549809 1.604107 -2.582016
v 2.059214 1.276483 -2.732502
v 2.004841 1.417775 -2.591863
v 2.120471 1.176560 -2.622887
v 2.120471 1.176560 -2.622887
v 2.279274 0.897950 -2.641640
v 2.251239 0.958989 -2.701924
v 2.368729 0.768248 -2.633838
v 2.295509 0.937836 -2.752478
v 2.279274 0.897950 -2.641640
v 2.621782 0.439682 -2.766739
v 2.529981 0.578394 -2.638144
v 2.667540 0.503484 -2.527035
v 2.621782 0.439682 -2.766739
v 2.667540 0.503484 -2.527035
v 2.818316 0.372779 -2.564093
v 2.818316 0.372779 -2.564093
v 3.061257 0.204090 -2.594560
v 2.621782 0.439682 -2.766739
v -0.935169 0.141022 -2.699871
v -0.727372 0.272785 -2.621586
v -0.759413 0.231803 -2.717730
v -0.375262 0.467674 -2.618437
v -0.342420 0.448285 -2.734900
v -0.418481 0.445670 -2.666850
v -0.276553 0.538793 -2.681274
v -0.342420 0.448285 -2.734900
v -0.375262 0.467674 -2.618437
v 0.698041 0.598620 -2.707243
v 0.566641 0.415432 -2.719776
v 0.448024 0.346526 -2.686428
v 0.805936 0.701577 -2.672735
v 0.756129 0.709548 -2.731330
v 0.698041 0.598620 -2.707243
v 0.805936 0.701577 -2.672735
v 0.832080 0.815767 -2.733502
v 0.756129 0.709548 -2.731330
v 1.056147 0.977396 -2.669402
v 1.115647 1.098773 -2.689822
v 0.990959 0.951171 -2.707255
v 1.237576 1.179346 -2.686607
v 1.239147 1.099634 -2.771188
v 1.169577 1.107679 -2.667062
v 1.570817 1.486484 -2.726038
v 1.521362 1.436329 -2.704429
v 1.602955 1.557154 -2.693746
v 2.059214 1.276483 -2.732502
v 1.943198 1.434392 -2.765939
v 1.898442 1.498045 -2.745057
v 2.120471 1.176560 -2.622887
v 2.251239 0.958989 -2.701924
v 2.059214 1.276483 -2.732502
v 2.251239 0.958989 -2.701924
v 2.279274 0.897950 -2.641640
v 2.295509 0.937836 -2.752478
v 2.295509 0.937836 -2.752478
v 2.368729 0.768248 -2.633838
v 2.415802 0.718294 -2.738437
v 2.529981 0.578394 -2.638144
v 2.415802 0.718294 -2.738437
v 2.368729 0.768248 -2.633838
v -0.514627 0.356257 -2.666006
v -0.593730 0.291975 -2.793118
v -0.701518 0.247022 -2.719622
v -0.276553 0.538793 -2.681274
v -0.278828 0.473823 -2.762321
v -0.342420 0.448285 -2.734900
v -0.278828 0.473823 -2.762321
v -0.276553 0.538793 -2.681274
v -0.246899 0.544589 -2.671758
v -0.246899 0.544589 -2.671758
v -0.204282 0.406003 -2.775023
v -0.278828 0.473823 -2.762321
v -0.204282 0.406003 -2.775023
v -0.246899 0.544589 -2.671758
v -0.194570 0.491978 -2.659041
v 0.566641 0.415432 -2.719776
v 0.698041 0.598620 -2.707243
v 0.668069 0.528198 -2.741307
v 0.832080 0.815767 -2.733502
v 0.805936 0.701577 -2.672735
v 0.919957 0.900042 -2.725029
v 0.919957 0.900042 -2.725029
v 0.805936 0.701577 -2.672735
v 1.056147 0.977396 -2.669402
v 1.056147 0.977396 -2.669402
v 0.990959 0.951171 -2.707255
v 0.919957 0.900042 -2.725029
v 1.115647 1.098773 -2.689822
v 1.062965 1.065745 -2.753968
v 0.990959 0.951171 -2.707255
v 1.138721 1.058337 -2.733730
v 1.115647 1.098773 -2.689822
v 1.169577 1.107679 -2.667062
v 1.239147 1.099634 -2.771188
v 1.237576 1.179346 -2.686607
v 1.291680 1.288163 -2.611546
v 2.251239 0.958989 -2.701924
v 2.218990 1.038039 -2.752084
v 2.059214 1.276483 -2.732502
v 2.529981 0.578394 -2.638144
v 2.500903 0.568613 -2.733836
v 2.415802 0.718294 -2.738437
v 2.529981 0.578394 -2.638144
v 2.621782 0.439682 -2.766739
v 2.500903 0.568613 -2.733836
v 2.858010 0.278322 -2.762727
v 2.621782 0.439682 -2.766739
v 3.061257 0.204090 -2.594560
v 3.284744 0.083415 -2.627391
v 3.512753 -0.000179 -2.740616
v 3.090608 0.159621 -2.759895
v -0.935169 0.141022 -2.699871
v -1.034607 0.065734 -2.839159
v -1.205939 0.011081 -2.691493
v -1.034607 0.065734 -2.839159
v -0.935169 0.141022 -2.699871
v -0.759413 0.231803 -2.717730
v -0.514627 0.356257 -2.666006
v -0.440864 0.426985 -2.711751
v -0.593730 0.291975 -2.793118
v -0.418481 0.445670 -2.666850
v -0.394951 0.344475 -2.803175
v -0.440864 0.426985 -2.711751
v -0.394951 0.344475 -2.803175
v -0.418481 0.445670 -2.666850
v -0.342420 0.448285 -2.734900
v -0.204282 0.406003 -2.775023
v -0.194570 0.491978 -2.659041
v -0.114385 0.450625 -2.679707
v -0.114385 0.450625 -2.679707
v -0.116388 0.333456 -2.812661
v -0.204282 0.406003 -2.775023
v -0.114385 0.450625 -2.679707
v -0.067661 0.357439 -2.771616
v -0.116388 0.333456 -2.812661
v -0.067661 0.357439 -2.771616
v -0.114385 0.450625 -2.679707
v 0.036186 0.314222 -2.682642
v 0.034196 0.269079 -2.765423
v -0.067661 0.357439 -2.771616
v 0.036186 0.314222 -2.682642
v 0.034196 0.269079 -2.765423
v 0.036186 0.314222 -2.682642
v 0.073614 0.287682 -2.685804
v 0.414059 0.257466 -2.828486
v 0.448024 0.346526 -2.686428
v 0.566641 0.415432 -2.719776
v 0.668069 0.528198 -2.741307
v 0.698041 0.598620 -2.707243
v 0.756129 0.709548 -2.731330
v 0.990959 0.951171 -2.707255
v 0.974319 1.013432 -2.789476
v 0.919957 0.900042 -2.725029
v 0.974319 1.013432 -2.789476
v 0.990959 0.951171 -2.707255
v 1.062965 1.065745 -2.753968
v 1.062965 1.065745 -2.753968
v 1.115647 1.098773 -2.689822
v 1.138721 1.058337 -2.733730
v 1.138721 1.058337 -2.733730
v 1.115118 0.969046 -2.861319
v 1.062965 1.065745 -2.753968
v 1.138721 1.058337 -2.733730
v 1.169577 1.107679 -2.667062
v 1.239147 1.099634 -2.771188
v 1.291680 1.288163 -2.611546
v 1.383439 1.331969 -2.690887
v 1.365825 1.210650 -2.806435
v 1.365825 1.210650 -2.806435
v 1.383439 1.331969 -2.690887
v 1.466088 1.421483 -2.691302
v 1.677141 1.496639 -2.820252
v 1.699640 1.645621 -2.673068
v 1.748886 1.640391 -2.648273
v 2.218990 1.038039 -2.752084
v 2.251239 0.958989 -2.701924
v 2.295509 0.937836 -2.752478
v 3.061257 0.204090 -2.594560
v 3.090608 0.159621 -2.759895
v 2.858010 0.278322 -2.762727
v 3.090608 0.159621 -2.759895
v 3.512753 -0.000179 -2.740616
v 3.399544 0.047504 -2.784200
v -1.205939 0.011081 -2.691493
v -1.149644 0.001546 -2.899485
v -1.272400 -0.002710 -2.662364
v -0.759413 0.231803 -2.717730
v -0.907957 0.121172 -2.809618
v -1.034607 0.065734 -2.839159
v -0.759413 0.231803 -2.717730
v -0.701518 0.247022 -2.719622
v -0.721425 0.192578 -2.832362
v -0.342420 0.448285 -2.734900
v -0.320727 0.406459 -2.804947
v -0.394951 0.344475 -2.803175
v -0.320727 0.406459 -2.804947
v -0.342420 0.448285 -2.734900
v -0.278828 0.473823 -2.762321
v 0.821094 0.774924 -2.796757
v 0.756129 0.709548 -2.731330
v 0.832080 0.815767 -2.733502
v 0.919957 0.900042 -2.725029
v 0.919569 0.930611 -2.788692
v 0.832080 0.815767 -2.733502
v 0.919957 0.900042 -2.725029
v 0.974319 1.013432 -2.789476
v 0.919569 0.930611 -2.788692
v 1.063156 1.056473 -2.786605
v 1.062965 1.065745 -2.753968
v 1.115118 0.969046 -2.861319
v 1.521362 1.436329 -2.704429
v 1.494096 1.157966 -2.885833
v 1.466088 1.421483 -2.691302
v 1.494096 1.157966 -2.885833
v 1.521362 1.436329 -2.704429
v 1.556711 1.379215 -2.800075
v 1.570817 1.486484 -2.726038
v 1.556711 1.379215 -2.800075
v 1.521362 1.436329 -2.704429
v 1.556711 1.379215 -2.800075
v 1.570817 1.486484 -2.726038
v 1.626023 1.562250 -2.732336
v 1.748886 1.640391 -2.648273
v 1.758588 1.411363 -2.817840
v 1.677141 1.496639 -2.820252
v 2.038977 1.270256 -2.816130
v 1.943198 1.434392 -2.765939
v 2.059214 1.276483 -2.732502
v 2.059214 1.276483 -2.732502
v 2.087112 1.206263 -2.842073
v 2.038977 1.270256 -2.816130
v 2.218990 1.038039 -2.752084
v 2.087112 1.206263 -2.842073
v 2.059214 1.276483 -2.732502
v 2.295509 0.937836 -2.752478
v 2.304472 0.894584 -2.792714
v 2.218990 1.038039 -2.752084
v 2.295509 0.937836 -2.752478
v 2.415802 0.718294 -2.738437
v 2.304472 0.894584 -2.792714
v 3.094275 0.163010 -2.815688
v 3.090608 0.159621 -2.759895
v 3.303437 0.079097 -2.786582
v 3.303437 0.079097 -2.786582
v 3.090608 0.159621 -2.759895
v 3.399544 0.047504 -2.784200
v -0.701518 0.247022 -2.719622
v -0.607068 0.264973 -2.833744
v -0.721425 0.192578 -2.832362
v -0.593730 0.291975 -2.793118
v -0.607068 0.264973 -2.833744
v -0.701518 0.247022 -2.719622
v -0.440864 0.426985 -2.711751
v -0.465228 0.333261 -2.824969
v -0.593730 0.291975 -2.793118
v -0.465228 0.333261 -2.824969
v -0.440864 0.426985 -2.711751
v -0.394951 0.344475 -2.803175
v -0.007137 0.231835 -2.876077
v -0.067661 0.357439 -2.771616
v 0.034196 0.269079 -2.765423
v 0.160363 0.128815 -3.162194
v 0.325730 0.402606 -2.386629
v 0.296073 0.292871 -2.687232
v 0.474430 0.278129 -2.851100
v 0.414059 0.257466 -2.828486
v 0.566641 0.415432 -2.719776
v 0.474430 0.278129 -2.851100
v 0.566641 0.415432 -2.719776
v 0.604951 0.435571 -2.820153
v 0.668069 0.528198 -2.741307
v 0.604951 0.435571 -2.820153
v 0.566641 0.415432 -2.719776
v 0.668069 0.528198 -2.741307
v 0.756129 0.709548 -2.731330
v 0.821094 0.774924 -2.796757
v 0.821094 0.774924 -2.796757
v 0.832080 0.815767 -2.733502
v 0.919569 0.930611 -2.788692
v 0.919569 0.930611 -2.788692
v 0.974319 1.013432 -2.789476
v 0.962776 1.003022 -2.827898
v 1.062965 1.065745 -2.753968
v 1.021448 1.006572 -2.827627
v 0.974319 1.013432 -2.789476
v 1.063156 1.056473 -2.786605
v 1.021448 1.006572 -2.827627
v 1.062965 1.065745 -2.753968
v 1.239147 1.099634 -2.771188
v 1.291680 1.288163 -2.611546
v 1.365825 1.210650 -2.806435
v 2.500903 0.568613 -2.733836
v 2.495606 0.597422 -2.848864
v 2.415802 0.718294 -2.738437
v 2.595623 0.452231 -2.858369
v 2.500903 0.568613 -2.733836
v 2.621782 0.439682 -2.766739
v 2.621782 0.439682 -2.766739
v 2.709095 0.317667 -2.877307
v 2.595623 0.452231 -2.858369
v 2.709095 0.317667 -2.877307
v 2.621782 0.439682 -2.766739
v 2.858010 0.278322 -2.762727
v 3.090608 0.159621 -2.759895
v 3.094275 0.163010 -2.815688
v 2.858010 0.278322 -2.762727
v 3.303437 0.079097 -2.786582
v 3.144593 0.162271 -2.831374
v 3.094275 0.163010 -2.815688
v 3.144593 0.162271 -2.831374
v 3.303437 0.079097 -2.786582
v 3.229486 0.127864 -2.833501
v -1.149644 0.001546 -2.899485
v -1.205939 0.011081 -2.691493
v -1.034607 0.065734 -2.839159
v -0.759413 0.231803 -2.717730
v -0.874996 0.100406 -2.926783
v -0.907957 0.121172 -2.809618
v -0.874996 0.100406 -2.926783
v -0.759413 0.231803 -2.717730
v -0.721425 0.192578 -2.832362
v -0.607068 0.264973 -2.833744
v -0.666656 0.242999 -2.869482
v -0.721425 0.192578 -2.832362
v -0.607068 0.264973 -2.833744
v -0.593730 0.291975 -2.793118
v -0.533478 0.305638 -2.848878
v -0.533478 0.305638 -2.848878
v -0.593730 0.291975 -2.793118
v -0.465228 0.333261 -2.824969
v -0.320727 0.406459 -2.804947
v -0.329654 0.378491 -2.840294
v -0.394951 0.344475 -2.803175
v -0.278828 0.473823 -2.762321
v -0.230373 0.296407 -2.909849
v -0.320727 0.406459 -2.804947
v -0.230373 0.296407 -2.909849
v -0.278828 0.473823 -2.762321
v -0.204282 0.406003 -2.775023
v -0.116388 0.333456 -2.812661
v -0.067661 0.357439 -2.771616
v -0.007137 0.231835 -2.876077
v 0.604951 0.435571 -2.820153
v 0.692951 0.581469 -2.848608
v 0.636916 0.517217 -2.853394
v 0.692951 0.581469 -2.848608
v 0.604951 0.435571 -2.820153
v 0.668069 0.528198 -2.741307
v 0.692951 0.581469 -2.848608
v 0.668069 0.528198 -2.741307
v 0.821094 0.774924 -2.796757
v 0.919569 0.930611 -2.788692
v 0.899533 0.875541 -2.849368
v 0.821094 0.774924 -2.796757
v 0.899533 0.875541 -2.849368
v 0.919569 0.930611 -2.788692
v 0.962776 1.003022 -2.827898
v 0.962776 1.003022 -2.827898
v 0.974319 1.013432 -2.789476
v 1.021448 1.006572 -2.827627
v 1.138721 1.058337 -2.733730
v 1.169091 0.878928 -2.962725
v 1.115118 0.969046 -2.861319
v 1.169091 0.878928 -2.962725
v 1.138721 1.058337 -2.733730
v 1.239147 1.099634 -2.771188
v 1.306964 1.118249 -2.851278
v 1.239147 1.099634 -2.771188
v 1.365825 1.210650 -2.806435
v 1.717635 1.433372 -2.864922
v 1.677141 1.496639 -2.820252
v 1.758588 1.411363 -2.817840
v 2.205882 1.015857 -2.847867
v 2.087112 1.206263 -2.842073
v 2.218990 1.038039 -2.752084
v 2.205882 1.015857 -2.847867
v 2.218990 1.038039 -2.752084
v 2.304472 0.894584 -2.792714
v 2.205882 1.015857 -2.847867
v 2.304472 0.894584 -2.792714
v 2.285117 0.920459 -2.842242
v 2.285117 0.920459 -2.842242
v 2.304472 0.894584 -2.792714
v 2.415802 0.718294 -2.738437
v 2.415802 0.718294 -2.738437
v 2.495606 0.597422 -2.848864
v 2.285117 0.920459 -2.842242
v 2.595623 0.452231 -2.858369
v 2.495606 0.597422 -2.848864
v 2.500903 0.568613 -2.733836
v 3.303437 0.079097 -2.786582
v 3.287224 0.149920 -2.845509
v 3.229486 0.127864 -2.833501
v 3.287224 0.149920 -2.845509
v 3.303437 0.079097 -2.786582
v 3.331357 0.132542 -2.860182
v 3.331357 0.132542 -2.860182
v 3.303437 0.079097 -2.786582
v 3.399544 0.047504 -2.784200
v 3.399544 0.047504 -2.784200
v 3.370317 0.124014 -2.848335
v 3.331357 0.132542 -2.860182
v 3.512753 -0.000179 -2.740616
v 3.486837 -0.001021 -2.851297
v 3.399544 0.047504 -2.784200
v -1.087867 0.000779 -2.919878
v -1.034607 0.065734 -2.839159
v -0.907957 0.121172 -2.809618
v -0.007137 0.231835 -2.876077
v 0.034196 0.269079 -2.765423
v 0.073614 0.287682 -2.685804
v 0.160363 0.128815 -3.162194
v 0.296073 0.292871 -2.687232
v 0.414059 0.257466 -2.828486
v 0.604951 0.435571 -2.820153
v 0.636916 0.517217 -2.853394
v 0.474430 0.278129 -2.851100
v 0.821094 0.774924 -2.796757
v 0.826043 0.752020 -2.870514
v 0.692951 0.581469 -2.848608
v 0.826043 0.752020 -2.870514
v 0.821094 0.774924 -2.796757
v 0.899533 0.875541 -2.849368
v 1.239147 1.099634 -2.771188
v 1.236752 0.962619 -2.893603
v 1.169091 0.878928 -2.962725
v 1.236752 0.962619 -2.893603
v 1.239147 1.099634 -2.771188
v 1.306964 1.118249 -2.851278
v 1.365825 1.210650 -2.806435
v 1.466088 1.421483 -2.691302
v 1.494096 1.157966 -2.885833
v 1.978907 1.135719 -2.951472
v 1.943198 1.434392 -2.765939
v 2.038977 1.270256 -2.816130
v 3.370317 0.124014 -2.848335
v 3.399544 0.047504 -2.784200
v 3.486837 -0.001021 -2.851297
v -0.666656 0.242999 -2.869482
v -0.729436 0.172620 -2.953294
v -0.721425 0.192578 -2.832362
v -0.465228 0.333261 -2.824969
v -0.510823 0.249546 -2.930974
v -0.533478 0.305638 -2.848878
v -0.394951 0.344475 -2.803175
v -0.402085 0.256352 -2.914352
v -0.465228 0.333261 -2.824969
v -0.402085 0.256352 -2.914352
v -0.394951 0.344475 -2.803175
v -0.329654 0.378491 -2.840294
v -0.204282 0.406003 -2.775023
v -0.116388 0.333456 -2.812661
v -0.230373 0.296407 -2.909849
v 0.325730 0.402606 -2.386629
v 0.160363 0.128815 -3.162194
v 0.073614 0.287682 -2.685804
v 1.494096 1.157966 -2.885833
v 1.469283 1.082591 -2.937560
v 1.365825 1.210650 -2.806435
v 1.556711 1.379215 -2.800075
v 1.634638 1.360902 -2.924432
v 1.494096 1.157966 -2.885833
v 2.087112 1.206263 -2.842073
v 2.073609 1.117809 -2.909469
v 2.038977 1.270256 -2.816130
v 2.344898 0.808663 -2.899966
v 2.285117 0.920459 -2.842242
v 2.495606 0.597422 -2.848864
v 3.196164 0.160184 -2.924605
v 3.229486 0.127864 -2.833501
v 3.287224 0.149920 -2.845509
v 3.287224 0.149920 -2.845509
v 3.335688 0.146961 -2.914504
v 3.196164 0.160184 -2.924605
v 3.335688 0.146961 -2.914504
v 3.287224 0.149920 -2.845509
v 3.331357 0.132542 -2.860182
v 3.486837 -0.001021 -2.851297
v 3.446481 0.071646 -2.894029
v 3.370317 0.124014 -2.848335
v 3.446481 0.071646 -2.894029
v 3.486837 -0.001021 -2.851297
v 3.498009 -0.000119 -2.906995
v -1.034607 0.065734 -2.839159
v -1.087867 0.000779 -2.919878
v -1.149644 0.001546 -2.899485
v -0.907957 0.121172 -2.809618
v -0.874996 0.100406 -2.926783
v -1.087867 0.000779 -2.919878
v -0.666656 0.242999 -2.869482
v -0.607068 0.264973 -2.833744
v -0.605434 0.192636 -2.946313
v -0.605434 0.192636 -2.946313
v -0.607068 0.264973 -2.833744
v -0.510823 0.249546 -2.930974
v -0.533478 0.305638 -2.848878
v -0.510823 0.249546 -2.930974
v -0.607068 0.264973 -2.833744
v -0.320727 0.406459 -2.804947
v -0.299590 0.259072 -2.947614
v -0.329654 0.378491 -2.840294
v -0.299590 0.259072 -2.947614
v -0.320727 0.406459 -2.804947
v -0.230373 0.296407 -2.909849
v 0.474430 0.278129 -2.851100
v 0.467789 0.197504 -2.976703
v 0.414059 0.257466 -2.828486
v 0.820542 0.728895 -2.910408
v 0.826043 0.752020 -2.870514
v 0.876381 0.751285 -2.909510
v 0.899533 0.875541 -2.849368
v 0.876381 0.751285 -2.909510
v 0.826043 0.752020 -2.870514
v 0.957348 0.839038 -2.931546
v 0.899533 0.875541 -2.849368
v 0.962776 1.003022 -2.827898
v 1.021448 1.006572 -2.827627
v 0.957348 0.839038 -2.931546
v 0.962776 1.003022 -2.827898
v 0.957348 0.839038 -2.931546
v 1.021448 1.006572 -2.827627
v 1.020994 0.891630 -2.941801
v 1.063156 1.056473 -2.786605
v 1.115118 0.969046 -2.861319
v 1.021448 1.006572 -2.827627
v 1.306964 1.118249 -2.851278
v 1.318368 1.004561 -2.918905
v 1.236752 0.962619 -2.893603
v 1.365825 1.210650 -2.806435
v 1.318368 1.004561 -2.918905
v 1.306964 1.118249 -2.851278
v 1.318368 1.004561 -2.918905
v 1.365825 1.210650 -2.806435
v 1.449150 1.014896 -2.985217
v 1.365825 1.210650 -2.806435
v 1.469283 1.082591 -2.937560
v 1.449150 1.014896 -2.985217
v 1.758588 1.411363 -2.817840
v 1.773430 1.205445 -2.970829
v 1.717635 1.433372 -2.864922
v 1.773430 1.205445 -2.970829
v 1.758588 1.411363 -2.817840
v 1.808252 1.488486 -2.750162
v 2.073609 1.117809 -2.909469
v 2.087112 1.206263 -2.842073
v 2.205882 1.015857 -2.847867
v 2.205882 1.015857 -2.847867
v 2.204008 0.898538 -2.955859
v 2.118806 0.997388 -2.943282
v 2.430531 0.606612 -2.962831
v 2.495606 0.597422 -2.848864
v 2.595623 0.452231 -2.858369
v 2.709095 0.317667 -2.877307
v 2.728586 0.252864 -2.949073
v 2.595623 0.452231 -2.858369
v 2.709095 0.317667 -2.877307
v 2.818892 0.214724 -2.953120
v 2.728586 0.252864 -2.949073
v 2.818892 0.214724 -2.953120
v 2.709095 0.317667 -2.877307
v 2.858010 0.278322 -2.762727
v 3.144593 0.162271 -2.831374
v 3.127703 0.107964 -2.964887
v 3.094275 0.163010 -2.815688
v 3.127703 0.107964 -2.964887
v 3.144593 0.162271 -2.831374
v 3.196164 0.160184 -2.924605
v 3.196164 0.160184 -2.924605
v 3.144593 0.162271 -2.831374
v 3.229486 0.127864 -2.833501
v 3.370317 0.124014 -2.848335
v 3.335688 0.146961 -2.914504
v 3.331357 0.132542 -2.860182
v 3.335688 0.146961 -2.914504
v 3.370317 0.124014 -2.848335
v 3.446481 0.071646 -2.894029
v -0.874996 0.100406 -2.926783
v -0.721425 0.192578 -2.832362
v -0.801120 0.053249 -3.071809
v -0.465228 0.333261 -2.824969
v -0.402085 0.256352 -2.914352
v -0.510823 0.249546 -2.930974
v -0.402085 0.256352 -2.914352
v -0.329654 0.378491 -2.840294
v -0.299590 0.259072 -2.947614
v -0.007137 0.231835 -2.876077
v -0.079011 0.218786 -2.989757
v -0.116388 0.333456 -2.812661
v 0.414059 0.257466 -2.828486
v 0.246472 0.162640 -3.084748
v 0.160363 0.128815 -3.162194
v 0.636916 0.517217 -2.853394
v 0.628622 0.377894 -2.958718
v 0.474430 0.278129 -2.851100
v 0.692951 0.581469 -2.848608
v 0.628622 0.377894 -2.958718
v 0.636916 0.517217 -2.853394
v 0.826043 0.752020 -2.870514
v 0.820542 0.728895 -2.910408
v 0.692951 0.581469 -2.848608
v 0.876381 0.751285 -2.909510
v 0.899533 0.875541 -2.849368
v 0.957348 0.839038 -2.931546
v 1.021448 1.006572 -2.827627
v 1.075208 0.789874 -3.015784
v 1.020994 0.891630 -2.941801
v 1.075208 0.789874 -3.015784
v 1.021448 1.006572 -2.827627
v 1.115118 0.969046 -2.861319
v 2.038977 1.270256 -2.816130
v 2.044840 1.021374 -2.967485
v 1.978907 1.135719 -2.951472
v 2.044840 1.021374 -2.967485
v 2.038977 1.270256 -2.816130
v 2.073609 1.117809 -2.909469
v 2.205882 1.015857 -2.847867
v 2.118806 0.997388 -2.943282
v 2.073609 1.117809 -2.909469
v 2.344898 0.808663 -2.899966
v 2.205882 1.015857 -2.847867
v 2.285117 0.920459 -2.842242
v 2.495606 0.597422 -2.848864
v 2.430531 0.606612 -2.962831
v 2.344898 0.808663 -2.899966
v 3.335688 0.146961 -2.914504
v 3.233636 0.159376 -2.942440
v 3.196164 0.160184 -2.924605
v -0.801120 0.053249 -3.071809
v -0.721425 0.192578 -2.832362
v -0.729436 0.172620 -2.953294
v -0.666656 0.242999 -2.869482
v -0.605434 0.192636 -2.946313
v -0.729436 0.172620 -2.953294
v -0.364008 0.196395 -2.993681
v -0.402085 0.256352 -2.914352
v -0.299590 0.259072 -2.947614
v -0.230373 0.296407 -2.909849
v -0.264353 0.256669 -2.987120
v -0.299590 0.259072 -2.947614
v 0.467789 0.197504 -2.976703
v 0.474430 0.278129 -2.851100
v 0.628622 0.377894 -2.958718
v 0.628622 0.377894 -2.958718
v 0.692951 0.581469 -2.848608
v 0.744173 0.504573 -2.994649
v 0.820542 0.728895 -2.910408
v 0.744173 0.504573 -2.994649
v 0.692951 0.581469 -2.848608
v 1.075208 0.789874 -3.015784
v 1.115118 0.969046 -2.861319
v 1.169091 0.878928 -2.962725
v 1.318368 1.004561 -2.918905
v 1.274491 0.814711 -3.040230
v 1.236752 0.962619 -2.893603
v 1.274491 0.814711 -3.040230
v 1.318368 1.004561 -2.918905
v 1.323647 0.930141 -2.993523
v 1.323647 0.930141 -2.993523
v 1.318368 1.004561 -2.918905
v 1.449150 1.014896 -2.985217
v 1.773430 1.205445 -2.970829
v 1.808252 1.488486 -2.750162
v 1.874197 1.238045 -2.912288
v 2.073609 1.117809 -2.909469
v 2.118806 0.997388 -2.943282
v 2.044840 1.021374 -2.967485
v 2.082423 0.916023 -3.018962
v 2.118806 0.997388 -2.943282
v 2.204008 0.898538 -2.955859
v 2.204008 0.898538 -2.955859
v 2.205882 1.015857 -2.847867
v 2.344898 0.808663 -2.899966
v 2.595623 0.452231 -2.858369
v 2.471715 0.445529 -3.065804
v 2.430531 0.606612 -2.962831
v 3.094275 0.163010 -2.815688
v 3.127703 0.107964 -2.964887
v 2.927848 0.079682 -3.128530
v 3.127703 0.107964 -2.964887
v 3.196164 0.160184 -2.924605
v 3.233636 0.159376 -2.942440
v 3.335688 0.146961 -2.914504
v 3.278713 0.098061 -3.054276
v 3.233636 0.159376 -2.942440
v 3.335688 0.146961 -2.914504
v 3.421506 0.062693 -3.001026
v 3.278713 0.098061 -3.054276
v 3.421506 0.062693 -3.001026
v 3.335688 0.146961 -2.914504
v 3.446481 0.071646 -2.894029
v 3.498009 -0.000119 -2.906995
v 3.495760 0.002044 -3.020459
v 3.446481 0.071646 -2.894029
v -0.510823 0.249546 -2.930974
v -0.558438 0.220515 -2.981781
v -0.605434 0.192636 -2.946313
v -0.137176 0.113146 -3.124696
v -0.230373 0.296407 -2.909849
v -0.116388 0.333456 -2.812661
v -0.023374 0.169158 -3.009786
v -0.079011 0.218786 -2.989757
v -0.007137 0.231835 -2.876077
v 0.073614 0.287682 -2.685804
v -0.023374 0.169158 -3.009786
v -0.007137 0.231835 -2.876077
v 0.467789 0.197504 -2.976703
v 0.447601 0.146585 -3.131476
v 0.414059 0.257466 -2.828486
v 0.820542 0.728895 -2.910408
v 0.826988 0.563005 -3.023912
v 0.744173 0.504573 -2.994649
v 0.876381 0.751285 -2.909510
v 0.826988 0.563005 -3.023912
v 0.820542 0.728895 -2.910408
v 1.002847 0.813772 -3.019404
v 1.020994 0.891630 -2.941801
v 1.075208 0.789874 -3.015784
v 1.136505 0.747411 -3.087190
v 1.169091 0.878928 -2.962725
v 1.236752 0.962619 -2.893603
v 2.026243 1.029754 -3.010019
v 1.978907 1.135719 -2.951472
v 2.044840 1.021374 -2.967485
v 2.118806 0.997388 -2.943282
v 2.082423 0.916023 -3.018962
v 2.044840 1.021374 -2.967485
v 2.204008 0.898538 -2.955859
v 2.138052 0.800945 -3.056880
v 2.082423 0.916023 -3.018962
v 2.344898 0.808663 -2.899966
v 2.299351 0.719565 -3.020453
v 2.204008 0.898538 -2.955859
v 2.299351 0.719565 -3.020453
v 2.344898 0.808663 -2.899966
v 2.430531 0.606612 -2.962831
v 2.471715 0.445529 -3.065804
v 2.595623 0.452231 -2.858369
v 2.728586 0.252864 -2.949073
v 2.858010 0.278322 -2.762727
v 2.927848 0.079682 -3.128530
v 2.818892 0.214724 -2.953120
v 2.927848 0.079682 -3.128530
v 2.858010 0.278322 -2.762727
v 3.094275 0.163010 -2.815688
v 3.421506 0.062693 -3.001026
v 3.446481 0.071646 -2.894029
v 3.495760 0.002044 -3.020459
v -0.641963 0.120535 -3.056841
v -0.729436 0.172620 -2.953294
v -0.605434 0.192636 -2.946313
v -0.402085 0.256352 -2.914352
v -0.364008 0.196395 -2.993681
v -0.510823 0.249546 -2.930974
v -0.299590 0.259072 -2.947614
v -0.264353 0.256669 -2.987120
v -0.364008 0.196395 -2.993681
v -0.137176 0.113146 -3.124696
v -0.116388 0.333456 -2.812661
v -0.079011 0.218786 -2.989757
v -0.023374 0.169158 -3.009786
v 0.073614 0.287682 -2.685804
v 0.160363 0.128815 -3.162194
v 0.414059 0.257466 -2.828486
v 0.447601 0.146585 -3.131476
v 0.246472 0.162640 -3.084748
v 0.467789 0.197504 -2.976703
v 0.628622 0.377894 -2.958718
v 0.608405 0.281100 -3.050717
v 0.608405 0.281100 -3.050717
v 0.628622 0.377894 -2.958718
v 0.744173 0.504573 -2.994649
v 0.876381 0.751285 -2.909510
v 0.946160 0.712248 -3.056395
v 0.826988 0.563005 -3.023912
v 0.957348 0.839038 -2.931546
v 0.946160 0.712248 -3.056395
v 0.876381 0.751285 -2.909510
v 0.946160 0.712248 -3.056395
v 0.957348 0.839038 -2.931546
v 1.002847 0.813772 -3.019404
v 1.020994 0.891630 -2.941801
v 1.002847 0.813772 -3.019404
v 0.957348 0.839038 -2.931546
v 1.169091 0.878928 -2.962725
v 1.136505 0.747411 -3.087190
v 1.075208 0.789874 -3.015784
v 1.236752 0.962619 -2.893603
v 1.274491 0.814711 -3.040230
v 1.136505 0.747411 -3.087190
v 1.773430 1.205445 -2.970829
v 1.693980 1.157231 -3.060748
v 1.717635 1.433372 -2.864922
v 2.044840 1.021374 -2.967485
v 2.082423 0.916023 -3.018962
v 2.026243 1.029754 -3.010019
v -0.981628 -0.000761 -3.065282
v -1.087867 0.000779 -2.919878
v -0.874996 0.100406 -2.926783
v -0.264353 0.256669 -2.987120
v -0.269379 0.210375 -3.036889
v -0.364008 0.196395 -2.993681
v -0.137176 0.113146 -3.124696
v -0.079011 0.218786 -2.989757
v -0.061580 0.139604 -3.064698
v -0.061580 0.139604 -3.064698
v -0.079011 0.218786 -2.989757
v -0.023374 0.169158 -3.009786
v 0.744173 0.504573 -2.994649
v 0.703674 0.387413 -3.077323
v 0.608405 0.281100 -3.050717
v 1.002847 0.813772 -3.019404
v 0.997348 0.730182 -3.070821
v 0.946160 0.712248 -3.056395
v 1.274491 0.814711 -3.040230
v 1.323647 0.930141 -2.993523
v 1.449150 1.014896 -2.985217
v 1.693980 1.157231 -3.060748
v 1.668055 1.329991 -2.958314
v 1.717635 1.433372 -2.864922
v 1.886935 0.883268 -3.163286
v 1.773430 1.205445 -2.970829
v 1.874197 1.238045 -2.912288
v 2.783167 0.158509 -3.069507
v 2.728586 0.252864 -2.949073
v 2.818892 0.214724 -2.953120
v 3.454443 0.029948 -3.073152
v 3.421506 0.062693 -3.001026
v 3.495760 0.002044 -3.020459
v -0.801120 0.053249 -3.071809
v -0.729436 0.172620 -2.953294
v -0.641963 0.120535 -3.056841
v -0.605434 0.192636 -2.946313
v -0.558438 0.220515 -2.981781
v -0.641963 0.120535 -3.056841
v -0.577352 0.128537 -3.118018
v -0.558438 0.220515 -2.981781
v -0.510823 0.249546 -2.930974
v -0.269379 0.210375 -3.036889
v -0.264353 0.256669 -2.987120
v -0.230373 0.296407 -2.909849
v -0.230373 0.296407 -2.909849
v -0.253268 0.072462 -3.174171
v -0.269379 0.210375 -3.036889
v -0.230373 0.296407 -2.909849
v -0.137176 0.113146 -3.124696
v -0.253268 0.072462 -3.174171
v 0.467789 0.197504 -2.976703
v 0.608405 0.281100 -3.050717
v 0.447601 0.146585 -3.131476
v 0.703674 0.387413 -3.077323
v 0.744173 0.504573 -2.994649
v 0.826988 0.563005 -3.023912
v 1.075208 0.789874 -3.015784
v 1.009936 0.684541 -3.098692
v 1.002847 0.813772 -3.019404
v 1.274491 0.814711 -3.040230
v 1.224230 0.719148 -3.128566
v 1.136505 0.747411 -3.087190
v 1.274491 0.814711 -3.040230
v 1.449150 1.014896 -2.985217
v 1.401130 0.926259 -3.053185
v 1.773430 1.205445 -2.970829
v 1.758644 1.047523 -3.080462
v 1.693980 1.157231 -3.060748
v 2.067931 0.903593 -3.081860
v 2.026243 1.029754 -3.010019
v 2.082423 0.916023 -3.018962
v 2.138052 0.800945 -3.056880
v 2.204008 0.898538 -2.955859
v 2.299351 0.719565 -3.020453
v 2.299351 0.719565 -3.020453
v 2.249849 0.701492 -3.073096
v 2.138052 0.800945 -3.056880
v 2.583213 0.304115 -3.120072
v 2.471715 0.445529 -3.065804
v 2.728586 0.252864 -2.949073
v 2.818892 0.214724 -2.953120
v 2.927848 0.079682 -3.128530
v 2.783167 0.158509 -3.069507
v 3.421506 0.062693 -3.001026
v 3.454443 0.029948 -3.073152
v 3.434714 0.005639 -3.133173
v -0.874996 0.100406 -2.926783
v -0.837504 -0.000763 -3.147707
v -0.981628 -0.000761 -3.065282
v -0.801120 0.053249 -3.071809
v -0.641963 0.120535 -3.056841
v -0.780137 0.003694 -3.213084
v -0.558438 0.220515 -2.981781
v -0.577352 0.128537 -3.118018
v -0.641963 0.120535 -3.056841
v -0.482470 0.064200 -3.182683
v -0.510823 0.249546 -2.930974
v -0.364008 0.196395 -2.993681
v 0.946160 0.712248 -3.056395
v 0.866361 0.523564 -3.115709
v 0.826988 0.563005 -3.023912
v 0.997348 0.730182 -3.070821
v 1.009936 0.684541 -3.098692
v 0.946160 0.712248 -3.056395
v 1.002847 0.813772 -3.019404
v 1.009936 0.684541 -3.098692
v 0.997348 0.730182 -3.070821
v 1.886935 0.883268 -3.163286
v 1.874197 1.238045 -2.912288
v 1.951311 0.810444 -3.171409
v 2.067931 0.903593 -3.081860
v 2.082423 0.916023 -3.018962
v 2.138052 0.800945 -3.056880
v 2.309587 0.528307 -3.131642
v 2.138052 0.800945 -3.056880
v 2.249849 0.701492 -3.073096
v 2.299351 0.719565 -3.020453
v 2.338104 0.553205 -3.111589
v 2.249849 0.701492 -3.073096
v 2.338104 0.553205 -3.111589
v 2.299351 0.719565 -3.020453
v 2.430531 0.606612 -2.962831
v 2.430531 0.606612 -2.962831
v 2.471715 0.445529 -3.065804
v 2.338104 0.553205 -3.111589
v 2.583213 0.304115 -3.120072
v 2.728586 0.252864 -2.949073
v 2.783167 0.158509 -3.069507
v 3.495760 0.002044 -3.020459
v 3.510891 -0.000947 -3.085645
v 3.454443 0.029948 -3.073152
v -0.801120 0.053249 -3.071809
v -0.837504 -0.000763 -3.147707
v -0.874996 0.100406 -2.926783
v -0.269379 0.210375 -3.036889
v -0.327681 0.059125 -3.201630
v -0.364008 0.196395 -2.993681
v 0.608405 0.281100 -3.050717
v 0.703674 0.387413 -3.077323
v 0.539564 0.234499 -3.144559
v 0.703674 0.387413 -3.077323
v 0.826988 0.563005 -3.023912
v 0.866361 0.523564 -3.115709
v 0.946160 0.712248 -3.056395
v 0.925052 0.574541 -3.161715
v 0.866361 0.523564 -3.115709
v 0.925052 0.574541 -3.161715
v 0.946160 0.712248 -3.056395
v 1.009936 0.684541 -3.098692
v 1.149004 0.605415 -3.240639
v 1.136505 0.747411 -3.087190
v 1.224230 0.719148 -3.128566
v 1.224230 0.719148 -3.128566
v 1.274491 0.814711 -3.040230
v 1.350841 0.821999 -3.124486
v 1.401130 0.926259 -3.053185
v 1.350841 0.821999 -3.124486
v 1.274491 0.814711 -3.040230
v 1.350841 0.821999 -3.124486
v 1.401130 0.926259 -3.053185
v 1.438804 0.974488 -3.121004
v 1.482438 1.073977 -3.085731
v 1.438804 0.974488 -3.121004
v 1.401130 0.926259 -3.053185
v 1.758644 1.047523 -3.080462
v 1.733117 0.979572 -3.166486
v 1.693980 1.157231 -3.060748
v 1.758644 1.047523 -3.080462
v 1.773430 1.205445 -2.970829
v 1.886935 0.883268 -3.163286
v 2.187690 0.652772 -3.146577
v 2.138052 0.800945 -3.056880
v 2.309587 0.528307 -3.131642
v 2.309587 0.528307 -3.131642
v 2.249849 0.701492 -3.073096
v 2.338104 0.553205 -3.111589
v 2.708104 0.176634 -3.219693
v 2.583213 0.304115 -3.120072
v 2.783167 0.158509 -3.069507
v 3.020705 0.001590 -3.264202
v 2.927848 0.079682 -3.128530
v 3.127703 0.107964 -2.964887
v 3.204613 0.007461 -3.189490
v 3.127703 0.107964 -2.964887
v 3.233636 0.159376 -2.942440
v 3.204613 0.007461 -3.189490
v 3.233636 0.159376 -2.942440
v 3.278713 0.098061 -3.054276
v 3.333402 0.001807 -3.176995
v 3.278713 0.098061 -3.054276
v 3.421506 0.062693 -3.001026
v 3.333402 0.001807 -3.176995
v 3.421506 0.062693 -3.001026
v 3.434714 0.005639 -3.133173
v 3.454443 0.029948 -3.073152
v 3.510891 -0.000947 -3.085645
v 3.434714 0.005639 -3.133173
v -0.124369 0.080012 -3.179844
v -0.061580 0.139604 -3.064698
v -0.023374 0.169158 -3.009786
v 0.433640 0.115739 -3.243818
v 0.246472 0.162640 -3.084748
v 0.447601 0.146585 -3.131476
v 0.608405 0.281100 -3.050717
v 0.539564 0.234499 -3.144559
v 0.447601 0.146585 -3.131476
v 0.703674 0.387413 -3.077323
v 0.719693 0.384599 -3.151500
v 0.539564 0.234499 -3.144559
v 0.719693 0.384599 -3.151500
v 0.703674 0.387413 -3.077323
v 0.866361 0.523564 -3.115709
v 2.067931 0.903593 -3.081860
v 2.138052 0.800945 -3.056880
v 2.187690 0.652772 -3.146577
v 2.836227 0.079205 -3.197603
v 2.783167 0.158509 -3.069507
v 2.927848 0.079682 -3.128530
v 3.278713 0.098061 -3.054276
v 3.333402 0.001807 -3.176995
v 3.204613 0.007461 -3.189490
v -0.801120 0.053249 -3.071809
v -0.780137 0.003694 -3.213084
v -0.837504 -0.000763 -3.147707
v -0.654282 0.000143 -3.240761
v -0.780137 0.003694 -3.213084
v -0.641963 0.120535 -3.056841
v -0.510823 0.249546 -2.930974
v -0.482470 0.064200 -3.182683
v -0.577352 0.128537 -3.118018
v -0.269379 0.210375 -3.036889
v -0.253268 0.072462 -3.174171
v -0.327681 0.059125 -3.201630
v -0.137176 0.113146 -3.124696
v -0.124369 0.080012 -3.179844
v -0.253268 0.072462 -3.174171
v -0.061580 0.139604 -3.064698
v -0.124369 0.080012 -3.179844
v -0.137176 0.113146 -3.124696
v -0.124369 0.080012 -3.179844
v -0.023374 0.169158 -3.009786
v 0.160363 0.128815 -3.162194
v 0.866361 0.523564 -3.115709
v 0.801017 0.477024 -3.154653
v 0.719693 0.384599 -3.151500
v 0.801017 0.477024 -3.154653
v 0.866361 0.523564 -3.115709
v 0.925052 0.574541 -3.161715
v 1.009936 0.684541 -3.098692
v 0.986745 0.571503 -3.226658
v 0.925052 0.574541 -3.161715
v 1.438804 0.974488 -3.121004
v 1.433276 0.892352 -3.209857
v 1.350841 0.821999 -3.124486
v 1.482438 1.073977 -3.085731
v 1.433276 0.892352 -3.209857
v 1.438804 0.974488 -3.121004
v 1.433276 0.892352 -3.209857
v 1.482438 1.073977 -3.085731
v 1.538898 1.076077 -3.134789
v 2.062073 0.693524 -3.196241
v 1.951311 0.810444 -3.171409
v 2.067931 0.903593 -3.081860
v 2.338104 0.553205 -3.111589
v 2.359446 0.444862 -3.171412
v 2.309587 0.528307 -3.131642
v 2.359446 0.444862 -3.171412
v 2.338104 0.553205 -3.111589
v 2.471715 0.445529 -3.065804
v 2.471715 0.445529 -3.065804
v 2.479241 0.295384 -3.200137
v 2.359446 0.444862 -3.171412
v 2.479241 0.295384 -3.200137
v 2.471715 0.445529 -3.065804
v 2.583213 0.304115 -3.120072
v 2.783167 0.158509 -3.069507
v 2.836227 0.079205 -3.197603
v 2.708104 0.176634 -3.219693
v 3.351496 -0.001493 -3.204265
v 3.434714 0.005639 -3.133173
v 3.510891 -0.000947 -3.085645
v -0.654282 0.000143 -3.240761
v -0.641963 0.120535 -3.056841
v -0.577352 0.128537 -3.118018
v -0.300186 0.001358 -3.279884
v -0.253268 0.072462 -3.174171
v -0.124369 0.080012 -3.179844
v 0.399686 0.078366 -3.357786
v 0.246472 0.162640 -3.084748
v 0.433640 0.115739 -3.243818
v 0.801017 0.477024 -3.154653
v 0.879189 0.567901 -3.185613
v 0.809004 0.510571 -3.182657
v 0.879189 0.567901 -3.185613
v 0.801017 0.477024 -3.154653
v 0.925052 0.574541 -3.161715
v 0.986745 0.571503 -3.226658
v 1.009936 0.684541 -3.098692
v 1.036336 0.497359 -3.343381
v 1.075208 0.789874 -3.015784
v 1.036336 0.497359 -3.343381
v 1.009936 0.684541 -3.098692
v 1.036336 0.497359 -3.343381
v 1.075208 0.789874 -3.015784
v 1.136505 0.747411 -3.087190
v 1.538898 1.076077 -3.134789
v 1.538038 0.812493 -3.304171
v 1.433276 0.892352 -3.209857
v 2.309587 0.528307 -3.131642
v 2.359446 0.444862 -3.171412
v 2.187690 0.652772 -3.146577
v 3.434714 0.005639 -3.133173
v 3.351496 -0.001493 -3.204265
v 3.333402 0.001807 -3.176995
v -0.523822 0.000322 -3.276794
v -0.577352 0.128537 -3.118018
v -0.482470 0.064200 -3.182683
v 0.433640 0.115739 -3.243818
v 0.447601 0.146585 -3.131476
v 0.539564 0.234499 -3.144559
v 0.563196 0.227043 -3.227802
v 0.539564 0.234499 -3.144559
v 0.719693 0.384599 -3.151500
v 0.813637 0.509334 -3.221419
v 0.809004 0.510571 -3.182657
v 0.879189 0.567901 -3.185613
v 0.883747 0.499464 -3.233016
v 0.879189 0.567901 -3.185613
v 0.925052 0.574541 -3.161715
v 1.136505 0.747411 -3.087190
v 1.149004 0.605415 -3.240639
v 1.036336 0.497359 -3.343381
v 1.149004 0.605415 -3.240639
v 1.224230 0.719148 -3.128566
v 1.261747 0.616290 -3.280987
v 1.350841 0.821999 -3.124486
v 1.261747 0.616290 -3.280987
v 1.224230 0.719148 -3.128566
v 1.733117 0.979572 -3.166486
v 1.758644 1.047523 -3.080462
v 1.789346 0.812344 -3.229521
v 1.758644 1.047523 -3.080462
v 1.886935 0.883268 -3.163286
v 1.789346 0.812344 -3.229521
v 2.067931 0.903593 -3.081860
v 2.187690 0.652772 -3.146577
v 2.169519 0.473150 -3.274613
v 2.479241 0.295384 -3.200137
v 2.366919 0.362417 -3.252742
v 2.359446 0.444862 -3.171412
v 2.772005 0.098256 -3.242725
v 2.708104 0.176634 -3.219693
v 2.836227 0.079205 -3.197603
v 3.127703 0.107964 -2.964887
v 3.204613 0.007461 -3.189490
v 3.020705 0.001590 -3.264202
v 3.351496 -0.001493 -3.204265
v 3.204613 0.007461 -3.189490
v 3.333402 0.001807 -3.176995
v -0.654282 0.000143 -3.240761
v -0.577352 0.128537 -3.118018
v -0.523822 0.000322 -3.276794
v -0.364008 0.196395 -2.993681
v -0.408501 0.009732 -3.286270
v -0.482470 0.064200 -3.182683
v -0.408501 0.009732 -3.286270
v -0.364008 0.196395 -2.993681
v -0.327681 0.059125 -3.201630
v 0.160363 0.128815 -3.162194
v -0.242476 -0.001052 -3.346651
v -0.124369 0.080012 -3.179844
v 0.433640 0.115739 -3.243818
v 0.539564 0.234499 -3.144559
v 0.563196 0.227043 -3.227802
v 0.719693 0.384599 -3.151500
v 0.635999 0.316991 -3.273846
v 0.563196 0.227043 -3.227802
v 0.635999 0.316991 -3.273846
v 0.719693 0.384599 -3.151500
v 0.801017 0.477024 -3.154653
v 0.742014 0.432285 -3.247735
v 0.801017 0.477024 -3.154653
v 0.809004 0.510571 -3.182657
v 0.809004 0.510571 -3.182657
v 0.813637 0.509334 -3.221419
v 0.742014 0.432285 -3.247735
v 0.879189 0.567901 -3.185613
v 0.883747 0.499464 -3.233016
v 0.813637 0.509334 -3.221419
v 0.925052 0.574541 -3.161715
v 0.986745 0.571503 -3.226658
v 0.883747 0.499464 -3.233016
v 1.350841 0.821999 -3.124486
v 1.357599 0.733871 -3.271396
v 1.261747 0.616290 -3.280987
v 1.357599 0.733871 -3.271396
v 1.350841 0.821999 -3.124486
v 1.433276 0.892352 -3.209857
v 1.733117 0.979572 -3.166486
v 1.789346 0.812344 -3.229521
v 1.758940 0.620749 -3.356428
v 1.951311 0.810444 -3.171409
v 1.976575 0.612556 -3.302726
v 1.886935 0.883268 -3.163286
v 2.067931 0.903593 -3.081860
v 2.169519 0.473150 -3.274613
v 2.062073 0.693524 -3.196241
v 2.583213 0.304115 -3.120072
v 2.631408 0.109990 -3.332322
v 2.479241 0.295384 -3.200137
v 2.631408 0.109990 -3.332322
v 2.583213 0.304115 -3.120072
v 2.708104 0.176634 -3.219693
v 2.941943 -0.001338 -3.338128
v 2.927848 0.079682 -3.128530
v 3.020705 0.001590 -3.264202
v -0.523822 0.000322 -3.276794
v -0.482470 0.064200 -3.182683
v -0.408501 0.009732 -3.286270
v -0.300186 0.001358 -3.279884
v -0.327681 0.059125 -3.201630
v -0.253268 0.072462 -3.174171
v -0.242476 -0.001052 -3.346651
v -0.300186 0.001358 -3.279884
v -0.124369 0.080012 -3.179844
v 0.563196 0.227043 -3.227802
v 0.614593 0.272852 -3.306818
v 0.433640 0.115739 -3.243818
v 0.563196 0.227043 -3.227802
v 0.635999 0.316991 -3.273846
v 0.614593 0.272852 -3.306818
v 0.635999 0.316991 -3.273846
v 0.801017 0.477024 -3.154653
v 0.742014 0.432285 -3.247735
v 0.813637 0.509334 -3.221419
v 0.788642 0.424583 -3.266765
v 0.742014 0.432285 -3.247735
v 0.788642 0.424583 -3.266765
v 0.813637 0.509334 -3.221419
v 0.883747 0.499464 -3.233016
v 0.883747 0.499464 -3.233016
v 0.986745 0.571503 -3.226658
v 0.922150 0.507213 -3.297507
v 1.886935 0.883268 -3.163286
v 1.840800 0.524711 -3.435863
v 1.789346 0.812344 -3.229521
v 2.128615 0.489410 -3.303452
v 1.976575 0.612556 -3.302726
v 1.951311 0.810444 -3.171409
v 2.128615 0.489410 -3.303452
v 1.951311 0.810444 -3.171409
v 2.062073 0.693524 -3.196241
v 2.128615 0.489410 -3.303452
v 2.062073 0.693524 -3.196241
v 2.169519 0.473150 -3.274613
v 2.187690 0.652772 -3.146577
v 2.295913 0.300364 -3.359620
v 2.169519 0.473150 -3.274613
v 2.359446 0.444862 -3.171412
v 2.366919 0.362417 -3.252742
v 2.187690 0.652772 -3.146577
v 2.708104 0.176634 -3.219693
v 2.672328 0.137247 -3.283863
v 2.631408 0.109990 -3.332322
v 2.708104 0.176634 -3.219693
v 2.772005 0.098256 -3.242725
v 2.672328 0.137247 -3.283863
v 2.798521 0.010880 -3.362110
v 2.836227 0.079205 -3.197603
v 2.927848 0.079682 -3.128530
v -0.327681 0.059125 -3.201630
v -0.300186 0.001358 -3.279884
v -0.408501 0.009732 -3.286270
v 0.134084 -0.000439 -3.534818
v 0.160363 0.128815 -3.162194
v 0.246472 0.162640 -3.084748
v 0.742014 0.432285 -3.247735
v 0.614593 0.272852 -3.306818
v 0.635999 0.316991 -3.273846
v 0.614593 0.272852 -3.306818
v 0.742014 0.432285 -3.247735
v 0.788642 0.424583 -3.266765
v 1.357599 0.733871 -3.271396
v 1.433276 0.892352 -3.209857
v 1.458260 0.756562 -3.325423
v 1.458260 0.756562 -3.325423
v 1.433276 0.892352 -3.209857
v 1.538038 0.812493 -3.304171
v 1.886935 0.883268 -3.163286
v 1.955283 0.599004 -3.346200
v 1.840800 0.524711 -3.435863
v 1.955283 0.599004 -3.346200
v 1.886935 0.883268 -3.163286
v 1.976575 0.612556 -3.302726
v 2.295913 0.300364 -3.359620
v 2.187690 0.652772 -3.146577
v 2.366919 0.362417 -3.252742
v 2.479241 0.295384 -3.200137
v 2.526295 0.144795 -3.356133
v 2.366919 0.362417 -3.252742
v 2.526295 0.144795 -3.356133
v 2.479241 0.295384 -3.200137
v 2.631408 0.109990 -3.332322
v 2.836227 0.079205 -3.197603
v 2.798521 0.010880 -3.362110
v 2.772005 0.098256 -3.242725
v 2.927848 0.079682 -3.128530
v 2.941943 -0.001338 -3.338128
v 2.798521 0.010880 -3.362110
v -0.523822 0.000322 -3.276794
v -0.408501 0.009732 -3.286270
v -0.300186 0.001358 -3.279884
v 0.986745 0.571503 -3.226658
v 1.036336 0.497359 -3.343381
v 0.922150 0.507213 -3.297507
v 1.357599 0.733871 -3.271396
v 1.294684 0.619708 -3.353929
v 1.261747 0.616290 -3.280987
v 1.294684 0.619708 -3.353929
v 1.357599 0.733871 -3.271396
v 1.390364 0.620401 -3.390682
v 1.390364 0.620401 -3.390682
v 1.357599 0.733871 -3.271396
v 1.458260 0.756562 -3.325423
v 2.772005 0.098256 -3.242725
v 2.798521 0.010880 -3.362110
v 2.672328 0.137247 -3.283863
v 0.614593 0.272852 -3.306818
v 0.649032 0.275941 -3.421843
v 0.433640 0.115739 -3.243818
v 0.788642 0.424583 -3.266765
v 0.761468 0.362386 -3.366591
v 0.614593 0.272852 -3.306818
v 0.761468 0.362386 -3.366591
v 0.788642 0.424583 -3.266765
v 0.922150 0.507213 -3.297507
v 0.883747 0.499464 -3.233016
v 0.922150 0.507213 -3.297507
v 0.788642 0.424583 -3.266765
v 1.269146 0.513305 -3.437902
v 1.261747 0.616290 -3.280987
v 1.294684 0.619708 -3.353929
v 1.608438 1.151662 -3.070686
v 1.583074 0.598167 -3.424019
v 1.538038 0.812493 -3.304171
v 1.583074 0.598167 -3.424019
v 1.608438 1.151662 -3.070686
v 1.733117 0.979572 -3.166486
v 1.789346 0.812344 -3.229521
v 1.840800 0.524711 -3.435863
v 1.758940 0.620749 -3.356428
v 2.366919 0.362417 -3.252742
v 2.400584 0.166455 -3.422589
v 2.295913 0.300364 -3.359620
v 2.366919 0.362417 -3.252742
v 2.526295 0.144795 -3.356133
v 2.400584 0.166455 -3.422589
v -0.075494 -0.001432 -3.442112
v -0.242476 -0.001052 -3.346651
v 0.160363 0.128815 -3.162194
v 0.761468 0.362386 -3.366591
v 0.649032 0.275941 -3.421843
v 0.614593 0.272852 -3.306818
v 0.922150 0.507213 -3.297507
v 0.917878 0.433078 -3.372304
v 0.761468 0.362386 -3.366591
v 1.036336 0.497359 -3.343381
v 1.149004 0.605415 -3.240639
v 1.250814 0.451192 -3.491920
v 1.149004 0.605415 -3.240639
v 1.261747 0.616290 -3.280987
v 1.250814 0.451192 -3.491920
v 1.458260 0.756562 -3.325423
v 1.413718 0.615125 -3.428178
v 1.390364 0.620401 -3.390682
v 1.413718 0.615125 -3.428178
v 1.458260 0.756562 -3.325423
v 1.538038 0.812493 -3.304171
v 1.689492 0.467704 -3.491901
v 1.733117 0.979572 -3.166486
v 1.758940 0.620749 -3.356428
v 1.976575 0.612556 -3.302726
v 2.015059 0.481580 -3.424340
v 1.955283 0.599004 -3.346200
v 1.976575 0.612556 -3.302726
v 2.054842 0.438635 -3.405637
v 2.015059 0.481580 -3.424340
v 2.054842 0.438635 -3.405637
v 1.976575 0.612556 -3.302726
v 2.128615 0.489410 -3.303452
v 2.526295 0.144795 -3.356133
v 2.631408 0.109990 -3.332322
v 2.532182 0.039933 -3.505453
v 2.672328 0.137247 -3.283863
v 2.798521 0.010880 -3.362110
v 2.631408 0.109990 -3.332322
v 0.433640 0.115739 -3.243818
v 0.460928 0.148490 -3.438201
v 0.399686 0.078366 -3.357786
v 0.460928 0.148490 -3.438201
v 0.433640 0.115739 -3.243818
v 0.649032 0.275941 -3.421843
v 0.917878 0.433078 -3.372304
v 0.817352 0.342821 -3.477998
v 0.761468 0.362386 -3.366591
v 0.922150 0.507213 -3.297507
v 0.938865 0.424567 -3.414715
v 0.917878 0.433078 -3.372304
v 1.036336 0.497359 -3.343381
v 0.938865 0.424567 -3.414715
v 0.922150 0.507213 -3.297507
v 1.733117 0.979572 -3.166486
v 1.689492 0.467704 -3.491901
v 1.583074 0.598167 -3.424019
v 1.780281 0.476605 -3.477325
v 1.758940 0.620749 -3.356428
v 1.840800 0.524711 -3.435863
v 1.955283 0.599004 -3.346200
v 2.015059 0.481580 -3.424340
v 1.840800 0.524711 -3.435863
v 2.054842 0.438635 -3.405637
v 2.128615 0.489410 -3.303452
v 2.169519 0.473150 -3.274613
v 2.169519 0.473150 -3.274613
v 2.179158 0.296992 -3.445047
v 2.054842 0.438635 -3.405637
v 2.179158 0.296992 -3.445047
v 2.169519 0.473150 -3.274613
v 2.295913 0.300364 -3.359620
v 0.246472 0.162640 -3.084748
v 0.399686 0.078366 -3.357786
v 0.134084 -0.000439 -3.534818
v 0.380168 0.039886 -3.499147
v 0.399686 0.078366 -3.357786
v 0.460928 0.148490 -3.438201
v 1.269146 0.513305 -3.437902
v 1.250814 0.451192 -3.491920
v 1.261747 0.616290 -3.280987
v 1.269146 0.513305 -3.437902
v 1.294684 0.619708 -3.353929
v 1.390364 0.620401 -3.390682
v 1.538038 0.812493 -3.304171
v 1.583074 0.598167 -3.424019
v 1.465810 0.523682 -3.511371
v 2.526295 0.144795 -3.356133
v 2.532182 0.039933 -3.505453
v 2.400584 0.166455 -3.422589
v 2.761052 0.002226 -3.444361
v 2.631408 0.109990 -3.332322
v 2.798521 0.010880 -3.362110
v -0.075494 -0.001432 -3.442112
v 0.160363 0.128815 -3.162194
v 0.134084 -0.000439 -3.534818
v 0.460928 0.148490 -3.438201
v 0.649032 0.275941 -3.421843
v 0.586497 0.230720 -3.496340
v 2.320431 0.193644 -3.468676
v 2.295913 0.300364 -3.359620
v 2.400584 0.166455 -3.422589
v 2.761052 0.002226 -3.444361
v 2.798521 0.010880 -3.362110
v 2.941943 -0.001338 -3.338128
v 0.647678 0.249776 -3.486600
v 0.649032 0.275941 -3.421843
v 0.817352 0.342821 -3.477998
v 0.761468 0.362386 -3.366591
v 0.817352 0.342821 -3.477998
v 0.649032 0.275941 -3.421843
v 0.817352 0.342821 -3.477998
v 0.917878 0.433078 -3.372304
v 0.907091 0.356403 -3.505920
v 0.938865 0.424567 -3.414715
v 0.907091 0.356403 -3.505920
v 0.917878 0.433078 -3.372304
v 1.036336 0.497359 -3.343381
v 0.907091 0.356403 -3.505920
v 0.938865 0.424567 -3.414715
v 0.907091 0.356403 -3.505920
v 1.036336 0.497359 -3.343381
v 1.154767 0.276210 -3.713728
v 1.154767 0.276210 -3.713728
v 1.036336 0.497359 -3.343381
v 1.250814 0.451192 -3.491920
v 1.390364 0.620401 -3.390682
v 1.250814 0.451192 -3.491920
v 1.269146 0.513305 -3.437902
v 1.538038 0.812493 -3.304171
v 1.465810 0.523682 -3.511371
v 1.413718 0.615125 -3.428178
v 1.758940 0.620749 -3.356428
v 1.780281 0.476605 -3.477325
v 1.689492 0.467704 -3.491901
v 2.295913 0.300364 -3.359620
v 2.320431 0.193644 -3.468676
v 2.179158 0.296992 -3.445047
v 0.586497 0.230720 -3.496340
v 0.649032 0.275941 -3.421843
v 0.647678 0.249776 -3.486600
v 1.390364 0.620401 -3.390682
v 1.413718 0.615125 -3.428178
v 1.250814 0.451192 -3.491920
v 1.414989 0.495878 -3.531297
v 1.413718 0.615125 -3.428178
v 1.465810 0.523682 -3.511371
v 1.554678 0.494138 -3.523874
v 1.465810 0.523682 -3.511371
v 1.583074 0.598167 -3.424019
v 1.554678 0.494138 -3.523874
v 1.583074 0.598167 -3.424019
v 1.689492 0.467704 -3.491901
v 2.015059 0.481580 -3.424340
v 2.005181 0.330727 -3.542199
v 1.840800 0.524711 -3.435863
v 2.005181 0.330727 -3.542199
v 2.054842 0.438635 -3.405637
v 2.179158 0.296992 -3.445047
v 2.400584 0.166455 -3.422589
v 2.532182 0.039933 -3.505453
v 2.320431 0.193644 -3.468676
v 0.586497 0.230720 -3.496340
v 0.525061 0.175759 -3.547953
v 0.460928 0.148490 -3.438201
v 0.613875 0.202903 -3.554027
v 0.586497 0.230720 -3.496340
v 0.647678 0.249776 -3.486600
v 0.817352 0.342821 -3.477998
v 0.811031 0.336738 -3.523973
v 0.647678 0.249776 -3.486600
v 0.811031 0.336738 -3.523973
v 0.817352 0.342821 -3.477998
v 0.907091 0.356403 -3.505920
v 2.005181 0.330727 -3.542199
v 2.015059 0.481580 -3.424340
v 2.054842 0.438635 -3.405637
v 2.320431 0.193644 -3.468676
v 2.281277 0.107204 -3.615306
v 2.179158 0.296992 -3.445047
v 2.631408 0.109990 -3.332322
v 2.607486 -0.000674 -3.542821
v 2.532182 0.039933 -3.505453
v 2.631408 0.109990 -3.332322
v 2.761052 0.002226 -3.444361
v 2.607486 -0.000674 -3.542821
v 0.339496 -0.003159 -3.600624
v 0.399686 0.078366 -3.357786
v 0.380168 0.039886 -3.499147
v 0.380168 0.039886 -3.499147
v 0.460928 0.148490 -3.438201
v 0.525061 0.175759 -3.547953
v 0.613875 0.202903 -3.554027
v 0.647678 0.249776 -3.486600
v 0.746550 0.277919 -3.579295
v 0.811031 0.336738 -3.523973
v 0.746550 0.277919 -3.579295
v 0.647678 0.249776 -3.486600
v 1.413718 0.615125 -3.428178
v 1.269203 0.388440 -3.583288
v 1.250814 0.451192 -3.491920
v 1.269203 0.388440 -3.583288
v 1.413718 0.615125 -3.428178
v 1.414989 0.495878 -3.531297
v 1.689492 0.467704 -3.491901
v 1.665252 0.375182 -3.588857
v 1.554678 0.494138 -3.523874
v 1.665252 0.375182 -3.588857
v 1.689492 0.467704 -3.491901
v 1.780281 0.476605 -3.477325
v 1.868411 0.318410 -3.607930
v 1.780281 0.476605 -3.477325
v 1.840800 0.524711 -3.435863
v 2.179158 0.296992 -3.445047
v 2.095303 0.199667 -3.597220
v 2.005181 0.330727 -3.542199
v 2.490655 -0.003352 -3.633481
v 2.320431 0.193644 -3.468676
v 2.532182 0.039933 -3.505453
v 0.134084 -0.000439 -3.534818
v 0.399686 0.078366 -3.357786
v 0.339496 -0.003159 -3.600624
v 0.339496 -0.003159 -3.600624
v 0.380168 0.039886 -3.499147
v 0.478613 0.147407 -3.581800
v 0.525061 0.175759 -3.547953
v 0.478613 0.147407 -3.581800
v 0.380168 0.039886 -3.499147
v 0.525061 0.175759 -3.547953
v 0.586497 0.230720 -3.496340
v 0.613875 0.202903 -3.554027
v 0.907091 0.356403 -3.505920
v 0.869517 0.277442 -3.602779
v 0.811031 0.336738 -3.523973
v 0.907091 0.356403 -3.505920
v 0.942757 0.238200 -3.722037
v 0.869517 0.277442 -3.602779
v 1.554678 0.494138 -3.523874
v 1.492129 0.403667 -3.640488
v 1.465810 0.523682 -3.511371
v 1.602168 0.444232 -3.571624
v 1.554678 0.494138 -3.523874
v 1.665252 0.375182 -3.588857
v 1.840800 0.524711 -3.435863
v 2.005181 0.330727 -3.542199
v 1.868411 0.318410 -3.607930
v 2.532182 0.039933 -3.505453
v 2.607486 -0.000674 -3.542821
v 2.490655 -0.003352 -3.633481
v 0.420167 0.100483 -3.613554
v 0.339496 -0.003159 -3.600624
v 0.478613 0.147407 -3.581800
v 0.746550 0.277919 -3.579295
v 0.664541 0.225544 -3.613051
v 0.613875 0.202903 -3.554027
v 1.154767 0.276210 -3.713728
v 1.250814 0.451192 -3.491920
v 1.269203 0.388440 -3.583288
v 1.412119 0.402495 -3.640250
v 1.414989 0.495878 -3.531297
v 1.465810 0.523682 -3.511371
v 1.492129 0.403667 -3.640488
v 1.554678 0.494138 -3.523874
v 1.569652 0.449001 -3.607488
v 1.569652 0.449001 -3.607488
v 1.554678 0.494138 -3.523874
v 1.602168 0.444232 -3.571624
v 1.780281 0.476605 -3.477325
v 1.680641 0.329410 -3.647705
v 1.665252 0.375182 -3.588857
v 1.780281 0.476605 -3.477325
v 1.868411 0.318410 -3.607930
v 1.680641 0.329410 -3.647705
v 2.179158 0.296992 -3.445047
v 2.159727 0.086232 -3.690440
v 2.095303 0.199667 -3.597220
v 2.159727 0.086232 -3.690440
v 2.179158 0.296992 -3.445047
v 2.281277 0.107204 -3.615306
v 0.478613 0.147407 -3.581800
v 0.525061 0.175759 -3.547953
v 0.613875 0.202903 -3.554027
v 0.746550 0.277919 -3.579295
v 0.811031 0.336738 -3.523973
v 0.869517 0.277442 -3.602779
v 0.942757 0.238200 -3.722037
v 0.907091 0.356403 -3.505920
v 1.154767 0.276210 -3.713728
v 1.414989 0.495878 -3.531297
v 1.289520 0.312336 -3.671500
v 1.269203 0.388440 -3.583288
v 1.412119 0.402495 -3.640250
v 1.465810 0.523682 -3.511371
v 1.492129 0.403667 -3.640488
v 1.627799 0.420964 -3.623867
v 1.569652 0.449001 -3.607488
v 1.602168 0.444232 -3.571624
v 1.665252 0.375182 -3.588857
v 1.627799 0.420964 -3.623867
v 1.602168 0.444232 -3.571624
v 1.665252 0.375182 -3.588857
v 1.680641 0.329410 -3.647705
v 1.627799 0.420964 -3.623867
v 2.281277 0.107204 -3.615306
v 2.320431 0.193644 -3.468676
v 2.490655 -0.003352 -3.633481
v 0.342123 -0.000944 -3.663554
v 0.339496 -0.003159 -3.600624
v 0.420167 0.100483 -3.613554
v 0.478613 0.147407 -3.581800
v 0.613875 0.202903 -3.554027
v 0.592042 0.116304 -3.708307
v 0.592042 0.116304 -3.708307
v 0.613875 0.202903 -3.554027
v 0.664541 0.225544 -3.613051
v 0.746550 0.277919 -3.579295
v 0.869517 0.277442 -3.602779
v 0.735461 0.166534 -3.701397
v 1.226146 0.237746 -3.777040
v 1.154767 0.276210 -3.713728
v 1.269203 0.388440 -3.583288
v 1.414989 0.495878 -3.531297
v 1.412119 0.402495 -3.640250
v 1.289520 0.312336 -3.671500
v 1.889578 0.204036 -3.728477
v 1.868411 0.318410 -3.607930
v 2.005181 0.330727 -3.542199
v 1.889578 0.204036 -3.728477
v 2.005181 0.330727 -3.542199
v 2.095303 0.199667 -3.597220
v 2.281277 0.107204 -3.615306
v 2.285865 0.004974 -3.746146
v 2.159727 0.086232 -3.690440
v 0.746550 0.277919 -3.579295
v 0.735461 0.166534 -3.701397
v 0.664541 0.225544 -3.613051
v 0.942757 0.238200 -3.722037
v 0.857929 0.153447 -3.813197
v 0.869517 0.277442 -3.602779
v 1.289520 0.312336 -3.671500
v 1.412119 0.402495 -3.640250
v 1.425835 0.400314 -3.689642
v 1.534464 0.295726 -3.787158
v 1.492129 0.403667 -3.640488
v 1.569652 0.449001 -3.607488
v 2.363529 0.000356 -3.729477
v 2.281277 0.107204 -3.615306
v 2.490655 -0.003352 -3.633481
v 0.369142 -0.000582 -3.753886
v 0.342123 -0.000944 -3.663554
v 0.420167 0.100483 -3.613554
v 0.624711 0.124198 -3.741597
v 0.592042 0.116304 -3.708307
v 0.664541 0.225544 -3.613051
v 0.624711 0.124198 -3.741597
v 0.664541 0.225544 -3.613051
v 0.735461 0.166534 -3.701397
v 1.226146 0.237746 -3.777040
v 1.269203 0.388440 -3.583288
v 1.289520 0.312336 -3.671500
v 1.425835 0.400314 -3.689642
v 1.412119 0.402495 -3.640250
v 1.492129 0.403667 -3.640488
v 1.633116 0.360577 -3.692445
v 1.627799 0.420964 -3.623867
v 1.680641 0.329410 -3.647705
v 1.868411 0.318410 -3.607930
v 1.889578 0.204036 -3.728477
v 1.680641 0.329410 -3.647705
v 2.095303 0.199667 -3.597220
v 2.066992 0.105813 -3.759865
v 1.889578 0.204036 -3.728477
v 2.095303 0.199667 -3.597220
v 2.159727 0.086232 -3.690440
v 2.066992 0.105813 -3.759865
v 0.369142 -0.000582 -3.753886
v 0.420167 0.100483 -3.613554
v 0.404686 0.007420 -3.789731
v 0.478613 0.147407 -3.581800
v 0.404686 0.007420 -3.789731
v 0.420167 0.100483 -3.613554
v 0.640676 0.097005 -3.775287
v 0.624711 0.124198 -3.741597
v 0.735461 0.166534 -3.701397
v 0.869517 0.277442 -3.602779
v 0.857929 0.153447 -3.813197
v 0.735461 0.166534 -3.701397
v 1.425835 0.400314 -3.689642
v 1.359597 0.335129 -3.763733
v 1.289520 0.312336 -3.671500
v 1.486567 0.292952 -3.797993
v 1.492129 0.403667 -3.640488
v 1.534464 0.295726 -3.787158
v 1.534464 0.295726 -3.787158
v 1.569652 0.449001 -3.607488
v 1.627799 0.420964 -3.623867
v 1.534464 0.295726 -3.787158
v 1.627799 0.420964 -3.623867
v 1.633116 0.360577 -3.692445
v 1.680641 0.329410 -3.647705
v 1.689028 0.225530 -3.788920
v 1.633116 0.360577 -3.692445
v 1.680641 0.329410 -3.647705
v 1.889578 0.204036 -3.728477
v 1.689028 0.225530 -3.788920
v 2.285865 0.004974 -3.746146
v 2.281277 0.107204 -3.615306
v 2.363529 0.000356 -3.729477
v 0.478613 0.147407 -3.581800
v 0.566504 0.063141 -3.786362
v 0.404686 0.007420 -3.789731
v 0.566504 0.063141 -3.786362
v 0.478613 0.147407 -3.581800
v 0.592042 0.116304 -3.708307
v 1.492129 0.403667 -3.640488
v 1.434532 0.328503 -3.788727
v 1.425835 0.400314 -3.689642
v 1.434532 0.328503 -3.788727
v 1.492129 0.403667 -3.640488
v 1.486567 0.292952 -3.797993
v 0.566504 0.063141 -3.786362
v 0.592042 0.116304 -3.708307
v 0.624711 0.124198 -3.741597
v 1.425835 0.400314 -3.689642
v 1.434532 0.328503 -3.788727
v 1.359597 0.335129 -3.763733
v 1.889578 0.204036 -3.728477
v 2.066992 0.105813 -3.759865
v 1.856696 0.114810 -3.871390
v 2.159727 0.086232 -3.690440
v 2.178303 -0.003406 -3.856365
v 2.066992 0.105813 -3.759865
v 0.566504 0.063141 -3.786362
v 0.624711 0.124198 -3.741597
v 0.640676 0.097005 -3.775287
v 1.676024 0.140065 -3.906491
v 1.534464 0.295726 -3.787158
v 1.633116 0.360577 -3.692445
v 1.676024 0.140065 -3.906491
v 1.633116 0.360577 -3.692445
v 1.689028 0.225530 -3.788920
v 0.640676 0.097005 -3.775287
v 0.516151 -0.000673 -3.903575
v 0.566504 0.063141 -3.786362
v 0.516151 -0.000673 -3.903575
v 0.640676 0.097005 -3.775287
v 0.735461 0.166534 -3.701397
v 1.226146 0.237746 -3.777040
v 1.289520 0.312336 -3.671500
v 1.308334 0.232158 -3.859127
v 1.308334 0.232158 -3.859127
v 1.289520 0.312336 -3.671500
v 1.359597 0.335129 -3.763733
v 2.178303 -0.003406 -3.856365
v 2.285865 0.004974 -3.746146
v 2.363529 0.000356 -3.729477
v 0.404686 0.007420 -3.789731
v 0.516151 -0.000673 -3.903575
v 0.369142 -0.000582 -3.753886
v 0.566504 0.063141 -3.786362
v 0.516151 -0.000673 -3.903575
v 0.404686 0.007420 -3.789731
v 0.735461 0.166534 -3.701397
v 0.610052 -0.002717 -3.988506
v 0.516151 -0.000673 -3.903575
v 1.308334 0.232158 -3.859127
v 1.359597 0.335129 -3.763733
v 1.434532 0.328503 -3.788727
v 2.178303 -0.003406 -3.856365
v 2.022654 -0.002208 -3.985224
v 2.066992 0.105813 -3.759865
v 2.178303 -0.003406 -3.856365
v 2.159727 0.086232 -3.690440
v 2.285865 0.004974 -3.746146
v 1.676024 0.140065 -3.906491
v 1.689028 0.225530 -3.788920
v 1.889578 0.204036 -3.728477
v 1.889578 0.204036 -3.728477
v 1.856696 0.114810 -3.871390
v 1.676024 0.140065 -3.906491
v 1.534464 0.295726 -3.787158
v 1.585495 0.102243 -4.013885
v 1.486567 0.292952 -3.797993
v 2.066992 0.105813 -3.759865
v 2.022654 -0.002208 -3.985224
v 1.856696 0.114810 -3.871390
v 1.283897 0.118435 -4.005611
v 1.226146 0.237746 -3.777040
v 1.308334 0.232158 -3.859127
v 1.676024 0.140065 -3.906491
v 1.585495 0.102243 -4.013885
v 1.534464 0.295726 -3.787158
v 0.735461 0.166534 -3.701397
v 0.758135 -0.001436 -4.066497
v 0.610052 -0.002717 -3.988506
v 0.758135 -0.001436 -4.066497
v 0.735461 0.166534 -3.701397
v 0.857929 0.153447 -3.813197
v 0.942757 0.238200 -3.722037
v 1.154767 0.276210 -3.713728
v 0.857929 0.153447 -3.813197
v 1.226146 0.237746 -3.777040
v 1.029543 -0.002264 -4.172422
v 1.154767 0.276210 -3.713728
v 1.029543 -0.002264 -4.172422
v 1.226146 0.237746 -3.777040
v 1.283897 0.118435 -4.005611
v 1.470834 0.071116 -4.048130
v 1.434532 0.328503 -3.788727
v 1.486567 0.292952 -3.797993
v 1.470834 0.071116 -4.048130
v 1.486567 0.292952 -3.797993
v 1.585495 0.102243 -4.013885
v 1.154767 0.276210 -3.713728
v 0.758135 -0.001436 -4.066497
v 0.857929 0.153447 -3.813197
v 1.283897 0.118435 -4.005611
v 1.308334 0.232158 -3.859127
v 1.434532 0.328503 -3.788727
v 1.676024 0.140065 -3.906491
v 1.609030 -0.002427 -4.174936
v 1.585495 0.102243 -4.013885
v 2.022654 -0.002208 -3.985224
v 1.918180 0.000408 -4.031939
v 1.856696 0.114810 -3.871390
v 1.154767 0.276210 -3.713728
v 1.029543 -0.002264 -4.172422
v 0.758135 -0.001436 -4.066497
v 1.283897 0.118435 -4.005611
v 1.172783 0.054985 -4.105547
v 1.029543 -0.002264 -4.172422
v 1.856696 0.114810 -3.871390
v 1.918180 0.000408 -4.031939
v 1.852430 -0.001139 -4.077012
v 1.434532 0.328503 -3.788727
v 1.354433 -0.001554 -4.159180
v 1.283897 0.118435 -4.005611
v 1.354433 -0.001554 -4.159180
v 1.434532 0.328503 -3.788727
v 1.470834 0.071116 -4.048130
v 1.856696 0.114810 -3.871390
v 1.852430 -0.001139 -4.077012
v 1.676024 0.140065 -3.906491
v 1.676024 0.140065 -3.906491
v 1.710361 -0.000366 -4.129223
v 1.609030 -0.002427 -4.174936
v 1.676024 0.140065 -3.906491
v 1.852430 -0.001139 -4.077012
v 1.710361 -0.000366 -4.129223
v 1.585495 0.102243 -4.013885
v 1.557115 0.002198 -4.147216
v 1.470834 0.071116 -4.048130
v 1.557115 0.002198 -4.147216
v 1.585495 0.102243 -4.013885
v 1.609030 -0.002427 -4.174936
v 1.283897 0.118435 -4.005611
v 1.354433 -0.001554 -4.159180
v 1.172783 0.054985 -4.105547
v 1.470834 0.071116 -4.048130
v 1.557115 0.002198 -4.147216
v 1.354433 -0.001554 -4.159180
v 1.172783 0.054985 -4.105547
v 1.154659 -0.000372 -4.211055
v 1.029543 -0.002264 -4.172422
v 1.154659 -0.000372 -4.211055
v 1.172783 0.054985 -4.105547
v 1.354433 -0.001554 -4.159180
v 1.557115 0.002198 -4.147216
v 1.609030 -0.002427 -4.174936
v 1.354433 -0.001554 -4.159180
vn 0.0289 0.8685 0.4948
vn 0.1074 0.8725 0.4767
vn -0.3285 0.8459 0.4202
vn -0.3069 0.8422 0.4434
vn -0.1193 0.8594 0.4972
vn -0.0135 0.8783 0.4780
vn 0.1369 0.8709 0.4720
vn -0.4702 0.8050 0.3619
vn -0.1449 0.8653 0.4799
vn 0.1070 0.8726 0.4766
vn -0.2268 0.8884 0.3990
vn 0.0275 0.8396 0.5425
vn 0.0937 0.8337 0.5442
vn 0.2356 0.8317 0.5028
vn -0.1942 0.8705 0.4522
vn -0.1797 0.8735 0.4524
vn -0.1291 0.7747 0.6191
vn 0.1886 0.8112 0.5535
vn 0.2483 0.8401 0.4823
vn 0.2127 0.8369 0.5044
vn -0.0538 0.8201 0.5697
vn 0.0287 0.7486 0.6624
vn -0.1772 0.7906 0.5861
vn -0.0566 0.8357 0.5463
vn 0.1654 0.8081 0.5654
vn -0.3658 0.7741 0.5167
vn 0.0007 0.8409 0.5412
vn -0.2201 0.8363 0.5022
vn -0.3080 0.8080 0.5022
vn -0.6513 0.7091 0.2701
vn 0.0304 0.7988 0.6008
vn 0.0367 0.7594 0.6496
vn 0.5142 0.7820 0.3523
vn -0.4740 0.8242 0.3098
vn -0.1833 0.7865 0.5897
vn -0.0181 0.7905 0.6122
vn -0.3553 0.8230 0.4432
vn 0.0099 0.7551 0.6556
vn 0.3874 0.7609 0.5205
vn 0.6714 0.6433 0.3679
vn 0.0074 0.9989 0.0456
vn -0.2401 0.8792 0.4115
vn -0.1152 0.9026 0.4148
vn -0.5543 0.7713 0.3128
vn 0.1011 0.7438 0.6607
vn 0.3546 0.7573 0.5485
vn 0.1000 0.9667 0.2354
vn 0.1111 0.8727 0.4754
vn 0.2736 0.7689 0.5779
vn -0.2233 0.8367 0.5001
vn -0.4800 0.8182 0.3164
vn -0.1684 0.7301 0.6623
vn 0.1259 0.6973 0.7056
vn 0.0472 0.7077 0.7050
vn 0.0010 0.6180 0.7862
vn 0.2788 0.7673 0.5775
vn 0.2405 0.7683 0.5932
vn 0.2093 0.7758 0.5952
vn -0.3029 0.9092 0.2857
vn -0.3680 0.8821 0.2940
vn 0.2718 0.9096 0.3144
vn -0.0898 0.9151 0.3931
vn -0.1565 0.8714 0.4650
vn -0.1009 0.7338 0.6718
vn -0.3654 0.7336 0.5731
vn 0.6290 0.6552 0.4185
vn -0.0142 0.9193 0.3932
vn 0.1200 0.8767 0.4659
vn -0.4839 0.7905 0.3755
vn -0.1407 0.7422 0.6552
vn -0.0360 0.6760 0.7360
vn -0.4225 0.6859 0.5925
vn 0.0513 0.7162 0.6960
vn -0.3505 0.6314 0.6917
vn 0.3206 0.6910 0.6479
vn 0.0578 0.7771 0.6267
vn 0.3958 0.7267 0.5614
vn 0.0477 0.5728 0.8183
vn -0.2013 0.8809 0.4283
vn 0.0393 0.9535 0.2989
vn -0.1099 0.7329 0.6714
vn -0.2190 0.7894 0.5735
vn -0.1959 0.6653 0.7204
vn 0.3667 0.6799 0.6351
vn 0.0710 0.9450 0.3193
vn 0.0936 0.8787 0.4681
vn 0.0987 0.8772 0.4698
vn 0.2075 0.9334 0.2927
vn 0.6405 0.7557 0.1367
vn -0.8000 0.6000 0.0030
vn -0.5303 0.8130 0.2404
vn -0.2879 0.8228 0.4899
vn -0.2914 0.7403 0.6058
vn 0.4453 0.6715 0.5922
vn 0.4256 0.7220 0.5455
vn 0.5421 0.7630 0.3521
vn 0.1180 0.8739 0.4716
vn -0.0601 0.9128 0.4039
vn 0.0112 0.9998 -0.0144
vn -0.4604 0.8014 0.3817
vn 0.4909 0.6166 0.6155
vn 0.1670 0.7339 0.6584
vn 0.7332 0.5750 0.3630
vn 0.0801 0.8749 0.4776
vn -0.1329 0.9024 0.4100
vn -0.3189 0.8634 0.3909
vn 0.3259 0.7454 0.5815
vn 0.1373 0.8314 0.5384
vn 0.5126 0.7702 0.3796
vn 0.7910 0.4835 -0.3749
vn -0.8517 0.5172 0.0845
vn -0.1092 0.8247 0.5550
vn -0.1266 0.9000 0.4171
vn -0.1170 0.7244 0.6794
vn -0.0315 0.6047 0.7958
vn -0.3071 0.6793 0.6665
vn 0.3166 0.6538 0.6872
vn 0.2737 0.6507 0.7083
vn 0.2952 0.7238 0.6237
vn 0.1474 0.7426 0.6533
vn -0.3186 0.7508 0.5787
vn -0.8731 0.4875 -0.0025
vn -0.0270 0.9195 0.3921
vn -0.6329 0.7467 0.2049
vn -0.2087 0.6765 0.7063
vn -0.3428 0.6742 0.6541
vn -0.0692 0.7532 0.6541
vn 0.4456 0.7315 0.5161
vn 0.6726 0.6471 0.3591
vn 0.3235 0.8101 0.4890
vn -0.4904 0.7592 0.4279
vn -0.4973 0.7029 0.5086
vn 0.0517 0.6718 0.7389
vn -0.0736 0.5949 0.8004
vn -0.2797 0.6907 0.6669
vn 0.0278 0.6687 0.7430
vn -0.3593 0.6201 0.6974
vn 0.7886 0.5637 0.2457
vn 0.3653 0.7114 0.6004
vn -0.1061 0.9053 0.4114
vn -0.4904 0.7553 0.4347
vn -0.8702 0.4532 0.1934
vn -0.5237 0.6917 0.4972
vn -0.4952 0.6250 0.6034
vn 0.1783 0.5725 0.8003
vn 0.1373 0.7181 0.6823
vn 0.0887 0.8762 0.4737
vn 0.1135 0.8605 0.4967
vn -0.5539 0.8286 -0.0811
vn 0.4932 0.7563 0.4297
vn 0.0669 0.8593 0.5071
vn 0.3466 0.9165 0.1995
vn 0.6154 0.7721 0.1587
vn -0.0265 0.8958 0.4436
vn -0.2692 0.7532 0.6002
vn 0.3628 0.7774 0.5138
vn -0.1082 0.8965 0.4297
vn -0.3462 0.6613 0.6654
vn -0.4086 0.5709 0.7121
vn 0.0454 0.6687 0.7422
vn -0.2737 0.5703 0.7745
vn -0.0835 0.6056 0.7914
vn 0.1039 0.6583 0.7456
vn 0.0210 0.6701 0.7420
vn 0.2813 0.5661 0.7748
vn 0.2677 0.6563 0.7054
vn -0.0008 0.6998 0.7144
vn 0.4578 0.8185 0.3472
vn 0.4951 0.6654 0.5587
vn 0.5841 0.6570 0.4766
vn 0.3972 0.6967 0.5974
vn 0.0482 0.8557 0.5152
vn 0.2753 0.9040 0.3272
vn -0.1358 0.8026 0.5808
vn 0.6435 0.6418 0.4171
vn 0.8842 0.3885 -0.2594
vn -0.9115 0.3914 -0.1259
vn -0.1117 0.8315 0.5442
vn -0.3660 0.7496 0.5515
vn -0.6751 0.6930 0.2529
vn -0.0727 0.5614 0.8244
vn 0.1857 0.8350 0.5179
vn -0.0740 0.7516 0.6554
vn -0.5185 0.8376 -0.1721
vn -0.0791 0.9959 -0.0436
vn 0.1501 0.9545 0.2576
vn 0.5709 0.4676 0.6748
vn 0.5078 0.5130 0.6921
vn 0.4234 0.5333 0.7324
vn -0.0619 0.7852 0.6162
vn 0.7006 0.6896 0.1830
vn -0.8804 0.4532 -0.1398
vn -0.6787 0.6951 0.2373
vn -0.5560 0.6360 0.5351
vn -0.4646 0.5694 0.6782
vn -0.0462 0.5589 0.8280
vn -0.0050 0.5175 0.8557
vn 0.3693 0.6847 0.6284
vn 0.0765 0.7724 0.6305
vn 0.4027 0.6076 0.6846
vn 0.7493 0.5014 0.4326
vn 0.0657 0.8411 0.5369
vn -0.2275 0.7104 0.6660
vn -0.0619 0.8907 0.4504
vn -0.4622 0.7401 0.4886
vn -0.0174 0.7202 0.6936
vn 0.2405 0.9663 0.0917
vn 0.4715 0.8818 0.0108
vn 0.9328 0.3355 -0.1320
vn 0.8822 0.4123 -0.2274
vn 0.0541 0.7229 0.6889
vn -0.0410 0.6350 0.7714
vn -0.5225 0.5424 0.6579
vn 0.2749 0.8146 0.5108
vn 0.0405 0.7504 0.6597
vn 0.5194 0.6651 0.5365
vn 0.5228 0.6992 0.4876
vn -0.6958 0.6978 0.1704
vn 0.0540 0.9872 0.1500
vn -0.0615 0.9864 -0.1524
vn 0.8159 0.3068 -0.4901
vn -0.1940 0.9526 0.2344
vn -0.9360 0.3486 0.0495
vn -0.2843 0.8780 0.3851
vn -0.1233 0.8734 0.4711
vn -0.4174 0.8018 0.4277
vn -0.6986 0.6863 0.2023
vn -0.4976 0.5826 0.6426
vn -0.1263 0.6028 0.7879
vn -0.1392 0.7082 0.6922
vn -0.9149 0.2688 0.3012
vn 0.6344 0.3249 0.7014
vn -0.1329 0.5101 0.8498
vn 0.3980 0.4624 0.7923
vn 0.3639 0.6437 0.6732
vn 0.4079 0.5998 0.6883
vn 0.6910 0.5149 0.5073
vn 0.3207 0.7600 0.5653
vn -0.1306 0.8297 -0.5426
vn 0.2592 0.9576 0.1256
vn 0.5208 0.8169 -0.2480
vn 0.8636 0.4770 -0.1636
vn 0.1527 0.9566 0.2483
vn -0.1820 0.9387 0.2927
vn -0.4809 0.8723 -0.0884
vn -0.2719 0.8665 0.4186
vn -0.6806 0.6275 0.3782
vn -0.8235 0.5077 0.2532
vn -0.3818 0.6964 0.6077
vn -0.2445 0.7498 0.6148
vn -0.0651 0.6925 0.7185
vn -0.5845 0.5795 0.5679
vn -0.1119 0.6219 0.7751
vn 0.2225 0.7425 0.6318
vn -0.5994 0.4995 0.6255
vn 0.5572 0.4538 0.6954
vn 0.6597 0.4889 0.5707
vn 0.3375 0.6454 0.6853
vn 0.6238 0.6690 0.4040
vn 0.4078 0.6592 0.6318
vn 0.2194 0.9392 0.2642
vn -0.4907 0.8208 0.2923
vn 0.2365 0.9694 -0.0663
vn -0.1196 0.8770 -0.4654
vn 0.3095 0.7784 -0.5462
vn -0.0325 0.8319 -0.5540
vn 0.1422 0.9186 0.3687
vn -0.1045 0.8874 0.4491
vn -0.5729 0.7957 0.1964
vn -0.7110 0.4506 -0.5399
vn -0.4325 0.8088 -0.3984
vn -0.3996 0.7963 -0.4541
vn 0.3024 0.9466 -0.1121
vn 0.5150 0.7717 0.3733
vn 0.4105 0.8519 0.3252
vn -0.6769 0.7120 0.1866
vn -0.7556 0.6528 0.0534
vn 0.3653 0.7486 0.5533
vn 0.2867 0.6216 0.7289
vn 0.5267 0.4740 0.7056
vn 0.3047 0.5148 0.8013
vn 0.2071 0.6672 0.7155
vn 0.1962 0.8107 0.5516
vn 0.1037 0.6941 -0.7124
vn -0.8464 0.4852 0.2193
vn 0.3312 0.8629 0.3818
vn -0.8015 0.5954 0.0556
vn 0.0934 0.9904 0.1020
vn -0.6604 0.7507 0.0169
vn 0.7097 0.5352 0.4582
vn -0.3111 0.7313 0.6070
vn 0.4584 0.5828 0.6710
vn 0.6632 0.5081 0.5496
vn 0.7122 0.6013 0.3621
vn 0.5843 0.6572 0.4761
vn -0.0704 0.7166 0.6939
vn 0.2264 0.9732 -0.0399
vn 0.4594 0.6297 -0.6264
vn 0.1780 0.9017 0.3940
vn -0.2509 0.9510 0.1806
vn -0.4372 0.8572 0.2722
vn -0.4085 0.8931 0.1885
vn -0.0948 0.8233 0.5596
vn -0.4861 0.7471 0.4534
vn -0.7597 0.6212 -0.1921
vn -0.5294 0.6834 -0.5027
vn -0.5824 0.7186 0.3800
vn 0.2227 0.7426 0.6317
vn -0.7974 0.5168 0.3115
vn 0.5632 0.4974 0.6599
vn 0.5461 0.4986 0.6732
vn 0.7283 0.6603 0.1835
vn 0.7023 0.6887 0.1798
vn 0.3689 0.9199 -0.1331
vn 0.5190 0.8545 0.0219
vn -0.5939 0.7788 0.2021
vn -0.8885 0.3005 -0.3469
vn -0.4192 0.6938 -0.5857
vn -0.6024 0.7523 -0.2668
vn -0.6546 0.6263 -0.4233
vn -0.6993 0.7070 0.1051
vn -0.6185 0.7364 0.2742
vn -0.6906 0.7008 0.1788
vn -0.3098 0.9226 0.2299
vn 0.7265 0.6682 0.1603
vn 0.4210 0.6369 0.6458
vn 0.1711 0.8452 0.5064
vn 0.3553 0.9345 -0.0225
vn 0.6198 0.7576 0.2047
vn 0.2663 0.9165 0.2986
vn -0.2932 0.9499 0.1084
vn -0.1816 0.9304 0.3183
vn -0.4808 0.8178 0.3162
vn -0.6706 0.6964 0.2556
vn -0.7128 0.7011 0.0179
vn 0.4206 0.8929 -0.1604
vn 0.0776 0.4931 -0.8665
vn 0.6171 0.6722 0.4092
vn 0.8042 0.5181 0.2912
vn 0.3275 0.6754 0.6607
vn 0.3310 0.5939 0.7333
vn 0.7092 0.4590 0.5352
vn 0.5925 0.5976 0.5401
vn -0.0713 0.9399 0.3339
vn 0.0524 0.9164 0.3968
vn 0.2610 0.8789 0.3992
vn 0.3882 0.9076 0.1597
vn 0.4598 0.8498 0.2579
vn -0.5912 0.7589 -0.2730
vn -0.5025 0.8182 -0.2793
vn -0.5092 0.8259 0.2420
vn -0.6016 0.7519 -0.2698
vn -0.6279 0.7252 -0.2827
vn 0.4010 0.9161 -0.0075
vn -0.6031 0.6531 0.4580
vn -0.4371 0.8285 0.3500
vn 0.4845 0.8093 0.3320
vn 0.5363 0.6181 0.5747
vn 0.7792 0.5966 0.1920
vn 0.1885 0.6813 0.7073
vn -0.0662 0.7416 0.6676
vn 0.1978 0.7184 0.6670
vn 0.3463 0.9098 0.2287
vn 0.1136 0.9472 0.2998
vn 0.0665 0.9549 0.2893
vn 0.0993 0.8941 0.4368
vn -0.5833 0.8122 0.0122
vn -0.5751 0.7976 -0.1817
vn -0.7146 0.6629 -0.2235
vn -0.7925 0.4429 -0.4193
vn -0.3991 0.8297 -0.3902
vn -0.0377 0.9201 0.3899
vn -0.4578 0.7895 0.4088
vn 0.7756 0.5875 0.2311
vn 0.4600 0.5594 0.6896
vn 0.3454 0.5793 0.7383
vn 0.5187 0.5427 0.6607
vn 0.2118 0.6800 0.7019
vn 0.3701 0.7547 0.5417
vn 0.4384 0.7412 0.5083
vn 0.0714 0.9031 0.4235
vn 0.1394 0.9391 0.3141
vn 0.3576 0.8651 0.3517
vn -0.5819 0.8097 -0.0765
vn -0.2989 0.7319 -0.6124
vn 0.3746 0.8100 0.4512
vn 0.7434 0.5548 0.3736
vn 0.5217 0.5599 0.6437
vn 0.5182 0.4681 0.7158
vn 0.3155 0.6254 0.7136
vn 0.1559 0.7351 0.6598
vn 0.5992 0.7632 0.2418
vn 0.4449 0.8725 0.2022
vn 0.3982 0.9005 0.1745
vn 0.3714 0.8805 0.2946
vn 0.3773 0.8781 0.2942
vn -0.5021 0.8580 -0.1084
vn -0.5207 0.8527 0.0426
vn -0.6671 0.7193 -0.1936
vn -0.5367 0.6567 -0.5298
vn -0.3020 0.9531 -0.0182
vn 0.3948 0.5960 0.6993
vn 0.2116 0.5258 0.8239
vn 0.0523 0.7626 0.6447
vn 0.5776 0.7288 0.3677
vn 0.6524 0.6923 0.3082
vn -0.5497 0.8267 -0.1199
vn -0.6479 0.7617 -0.0040
vn -0.5222 0.8516 0.0451
vn -0.5405 0.8410 0.0226
vn -0.5690 0.8207 -0.0516
vn -0.7166 0.6936 -0.0734
vn -0.4905 0.7140 -0.4996
vn 0.2420 0.7364 -0.6318
vn 0.2851 0.7832 0.5526
vn 0.4466 0.5284 0.7220
vn 0.6785 0.4568 0.5754
vn 0.3508 0.5610 0.7498
vn 0.3997 0.6591 0.6371
vn 0.0390 0.8714 0.4891
vn 0.0472 0.8692 0.4922
vn 0.5334 0.8241 0.1906
vn -0.3156 0.8444 0.4329
vn -0.0502 0.9253 0.3758
vn 0.1267 0.9155 0.3819
vn 0.4488 0.8608 0.2400
vn 0.3269 0.8680 0.3738
vn -0.1900 0.9324 0.3073
vn -0.7225 0.6844 -0.0981
vn -0.6811 0.7282 -0.0758
vn -0.5482 0.7783 0.3060
vn -0.3659 0.9233 0.1171
vn -0.5399 0.8150 -0.2105
vn -0.5404 0.8142 -0.2124
vn -0.1792 0.7596 -0.6252
vn -0.0298 0.7326 -0.6801
vn 0.3109 0.6433 -0.6997
vn 0.3275 0.6419 -0.6933
vn 0.0315 0.8234 -0.5666
vn 0.7011 0.4364 0.5640
vn 0.5354 0.6037 0.5906
vn 0.1269 0.6725 0.7291
vn 0.5538 0.4796 0.6806
vn 0.2023 0.5127 0.8344
vn 0.2833 0.7180 0.6358
vn 0.0226 0.7898 0.6129
vn 0.4270 0.5966 0.6795
vn 0.0905 0.8901 0.4467
vn 0.1258 0.8648 0.4862
vn -0.1978 0.9545 0.2230
vn -0.3774 0.8384 0.3932
vn -0.7377 0.5440 0.3998
vn -0.4597 0.6824 0.5683
vn -0.3374 0.6387 0.6915
vn -0.3550 0.5487 0.7569
vn -0.6717 0.6650 -0.3265
vn -0.6286 0.6963 -0.3466
vn -0.6273 0.6816 -0.3767
vn -0.3263 0.8266 -0.4585
vn 0.1808 0.8941 -0.4098
vn -0.3972 0.8869 -0.2361
vn 0.4579 0.8800 0.1261
vn -0.1524 0.7808 -0.6059
vn 0.1724 0.5836 0.7935
vn 0.1659 0.4489 0.8781
vn 0.8641 0.2711 0.4241
vn 0.6719 0.6360 0.3795
vn 0.3585 0.4269 0.8302
vn 0.2672 0.6827 0.6801
vn 0.0776 0.9124 0.4019
vn 0.5013 0.8455 0.1841
vn 0.0703 0.9473 0.3124
vn -0.0142 0.9657 0.2593
vn 0.3568 0.8648 0.3532
vn -0.2924 0.9491 0.1169
vn -0.7982 0.6023 0.0097
vn -0.4768 0.6826 -0.5538
vn -0.1142 0.6127 0.7820
vn -0.4284 0.7914 0.4361
vn -0.4075 0.8546 0.3217
vn -0.2670 0.8023 -0.5339
vn -0.3576 0.7507 -0.5554
vn -0.5541 0.7512 -0.3589
vn 0.6192 0.6928 -0.3697
vn -0.1684 0.7156 -0.6779
vn 0.2600 0.5432 0.7983
vn 0.3865 0.4676 0.7949
vn 0.4316 0.5959 0.6772
vn 0.3051 0.6473 0.6985
vn 0.5891 0.5706 0.5721
vn 0.4552 0.7435 0.4899
vn 0.1161 0.9129 0.3914
vn 0.4643 0.8701 0.1655
vn -0.3172 0.9433 0.0977
vn -0.2992 0.9461 0.1241
vn -0.2362 0.9329 0.2719
vn -0.6403 0.7634 0.0855
vn -0.3723 0.8423 0.3896
vn -0.5138 0.7007 -0.4951
vn -0.4498 0.7431 -0.4955
vn -0.7351 0.6733 -0.0799
vn -0.5950 0.7694 0.2324
vn -0.4968 0.8426 0.2077
vn -0.1056 0.5300 0.8414
vn 0.2399 0.5653 0.7892
vn -0.7219 0.6876 0.0775
vn -0.2551 0.8270 -0.5010
vn -0.5903 0.7846 0.1896
vn 0.1182 0.9821 -0.1464
vn -0.4488 0.6665 -0.5952
vn 0.1671 0.6480 -0.7431
vn -0.3714 0.6862 -0.6254
vn 0.6965 0.5898 -0.4086
vn -0.7659 0.6423 -0.0290
vn 0.5390 0.5324 0.6527
vn 0.3883 0.5294 0.7543
vn -0.0593 0.5830 0.8103
vn 0.5818 0.5534 0.5960
vn -0.3974 0.7938 0.4605
vn 0.7121 0.6782 0.1818
vn -0.1876 0.9476 0.2588
vn -0.0456 0.9726 0.2278
vn 0.3482 0.9364 0.0425
vn -0.7369 0.6648 -0.1228
vn -0.4968 0.8136 0.3020
vn 0.1791 0.8454 0.5032
vn -0.5406 0.7926 0.2821
vn -0.1456 0.7208 -0.6776
vn -0.5598 0.6544 -0.5082
vn -0.8019 0.5508 -0.2312
vn 0.5270 0.6121 0.5896
vn 0.8795 0.3007 0.3688
vn 0.3589 0.6569 0.6631
vn 0.0888 0.4258 0.9004
vn 0.4246 0.3945 0.8149
vn 0.5169 0.4375 0.7358
vn 0.6408 0.4087 0.6499
vn 0.4224 0.5492 0.7211
vn 0.0650 0.6546 0.7532
vn 0.0415 0.7400 0.6714
vn 0.0030 0.8259 0.5638
vn 0.0448 0.9236 0.3807
vn -0.0290 0.9681 0.2488
vn 0.0238 0.9052 0.4243
vn -0.7706 0.5687 -0.2877
vn 0.2360 0.6193 -0.7489
vn -0.3375 0.6535 -0.6775
vn 0.3886 0.5392 -0.7472
vn 0.0601 0.6090 -0.7909
vn -0.5331 0.3963 -0.7475
vn 0.0802 0.3968 -0.9144
vn 0.3944 0.4615 -0.7946
vn 0.6428 0.4406 0.6266
vn 0.1511 0.6958 0.7022
vn -0.7802 0.4496 0.4349
vn 0.0723 0.5640 0.8226
vn 0.4751 0.4499 0.7562
vn 0.2651 0.9239 -0.2760
vn 0.5973 0.7471 -0.2917
vn 0.3001 0.9059 0.2987
vn -0.0103 0.9237 0.3830
vn -0.0771 0.9944 0.0723
vn -0.3409 0.8673 -0.3627
vn -0.6267 0.5557 -0.5464
vn -0.3862 0.5566 -0.7356
vn -0.4634 0.8571 -0.2252
vn -0.4521 0.8600 -0.2367
vn -0.5493 0.8080 -0.2131
vn -0.2697 0.6470 -0.7132
vn -0.3223 0.4902 -0.8098
vn -0.0973 0.6397 -0.7625
vn -0.7170 0.5643 -0.4093
vn -0.7349 0.5477 -0.3999
vn -0.1723 0.6635 -0.7281
vn 0.1212 0.9251 -0.3598
vn 0.6239 0.7037 -0.3399
vn 0.8608 0.5002 -0.0937
vn 0.9606 0.2709 -0.0622
vn 0.2947 0.6862 0.6651
vn 0.2942 0.8441 0.4483
vn 0.1819 0.7901 0.5854
vn 0.6099 0.7045 0.3630
vn 0.5617 0.7913 0.2416
vn 0.0896 0.9495 0.3007
vn 0.0699 0.9058 0.4180
vn -0.1427 0.8964 0.4196
vn 0.5628 0.8139 0.1447
vn -0.0416 0.5827 0.8116
vn -0.2391 0.9081 0.3438
vn -0.3632 0.8760 -0.3173
vn -0.5562 0.6713 -0.4899
vn -0.1636 0.6583 -0.7348
vn -0.3378 0.5397 -0.7712
vn 0.2555 0.6273 -0.7357
vn -0.3324 0.4875 -0.8074
vn 0.0984 0.5356 -0.8387
vn -0.7395 0.5937 -0.3174
vn -0.1762 0.6662 -0.7247
vn 0.7083 0.4043 -0.5787
vn 0.3639 0.6763 -0.6405
vn 0.1963 0.9082 -0.3697
vn 0.4777 0.8153 -0.3272
vn 0.4487 0.8676 -0.2144
vn 0.7683 0.5522 -0.3238
vn 0.1631 0.4832 0.8602
vn 0.1733 0.5951 0.7848
vn 0.6829 0.4450 0.5794
vn 0.9181 0.3313 0.2175
vn -0.1501 0.7368 0.6592
vn 0.0362 0.6224 0.7819
vn 0.4365 0.7252 0.5325
vn -0.2264 0.8739 0.4301
vn 0.1661 0.9662 0.1971
vn 0.4385 0.8966 0.0616
vn -0.6853 0.6169 -0.3870
vn -0.4404 0.5709 -0.6930
vn -0.3916 0.5923 -0.7041
vn 0.2086 0.6914 -0.6917
vn 0.0729 0.4452 -0.8925
vn -0.2391 0.8401 -0.4868
vn -0.5463 0.8046 -0.2329
vn -0.5323 0.8170 -0.2216
vn -0.6474 0.7430 -0.1700
vn -0.6927 0.6180 -0.3717
vn 0.1585 0.5573 -0.8150
vn -0.3103 0.9216 -0.2332
vn 0.3540 0.6473 0.6751
vn 0.3615 0.6442 0.6741
vn 0.8826 0.4016 0.2446
vn 0.3114 0.6740 0.6699
vn 0.3149 0.8980 0.3072
vn 0.6102 0.7858 -0.1005
vn 0.0699 0.8827 0.4648
vn 0.2386 0.9677 -0.0811
vn 0.2763 0.8568 -0.4353
vn 0.3492 0.9277 -0.1320
vn 0.4156 0.9047 0.0940
vn -0.4080 0.9069 0.1055
vn 0.0723 0.5892 0.8048
vn 0.0639 0.4242 0.9033
vn -0.2966 0.9483 0.1126
vn -0.3465 0.6777 -0.6486
vn -0.3079 0.7244 -0.6168
vn -0.5358 0.6382 -0.5528
vn 0.4044 0.5307 -0.7449
vn -0.2707 0.6576 -0.7031
vn -0.3572 0.6277 -0.6916
vn -0.1143 0.7484 -0.6534
vn -0.3012 0.7878 -0.5373
vn -0.7598 0.6501 -0.0079
vn 0.4797 0.8724 0.0943
vn 0.5529 0.6856 0.4735
vn 0.7318 0.5741 0.3672
vn 0.7040 0.6224 0.3420
vn 0.1550 0.9845 -0.0816
vn 0.0972 0.9548 0.2809
vn 0.1157 0.8292 0.5469
vn -0.3844 0.8814 0.2746
vn -0.2901 0.8814 0.3728
vn 0.3005 0.4439 0.8442
vn -0.1509 0.7137 0.6840
vn 0.1137 0.7802 0.6151
vn -0.1963 0.8923 0.4065
vn -0.2970 0.9481 0.1133
vn -0.2938 0.9524 0.0818
vn -0.4152 0.9051 0.0916
vn -0.4548 0.8792 0.1422
vn -0.1523 0.7301 -0.6662
vn -0.6426 0.6962 -0.3198
vn 0.2839 0.8739 -0.3945
vn 0.4086 0.6005 -0.6873
vn -0.0676 0.8104 -0.5820
vn -0.5557 0.7923 0.2520
vn -0.5161 0.8207 0.2451
vn -0.6549 0.7414 0.1463
vn -0.6711 0.7218 0.1692
vn -0.6220 0.7575 -0.1984
vn -0.1784 0.9827 0.0497
vn 0.4377 0.8326 -0.3393
vn 0.4082 0.8710 -0.2735
vn -0.2045 0.9702 -0.1295
vn 0.2217 0.8132 0.5382
vn 0.8797 0.4755 0.0035
vn 0.7456 0.5695 0.3462
vn 0.4986 0.7676 0.4027
vn 0.1804 0.8025 0.5687
vn 0.4914 0.7885 0.3699
vn 0.2835 0.8503 0.4435
vn 0.3424 0.9394 -0.0184
vn 0.1969 0.9759 0.0943
vn -0.4446 0.8590 0.2537
vn -0.2120 0.3812 0.8999
vn -0.0225 0.3479 0.9372
vn -0.0201 0.3510 0.9362
vn -0.2776 0.9551 0.1035
vn -0.2671 0.9578 0.1062
vn -0.5138 0.8244 -0.2374
vn -0.7360 0.6639 0.1324
vn -0.5317 0.8442 0.0680
vn 0.2041 0.4785 -0.8540
vn -0.2988 0.6923 0.6568
vn 0.6689 0.4510 0.5910
vn 0.4815 0.8399 0.2506
vn 0.0287 0.7344 0.6782
vn 0.4802 0.8331 0.2746
vn 0.3639 0.9188 0.1529
vn 0.1948 0.9046 0.3791
vn -0.1088 0.9253 0.3634
vn 0.0927 0.8762 0.4729
vn 0.0773 0.3574 0.9307
vn 0.3768 0.2140 0.9013
vn 0.0014 0.6067 0.7949
vn -0.2835 0.9510 0.1230
vn -0.2486 0.9604 0.1260
vn -0.4140 0.9082 -0.0612
vn -0.7779 0.6212 0.0953
vn 0.0245 0.6463 -0.7627
vn -0.6181 0.6611 -0.4254
vn -0.1570 0.7655 -0.6240
vn -0.5787 0.6270 -0.5215
vn 0.3430 0.5975 -0.7248
vn -0.6077 0.6825 -0.4061
vn -0.5349 0.8378 -0.1098
vn -0.7621 0.5948 -0.2557
vn -0.4932 0.6693 -0.5557
vn 0.1775 0.6464 -0.7421
vn -0.3172 0.4917 -0.8109
vn -0.8326 0.5320 -0.1540
vn -0.5491 0.8217 0.1526
vn 0.5312 0.8371 -0.1305
vn 0.8305 0.4138 0.3729
vn 0.3743 0.6320 0.6786
vn -0.0726 0.6702 0.7386
vn 0.3198 0.8019 0.5046
vn 0.3685 0.7651 0.5281
vn 0.1770 0.8075 0.5627
vn 0.5522 0.8005 0.2331
vn 0.4760 0.8445 0.2455
vn -0.3462 0.8157 0.4634
vn -0.1373 0.9475 0.2887
vn -0.6334 0.7454 0.2079
vn 0.4065 0.7636 0.5016
vn 0.4845 0.8306 0.2744
vn -0.5316 0.8072 -0.2566
vn -0.6233 0.7768 0.0899
vn 0.0181 0.8940 0.4477
vn -0.1388 0.3764 0.9160
vn 0.0728 0.3006 0.9510
vn -0.3126 0.9498 -0.0121
vn -0.3571 0.5167 -0.7782
vn -0.2036 0.5603 -0.8029
vn -0.2523 0.5749 -0.7783
vn -0.0643 0.8224 -0.5653
vn -0.3648 0.7588 -0.5395
vn -0.0501 0.7825 -0.6207
vn -0.2685 0.8868 -0.3760
vn -0.1912 0.7154 -0.6721
vn -0.5484 0.6159 -0.5656
vn -0.4646 0.4259 -0.7764
vn 0.0858 0.4462 -0.8908
vn 0.3811 0.5940 -0.7085
vn -0.5664 0.7555 -0.3293
vn 0.4023 0.5145 0.7572
vn 0.3220 0.8074 0.4944
vn -0.6954 0.6739 0.2493
vn 0.4037 0.7600 0.5094
vn 0.7106 0.6764 0.1940
vn 0.4069 0.9112 -0.0639
vn 0.2623 0.8861 0.3822
vn 0.1263 0.9910 -0.0442
vn -0.1056 0.8641 0.4922
vn -0.5386 0.8399 0.0670
vn -0.4811 0.8748 -0.0572
vn 0.6277 0.5916 0.5060
vn -0.5431 0.6665 0.5106
vn 0.1145 0.3319 0.9363
vn -0.3440 0.9364 -0.0692
vn -0.1932 0.4642 -0.8644
vn -0.4632 0.5682 -0.6801
vn -0.3370 0.6283 -0.7012
vn 0.0721 0.5094 -0.8575
vn -0.4186 0.6923 -0.5878
vn -0.8159 0.4043 -0.4134
vn 0.3940 0.7249 -0.5650
vn 0.4027 0.4614 0.7905
vn 0.5277 0.7047 0.4742
vn 0.5127 0.7257 0.4588
vn 0.6265 0.6659 0.4050
vn 0.5061 0.8410 0.1910
vn 0.2961 0.8971 0.3280
vn 0.4661 0.8556 0.2253
vn 0.2005 0.8552 0.4779
vn 0.2580 0.8617 0.4370
vn -0.3751 0.9203 0.1107
vn -0.5491 0.8047 -0.2258
vn -0.3717 0.9274 0.0426
vn -0.2569 0.9659 0.0308
vn -0.4914 0.8595 0.1407
vn 0.0541 0.9980 -0.0322
vn 0.2863 0.8876 0.3609
vn -0.5404 0.6236 0.5650
vn 0.0626 0.7533 0.6547
vn 0.6029 0.3040 0.7376
vn 0.0594 0.4985 0.8648
vn 0.0597 0.4982 0.8650
vn -0.2403 0.9551 0.1732
vn -0.3799 0.7817 -0.4947
vn -0.2813 0.9150 -0.2893
vn -0.3665 0.6743 -0.6410
vn -0.3703 0.7606 -0.5333
vn -0.3712 0.4349 -0.8204
vn 0.1626 0.5270 -0.8342
vn -0.4619 0.8022 -0.3783
vn -0.8344 0.4539 -0.3128
vn -0.6650 0.6185 -0.4186
vn 0.8073 0.5901 -0.0027
vn -0.0267 0.7677 0.6402
vn 0.2661 0.5632 0.7823
vn -0.2217 0.5167 0.8270
vn -0.5589 0.7824 -0.2747
vn 0.5420 0.7181 0.4366
vn 0.5655 0.8219 0.0683
vn 0.3221 0.9460 0.0371
vn 0.3951 0.9115 0.1144
vn -0.4103 0.8222 0.3944
vn -0.3259 0.9023 0.2824
vn -0.5200 0.8531 0.0427
vn -0.3241 0.9301 0.1725
vn -0.2068 0.9696 0.1309
vn -0.3402 0.7747 0.5330
vn -0.6075 0.7933 -0.0386
vn 0.9579 0.1876 0.2172
vn -0.0942 0.8914 0.4432
vn 0.2662 0.9131 0.3089
vn -0.0269 0.7565 0.6535
vn 0.0324 0.4783 0.8776
vn 0.0337 0.4521 0.8913
vn -0.3434 0.9366 -0.0699
vn -0.2821 0.9372 -0.2051
vn -0.4327 0.9004 -0.0444
vn -0.4699 0.8767 -0.1028
vn -0.6823 0.5403 -0.4924
vn 0.7738 0.5006 0.3881
vn 0.2179 0.3768 0.9003
vn 0.4494 0.7935 0.4103
vn -0.1365 0.9384 0.3173
vn 0.4290 0.9024 0.0409
vn 0.6034 0.7854 -0.1382
vn 0.0508 0.6992 0.7132
vn 0.1954 0.6992 0.6877
vn -0.2988 0.6907 0.6585
vn -0.4613 0.7487 0.4762
vn -0.3537 0.7473 0.5625
vn -0.0456 0.7283 0.6838
vn 0.3114 0.8564 0.4118
vn -0.1618 0.9111 0.3791
vn -0.6071 0.7365 -0.2984
vn -0.0525 0.8198 -0.5702
vn -0.1662 0.8328 -0.5280
vn -0.1641 0.7638 0.6242
vn 0.6094 0.1886 0.7701
vn -0.1143 0.6473 0.7536
vn -0.3109 0.9468 -0.0834
vn -0.5293 0.8358 -0.1460
vn -0.4243 0.9055 -0.0075
vn -0.4309 0.5350 -0.7267
vn -0.4675 0.4344 -0.7699
vn 0.0169 0.6928 -0.7209
vn -0.5287 0.5948 -0.6056
vn -0.5504 0.5916 -0.5892
vn 0.7759 0.3641 -0.5151
vn 0.7642 0.5960 0.2467
vn 0.7645 0.6026 -0.2288
vn 0.7606 0.6032 -0.2401
vn -0.7051 0.6683 -0.2369
vn 0.5642 0.8246 0.0409
vn 0.4324 0.8533 0.2914
vn 0.3758 0.8732 0.3102
vn 0.3259 0.9448 0.0328
vn -0.5028 0.8644 -0.0082
vn -0.4728 0.8812 -0.0082
vn -0.2314 0.6580 -0.7166
vn 0.1132 0.7101 0.6949
vn -0.3032 0.9490 0.0862
vn -0.3064 0.9475 0.0919
vn -0.3937 0.9164 0.0721
vn -0.4358 0.8999 0.0192
vn -0.4279 0.9034 0.0269
vn -0.4265 0.9041 0.0268
vn -0.4468 0.8919 0.0699
vn -0.4542 0.7607 -0.4637
vn 0.8588 0.4441 -0.2554
vn 0.4290 0.6430 0.6344
vn 0.4828 0.5690 0.6657
vn 0.3768 0.6987 0.6081
vn -0.0236 0.6703 0.7417
vn 0.5806 0.5457 0.6043
vn 0.1829 0.8083 0.5596
vn -0.3808 0.8822 0.2771
vn -0.1961 0.9750 0.1047
vn 0.4784 0.8517 0.2138
vn -0.1397 0.8338 0.5341
vn 0.4666 0.8206 -0.3300
vn 0.3956 0.8918 -0.2197
vn 0.2149 0.9138 -0.3447
vn -0.4891 0.8444 0.2187
vn -0.2026 0.8466 0.4922
vn -0.4678 0.8836 -0.0211
vn -0.5325 0.8346 -0.1410
vn -0.3392 0.9052 -0.2561
vn 0.2253 0.6302 -0.7431
vn 0.2062 0.6285 -0.7500
vn -0.1962 0.7804 -0.5938
vn -0.1687 0.9850 -0.0362
vn -0.1714 0.7393 0.6512
vn -0.5615 0.5499 0.6183
vn 0.3899 0.5898 0.7072
vn 0.4332 0.5250 0.7326
vn -0.2584 0.9619 0.0896
vn -0.3182 0.9472 0.0405
vn -0.5124 0.8552 0.0780
vn -0.5387 0.8419 0.0330
vn -0.5561 0.8297 0.0488
vn -0.6476 0.6049 -0.4633
vn 0.1513 0.7094 0.6884
vn 0.5559 0.4990 0.6648
vn 0.2521 0.7163 0.6507
vn 0.4761 0.6032 0.6399
vn -0.3494 0.6631 0.6620
vn 0.4407 0.6415 0.6279
vn 0.5752 0.5467 0.6085
vn 0.0174 0.8574 0.5143
vn 0.0429 0.8498 0.5253
vn 0.1546 0.9559 0.2496
vn 0.4388 0.8800 0.1816
vn -0.3659 0.9225 -0.1230
vn -0.6642 0.7057 -0.2467
vn -0.3177 0.6940 -0.6461
vn -0.1938 0.9443 -0.2659
vn -0.5093 0.8256 -0.2428
vn -0.3425 0.9028 -0.2601
vn -0.3177 0.9407 -0.1189
vn -0.4111 0.9116 -0.0090
vn 0.0458 0.7743 0.6311
vn -0.3855 0.9101 0.1518
vn -0.3432 0.9299 0.1323
vn -0.3644 0.7193 0.5914
vn 0.4856 0.5887 0.6462
vn 0.4060 0.5859 0.7013
vn 0.6882 0.5478 0.4758
vn 0.4523 0.5059 0.7344
vn 0.5653 0.5048 0.6523
vn 0.2314 0.7531 0.6158
vn 0.6032 0.7936 0.0797
vn 0.5798 0.7698 -0.2668
vn -0.0287 0.5596 -0.8283
vn 0.1740 0.4082 -0.8962
vn -0.4290 0.9032 -0.0107
vn -0.4572 0.8890 0.0237
vn -0.0737 0.7989 0.5969
vn -0.4677 0.7867 0.4029
vn 0.7420 0.5964 0.3062
vn 0.0669 0.7675 0.6376
vn 0.4694 0.5196 0.7140
vn 0.0426 0.6778 0.7340
vn -0.3038 0.9507 0.0629
vn -0.4158 0.8985 0.1403
vn -0.4449 0.6332 0.6333
vn 0.2327 0.6208 0.7486
vn 0.8977 0.3414 0.2784
vn 0.3204 0.6565 0.6829
vn 0.0371 0.5427 0.8391
vn 0.3611 0.3886 0.8477
vn -0.0961 0.9375 0.3344
vn 0.5037 0.7853 0.3600
vn 0.1348 0.9825 0.1287
vn -0.2405 0.5517 -0.7986
vn -0.2898 0.9502 -0.1145
vn -0.4383 0.8988 0.0062
vn -0.0804 0.7809 0.6195
vn -0.4415 -0.3724 0.8163
vn -0.5518 0.8251 0.1212
vn -0.7056 0.7047 -0.0743
vn -0.1946 0.6411 0.7424
vn 0.2328 0.5293 0.8159
vn 0.4548 0.6262 0.6333
vn 0.6886 0.5780 0.4380
vn 0.3544 0.5824 0.7316
vn 0.5651 0.5908 0.5759
vn 0.0440 0.8997 0.4342
vn 0.0541 0.8989 0.4348
vn -0.0560 0.8970 0.4385
vn 0.3639 0.8462 0.3893
vn 0.5832 0.7778 0.2343
vn -0.5331 0.7888 0.3060
vn -0.4014 0.8425 0.3593
vn -0.2189 0.5680 0.7934
vn -0.0690 0.6211 0.7807
vn -0.2903 0.6842 0.6690
vn -0.3321 0.8431 0.4230
vn -0.4413 0.5300 0.7241
vn 0.1252 0.7480 0.6518
vn -0.5038 0.8217 0.2664
vn -0.1059 0.5646 0.8185
vn 0.8446 0.5186 -0.1332
vn 0.8958 0.4285 -0.1182
vn 0.6959 0.5415 0.4717
vn 0.2301 0.5713 0.7878
vn 0.3177 0.5431 0.7772
vn 0.5470 0.7078 0.4471
vn -0.2903 0.8905 0.3505
vn 0.4059 0.9139 0.0008
vn -0.3607 0.9300 0.0709
vn -0.6028 0.7974 0.0264
vn 0.4392 0.5854 0.6815
vn 0.0993 0.7222 0.6846
vn -0.4217 0.4467 0.7891
vn -0.3641 0.8095 0.4605
vn -0.2746 0.8561 0.4379
vn -0.5415 0.5563 0.6303
vn -0.6415 0.5148 0.5688
vn 0.0512 0.4489 0.8921
vn -0.5237 0.4511 0.7227
vn 0.3487 0.6009 0.7193
vn 0.4575 0.5736 0.6795
vn 0.2961 0.5858 0.7544
vn -0.0113 0.4669 0.8843
vn 0.4739 0.4316 0.7676
vn 0.0685 0.5942 0.8014
vn 0.6599 0.4497 0.6019
vn 0.4261 0.9011 -0.0806
vn 0.6522 0.7580 0.0111
vn 0.4876 0.8615 0.1419
vn -0.3299 0.9440 -0.0020
vn -0.3111 0.9376 -0.1554
vn -0.5789 0.8121 0.0726
vn -0.6140 0.6731 0.4123
vn 0.5595 0.6079 0.5633
vn -0.0506 0.6999 0.7124
vn 0.1759 0.6720 0.7194
vn -0.9616 0.2703 0.0485
vn -0.3947 0.5261 0.7533
vn -0.1335 0.5032 0.8538
vn 0.3249 0.6318 0.7038
vn 0.2848 0.5471 0.7871
vn 0.2320 0.5674 0.7901
vn -0.8847 0.3582 0.2984
vn 0.9068 0.4161 0.0673
vn 0.4380 0.5323 0.7245
vn 0.7737 0.4557 0.4401
vn 0.6811 0.5830 0.4430
vn 0.3545 0.7269 0.5882
vn 0.4817 0.8432 -0.2388
vn -0.3090 0.9510 0.0115
vn -0.3003 0.9537 -0.0167
vn -0.2399 0.9695 0.0494
vn -0.4984 0.7014 0.5096
vn -0.6722 0.7187 0.1778
vn -0.4680 0.7793 0.4168
vn -0.2028 0.8614 0.4656
vn 0.3871 0.7549 0.5294
vn 0.1118 0.7153 0.6898
vn -0.1219 0.8084 0.5759
vn -0.3656 0.7156 0.5952
vn -0.5235 0.7847 0.3320
vn 0.3573 0.6485 0.6722
vn -0.2633 0.4691 0.8430
vn -0.4191 0.4403 0.7940
vn 0.8812 0.4245 0.2083
vn 0.3272 0.5195 0.7893
vn 0.4479 0.4820 0.7530
vn 0.4465 0.4795 0.7555
vn 0.6883 0.4843 0.5401
vn 0.5931 0.5981 0.5390
vn 0.4873 0.8733 -0.0007
vn 0.5236 0.8519 0.0132
vn -0.6380 0.6707 0.3783
vn -0.4649 0.6621 0.5879
vn -0.3911 0.7102 0.5854
vn -0.3538 0.7476 0.5620
vn -0.1704 0.6552 0.7360
vn -0.6752 0.4608 0.5759
vn 0.1064 0.7169 0.6890
vn -0.8887 0.4384 -0.1341
vn -0.2050 0.3570 0.9113
vn -0.1952 0.3856 0.9018
vn 0.1764 0.4153 0.8924
vn 0.2611 0.5530 0.7912
vn 0.5698 0.4432 0.6920
vn 0.3874 0.8976 0.2103
vn 0.4352 0.5455 0.7163
vn 0.0715 0.5186 0.8520
vn -0.1687 0.4873 0.8568
vn 0.6934 0.4570 0.5571
vn 0.5180 0.8551 0.0230
vn -0.4876 0.4978 0.7172
vn -0.3004 0.4538 0.8389
vn 0.4912 0.4852 0.7234
vn -0.0339 0.8509 0.5242
vn 0.0635 0.8312 0.5524
vn 0.3938 0.5235 0.7555
vn 0.0345 0.7124 0.7009
vn 0.1145 0.6903 0.7144
vn 0.4054 0.6354 0.6572
vn 0.1805 0.5122 0.8397
vn -0.3910 0.6046 0.6939
vn -0.1628 0.6626 0.7311
vn -0.2629 0.6756 0.6888
vn 0.1766 0.5478 0.8177
vn -0.1856 0.5638 0.8048
vn -0.4027 0.5309 0.7457
vn -0.2399 0.4748 0.8468
vn 0.2998 0.5281 0.7945
vn 0.5990 0.4500 0.6623
vn 0.6018 0.5813 0.5477
vn 0.6692 0.3577 0.6513
vn 0.7144 0.5107 0.4784
vn 0.5215 0.6276 0.5781
vn 0.2957 0.8240 0.4833
vn 0.4805 0.8513 0.2106
vn 0.4972 0.8670 -0.0331
vn -0.3544 0.7940 0.4939
vn -0.5268 0.7021 0.4791
vn -0.6423 0.5839 0.4966
vn 0.1508 0.5439 0.8255
vn -0.3123 0.6231 0.7171
vn -0.8016 0.3055 -0.5139
vn -0.7719 0.4955 -0.3982
vn -0.6550 0.4999 0.5666
vn -0.7589 0.4286 0.4902
vn -0.1150 0.6437 0.7566
vn 0.1588 0.4582 0.8745
vn 0.1877 0.4494 0.8734
vn 0.6952 0.4600 0.5523
vn 0.5292 0.7059 0.4708
vn 0.5675 0.7087 0.4192
vn 0.5831 0.8119 -0.0269
vn -0.2973 0.9418 0.1572
vn -0.1380 0.8908 0.4330
vn -0.2295 0.8884 0.3976
vn -0.3128 0.8229 0.4744
vn -0.6455 0.4132 0.6424
vn -0.1537 0.4206 0.8941
vn 0.1232 0.5144 0.8487
vn 0.0183 0.8019 0.5971
vn -0.8863 0.4309 -0.1700
vn -0.4804 0.4129 0.7738
vn 0.4285 0.4880 0.7604
vn 0.2599 0.5115 0.8191
vn 0.0614 0.4629 0.8843
vn 0.3125 0.5197 0.7952
vn 0.0802 0.4896 0.8683
vn 0.1623 0.4850 0.8593
vn 0.4306 0.4073 0.8055
vn 0.7715 0.5236 0.3615
vn 0.5315 0.7045 0.4703
vn -0.2946 0.9440 0.1484
vn -0.4687 0.8788 0.0895
vn -0.4118 0.8923 0.1851
vn 0.1300 0.6222 0.7720
vn -0.7389 0.6339 -0.2282
vn -0.8716 0.3588 -0.3341
vn -0.1364 0.5502 0.8238
vn -0.0510 0.6610 0.7487
vn -0.6398 0.3860 0.6646
vn -0.1357 0.3257 0.9357
vn 0.3044 0.5105 0.8042
vn 0.6028 0.4345 0.6692
vn 0.3811 0.4634 0.8000
vn 0.0886 0.4529 0.8871
vn -0.1109 0.5618 0.8198
vn 0.4527 0.6516 0.6086
vn 0.5831 0.8107 0.0518
vn -0.2321 0.9549 0.1851
vn -0.3023 0.8828 0.3595
vn -0.3441 0.9150 0.2105
vn -0.4117 0.8923 0.1851
vn -0.4838 0.5791 0.6562
vn -0.0448 0.8642 0.5012
vn -0.1606 0.8263 0.5399
vn -0.7192 0.6595 0.2187
vn -0.6364 0.7660 0.0910
vn -0.0202 0.9803 0.1963
vn -0.3797 0.8242 0.4201
vn 0.3913 0.8056 0.4448
vn 0.5992 0.6234 0.5024
vn 0.3374 0.5320 0.7766
vn -0.5372 0.6117 -0.5808
vn -0.7102 0.6354 -0.3030
vn -0.4906 0.8710 -0.0257
vn -0.5912 0.5044 0.6293
vn -0.7591 0.4236 0.4943
vn 0.2637 0.5038 0.8226
vn 0.7298 0.3555 0.5840
vn 0.6233 0.4330 0.6511
vn 0.1795 0.5604 0.8085
vn 0.4296 0.4731 0.7691
vn 0.7145 0.5724 -0.4024
vn 0.8498 0.5098 0.1336
vn 0.7831 0.5890 0.1998
vn 0.6573 0.7326 0.1766
vn 0.6033 0.7743 0.1912
vn 0.5468 0.8348 -0.0636
vn 0.4188 0.8933 0.1628
vn -0.3796 0.6985 0.6067
vn -0.3174 0.8978 0.3054
vn -0.3253 0.7909 0.5183
vn -0.6262 0.6570 0.4197
vn -0.6161 0.4792 0.6252
vn 0.8904 0.3756 0.2570
vn 0.7257 0.5479 0.4161
vn 0.4470 0.3826 0.8086
vn -0.7547 0.6554 0.0289
vn -0.7796 0.6262 0.0075
vn -0.7012 0.7096 -0.0700
vn 0.1989 0.6502 0.7333
vn 0.4954 0.4484 0.7440
vn 0.3354 0.4716 0.8156
vn 0.0762 0.5196 0.8510
vn 0.7688 0.5076 0.3889
vn 0.7975 0.5886 0.1324
vn 0.8114 0.5818 -0.0554
vn 0.7048 0.7081 -0.0429
vn -0.1735 0.8290 0.5317
vn 0.0217 0.7778 0.6281
vn -0.7364 0.4680 0.4886
vn -0.4658 0.4208 0.7784
vn -0.7060 0.4523 0.5450
vn -0.3418 0.4770 0.8097
vn -0.7312 0.4862 0.4784
vn -0.0914 0.5891 0.8029
vn 0.3943 0.4701 0.7896
vn -0.7684 0.4311 0.4730
vn -0.0586 0.6526 0.7554
vn 0.2185 0.5949 0.7735
vn 0.2387 0.4353 0.8681
vn 0.2826 0.4280 0.8585
vn -0.0499 0.5661 0.8229
vn 0.4534 0.6183 0.6420
vn 0.7404 0.5470 0.3905
vn 0.7307 0.4880 0.4774
vn 0.6543 0.5319 0.5376
vn 0.6525 0.6908 0.3115
vn 0.6887 0.6651 0.2886
vn 0.5586 0.8116 -0.1709
vn 0.4147 0.8983 0.1449
vn -0.3173 0.9137 0.2539
vn -0.4742 0.8599 0.1891
vn -0.3338 0.9117 0.2396
vn -0.3485 0.7382 0.5775
vn -0.3108 0.4787 0.8211
vn -0.6882 0.4850 0.5395
vn 0.6004 0.6022 0.5261
vn -0.0865 0.4900 0.8674
vn -0.6982 0.5367 0.4737
vn -0.5333 0.4551 0.7131
vn -0.6036 0.4080 0.6850
vn 0.4774 0.4229 0.7702
vn 0.3598 0.3405 0.8687
vn 0.1860 0.6620 0.7260
vn 0.6933 0.7169 0.0738
vn 0.2660 0.8146 0.5155
vn -0.4828 0.8665 0.1266
vn -0.5127 0.8485 0.1311
vn -0.0510 0.9554 0.2909
vn -0.4256 0.3891 0.8170
vn -0.3313 0.3745 0.8660
vn -0.0943 0.9951 0.0305
vn -0.6512 0.6861 0.3244
vn -0.1902 0.3266 0.9258
vn 0.1784 0.4965 0.8495
vn -0.6803 0.5344 0.5016
vn -0.5355 0.6557 0.5323
vn -0.7615 0.4091 0.5028
vn -0.4502 0.5286 0.7197
vn 0.3860 0.5751 0.7213
vn 0.0664 0.5299 0.8455
vn 0.3565 0.4298 0.8295
vn 0.2379 0.4687 0.8507
vn 0.6862 0.4252 0.5902
vn 0.0867 0.5157 0.8524
vn 0.4727 0.4276 0.7705
vn 0.1415 0.4744 0.8688
vn 0.8474 0.4437 0.2916
vn 0.8156 0.5160 0.2619
vn 0.7474 0.5743 0.3341
vn 0.8764 0.4695 0.1070
vn 0.8496 0.5109 0.1312
vn 0.4836 0.4684 0.7394
vn 0.7299 0.6587 -0.1829
vn 0.6425 0.7569 -0.1195
vn 0.4415 0.8853 0.1458
vn -0.2760 0.8177 0.5052
vn -0.3146 0.9223 0.2246
vn -0.3633 0.7542 0.5469
vn -0.5599 0.7341 0.3841
vn -0.5548 0.4394 0.7065
vn -0.6306 0.3825 0.6753
vn 0.4290 0.4787 0.7660
vn 0.5185 0.4736 0.7119
vn -0.0915 0.8727 0.4795
vn -0.7902 0.5399 0.2898
vn 0.6503 0.5574 0.5161
vn -0.6163 0.4263 0.6621
vn 0.1331 0.5792 0.8042
vn 0.3261 0.5923 0.7368
vn -0.5931 0.5117 0.6216
vn -0.0224 0.4100 0.9118
vn 0.2591 0.5523 0.7924
vn 0.6491 0.5627 0.5119
vn 0.6660 0.6030 0.4391
vn 0.5556 0.5702 0.6051
vn 0.4511 0.5364 0.7133
vn 0.8294 0.5093 0.2296
vn 0.3774 0.9171 0.1286
vn -0.4931 0.8661 0.0821
vn 0.2349 0.7830 0.5760
vn -0.0777 0.8306 0.5515
vn 0.0134 0.8190 0.5736
vn -0.3160 0.8736 0.3701
vn -0.5066 0.7792 0.3689
vn -0.6662 0.7143 0.2141
vn -0.2056 0.7300 0.6518
vn 0.4951 0.5030 0.7084
vn -0.6030 0.7853 0.1402
vn -0.8591 0.4817 0.1728
vn -0.6933 0.5749 0.4346
vn -0.8320 0.5031 0.2338
vn -0.7572 0.5621 0.3327
vn -0.8238 0.5410 0.1693
vn 0.5160 0.4395 0.7352
vn 0.0976 0.6138 0.7834
vn 0.1927 0.6492 0.7358
vn 0.3507 0.5976 0.7210
vn 0.8220 0.4276 0.3762
vn 0.8419 0.4815 0.2436
vn 0.3078 0.5973 0.7406
vn 0.8772 0.4670 0.1113
vn 0.5532 0.5720 0.6055
vn 0.8292 0.5447 -0.1254
vn -0.3912 0.9190 0.0492
vn -0.7268 0.6740 -0.1326
vn -0.2977 0.6752 0.6749
vn -0.7455 0.4923 0.4493
vn 0.6686 0.4887 0.5605
vn -0.3555 0.3979 0.8458
vn -0.8134 0.4818 0.3259
vn -0.7776 0.6283 -0.0242
vn 0.1967 0.9803 0.0204
vn 0.8323 0.5541 -0.0149
vn 0.7821 0.6194 -0.0679
vn 0.8445 0.4876 -0.2214
vn 0.5907 0.6035 0.5356
vn 0.7205 0.6906 0.0628
vn -0.5818 0.7967 0.1636
vn -0.0666 0.8508 0.5212
vn -0.2549 0.9576 0.1341
vn -0.0745 0.7842 0.6160
vn -0.4306 0.8780 -0.2091
vn -0.3872 0.6047 0.6960
vn -0.7906 0.3890 0.4730
vn 0.4917 0.3964 0.7753
vn 0.4737 0.4263 0.7706
vn 0.6310 0.3673 0.6834
vn -0.8816 0.4135 0.2276
vn -0.0948 0.6623 0.7432
vn -0.6018 0.4083 0.6864
vn 0.5525 0.5316 0.6420
vn 0.6175 0.4642 0.6350
vn -0.0964 0.7618 0.6406
vn -0.6181 0.5216 0.5882
vn -0.6893 0.4337 0.5803
vn -0.4156 0.3568 0.8367
vn 0.6853 0.5219 0.5079
vn 0.7643 0.6014 0.2326
vn 0.1658 0.4957 0.8525
vn 0.7472 0.5496 0.3736
vn 0.7489 0.6089 0.2614
vn 0.4107 0.6808 0.6065
vn 0.7715 0.6223 -0.1327
vn 0.4259 0.8966 0.1212
vn 0.1008 0.9948 -0.0153
vn -0.3885 0.8820 0.2666
vn -0.0260 0.7410 0.6710
vn -0.6003 0.7029 0.3816
vn -0.5268 0.5693 0.6312
vn -0.8849 0.4478 0.1280
vn -0.1278 0.8638 0.4873
vn 0.5467 0.4392 0.7129
vn 0.0033 0.4695 0.8830
vn 0.3071 0.3229 0.8952
vn -0.5852 0.4163 0.6958
vn -0.4033 0.5338 0.7432
vn -0.7510 0.4770 0.4565
vn -0.6927 0.4362 0.5743
vn -0.7079 0.3853 0.5920
vn -0.4271 0.4874 0.7616
vn 0.2472 0.5496 0.7980
vn 0.0050 0.5786 0.8156
vn 0.3566 0.4689 0.8081
vn 0.6108 0.5705 0.5490
vn 0.7768 0.6161 0.1305
vn 0.5372 0.8083 0.2410
vn -0.4501 0.8928 0.0157
vn -0.3894 0.8757 0.2854
vn 0.1928 0.8486 0.4926
vn -0.4910 0.8254 0.2787
vn -0.0639 0.8044 0.5906
vn -0.5688 0.5786 0.5845
vn -0.6414 0.7195 0.2662
vn -0.4855 0.6952 0.5301
vn 0.9046 0.4122 -0.1087
vn -0.8976 0.4232 -0.1232
vn 0.6310 0.6951 0.3444
vn -0.7558 0.5152 0.4041
vn 0.2966 0.2718 0.9155
vn 0.4021 0.4522 0.7961
vn 0.8727 0.3986 0.2821
vn 0.6882 0.4477 0.5709
vn 0.5317 0.5291 0.6613
vn 0.8594 0.4308 0.2755
vn 0.5604 0.7859 0.2612
vn 0.4046 0.8935 0.1949
vn 0.4281 0.9033 0.0299
vn -0.3898 0.8762 0.2834
vn -0.6018 0.6333 0.4866
vn -0.2498 0.6408 0.7259
vn -0.2991 0.6827 0.6666
vn -0.5787 0.4708 0.6660
vn -0.7595 0.4160 0.5002
vn 0.0618 0.9884 0.1391
vn 0.8374 0.5409 0.0789
vn 0.8652 0.4287 -0.2602
vn 0.6019 0.6585 0.4517
vn -0.7922 0.5377 -0.2886
vn -0.8046 0.4974 -0.3242
vn -0.5617 0.7749 0.2899
vn -0.8016 0.3957 0.4481
vn -0.6709 0.5321 -0.5166
vn 0.8829 0.3987 0.2481
vn 0.5906 0.5529 0.5877
vn 0.6161 0.4398 0.6535
vn 0.8853 0.4649 -0.0085
vn 0.7600 0.6428 -0.0957
vn 0.5893 0.5354 -0.6050
vn 0.6482 0.5013 -0.5732
vn 0.6867 0.6909 0.2260
vn -0.4397 0.8503 -0.2893
vn -0.4629 0.8704 0.1680
vn 0.1503 0.8845 0.4417
vn -0.3447 0.9057 0.2465
vn -0.6482 0.7541 0.1057
vn -0.6583 0.6498 0.3800
vn -0.1410 0.8947 0.4239
vn -0.4235 0.7023 0.5722
vn -0.8054 0.5737 -0.1491
vn 0.8857 0.4011 -0.2338
vn 0.3397 0.6737 0.6563
vn 0.6338 0.5408 0.5530
vn -0.1048 0.8505 0.5154
vn -0.6688 0.6947 0.2647
vn -0.7812 0.5432 0.3076
vn -0.6726 0.7185 0.1771
vn -0.6330 0.5423 0.5525
vn -0.8358 0.3979 0.3782
vn -0.5429 0.5081 -0.6686
vn 0.7371 0.5193 -0.4324
vn 0.5048 0.8607 0.0660
vn -0.1501 0.9872 -0.0544
vn -0.5604 0.8189 -0.1240
vn -0.5741 0.8081 -0.1320
vn -0.2303 0.9635 0.1366
vn -0.1299 0.8821 0.4529
vn -0.2449 0.8965 0.3691
vn -0.7079 0.6344 0.3105
vn 0.5946 0.4773 -0.6471
vn 0.7948 0.4140 -0.4436
vn -0.6771 0.6997 0.2279
vn -0.7738 0.5233 -0.3568
vn -0.6361 0.6822 -0.3605
vn -0.7706 0.6088 0.1885
vn -0.7941 0.5464 0.2661
vn -0.6727 0.6473 -0.3586
vn 0.6086 0.4920 0.6225
vn 0.8808 0.4678 -0.0733
vn 0.8509 0.5000 -0.1609
vn 0.7952 0.5967 -0.1076
vn 0.8804 0.4619 -0.1076
vn 0.8138 0.5632 -0.1433
vn 0.7091 0.6883 0.1533
vn 0.6898 0.6985 0.1903
vn 0.4963 0.8597 0.1208
vn -0.2490 0.6541 -0.7143
vn -0.5497 0.7633 0.3393
vn -0.6895 0.7064 0.1601
vn -0.3736 0.5540 0.7440
vn -0.3744 0.5528 0.7445
vn -0.0753 0.6513 0.7550
vn -0.7306 0.6129 0.3010
vn -0.7048 0.7004 0.1125
vn 0.8116 0.5490 -0.1997
vn 0.1569 0.6176 0.7707
vn 0.3459 0.5595 0.7532
vn 0.7578 0.5381 0.3690
vn -0.5744 0.8048 0.1494
vn -0.6526 0.7440 0.1437
vn -0.7886 0.6059 0.1047
vn -0.7220 0.6908 -0.0397
vn -0.6896 0.7240 0.0137
vn 0.6972 0.6912 0.1901
vn 0.9018 0.4088 -0.1401
vn 0.5789 0.4447 -0.6835
vn 0.8832 0.4531 -0.1216
vn 0.7899 0.6065 0.0904
vn -0.5390 0.8384 0.0816
vn -0.4409 0.8974 0.0153
vn -0.3981 0.9173 0.0091
vn -0.4711 0.5191 0.7132
vn -0.7292 0.6305 0.2658
vn -0.6532 0.7098 0.2638
vn -0.8543 0.4202 0.3059
vn 0.4495 0.7160 0.5342
vn -0.1249 0.8188 0.5604
vn 0.0732 0.8514 0.5194
vn -0.7531 0.5447 0.3690
vn 0.4554 0.5371 0.7100
vn 0.2037 0.6491 0.7329
vn 0.3876 0.6180 0.6840
vn 0.8261 0.4838 -0.2888
vn 0.7444 0.5666 -0.3534
vn 0.7273 0.6762 -0.1173
vn 0.4360 0.8998 0.0179
vn -0.4906 0.8668 -0.0890
vn -0.2009 0.8289 0.5220
vn -0.7018 0.5882 0.4018
vn -0.8268 0.4464 0.3422
vn -0.6782 0.5095 0.5296
vn 0.7778 0.5090 0.3687
vn -0.5561 0.5903 0.5851
vn -0.7723 0.6086 0.1822
vn -0.6977 0.4307 0.5724
vn 0.8001 0.5128 0.3113
vn 0.8992 0.4355 -0.0412
vn 0.5168 0.8314 0.2043
vn 0.4976 0.8666 0.0379
vn 0.4195 0.9019 -0.1029
vn -0.5172 0.7733 0.3668
vn -0.2718 0.8989 0.3436
vn -0.3377 0.8109 0.4778
vn -0.5489 0.7237 0.4184
vn -0.6888 0.5907 0.4203
vn -0.0614 0.6853 0.7256
vn -0.1204 0.6517 0.7489
vn -0.7780 0.6127 0.1387
vn 0.7195 0.6925 0.0520
vn 0.7354 0.6758 0.0489
vn -0.6616 0.5128 0.5471
vn -0.5570 0.5723 0.6019
vn -0.4965 0.6155 0.6120
vn -0.7402 0.5985 0.3063
vn 0.8804 0.4642 -0.0965
vn 0.7836 0.4773 -0.3976
vn 0.8313 0.5442 0.1130
vn 0.7892 0.5884 0.1762
vn -0.4307 0.7451 0.5093
vn -0.8053 0.5754 -0.1430
vn -0.6254 0.7686 0.1345
vn -0.6522 0.6508 0.3887
vn -0.3509 0.4647 0.8129
vn 0.3937 0.9031 0.1715
vn 0.5302 0.8136 -0.2386
vn -0.7476 0.5455 0.3788
vn -0.5606 0.5770 0.5940
vn -0.0888 0.9862 -0.1400
vn -0.5851 0.4013 -0.7047
vn 0.5656 0.7954 -0.2178
vn 0.8875 0.4485 -0.1054
vn 0.8300 0.5578 0.0013
vn 0.8067 0.5804 -0.1115
vn 0.6743 0.7215 0.1576
vn 0.6105 0.7478 0.2609
vn 0.4998 0.8328 0.2382
vn 0.5726 0.8175 -0.0608
vn -0.5483 0.8014 0.2391
vn -0.2633 0.7046 0.6589
vn -0.8057 0.5785 0.1271
vn -0.3969 0.4516 0.7991
vn 0.4734 0.7000 0.5346
vn -0.5414 0.4362 0.7188
vn -0.2916 0.5055 0.8120
vn 0.4554 0.8899 -0.0269
vn -0.6705 0.7401 0.0527
vn -0.7878 0.5705 -0.2323
vn -0.6274 0.6603 -0.4128
vn 0.6625 0.4934 -0.5635
vn 0.8282 0.5598 0.0266
vn 0.8392 0.4657 -0.2808
vn 0.8343 0.5191 -0.1857
vn 0.5875 0.7865 0.1905
vn -0.4750 0.7916 0.3844
vn -0.7136 0.6452 0.2730
vn -0.7591 0.6510 -0.0044
vn -0.3632 0.3903 0.8460
vn -0.7294 0.5452 0.4132
vn -0.4784 0.6046 -0.6369
vn 0.3757 0.7775 -0.5043
vn -0.7998 0.5730 -0.1787
vn 0.1031 0.7807 -0.6163
vn -0.3823 0.6866 -0.6185
vn -0.8324 0.5081 -0.2213
vn -0.7809 0.6246 0.0076
vn -0.3136 0.4143 -0.8544
vn -0.5780 0.7007 -0.4182
vn 0.6575 0.6379 -0.4010
vn 0.7978 0.5835 -0.1520
vn 0.8297 0.4834 0.2793
vn 0.8275 0.4906 0.2732
vn 0.8162 0.5776 0.0142
vn 0.7479 0.6594 0.0756
vn 0.5963 0.7475 0.2926
vn 0.3538 0.9328 0.0686
vn -0.4857 0.8735 -0.0325
vn -0.1286 0.7366 0.6640
vn -0.2085 0.7418 0.6374
vn -0.6106 0.6944 0.3806
vn -0.7611 0.6457 0.0620
vn -0.7410 0.5476 0.3886
vn -0.6851 0.6098 0.3984
vn -0.4895 0.4958 0.7173
vn -0.5632 0.4251 0.7086
vn -0.7306 0.4456 0.5173
vn 0.5297 0.4681 0.7073
vn 0.6882 0.5024 -0.5234
vn 0.3087 0.6178 -0.7232
vn 0.1696 0.9170 0.3611
vn -0.0192 0.9092 -0.4159
vn -0.6723 0.6078 -0.4226
vn -0.7661 0.4380 -0.4704
vn -0.6331 0.5469 -0.5477
vn 0.1810 0.6077 -0.7733
vn -0.4439 0.5150 -0.7333
vn -0.8685 0.4945 0.0339
vn 0.7293 0.5856 0.3540
vn 0.7268 0.6796 0.0994
vn 0.8287 0.5591 0.0275
vn 0.7751 0.5638 -0.2852
vn 0.6227 0.7368 0.2635
vn 0.5724 0.8185 -0.0494
vn -0.4320 0.9017 0.0184
vn -0.6051 0.7179 0.3441
vn -0.4818 0.4542 0.7494
vn 0.6296 0.6417 0.4381
vn -0.4940 0.7764 0.3913
vn -0.6889 0.6798 0.2515
vn -0.8511 0.4550 -0.2619
vn -0.0535 0.9722 0.2282
vn 0.7983 0.4892 -0.3512
vn -0.5202 0.7613 -0.3871
vn 0.6985 0.6003 -0.3896
vn -0.3744 0.4613 -0.8044
vn -0.7241 0.6414 0.2535
vn -0.5753 0.3998 -0.7136
vn -0.8680 0.4804 -0.1255
vn 0.4994 0.4325 0.7507
vn 0.8344 0.3628 0.4149
vn 0.8221 0.5435 -0.1694
vn 0.7569 0.5771 0.3067
vn 0.6458 0.4726 0.5996
vn 0.7312 0.4404 0.5209
vn 0.7020 0.6898 -0.1773
vn 0.5064 0.8557 0.1066
vn 0.3717 0.9264 0.0603
vn -0.6135 0.7711 0.1706
vn -0.4980 0.5378 0.6802
vn -0.3787 0.5029 0.7769
vn -0.4054 0.4859 0.7743
vn -0.6827 0.5375 0.4950
vn 0.6718 0.5126 0.5347
vn 0.7192 0.6080 0.3361
vn -0.2684 0.6930 0.6691
vn 0.3264 0.5340 -0.7799
vn 0.8801 0.3883 -0.2733
vn -0.1465 0.4514 -0.8802
vn 0.5189 0.4295 -0.7391
vn 0.0752 0.5666 -0.8206
vn -0.4814 0.7804 -0.3991
vn -0.7915 0.5921 -0.1515
vn -0.7714 0.3145 -0.5533
vn 0.9089 0.3184 -0.2694
vn 0.8749 0.4597 -0.1521
vn 0.7855 0.6077 -0.1166
vn 0.4607 0.8777 0.1319
vn -0.6148 0.7651 0.1913
vn -0.6296 0.7467 0.2145
vn -0.7854 0.4878 0.3811
vn -0.8369 0.4460 0.3172
vn 0.7270 0.4611 0.5088
vn -0.2674 0.4436 0.8554
vn -0.8402 0.4581 -0.2902
vn 0.5252 0.7711 -0.3600
vn -0.0273 0.8386 -0.5441
vn -0.9285 0.3646 -0.0704
vn -0.1292 0.7500 -0.6487
vn -0.8307 0.4331 -0.3498
vn -0.4430 0.5235 -0.7278
vn -0.7485 0.3942 -0.5332
vn -0.4625 0.3943 -0.7941
vn 0.8603 0.4593 -0.2210
vn 0.8355 0.5425 -0.0874
vn 0.7138 0.6122 0.3401
vn 0.7271 0.6812 -0.0855
vn -0.4788 0.8664 0.1422
vn -0.3980 0.8951 0.2008
vn -0.6324 0.7468 0.2059
vn -0.4011 0.4880 0.7753
vn -0.4273 0.7801 0.4571
vn -0.7385 0.4626 0.4905
vn -0.7100 0.5266 0.4674
vn -0.6648 0.4927 0.5615
vn 0.7304 0.5140 0.4498
vn -0.1677 0.4858 0.8578
vn -0.6098 0.6100 0.5061
vn -0.6214 0.6058 0.4968
vn 0.6343 0.3755 -0.6758
vn -0.4730 0.7979 -0.3737
vn -0.3520 0.5214 -0.7773
vn -0.7852 0.5919 -0.1819
vn -0.8290 0.5295 -0.1799
vn 0.7712 0.3910 -0.5025
vn 0.7197 0.6877 -0.0954
vn 0.7743 0.6325 0.0187
vn 0.7047 0.3940 -0.5901
vn 0.5908 0.6997 0.4017
vn 0.6962 0.7127 0.0863
vn -0.6390 0.6612 0.3931
vn -0.6520 0.5481 0.5239
vn -0.5826 0.5654 0.5838
vn -0.7432 0.6684 -0.0303
vn -0.7549 0.6462 0.1123
vn -0.8370 0.4683 0.2830
vn 0.8258 0.5088 0.2432
vn -0.1787 0.5091 0.8420
vn 0.6314 0.4045 -0.6617
vn 0.6355 0.4124 -0.6527
vn -0.1446 0.7665 -0.6257
vn -0.0756 0.6128 -0.7866
vn -0.9674 -0.2523 0.0208
vn 0.2886 0.5603 -0.7764
vn -0.5737 0.8176 0.0489
vn -0.7529 0.6540 -0.0744
vn -0.7721 0.5471 -0.3234
vn 0.8747 0.4813 -0.0563
vn 0.8179 0.5751 0.0165
vn 0.5090 0.6353 0.5808
vn 0.7111 0.6917 0.1261
vn 0.5360 0.8201 0.2005
vn 0.3600 0.9252 0.1200
vn -0.5580 0.7865 0.2648
vn -0.6323 0.6502 0.4213
vn -0.6257 0.6664 0.4056
vn -0.6855 0.7117 -0.1534
vn -0.7110 0.6691 -0.2164
vn -0.6524 0.6289 0.4229
vn 0.7765 0.5694 0.2700
vn -0.3652 0.8367 0.4080
vn 0.4307 0.3762 -0.8203
vn -0.2879 0.9414 -0.1759
vn -0.5616 0.8070 -0.1827
vn -0.6654 0.7453 0.0411
vn -0.6620 0.7214 -0.2032
vn -0.7326 0.6775 -0.0654
vn -0.8779 0.4614 0.1282
vn 0.7384 0.3657 -0.5666
vn 0.4465 0.5117 -0.7341
vn 0.3629 0.6001 -0.7129
vn 0.7314 0.4250 -0.5333
vn 0.8601 0.4346 -0.2672
vn 0.5962 0.7075 0.3793
vn 0.6912 0.7009 0.1758
vn -0.6279 0.6756 0.3864
vn -0.5598 0.7705 0.3050
vn -0.7437 0.6588 0.1134
vn -0.8225 0.5402 -0.1778
vn -0.8487 0.4743 0.2341
vn -0.7487 0.6608 -0.0537
vn 0.8321 0.4642 -0.3036
vn 0.7709 0.3676 -0.5202
vn -0.1831 0.8660 -0.4653
vn -0.5501 0.7819 -0.2934
vn -0.7209 0.5965 0.3529
vn -0.6224 0.6795 0.3885
vn -0.7467 0.6651 0.0032
vn -0.8679 0.3843 -0.3147
vn 0.7108 0.4162 -0.5670
vn 0.6899 0.5837 -0.4282
vn 0.8568 0.4237 -0.2937
vn 0.7251 0.4923 -0.4815
vn 0.6525 0.6541 0.3827
vn 0.3893 0.6327 0.6694
vn 0.5943 0.7408 0.3131
vn 0.7072 0.6947 0.1310
vn 0.5611 0.8201 0.1124
vn 0.4814 0.8726 -0.0824
vn 0.4017 -0.0583 0.9139
vn -0.6487 0.7585 0.0620
vn -0.8790 0.4632 0.1134
vn -0.5766 0.7888 0.2129
vn -0.6232 0.7141 -0.3189
vn 0.7636 0.5750 0.2938
vn 0.6398 0.6559 0.4005
vn 0.3825 0.3922 -0.8366
vn -0.3158 0.9276 -0.1995
vn -0.5539 0.7880 -0.2689
vn -0.6821 0.6692 -0.2948
vn -0.5683 0.6010 0.5620
vn -0.9174 0.3860 -0.0965
vn 0.5246 0.4778 -0.7047
vn 0.7104 0.3823 -0.5909
vn 0.3614 0.4909 0.7927
vn 0.6115 0.7896 0.0517
vn 0.5998 0.7984 0.0523
vn 0.3400 0.9382 0.0645
vn -0.4513 0.8638 0.2242
vn -0.7065 0.6975 -0.1198
vn -0.3596 0.5203 0.7746
vn -0.6927 0.7209 0.0224
vn -0.6735 0.7178 0.1764
vn -0.5526 0.5334 -0.6404
vn 0.6455 0.6314 -0.4297
vn 0.6334 0.3145 -0.7070
vn 0.5201 0.4295 -0.7383
vn -0.7603 0.6494 0.0155
vn -0.6271 0.5630 0.5383
vn -0.9037 0.3747 -0.2073
vn 0.3938 0.4881 -0.7789
vn 0.5965 0.3713 -0.7115
vn 0.6325 0.7586 0.1568
vn 0.6617 0.7145 0.2274
vn 0.6886 0.6857 -0.2358
vn 0.6384 0.6915 0.3381
vn 0.1868 0.8393 0.5106
vn 0.7652 0.5741 0.2914
vn -0.5598 0.7947 0.2348
vn -0.6179 0.7554 0.2181
vn -0.8161 0.5068 -0.2778
vn -0.4411 0.6943 -0.5686
vn -0.8561 0.5167 -0.0071
vn -0.2174 0.6901 0.6903
vn -0.5240 0.6565 0.5426
vn -0.8315 0.5417 0.1231
vn -0.8870 0.4608 -0.0282
vn -0.6179 0.7685 0.1661
vn 0.7420 0.5604 0.3679
vn 0.6234 0.6980 -0.3525
vn -0.2366 0.9676 -0.0879
vn -0.0791 0.4738 -0.8771
vn -0.1770 0.3258 -0.9287
vn -0.3087 0.9414 -0.1360
vn -0.3203 0.9378 -0.1340
vn -0.6980 0.6620 -0.2732
vn -0.6033 0.7272 0.3275
vn -0.6976 0.6179 0.3628
vn 0.8607 0.5044 -0.0692
vn 0.6325 0.7154 0.2970
vn 0.5943 0.7403 0.3144
vn 0.7005 0.6935 -0.1682
vn 0.5968 0.5836 -0.5507
vn 0.5978 0.7993 0.0609
vn 0.3534 0.9336 -0.0596
vn -0.4701 0.5386 0.6992
vn -0.3651 0.6341 0.6817
vn -0.5995 0.6039 0.5253
vn -0.5849 0.5210 0.6216
vn -0.8220 0.5408 -0.1786
vn -0.8026 0.5711 -0.1724
vn -0.2833 0.9374 -0.2023
vn -0.5709 0.8050 -0.1614
vn 0.9257 0.3315 -0.1823
vn 0.2270 0.6043 -0.7638
vn 0.2236 0.3311 -0.9167
vn -0.4111 0.9071 0.0899
vn -0.4412 0.8931 0.0878
vn -0.5138 0.8579 -0.0100
vn -0.5787 0.4891 0.6526
vn -0.8685 0.4822 -0.1150
vn -0.6902 0.7209 0.0629
vn 0.7857 0.5328 -0.3142
vn 0.7480 0.5979 -0.2880
vn 0.6959 0.6141 -0.3723
vn 0.3583 0.5302 0.7684
vn 0.3537 0.5068 0.7862
vn 0.7706 0.6032 0.2058
vn 0.6748 0.7367 -0.0442
vn 0.6761 0.7264 -0.1234
vn -0.4765 0.8156 0.3283
vn -0.7910 0.4996 -0.3530
vn -0.3748 0.6745 -0.6361
vn -0.2060 0.9688 0.1377
vn -0.8393 0.5149 0.1746
vn -0.3117 0.7792 0.5438
vn -0.8301 0.5426 0.1286
vn -0.7032 0.4820 -0.5227
vn -0.5808 0.5222 -0.6245
vn -0.6149 0.6527 0.4426
vn 0.4526 0.3428 -0.8232
vn 0.3256 0.3109 -0.8929
vn 0.6906 0.2871 -0.6638
vn -0.1267 0.3251 -0.9372
vn -0.4121 0.8661 -0.2829
vn -0.6771 0.4574 -0.5765
vn 0.7486 0.5593 -0.3560
vn 0.7221 0.6727 -0.1612
vn 0.8198 0.5353 -0.2034
vn 0.6568 0.6732 0.3398
vn -0.0488 0.4199 0.9063
vn 0.4426 0.4774 0.7591
vn 0.8092 0.5875 0.0058
vn 0.7132 0.6793 0.1730
vn 0.2249 0.7877 0.5736
vn 0.4948 0.6294 0.5992
vn 0.8676 0.4964 0.0293
vn 0.5083 0.8602 0.0406
vn 0.4663 0.8730 0.1428
vn -0.7330 0.6679 -0.1287
vn -0.8240 0.5544 -0.1173
vn -0.6250 0.7683 -0.1383
vn -0.8068 0.4524 -0.3801
vn -0.0569 0.5315 -0.8451
vn -0.2801 0.5016 -0.8185
vn 0.1360 0.6547 -0.7436
vn -0.7811 0.4183 -0.4636
vn 0.7957 0.5470 -0.2602
vn 0.7935 0.5369 -0.2867
vn 0.2453 0.5638 -0.7887
vn 0.2361 0.5488 -0.8019
vn 0.7158 0.5222 0.4636
vn 0.6511 0.7255 0.2231
vn 0.6573 0.7164 0.2338
vn -0.0155 0.3151 0.9489
vn 0.8280 0.5293 -0.1852
vn 0.7516 0.6541 -0.0852
vn 0.7642 0.6303 -0.1368
vn 0.5821 0.8131 0.0083
vn 0.6945 0.7009 0.1626
vn 0.7681 0.6312 0.1080
vn 0.6856 0.7201 -0.1069
vn -0.5441 0.8272 0.1403
vn -0.5242 0.5603 -0.6413
vn -0.4945 0.5998 -0.6291
vn -0.6452 0.5075 -0.5712
vn -0.4335 0.4960 -0.7524
vn -0.2734 0.7159 -0.6425
vn -0.5607 0.5829 -0.5881
vn -0.4945 0.3230 -0.8069
vn 0.7332 0.5569 -0.3901
vn -0.1037 0.8056 -0.5833
vn 0.5315 0.4501 -0.7176
vn -0.4205 0.8915 -0.1687
vn -0.5660 0.8226 0.0541
vn 0.5725 0.6759 -0.4641
vn 0.8561 0.4716 0.2115
vn 0.7817 0.6088 0.1351
vn 0.0118 0.3149 0.9491
vn 0.7436 0.6619 -0.0951
vn 0.8718 0.4858 -0.0630
vn 0.6625 0.6753 0.3243
vn 0.6993 0.6407 0.3170
vn 0.3158 0.6676 -0.6742
vn 0.6927 0.4610 -0.5546
vn 0.4246 0.6320 -0.6483
vn 0.7148 0.4883 -0.5006
vn -0.3036 0.4921 -0.8159
vn -0.5326 0.3742 -0.7592
vn -0.2373 0.4873 -0.8404
vn 0.1430 0.8389 -0.5252
vn 0.4134 0.5386 -0.7342
vn -0.4184 0.8731 0.2503
vn 0.5715 0.6700 0.4738
vn -0.0418 0.9147 0.4021
vn 0.5368 0.6329 -0.5580
vn 0.5526 0.5890 -0.5897
vn 0.8091 0.4775 -0.3426
vn 0.7509 0.5867 -0.3033
vn 0.7486 0.4933 -0.4430
vn 0.5787 0.6662 -0.4704
vn 0.4541 0.8899 -0.0427
vn -0.5404 0.8379 0.0767
vn -0.6341 0.7107 0.3047
vn -0.7326 0.6589 -0.1708
vn -0.6191 0.7842 -0.0430
vn -0.5603 0.7468 -0.3582
vn -0.6946 0.4848 -0.5315
vn -0.7974 0.4144 -0.4387
vn -0.0128 0.4882 -0.8727
vn 0.7227 0.3436 -0.5997
vn 0.4144 0.3304 -0.8480
vn 0.8693 0.1921 -0.4555
vn 0.7113 0.3755 -0.5942
vn -0.4989 0.8547 -0.1434
vn 0.5690 0.6457 -0.5093
vn 0.6269 0.6127 0.4813
vn 0.5929 0.7225 0.3556
vn 0.4635 0.6421 -0.6106
vn 0.7556 0.1348 -0.6410
vn 0.7157 0.6258 -0.3100
vn 0.6958 0.6319 -0.3416
vn 0.6542 0.7506 -0.0933
vn 0.5173 0.8558 -0.0028
vn -0.6394 0.7523 0.1589
vn -0.5489 0.8359 0.0005
vn -0.5045 0.8617 -0.0548
vn -0.6401 0.6840 -0.3499
vn -0.2843 0.4534 -0.8447
vn -0.6844 0.4112 -0.6020
vn 0.5351 0.4124 -0.7372
vn -0.0069 0.4892 -0.8721
vn 0.5559 0.4210 -0.7168
vn 0.3631 0.5535 -0.7495
vn 0.4156 0.5975 -0.6858
vn -0.1523 0.9716 -0.1810
vn -0.4314 0.9004 0.0567
vn -0.6968 0.7093 -0.1068
vn 0.6534 0.7547 -0.0595
vn 0.6590 0.7487 -0.0720
vn 0.6935 0.7008 -0.1668
vn 0.7394 0.6523 -0.1669
vn 0.6559 0.7492 -0.0923
vn -0.6106 0.7851 0.1044
vn -0.5951 0.8011 -0.0643
vn -0.4373 0.6517 0.6198
vn -0.6782 0.7083 -0.1959
vn 0.6214 0.7108 0.3294
vn 0.8264 0.4310 -0.3623
vn 0.8335 0.4226 -0.3558
vn 0.2539 0.7050 -0.6622
vn 0.2208 0.8110 -0.5418
vn -0.3962 0.8858 -0.2415
vn -0.4508 0.8887 -0.0830
vn -0.4462 0.8940 -0.0396
vn -0.4835 0.8682 0.1117
vn -0.4970 0.8636 0.0851
vn -0.5625 0.7991 0.2123
vn 0.7422 0.6619 -0.1052
vn 0.7196 0.6943 0.0130
vn 0.6165 0.7866 0.0347
vn 0.5397 0.8410 0.0371
vn -0.5178 0.6160 0.5936
vn -0.3814 0.5789 0.7207
vn -0.4632 0.8245 0.3249
vn -0.6593 0.7389 0.1391
vn -0.4025 0.9096 -0.1033
vn -0.5189 0.7434 -0.4220
vn 0.5856 0.7147 0.3825
vn 0.8762 0.3736 0.3044
vn 0.6108 0.7114 -0.3475
vn 0.1729 0.4227 -0.8896
vn -0.1528 0.9493 -0.2749
vn -0.5287 0.7774 0.3408
vn -0.2948 0.9146 0.2767
vn -0.3382 0.6805 0.6500
vn -0.2887 0.5988 0.7471
vn -0.7045 0.7034 0.0941
vn -0.7320 0.5257 0.4334
vn 0.6645 0.7247 -0.1822
vn 0.6649 0.6697 -0.3307
vn 0.7516 0.6505 -0.1092
vn -0.5555 0.8118 0.1799
vn -0.5868 0.4892 0.6453
vn -0.0503 0.4390 0.8971
vn 0.8638 0.4651 -0.1935
vn -0.1035 0.5056 -0.8566
vn 0.6420 0.3950 -0.6571
vn 0.2217 0.4601 -0.8597
vn -0.5182 0.5788 0.6297
vn -0.3707 0.3118 0.8748
vn -0.5119 0.6118 0.6030
vn 0.6230 0.7509 -0.2191
vn 0.4072 0.9125 0.0390
vn -0.6049 0.7732 0.1901
vn -0.7113 0.6448 0.2797
vn -0.6262 0.7779 0.0530
vn 0.8224 0.4057 -0.3989
vn -0.6915 0.4835 -0.5367
vn 0.4263 0.4981 -0.7551
vn 0.8303 0.3831 -0.4049
vn -0.1503 0.9416 -0.3014
vn -0.8256 0.4987 0.2639
vn -0.9183 0.2709 0.2886
vn -0.3169 0.4463 0.8369
vn -0.1564 0.3955 0.9050
vn 0.7640 0.5855 0.2712
vn -0.3992 0.6682 0.6279
vn -0.2461 0.6793 0.6913
vn -0.5365 0.7382 0.4090
vn -0.6995 0.5822 0.4144
vn -0.7860 0.5025 0.3601
vn 0.7353 0.6424 0.2160
vn 0.7204 0.6863 -0.0996
vn -0.5421 0.8381 0.0600
vn -0.6195 0.7835 0.0486
vn -0.5939 0.8031 -0.0488
vn -0.4576 0.4355 0.7752
vn 0.0073 0.4001 0.9165
vn -0.2460 0.7860 0.5671
vn 0.7591 0.3873 -0.5233
vn -0.0839 0.5088 -0.8568
vn 0.4866 0.4805 -0.7297
vn 0.4990 0.3860 -0.7759
vn -0.2013 0.6733 -0.7114
vn -0.3576 0.5187 0.7766
vn -0.5013 0.4303 0.7507
vn 0.7023 0.7045 0.1026
vn 0.6621 0.7268 -0.1827
vn 0.7114 0.7001 -0.0623
vn 0.5730 0.8125 -0.1075
vn 0.5117 0.8530 -0.1025
vn -0.5564 0.8300 0.0397
vn -0.6418 0.7443 0.1844
vn 0.6709 0.4096 0.6181
vn 0.3347 0.5926 0.7327
vn -0.2240 0.7381 0.6364
vn 0.0071 0.8529 -0.5221
vn -0.6195 0.3679 -0.6934
vn -0.2085 0.6249 -0.7523
vn 0.6955 0.7022 -0.1523
vn 0.6885 0.7068 -0.1625
vn 0.7363 0.6748 -0.0502
vn 0.7229 0.6857 -0.0851
vn -0.5511 0.8344 -0.0012
vn -0.6664 0.7053 0.2417
vn -0.7130 0.5100 0.4812
vn -0.8110 0.3712 0.4522
vn -0.3658 0.3994 0.8406
vn -0.3629 0.4160 0.8338
vn 0.7533 0.5707 0.3268
vn -0.0487 0.6300 0.7751
vn 0.4353 0.6786 -0.5916
vn 0.4030 0.7023 -0.5868
vn 0.5854 0.6173 -0.5255
vn 0.3084 0.8232 -0.4767
vn -0.8223 0.4964 0.2782
vn -0.7056 0.6935 -0.1455
vn -0.6586 0.6947 -0.2892
vn -0.6905 0.5802 -0.4320
vn -0.2923 0.7613 0.5788
vn -0.6745 0.7027 0.2263
vn -0.6070 0.7569 0.2423
vn 0.4624 0.5418 0.7019
vn 0.6197 0.3030 0.7239
vn 0.6112 0.5425 0.5763
vn 0.5356 0.5666 0.6261
vn 0.7230 0.5075 0.4686
vn 0.7470 0.6608 -0.0729
vn 0.6654 0.6711 -0.3269
vn -0.3468 0.4918 0.7986
vn -0.3113 0.7316 0.6065
vn -0.5023 0.6207 0.6020
vn -0.4798 0.5593 0.6760
vn -0.7140 0.5630 0.4161
vn -0.7620 0.4686 0.4469
vn 0.8086 0.4831 0.3359
vn 0.1480 0.7556 0.6381
vn 0.5461 0.8270 0.1334
vn -0.7481 0.5616 -0.3536
vn 0.0375 0.9988 -0.0313
vn 0.5373 0.7754 -0.3319
vn -0.6754 0.6669 0.3149
vn -0.7245 0.6598 0.1993
vn -0.6506 0.7466 0.1389
vn -0.6336 0.7574 0.1580
vn -0.8356 0.3628 0.4126
vn 0.4093 0.8704 0.2736
vn 0.7628 0.6448 0.0484
vn 0.5347 0.5582 0.6345
vn 0.7966 0.5336 0.2839
vn 0.6166 0.7002 0.3600
vn 0.7404 0.4811 0.4694
vn 0.5781 0.8120 -0.0801
vn 0.5483 0.8359 0.0250
vn 0.5100 0.8601 0.0119
vn -0.6131 0.7790 0.1315
vn -0.6926 0.6259 0.3586
vn -0.6639 0.6871 0.2951
vn -0.7128 0.5636 0.4174
vn 0.2732 0.5154 0.8122
vn -0.2106 0.6956 0.6869
vn 0.7982 0.5312 0.2841
vn 0.5153 0.8216 0.2439
vn 0.6461 0.5927 -0.4809
vn -0.8503 0.5254 -0.0308
vn -0.2438 0.3649 0.8986
vn -0.5348 0.6095 0.5852
vn 0.7800 0.4713 -0.4116
vn 0.3988 0.9077 0.1307
vn 0.7311 0.6600 0.1730
vn 0.7783 0.6276 0.0213
vn 0.5229 0.5927 0.6126
vn 0.7408 0.6182 0.2627
vn 0.7302 0.6329 0.2575
vn 0.7376 0.5773 -0.3503
vn 0.7314 0.5949 -0.3336
vn 0.5956 0.7992 -0.0805
vn -0.5758 0.7839 0.2323
vn -0.6222 0.6629 -0.4164
vn -0.5289 0.7352 -0.4240
vn -0.6283 0.7538 -0.1924
vn -0.3031 0.8916 0.3364
vn -0.8364 0.4888 -0.2482
vn -0.5890 0.7339 -0.3383
vn -0.5854 0.7419 -0.3270
vn 0.5455 0.7658 -0.3406
vn 0.0385 0.5379 0.8421
vn 0.3859 0.4720 0.7927
vn 0.0852 0.6487 0.7563
vn 0.8079 0.5451 0.2240
vn 0.4153 0.5099 0.7534
vn 0.6819 0.7145 0.1564
vn -0.2005 0.4847 -0.8514
vn 0.4906 0.5596 -0.6680
vn 0.1358 0.9257 -0.3532
vn -0.1513 0.9398 -0.3065
vn -0.5269 0.2368 0.8163
vn 0.1635 0.2732 0.9480
vn -0.2556 0.5242 0.8124
vn -0.7123 0.6379 0.2929
vn -0.2562 0.7204 0.6446
vn -0.8176 0.5200 0.2474
vn -0.5050 0.3076 0.8065
vn 0.5955 0.4864 -0.6393
vn 0.4243 0.5223 -0.7397
vn 0.8757 0.4134 -0.2493
vn -0.0725 0.8114 -0.5799
vn 0.5827 0.5810 -0.5682
vn 0.7938 0.6068 -0.0404
vn 0.5526 0.8318 0.0524
vn -0.8017 0.5067 0.3169
vn 0.1775 0.6416 0.7462
vn 0.7176 0.5320 0.4495
vn 0.7965 0.5331 0.2854
vn 0.6673 0.6004 -0.4407
vn 0.6385 0.6477 -0.4158
vn -0.0724 0.9972 -0.0176
vn 0.7078 0.6904 -0.1496
vn -0.1244 0.9517 -0.2808
vn -0.9054 0.2830 0.3165
vn -0.6033 0.5378 0.5889
vn -0.6027 0.5460 0.5819
vn -0.5772 0.7159 0.3928
vn -0.5667 0.6089 0.5551
vn 0.6079 0.5009 -0.6161
vn 0.5380 0.4339 -0.7227
vn 0.2799 0.6002 -0.7493
vn 0.3821 0.4529 -0.8055
vn 0.8644 0.4984 -0.0663
vn 0.4310 0.7967 0.4237
vn 0.3658 0.9216 0.1298
vn -0.5923 0.7984 0.1082
vn -0.5845 0.8061 0.0924
vn -0.6262 0.7274 -0.2805
vn -0.5614 0.4415 0.7000
vn -0.8203 0.4948 0.2867
vn -0.7934 0.6072 -0.0417
vn -0.6019 0.7983 0.0208
vn 0.3786 0.7451 0.5491
vn 0.8645 0.4510 0.2218
vn 0.3823 0.8522 -0.3573
vn -0.9426 0.3115 -0.1200
vn -0.4874 0.5025 -0.7141
vn -0.4461 0.7943 -0.4124
vn 0.4385 0.6572 0.6130
vn -0.2554 0.7615 0.5957
vn -0.2909 0.6784 0.6747
vn -0.6104 0.4135 0.6756
vn -0.6367 0.5047 0.5830
vn -0.6620 0.4138 0.6249
vn 0.4252 0.8816 -0.2050
vn 0.7926 0.5996 -0.1113
vn 0.7671 0.6075 -0.2063
vn 0.7752 0.5830 -0.2433
vn 0.1327 0.2659 -0.9548
vn 0.5668 0.3760 -0.7331
vn 0.3792 0.4410 -0.8135
vn 0.8120 0.4152 -0.4102
vn 0.5887 0.5931 -0.5493
vn 0.6077 0.6486 -0.4583
vn 0.5194 0.8232 -0.2294
vn 0.6033 0.7953 -0.0589
vn 0.1382 0.6852 0.7151
vn -0.5710 0.8208 0.0105
vn -0.6219 0.7797 0.0729
vn -0.6501 0.7485 -0.1309
vn -0.7954 0.5772 0.1847
vn -0.7625 0.6096 0.2167
vn -0.7702 0.4268 0.4740
vn -0.4487 0.3319 0.8298
vn -0.6212 0.5161 0.5897
vn -0.7450 0.5319 0.4027
vn 0.6539 0.7300 -0.1989
vn 0.6722 0.5889 -0.4487
vn 0.1691 0.8627 -0.4767
vn -0.0390 0.9586 -0.2822
vn -0.9112 0.4068 0.0652
vn -0.6735 0.6425 0.3655
vn -0.6862 0.5144 0.5143
vn -0.6200 0.2730 0.7356
vn -0.5576 0.3115 0.7694
vn -0.5171 0.3150 0.7958
vn 0.2162 0.4607 -0.8608
vn 0.7929 0.5997 -0.1080
vn 0.7716 0.5663 -0.2897
vn 0.4597 0.3958 -0.7950
vn 0.6119 0.6449 -0.4580
vn 0.4293 0.8721 -0.2347
vn 0.2806 0.9579 0.0613
vn 0.1641 0.9862 0.0237
vn 0.6023 0.7948 -0.0742
vn -0.6218 0.7282 0.2884
vn -0.7160 0.3731 0.5900
vn -0.7441 0.5275 0.4098
vn -0.8759 0.3163 0.3643
vn -0.3854 0.5123 0.7675
vn -0.6229 0.5443 0.5620
vn 0.7678 0.4889 -0.4142
vn 0.8163 0.4280 -0.3879
vn 0.1513 0.8317 -0.5341
vn 0.8164 0.5367 -0.2132
vn -0.1689 0.9379 -0.3030
vn -0.7894 0.5910 0.1660
vn -0.6897 0.5444 0.4774
vn -0.5791 0.5801 0.5728
vn -0.5852 0.5493 0.5964
vn -0.7947 0.3904 0.4648
vn -0.3045 0.4652 0.8312
vn -0.6168 0.5213 0.5898
vn -0.2612 0.5182 -0.8144
vn -0.2683 0.6264 -0.7319
vn 0.7483 0.5926 -0.2981
vn 0.6588 0.6326 -0.4071
vn 0.4616 0.8174 -0.3447
vn 0.3146 0.8873 0.3372
vn -0.5125 0.8348 0.2009
vn -0.7012 0.5708 0.4272
vn -0.8875 0.3830 0.2562
vn -0.6475 0.7462 0.1549
vn 0.7142 0.6984 -0.0463
vn 0.8274 0.5581 -0.0630
vn 0.8219 0.5669 -0.0559
vn 0.8205 0.4673 -0.3291
vn 0.3575 0.9221 -0.1481
vn -0.6121 0.4743 0.6327
vn -0.4202 0.4876 0.7653
vn -0.2821 0.6701 0.6866
vn -0.2834 0.6687 0.6874
vn -0.7153 0.4826 0.5053
vn 0.8013 0.5917 -0.0878
vn 0.9106 0.4127 -0.0243
vn 0.5123 0.5174 -0.6855
vn 0.1619 0.5661 -0.8083
vn 0.6523 0.5724 -0.4969
vn 0.0667 0.9592 0.2746
vn 0.7038 0.5810 0.4088
vn 0.7528 0.5678 -0.3330
vn 0.7221 0.6044 -0.3367
vn 0.6074 0.6485 -0.4589
vn 0.3681 0.8667 -0.3367
vn 0.3421 0.8814 0.3257
vn 0.3967 0.8307 0.3905
vn -0.0343 0.8112 0.5838
vn 0.0809 0.9168 0.3912
vn -0.5707 0.8176 -0.0768
vn -0.8538 0.5118 -0.0951
vn -0.3272 0.3131 -0.8916
vn -0.4337 0.6768 -0.5948
vn -0.7634 0.5152 -0.3896
vn 0.7591 0.4705 -0.4498
vn 0.4919 0.5691 -0.6589
vn -0.2296 0.7353 -0.6377
vn 0.3687 0.8286 -0.4214
vn -0.4192 0.5295 0.7375
vn -0.6609 0.5023 0.5575
vn -0.8775 0.3533 0.3244
vn -0.8871 0.4582 -0.0555
vn 0.6258 0.4532 -0.6348
vn 0.3131 0.4889 -0.8142
vn 0.0551 0.6743 -0.7364
vn 0.8313 0.4721 -0.2935
vn 0.8318 0.4989 -0.2434
vn 0.7530 0.5708 -0.3275
vn 0.6029 0.7519 -0.2669
vn 0.5406 0.7980 -0.2663
vn -0.4376 0.6287 -0.6428
vn 0.6834 0.6130 0.3964
vn 0.4459 0.8915 0.0795
vn 0.5818 0.8075 -0.0971
vn -0.5214 0.8496 -0.0793
vn -0.5975 0.8011 0.0348
vn -0.6575 0.7496 0.0766
vn -0.7253 0.6337 0.2691
vn -0.7851 0.5088 0.3532
vn -0.9068 0.4124 -0.0879
vn -0.6572 0.7151 -0.2381
vn -0.7747 0.6323 -0.0012
vn 0.1925 0.6165 -0.7635
vn 0.5169 0.4509 -0.7277
vn 0.7473 0.4292 -0.5073
vn -0.8964 0.3771 0.2331
vn -0.8612 0.4625 0.2109
vn -0.7994 0.5177 0.3048
vn -0.4515 0.6408 0.6210
vn -0.3967 0.5956 0.6985
vn -0.4653 0.4839 0.7412
vn -0.2679 0.5616 0.7829
vn -0.4679 0.4891 0.7361
vn -0.4837 0.3718 0.7923
vn 0.3760 0.4699 -0.7986
vn -0.2649 0.2135 -0.9403
vn 0.3119 0.4866 -0.8160
vn 0.6508 0.4138 -0.6366
vn 0.7206 0.6331 -0.2827
vn 0.3522 0.8764 -0.3285
vn -0.3407 0.6520 -0.6774
vn 0.2509 0.8619 -0.4406
vn 0.2574 0.8568 -0.4468
vn 0.0284 0.8651 -0.5007
vn -0.0250 0.9388 -0.3436
vn -0.5158 0.8518 -0.0921
vn -0.6775 0.6611 0.3222
vn -0.7274 0.5345 -0.4303
vn -0.5715 0.3766 0.7291
vn 0.8084 0.5774 -0.1144
vn 0.5458 0.5559 -0.6270
vn 0.2487 0.7184 -0.6497
vn 0.7020 0.7120 -0.0138
vn 0.8060 0.5915 0.0219
vn 0.1533 0.8302 -0.5359
vn -0.8072 0.5458 0.2249
vn -0.7698 0.6295 0.1054
vn -0.3925 0.5155 0.7617
vn -0.7267 0.3970 0.5606
vn -0.5309 0.4500 0.7181
vn -0.8009 0.3897 0.4547
vn -0.4699 0.4616 0.7525
vn -0.0319 0.4529 -0.8910
vn 0.8277 0.4352 -0.3542
vn 0.2212 0.4781 -0.8500
vn -0.1762 0.4255 -0.8876
vn 0.5600 0.5331 -0.6341
vn 0.6471 0.7407 -0.1807
vn 0.7691 0.5757 -0.2775
vn 0.6979 0.7000 -0.1510
vn 0.6735 0.7277 -0.1297
vn 0.0710 0.4199 -0.9048
vn 0.3612 0.8952 -0.2610
vn 0.6549 0.7508 0.0862
vn -0.7626 0.6383 -0.1053
vn 0.7571 0.6309 0.1696
vn 0.7401 0.6435 0.1952
vn 0.6761 0.7326 -0.0784
vn 0.8659 0.4608 -0.1948
vn 0.7671 0.6362 -0.0827
vn -0.1219 0.9322 -0.3409
vn -0.0790 0.9434 -0.3222
vn -0.9502 0.2766 0.1433
vn -0.6130 0.3704 0.6979
vn -0.5009 0.3569 0.7885
vn -0.6956 0.5084 0.5076
vn -0.4191 0.4478 0.7898
vn -0.4153 0.3298 0.8478
vn -0.0366 0.2988 -0.9536
vn 0.3828 0.4529 -0.8052
vn 0.7787 0.3647 -0.5104
vn 0.6510 0.4222 -0.6309
vn 0.6241 0.4345 -0.6494
vn 0.5685 0.6223 -0.5381
vn 0.2928 0.8168 -0.4971
vn -0.0101 0.6175 -0.7865
vn -0.0926 0.5762 -0.8120
vn 0.5359 0.7772 0.3298
vn -0.4884 0.7913 -0.3678
vn -0.5759 0.7954 0.1888
vn -0.7723 0.6250 0.1136
vn -0.8069 0.5596 0.1890
vn 0.7334 0.4988 0.4617
vn 0.6441 0.5298 0.5519
vn 0.7820 0.5705 -0.2509
vn 0.5985 0.7002 -0.3894
vn 0.3442 0.6954 -0.6309
vn 0.1562 0.8857 -0.4373
vn 0.0606 0.9034 -0.4244
vn -0.7440 0.3316 0.5801
vn -0.2842 0.4436 0.8500
vn -0.7127 0.4747 0.5164
vn -0.7066 0.4818 0.5182
vn -0.4969 0.4205 0.7591
vn -0.6145 0.3157 0.7230
vn -0.3266 0.3804 0.8652
vn -0.4317 0.3697 0.8228
vn -0.2177 0.3347 0.9168
vn 0.1731 0.2572 -0.9507
vn 0.6574 0.3283 -0.6782
vn 0.5656 0.4578 -0.6860
vn 0.5233 0.5286 -0.6684
vn 0.2353 0.4185 -0.8772
vn 0.6130 0.4773 -0.6296
vn 0.4855 0.5375 -0.6895
vn 0.0579 0.9753 -0.2132
vn 0.7794 0.5715 -0.2567
vn -0.0454 0.5540 -0.8313
vn 0.4818 0.7935 0.3717
vn -0.5906 0.7936 -0.1464
vn -0.6924 0.6456 -0.3222
vn -0.6997 0.6826 0.2108
vn 0.8184 0.4961 0.2901
vn 0.4157 0.5107 -0.7526
vn -0.9499 0.3112 -0.0278
vn -0.9171 0.3859 -0.0996
vn -0.8787 0.3481 -0.3268
vn -0.3728 0.5783 0.7257
vn 0.7398 0.5302 -0.4142
vn 0.7073 0.5740 -0.4126
vn 0.2311 0.3389 -0.9120
vn 0.3867 0.3258 -0.8628
vn 0.7147 0.5392 -0.4455
vn 0.3086 0.6091 -0.7306
vn 0.4612 0.5179 -0.7205
vn 0.6356 0.6111 -0.4718
vn 0.6034 0.6493 -0.4630
vn 0.5399 0.7959 -0.2741
vn 0.3323 0.9281 -0.1682
vn 0.3409 0.9256 -0.1647
vn -0.0415 0.5263 -0.8493
vn 0.2529 0.4865 -0.8362
vn 0.4453 0.8473 -0.2894
vn -0.5269 0.7735 -0.3522
vn -0.7583 0.6243 0.1875
vn -0.7381 0.5507 0.3897
vn 0.3688 0.7984 0.4759
vn 0.8824 0.4672 -0.0555
vn 0.7899 0.5699 -0.2264
vn 0.7165 0.5988 -0.3579
vn -0.8796 0.3974 -0.2617
vn -0.7615 0.4687 -0.4477
vn -0.3736 0.5765 0.7267
vn -0.7056 0.4738 0.5268
vn -0.3571 0.4731 0.8054
vn -0.7483 0.3574 0.5588
vn 0.8947 0.4149 0.1653
vn 0.7082 0.5782 -0.4052
vn 0.4985 0.4777 -0.7234
vn 0.4835 0.4728 -0.7367
vn 0.4767 0.4794 -0.7368
vn 0.0288 0.7084 -0.7052
vn 0.5523 0.2758 -0.7867
vn 0.4675 0.5606 -0.6835
vn -0.0176 0.7118 -0.7022
vn -0.6675 0.7396 0.0863
vn -0.7385 0.6574 -0.1499
vn -0.7482 0.5351 0.3923
vn -0.7416 0.6544 0.1475
vn -0.9218 0.3868 -0.0261
vn 0.6489 0.7577 -0.0692
vn 0.6539 0.7493 -0.1047
vn 0.4762 0.7617 -0.4393
vn 0.5123 0.7308 -0.4512
vn 0.0252 0.9177 -0.3965
vn -0.7563 0.3813 0.5316
vn -0.7685 0.4689 -0.4353
vn -0.7829 0.6140 -0.1002
vn -0.8455 0.5205 0.1191
vn -0.8640 0.4985 0.0702
vn -0.8446 0.5338 0.0417
vn -0.2850 0.4519 0.8453
vn 0.7718 0.6297 -0.0881
vn 0.4076 0.7622 -0.5030
vn 0.6190 0.6334 -0.4643
vn 0.5966 0.6627 -0.4526
vn 0.3276 0.9313 -0.1591
vn -0.2165 0.9759 -0.0273
vn -0.5823 0.8123 -0.0313
vn -0.6528 0.7563 0.0430
vn -0.7750 0.6319 0.0113
vn -0.8376 0.5414 -0.0731
vn -0.6528 0.5806 -0.4866
vn 0.3852 0.4356 -0.8135
vn 0.8079 0.4554 -0.3740
vn 0.6882 0.6949 -0.2084
vn 0.6330 0.7736 -0.0306
vn -0.8576 0.4453 0.2573
vn -0.9223 0.3376 0.1883
vn -0.9182 0.3530 0.1794
vn -0.8048 0.4553 -0.3808
vn -0.8376 0.4990 -0.2221
vn -0.8176 0.5699 0.0818
vn -0.7210 0.4141 0.5557
vn 0.8282 0.3444 -0.4422
vn 0.7439 0.5405 -0.3931
vn 0.7191 0.6461 -0.2560
vn 0.6706 0.7169 -0.1905
vn 0.6180 0.7672 -0.1718
vn 0.4483 0.8884 0.0991
vn 0.4039 0.9124 -0.0658
vn -0.6548 0.5878 -0.4752
vn 0.8312 0.5256 -0.1813
vn 0.6766 0.6904 -0.2562
vn 0.5188 0.7120 -0.4733
vn -0.1142 0.9359 -0.3332
vn -0.8614 0.4478 0.2399
vn -0.9048 0.3736 0.2041
vn 0.8498 0.4956 0.1795
vn 0.7169 0.6478 -0.2578
vn 0.6412 0.7115 -0.2874
vn 0.6188 0.7681 -0.1648
vn 0.3075 0.9450 -0.1118
vn -0.5313 0.8464 0.0350
vn -0.6806 0.7320 0.0310
vn -0.6984 0.5704 0.4324
vn 0.7779 0.5321 0.3343
vn 0.2777 0.5951 -0.7541
vn 0.8188 0.5171 -0.2495
vn 0.8185 0.5742 -0.0202
vn 0.5596 0.7845 -0.2673
vn 0.4973 0.8595 -0.1184
vn -0.1179 0.9457 -0.3029
vn -0.9172 0.3960 -0.0431
vn -0.8874 0.4456 -0.1181
vn -0.8699 0.4803 -0.1119
vn -0.8646 0.5012 -0.0363
vn -0.8534 0.5174 -0.0625
vn -0.6677 0.4171 0.6167
vn -0.2762 0.4447 0.8520
vn -0.3573 0.3774 0.8543
vn 0.8440 0.4726 -0.2535
vn 0.7733 0.5514 -0.3131
vn 0.6057 0.7738 -0.1851
vn -0.6869 0.6147 -0.3876
vn 0.8644 0.4676 0.1849
vn 0.5845 0.5453 -0.6008
vn 0.6276 0.7521 -0.2013
vn -0.8357 0.4832 0.2610
vn -0.8906 0.3659 0.2700
vn -0.8203 0.2534 0.5128
vn -0.7751 0.6024 0.1908
vn -0.9442 0.2650 0.1959
vn 0.8219 0.4986 -0.2753
vn 0.8833 0.4650 0.0598
vn 0.7765 0.6289 -0.0392
vn 0.7214 0.6611 -0.2062
vn 0.5142 0.8475 0.1318
vn -0.6667 0.7340 -0.1294
vn -0.6622 0.7406 -0.1144
vn -0.7354 0.6770 -0.0301
vn -0.6857 0.7178 -0.1207
vn 0.8618 0.4945 -0.1126
vn 0.5803 0.5417 -0.6081
vn 0.7212 0.6805 -0.1300
vn 0.7967 0.5905 -0.1287
vn 0.5627 0.7055 -0.4308
vn 0.5217 0.7413 -0.4224
vn -0.2797 0.9293 -0.2413
vn -0.9263 0.3529 0.1317
vn -0.8848 0.4627 0.0546
vn -0.8241 0.4431 -0.3530
vn -0.5279 0.4666 0.7096
vn -0.9330 0.3551 -0.0587
vn -0.9006 0.4345 -0.0134
vn 0.8391 0.5088 -0.1924
vn 0.7697 0.6261 -0.1248
vn 0.7084 0.6752 -0.2056
vn 0.5965 0.7628 -0.2497
vn 0.4504 0.8879 0.0941
vn -0.5027 0.8595 -0.0922
vn -0.6687 0.7169 -0.1975
vn 0.3610 0.7591 -0.5417
vn 0.7908 0.5578 -0.2522
vn 0.7146 0.6616 0.2273
vn 0.8450 0.5344 -0.0225
vn 0.5415 0.7425 -0.3942
vn -0.8445 0.4991 -0.1945
vn -0.8526 0.4521 0.2621
vn -0.8330 0.4848 0.2668
vn -0.8861 0.3595 0.2926
vn -0.5406 0.4559 0.7070
vn -0.8392 0.5154 -0.1736
vn 0.8527 0.4803 0.2056
vn 0.7259 0.6611 -0.1899
vn 0.5914 0.7663 -0.2510
vn 0.5827 0.8000 -0.1432
vn 0.5006 0.8656 -0.0138
vn 0.3053 0.9427 -0.1343
vn -0.5373 0.8413 -0.0595
vn -0.7374 0.6741 -0.0415
vn -0.7332 0.6795 -0.0273
vn 0.8607 0.3654 -0.3544
vn 0.8330 0.4245 -0.3547
vn 0.4076 0.5122 -0.7560
vn 0.5840 0.3363 -0.7388
vn 0.6135 0.5948 -0.5195
vn 0.1628 0.9349 -0.3154
vn -0.7593 0.4445 -0.4753
vn -0.8568 0.3955 -0.3309
vn -0.8398 0.4334 -0.3270
vn -0.9007 0.3486 -0.2591
vn -0.9295 0.3687 0.0134
vn -0.5381 0.6452 -0.5424
vn 0.8304 0.5518 -0.0767
vn 0.8222 0.5639 -0.0778
vn 0.7435 0.6618 -0.0959
vn -0.6649 0.7348 -0.1338
vn 0.2233 0.7907 -0.5701
vn 0.6520 0.5594 -0.5118
vn 0.8435 0.5340 -0.0581
vn -0.8610 0.4139 0.2956
vn -0.6646 0.3452 0.6627
vn -0.5524 0.4153 0.7227
vn -0.8531 0.4843 -0.1941
vn -0.7626 0.6327 0.1351
vn -0.6702 0.7412 0.0374
vn -0.7611 0.5163 -0.3927
vn 0.8974 0.4062 0.1723
vn 0.7618 0.4268 0.4872
vn 0.8241 0.5573 -0.1015
vn 0.8081 0.5782 0.1120
vn 0.4651 0.8850 -0.0191
vn 0.5820 0.8128 -0.0269
vn 0.6234 0.6161 -0.4814
vn 0.6436 0.5935 -0.4833
vn -0.0991 0.6708 -0.7349
vn 0.4442 0.7894 -0.4237
vn 0.6869 0.6955 0.2109
vn 0.5811 0.8003 0.1478
vn -0.1074 0.9516 -0.2879
vn -0.8697 0.4805 0.1133
vn -0.8125 0.5783 0.0729
vn -0.9504 0.3008 0.0785
vn -0.4856 0.5376 -0.6893
vn 0.8115 0.5803 0.0689
vn 0.7122 0.6640 0.2278
vn 0.2973 0.7492 0.5919
vn 0.3864 0.8274 0.4076
vn -0.1985 0.7884 0.5823
vn 0.2508 0.4610 0.8512
vn 0.4073 0.9130 -0.0228
vn -0.6597 0.7353 -0.1553
vn -0.7193 0.6671 -0.1938
vn -0.6979 0.6749 -0.2396
vn -0.7236 0.6670 -0.1775
vn 0.8412 0.5407 -0.0065
vn 0.1674 0.3776 -0.9107
vn 0.6099 0.4736 -0.6355
vn 0.3668 0.9119 0.1841
vn 0.6945 0.6618 -0.2824
vn 0.4075 0.8597 -0.3081
vn 0.4560 0.8281 -0.3260
vn -0.8122 0.5774 0.0831
vn -0.4345 0.3974 -0.8083
vn -0.5667 0.3598 -0.7412
vn -0.4010 0.3211 -0.8580
vn 0.8878 0.4006 0.2264
vn 0.7602 0.4218 0.4941
vn 0.7753 0.6209 -0.1159
vn 0.7705 0.6253 -0.1233
vn 0.7812 0.6040 -0.1581
vn 0.7184 0.6660 -0.2008
vn 0.4418 0.5364 0.7190
vn 0.4994 0.8655 0.0383
vn -0.1194 0.6942 0.7098
vn 0.7614 0.5849 0.2796
vn 0.6364 0.7126 0.2953
vn -0.5369 0.8263 -0.1703
vn -0.7895 0.6135 0.0139
vn 0.3437 0.4691 -0.8135
vn 0.6780 0.4030 -0.6147
vn 0.3002 0.6107 -0.7328
vn 0.6405 0.6206 -0.4524
vn 0.5508 0.6817 -0.4816
vn 0.2870 0.7891 -0.5431
vn -0.1335 0.9909 0.0163
vn 0.5965 0.6771 -0.4309
vn -0.0928 0.9556 -0.2798
vn -0.8711 0.4789 0.1086
vn -0.8440 0.4421 0.3036
vn -0.3642 0.9310 0.0251
vn 0.8392 0.5395 -0.0688
vn 0.8721 0.4781 0.1042
vn 0.8326 0.4637 -0.3029
vn 0.1557 0.5953 0.7883
vn 0.3751 0.8864 0.2713
vn -0.5318 0.6149 -0.5823
vn 0.5758 0.5092 -0.6397
vn 0.5200 0.7277 -0.4473
vn 0.0952 0.5358 -0.8390
vn 0.7336 0.6655 0.1374
vn 0.7630 0.6105 0.2127
vn -0.7845 0.5877 -0.1977
vn -0.8157 0.5051 -0.2819
vn -0.9230 0.3072 0.2316
vn -0.8719 0.4850 -0.0669
vn 0.9010 0.3719 -0.2235
vn 0.7722 0.5329 0.3460
vn 0.5949 0.6911 -0.4106
vn 0.4126 0.7848 -0.4624
vn 0.5805 0.7635 -0.2830
vn -0.3208 0.8906 -0.3224
vn 0.0837 0.8918 0.4446
vn 0.3309 0.9221 -0.2007
vn 0.6011 0.6483 -0.4673
vn 0.6852 0.6955 0.2161
vn -0.6632 0.7228 -0.1943
vn -0.6371 0.6388 -0.4313
vn -0.5664 0.6763 -0.4709
vn -0.6441 0.5091 -0.5709
vn -0.7081 0.6226 -0.3331
vn 0.2695 0.5835 -0.7661
vn 0.3956 0.9090 0.1315
vn 0.4630 0.7386 -0.4899
vn -0.0614 0.5521 -0.8315
vn 0.4700 0.7379 -0.4843
vn 0.0100 0.9591 -0.2830
vn -0.8518 0.4729 0.2254
vn 0.3467 0.3662 -0.8636
vn 0.4801 0.3238 -0.8153
vn 0.6714 0.7036 0.2329
vn 0.7176 0.5083 0.4762
vn 0.7152 0.6199 -0.3227
vn 0.6169 0.6842 -0.3890
vn -0.2296 0.6200 -0.7503
vn 0.5886 0.7981 0.1285
vn 0.5308 0.8397 0.1148
vn -0.5388 0.7082 -0.4562
vn -0.7510 0.6061 -0.2621
vn 0.4090 0.4915 -0.7689
vn 0.3251 0.5269 -0.7853
vn 0.5237 0.5162 -0.6777
vn 0.1915 0.7113 -0.6763
vn 0.5969 0.5112 -0.6183
vn 0.6384 0.7597 -0.1233
vn 0.8026 0.5965 -0.0048
vn -0.0121 0.7485 -0.6630
vn 0.8011 0.5534 -0.2281
vn 0.8065 0.5387 -0.2434
vn -0.8645 0.4979 -0.0691
vn 0.6583 0.5231 -0.5413
vn 0.9267 0.3539 0.1264
vn 0.8133 0.5280 -0.2445
vn 0.7588 0.5792 -0.2977
vn 0.5161 0.6560 -0.5507
vn 0.2410 0.8417 -0.4832
vn -0.1649 0.8096 -0.5633
vn 0.5965 0.6846 0.4188
vn -0.6611 0.7101 -0.2422
vn -0.5840 0.5537 -0.5936
vn -0.7467 0.6483 0.1488
vn 0.5860 0.4764 -0.6555
vn 0.0907 0.9154 -0.3921
vn 0.7034 0.6546 0.2769
vn 0.8654 0.4674 0.1804
vn 0.1379 0.6144 -0.7769
vn -0.4355 0.5148 -0.7384
vn -0.7857 0.5894 -0.1879
vn -0.8935 0.4477 0.0358
vn 0.8086 0.5135 -0.2874
vn 0.6605 0.5231 -0.5386
vn -0.5033 0.8587 -0.0970
vn -0.5952 0.7396 -0.3144
vn -0.4024 0.6174 -0.6759
vn -0.0238 0.7306 -0.6824
vn 0.1416 0.7417 -0.6556
vn -0.3905 0.5104 -0.7662
vn 0.1422 0.6500 -0.7465
vn 0.5946 0.3571 -0.7204
vn -0.7624 0.6247 -0.1688
vn -0.8398 0.5425 -0.0232
vn -0.7894 0.4483 -0.4194
vn 0.7623 0.5494 -0.3421
vn 0.9247 0.3480 -0.1545
vn 0.4001 0.8083 -0.4319
vn 0.3928 0.8071 -0.4408
vn -0.1946 0.7529 -0.6287
vn 0.5319 0.8410 0.0991
vn -0.5165 0.6605 -0.5450
vn -0.1712 0.6015 -0.7803
vn 0.1649 0.7407 -0.6513
vn 0.8234 0.5543 -0.1218
vn 0.4629 0.7455 -0.4796
vn 0.5826 0.7498 -0.3136
vn -0.0259 0.9504 -0.3099
vn -0.4124 0.8778 -0.2437
vn -0.8845 0.4009 -0.2384
vn -0.9020 0.3497 -0.2532
vn -0.7816 0.4312 0.4507
vn 0.8801 0.4189 -0.2234
vn 0.8695 0.4871 0.0817
vn 0.2308 0.8458 -0.4810
vn 0.0804 0.7077 -0.7019
vn 0.6588 0.6910 -0.2974
vn -0.6491 0.6164 -0.4458
vn -0.6547 0.6020 -0.4572
vn -0.7871 0.5258 -0.3226
vn -0.5813 0.4508 -0.6774
vn -0.0031 0.6118 -0.7910
vn 0.8731 0.3829 -0.3019
vn 0.5353 0.6477 -0.5422
vn 0.3896 0.7365 -0.5531
vn 0.4366 0.7856 -0.4384
vn -0.7981 0.4790 -0.3654
vn -0.7419 0.3780 -0.5539
vn -0.7475 0.4421 0.4958
vn 0.8449 0.4855 0.2245
vn 0.8884 0.4238 -0.1762
vn 0.7313 0.4884 -0.4762
vn 0.3293 0.7367 -0.5906
vn 0.6042 0.6729 -0.4267
vn -0.5264 0.8494 -0.0371
vn -0.6131 0.7561 -0.2288
vn -0.2173 0.6713 -0.7086
vn 0.7311 0.6120 -0.3015
vn 0.3092 0.4794 -0.8213
vn 0.1496 0.6412 -0.7526
vn 0.5886 0.5870 -0.5560
vn -0.1883 0.9801 -0.0635
vn 0.7183 0.6943 0.0459
vn 0.2311 0.9075 -0.3506
vn -0.7485 0.6326 -0.1990
vn -0.7547 0.5236 -0.3953
vn -0.9029 0.3377 -0.2659
vn -0.7314 0.4502 -0.5122
vn -0.6810 0.4520 -0.5761
vn -0.2330 0.5606 -0.7946
vn -0.5118 0.8368 -0.1945
vn -0.6300 0.7503 -0.2003
vn -0.6426 0.7394 -0.2008
vn -0.6664 0.7307 -0.1483
vn -0.5868 0.7987 -0.1336
vn -0.5101 0.4806 -0.7134
vn 0.5564 0.4412 -0.7041
vn 0.2714 0.6300 -0.7276
vn -0.0425 0.7450 -0.6657
vn -0.4467 0.6247 -0.6404
vn 0.6404 0.6761 -0.3644
vn 0.6398 0.6351 -0.4329
vn 0.3096 0.6849 -0.6596
vn -0.0407 0.9573 -0.2861
vn 0.7509 0.5325 0.3906
vn -0.6671 0.4265 -0.6108
vn 0.8694 0.4542 -0.1946
vn 0.8404 0.5399 -0.0467
vn 0.2827 0.8750 -0.3931
vn 0.3606 0.8426 -0.4000
vn 0.5867 0.7933 -0.1626
vn 0.4405 0.8723 -0.2124
vn -0.3624 0.4742 -0.8024
vn 0.3226 0.6140 -0.7204
vn 0.4006 0.7439 -0.5350
vn -0.1964 0.9778 -0.0728
vn -0.7486 0.6563 -0.0944
vn -0.7752 0.4823 -0.4079
vn -0.6589 0.4404 -0.6098
vn -0.5977 0.4411 -0.6695
vn 0.8996 0.4079 0.1557
vn 0.8467 0.4768 -0.2362
vn 0.2124 0.8662 -0.4523
vn -0.5370 0.8311 -0.1445
vn 0.5398 0.5965 -0.5939
vn 0.3971 0.7572 -0.5187
vn -0.8093 0.4328 -0.3971
vn 0.6647 0.4778 -0.5743
vn -0.6741 0.6756 -0.2986
vn -0.7816 0.4783 -0.4003
vn -0.7649 0.4846 -0.4243
vn -0.8815 0.3300 -0.3376
vn 0.7875 0.6042 -0.1214
vn 0.8609 0.3687 -0.3504
vn -0.1466 0.7183 -0.6801
vn 0.3177 0.6896 -0.6508
vn 0.3752 0.6847 -0.6249
vn 0.3607 0.9299 -0.0726
vn -0.5178 0.8369 -0.1774
vn -0.5115 0.7085 -0.4863
vn -0.5295 0.6607 -0.5321
vn 0.2963 0.7981 -0.5246
vn 0.3304 0.7998 -0.5012
vn -0.2820 0.8324 -0.4771
vn 0.0110 0.6505 -0.7594
vn 0.4446 0.4228 -0.7897
vn 0.2816 0.8823 -0.3773
vn -0.7413 0.6295 -0.2328
vn -0.6020 0.3292 -0.7275
vn -0.2319 0.4437 -0.8657
vn 0.7142 0.4245 -0.5565
vn 0.5753 0.5281 -0.6246
vn 0.8592 0.4876 -0.1550
vn 0.4964 0.7484 -0.4399
vn 0.3489 0.8064 -0.4776
vn 0.2370 0.8794 -0.4130
vn -0.0221 0.8314 -0.5552
vn -0.4444 0.7890 -0.4242
vn -0.6260 0.7172 -0.3061
vn -0.5795 0.6570 -0.4823
vn 0.2872 0.7366 -0.6124
vn 0.5515 0.7889 -0.2710
vn -0.0895 0.9456 -0.3128
vn -0.5900 0.4302 -0.6833
vn 0.7432 0.3222 -0.5864
vn 0.6689 0.3243 -0.6689
vn 0.7927 0.4675 -0.3911
vn 0.8660 0.4421 -0.2338
vn 0.9306 0.3496 -0.1083
vn 0.5173 0.5487 -0.6567
vn 0.2453 0.4466 -0.8605
vn 0.8384 0.5243 -0.1491
vn 0.2540 0.7984 -0.5460
vn 0.2420 0.6735 -0.6984
vn -0.4933 0.7130 -0.4984
vn -0.6186 0.6603 -0.4258
vn -0.0321 0.7053 -0.7082
vn -0.0640 0.8201 -0.5686
vn 0.5398 0.5963 -0.5942
vn 0.4906 0.6973 -0.5225
vn -0.7984 0.6009 -0.0391
vn -0.6961 0.3823 -0.6077
vn -0.7798 0.3433 -0.5234
vn -0.2843 0.4244 -0.8597
vn 0.8801 0.3801 -0.2844
vn 0.7925 0.4094 -0.4521
vn 0.5621 0.4222 -0.7112
vn 0.8523 0.5151 -0.0912
vn 0.7423 0.5129 -0.4312
vn 0.3047 0.8506 -0.4285
vn 0.4022 0.8122 -0.4226
vn 0.3045 0.7451 -0.5933
vn 0.0621 0.8584 -0.5092
vn -0.5388 0.6948 -0.4764
vn -0.5136 0.7032 -0.4917
vn -0.5344 0.7672 -0.3548
vn -0.1028 0.7582 -0.6439
vn 0.4562 0.7907 0.4082
vn 0.3225 0.8255 -0.4632
vn 0.2896 0.6646 -0.6888
vn -0.7917 0.6094 -0.0432
vn -0.8116 0.4778 -0.3362
vn 0.8805 0.4018 -0.2515
vn 0.5351 0.5800 -0.6142
vn 0.4164 0.6032 -0.6803
vn 0.2508 0.5216 -0.8155
vn -0.0311 0.6337 -0.7729
vn 0.8954 0.3962 -0.2029
vn 0.2683 0.8282 -0.4920
vn -0.4518 0.8283 -0.3314
vn -0.5967 0.6165 -0.5138
vn -0.0795 0.7356 -0.6727
vn 0.4729 0.7273 0.4973
vn 0.2807 0.8276 -0.4860
vn 0.3309 0.8112 -0.4822
vn -0.6229 0.7489 -0.2262
vn -0.6524 0.6490 -0.3913
vn -0.7092 0.6372 -0.3018
vn -0.4900 0.3554 -0.7960
vn -0.5925 0.3732 -0.7139
vn 0.8701 0.4415 0.2190
vn 0.8281 0.4792 -0.2910
vn 0.8406 0.5416 0.0023
vn 0.6558 0.6327 -0.4117
vn 0.2224 0.4218 -0.8790
vn 0.7077 0.4122 -0.5738
vn 0.2889 0.8747 -0.3893
vn 0.3338 0.8697 -0.3635
vn 0.2773 0.8737 -0.3997
vn -0.4780 0.8362 -0.2687
vn -0.6411 0.7407 -0.2008
vn -0.5007 0.7939 -0.3449
vn -0.3436 0.5659 -0.7495
vn 0.3256 0.7118 -0.6223
vn 0.2584 0.7444 -0.6157
vn 0.2677 0.8325 -0.4851
vn -0.0210 0.9466 -0.3217
vn -0.4532 0.8636 -0.2209
vn -0.8068 0.5473 -0.2228
vn -0.5540 0.4894 -0.6734
vn -0.5742 0.3918 -0.7189
vn -0.2272 0.3434 -0.9113
vn -0.5105 0.4267 -0.7466
vn -0.1971 0.5083 -0.8383
vn -0.4550 0.5355 -0.7115
vn 0.9178 0.3967 0.0169
vn 0.5606 0.4150 -0.7166
vn 0.5223 0.5731 -0.6315
vn 0.6858 0.7276 -0.0158
vn 0.6440 0.7641 -0.0370
vn 0.3727 0.9052 -0.2044
vn -0.0142 0.9999 -0.0055
vn -0.6416 0.7401 -0.2016
vn -0.3266 0.7084 -0.6257
vn -0.5264 0.8250 -0.2055
vn -0.2940 0.8095 -0.5083
vn -0.5705 0.7115 -0.4103
vn 0.6613 0.6823 -0.3118
vn 0.8036 0.4996 -0.3235
vn 0.7750 0.5713 -0.2701
vn 0.6903 0.7070 -0.1539
vn -0.5438 0.4408 -0.7141
vn -0.5669 0.4860 -0.6652
vn -0.6926 0.5123 -0.5078
vn -0.6602 0.3712 -0.6530
vn -0.7226 0.2902 -0.6274
vn 0.5279 0.5818 -0.6187
vn 0.6575 0.7531 -0.0207
vn 0.7017 0.6815 0.2080
vn -0.5657 0.7626 -0.3137
vn -0.6213 0.7541 -0.2126
vn -0.1334 0.7271 -0.6734
vn 0.1590 0.7369 -0.6571
vn 0.7106 0.5680 -0.4152
vn 0.0684 0.9303 -0.3604
vn -0.7208 0.6928 -0.0217
vn -0.6948 0.5304 -0.4857
vn -0.2992 0.3287 -0.8958
vn -0.5374 0.4064 -0.7389
vn -0.7518 0.5608 -0.3468
vn -0.8210 0.5067 -0.2631
vn -0.2672 0.5475 -0.7930
vn -0.5941 0.4084 -0.6930
vn 0.8770 0.3953 -0.2733
vn 0.8118 0.5672 -0.1387
vn 0.6562 0.6806 -0.3259
vn 0.3393 0.9254 -0.1688
vn 0.2204 0.9073 -0.3582
vn -0.4342 0.7580 -0.4868
vn -0.3259 0.7116 -0.6225
vn -0.5114 0.7544 -0.4115
vn -0.4278 0.7768 -0.4621
vn 0.2125 0.6184 -0.7566
vn 0.0673 0.5768 -0.8141
vn 0.4634 0.6019 -0.6504
vn 0.1743 0.8340 -0.5236
vn 0.3137 0.8561 -0.4107
vn -0.6433 0.7653 0.0207
vn -0.6192 0.7452 -0.2477
vn -0.7550 0.6541 -0.0453
vn -0.7672 0.4871 -0.4173
vn -0.5409 0.4096 -0.7346
vn 0.8098 0.4701 -0.3511
vn 0.7623 0.5383 -0.3593
vn 0.6440 0.6803 -0.3501
vn 0.5959 0.7605 -0.2579
vn 0.1984 0.8687 -0.4539
vn 0.3382 0.9347 -0.1092
vn -0.4799 0.8691 -0.1201
vn -0.5719 0.7548 -0.3212
vn -0.1013 0.8079 -0.5805
vn -0.6069 0.7936 -0.0431
vn -0.2620 0.9579 -0.1172
vn -0.3331 0.8706 -0.3620
vn -0.2866 0.8833 -0.3709
vn -0.0827 0.9516 -0.2959
vn -0.8547 0.5143 0.0701
vn -0.7707 0.5472 -0.3266
vn -0.3022 0.8453 -0.4406
vn 0.6171 0.7509 -0.2350
vn 0.5967 0.8000 0.0634
vn -0.3130 0.8465 -0.4307
vn -0.6023 0.7982 0.0071
vn 0.1895 0.5124 -0.8376
vn -0.3399 0.8642 -0.3708
vn -0.4148 0.8115 0.4116
vn -0.3346 0.8825 0.3306
vn -0.3593 0.8809 0.3081
vn 0.4776 0.8467 0.2347
vn 0.6353 0.7246 0.2671
vn 0.7019 0.7122 0.0114
vn 0.7232 0.6903 0.0195
vn 0.3692 0.7644 -0.5287
vn -0.2067 0.8818 -0.4240
vn -0.0517 0.9397 -0.3380
vn -0.7048 0.6482 -0.2883
vn -0.7969 0.6040 -0.0148
vn -0.7196 0.5615 -0.4086
vn -0.7591 0.5337 -0.3727
vn -0.3277 0.5884 -0.7392
vn 0.8510 0.5250 -0.0128
vn 0.8947 0.4462 -0.0221
vn 0.8686 0.4954 -0.0106
vn 0.6471 0.6815 -0.3417
vn 0.5560 0.8224 -0.1205
vn 0.7073 0.6813 0.1885
vn 0.3064 0.9336 -0.1858
vn 0.1873 0.8687 -0.4587
vn -0.5762 0.8168 0.0275
vn 0.3283 0.4524 -0.8292
vn -0.3934 0.9149 0.0902
vn 0.7904 0.5952 0.1449
vn -0.7085 0.7043 -0.0457
vn -0.6809 0.7307 -0.0496
vn -0.7626 0.5793 -0.2880
vn -0.7635 0.5780 -0.2882
vn -0.4555 0.5551 -0.6960
vn 0.8578 0.5116 -0.0499
vn 0.4787 0.8773 0.0340
vn -0.4816 0.8501 -0.2130
vn -0.2571 0.7424 -0.6187
vn -0.2995 0.8853 -0.3558
vn -0.7055 0.6495 -0.2836
vn -0.1521 0.5190 -0.8411
vn 0.0790 0.4094 -0.9089
vn -0.3792 0.8829 -0.2768
vn -0.5590 0.8238 0.0939
vn -0.6312 0.7428 0.2235
vn 0.0337 0.7949 0.6058
vn 0.2954 0.9108 -0.2885
vn -0.7067 0.6955 0.1299
vn 0.3965 0.6474 -0.6509
vn 0.9030 0.4280 0.0380
vn 0.8237 0.5660 -0.0343
vn 0.7553 0.6294 -0.1827
vn 0.7467 0.6385 -0.1863
vn -0.3263 0.7477 -0.5783
vn -0.1855 0.5039 -0.8436
vn -0.3823 0.8817 -0.2767
vn -0.6399 0.7636 0.0861
vn 0.1065 0.8608 -0.4977
vn 0.7017 0.7117 0.0330
vn 0.5422 0.7965 -0.2677
vn -0.7020 0.7080 -0.0769
vn -0.7976 0.6032 0.0040
vn -0.7043 0.5367 -0.4647
vn 0.7528 0.5237 -0.3988
vn 0.8474 0.5010 -0.1757
vn 0.8685 0.4957 -0.0097
vn 0.4514 0.8785 -0.1561
vn -0.3812 0.8025 -0.4591
vn -0.4069 0.8514 -0.3310
vn -0.6556 0.7075 0.2638
vn 0.2294 0.9729 0.0277
vn 0.1323 0.7415 -0.6578
vn 0.7571 0.6166 -0.2159
vn 0.6698 0.7405 -0.0544
vn -0.7439 0.5686 0.3511
vn -0.7367 0.6694 -0.0960
vn -0.7515 0.6556 -0.0732
vn -0.7822 0.5670 -0.2582
vn -0.6204 0.7147 -0.3229
vn -0.7238 0.5578 -0.4061
vn -0.6184 0.5684 -0.5427
vn -0.5431 0.6003 -0.5871
vn 0.2926 0.9497 -0.1119
vn 0.0102 0.9997 -0.0204
vn -0.3684 0.8093 -0.4575
vn -0.4157 0.8445 -0.3375
vn -0.4100 0.8472 -0.3378
vn -0.2513 0.9178 -0.3075
vn -0.4019 0.8521 -0.3351
vn -0.6804 0.7320 0.0346
vn -0.6488 0.7385 -0.1834
vn -0.1230 0.9704 -0.2077
vn 0.7150 0.6965 -0.0604
vn 0.1963 0.7156 -0.6703
vn -0.0848 0.9475 -0.3083
vn -0.8335 0.5354 -0.1364
vn -0.7627 0.6343 -0.1261
vn -0.7063 0.6861 -0.1741
vn -0.6820 0.7313 -0.0059
vn -0.6887 0.7249 -0.0094
vn -0.4127 0.3442 0.8433
vn -0.7300 0.6824 -0.0373
vn -0.3333 0.5919 -0.7339
vn -0.6777 0.5049 -0.5346
vn 0.8925 0.4404 -0.0974
vn 0.8678 0.4885 0.0910
vn 0.7733 0.5521 0.3119
vn 0.6353 0.7075 -0.3096
vn 0.5777 0.7546 -0.3111
vn 0.5314 0.8100 -0.2479
vn -0.4654 0.8595 -0.2113
vn -0.2321 0.9468 -0.2231
vn -0.6764 0.6715 -0.3025
vn -0.4466 0.3759 -0.8119
vn -0.6410 0.4678 0.6085
vn -0.6399 0.4700 0.6079
vn -0.5753 0.4019 0.7124
vn -0.6916 0.5192 -0.5022
vn -0.7277 0.5299 -0.4355
vn 0.8097 0.5849 -0.0473
vn 0.8559 0.5170 -0.0070
vn 0.6881 0.6448 0.3328
vn 0.8618 0.4823 0.1575
vn 0.7621 0.6465 0.0342
vn -0.4663 0.8717 -0.1507
vn -0.5029 0.6812 -0.5320
vn 0.0486 0.7787 -0.6256
vn 0.4528 0.6181 -0.6426
vn 0.6792 0.5613 -0.4729
vn -0.6935 0.5308 -0.4871
vn -0.5354 0.4890 0.6886
vn -0.5544 0.4948 0.6692
vn -0.5693 0.5925 0.5699
vn -0.7447 0.5929 0.3063
vn 0.1397 0.7639 -0.6300
vn -0.4444 0.6478 -0.6188
vn 0.8049 0.5152 0.2944
vn 0.8331 0.4644 -0.3006
vn 0.6660 0.6941 -0.2733
vn 0.5403 0.7834 -0.3072
vn 0.3531 0.9353 0.0206
vn -0.4305 0.8861 -0.1716
vn -0.4656 0.8739 -0.1400
vn -0.6755 0.7358 0.0483
vn 0.3761 0.7739 -0.5095
vn -0.5261 0.6369 -0.5636
vn 0.2444 0.7691 -0.5906
vn 0.3158 0.7095 -0.6300
vn 0.1864 0.7357 -0.6512
vn 0.6157 0.6879 -0.3844
vn 0.6173 0.6844 -0.3881
vn 0.4998 0.7553 -0.4239
vn -0.5422 0.7642 -0.3495
vn -0.8898 0.4389 -0.1245
vn -0.5703 0.5952 0.5661
vn -0.5754 0.5918 0.5646
vn 0.2331 0.7733 -0.5896
vn 0.2325 0.7761 -0.5862
vn -0.4687 0.7998 -0.3750
vn -0.6796 0.5553 -0.4794
vn -0.6316 0.5808 -0.5135
vn 0.4071 0.6101 -0.6798
vn 0.7274 0.5538 0.4052
vn 0.4505 0.8790 -0.1564
vn 0.3469 0.9306 0.1170
vn -0.2485 0.9622 -0.1114
vn -0.1933 0.7673 -0.6114
vn -0.2463 0.8891 -0.3859
vn -0.5439 0.6356 -0.5480
vn -0.5046 0.6634 -0.5524
vn -0.7946 0.5636 -0.2259
vn -0.6709 0.6669 0.3243
vn -0.8041 0.5340 0.2613
vn 0.7780 0.6055 -0.1675
vn -0.3288 0.5380 -0.7762
vn -0.7456 0.4135 -0.5225
vn -0.7047 0.4635 -0.5372
vn -0.7005 0.4655 -0.5409
vn 0.5539 0.5104 -0.6577
vn 0.8063 0.5425 -0.2355
vn 0.7326 0.6423 -0.2251
vn 0.8155 0.5588 -0.1505
vn 0.7166 0.5489 -0.4304
vn 0.8469 0.4455 -0.2902
vn 0.3615 0.9289 0.0802
vn 0.3047 0.9044 -0.2988
vn -0.5131 0.8049 -0.2981
vn -0.5467 0.7689 -0.3315
vn -0.3758 0.7519 -0.5416
vn 0.0791 0.7595 -0.6457
vn 0.6014 0.6619 -0.4474
vn 0.0978 0.9317 -0.3498
vn -0.4400 0.7572 -0.4827
vn -0.7455 0.6484 -0.1544
vn -0.7490 0.6438 -0.1567
vn -0.8182 0.4190 -0.3938
vn -0.8233 0.5311 -0.1999
vn -0.8296 0.5493 0.1004
vn -0.2840 0.8193 -0.4981
vn -0.6588 0.7226 -0.2092
vn -0.6497 0.5885 -0.4812
vn 0.8651 0.4945 0.0840
vn 0.7114 0.6945 -0.1080
vn 0.7497 0.6498 -0.1251
vn 0.5177 0.7475 -0.4161
vn 0.4522 0.8880 0.0837
vn 0.2093 0.7424 0.6364
vn 0.3611 0.8702 0.3353
vn -0.4185 0.8950 -0.1543
vn -0.4570 0.8448 -0.2783
vn -0.2833 0.8747 -0.3932
vn -0.4994 0.7954 0.3436
vn -0.5070 0.7852 -0.3554
vn -0.3324 0.9341 -0.1303
vn -0.5924 0.6979 -0.4026
vn -0.1732 0.6013 -0.7800
vn 0.4747 0.6358 -0.6087
vn 0.2402 0.6865 -0.6863
vn -0.6164 0.4917 0.6151
vn -0.8490 0.5245 0.0635
vn -0.8403 0.5373 0.0719
vn -0.8213 0.5304 -0.2102
vn -0.8803 0.4577 -0.1247
vn -0.0574 0.9678 -0.2450
vn 0.2063 0.7833 -0.5864
vn -0.4853 0.6558 -0.5782
vn -0.6621 0.6235 -0.4157
vn 0.6945 0.6549 -0.2980
vn 0.8219 0.5198 -0.2329
vn 0.8038 0.5459 -0.2364
vn 0.7678 0.6398 0.0342
vn 0.8524 0.5193 -0.0618
vn 0.8379 0.5458 0.0081
vn 0.8223 0.5598 0.1023
vn -0.0783 0.6270 0.7751
vn 0.4568 0.6284 0.6296
vn 0.2291 0.7443 0.6274
vn -0.1028 0.6156 0.7813
vn 0.4201 0.9013 -0.1052
vn -0.2446 0.8279 -0.5048
vn 0.5785 0.6830 -0.4460
vn -0.0802 0.9490 -0.3049
vn -0.7077 0.4859 0.5129
vn -0.7810 0.5796 -0.2324
vn -0.8217 0.5263 -0.2186
vn -0.0635 0.6655 -0.7437
vn -0.7259 0.4652 -0.5065
vn -0.2608 0.5553 -0.7897
vn 0.4861 0.5023 -0.7151
vn 0.6670 0.6115 0.4256
vn -0.7011 0.7095 -0.0707
vn -0.1212 0.8037 -0.5826
vn 0.0686 0.7797 -0.6224
vn -0.6031 0.6435 -0.4713
vn 0.3116 0.7069 -0.6349
vn -0.0467 0.9450 -0.3237
vn -0.2276 0.6008 -0.7663
vn -0.7426 0.4142 -0.5263
vn 0.3070 0.5467 -0.7790
vn 0.8202 0.5384 -0.1933
vn -0.2519 0.8794 0.4041
vn 0.0927 0.9954 0.0224
vn 0.4280 0.8645 0.2636
vn 0.6711 0.6156 0.4131
vn 0.8146 0.5538 0.1724
vn -0.1704 0.8196 -0.5471
vn -0.4152 0.8685 -0.2707
vn 0.0139 0.8413 -0.5404
vn -0.3841 0.7742 -0.5031
vn -0.4819 0.6558 -0.5811
vn 0.4019 0.6660 -0.6284
vn 0.0156 0.6966 -0.7173
vn -0.4381 0.7668 -0.4691
vn -0.3282 0.8362 -0.4394
vn -0.5442 0.4455 -0.7109
vn -0.6404 0.4254 -0.6395
vn -0.0284 0.5347 -0.8445
vn -0.5721 0.5791 -0.5808
vn -0.0174 0.6436 -0.7652
vn -0.4586 0.4199 -0.7832
vn -0.1275 0.4976 -0.8580
vn -0.4213 0.5073 -0.7518
vn -0.2215 0.6045 -0.7652
vn 0.7740 0.4126 -0.4803
vn 0.1482 0.5967 -0.7887
vn 0.6254 0.4103 -0.6638
vn 0.5564 0.5579 -0.6158
vn 0.7485 0.5408 -0.3838
vn 0.6796 0.6267 -0.3813
vn 0.2892 0.7482 -0.5971
vn 0.4901 0.7916 -0.3651
vn -0.0999 0.9260 -0.3640
vn -0.4726 0.8356 -0.2801
vn 0.3731 0.9090 0.1860
vn 0.1289 0.9559 0.2640
vn 0.5632 0.8263 -0.0082
vn -0.2649 0.8692 -0.4176
vn 0.0481 0.7737 -0.6317
vn -0.2595 0.6086 -0.7499
vn 0.4898 0.7754 -0.3987
vn -0.1391 0.9549 -0.2624
vn -0.6889 0.4628 -0.5579
vn -0.5468 0.5254 -0.6519
vn -0.7815 0.5805 -0.2287
vn -0.6384 0.4285 -0.6394
vn 0.3323 0.6640 -0.6698
vn -0.0099 0.6542 -0.7563
vn 0.5826 0.4323 -0.6883
vn -0.0173 0.5192 -0.8545
vn 0.6285 0.4198 -0.6548
vn 0.7246 0.5798 -0.3726
vn 0.7860 0.4612 -0.4116
vn 0.0841 0.9877 0.1318
vn -0.8420 0.5385 -0.0331
vn -0.0949 0.7962 -0.5975
vn -0.2316 0.7194 -0.6549
vn -0.3047 0.8948 -0.3262
vn -0.6735 0.6377 -0.3738
vn -0.7031 0.4972 -0.5084
vn -0.7489 0.4408 -0.4948
vn -0.2280 0.6644 -0.7118
vn -0.4912 0.5468 -0.6780
vn -0.6636 0.5057 -0.5513
vn -0.3875 0.6389 -0.6646
vn 0.2656 0.5722 -0.7759
vn 0.3971 0.3832 -0.8339
vn 0.4563 0.4880 -0.7440
vn 0.5855 0.5440 -0.6011
vn 0.7441 0.4844 -0.4601
vn 0.1275 0.9395 -0.3180
vn -0.2562 0.7782 -0.5734
vn 0.2178 0.8901 -0.4002
vn 0.3664 0.8216 -0.4368
vn 0.5758 0.7925 -0.2007
vn 0.8119 0.5838 -0.0050
vn -0.5145 0.8575 -0.0078
vn 0.2312 0.7874 -0.5714
vn 0.5185 0.7483 -0.4137
vn 0.4538 0.7844 -0.4228
vn 0.1432 0.9344 -0.3261
vn -0.5632 0.4516 -0.6920
vn -0.2063 0.5471 -0.8113
vn 0.2515 0.6532 -0.7142
vn -0.1502 0.6989 -0.6992
vn 0.8208 0.5095 -0.2585
vn 0.4128 0.5145 -0.7516
vn 0.4589 0.4702 -0.7539
vn 0.5830 0.5322 -0.6139
vn 0.6592 0.4636 -0.5920
vn 0.6591 0.6279 -0.4140
vn 0.4343 0.8238 -0.3644
vn 0.3273 0.8552 -0.4019
vn 0.5871 0.7837 -0.2026
vn -0.1078 0.8486 -0.5179
vn 0.0398 0.8062 -0.5903
vn -0.4427 0.7800 -0.4423
vn -0.1708 0.8102 -0.5607
vn -0.0634 0.9432 -0.3261
vn -0.0050 0.9389 -0.3442
vn -0.6216 0.6040 -0.4988
vn -0.7278 0.5462 -0.4147
vn -0.7344 0.4826 -0.4772
vn -0.7031 0.5295 -0.4747
vn -0.6636 0.5538 -0.5029
vn -0.6003 0.6305 -0.4922
vn -0.2866 0.6950 -0.6594
vn -0.0915 0.6892 -0.7188
vn 0.5279 0.4607 -0.7135
vn 0.8504 0.4425 -0.2846
vn -0.4113 0.8573 -0.3096
vn -0.3808 0.6959 -0.6089
vn 0.2851 0.6912 -0.6640
vn 0.3790 0.6787 -0.6290
vn -0.7260 0.5460 -0.4181
vn -0.3928 0.5004 -0.7716
vn -0.2489 0.4525 -0.8563
vn 0.3795 0.5133 -0.7697
vn 0.2718 0.5623 -0.7810
vn 0.3204 0.8107 -0.4899
vn 0.6196 0.7816 -0.0719
vn -0.2625 0.7547 -0.6013
vn -0.6323 0.7277 -0.2658
vn 0.1062 0.8172 -0.5665
vn 0.6454 0.5257 -0.5542
vn 0.4948 0.6414 -0.5863
vn 0.0084 0.7626 -0.6468
vn -0.5731 0.7977 -0.1877
vn -0.6047 0.5881 -0.5371
vn 0.2130 0.5194 -0.8276
vn -0.1044 0.7041 -0.7023
vn -0.6238 0.6595 -0.4194
vn 0.5386 0.4459 -0.7149
vn 0.8508 0.4425 -0.2835
vn 0.4224 0.4983 -0.7572
vn 0.4562 0.6173 -0.6409
vn 0.6590 0.6588 -0.3628
vn 0.2585 0.8364 -0.4833
vn 0.0573 0.9186 -0.3909
vn -0.2504 0.8634 -0.4379
vn -0.3353 0.8723 -0.3558
vn -0.5037 0.7468 -0.4343
vn 0.0403 0.8068 -0.5895
vn -0.7228 0.4661 -0.5103
vn -0.3767 0.4049 -0.8332
vn 0.0111 0.5234 -0.8520
vn 0.4931 0.5142 -0.7018
vn 0.8221 0.4919 -0.2866
vn 0.2031 0.3757 -0.9042
vn 0.5401 0.4976 -0.6787
vn 0.6623 0.4727 -0.5812
vn 0.6232 0.5281 -0.5768
vn 0.6100 0.7340 -0.2986
vn 0.4914 0.8678 0.0742
vn -0.3271 0.8369 -0.4388
vn -0.3644 0.7466 -0.5565
vn -0.7092 0.6811 0.1820
vn -0.6173 0.5914 -0.5189
vn -0.7599 0.4644 -0.4549
vn -0.2341 0.6130 -0.7546
vn -0.0865 0.7277 -0.6804
vn -0.5565 0.7026 -0.4435
vn -0.6032 0.6276 -0.4923
vn -0.8584 0.4980 -0.1227
vn -0.8786 0.4459 -0.1709
vn 0.6523 0.4886 -0.5795
vn 0.1773 0.5500 -0.8161
vn 0.6261 0.5465 -0.5562
vn 0.2753 0.3917 -0.8779
vn 0.6098 0.7635 -0.2126
vn 0.1905 0.9015 -0.3885
vn -0.3013 0.8276 -0.4735
vn -0.1092 0.8524 -0.5113
vn 0.3722 0.8036 -0.4644
vn 0.1306 0.9149 -0.3820
vn 0.3508 0.8222 -0.4483
vn -0.1247 0.9073 -0.4016
vn 0.0150 0.9637 -0.2665
vn -0.6747 0.7258 0.1345
vn -0.6351 0.7545 -0.1658
vn -0.6557 0.7357 -0.1695
vn 0.8142 0.4749 -0.3340
vn 0.3029 0.8614 -0.4078
vn 0.0924 0.8031 -0.5887
vn -0.4661 0.8110 -0.3537
vn -0.0953 0.8358 -0.5407
vn 0.1534 0.8039 -0.5747
vn 0.1298 0.7071 -0.6951
vn -0.0728 0.8474 -0.5260
vn 0.0924 0.8628 -0.4970
vn -0.1309 0.9079 -0.3982
vn -0.6784 0.6108 0.4083
vn -0.6125 0.7855 0.0890
vn -0.5093 0.6887 -0.5160
vn -0.7963 0.4681 -0.3832
vn -0.7798 0.4831 -0.3981
vn -0.5521 0.5671 -0.6112
vn 0.2876 0.4518 -0.8445
vn 0.1604 0.5011 -0.8504
vn 0.6020 0.4736 -0.6429
vn 0.5628 0.5667 -0.6018
vn 0.4521 0.6072 -0.6534
vn 0.6144 0.7590 -0.2154
vn 0.4048 0.7324 -0.5474
vn -0.5130 0.7336 -0.4458
vn -0.0728 0.8422 -0.5342
vn -0.0214 0.9519 -0.3058
vn -0.4852 0.6255 0.6110
vn -0.4357 0.6026 0.6687
vn -0.3033 0.7408 -0.5994
vn -0.3992 0.7069 -0.5839
vn -0.2258 0.7398 -0.6338
vn -0.3255 0.5119 -0.7950
vn 0.6705 0.6052 -0.4292
vn 0.0112 0.9936 -0.1128
vn 0.1314 0.7924 -0.5956
vn -0.6950 0.7108 -0.1088
vn -0.6263 0.7403 -0.2441
vn -0.6320 0.7685 -0.1001
vn 0.3203 0.5537 -0.7686
vn -0.0781 0.7285 -0.6805
vn -0.2822 0.7616 -0.5834
vn -0.5097 0.6498 -0.5639
vn 0.6987 0.4458 -0.5595
vn 0.1640 0.5433 -0.8234
vn 0.5532 0.4457 -0.7038
vn 0.6032 0.5872 -0.5398
vn 0.5656 0.6207 -0.5430
vn 0.1212 0.9209 -0.3706
vn 0.0520 0.9949 -0.0859
vn -0.1817 0.7342 -0.6541
vn -0.1095 0.8454 -0.5227
vn 0.0568 0.8377 -0.5431
vn -0.1368 0.9256 -0.3530
vn -0.6149 0.7506 -0.2418
vn -0.7350 0.6644 0.1357
vn -0.7405 0.6565 0.1438
vn -0.8341 0.4567 0.3092
vn -0.7097 0.6963 -0.1071
vn -0.0564 0.5660 -0.8225
vn -0.4793 0.7285 -0.4894
vn -0.6971 0.6002 -0.3921
vn -0.7894 0.5098 -0.3421
vn 0.4478 0.4433 -0.7765
vn 0.5030 0.5215 -0.6892
vn 0.3075 0.4484 -0.8393
vn 0.3820 0.7235 -0.5750
vn 0.2635 0.7409 -0.6178
vn 0.2764 0.9025 -0.3303
vn -0.1119 0.8444 -0.5239
vn 0.0671 0.8138 -0.5772
vn -0.2654 0.9276 -0.2629
vn -0.6526 0.7575 0.0147
vn -0.8097 0.5485 -0.2087
vn -0.7444 0.6482 0.1603
vn -0.2503 0.5131 -0.8210
vn -0.0752 0.4876 -0.8698
vn -0.5482 0.8041 -0.2299
vn 0.1111 0.5923 -0.7980
vn 0.4311 0.5365 -0.7255
vn 0.3830 0.5243 -0.7605
vn 0.6214 0.5134 -0.5918
vn 0.2136 0.5526 -0.8056
vn 0.6226 0.5774 -0.5281
vn 0.1441 0.8055 -0.5748
vn 0.4943 0.5905 -0.6380
vn 0.3158 0.8484 -0.4248
vn 0.0967 0.8167 -0.5689
vn -0.0814 0.9434 -0.3215
vn -0.5846 0.6481 -0.4881
vn -0.2525 0.5072 -0.8240
vn -0.4933 0.5094 -0.7051
vn -0.2230 0.6077 -0.7622
vn 0.2487 0.5657 -0.7862
vn 0.7103 0.4937 -0.5018
vn 0.5078 0.5545 -0.6593
vn 0.6036 0.6568 -0.4520
vn 0.3713 0.7215 -0.5845
vn 0.5194 0.7405 -0.4266
vn 0.1373 0.9270 -0.3491
vn -0.0073 -0.6640 -0.7477
vn -0.1629 0.8000 -0.5774
vn -0.7274 0.6174 -0.2995
vn -0.2742 0.6581 -0.7013
vn -0.4858 0.5628 -0.6688
vn 0.4797 0.7554 -0.4463
vn -0.6802 0.7094 -0.1846
vn -0.5836 0.7510 -0.3090
vn -0.5506 0.7675 -0.3283
vn -0.5499 0.8026 -0.2311
vn -0.8135 0.4679 -0.3454
vn 0.2538 0.5122 -0.8205
vn 0.0892 0.5330 -0.8414
vn -0.1330 0.5619 -0.8164
vn 0.4214 0.6342 -0.6482
vn 0.4453 0.6289 -0.6373
vn -0.1674 0.9403 -0.2965
vn -0.5573 0.8175 -0.1449
vn -0.3311 0.6796 -0.6547
vn -0.2291 0.7855 -0.5749
vn -0.2819 0.7626 -0.5822
vn -0.6618 0.5657 -0.4918
vn -0.2339 0.6186 -0.7501
vn 0.5056 0.4318 -0.7470
vn 0.5998 0.6319 -0.4908
vn 0.7581 0.5492 -0.3516
vn 0.4801 0.5966 -0.6431
vn 0.3723 0.7664 -0.5235
vn 0.3001 0.7006 -0.6474
vn -0.7496 0.6619 0.0063
vn -0.5635 0.8240 0.0597
vn -0.3966 0.8494 -0.3481
vn -0.7272 0.5078 -0.4618
vn -0.1660 0.7946 -0.5840
vn 0.1080 0.5268 -0.8431
vn 0.0126 0.6437 -0.7652
vn 0.2020 0.6118 -0.7648
vn 0.6287 0.4128 -0.6590
vn 0.5071 0.6135 -0.6054
vn 0.4439 0.6355 -0.6317
vn -0.0625 0.9432 -0.3262
vn -0.7847 0.6170 -0.0596
vn -0.7202 0.5640 -0.4041
vn -0.2810 0.6352 -0.7194
vn 0.2792 0.5127 -0.8119
vn 0.4028 0.7564 -0.5153
vn 0.4485 0.8443 -0.2931
vn -0.1439 0.9380 -0.3152
vn -0.5586 0.8288 -0.0342
vn 0.5293 0.6628 -0.5296
vn 0.1093 0.9821 -0.1531
vn -0.4413 0.8352 -0.3282
vn -0.4467 0.8158 -0.3673
vn -0.2716 0.8440 -0.4624
vn -0.4984 0.7687 -0.4009
vn -0.2191 0.8166 -0.5340
vn -0.1969 0.8128 -0.5483
vn -0.2062 0.8097 -0.5494
vn -0.3375 0.6725 -0.6587
vn -0.1823 0.6028 -0.7768
vn 0.0587 0.6466 -0.7606
vn 0.4107 0.6961 -0.5888
vn -0.2244 0.9051 -0.3610
vn -0.5455 0.7132 -0.4401
vn -0.0608 0.6525 -0.7553
vn 0.1198 0.6703 -0.7324
vn 0.2941 0.6189 -0.7284
vn 0.1988 0.5953 -0.7786
vn 0.4762 0.5974 -0.6452
vn 0.4921 0.7735 -0.3995
vn -0.5885 0.7952 -0.1463
vn -0.1850 0.8480 -0.4967
vn -0.4783 0.8768 -0.0503
vn -0.1806 0.9780 -0.1046
vn 0.7087 0.4049 -0.5777
vn 0.4360 0.7195 -0.5406
vn 0.2245 0.8518 -0.4733
vn 0.2863 0.8343 -0.4711
vn -0.4939 0.8539 -0.1642
vn -0.7058 0.6638 -0.2475
vn -0.5121 0.8040 -0.3022
vn -0.5004 0.8173 -0.2857
vn -0.4666 0.6824 -0.5626
vn -0.2064 0.6388 -0.7412
vn 0.2936 0.6538 -0.6973
vn 0.0412 0.7177 -0.6952
vn 0.0153 0.6416 -0.7668
vn 0.4760 0.5980 -0.6448
vn 0.4853 0.7684 -0.4172
vn -0.0831 0.9508 -0.2986
vn -0.7349 0.6782 0.0069
vn -0.6235 0.7474 0.2296
vn -0.2817 0.8051 -0.5220
vn -0.0435 0.7825 -0.6211
vn -0.3802 0.7836 -0.4913
vn 0.1535 0.7392 -0.6558
vn 0.7426 0.6685 0.0399
vn 0.2870 0.6359 -0.7164
vn 0.2809 0.8779 -0.3879
vn -0.6960 0.5924 0.4057
vn -0.5045 0.8571 -0.1043
vn -0.1296 0.8050 -0.5790
vn -0.1603 0.7515 -0.6399
vn -0.2723 0.8255 -0.4944
vn 0.4949 0.7986 -0.3425
vn -0.0791 0.7768 -0.6248
vn 0.1891 0.6857 -0.7029
vn 0.3271 0.7039 -0.6305
vn 0.2711 0.7195 -0.6394
vn -0.2960 0.8922 -0.3412
vn -0.1218 0.7476 -0.6529
vn -0.1348 0.8598 -0.4925
vn -0.2759 0.6954 -0.6635
vn -0.0127 0.7311 -0.6822
vn 0.3732 0.9017 -0.2185
vn 0.7451 0.6632 0.0702
vn 0.8268 0.5278 -0.1943
vn 0.3546 0.7610 -0.5433
vn -0.7898 0.6133 -0.0114
vn -0.2605 0.8572 -0.4443
vn -0.6559 0.6941 -0.2968
vn -0.1237 0.7387 -0.6626
vn -0.1004 0.7961 -0.5968
vn -0.3697 0.7103 -0.5990
vn 0.2445 0.7245 -0.6445
vn 0.4436 0.5887 -0.6757
vn 0.2340 0.7701 -0.5935
vn -0.2003 0.7328 -0.6503
vn -0.3203 0.8238 -0.4678
vn -0.5501 0.8135 -0.1887
vn -0.1850 0.7652 -0.6166
vn 0.3794 0.7960 -0.4716
vn -0.7208 0.6596 -0.2130
vn -0.5725 0.7208 -0.3909
vn -0.0861 0.7952 -0.6002
vn 0.1437 0.7654 -0.6273
vn -0.0148 0.9987 -0.0482
vn 0.7383 0.5336 -0.4126
vn 0.1825 0.7291 -0.6597
vn 0.3443 0.7860 -0.5135
vn 0.5171 0.6993 -0.4935
vn -0.5335 0.7663 -0.3579
vn -0.4387 0.8099 -0.3893
vn -0.0581 0.7632 -0.6436
vn -0.3363 0.8193 -0.4643
vn -0.5495 0.8065 -0.2182
vn 0.0829 0.8139 -0.5750
vn 0.1681 0.7334 -0.6586
vn 0.1311 0.7490 -0.6494
vn 0.7293 0.5711 -0.3768
vn 0.2540 0.7862 -0.5633
vn 0.1756 0.7787 -0.6023
vn -0.2794 0.8396 -0.4659
vn -0.2958 0.8318 -0.4697
vn 0.3529 0.7721 -0.5286
vn 0.4100 0.7393 -0.5342
vn -0.5388 0.7678 -0.3467
vn -0.1260 0.7980 -0.5894
vn 0.3263 0.7663 -0.5535
vn 0.4562 0.8033 -0.3829
vn -0.2212 0.7050 -0.6739
vn 0.1954 0.7024 -0.6844
vn 0.5992 0.6146 -0.5130
vn -0.3518 0.8773 -0.3265
vn -0.4912 0.8536 -0.1732
vn -0.3397 0.8521 -0.3982
vn -0.6705 0.6556 -0.3474
vn 0.0941 0.9816 -0.1664
vn -0.7131 0.0303 -0.7004
vn -0.2978 0.8863 -0.3546
vn -0.3192 0.8708 -0.3739
vn -0.1643 0.7131 -0.6815
vn 0.3865 0.7998 -0.4594
vn 0.3575 0.8378 -0.4126
vn 0.2590 0.7674 -0.5865
vn 0.2197 0.8040 -0.5525
vn 0.0987 0.7678 -0.6330
vn 0.2796 0.8432 -0.4592
vn -0.4490 0.7405 -0.5000
vn 0.3518 0.7497 -0.5606
vn -0.2281 0.8791 -0.4186
vn -0.2866 0.8635 -0.4151
vn -0.1155 0.7788 -0.6166
vn 0.0003 0.8548 -0.5190
vn -0.0989 0.8717 -0.4800
vn 0.3572 0.6876 -0.6322
vn -0.0050 0.7483 -0.6633
vn -0.2089 0.8688 -0.4489
vn -0.2840 0.7797 -0.5580
vn 0.2493 0.8282 -0.5019
vn 0.2440 0.8315 -0.4991
vn -0.1822 0.8618 -0.4735
vn -0.1958 0.9117 -0.3612
vn 0.3045 0.8270 -0.4726
vn -0.1224 0.7540 -0.6453
vn 0.2017 0.7092 -0.6755
vn 0.2126 0.8492 -0.4833
vn 0.2078 0.8416 -0.4986
vn 0.1893 0.8435 -0.5026
vn -0.0406 0.8033 -0.5941
vn -0.2243 0.8018 -0.5539
vn 0.0748 0.8022 -0.5924
vn 0.0178 0.8280 -0.5604
vn -0.1490 0.8859 -0.4392
vn 0.1293 0.8688 -0.4780
vn -0.0077 0.9839 -0.1785
vt 0.825823 0.792680
vt 0.807616 0.793872
vt 0.822479 0.805791
vt 0.826443 0.777721
vt 0.801161 0.775559
vt 0.813365 0.823624
vt 0.797993 0.815870
vt 0.804649 0.830574
vt 0.778506 0.815507
vt 0.800798 0.805193
vt 0.824854 0.763447
vt 0.788327 0.826896
vt 0.794172 0.841470
vt 0.807144 0.754195
vt 0.827001 0.755438
vt 0.823383 0.732875
vt 0.775276 0.839589
vt 0.782156 0.855715
vt 0.786486 0.805678
vt 0.779690 0.786866
vt 0.805128 0.739365
vt 0.821921 0.720939
vt 0.786898 0.760661
vt 0.763652 0.867893
vt 0.773775 0.873628
vt 0.779529 0.865296
vt 0.758768 0.860959
vt 0.797641 0.725663
vt 0.763581 0.880842
vt 0.766756 0.825617
vt 0.772948 0.800586
vt 0.781768 0.774757
vt 0.814294 0.711684
vt 0.750539 0.873820
vt 0.759740 0.848294
vt 0.795150 0.710598
vt 0.807470 0.704677
vt 0.826698 0.609079
vt 0.825700 0.624709
vt 0.828628 0.629874
vt 0.731885 0.874618
vt 0.750871 0.893862
vt 0.773742 0.791642
vt 0.787933 0.694050
vt 0.799182 0.688097
vt 0.802418 0.680807
vt 0.817330 0.616720
vt 0.778923 0.744471
vt 0.736348 0.899977
vt 0.741451 0.904743
vt 0.751746 0.850552
vt 0.753584 0.824537
vt 0.765576 0.765172
vt 0.767518 0.723625
vt 0.807254 0.629247
vt 0.822172 0.633720
vt 0.807695 0.623967
vt 0.746682 0.831994
vt 0.756396 0.813688
vt 0.778924 0.705027
vt 0.808571 0.652055
vt 0.788644 0.652487
vt 0.802698 0.669605
vt 0.809118 0.605106
vt 0.762794 0.790725
vt 0.751228 0.778764
vt 0.758414 0.772678
vt 0.766567 0.753936
vt 0.780370 0.722724
vt 0.784263 0.716522
vt 0.784242 0.645566
vt 0.814529 0.641206
vt 0.806474 0.591796
vt 0.827445 0.595984
vt 0.822215 0.585016
vt 0.813266 0.585952
vt 0.816996 0.582092
vt 0.726012 0.902588
vt 0.743993 0.840344
vt 0.771034 0.713737
vt 0.780782 0.689186
vt 0.784049 0.665163
vt 0.790912 0.625144
vt 0.717396 0.911910
vt 0.734525 0.852823
vt 0.766708 0.742378
vt 0.763704 0.734081
vt 0.778668 0.676279
vt 0.800306 0.610502
vt 0.802259 0.597059
vt 0.809416 0.582863
vt 0.722328 0.890674
vt 0.720954 0.856699
vt 0.740094 0.822545
vt 0.744722 0.815605
vt 0.744496 0.800875
vt 0.746552 0.753586
vt 0.765056 0.717572
vt 0.718709 0.896102
vt 0.723264 0.882021
vt 0.735173 0.827407
vt 0.772841 0.695571
vt 0.725345 0.833540
vt 0.735135 0.804978
vt 0.737166 0.783143
vt 0.750531 0.765563
vt 0.764094 0.711183
vt 0.764041 0.681092
vt 0.793851 0.611163
vt 0.715655 0.888898
vt 0.732512 0.808900
vt 0.769025 0.653755
vt 0.788458 0.618010
vt 0.789036 0.601122
vt 0.795449 0.589484
vt 0.715364 0.873273
vt 0.717410 0.865179
vt 0.730314 0.787487
vt 0.737401 0.768575
vt 0.745238 0.742647
vt 0.749456 0.737974
vt 0.752158 0.718747
vt 0.765935 0.691418
vt 0.793852 0.595740
vt 0.697150 0.883921
vt 0.707777 0.880174
vt 0.727416 0.816062
vt 0.756323 0.663349
vt 0.785887 0.619683
vt 0.786846 0.607068
vt 0.789003 0.585522
vt 0.801481 0.561359
vt 0.750757 0.732435
vt 0.788018 0.590837
vt 0.718001 0.845226
vt 0.718295 0.821927
vt 0.733346 0.756486
vt 0.755941 0.695870
vt 0.760471 0.648585
vt 0.764344 0.625889
vt 0.780124 0.614226
vt 0.784711 0.595736
vt 0.719781 0.811769
vt 0.728790 0.771955
vt 0.732878 0.763938
vt 0.738335 0.743158
vt 0.747292 0.672960
vt 0.776893 0.616320
vt 0.777997 0.605085
vt 0.780719 0.592900
vt 0.689107 0.941957
vt 0.703158 0.933508
vt 0.671051 0.901052
vt 0.702403 0.879644
vt 0.705816 0.870479
vt 0.700403 0.850056
vt 0.710311 0.847357
vt 0.722883 0.797320
vt 0.726538 0.748508
vt 0.744180 0.752335
vt 0.735350 0.735539
vt 0.743211 0.724455
vt 0.740964 0.714433
vt 0.747017 0.701055
vt 0.750993 0.685971
vt 0.776321 0.587182
vt 0.685002 0.882839
vt 0.707451 0.902593
vt 0.702629 0.862236
vt 0.712166 0.826208
vt 0.716234 0.815876
vt 0.717201 0.805055
vt 0.718534 0.788129
vt 0.738350 0.729560
vt 0.739647 0.706227
vt 0.743635 0.692186
vt 0.765953 0.619306
vt 0.772750 0.610013
vt 0.773727 0.593003
vt 0.797947 0.540064
vt 0.775160 0.542985
vt 0.784452 0.539049
vt 0.700181 0.876102
vt 0.702761 0.867263
vt 0.706354 0.837334
vt 0.716138 0.783273
vt 0.725441 0.757350
vt 0.694872 0.875830
vt 0.696557 0.863311
vt 0.711935 0.808063
vt 0.732562 0.723257
vt 0.765903 0.610157
vt 0.798896 0.494662
vt 0.784504 0.497440
vt 0.802267 0.508369
vt 0.677216 0.945252
vt 0.702565 0.825305
vt 0.707410 0.815684
vt 0.726485 0.738489
vt 0.732001 0.730976
vt 0.738879 0.699333
vt 0.764514 0.589070
vt 0.689883 0.874099
vt 0.712021 0.789476
vt 0.729688 0.734220
vt 0.735661 0.703400
vt 0.731661 0.678145
vt 0.754894 0.620701
vt 0.777117 0.535244
vt 0.782342 0.491442
vt 0.794140 0.485497
vt 0.658831 0.948465
vt 0.691609 0.849116
vt 0.695555 0.832751
vt 0.705359 0.793050
vt 0.726045 0.724391
vt 0.727186 0.716267
vt 0.726672 0.710590
vt 0.733799 0.690811
vt 0.735569 0.674127
vt 0.755863 0.564062
vt 0.764358 0.547379
vt 0.688864 0.859523
vt 0.698632 0.808515
vt 0.708335 0.785490
vt 0.719822 0.735963
vt 0.719648 0.728739
vt 0.731278 0.659565
vt 0.739259 0.651956
vt 0.744909 0.635763
vt 0.746606 0.609425
vt 0.758210 0.515637
vt 0.780423 0.485160
vt 0.700189 0.791429
vt 0.706360 0.781426
vt 0.710710 0.772326
vt 0.724988 0.698293
vt 0.743551 0.626631
vt 0.750126 0.533947
vt 0.788343 0.475437
vt 0.674317 0.869287
vt 0.720401 0.722289
vt 0.722432 0.687678
vt 0.734111 0.632644
vt 0.751146 0.598316
vt 0.761637 0.538723
vt 0.673781 0.852481
vt 0.681662 0.843051
vt 0.703396 0.774458
vt 0.715813 0.726135
vt 0.737744 0.620679
vt 0.686373 0.820517
vt 0.687850 0.803151
vt 0.694003 0.789627
vt 0.710237 0.762270
vt 0.706518 0.757637
vt 0.706069 0.747414
vt 0.709659 0.749590
vt 0.712613 0.743471
vt 0.713648 0.717881
vt 0.714266 0.709756
vt 0.715695 0.670765
vt 0.747621 0.574699
vt 0.746172 0.583516
vt 0.765947 0.510057
vt 0.770385 0.497739
vt 0.784218 0.468794
vt 0.772362 0.479119
vt 0.697277 0.776339
vt 0.700027 0.766351
vt 0.699672 0.757719
vt 0.701728 0.751436
vt 0.709849 0.742893
vt 0.707213 0.740146
vt 0.711554 0.737154
vt 0.707693 0.729107
vt 0.712185 0.731460
vt 0.714335 0.701643
vt 0.720754 0.682656
vt 0.722735 0.662472
vt 0.714346 0.634821
vt 0.738822 0.610939
vt 0.743586 0.591488
vt 0.656151 0.883852
vt 0.665089 0.854981
vt 0.676247 0.840639
vt 0.678908 0.830446
vt 0.680803 0.819680
vt 0.687105 0.788791
vt 0.692333 0.776877
vt 0.695467 0.766284
vt 0.702758 0.744999
vt 0.714769 0.691917
vt 0.718335 0.677427
vt 0.728482 0.614668
vt 0.737591 0.595320
vt 0.744907 0.546378
vt 0.765065 0.490992
vt 0.633334 0.920655
vt 0.668563 0.848400
vt 0.674839 0.835663
vt 0.683742 0.807643
vt 0.679935 0.800347
vt 0.692110 0.772319
vt 0.697409 0.742628
vt 0.698075 0.735695
vt 0.708179 0.661736
vt 0.731061 0.625534
vt 0.730270 0.602056
vt 0.750712 0.543003
vt 0.747509 0.518339
vt 0.770108 0.458724
vt 0.632926 0.945715
vt 0.659463 0.858560
vt 0.670115 0.836782
vt 0.675140 0.819944
vt 0.680697 0.808108
vt 0.685240 0.781924
vt 0.684925 0.771606
vt 0.689120 0.766838
vt 0.692501 0.761843
vt 0.690367 0.754143
vt 0.704365 0.725172
vt 0.708466 0.678046
vt 0.716259 0.653730
vt 0.752703 0.508034
vt 0.761418 0.498738
vt 0.677637 0.806972
vt 0.680645 0.775540
vt 0.713396 0.674024
vt 0.725863 0.620351
vt 0.726645 0.607387
vt 0.734696 0.586314
vt 0.725958 0.576557
vt 0.729789 0.567003
vt 0.735607 0.546179
vt 0.761819 0.481309
vt 0.659969 0.831318
vt 0.679335 0.783809
vt 0.680915 0.760483
vt 0.683053 0.750263
vt 0.688758 0.743558
vt 0.693121 0.736244
vt 0.717908 0.621060
vt 0.728147 0.590117
vt 0.746020 0.542528
vt 0.755720 0.489837
vt 0.628390 0.962690
vt 0.658466 0.819957
vt 0.666671 0.812964
vt 0.674496 0.793107
vt 0.674715 0.786172
vt 0.675897 0.760916
vt 0.695815 0.724317
vt 0.699625 0.720688
vt 0.690440 0.715636
vt 0.699577 0.716034
vt 0.698135 0.708108
vt 0.701903 0.708895
vt 0.702097 0.705527
vt 0.706077 0.672812
vt 0.740065 0.542933
vt 0.742233 0.531290
vt 0.747320 0.503724
vt 0.757059 0.466982
vt 0.628149 0.945219
vt 0.631543 0.930736
vt 0.667898 0.800519
vt 0.687315 0.727502
vt 0.691263 0.710727
vt 0.691150 0.706271
vt 0.703815 0.693895
vt 0.695142 0.696077
vt 0.701002 0.686840
vt 0.705699 0.683933
vt 0.702493 0.678620
vt 0.703265 0.666710
vt 0.707539 0.655352
vt 0.705684 0.652688
vt 0.716987 0.593580
vt 0.674780 0.766250
vt 0.681698 0.744631
vt 0.683160 0.736104
vt 0.697189 0.641232
vt 0.714706 0.586573
vt 0.727564 0.555311
vt 0.733141 0.541433
vt 0.748352 0.491409
vt 0.752955 0.454017
vt 0.616121 0.961219
vt 0.628245 0.931142
vt 0.633742 0.904612
vt 0.661813 0.803201
vt 0.667016 0.786196
vt 0.670278 0.770832
vt 0.674316 0.753037
vt 0.681812 0.719103
vt 0.697497 0.680040
vt 0.702244 0.659526
vt 0.701949 0.637528
vt 0.721351 0.524567
vt 0.740486 0.514435
vt 0.621148 0.929917
vt 0.616579 0.939149
vt 0.628292 0.920636
vt 0.631139 0.916799
vt 0.633709 0.887751
vt 0.637292 0.827869
vt 0.661645 0.793168
vt 0.671577 0.765372
vt 0.668962 0.763428
vt 0.676954 0.735454
vt 0.677539 0.730593
vt 0.685733 0.712448
vt 0.686691 0.706764
vt 0.689193 0.700136
vt 0.715997 0.569455
vt 0.727002 0.548972
vt 0.739375 0.496645
vt 0.754678 0.444283
vt 0.628679 0.914062
vt 0.628219 0.905163
vt 0.634003 0.873676
vt 0.653761 0.807907
vt 0.658219 0.800227
vt 0.682537 0.708496
vt 0.686340 0.699039
vt 0.695970 0.654766
vt 0.734697 0.507850
vt 0.737979 0.487451
vt 0.736455 0.472771
vt 0.745453 0.441114
vt 0.618611 0.921298
vt 0.629877 0.897860
vt 0.630176 0.893475
vt 0.634579 0.852438
vt 0.644376 0.805864
vt 0.657122 0.787446
vt 0.659043 0.784427
vt 0.659492 0.771711
vt 0.662726 0.764597
vt 0.666772 0.748387
vt 0.670604 0.737414
vt 0.676282 0.719545
vt 0.676483 0.712965
vt 0.680433 0.700218
vt 0.684225 0.696890
vt 0.688726 0.691264
vt 0.692007 0.650454
vt 0.696266 0.633167
vt 0.719449 0.554644
vt 0.718409 0.537513
vt 0.725529 0.509523
vt 0.610985 0.944661
vt 0.619080 0.912896
vt 0.624708 0.898540
vt 0.630229 0.879812
vt 0.653317 0.798474
vt 0.667132 0.734361
vt 0.672475 0.719158
vt 0.685817 0.690449
vt 0.680646 0.690666
vt 0.683954 0.686570
vt 0.712916 0.553844
vt 0.726161 0.505577
vt 0.731870 0.499122
vt 0.730608 0.493577
vt 0.731601 0.480923
vt 0.750742 0.434750
vt 0.599970 0.962559
vt 0.588565 0.963672
vt 0.622760 0.891078
vt 0.631206 0.872971
vt 0.673119 0.705004
vt 0.687909 0.639846
vt 0.703010 0.587453
vt 0.703707 0.571074
vt 0.739030 0.459126
vt 0.611464 0.928739
vt 0.620087 0.898735
vt 0.626840 0.879541
vt 0.626903 0.867819
vt 0.630973 0.855834
vt 0.635726 0.837730
vt 0.658313 0.755170
vt 0.673300 0.696716
vt 0.673873 0.686553
vt 0.677011 0.686909
vt 0.683360 0.667932
vt 0.680260 0.670858
vt 0.684903 0.677132
vt 0.685643 0.660169
vt 0.691383 0.658747
vt 0.683409 0.652338
vt 0.685866 0.648295
vt 0.688043 0.643244
vt 0.705173 0.607604
vt 0.697671 0.605185
vt 0.699788 0.609073
vt 0.738726 0.444623
vt 0.739000 0.430341
vt 0.599466 0.952544
vt 0.605359 0.935667
vt 0.609794 0.921141
vt 0.610048 0.907819
vt 0.623614 0.877537
vt 0.625874 0.861021
vt 0.622958 0.850251
vt 0.632629 0.833670
vt 0.654206 0.721470
vt 0.680533 0.683353
vt 0.686474 0.635579
vt 0.711081 0.547505
vt 0.713143 0.526823
vt 0.714371 0.506535
vt 0.721557 0.502935
vt 0.729158 0.473379
vt 0.598354 0.944325
vt 0.615804 0.895379
vt 0.617474 0.889144
vt 0.619486 0.881932
vt 0.620570 0.869029
vt 0.630093 0.828726
vt 0.659772 0.717586
vt 0.676469 0.670259
vt 0.678988 0.673939
vt 0.682362 0.662789
vt 0.683325 0.656666
vt 0.679742 0.659145
vt 0.684011 0.639877
vt 0.696252 0.594812
vt 0.694166 0.604603
vt 0.702050 0.595011
vt 0.723196 0.486017
vt 0.731969 0.458563
vt 0.603840 0.926803
vt 0.625879 0.816288
vt 0.631575 0.815250
vt 0.629593 0.804041
vt 0.644952 0.733637
vt 0.663080 0.695669
vt 0.666631 0.687868
vt 0.673431 0.657628
vt 0.688399 0.589328
vt 0.696240 0.574468
vt 0.702831 0.550873
vt 0.698809 0.546768
vt 0.702496 0.541844
vt 0.709658 0.516931
vt 0.713408 0.500046
vt 0.720162 0.479399
vt 0.726246 0.452592
vt 0.730721 0.435525
vt 0.602953 0.909723
vt 0.607698 0.901216
vt 0.611320 0.891211
vt 0.620698 0.839949
vt 0.627009 0.831872
vt 0.623379 0.834743
vt 0.631281 0.794611
vt 0.631783 0.777736
vt 0.667261 0.672710
vt 0.673209 0.653695
vt 0.674937 0.628984
vt 0.694088 0.553363
vt 0.722500 0.472309
vt 0.593042 0.947677
vt 0.597082 0.923298
vt 0.589626 0.882806
vt 0.609794 0.864687
vt 0.620211 0.820136
vt 0.634980 0.758641
vt 0.653189 0.701155
vt 0.670507 0.635280
vt 0.685419 0.570519
vt 0.702329 0.529006
vt 0.699575 0.513813
vt 0.599133 0.908581
vt 0.618524 0.829808
vt 0.624306 0.810575
vt 0.648415 0.724907
vt 0.655852 0.693790
vt 0.676916 0.612685
vt 0.681440 0.601237
vt 0.686434 0.602762
vt 0.679595 0.595559
vt 0.698514 0.535625
vt 0.705295 0.494576
vt 0.707297 0.479857
vt 0.715826 0.468879
vt 0.600274 0.866250
vt 0.649723 0.708805
vt 0.672594 0.646410
vt 0.665569 0.641892
vt 0.667342 0.655577
vt 0.679189 0.603809
vt 0.674235 0.607365
vt 0.676540 0.578033
vt 0.695329 0.520232
vt 0.697283 0.499099
vt 0.712195 0.477609
vt 0.611992 0.844292
vt 0.618575 0.814986
vt 0.620680 0.800590
vt 0.628415 0.765723
vt 0.627106 0.746095
vt 0.638445 0.726735
vt 0.644187 0.715508
vt 0.658035 0.654059
vt 0.675671 0.599411
vt 0.678012 0.566117
vt 0.690759 0.535838
vt 0.716539 0.433027
vt 0.566252 0.962960
vt 0.603611 0.851947
vt 0.610868 0.806437
vt 0.630541 0.761862
vt 0.627268 0.733995
vt 0.632274 0.726712
vt 0.644176 0.711613
vt 0.645437 0.700163
vt 0.660035 0.659830
vt 0.652013 0.663947
vt 0.659794 0.673463
vt 0.661949 0.636726
vt 0.671069 0.606100
vt 0.679253 0.543909
vt 0.708223 0.456641
vt 0.573163 0.928263
vt 0.610349 0.811528
vt 0.626617 0.753838
vt 0.650953 0.673002
vt 0.652523 0.645644
vt 0.655005 0.617890
vt 0.662094 0.613660
vt 0.690108 0.528754
vt 0.583386 0.904440
vt 0.595819 0.861692
vt 0.606024 0.835212
vt 0.618618 0.779096
vt 0.618785 0.787548
vt 0.655441 0.636965
vt 0.666491 0.609343
vt 0.664818 0.604697
vt 0.663112 0.592973
vt 0.683606 0.525323
vt 0.685851 0.511987
vt 0.693630 0.487116
vt 0.585869 0.868154
vt 0.582073 0.879639
vt 0.599273 0.830842
vt 0.604485 0.799752
vt 0.610014 0.787836
vt 0.631238 0.722073
vt 0.643809 0.652631
vt 0.657803 0.607431
vt 0.659988 0.585260
vt 0.670924 0.553431
vt 0.678598 0.524267
vt 0.588397 0.848181
vt 0.595397 0.835132
vt 0.599606 0.814469
vt 0.600501 0.805725
vt 0.606516 0.789407
vt 0.613968 0.779949
vt 0.618072 0.764408
vt 0.620197 0.759436
vt 0.618203 0.744934
vt 0.643807 0.690085
vt 0.641293 0.680815
vt 0.631859 0.686500
vt 0.637626 0.664878
vt 0.647131 0.633280
vt 0.685334 0.496133
vt 0.691782 0.474540
vt 0.698423 0.454999
vt 0.577792 0.905657
vt 0.627842 0.717785
vt 0.630824 0.716691
vt 0.632606 0.668028
vt 0.666261 0.559918
vt 0.661534 0.552258
vt 0.672059 0.538665
vt 0.677754 0.509689
vt 0.552978 0.955159
vt 0.571228 0.895048
vt 0.592070 0.837884
vt 0.601176 0.801596
vt 0.596269 0.795900
vt 0.629749 0.711430
vt 0.639268 0.654050
vt 0.637326 0.644336
vt 0.643649 0.609430
vt 0.561101 0.935811
vt 0.568118 0.907942
vt 0.561781 0.915431
vt 0.582774 0.835203
vt 0.623472 0.713972
vt 0.624173 0.704663
vt 0.628412 0.706109
vt 0.631071 0.701335
vt 0.628355 0.697287
vt 0.630240 0.678793
vt 0.637211 0.638321
vt 0.648556 0.589037
vt 0.653281 0.570929
vt 0.667952 0.546834
vt 0.690120 0.455068
vt 0.551342 0.968929
vt 0.554713 0.943049
vt 0.575799 0.864527
vt 0.579900 0.818320
vt 0.591131 0.809630
vt 0.596225 0.803525
vt 0.595656 0.800117
vt 0.612931 0.738212
vt 0.626479 0.683280
vt 0.646584 0.602253
vt 0.641697 0.596682
vt 0.653162 0.555568
vt 0.669551 0.525723
vt 0.671219 0.493455
vt 0.681339 0.471241
vt 0.695244 0.415818
vt 0.556167 0.935491
vt 0.556677 0.928123
vt 0.566375 0.874767
vt 0.573769 0.846586
vt 0.578049 0.832470
vt 0.610450 0.755388
vt 0.617437 0.754130
vt 0.611268 0.747251
vt 0.616575 0.699703
vt 0.619059 0.710738
vt 0.633419 0.633845
vt 0.629069 0.623685
vt 0.662083 0.542754
vt 0.667017 0.532315
vt 0.667794 0.516390
vt 0.542916 0.952836
vt 0.572559 0.855055
vt 0.576243 0.841569
vt 0.587520 0.795485
vt 0.628972 0.651973
vt 0.623872 0.646672
vt 0.634617 0.611224
vt 0.649616 0.549701
vt 0.660193 0.531600
vt 0.665161 0.508489
vt 0.674644 0.464753
vt 0.668963 0.444061
vt 0.542073 0.964605
vt 0.539530 0.973158
vt 0.546392 0.948251
vt 0.551139 0.888142
vt 0.579500 0.836961
vt 0.594368 0.789009
vt 0.613221 0.679806
vt 0.620766 0.668309
vt 0.640810 0.577776
vt 0.648081 0.562674
vt 0.673983 0.483080
vt 0.541517 0.933877
vt 0.550234 0.930306
vt 0.568962 0.847914
vt 0.571964 0.837890
vt 0.567209 0.798463
vt 0.586709 0.791266
vt 0.584877 0.784965
vt 0.609347 0.683086
vt 0.627383 0.636733
vt 0.633896 0.602796
vt 0.637379 0.584514
vt 0.645388 0.557542
vt 0.650218 0.542994
vt 0.654313 0.522226
vt 0.668285 0.487671
vt 0.670533 0.473592
vt 0.531383 0.961727
vt 0.549014 0.925044
vt 0.560948 0.859309
vt 0.572392 0.824005
vt 0.569735 0.811172
vt 0.609484 0.725676
vt 0.599240 0.730768
vt 0.609285 0.732179
vt 0.623139 0.650648
vt 0.620776 0.642064
vt 0.626356 0.632526
vt 0.624776 0.626924
vt 0.653507 0.535086
vt 0.660566 0.505333
vt 0.532587 0.948465
vt 0.539270 0.943884
vt 0.545755 0.913459
vt 0.549143 0.899117
vt 0.547397 0.879401
vt 0.574407 0.793439
vt 0.607301 0.690828
vt 0.604529 0.708910
vt 0.615726 0.656484
vt 0.613557 0.668872
vt 0.629760 0.613918
vt 0.628580 0.607639
vt 0.629917 0.596871
vt 0.638702 0.561273
vt 0.652773 0.484500
vt 0.540904 0.923493
vt 0.553227 0.869879
vt 0.579966 0.778609
vt 0.594714 0.777074
vt 0.618272 0.648862
vt 0.642919 0.537885
vt 0.649387 0.515607
vt 0.657938 0.496617
vt 0.524001 0.964621
vt 0.534320 0.935463
vt 0.544084 0.901243
vt 0.562396 0.826355
vt 0.565382 0.821934
vt 0.578221 0.786629
vt 0.592464 0.759288
vt 0.581847 0.750554
vt 0.585224 0.761527
vt 0.593653 0.755791
vt 0.596130 0.708123
vt 0.598255 0.714616
vt 0.610802 0.662890
vt 0.623253 0.604321
vt 0.632950 0.552917
vt 0.643531 0.528311
vt 0.651015 0.501752
vt 0.653725 0.496391
vt 0.679713 0.406939
vt 0.520147 0.980339
vt 0.526566 0.979501
vt 0.528406 0.952880
vt 0.530945 0.917197
vt 0.544298 0.886029
vt 0.554475 0.851201
vt 0.583622 0.756389
vt 0.584633 0.741764
vt 0.592276 0.745244
vt 0.588311 0.738891
vt 0.589762 0.729996
vt 0.598082 0.692504
vt 0.599901 0.684500
vt 0.599782 0.675211
vt 0.607857 0.655212
vt 0.622520 0.588293
vt 0.651458 0.450769
vt 0.523227 0.924498
vt 0.538828 0.899684
vt 0.538165 0.893313
vt 0.562779 0.813751
vt 0.569978 0.786689
vt 0.577215 0.752476
vt 0.619848 0.596895
vt 0.637391 0.534005
vt 0.638660 0.524722
vt 0.654740 0.469236
vt 0.657294 0.421125
vt 0.521919 0.942143
vt 0.543188 0.871753
vt 0.546682 0.865290
vt 0.558878 0.825153
vt 0.559491 0.828377
vt 0.556759 0.817114
vt 0.560935 0.807913
vt 0.570552 0.774949
vt 0.595427 0.688385
vt 0.597003 0.665181
vt 0.632737 0.540000
vt 0.642284 0.512433
vt 0.647210 0.494852
vt 0.514883 0.972145
vt 0.520320 0.951225
vt 0.528832 0.904341
vt 0.539024 0.884575
vt 0.547640 0.851487
vt 0.556456 0.811595
vt 0.583099 0.705219
vt 0.581510 0.691094
vt 0.593396 0.680739
vt 0.599730 0.652748
vt 0.648732 0.469652
vt 0.505684 0.972075
vt 0.515447 0.958586
vt 0.536379 0.862859
vt 0.552973 0.822514
vt 0.553161 0.826761
vt 0.551809 0.790898
vt 0.563715 0.772069
vt 0.572007 0.765989
vt 0.606088 0.587183
vt 0.624093 0.549648
vt 0.624333 0.535505
vt 0.635941 0.510259
vt 0.637291 0.495635
vt 0.523255 0.913287
vt 0.527263 0.882947
vt 0.529900 0.872789
vt 0.544356 0.841075
vt 0.548927 0.838738
vt 0.547351 0.825449
vt 0.549666 0.813971
vt 0.546803 0.805419
vt 0.558692 0.784461
vt 0.572183 0.753426
vt 0.591695 0.657542
vt 0.624919 0.566635
vt 0.615554 0.569058
vt 0.621478 0.575453
vt 0.618574 0.563475
vt 0.622050 0.560444
vt 0.627155 0.561027
vt 0.509725 0.939303
vt 0.534666 0.850311
vt 0.539966 0.836974
vt 0.539866 0.799586
vt 0.554799 0.765277
vt 0.607712 0.579356
vt 0.621486 0.580251
vt 0.637021 0.487808
vt 0.659401 0.399139
vt 0.523084 0.891282
vt 0.552911 0.784717
vt 0.574358 0.700304
vt 0.586372 0.659534
vt 0.583102 0.667795
vt 0.612344 0.558185
vt 0.638854 0.460265
vt 0.640933 0.430776
vt 0.645444 0.415324
vt 0.511396 0.922840
vt 0.513573 0.915027
vt 0.514919 0.905091
vt 0.524690 0.869017
vt 0.520912 0.864005
vt 0.535839 0.836465
vt 0.544668 0.818100
vt 0.540472 0.811171
vt 0.555354 0.771931
vt 0.581490 0.681669
vt 0.603594 0.570109
vt 0.620962 0.513300
vt 0.524269 0.879100
vt 0.528966 0.850374
vt 0.538758 0.821356
vt 0.541786 0.825369
vt 0.549387 0.781059
vt 0.569155 0.702716
vt 0.573946 0.705399
vt 0.588236 0.644033
vt 0.601453 0.583457
vt 0.610533 0.535010
vt 0.614904 0.503681
vt 0.613648 0.492184
vt 0.621425 0.450499
vt 0.502155 0.929922
vt 0.505373 0.916380
vt 0.513886 0.884730
vt 0.547885 0.772310
vt 0.568234 0.723951
vt 0.560441 0.723991
vt 0.559221 0.729224
vt 0.574559 0.689054
vt 0.568682 0.691042
vt 0.582631 0.645535
vt 0.586352 0.636462
vt 0.610047 0.525789
vt 0.609737 0.513707
vt 0.508497 0.904413
vt 0.526628 0.840795
vt 0.542307 0.785897
vt 0.564149 0.698134
vt 0.568103 0.708556
vt 0.564937 0.684808
vt 0.574943 0.682156
vt 0.578072 0.656853
vt 0.572723 0.666474
vt 0.576282 0.638522
vt 0.587463 0.626094
vt 0.585110 0.627605
vt 0.589981 0.635574
vt 0.597572 0.574882
vt 0.596671 0.587848
vt 0.601546 0.545695
vt 0.615444 0.472844
vt 0.631671 0.402713
vt 0.489568 0.952589
vt 0.501178 0.906707
vt 0.509027 0.890892
vt 0.510990 0.868683
vt 0.519164 0.846886
vt 0.556555 0.734745
vt 0.553020 0.738920
vt 0.553837 0.742150
vt 0.552106 0.726007
vt 0.556724 0.717904
vt 0.559728 0.714309
vt 0.561946 0.705690
vt 0.567985 0.671081
vt 0.578238 0.644682
vt 0.576639 0.626507
vt 0.585936 0.618493
vt 0.594326 0.585705
vt 0.594270 0.570050
vt 0.627646 0.432757
vt 0.488563 0.968621
vt 0.528173 0.804765
vt 0.533594 0.810774
vt 0.536007 0.782491
vt 0.539128 0.791806
vt 0.537245 0.776599
vt 0.549157 0.743347
vt 0.551147 0.732748
vt 0.556686 0.708400
vt 0.564198 0.674101
vt 0.583183 0.616380
vt 0.593107 0.576682
vt 0.593939 0.559150
vt 0.595290 0.545130
vt 0.601666 0.536574
vt 0.624629 0.419129
vt 0.636675 0.389751
vt 0.503667 0.891776
vt 0.508203 0.873247
vt 0.511662 0.857711
vt 0.524634 0.809577
vt 0.525788 0.797939
vt 0.529391 0.790079
vt 0.542964 0.739572
vt 0.549850 0.716481
vt 0.559146 0.684162
vt 0.555644 0.682434
vt 0.575886 0.616973
vt 0.600603 0.529346
vt 0.606119 0.504707
vt 0.480486 0.937534
vt 0.502759 0.876236
vt 0.532443 0.815433
vt 0.519167 0.818054
vt 0.531086 0.783550
vt 0.536711 0.768040
vt 0.552162 0.698903
vt 0.551150 0.706396
vt 0.561709 0.669473
vt 0.569508 0.646312
vt 0.579884 0.609108
vt 0.583637 0.574779
vt 0.472866 0.954665
vt 0.474138 0.968106
vt 0.505723 0.868411
vt 0.507803 0.845800
vt 0.532523 0.773128
vt 0.569885 0.623299
vt 0.587939 0.563352
vt 0.590480 0.553081
vt 0.614898 0.434952
vt 0.494877 0.900747
vt 0.498678 0.887246
vt 0.503311 0.861693
vt 0.510393 0.805441
vt 0.526412 0.779027
vt 0.538437 0.728435
vt 0.541339 0.726142
vt 0.543374 0.711848
vt 0.551202 0.709385
vt 0.547610 0.703521
vt 0.562501 0.642580
vt 0.562776 0.619853
vt 0.594378 0.513535
vt 0.608344 0.473735
vt 0.598080 0.455580
vt 0.627492 0.384514
vt 0.484430 0.917671
vt 0.496191 0.867389
vt 0.509108 0.831880
vt 0.515007 0.834401
vt 0.513877 0.792783
vt 0.517319 0.788915
vt 0.539710 0.741843
vt 0.531156 0.742334
vt 0.532988 0.749783
vt 0.541127 0.695783
vt 0.555559 0.653443
vt 0.569146 0.609350
vt 0.572019 0.568210
vt 0.576205 0.559588
vt 0.585040 0.551354
vt 0.585525 0.541347
vt 0.595020 0.496244
vt 0.594246 0.480412
vt 0.482980 0.905367
vt 0.486685 0.893227
vt 0.501340 0.846445
vt 0.501221 0.837570
vt 0.529773 0.747921
vt 0.534290 0.719901
vt 0.549604 0.663649
vt 0.557076 0.640942
vt 0.561234 0.627203
vt 0.587845 0.521087
vt 0.617137 0.421685
vt 0.618520 0.408743
vt 0.484387 0.908811
vt 0.487361 0.877513
vt 0.503462 0.827268
vt 0.512062 0.796820
vt 0.539600 0.670019
vt 0.557032 0.626319
vt 0.564745 0.608316
vt 0.577625 0.545855
vt 0.582367 0.532909
vt 0.612824 0.427445
vt 0.612969 0.416917
vt 0.458667 0.972409
vt 0.477295 0.909977
vt 0.481337 0.897117
vt 0.490276 0.865429
vt 0.495406 0.845261
vt 0.525293 0.766240
vt 0.517324 0.764488
vt 0.517312 0.767448
vt 0.524526 0.743487
vt 0.553315 0.632250
vt 0.559332 0.612998
vt 0.587270 0.499220
vt 0.596103 0.466773
vt 0.606459 0.434830
vt 0.458248 0.929369
vt 0.481616 0.889759
vt 0.489993 0.858710
vt 0.496757 0.830308
vt 0.505795 0.800808
vt 0.507963 0.790752
vt 0.510499 0.785783
vt 0.519480 0.747763
vt 0.524306 0.753697
vt 0.525878 0.727806
vt 0.526180 0.715698
vt 0.550372 0.626707
vt 0.552766 0.621108
vt 0.579888 0.525390
vt 0.578415 0.507712
vt 0.593140 0.474228
vt 0.605152 0.411484
vt 0.609051 0.382100
vt 0.481272 0.879460
vt 0.484660 0.875138
vt 0.483340 0.868544
vt 0.492503 0.832592
vt 0.500199 0.827087
vt 0.495641 0.820553
vt 0.503286 0.793866
vt 0.513261 0.768396
vt 0.518536 0.743288
vt 0.528690 0.691872
vt 0.531331 0.675318
vt 0.541125 0.664409
vt 0.547319 0.654910
vt 0.555036 0.610054
vt 0.566061 0.561507
vt 0.568486 0.544915
vt 0.583762 0.495786
vt 0.587676 0.488765
vt 0.586901 0.475266
vt 0.593296 0.449682
vt 0.597941 0.420814
vt 0.473630 0.897580
vt 0.479608 0.874116
vt 0.485131 0.859495
vt 0.487119 0.847608
vt 0.501827 0.781140
vt 0.510573 0.761795
vt 0.508687 0.771052
vt 0.517356 0.756289
vt 0.514475 0.734097
vt 0.520283 0.722567
vt 0.537304 0.660307
vt 0.567925 0.533757
vt 0.579733 0.501003
vt 0.585440 0.483609
vt 0.588796 0.470824
vt 0.589350 0.463435
vt 0.473734 0.886766
vt 0.487952 0.829825
vt 0.490766 0.824559
vt 0.504663 0.769378
vt 0.506114 0.763064
vt 0.506879 0.745982
vt 0.564251 0.547287
vt 0.573586 0.515619
vt 0.575041 0.507235
vt 0.579584 0.496554
vt 0.590617 0.457441
vt 0.437932 0.972065
vt 0.475443 0.872176
vt 0.477415 0.856995
vt 0.494841 0.794969
vt 0.491972 0.790271
vt 0.504128 0.772673
vt 0.521409 0.691598
vt 0.555400 0.561235
vt 0.562222 0.539845
vt 0.574252 0.499288
vt 0.581017 0.482133
vt 0.582539 0.470453
vt 0.585116 0.454430
vt 0.589752 0.450694
vt 0.481970 0.843786
vt 0.483112 0.821322
vt 0.499685 0.775048
vt 0.502629 0.775394
vt 0.527547 0.660649
vt 0.568144 0.512540
vt 0.569475 0.501750
vt 0.575494 0.477568
vt 0.587703 0.395794
vt 0.438142 0.952896
vt 0.461998 0.874977
vt 0.475725 0.842112
vt 0.478099 0.833050
vt 0.488577 0.784180
vt 0.497195 0.766932
vt 0.499758 0.760633
vt 0.497663 0.753121
vt 0.561317 0.523752
vt 0.577093 0.442290
vt 0.444025 0.917560
vt 0.467998 0.860964
vt 0.486015 0.774356
vt 0.490833 0.768885
vt 0.486955 0.752129
vt 0.514781 0.727609
vt 0.500943 0.725532
vt 0.511276 0.696177
vt 0.509199 0.713247
vt 0.538581 0.600813
vt 0.545056 0.602949
vt 0.542429 0.594174
vt 0.549974 0.546132
vt 0.470033 0.850384
vt 0.471757 0.828432
vt 0.485797 0.800202
vt 0.480157 0.805619
vt 0.484057 0.811277
vt 0.490305 0.758155
vt 0.485439 0.749214
vt 0.491146 0.728453
vt 0.506336 0.701130
vt 0.514498 0.672357
vt 0.521406 0.659031
vt 0.565346 0.477405
vt 0.586523 0.418205
vt 0.460690 0.867665
vt 0.458633 0.860615
vt 0.470110 0.835280
vt 0.473974 0.821925
vt 0.481886 0.797907
vt 0.480768 0.790589
vt 0.502709 0.713219
vt 0.507042 0.683239
vt 0.528855 0.633888
vt 0.527210 0.629183
vt 0.523135 0.633667
vt 0.529517 0.621562
vt 0.524982 0.608711
vt 0.532499 0.614462
vt 0.548220 0.520718
vt 0.432405 0.928238
vt 0.466856 0.837160
vt 0.477995 0.797544
vt 0.475812 0.770481
vt 0.484109 0.757562
vt 0.513531 0.654938
vt 0.570770 0.431098
vt 0.588753 0.375110
vt 0.446680 0.879574
vt 0.467709 0.820962
vt 0.470270 0.802362
vt 0.476191 0.808693
vt 0.475046 0.774957
vt 0.478554 0.766266
vt 0.485833 0.730581
vt 0.492634 0.725064
vt 0.496220 0.721296
vt 0.497916 0.716719
vt 0.496821 0.713305
vt 0.495749 0.708897
vt 0.502985 0.697027
vt 0.502358 0.694636
vt 0.533079 0.600026
vt 0.527388 0.598606
vt 0.542002 0.527548
vt 0.565264 0.453127
vt 0.425901 0.951493
vt 0.437108 0.909851
vt 0.457921 0.837237
vt 0.470306 0.792997
vt 0.499849 0.662902
vt 0.514282 0.635013
vt 0.519300 0.642326
vt 0.542210 0.539268
vt 0.546283 0.509997
vt 0.571145 0.415532
vt 0.418037 0.967564
vt 0.439365 0.891124
vt 0.456666 0.829972
vt 0.462766 0.814050
vt 0.461749 0.820213
vt 0.476756 0.786467
vt 0.491823 0.717466
vt 0.543843 0.497349
vt 0.549008 0.485650
vt 0.550248 0.471383
vt 0.444426 0.860423
vt 0.449289 0.847553
vt 0.451295 0.839672
vt 0.448982 0.833609
vt 0.467520 0.761869
vt 0.471399 0.754361
vt 0.492734 0.704255
vt 0.497297 0.697398
vt 0.492546 0.691429
vt 0.501632 0.688826
vt 0.498277 0.684793
vt 0.537988 0.534481
vt 0.537896 0.539959
vt 0.537673 0.529100
vt 0.541121 0.519546
vt 0.544130 0.454073
vt 0.430981 0.919685
vt 0.431932 0.910642
vt 0.435973 0.895168
vt 0.438031 0.873220
vt 0.464347 0.799780
vt 0.458221 0.810280
vt 0.466688 0.773251
vt 0.470010 0.771175
vt 0.483247 0.718920
vt 0.482977 0.725123
vt 0.482669 0.708540
vt 0.496376 0.664091
vt 0.532427 0.534798
vt 0.539025 0.508701
vt 0.540174 0.503683
vt 0.560723 0.429000
vt 0.560786 0.409636
vt 0.568229 0.394184
vt 0.424272 0.933838
vt 0.431654 0.889710
vt 0.454123 0.816985
vt 0.457205 0.814180
vt 0.458995 0.799459
vt 0.473982 0.729727
vt 0.476824 0.719776
vt 0.487893 0.682511
vt 0.529795 0.532879
vt 0.534019 0.527506
vt 0.542471 0.492666
vt 0.543850 0.483443
vt 0.547679 0.463938
vt 0.424277 0.915484
vt 0.444680 0.846284
vt 0.447224 0.838883
vt 0.448986 0.827960
vt 0.449082 0.821714
vt 0.454385 0.803140
vt 0.468097 0.784197
vt 0.466547 0.768420
vt 0.458663 0.753976
vt 0.479454 0.717729
vt 0.481047 0.712043
vt 0.484476 0.699813
vt 0.479247 0.687636
vt 0.496608 0.655619
vt 0.514311 0.618024
vt 0.503512 0.618506
vt 0.502625 0.624989
vt 0.535467 0.503839
vt 0.536476 0.495157
vt 0.538957 0.488568
vt 0.543737 0.470599
vt 0.559104 0.421418
vt 0.436918 0.855377
vt 0.441846 0.830612
vt 0.452837 0.808689
vt 0.453216 0.798393
vt 0.456402 0.788556
vt 0.452198 0.783139
vt 0.463582 0.767721
vt 0.464590 0.728542
vt 0.476246 0.709616
vt 0.479619 0.698804
vt 0.536232 0.482271
vt 0.559544 0.405277
vt 0.566155 0.385473
vt 0.561699 0.395510
vt 0.404106 0.952111
vt 0.433880 0.864550
vt 0.438771 0.844084
vt 0.467507 0.722053
vt 0.489229 0.665718
vt 0.483207 0.655167
vt 0.490884 0.637470
vt 0.508219 0.627379
vt 0.521273 0.530362
vt 0.523014 0.533482
vt 0.525808 0.510103
vt 0.537081 0.471685
vt 0.540511 0.462883
vt 0.544864 0.436591
vt 0.552930 0.414026
vt 0.557561 0.386994
vt 0.410867 0.921926
vt 0.423830 0.893165
vt 0.424929 0.881800
vt 0.430951 0.861154
vt 0.433199 0.849768
vt 0.436409 0.839074
vt 0.448586 0.800308
vt 0.459537 0.761644
vt 0.445359 0.728858
vt 0.474386 0.704735
vt 0.483463 0.666019
vt 0.485807 0.674018
vt 0.491940 0.626853
vt 0.492698 0.619361
vt 0.505011 0.582245
vt 0.507981 0.586524
vt 0.509386 0.580525
vt 0.520775 0.522727
vt 0.521540 0.494358
vt 0.534255 0.453738
vt 0.553067 0.404783
vt 0.414472 0.898352
vt 0.424176 0.872974
vt 0.424266 0.864938
vt 0.444529 0.796950
vt 0.457366 0.771027
vt 0.444587 0.778769
vt 0.454416 0.760611
vt 0.471107 0.693747
vt 0.471697 0.681442
vt 0.470534 0.675678
vt 0.480117 0.658864
vt 0.483098 0.645820
vt 0.503750 0.569732
vt 0.512537 0.573261
vt 0.503949 0.562377
vt 0.511581 0.531449
vt 0.533690 0.419901
vt 0.548819 0.404889
vt 0.397830 0.969163
vt 0.427107 0.861136
vt 0.437835 0.816238
vt 0.443269 0.815903
vt 0.442966 0.812417
vt 0.443830 0.789180
vt 0.467139 0.699383
vt 0.464920 0.692361
vt 0.516622 0.539980
vt 0.510540 0.538461
vt 0.512879 0.545674
vt 0.517051 0.525485
vt 0.518260 0.520951
vt 0.518709 0.504627
vt 0.521554 0.481281
vt 0.549697 0.397274
vt 0.552169 0.383799
vt 0.392744 0.948366
vt 0.418114 0.871252
vt 0.427319 0.849453
vt 0.427130 0.840787
vt 0.436690 0.811014
vt 0.438238 0.794090
vt 0.449838 0.762098
vt 0.445756 0.753016
vt 0.487973 0.644308
vt 0.483568 0.635003
vt 0.485027 0.627549
vt 0.508213 0.544024
vt 0.507761 0.553493
vt 0.515290 0.519875
vt 0.528188 0.436437
vt 0.541570 0.403053
vt 0.545449 0.368036
vt 0.557177 0.371615
vt 0.562670 0.360140
vt 0.553533 0.358922
vt 0.388244 0.965155
vt 0.395241 0.923607
vt 0.407242 0.889100
vt 0.419207 0.855164
vt 0.436153 0.802682
vt 0.441247 0.786572
vt 0.451717 0.722913
vt 0.457472 0.713763
vt 0.469358 0.665636
vt 0.470189 0.655936
vt 0.474155 0.636177
vt 0.499480 0.568913
vt 0.499098 0.559112
vt 0.505922 0.539306
vt 0.509112 0.512243
vt 0.515888 0.470043
vt 0.544677 0.400566
vt 0.544813 0.394803
vt 0.547839 0.381674
vt 0.422655 0.844259
vt 0.430330 0.831445
vt 0.432353 0.819484
vt 0.425821 0.826651
vt 0.428782 0.791041
vt 0.436012 0.783555
vt 0.436092 0.770746
vt 0.459141 0.703929
vt 0.458793 0.685966
vt 0.468724 0.644243
vt 0.503246 0.555191
vt 0.501544 0.548039
vt 0.503516 0.515750
vt 0.517207 0.486306
vt 0.517363 0.475973
vt 0.520938 0.457190
vt 0.423967 0.820007
vt 0.427578 0.805633
vt 0.434293 0.780817
vt 0.433221 0.730796
vt 0.452971 0.703396
vt 0.453597 0.711394
vt 0.454740 0.695234
vt 0.457391 0.678886
vt 0.460902 0.668736
vt 0.496647 0.549346
vt 0.497363 0.529158
vt 0.508354 0.502181
vt 0.514239 0.482094
vt 0.540420 0.386644
vt 0.546723 0.361517
vt 0.382172 0.955430
vt 0.391636 0.939914
vt 0.405354 0.875734
vt 0.414218 0.850823
vt 0.421448 0.826155
vt 0.419107 0.815500
vt 0.427232 0.796750
vt 0.428169 0.761578
vt 0.451811 0.693823
vt 0.461134 0.661846
vt 0.464446 0.649337
vt 0.498140 0.541561
vt 0.510437 0.490129
vt 0.512299 0.485853
vt 0.548494 0.352034
vt 0.386458 0.939023
vt 0.398823 0.887518
vt 0.417481 0.819405
vt 0.443723 0.723346
vt 0.446905 0.702812
vt 0.451992 0.697719
vt 0.489159 0.560266
vt 0.490308 0.566777
vt 0.506160 0.488950
vt 0.511895 0.477291
vt 0.514209 0.457511
vt 0.522240 0.427198
vt 0.518965 0.389337
vt 0.539173 0.367571
vt 0.542842 0.352974
vt 0.399365 0.876109
vt 0.419059 0.798083
vt 0.426952 0.777869
vt 0.455713 0.648920
vt 0.482961 0.573146
vt 0.501707 0.504820
vt 0.375377 0.942646
vt 0.386822 0.902069
vt 0.407682 0.848695
vt 0.410474 0.820177
vt 0.414779 0.824733
vt 0.422962 0.783603
vt 0.424160 0.757044
vt 0.440930 0.716393
vt 0.449288 0.689968
vt 0.449516 0.670275
vt 0.444674 0.681247
vt 0.455082 0.655439
vt 0.483292 0.552263
vt 0.503056 0.480112
vt 0.367112 0.956039
vt 0.380027 0.914813
vt 0.393869 0.882474
vt 0.397545 0.863868
vt 0.412277 0.805649
vt 0.432034 0.724271
vt 0.459051 0.644433
vt 0.474272 0.578906
vt 0.483812 0.537099
vt 0.482700 0.520836
vt 0.501168 0.411285
vt 0.412833 0.786965
vt 0.450123 0.660223
vt 0.479583 0.486912
vt 0.504991 0.443605
vt 0.523286 0.369320
vt 0.407364 0.824952
vt 0.402125 0.826918
vt 0.409054 0.829086
vt 0.403444 0.816224
vt 0.404207 0.808355
vt 0.414006 0.775120
vt 0.415697 0.732584
vt 0.426774 0.729900
vt 0.432215 0.712967
vt 0.437100 0.692852
vt 0.445323 0.659961
vt 0.450684 0.652089
vt 0.450101 0.644742
vt 0.476240 0.548919
vt 0.390747 0.859471
vt 0.438750 0.670398
vt 0.445738 0.654852
vt 0.471685 0.556003
vt 0.461041 0.580535
vt 0.482166 0.505375
vt 0.357366 0.929495
vt 0.369470 0.916836
vt 0.376262 0.892628
vt 0.399336 0.818561
vt 0.396818 0.809852
vt 0.401939 0.803822
vt 0.406645 0.779684
vt 0.409746 0.764771
vt 0.423037 0.725214
vt 0.432034 0.695078
vt 0.440964 0.655378
vt 0.442164 0.647017
vt 0.456485 0.570468
vt 0.472734 0.522912
vt 0.485627 0.473628
vt 0.505459 0.394478
vt 0.353871 0.948992
vt 0.374642 0.875262
vt 0.406098 0.794465
vt 0.403743 0.791409
vt 0.434054 0.678757
vt 0.447211 0.640660
vt 0.468238 0.540483
vt 0.474511 0.497170
vt 0.482269 0.458754
vt 0.490354 0.436406
vt 0.508711 0.371718
vt 0.379077 0.853457
vt 0.391328 0.816842
vt 0.395953 0.805240
vt 0.399990 0.796211
vt 0.423527 0.695627
vt 0.422901 0.688701
vt 0.433286 0.657909
vt 0.439790 0.639627
vt 0.444055 0.632118
vt 0.457074 0.551827
vt 0.370398 0.882425
vt 0.396312 0.790493
vt 0.401651 0.781813
vt 0.429858 0.670352
vt 0.436925 0.648723
vt 0.455024 0.579380
vt 0.454804 0.563650
vt 0.459543 0.538270
vt 0.504028 0.385550
vt 0.389352 0.798028
vt 0.394064 0.793230
vt 0.400367 0.775541
vt 0.394504 0.786323
vt 0.402570 0.732662
vt 0.410978 0.724798
vt 0.422993 0.683163
vt 0.437326 0.636558
vt 0.464468 0.526301
vt 0.495147 0.421992
vt 0.497944 0.411556
vt 0.497494 0.402678
vt 0.355351 0.908234
vt 0.367956 0.862652
vt 0.395972 0.780157
vt 0.395212 0.763817
vt 0.397376 0.756087
vt 0.412268 0.703323
vt 0.429316 0.656566
vt 0.451213 0.575061
vt 0.460336 0.531737
vt 0.466731 0.497930
vt 0.482698 0.454264
vt 0.483964 0.446943
vt 0.493494 0.408932
vt 0.497170 0.391380
vt 0.343920 0.923385
vt 0.374022 0.850426
vt 0.378480 0.809077
vt 0.380865 0.819524
vt 0.380164 0.803703
vt 0.385646 0.790881
vt 0.390102 0.783941
vt 0.393413 0.778489
vt 0.358449 0.739301
vt 0.444568 0.612307
vt 0.437870 0.613138
vt 0.440816 0.616425
vt 0.448033 0.568743
vt 0.447134 0.577727
vt 0.447812 0.559262
vt 0.485254 0.437126
vt 0.488615 0.382517
vt 0.355083 0.901089
vt 0.389242 0.778114
vt 0.390513 0.770017
vt 0.405081 0.716060
vt 0.409125 0.689272
vt 0.417311 0.676353
vt 0.460494 0.509332
vt 0.464243 0.469120
vt 0.475421 0.444035
vt 0.482212 0.436896
vt 0.488769 0.406139
vt 0.356266 0.880937
vt 0.363912 0.860756
vt 0.367857 0.835200
vt 0.381351 0.795149
vt 0.383781 0.787001
vt 0.384172 0.775113
vt 0.387399 0.760049
vt 0.443640 0.567941
vt 0.450859 0.551170
vt 0.458934 0.500050
vt 0.462759 0.478993
vt 0.493469 0.364359
vt 0.365782 0.820069
vt 0.374926 0.829146
vt 0.372899 0.813272
vt 0.376436 0.798162
vt 0.380562 0.778827
vt 0.385760 0.766488
vt 0.397707 0.708943
vt 0.443169 0.549791
vt 0.461542 0.490576
vt 0.456667 0.478493
vt 0.455788 0.446798
vt 0.474192 0.435791
vt 0.483043 0.396548
vt 0.340565 0.905659
vt 0.362819 0.845969
vt 0.363604 0.825680
vt 0.373842 0.802889
vt 0.382141 0.766200
vt 0.391760 0.724866
vt 0.435382 0.563020
vt 0.433693 0.581761
vt 0.330395 0.939115
vt 0.356705 0.838394
vt 0.367175 0.806350
vt 0.366002 0.782917
vt 0.376633 0.781900
vt 0.385648 0.728837
vt 0.394499 0.694801
vt 0.449999 0.495095
vt 0.454636 0.453975
vt 0.465634 0.436541
vt 0.487107 0.360115
vt 0.348441 0.882019
vt 0.350240 0.831890
vt 0.377260 0.769128
vt 0.371097 0.756034
vt 0.369043 0.727858
vt 0.401468 0.683468
vt 0.397226 0.678743
vt 0.408496 0.649552
vt 0.411598 0.654566
vt 0.416207 0.642967
vt 0.450436 0.506872
vt 0.463594 0.427566
vt 0.470892 0.391052
vt 0.348401 0.864659
vt 0.346782 0.839016
vt 0.366078 0.795392
vt 0.387621 0.707001
vt 0.392570 0.688076
vt 0.405078 0.659489
vt 0.425759 0.577673
vt 0.432499 0.553153
vt 0.451571 0.470926
vt 0.332708 0.894974
vt 0.342415 0.826518
vt 0.360786 0.804165
vt 0.369641 0.771965
vt 0.367121 0.765077
vt 0.401968 0.652260
vt 0.407128 0.636312
vt 0.432260 0.544598
vt 0.441884 0.542910
vt 0.322490 0.933082
vt 0.332080 0.874181
vt 0.343486 0.861685
vt 0.345392 0.818402
vt 0.352730 0.802681
vt 0.359168 0.792170
vt 0.414751 0.591704
vt 0.417751 0.577822
vt 0.434059 0.515742
vt 0.440554 0.520605
vt 0.440377 0.516209
vt 0.439122 0.485106
vt 0.449530 0.409731
vt 0.467712 0.399392
vt 0.470445 0.373304
vt 0.365404 0.767614
vt 0.380528 0.695961
vt 0.400821 0.637193
vt 0.400673 0.629580
vt 0.435682 0.499978
vt 0.314561 0.927607
vt 0.353267 0.781604
vt 0.361550 0.766400
vt 0.365377 0.758478
vt 0.371223 0.707075
vt 0.380779 0.685032
vt 0.411766 0.586531
vt 0.420811 0.552013
vt 0.463453 0.416419
vt 0.458142 0.412946
vt 0.459432 0.386220
vt 0.467401 0.360743
vt 0.329242 0.864080
vt 0.333724 0.844891
vt 0.355606 0.768174
vt 0.359283 0.756262
vt 0.386937 0.646786
vt 0.402332 0.620491
vt 0.390373 0.619656
vt 0.410207 0.580635
vt 0.415936 0.538241
vt 0.423394 0.546153
vt 0.426957 0.538268
vt 0.433248 0.493386
vt 0.437561 0.463275
vt 0.435218 0.430610
vt 0.320111 0.896660
vt 0.351522 0.788382
vt 0.387282 0.633513
vt 0.411462 0.567243
vt 0.411272 0.538056
vt 0.409150 0.557083
vt 0.422632 0.527094
vt 0.427390 0.504242
vt 0.456998 0.404357
vt 0.335825 0.832205
vt 0.344869 0.802534
vt 0.369406 0.694796
vt 0.383245 0.658593
vt 0.401424 0.573397
vt 0.422792 0.510816
vt 0.429309 0.512857
vt 0.429922 0.490203
vt 0.426422 0.476098
vt 0.432096 0.450653
vt 0.462005 0.371289
vt 0.321581 0.874532
vt 0.322047 0.857436
vt 0.328660 0.809792
vt 0.343497 0.793157
vt 0.345966 0.777374
vt 0.373754 0.678876
vt 0.415577 0.515104
vt 0.422596 0.496408
vt 0.304142 0.916337
vt 0.321373 0.843802
vt 0.328026 0.821497
vt 0.341431 0.797457
vt 0.336087 0.781892
vt 0.336403 0.767443
vt 0.358754 0.723595
vt 0.362721 0.708929
vt 0.373791 0.667607
vt 0.373722 0.647549
vt 0.398932 0.565413
vt 0.403917 0.544932
vt 0.409975 0.523004
vt 0.421814 0.481198
vt 0.452405 0.378581
vt 0.307982 0.886741
vt 0.317105 0.867121
vt 0.342765 0.724153
vt 0.367207 0.677533
vt 0.378895 0.628949
vt 0.383146 0.614423
vt 0.395795 0.607328
vt 0.390706 0.604472
vt 0.425606 0.455643
vt 0.440926 0.394669
vt 0.308644 0.874905
vt 0.322523 0.829953
vt 0.328339 0.800117
vt 0.337008 0.792912
vt 0.341692 0.775669
vt 0.369585 0.649910
vt 0.374281 0.636166
vt 0.421230 0.461305
vt 0.331057 0.793235
vt 0.331772 0.786643
vt 0.346092 0.696046
vt 0.378475 0.605916
vt 0.394288 0.597558
vt 0.386378 0.593954
vt 0.385602 0.589558
vt 0.393640 0.561735
vt 0.406751 0.487189
vt 0.418169 0.417935
vt 0.307038 0.856357
vt 0.313164 0.849803
vt 0.321377 0.824079
vt 0.324573 0.816240
vt 0.330689 0.775150
vt 0.318347 0.759413
vt 0.353011 0.684285
vt 0.385052 0.579401
vt 0.398904 0.529450
vt 0.407841 0.469313
vt 0.434052 0.387892
vt 0.438160 0.380584
vt 0.282234 0.902858
vt 0.303046 0.866820
vt 0.316398 0.829866
vt 0.321835 0.811166
vt 0.356444 0.648656
vt 0.368775 0.619661
vt 0.381137 0.590834
vt 0.416844 0.444922
vt 0.309632 0.839582
vt 0.312998 0.826331
vt 0.321277 0.804064
vt 0.322186 0.791334
vt 0.321755 0.786776
vt 0.323057 0.775563
vt 0.324802 0.735613
vt 0.355817 0.663308
vt 0.368662 0.612727
vt 0.372304 0.603826
vt 0.378911 0.571148
vt 0.385288 0.541527
vt 0.393934 0.497120
vt 0.317581 0.794584
vt 0.337697 0.719493
vt 0.365627 0.629397
vt 0.383463 0.555347
vt 0.295882 0.868994
vt 0.302955 0.846811
vt 0.306586 0.835797
vt 0.303187 0.822522
vt 0.311728 0.809234
vt 0.315039 0.798740
vt 0.317802 0.764790
vt 0.379129 0.586855
vt 0.371175 0.580756
vt 0.371304 0.586215
vt 0.386536 0.524382
vt 0.390905 0.514012
vt 0.342159 0.681644
vt 0.361584 0.630951
vt 0.373798 0.544731
vt 0.363573 0.562368
vt 0.398553 0.433967
vt 0.292980 0.841104
vt 0.306657 0.812553
vt 0.311340 0.793860
vt 0.313810 0.788821
vt 0.313637 0.779862
vt 0.348858 0.654615
vt 0.351597 0.643074
vt 0.352039 0.634737
vt 0.355244 0.619248
vt 0.357727 0.609948
vt 0.411627 0.389449
vt 0.279858 0.894613
vt 0.287717 0.866388
vt 0.291765 0.848034
vt 0.300582 0.813789
vt 0.309071 0.796855
vt 0.312793 0.719893
vt 0.329174 0.718555
vt 0.334708 0.692112
vt 0.348366 0.647110
vt 0.358210 0.603279
vt 0.361869 0.594891
vt 0.379974 0.525909
vt 0.375672 0.519406
vt 0.384540 0.484726
vt 0.302725 0.803351
vt 0.328227 0.704780
vt 0.333116 0.684933
vt 0.335135 0.676413
vt 0.342516 0.660423
vt 0.341573 0.632241
vt 0.357356 0.598091
vt 0.364022 0.557032
vt 0.380217 0.507061
vt 0.288851 0.827763
vt 0.300847 0.794139
vt 0.301436 0.786028
vt 0.329250 0.693753
vt 0.339420 0.667301
vt 0.340295 0.651734
vt 0.343748 0.644175
vt 0.373152 0.527879
vt 0.382924 0.497244
vt 0.385898 0.455596
vt 0.270293 0.873342
vt 0.293494 0.805140
vt 0.299311 0.776355
vt 0.305543 0.771385
vt 0.308703 0.762110
vt 0.334684 0.659592
vt 0.330399 0.642672
vt 0.342987 0.617962
vt 0.356987 0.583550
vt 0.402934 0.400218
vt 0.260795 0.883998
vt 0.277412 0.860780
vt 0.280108 0.840345
vt 0.295654 0.799026
vt 0.327427 0.675617
vt 0.331100 0.667035
vt 0.336782 0.650088
vt 0.337395 0.601499
vt 0.348007 0.595699
vt 0.352840 0.593055
vt 0.352888 0.574975
vt 0.351240 0.582910
vt 0.360141 0.546687
vt 0.359752 0.538084
vt 0.371316 0.517562
vt 0.391232 0.431809
vt 0.399270 0.411373
vt 0.282958 0.827887
vt 0.288063 0.813791
vt 0.295854 0.762713
vt 0.270903 0.740351
vt 0.311114 0.711089
vt 0.319257 0.698595
vt 0.329149 0.659405
vt 0.330684 0.653549
vt 0.371350 0.496037
vt 0.371054 0.484196
vt 0.374058 0.472055
vt 0.391037 0.425920
vt 0.393507 0.416865
vt 0.267051 0.854720
vt 0.278093 0.833687
vt 0.283853 0.819304
vt 0.290804 0.798279
vt 0.286032 0.785416
vt 0.319478 0.689381
vt 0.317955 0.694438
vt 0.324839 0.665986
vt 0.321441 0.635087
vt 0.336845 0.622243
vt 0.346899 0.578423
vt 0.362291 0.526210
vt 0.364856 0.518119
vt 0.393569 0.410324
vt 0.393778 0.405874
vt 0.395608 0.401410
vt 0.400147 0.388875
vt 0.260043 0.876664
vt 0.320143 0.673462
vt 0.329159 0.627716
vt 0.345220 0.547696
vt 0.267396 0.837487
vt 0.276298 0.815859
vt 0.280386 0.802939
vt 0.331480 0.602631
vt 0.340139 0.589044
vt 0.352300 0.538846
vt 0.360433 0.509789
vt 0.383681 0.418470
vt 0.388138 0.403758
vt 0.392887 0.392657
vt 0.393411 0.386509
vt 0.271054 0.824280
vt 0.280538 0.791061
vt 0.299954 0.708677
vt 0.316111 0.672999
vt 0.317463 0.668670
vt 0.317972 0.657839
vt 0.319117 0.650887
vt 0.329593 0.619681
vt 0.324739 0.602670
vt 0.336787 0.569039
vt 0.354203 0.567822
vt 0.349850 0.524551
vt 0.350168 0.533013
vt 0.356545 0.499162
vt 0.365877 0.467362
vt 0.368572 0.458036
vt 0.376158 0.423747
vt 0.253501 0.840743
vt 0.281863 0.766750
vt 0.281309 0.724411
vt 0.305223 0.692313
vt 0.311680 0.643024
vt 0.345075 0.539880
vt 0.381729 0.412829
vt 0.273364 0.796243
vt 0.276946 0.786944
vt 0.305937 0.679817
vt 0.314858 0.619397
vt 0.321600 0.616616
vt 0.345792 0.560460
vt 0.340425 0.533866
vt 0.347624 0.492194
vt 0.355866 0.441147
vt 0.371399 0.405184
vt 0.380543 0.391964
vt 0.381216 0.382889
vt 0.269056 0.818624
vt 0.265967 0.769603
vt 0.281214 0.760272
vt 0.283466 0.705045
vt 0.304528 0.669064
vt 0.309443 0.649897
vt 0.306250 0.632557
vt 0.340937 0.540458
vt 0.338902 0.527023
vt 0.346183 0.512018
vt 0.257333 0.825779
vt 0.295050 0.693107
vt 0.304772 0.656131
vt 0.325822 0.574117
vt 0.248159 0.861429
vt 0.270375 0.787668
vt 0.275090 0.763015
vt 0.296013 0.681601
vt 0.303985 0.649085
vt 0.335280 0.580940
vt 0.319404 0.552073
vt 0.355375 0.458223
vt 0.373986 0.386843
vt 0.253412 0.815378
vt 0.257888 0.781136
vt 0.301622 0.646967
vt 0.305375 0.622906
vt 0.317742 0.606698
vt 0.324830 0.567368
vt 0.333628 0.534978
vt 0.340055 0.514989
vt 0.343672 0.477343
vt 0.367120 0.387665
vt 0.244044 0.843657
vt 0.238280 0.835524
vt 0.249130 0.804792
vt 0.295718 0.662832
vt 0.320105 0.544981
vt 0.335271 0.507035
vt 0.337926 0.504616
vt 0.375007 0.379893
vt 0.252220 0.787350
vt 0.282732 0.695789
vt 0.292087 0.655200
vt 0.290498 0.629359
vt 0.307788 0.609586
vt 0.311145 0.600040
vt 0.316503 0.597007
vt 0.315101 0.567129
vt 0.329474 0.519889
vt 0.337647 0.461437
vt 0.343623 0.425022
vt 0.354172 0.411357
vt 0.361929 0.395731
vt 0.259704 0.766191
vt 0.268621 0.703789
vt 0.288369 0.676270
vt 0.342756 0.449687
vt 0.238214 0.821449
vt 0.288849 0.667779
vt 0.286729 0.645583
vt 0.301780 0.598705
vt 0.312771 0.589701
vt 0.320689 0.532296
vt 0.333299 0.501202
vt 0.333137 0.487161
vt 0.358568 0.394295
vt 0.243830 0.781257
vt 0.255426 0.704663
vt 0.288367 0.658539
vt 0.286267 0.665841
vt 0.276518 0.637232
vt 0.294793 0.584360
vt 0.237847 0.805982
vt 0.274551 0.691277
vt 0.282651 0.664442
vt 0.282741 0.656347
vt 0.289121 0.615428
vt 0.309124 0.559940
vt 0.316730 0.517544
vt 0.321775 0.497616
vt 0.335881 0.455463
vt 0.242244 0.793834
vt 0.239180 0.774446
vt 0.272135 0.682173
vt 0.277796 0.671328
vt 0.292957 0.604676
vt 0.294907 0.558977
vt 0.307134 0.537712
vt 0.323034 0.464797
vt 0.331692 0.434311
vt 0.268576 0.683971
vt 0.277214 0.666321
vt 0.277069 0.651164
vt 0.291306 0.543719
vt 0.311101 0.524270
vt 0.312285 0.501675
vt 0.329085 0.463425
vt 0.324847 0.447724
vt 0.231708 0.729055
vt 0.290172 0.593455
vt 0.302224 0.538748
vt 0.319744 0.478487
vt 0.282485 0.609661
vt 0.281210 0.599383
vt 0.255492 0.676299
vt 0.265257 0.665310
vt 0.272727 0.609754
vt 0.318763 0.585712
vt 0.283171 0.575716
vt 0.307879 0.489893
vt 0.234733 0.754287
vt 0.270564 0.650911
vt 0.265479 0.611544
vt 0.277773 0.594693
vt 0.280458 0.564146
vt 0.294855 0.530640
vt 0.297786 0.527825
vt 0.302819 0.472525
vt 0.249208 0.696208
vt 0.257021 0.656827
vt 0.265454 0.645742
vt 0.283714 0.551639
vt 0.296657 0.513253
vt 0.240951 0.703884
vt 0.270566 0.586082
vt 0.314391 0.452089
vt 0.246375 0.681191
vt 0.298654 0.495828
vt 0.249548 0.674153
vt 0.254434 0.646483
vt 0.237997 0.616309
vt 0.266817 0.591823
vt 0.270984 0.576356
vt 0.283132 0.527861
vt 0.239950 0.685651
vt 0.240358 0.675281
vt 0.250079 0.656096
vt 0.282586 0.496002
vt 0.299713 0.463495
vt 0.228427 0.704792
vt 0.241370 0.661672
vt 0.256721 0.604435
vt 0.267575 0.563338
vt 0.272658 0.539523
vt 0.277671 0.516353
vt 0.286005 0.473917
vt 0.234042 0.689587
vt 0.243411 0.647847
vt 0.232121 0.636590
vt 0.256611 0.581172
vt 0.267067 0.570490
vt 0.229497 0.695958
vt 0.235897 0.668250
vt 0.255691 0.587581
vt 0.263049 0.573210
vt 0.261787 0.559667
vt 0.270463 0.507369
vt 0.247857 0.599439
vt 0.263253 0.565908
vt 0.222062 0.702564
vt 0.224500 0.674772
vt 0.228556 0.659266
vt 0.233373 0.605374
vt 0.260046 0.536755
vt 0.269047 0.492152
vt 0.220282 0.642788
vt 0.249677 0.585997
vt 0.243249 0.569731
vt 0.272172 0.485198
vt 0.212756 0.696795
vt 0.221965 0.670313
vt 0.255469 0.563186
vt 0.261488 0.515039
vt 0.209723 0.689687
vt 0.218756 0.667830
vt 0.240101 0.590579
vt 0.240314 0.576837
vt 0.247384 0.554269
vt 0.214953 0.674820
vt 0.240114 0.580834
vt 0.242949 0.532538
vt 0.254044 0.500537
vt 0.233818 0.553103
vt 0.202721 0.676977
vt 0.228479 0.594267
vt 0.194929 0.664303
vt 0.235092 0.514048
vt 0.219141 0.560391
vt 0.211122 0.592044
vt 0.190772 0.646060
vt 0.187133 0.614534
vt 0.212223 0.569715
vt 0.203315 0.551996
vt 0.227847 0.523264
vt 0.198297 0.600644
vt 0.220952 0.529287
vt 0.197483 0.579733
vt 0.211237 0.542799
vt 0.204535 0.558616
vt 0.186616 0.599680
s 0
usemtl material
f 1/1/1 2/2/1 3/3/1
f 4/4/2 5/5/2 6/1/2
f 7/6/3 8/7/3 9/8/3
f 10/9/4 11/8/4 12/7/4
f 13/10/5 14/6/5 15/3/5
f 16/3/6 17/2/6 18/10/6
f 19/5/7 20/4/7 21/11/7
f 22/12/8 23/8/8 24/9/8
f 25/6/9 26/10/9 27/7/9
f 28/2/10 29/1/10 30/5/10
f 31/8/11 32/12/11 33/13/11
f 34/5/12 35/11/12 36/14/12
f 37/14/13 38/11/13 39/15/13
f 40/14/14 41/15/14 42/16/14
f 43/13/15 44/17/15 45/18/15
f 46/17/16 47/13/16 48/12/16
f 49/19/17 50/7/17 51/10/17
f 52/5/18 53/20/18 54/2/18
f 55/21/19 56/14/19 57/16/19
f 58/16/20 59/22/20 60/21/20
f 61/2/21 62/20/21 63/10/21
f 64/14/22 65/23/22 66/5/22
f 67/24/23 68/25/23 69/26/23
f 70/18/24 71/27/24 72/26/24
f 73/22/25 74/28/25 75/21/25
f 76/25/26 77/24/26 78/29/26
f 79/26/27 80/27/27 81/24/27
f 82/30/28 83/17/28 84/12/28
f 85/30/29 86/12/29 87/9/29
f 88/31/30 89/7/30 90/19/30
f 91/19/31 92/10/31 93/20/31
f 94/5/32 95/32/32 96/20/32
f 97/22/33 98/33/33 99/28/33
f 100/24/34 101/34/34 102/29/34
f 103/35/35 104/27/35 105/18/35
f 106/35/36 107/18/36 108/17/36
f 109/9/37 110/7/37 111/31/37
f 112/5/38 113/23/38 114/32/38
f 115/33/39 116/36/39 117/28/39
f 118/33/40 119/37/40 120/36/40
f 121/38/41 122/39/41 123/40/41
f 124/29/42 125/41/42 126/42/42
f 127/29/43 128/34/43 129/41/43
f 130/19/44 131/43/44 132/31/44
f 133/20/45 134/43/45 135/19/45
f 136/44/46 137/37/46 138/45/46
f 139/45/47 140/37/47 141/46/47
f 142/47/48 143/39/48 144/38/48
f 145/21/49 146/48/49 147/14/49
f 148/49/50 149/50/50 150/42/50
f 151/24/51 152/27/51 153/34/51
f 154/51/52 155/27/52 156/35/52
f 157/30/53 158/52/53 159/17/53
f 160/43/54 161/20/54 162/32/54
f 163/23/55 164/53/55 165/32/55
f 166/14/56 167/48/56 168/23/56
f 169/48/57 170/21/57 171/54/57
f 172/54/58 173/21/58 174/28/58
f 175/55/59 176/56/59 177/40/59
f 178/40/60 179/57/60 180/55/60
s 1
f 181/39/61 182/57/61 183/40/61
s 0
f 184/57/62 185/39/62 186/47/62
f 187/42/63 188/41/63 189/49/63
f 190/58/64 191/35/64 192/17/64
f 193/59/65 194/30/65 195/9/65
f 196/37/66 197/60/66 198/36/66
f 199/61/67 200/62/67 201/63/67
f 202/38/68 203/64/68 204/47/68
f 205/51/69 206/34/69 207/27/69
f 208/35/70 209/58/70 210/51/70
f 211/30/71 212/59/71 213/52/71
f 214/65/72 215/31/72 216/43/72
f 217/32/73 218/66/73 219/43/73
f 220/67/74 221/32/74 222/53/74
f 223/53/75 224/23/75 225/68/75
f 226/28/76 227/69/76 228/54/76
f 229/36/77 230/69/77 231/28/77
f 232/69/78 233/36/78 234/70/78
f 235/56/79 236/71/79 237/72/79
f 238/71/80 239/56/80 240/55/80
f 241/58/81 242/17/81 243/52/81
f 244/59/82 245/9/82 246/31/82
f 247/32/83 248/67/83 249/66/83
f 250/68/84 251/23/84 252/48/84
f 253/45/85 254/46/85 255/63/85
f 256/64/86 257/38/86 258/73/86
f 259/73/87 260/38/87 261/74/87
f 262/74/88 263/75/88 264/76/88
f 265/76/89 266/75/89 267/77/89
f 268/49/90 269/78/90 270/50/90
f 271/51/91 272/79/91 273/34/91
f 274/58/92 275/79/92 276/51/92
f 277/43/93 278/66/93 279/65/93
f 280/80/94 281/70/94 282/36/94
f 283/60/95 284/37/95 285/44/95
f 286/45/96 287/81/96 288/44/96
f 289/82/97 290/63/97 291/62/97
f 292/83/98 293/71/98 294/55/98
f 295/84/99 296/50/99 297/78/99
f 298/85/100 299/34/100 300/79/100
f 301/86/101 302/48/101 303/87/101
f 304/70/102 305/80/102 306/69/102
f 307/80/103 308/36/103 309/60/103
f 310/88/104 311/45/104 312/63/104
f 313/72/105 314/71/105 315/61/105
f 316/83/106 317/55/106 318/57/106
f 319/89/107 320/47/107 321/64/107
f 322/90/108 323/64/108 324/73/108
f 325/73/109 326/74/109 327/76/109
f 328/91/110 329/76/110 330/77/110
f 331/49/111 332/92/111 333/78/111
f 334/92/112 335/49/112 336/41/112
f 337/34/113 338/93/113 339/41/113
f 340/52/114 341/94/114 342/58/114
f 343/95/115 344/52/115 345/59/115
f 346/31/116 347/96/116 348/59/116
f 349/97/117 350/53/117 351/68/117
f 352/48/118 353/86/118 354/68/118
f 355/87/119 356/48/119 357/54/119
f 358/98/120 359/69/120 360/80/120
f 361/47/121 362/89/121 363/57/121
f 364/99/122 365/78/122 366/92/122
f 367/41/123 368/100/123 369/92/123
f 370/93/124 371/34/124 372/85/124
f 373/58/125 374/101/125 375/79/125
f 376/94/126 377/52/126 378/95/126
f 379/54/127 380/69/127 381/98/127
f 382/44/128 383/102/128 384/60/128
f 385/102/129 386/44/129 387/81/129
f 388/81/130 389/45/130 390/88/130
f 391/57/131 392/89/131 393/83/131
f 394/79/132 395/103/132 396/85/132
f 397/101/133 398/58/133 399/94/133
s 1
f 400/59/134 401/104/134 402/95/134
s 0
f 403/96/135 404/31/135 405/65/135
f 406/66/136 407/105/136 408/65/136
f 409/106/137 410/67/137 411/53/137
f 412/60/138 413/107/138 414/80/138
f 415/108/139 416/81/139 417/88/139
f 418/61/140 419/71/140 420/62/140
f 421/89/141 422/109/141 423/83/141
f 424/92/142 425/110/142 426/99/142
f 427/103/143 428/79/143 429/101/143
f 430/95/144 431/104/144 432/111/144
f 433/59/145 434/96/145 435/104/145
f 436/106/146 437/53/146 438/97/146
s 1
f 439/63/147 440/82/147 441/88/147
s 0
f 442/112/148 443/82/148 444/62/148
f 445/113/149 446/83/149 447/109/149
f 448/64/150 449/114/150 450/89/150
f 451/114/151 452/64/151 453/90/151
f 454/73/152 455/115/152 456/90/152
f 457/115/153 458/73/153 459/76/153
f 460/110/154 461/92/154 462/100/154
f 463/41/155 464/116/155 465/100/155
f 466/116/156 467/41/156 468/117/156
f 469/117/157 470/41/157 471/93/157
f 472/95/158 473/111/158 474/94/158
f 475/118/159 476/96/159 477/65/159
f 478/118/160 479/65/160 480/105/160
f 481/67/161 482/119/161 483/66/161
f 484/119/162 485/67/162 486/106/162
s 1
f 487/68/163 488/120/163 489/97/163
s 0
f 490/120/164 491/68/164 492/121/164
f 493/121/165 494/68/165 495/86/165
f 496/54/166 497/122/166 498/87/166
f 499/122/167 500/54/167 501/98/167
f 502/80/168 503/107/168 504/98/168
f 505/107/169 506/60/169 507/102/169
f 508/81/170 509/123/170 510/102/170
f 511/81/171 512/108/171 513/123/171
f 514/62/172 515/71/172 516/112/172
f 517/89/173 518/114/173 519/109/173
f 520/114/174 521/90/174 522/124/174
f 523/124/175 524/90/175 525/115/175
f 526/76/176 527/91/176 528/115/176
f 529/125/177 530/99/177 531/110/177
f 532/100/178 533/126/178 534/110/178
f 535/100/179 536/116/179 537/126/179
f 538/93/180 539/85/180 540/103/180
f 541/127/181 542/101/181 543/94/181
f 544/128/182 545/82/182 546/112/182
f 547/129/183 548/83/183 549/113/183
f 550/109/184 551/130/184 552/113/184
f 553/130/185 554/109/185 555/114/185
f 556/131/186 557/91/186 558/132/186
f 559/121/187 560/86/187 561/133/187
f 562/87/188 563/133/188 564/86/188
f 565/133/189 566/87/189 567/122/189
f 568/129/190 569/113/190 570/130/190
f 571/134/191 572/124/191 573/115/191
f 574/125/192 575/110/192 576/126/192
f 577/135/193 578/93/193 579/103/193
f 580/103/194 581/101/194 582/127/194
f 583/127/195 584/136/195 585/103/195
f 586/127/196 587/94/196 588/111/196
f 589/96/197 590/118/197 591/104/197
f 592/119/198 593/106/198 594/137/198
f 595/137/199 596/106/199 597/97/199
f 598/102/200 599/138/200 600/107/200
f 601/138/201 602/102/201 603/123/201
f 604/82/202 605/128/202 606/88/202
f 607/139/203 608/112/203 609/71/203
f 610/83/204 611/140/204 612/71/204
f 613/140/205 614/83/205 615/129/205
f 616/130/206 617/141/206 618/129/206
f 619/124/207 620/142/207 621/114/207
f 622/142/208 623/124/208 624/134/208
f 625/134/209 626/115/209 627/131/209
f 628/91/210 629/131/210 630/115/210
f 631/111/211 632/143/211 633/127/211
f 634/66/212 635/144/212 636/105/212
f 637/144/213 638/66/213 639/119/213
f 640/145/214 641/119/214 642/137/214
f 643/120/215 644/146/215 645/97/215
f 646/122/216 647/98/216 648/107/216
f 649/147/217 650/108/217 651/88/217
f 652/148/218 653/129/218 654/141/218
f 655/130/219 656/142/219 657/149/219
s 1
f 658/114/220 659/142/220 660/130/220
s 0
f 661/150/221 662/134/221 663/131/221
f 664/151/222 665/152/222 666/153/222
f 667/126/223 668/154/223 669/125/223
f 670/116/224 671/155/224 672/126/224
f 673/156/225 674/117/225 675/93/225
f 676/93/226 677/157/226 678/156/226
f 679/157/227 680/93/227 681/135/227
f 682/104/228 683/158/228 684/111/228
f 685/158/229 686/104/229 687/118/229
s 1
f 688/97/230 689/159/230 690/137/230
s 0
f 691/159/231 692/97/231 693/160/231
f 694/97/232 695/146/232 696/160/232
f 697/161/233 698/120/233 699/121/233
f 700/133/234 701/122/234 702/162/234
f 703/163/235 704/122/235 705/107/235
f 706/107/236 707/138/236 708/164/236
f 709/123/237 710/165/237 711/138/237
f 712/147/238 713/88/238 714/128/238
f 715/148/239 716/141/239 717/149/239
f 718/149/240 719/141/240 720/130/240
f 721/150/241 722/142/241 723/134/241
f 724/166/242 725/150/242 726/131/242
f 727/166/243 728/131/243 729/132/243
f 730/167/244 731/153/244 732/168/244
f 733/126/245 734/155/245 735/154/245
f 736/169/246 737/117/246 738/156/246
f 739/103/247 740/170/247 741/135/247
f 742/170/248 743/103/248 744/136/248
f 745/127/249 746/171/249 747/136/249
f 748/171/250 749/127/250 750/143/250
f 751/172/251 752/143/251 753/111/251
f 754/172/252 755/111/252 756/158/252
f 757/158/253 758/118/253 759/173/253
f 760/159/254 761/160/254 762/146/254
f 763/146/255 764/120/255 765/161/255
f 766/133/256 767/174/256 768/121/256
f 769/122/257 770/163/257 771/162/257
f 772/107/258 773/175/258 774/163/258
f 775/176/259 776/138/259 777/165/259
f 778/165/260 779/123/260 780/108/260
f 781/129/261 782/177/261 783/140/261
f 784/177/262 785/129/262 786/148/262
f 787/177/263 788/148/263 789/178/263
f 790/178/264 791/148/264 792/149/264
f 793/142/265 794/179/265 795/149/265
f 796/179/266 797/142/266 798/150/266
f 799/180/267 800/181/267 801/132/267
f 802/181/268 803/180/268 804/182/268
f 805/167/269 806/99/269 807/125/269
f 808/154/270 809/183/270 810/125/270
f 811/155/271 812/183/271 813/154/271
f 814/183/272 815/155/272 816/184/272
f 817/184/273 818/155/273 819/169/273
f 820/116/274 821/169/274 822/155/274
f 823/117/275 824/169/275 825/116/275
f 826/135/276 827/185/276 828/157/276
f 829/136/277 830/171/277 831/170/277
f 832/105/278 833/186/278 834/118/278
f 835/187/279 836/145/279 837/137/279
f 838/121/280 839/174/280 840/161/280
f 841/174/281 842/133/281 843/162/281
f 844/175/282 845/107/282 846/164/282
f 847/71/283 848/140/283 849/139/283
f 850/178/284 851/149/284 852/179/284
f 853/183/285 854/188/285 855/125/285
f 856/189/286 857/184/286 858/169/286
f 859/185/287 860/135/287 861/170/287
f 862/143/288 863/190/288 864/171/288
f 865/143/289 866/172/289 867/190/289
f 868/118/290 869/186/290 870/173/290
f 871/105/291 872/144/291 873/186/291
f 874/174/292 875/162/292 876/191/292
f 877/191/293 878/162/293 879/163/293
f 880/164/294 881/138/294 882/176/294
f 883/165/295 884/108/295 885/147/295
f 886/128/296 887/112/296 888/139/296
f 889/178/297 890/192/297 891/177/297
f 892/179/298 893/150/298 894/166/298
f 895/193/299 896/194/299 897/195/299
f 898/153/300 899/196/300 900/151/300
f 901/188/301 902/183/301 903/184/301
f 904/184/302 905/189/302 906/188/302
s 1
f 907/189/303 908/169/303 909/156/303
s 0
f 910/156/304 911/157/304 912/185/304
f 913/170/305 914/197/305 915/185/305
f 916/198/306 917/171/306 918/190/306
f 919/172/307 920/158/307 921/173/307
s 1
f 922/146/308 923/199/308 924/159/308
s 0
f 925/199/309 926/146/309 927/161/309
f 928/174/310 929/200/310 930/161/310
f 931/200/311 932/174/311 933/191/311
f 934/164/312 935/201/312 936/175/312
f 937/201/313 938/164/313 939/176/313
f 940/192/314 941/178/314 942/179/314
f 943/166/315 944/202/315 945/179/315
f 946/167/316 947/125/316 948/203/316
f 949/188/317 950/203/317 951/125/317
f 952/203/318 953/188/318 954/189/318
f 955/170/319 956/198/319 957/197/319
f 958/171/320 959/198/320 960/170/320
f 961/172/321 962/204/321 963/190/321
f 964/204/322 965/172/322 966/173/322
f 967/205/323 968/199/323 969/161/323
f 970/205/324 971/161/324 972/200/324
f 973/206/325 974/175/325 975/201/325
f 976/207/326 977/176/326 978/165/326
s 1
f 979/177/327 980/208/327 981/140/327
s 0
f 982/202/328 983/192/328 984/179/328
f 985/209/329 986/182/329 987/180/329
f 988/210/330 989/193/330 990/211/330
f 991/212/331 992/196/331 993/153/331
f 994/156/332 995/213/332 996/189/332
f 997/214/333 998/156/333 999/185/333
f 1000/214/334 1001/185/334 1002/197/334
f 1003/190/335 1004/204/335 1005/215/335
f 1006/204/336 1007/173/336 1008/186/336
f 1009/205/337 1010/200/337 1011/199/337
f 1012/191/338 1013/216/338 1014/200/338
f 1015/217/339 1016/191/339 1017/163/339
f 1018/218/340 1019/163/340 1020/175/340
f 1021/176/341 1022/219/341 1023/201/341
f 1024/207/342 1025/165/342 1026/220/342
f 1027/220/343 1028/165/343 1029/147/343
f 1030/166/344 1031/221/344 1032/202/344
f 1033/132/345 1034/222/345 1035/166/345
f 1036/222/346 1037/132/346 1038/181/346
f 1039/181/347 1040/182/347 1041/209/347
f 1042/194/348 1043/193/348 1044/210/348
f 1045/189/349 1046/223/349 1047/203/349
f 1048/223/350 1049/189/350 1050/213/350
f 1051/213/351 1052/156/351 1053/214/351
f 1054/198/352 1055/224/352 1056/197/352
f 1057/190/353 1058/224/353 1059/198/353
f 1060/186/354 1061/225/354 1062/204/354
f 1063/199/355 1064/200/355 1065/226/355
f 1066/200/356 1067/227/356 1068/226/356
f 1069/227/357 1070/200/357 1071/216/357
f 1072/163/358 1073/218/358 1074/217/358
f 1075/218/359 1076/175/359 1077/206/359
f 1078/228/360 1079/147/360 1080/128/360
f 1081/229/361 1082/128/361 1083/139/361
f 1084/140/362 1085/230/362 1086/139/362
f 1087/192/363 1088/231/363 1089/177/363
f 1090/180/364 1091/232/364 1092/209/364
f 1093/232/365 1094/180/365 1095/195/365
f 1096/210/366 1097/211/366 1098/233/366
f 1099/203/367 1100/223/367 1101/167/367
f 1102/214/368 1103/197/368 1104/224/368
f 1105/190/369 1106/234/369 1107/224/369
f 1108/234/370 1109/190/370 1110/215/370
f 1111/204/371 1112/225/371 1113/215/371
f 1114/235/372 1115/225/372 1116/186/372
f 1117/235/373 1118/186/373 1119/236/373
f 1120/191/374 1121/217/374 1122/216/374
f 1123/201/375 1124/237/375 1125/206/375
f 1126/237/376 1127/201/376 1128/219/376
f 1129/219/377 1130/176/377 1131/207/377
f 1132/228/378 1133/128/378 1134/229/378
f 1135/140/379 1136/238/379 1137/230/379
f 1138/238/380 1139/140/380 1140/208/380
f 1141/222/381 1142/221/381 1143/166/381
f 1144/239/382 1145/209/382 1146/232/382
f 1147/211/383 1148/240/383 1149/233/383
f 1150/223/384 1151/241/384 1152/167/384
f 1153/234/385 1154/215/385 1155/225/385
f 1156/216/386 1157/242/386 1158/227/386
f 1159/217/387 1160/242/387 1161/216/387
f 1162/242/388 1163/217/388 1164/218/388
f 1165/207/389 1166/243/389 1167/219/389
f 1168/147/390 1169/228/390 1170/220/390
f 1171/244/391 1172/139/391 1173/230/391
f 1174/177/392 1175/231/392 1176/208/392
f 1177/231/393 1178/192/393 1179/245/393
f 1180/202/394 1181/245/394 1182/192/394
f 1183/222/395 1184/181/395 1185/246/395
f 1186/209/396 1187/246/396 1188/181/396
f 1189/247/397 1190/223/397 1191/213/397
f 1192/214/398 1193/248/398 1194/213/398
f 1195/235/399 1196/234/399 1197/225/399
f 1198/234/400 1199/235/400 1200/249/400
f 1201/249/401 1202/235/401 1203/236/401
f 1204/242/402 1205/250/402 1206/227/402
f 1207/219/403 1208/243/403 1209/237/403
f 1210/139/404 1211/244/404 1212/229/404
f 1213/208/405 1214/251/405 1215/238/405
f 1216/251/406 1217/208/406 1218/231/406
f 1219/241/407 1220/223/407 1221/247/407
f 1222/247/408 1223/213/408 1224/248/408
f 1225/214/409 1226/252/409 1227/248/409
f 1228/252/410 1229/214/410 1230/253/410
f 1231/224/411 1232/253/411 1233/214/411
f 1234/234/412 1235/254/412 1236/224/412
f 1237/249/413 1238/255/413 1239/256/413
f 1240/257/414 1241/258/414 1242/259/414
f 1243/260/415 1244/242/415 1245/261/415
f 1246/218/416 1247/261/416 1248/242/416
f 1249/220/417 1250/262/417 1251/207/417
f 1252/262/418 1253/220/418 1254/228/418
f 1255/244/419 1256/230/419 1257/238/419
f 1258/202/420 1259/263/420 1260/264/420
f 1261/263/421 1262/202/421 1263/221/421
f 1264/209/422 1265/239/422 1266/246/422
f 1267/195/423 1268/265/423 1269/232/423
f 1270/265/424 1271/195/424 1272/266/424
f 1273/266/425 1274/195/425 1275/194/425
f 1276/266/426 1277/194/426 1278/210/426
f 1279/267/427 1280/268/427 1281/240/427
f 1282/153/428 1283/167/428 1284/241/428
f 1285/254/429 1286/253/429 1287/224/429
f 1288/234/430 1289/269/430 1290/254/430
f 1291/269/431 1292/234/431 1293/249/431
f 1294/249/432 1295/270/432 1296/269/432
f 1297/270/433 1298/249/433 1299/271/433
f 1300/256/434 1301/271/434 1302/249/434
f 1303/258/435 1304/272/435 1305/256/435
f 1306/272/436 1307/258/436 1308/257/436
f 1309/273/437 1310/274/437 1311/257/437
f 1312/274/438 1313/273/438 1314/275/438
f 1315/276/439 1316/277/439 1317/250/439
f 1318/218/440 1319/278/440 1320/261/440
f 1321/206/441 1322/278/441 1323/218/441
f 1324/278/442 1325/206/442 1326/237/442
f 1327/279/443 1328/243/443 1329/207/443
s 1
f 1330/228/444 1331/280/444 1332/262/444
s 0
f 1333/228/445 1334/229/445 1335/281/445
f 1336/244/446 1337/281/446 1338/229/446
f 1339/251/447 1340/231/447 1341/282/447
f 1342/283/448 1343/245/448 1344/264/448
f 1345/202/449 1346/264/449 1347/245/449
f 1348/241/450 1349/284/450 1350/153/450
f 1351/285/451 1352/241/451 1353/247/451
f 1354/248/452 1355/286/452 1356/247/452
f 1357/248/453 1358/287/453 1359/286/453
f 1360/287/454 1361/248/454 1362/252/454
f 1363/252/455 1364/288/455 1365/287/455
f 1366/253/456 1367/254/456 1368/289/456
f 1369/289/457 1370/254/457 1371/290/457
f 1372/269/458 1373/290/458 1374/254/458
f 1375/270/459 1376/291/459 1377/269/459
f 1378/271/460 1379/256/460 1380/272/460
f 1381/272/461 1382/257/461 1383/292/461
f 1384/292/462 1385/257/462 1386/274/462
f 1387/274/463 1388/277/463 1389/276/463
f 1390/293/464 1391/237/464 1392/243/464
f 1393/207/465 1394/294/465 1395/279/465
f 1396/294/466 1397/207/466 1398/262/466
f 1399/244/467 1400/238/467 1401/251/467
f 1402/295/468 1403/251/468 1404/282/468
f 1405/231/469 1406/245/469 1407/296/469
f 1408/222/470 1409/297/470 1410/221/470
f 1411/210/471 1412/298/471 1413/266/471
f 1414/298/472 1415/210/472 1416/268/472
f 1417/268/473 1418/210/473 1419/233/473
f 1420/240/474 1421/268/474 1422/233/474
f 1423/212/475 1424/153/475 1425/299/475
f 1426/300/476 1427/247/476 1428/286/476
f 1429/287/477 1430/301/477 1431/286/477
s 1
f 1432/252/478 1433/302/478 1434/288/478
s 0
f 1435/302/479 1436/252/479 1437/253/479
f 1438/253/480 1439/303/480 1440/302/480
f 1441/269/481 1442/304/481 1443/290/481
f 1444/304/482 1445/269/482 1446/291/482
f 1447/270/483 1448/271/483 1449/291/483
f 1450/274/484 1451/305/484 1452/292/484
f 1453/276/485 1454/306/485 1455/274/485
f 1456/280/486 1457/307/486 1458/262/486
f 1459/308/487 1460/244/487 1461/251/487
f 1462/231/488 1463/309/488 1464/282/488
f 1465/309/489 1466/231/489 1467/296/489
f 1468/245/490 1469/283/490 1470/296/490
f 1471/310/491 1472/222/491 1473/246/491
f 1474/232/492 1475/311/492 1476/239/492
f 1477/268/493 1478/267/493 1479/312/493
f 1480/212/494 1481/299/494 1482/313/494
f 1483/153/495 1484/284/495 1485/299/495
f 1486/241/496 1487/314/496 1488/284/496
f 1489/314/497 1490/241/497 1491/285/497
f 1492/247/498 1493/300/498 1494/285/498
s 1
f 1495/286/499 1496/315/499 1497/300/499
s 0
f 1498/315/500 1499/286/500 1500/301/500
f 1501/287/501 1502/316/501 1503/301/501
f 1504/288/502 1505/316/502 1506/287/502
f 1507/288/503 1508/317/503 1509/316/503
f 1510/317/504 1511/288/504 1512/302/504
f 1513/317/505 1514/302/505 1515/303/505
f 1516/318/506 1517/289/506 1518/290/506
f 1519/304/507 1520/319/507 1521/290/507
f 1522/291/508 1523/320/508 1524/304/508
f 1525/320/509 1526/291/509 1527/321/509
f 1528/271/510 1529/321/510 1530/291/510
f 1531/322/511 1532/271/511 1533/272/511
f 1534/292/512 1535/305/512 1536/272/512
f 1537/306/513 1538/305/513 1539/274/513
f 1540/276/514 1541/323/514 1542/306/514
f 1543/279/515 1544/293/515 1545/243/515
f 1546/293/516 1547/279/516 1548/324/516
f 1549/324/517 1550/279/517 1551/294/517
f 1552/280/518 1553/228/518 1554/325/518
f 1555/222/519 1556/310/519 1557/297/519
f 1558/310/520 1559/246/520 1560/239/520
f 1561/265/521 1562/326/521 1563/232/521
f 1564/266/522 1565/327/522 1566/265/522
f 1567/327/523 1568/266/523 1569/298/523
f 1570/316/524 1571/315/524 1572/301/524
f 1573/328/525 1574/316/525 1575/317/525
f 1576/328/526 1577/317/526 1578/303/526
f 1579/253/527 1580/289/527 1581/303/527
f 1582/290/528 1583/329/528 1584/318/528
f 1585/329/529 1586/290/529 1587/319/529
f 1588/304/530 1589/320/530 1590/319/530
f 1591/324/531 1592/294/531 1593/330/531
f 1594/330/532 1595/294/532 1596/262/532
f 1597/325/533 1598/228/533 1599/281/533
f 1600/251/534 1601/331/534 1602/308/534
f 1603/331/535 1604/251/535 1605/295/535
f 1606/282/536 1607/332/536 1608/295/536
f 1609/332/537 1610/282/537 1611/309/537
f 1612/283/538 1613/333/538 1614/296/538
f 1615/333/539 1616/283/539 1617/264/539
f 1618/263/540 1619/334/540 1620/264/540
f 1621/335/541 1622/263/541 1623/221/541
f 1624/297/542 1625/336/542 1626/221/542
f 1627/326/543 1628/265/543 1629/327/543
f 1630/337/544 1631/298/544 1632/268/544
f 1633/300/499 1634/315/499 1635/338/499
f 1636/339/545 1637/289/545 1638/318/545
f 1639/321/546 1640/340/546 1641/320/546
f 1642/340/547 1643/321/547 1644/271/547
f 1645/341/548 1646/322/548 1647/272/548
f 1648/272/549 1649/342/549 1650/341/549
f 1651/305/550 1652/342/550 1653/272/550
f 1654/342/551 1655/305/551 1656/343/551
f 1657/343/552 1658/305/552 1659/306/552
f 1660/280/553 1661/325/553 1662/307/553
f 1663/308/554 1664/344/554 1665/244/554
f 1666/344/555 1667/308/555 1668/331/555
f 1669/296/556 1670/345/556 1671/309/556
f 1672/345/557 1673/296/557 1674/333/557
f 1675/297/558 1676/310/558 1677/346/558
f 1678/346/559 1679/310/559 1680/239/559
f 1681/298/560 1682/347/560 1683/327/560
f 1684/347/561 1685/298/561 1686/337/561
f 1687/212/562 1688/313/562 1689/348/562
f 1690/300/563 1691/314/563 1692/285/563
f 1693/316/564 1694/349/564 1695/315/564
f 1696/328/565 1697/350/565 1698/316/565
f 1699/289/566 1700/351/566 1701/303/566
f 1702/351/567 1703/289/567 1704/352/567
f 1705/352/568 1706/289/568 1707/339/568
f 1708/339/569 1709/318/569 1710/329/569
f 1711/320/570 1712/353/570 1713/319/570
f 1714/340/571 1715/271/571 1716/322/571
f 1717/354/572 1718/355/572 1719/356/572
f 1720/357/573 1721/356/573 1722/355/573
f 1723/356/574 1724/357/574 1725/358/574
f 1726/358/575 1727/357/575 1728/359/575
f 1729/358/576 1730/359/576 1731/360/576
f 1732/361/577 1733/324/577 1734/330/577
f 1735/262/578 1736/361/578 1737/330/578
f 1738/264/579 1739/334/579 1740/333/579
f 1741/336/580 1742/335/580 1743/221/580
f 1744/346/581 1745/362/581 1746/297/581
f 1747/362/582 1748/346/582 1749/363/582
f 1750/239/583 1751/363/583 1752/346/583
f 1753/311/584 1754/363/584 1755/239/584
f 1756/311/585 1757/232/585 1758/326/585
f 1759/327/586 1760/364/586 1761/326/586
f 1762/365/587 1763/337/587 1764/268/587
f 1765/366/588 1766/348/588 1767/313/588
f 1768/367/589 1769/313/589 1770/299/589
f 1771/300/590 1772/338/590 1773/314/590
f 1774/338/591 1775/315/591 1776/349/591
f 1777/349/592 1778/316/592 1779/350/592
s 1
f 1780/350/593 1781/328/593 1782/368/593
s 0
f 1783/368/594 1784/328/594 1785/303/594
f 1786/353/595 1787/320/595 1788/340/595
f 1789/322/596 1790/341/596 1791/340/596
f 1792/354/597 1793/369/597 1794/343/597
f 1795/358/598 1796/370/598 1797/356/598
f 1798/360/599 1799/371/599 1800/358/599
f 1801/371/600 1802/360/600 1803/372/600
f 1804/372/601 1805/373/601 1806/371/601
f 1807/374/602 1808/375/602 1809/324/602
f 1810/324/603 1811/376/603 1812/374/603
f 1813/376/604 1814/324/604 1815/361/604
f 1816/377/605 1817/361/605 1818/307/605
f 1819/262/606 1820/307/606 1821/361/606
f 1822/325/607 1823/378/607 1824/307/607
f 1825/378/608 1826/325/608 1827/379/608
f 1828/244/609 1829/344/609 1830/281/609
f 1831/380/610 1832/309/610 1833/345/610
f 1834/263/611 1835/335/611 1836/334/611
f 1837/297/612 1838/362/612 1839/336/612
f 1840/364/613 1841/327/613 1842/347/613
f 1843/312/614 1844/365/614 1845/268/614
f 1846/351/615 1847/368/615 1848/303/615
f 1849/368/616 1850/351/616 1851/352/616
f 1852/319/617 1853/381/617 1854/329/617
f 1855/381/618 1856/319/618 1857/353/618
f 1858/353/619 1859/340/619 1860/341/619
f 1861/342/620 1862/382/620 1863/341/620
f 1864/382/621 1865/342/621 1866/383/621
f 1867/343/622 1868/383/622 1869/342/622
f 1870/369/623 1871/383/623 1872/343/623
f 1873/369/624 1874/354/624 1875/356/624
f 1876/358/625 1877/371/625 1878/370/625
f 1879/373/626 1880/372/626 1881/374/626
f 1882/325/627 1883/384/627 1884/379/627
f 1885/384/628 1886/325/628 1887/281/628
f 1888/333/629 1889/385/629 1890/345/629
f 1891/385/630 1892/333/630 1893/334/630
f 1894/335/631 1895/336/631 1896/386/631
f 1897/363/632 1898/387/632 1899/362/632
f 1900/326/633 1901/364/633 1902/311/633
f 1903/388/634 1904/364/634 1905/347/634
f 1906/347/635 1907/337/635 1908/365/635
f 1909/365/636 1910/388/636 1911/347/636
f 1912/365/637 1913/312/637 1914/389/637
f 1915/390/638 1916/348/638 1917/366/638
f 1918/366/639 1919/313/639 1920/367/639
f 1921/367/640 1922/391/640 1923/366/640
f 1924/284/641 1925/392/641 1926/299/641
f 1927/349/642 1928/350/642 1929/393/642
f 1930/368/643 1931/393/643 1932/350/643
f 1933/352/644 1934/394/644 1935/368/644
f 1936/394/645 1937/352/645 1938/339/645
f 1939/395/646 1940/339/646 1941/329/646
f 1942/395/647 1943/329/647 1944/381/647
f 1945/341/648 1946/396/648 1947/353/648
f 1948/396/649 1949/341/649 1950/382/649
f 1951/397/650 1952/369/650 1953/356/650
f 1954/376/651 1955/398/651 1956/374/651
f 1957/307/652 1958/399/652 1959/377/652
f 1960/399/653 1961/307/653 1962/378/653
s 1
f 1963/281/654 1964/400/654 1965/384/654
s 0
f 1966/362/655 1967/387/655 1968/336/655
f 1969/311/656 1970/401/656 1971/363/656
f 1972/311/657 1973/364/657 1974/402/657
f 1975/366/658 1976/403/658 1977/404/658
f 1978/403/659 1979/366/659 1980/391/659
f 1981/391/660 1982/367/660 1983/405/660
f 1984/299/661 1985/405/661 1986/367/661
f 1987/299/662 1988/406/662 1989/405/662
f 1990/406/663 1991/299/663 1992/392/663
f 1993/392/664 1994/284/664 1995/407/664
f 1996/408/665 1997/314/665 1998/338/665
f 1999/408/666 2000/338/666 2001/349/666
f 2002/409/667 2003/368/667 2004/394/667
f 2005/394/668 2006/339/668 2007/395/668
f 2008/381/669 2009/410/669 2010/395/669
f 2011/410/670 2012/381/670 2013/353/670
f 2014/353/671 2015/411/671 2016/410/671
f 2017/353/672 2018/396/672 2019/411/672
f 2020/383/673 2021/412/673 2022/382/673
f 2023/383/674 2024/413/674 2025/412/674
f 2026/413/675 2027/383/675 2028/369/675
f 2029/413/676 2030/369/676 2031/397/676
f 2032/397/677 2033/356/677 2034/414/677
f 2035/414/678 2036/356/678 2037/370/678
f 2038/414/679 2039/370/679 2040/371/679
f 2041/371/680 2042/415/680 2043/414/680
f 2044/415/681 2045/371/681 2046/416/681
f 2047/373/682 2048/416/682 2049/371/682
f 2050/399/683 2051/378/683 2052/379/683
f 2053/380/684 2054/345/684 2055/385/684
f 2056/335/685 2057/417/685 2058/334/685
f 2059/336/686 2060/418/686 2061/386/686
f 2062/418/687 2063/336/687 2064/387/687
f 2065/388/688 2066/419/688 2067/364/688
f 2068/365/689 2069/389/689 2070/388/689
f 2071/312/690 2072/420/690 2073/389/690
f 2074/366/691 2075/404/691 2076/390/691
f 2077/406/692 2078/421/692 2079/405/692
f 2080/421/693 2081/406/693 2082/392/693
f 2083/392/694 2084/422/694 2085/421/694
f 2086/284/695 2087/423/695 2088/407/695
f 2089/423/696 2090/284/696 2091/314/696
f 2092/393/697 2093/424/697 2094/349/697
f 2095/425/698 2096/393/698 2097/368/698
f 2098/368/699 2099/409/699 2100/425/699
f 2101/426/700 2102/414/700 2103/415/700
f 2104/416/701 2105/427/701 2106/415/701
f 2107/428/702 2108/399/702 2109/379/702
f 2110/363/703 2111/401/703 2112/387/703
f 2113/364/704 2114/429/704 2115/402/704
f 2116/388/705 2117/430/705 2118/419/705
f 2119/389/706 2120/431/706 2121/388/706
f 2122/420/707 2123/432/707 2124/389/707
f 2125/391/708 2126/433/708 2127/403/708
f 2128/433/709 2129/391/709 2130/405/709
f 2131/392/710 2132/434/710 2133/422/710
f 2134/434/711 2135/392/711 2136/435/711
f 2137/407/712 2138/435/712 2139/392/712
f 2140/436/713 2141/423/713 2142/314/713
f 2143/436/714 2144/314/714 2145/408/714
f 2146/437/715 2147/349/715 2148/424/715
f 2149/393/716 2150/425/716 2151/424/716
f 2152/394/717 2153/438/717 2154/409/717
f 2155/438/718 2156/394/718 2157/439/718
f 2158/395/719 2159/440/719 2160/394/719
f 2161/410/720 2162/441/720 2163/395/720
f 2164/441/721 2165/410/721 2166/411/721
f 2167/442/722 2168/396/722 2169/443/722
f 2170/382/723 2171/443/723 2172/396/723
f 2173/443/724 2174/382/724 2175/412/724
f 2176/397/725 2177/444/725 2178/413/725
s 1
f 2179/397/726 2180/445/726 2181/444/726
s 0
f 2182/445/727 2183/397/727 2184/414/727
f 2185/415/728 2186/446/728 2187/426/728
f 2188/446/729 2189/415/729 2190/427/729
s 1
f 2191/447/730 2192/427/730 2193/448/730
s 0
f 2194/379/731 2195/449/731 2196/428/731
f 2197/449/732 2198/379/732 2199/384/732
f 2200/281/733 2201/450/733 2202/400/733
f 2203/417/734 2204/335/734 2205/451/734
f 2206/386/735 2207/451/735 2208/335/735
f 2209/451/736 2210/386/736 2211/418/736
f 2212/387/737 2213/452/737 2214/418/737
f 2215/452/738 2216/387/738 2217/401/738
f 2218/401/739 2219/311/739 2220/402/739
f 2221/402/740 2222/453/740 2223/401/740
f 2224/453/741 2225/402/741 2226/429/741
s 1
f 2227/429/742 2228/364/742 2229/419/742
s 0
f 2230/431/743 2231/430/743 2232/388/743
f 2233/404/744 2234/454/744 2235/390/744
f 2236/421/745 2237/455/745 2238/405/745
f 2239/434/746 2240/456/746 2241/422/746
f 2242/407/747 2243/457/747 2244/435/747
f 2245/423/748 2246/457/748 2247/407/748
f 2248/349/749 2249/437/749 2250/408/749
f 2251/424/750 2252/425/750 2253/458/750
f 2254/409/751 2255/458/751 2256/425/751
f 2257/458/752 2258/409/752 2259/438/752
f 2260/394/753 2261/440/753 2262/439/753
f 2263/440/754 2264/395/754 2265/441/754
f 2266/396/755 2267/441/755 2268/411/755
f 2269/441/756 2270/396/756 2271/442/756
f 2272/443/757 2273/412/757 2274/459/757
f 2275/459/758 2276/412/758 2277/413/758
f 2278/460/759 2279/413/759 2280/444/759
f 2281/445/760 2282/414/760 2283/426/760
f 2284/447/761 2285/461/761 2286/446/761
f 2287/462/762 2288/461/762 2289/463/762
f 2290/384/763 2291/400/763 2292/450/763
f 2293/464/764 2294/417/764 2295/451/764
f 2296/429/765 2297/465/765 2298/453/765
f 2299/419/766 2300/466/766 2301/429/766
f 2302/466/767 2303/419/767 2304/467/767
f 2305/431/768 2306/468/768 2307/430/768
f 2308/432/769 2309/420/769 2310/469/769
f 2311/390/770 2312/470/770 2313/471/770
f 2314/405/771 2315/455/771 2316/433/771
f 2317/422/772 2318/455/772 2319/421/772
f 2320/455/773 2321/422/773 2322/456/773
f 2323/435/774 2324/472/774 2325/434/774
f 2326/472/775 2327/435/775 2328/457/775
f 2329/457/776 2330/423/776 2331/473/776
f 2332/437/777 2333/424/777 2334/458/777
f 2335/438/778 2336/439/778 2337/440/778
f 2338/443/779 2339/459/779 2340/442/779
f 2341/413/780 2342/460/780 2343/459/780
f 2344/460/781 2345/444/781 2346/445/781
f 2347/426/782 2348/474/782 2349/445/782
f 2350/474/783 2351/426/783 2352/446/783
f 2353/462/784 2354/446/784 2355/461/784
f 2356/475/785 2357/384/785 2358/450/785
f 2359/476/786 2360/385/786 2361/477/786
f 2362/334/787 2363/477/787 2364/385/787
f 2365/417/788 2366/477/788 2367/334/788
f 2368/451/789 2369/418/789 2370/452/789
f 2371/465/790 2372/429/790 2373/466/790
f 2374/467/791 2375/419/791 2376/430/791
f 2377/389/792 2378/478/792 2379/431/792
f 2380/478/793 2381/389/793 2382/432/793
f 2383/470/794 2384/390/794 2385/454/794
f 2386/404/795 2387/479/795 2388/454/795
f 2389/403/796 2390/479/796 2391/404/796
f 2392/479/797 2393/403/797 2394/433/797
f 2395/456/798 2396/480/798 2397/455/798
f 2398/480/799 2399/456/799 2400/472/799
f 2401/434/800 2402/472/800 2403/456/800
f 2404/472/801 2405/457/801 2406/481/801
f 2407/473/802 2408/482/802 2409/457/802
f 2410/423/803 2411/482/803 2412/473/803
f 2413/482/804 2414/423/804 2415/483/804
f 2416/436/805 2417/483/805 2418/423/805
f 2419/484/806 2420/436/806 2421/408/806
f 2422/441/807 2423/485/807 2424/440/807
f 2425/442/808 2426/485/808 2427/441/808
s 1
f 2428/459/809 2429/460/809 2430/474/809
s 0
f 2431/445/810 2432/474/810 2433/460/810
f 2434/474/811 2435/446/811 2436/486/811
f 2437/462/812 2438/486/812 2439/446/812
f 2440/462/813 2441/487/813 2442/486/813
f 2443/487/814 2444/462/814 2445/488/814
f 2446/489/815 2447/490/815 2448/491/815
f 2449/492/816 2450/493/816 2451/494/816
f 2452/495/817 2453/449/817 2454/496/817
f 2455/384/818 2456/496/818 2457/449/818
f 2458/496/819 2459/384/819 2460/475/819
f 2461/497/820 2462/498/820 2463/499/820
f 2464/464/821 2465/451/821 2466/452/821
f 2467/430/822 2468/468/822 2469/467/822
f 2470/432/823 2471/500/823 2472/478/823
f 2473/469/824 2474/501/824 2475/432/824
f 2476/502/825 2477/470/825 2478/454/825
f 2479/454/826 2480/503/826 2481/502/826
f 2482/503/827 2483/454/827 2484/479/827
f 2485/504/828 2486/479/828 2487/433/828
f 2488/504/829 2489/433/829 2490/455/829
f 2491/455/830 2492/480/830 2493/505/830
f 2494/481/831 2495/506/831 2496/472/831
f 2497/457/832 2498/506/832 2499/481/832
f 2500/506/833 2501/457/833 2502/482/833
f 2503/483/834 2504/507/834 2505/482/834
f 2506/507/835 2507/483/835 2508/508/835
f 2509/483/836 2510/436/836 2511/484/836
f 2512/484/837 2513/509/837 2514/483/837
f 2515/438/838 2516/437/838 2517/458/838
f 2518/437/839 2519/438/839 2520/440/839
f 2521/442/840 2522/510/840 2523/485/840
f 2524/510/841 2525/442/841 2526/459/841
f 2527/488/842 2528/511/842 2529/487/842
f 2530/450/843 2531/512/843 2532/475/843
f 2533/452/844 2534/513/844 2535/464/844
f 2536/514/845 2537/452/845 2538/401/845
f 2539/453/846 2540/515/846 2541/401/846
f 2542/516/847 2543/465/847 2544/466/847
f 2545/466/848 2546/467/848 2547/516/848
f 2548/431/849 2549/517/849 2550/468/849
f 2551/517/850 2552/431/850 2553/478/850
f 2554/503/851 2555/518/851 2556/502/851
f 2557/455/852 2558/505/852 2559/504/852
f 2560/480/853 2561/519/853 2562/505/853
f 2563/519/854 2564/480/854 2565/472/854
f 2566/519/855 2567/472/855 2568/520/855
f 2569/520/856 2570/472/856 2571/521/856
f 2572/506/857 2573/521/857 2574/472/857
f 2575/482/858 2576/522/858 2577/506/858
f 2578/522/859 2579/482/859 2580/507/859
f 2581/508/860 2582/483/860 2583/509/860
f 2584/509/861 2585/484/861 2586/523/861
f 2587/408/862 2588/523/862 2589/484/862
s 1
f 2590/440/863 2591/485/863 2592/437/863
s 0
f 2593/510/864 2594/459/864 2595/524/864
f 2596/459/865 2597/474/865 2598/524/865
f 2599/487/866 2600/511/866 2601/525/866
s 1
f 2602/526/867 2603/525/867 2604/511/867
s 0
f 2605/490/868 2606/525/868 2607/526/868
f 2608/489/869 2609/525/869 2610/490/869
f 2611/525/870 2612/489/870 2613/527/870
f 2614/528/871 2615/494/871 2616/529/871
s 1
f 2617/530/872 2618/475/872 2619/512/872
s 0
f 2620/498/873 2621/531/873 2622/532/873
f 2623/531/874 2624/498/874 2625/533/874
f 2626/465/875 2627/516/875 2628/453/875
f 2629/534/876 2630/467/876 2631/468/876
f 2632/517/877 2633/478/877 2634/535/877
f 2635/535/878 2636/478/878 2637/500/878
s 1
f 2638/501/879 2639/500/879 2640/432/879
s 0
f 2641/503/880 2642/479/880 2643/536/880
f 2644/504/881 2645/536/881 2646/479/881
f 2647/521/882 2648/506/882 2649/522/882
f 2650/408/883 2651/537/883 2652/523/883
f 2653/437/884 2654/538/884 2655/408/884
f 2656/437/885 2657/539/885 2658/538/885
f 2659/510/886 2660/540/886 2661/485/886
f 2662/524/887 2663/474/887 2664/541/887
f 2665/541/888 2666/474/888 2667/486/888
f 2668/541/889 2669/486/889 2670/487/889
f 2671/487/890 2672/542/890 2673/541/890
f 2674/529/891 2675/543/891 2676/527/891
f 2677/529/892 2678/494/892 2679/543/892
f 2680/544/893 2681/476/893 2682/545/893
f 2683/477/894 2684/545/894 2685/476/894
f 2686/464/895 2687/546/895 2688/417/895
f 2689/513/896 2690/547/896 2691/464/896
f 2692/452/897 2693/548/897 2694/513/897
f 2695/401/898 2696/549/898 2697/514/898
f 2698/515/899 2699/453/899 2700/516/899
f 2701/516/900 2702/550/900 2703/515/900
f 2704/467/901 2705/550/901 2706/516/901
f 2707/551/902 2708/468/902 2709/517/902
f 2710/552/903 2711/535/903 2712/500/903
f 2713/500/904 2714/553/904 2715/552/904
f 2716/553/905 2717/500/905 2718/501/905
f 2719/471/906 2720/470/906 2721/502/906
f 2722/503/907 2723/536/907 2724/518/907
f 2725/536/908 2726/504/908 2727/554/908
f 2728/554/909 2729/504/909 2730/505/909
f 2731/519/910 2732/555/910 2733/505/910
f 2734/519/911 2735/556/911 2736/555/911
f 2737/556/912 2738/519/912 2739/520/912
f 2740/556/913 2741/520/913 2742/522/913
f 2743/521/914 2744/522/914 2745/520/914
f 2746/557/915 2747/508/915 2748/509/915
f 2749/509/916 2750/558/916 2751/559/916
f 2752/558/917 2753/509/917 2754/523/917
f 2755/537/918 2756/408/918 2757/538/918
f 2758/437/919 2759/560/919 2760/539/919
f 2761/485/920 2762/561/920 2763/437/920
f 2764/487/921 2765/562/921 2766/542/921
f 2767/562/922 2768/487/922 2769/525/922
f 2770/562/923 2771/525/923 2772/543/923
f 2773/527/924 2774/543/924 2775/525/924
f 2776/494/925 2777/563/925 2778/543/925
f 2779/512/926 2780/564/926 2781/530/926
f 2782/417/927 2783/565/927 2784/477/927
s 1
f 2785/565/928 2786/417/928 2787/546/928
s 0
f 2788/546/929 2789/464/929 2790/547/929
f 2791/513/930 2792/548/930 2793/547/930
f 2794/548/931 2795/452/931 2796/514/931
f 2797/549/932 2798/401/932 2799/515/932
f 2800/468/933 2801/551/933 2802/534/933
f 2803/517/934 2804/566/934 2805/551/934
f 2806/566/935 2807/517/935 2808/535/935
f 2809/502/936 2810/567/936 2811/471/936
f 2812/518/937 2813/567/937 2814/502/937
f 2815/567/938 2816/518/938 2817/568/938
f 2818/536/939 2819/568/939 2820/518/939
f 2821/568/940 2822/536/940 2823/554/940
f 2824/554/941 2825/505/941 2826/555/941
f 2827/522/942 2828/569/942 2829/556/942
f 2830/522/943 2831/507/943 2832/570/943
f 2833/537/944 2834/571/944 2835/523/944
f 2836/561/945 2837/485/945 2838/572/945
f 2839/485/946 2840/540/946 2841/572/946
s 1
f 2842/541/947 2843/573/947 2844/524/947
s 0
f 2845/564/948 2846/574/948 2847/530/948
f 2848/450/949 2849/564/949 2850/512/949
f 2851/477/950 2852/575/950 2853/545/950
f 2854/514/951 2855/576/951 2856/548/951
f 2857/576/952 2858/514/952 2859/577/952
f 2860/577/953 2861/514/953 2862/549/953
f 2863/534/954 2864/550/954 2865/467/954
f 2866/566/955 2867/535/955 2868/552/955
f 2869/555/956 2870/578/956 2871/554/956
f 2872/578/957 2873/555/957 2874/556/957
f 2875/569/958 2876/522/958 2877/570/958
f 2878/507/959 2879/508/959 2880/570/959
f 2881/509/960 2882/559/960 2883/557/960
f 2884/558/961 2885/579/961 2886/559/961
f 2887/523/962 2888/579/962 2889/558/962
f 2890/579/963 2891/523/963 2892/571/963
f 2893/537/964 2894/538/964 2895/580/964
f 2896/539/965 2897/580/965 2898/538/965
f 2899/560/966 2900/437/966 2901/561/966
f 2902/581/967 2903/540/967 2904/510/967
f 2905/541/968 2906/582/968 2907/573/968
f 2908/564/969 2909/450/969 2910/583/969
f 2911/584/970 2912/585/970 2913/586/970
s 1
f 2914/575/971 2915/477/971 2916/565/971
s 0
f 2917/546/972 2918/547/972 2919/565/972
f 2920/587/973 2921/548/973 2922/576/973
f 2923/550/974 2924/588/974 2925/515/974
f 2926/534/975 2927/589/975 2928/550/975
f 2929/566/976 2930/590/976 2931/551/976
f 2932/554/977 2933/578/977 2934/568/977
f 2935/556/978 2936/569/978 2937/578/978
f 2938/570/979 2939/591/979 2940/569/979
f 2941/559/980 2942/579/980 2943/557/980
f 2944/581/981 2945/510/981 2946/524/981
f 2947/524/982 2948/592/982 2949/581/982
f 2950/592/983 2951/524/983 2952/573/983
f 2953/593/984 2954/594/984 2955/595/984
f 2956/574/985 2957/594/985 2958/593/985
f 2959/585/986 2960/596/986 2961/597/986
f 2962/596/987 2963/585/987 2964/584/987
f 2965/545/988 2966/598/988 2967/544/988
f 2968/577/989 2969/599/989 2970/576/989
f 2971/549/990 2972/515/990 2973/600/990
f 2974/600/991 2975/515/991 2976/588/991
f 2977/551/992 2978/601/992 2979/534/992
f 2980/601/993 2981/551/993 2982/590/993
f 2983/590/994 2984/566/994 2985/552/994
f 2986/508/995 2987/602/995 2988/570/995
f 2989/602/996 2990/508/996 2991/557/996
s 1
f 2992/603/997 2993/571/997 2994/537/997
s 0
f 2995/604/998 2996/539/998 2997/560/998
f 2998/605/999 2999/561/999 3000/572/999
f 3001/540/1000 3002/606/1000 3003/572/1000
f 3004/581/1001 3005/607/1001 3006/540/1001
f 3007/607/1002 3008/581/1002 3009/608/1002
f 3010/581/1003 3011/592/1003 3012/608/1003
f 3013/595/1004 3014/594/1004 3015/609/1004
f 3016/584/1005 3017/610/1005 3018/596/1005
f 3019/610/1006 3020/584/1006 3021/586/1006
f 3022/598/1007 3023/545/1007 3024/575/1007
f 3025/565/1008 3026/611/1008 3027/575/1008
f 3028/548/1009 3029/612/1009 3030/547/1009
f 3031/550/1010 3032/589/1010 3033/588/1010
f 3034/589/1011 3035/534/1011 3036/601/1011
f 3037/553/1012 3038/613/1012 3039/552/1012
f 3040/614/1013 3041/471/1013 3042/567/1013
f 3043/615/1014 3044/570/1014 3045/602/1014
f 3046/603/1015 3047/537/1015 3048/580/1015
f 3049/539/1016 3050/616/1016 3051/580/1016
f 3052/572/1017 3053/617/1017 3054/605/1017
f 3055/540/1018 3056/618/1018 3057/606/1018
s 1
f 3058/540/1019 3059/619/1019 3060/618/1019
s 0
f 3061/592/1020 3062/620/1020 3063/608/1020
f 3064/621/1021 3065/592/1021 3066/573/1021
f 3067/622/1022 3068/623/1022 3069/624/1022
f 3070/595/1023 3071/609/1023 3072/622/1023
f 3073/574/1024 3074/625/1024 3075/594/1024
f 3076/564/1025 3077/625/1025 3078/574/1025
f 3079/626/1026 3080/597/1026 3081/596/1026
f 3082/547/1027 3083/627/1027 3084/565/1027
f 3085/627/1028 3086/547/1028 3087/612/1028
f 3088/587/1029 3089/612/1029 3090/548/1029
f 3091/587/1030 3092/576/1030 3093/599/1030
f 3094/601/1031 3095/590/1031 3096/589/1031
f 3097/628/1032 3098/590/1032 3099/552/1032
f 3100/628/1033 3101/552/1033 3102/613/1033
f 3103/568/1034 3104/629/1034 3105/567/1034
f 3106/569/1035 3107/568/1035 3108/578/1035
f 3109/591/1036 3110/570/1036 3111/615/1036
f 3112/603/1037 3113/630/1037 3114/571/1037
f 3115/580/1038 3116/616/1038 3117/603/1038
f 3118/572/1039 3119/631/1039 3120/617/1039
f 3121/631/1040 3122/572/1040 3123/606/1040
f 3124/619/1041 3125/540/1041 3126/607/1041
f 3127/632/1042 3128/624/1042 3129/623/1042
f 3130/633/1043 3131/609/1043 3132/594/1043
f 3133/633/1044 3134/594/1044 3135/625/1044
f 3136/564/1045 3137/634/1045 3138/625/1045
f 3139/635/1046 3140/564/1046 3141/583/1046
f 3142/626/1047 3143/583/1047 3144/597/1047
f 3145/596/1048 3146/610/1048 3147/626/1048
f 3148/586/1049 3149/544/1049 3150/598/1049
f 3151/587/1050 3152/636/1050 3153/612/1050
f 3154/636/1051 3155/587/1051 3156/599/1051
f 3157/549/1052 3158/600/1052 3159/577/1052
f 3160/590/1053 3161/628/1053 3162/589/1053
f 3163/567/1054 3164/629/1054 3165/614/1054
f 3166/637/1055 3167/629/1055 3168/568/1055
f 3169/637/1056 3170/568/1056 3171/569/1056
f 3172/638/1057 3173/591/1057 3174/615/1057
f 3175/639/1058 3176/615/1058 3177/602/1058
f 3178/639/1059 3179/602/1059 3180/557/1059
f 3181/639/1060 3182/557/1060 3183/579/1060
f 3184/630/1061 3185/603/1061 3186/616/1061
s 1
f 3187/560/1062 3188/640/1062 3189/641/1062
s 0
f 3190/561/1063 3191/640/1063 3192/560/1063
f 3193/640/1064 3194/561/1064 3195/605/1064
f 3196/617/1065 3197/631/1065 3198/605/1065
f 3199/625/1066 3200/642/1066 3201/633/1066
f 3202/583/1067 3203/643/1067 3204/635/1067
f 3205/643/1068 3206/583/1068 3207/626/1068
f 3208/610/1069 3209/644/1069 3210/626/1069
f 3211/610/1070 3212/586/1070 3213/645/1070
f 3214/575/1071 3215/611/1071 3216/598/1071
f 3217/599/1072 3218/646/1072 3219/636/1072
f 3220/646/1073 3221/599/1073 3222/647/1073
f 3223/577/1074 3224/647/1074 3225/599/1074
f 3226/588/1075 3227/648/1075 3228/600/1075
f 3229/648/1076 3230/588/1076 3231/589/1076
f 3232/569/1077 3233/649/1077 3234/650/1077
f 3235/649/1078 3236/569/1078 3237/591/1078
f 3238/591/1079 3239/638/1079 3240/649/1079
f 3241/651/1080 3242/639/1080 3243/579/1080
s 1
f 3244/539/1081 3245/652/1081 3246/616/1081
s 0
f 3247/652/1082 3248/539/1082 3249/604/1082
f 3250/653/1083 3251/560/1083 3252/641/1083
f 3253/619/1084 3254/607/1084 3255/654/1084
f 3256/623/1085 3257/622/1085 3258/609/1085
f 3259/609/1086 3260/655/1086 3261/623/1086
f 3262/655/1087 3263/609/1087 3264/633/1087
f 3265/634/1088 3266/564/1088 3267/635/1088
f 3268/656/1089 3269/643/1089 3270/644/1089
f 3271/626/1090 3272/644/1090 3273/643/1090
f 3274/598/1091 3275/657/1091 3276/586/1091
f 3277/565/1092 3278/658/1092 3279/611/1092
f 3280/565/1093 3281/627/1093 3282/658/1093
f 3283/627/1094 3284/612/1094 3285/659/1094
f 3286/589/1095 3287/628/1095 3288/648/1095
f 3289/615/1096 3290/660/1096 3291/638/1096
f 3292/639/1097 3293/661/1097 3294/615/1097
f 3295/661/1098 3296/639/1098 3297/651/1098
f 3298/579/1099 3299/662/1099 3300/651/1099
f 3301/662/1100 3302/579/1100 3303/571/1100
f 3304/663/1101 3305/630/1101 3306/616/1101
f 3307/652/1102 3308/604/1102 3309/664/1102
f 3310/560/1103 3311/664/1103 3312/604/1103
f 3313/664/1104 3314/560/1104 3315/653/1104
f 3316/640/1105 3317/665/1105 3318/641/1105
f 3319/605/1106 3320/666/1106 3321/640/1106
f 3322/605/1107 3323/667/1107 3324/666/1107
f 3325/667/1108 3326/605/1108 3327/631/1108
f 3328/606/1109 3329/668/1109 3330/631/1109
f 3331/669/1110 3332/670/1110 3333/671/1110
f 3334/623/1111 3335/672/1111 3336/632/1111
f 3337/625/1112 3338/673/1112 3339/642/1112
f 3340/610/1113 3341/645/1113 3342/644/1113
f 3343/586/1114 3344/657/1114 3345/645/1114
f 3346/659/1115 3347/612/1115 3348/646/1115
f 3349/636/1116 3350/646/1116 3351/612/1116
f 3352/659/1117 3353/646/1117 3354/647/1117
f 3355/647/1118 3356/577/1118 3357/674/1118
f 3358/600/1119 3359/674/1119 3360/577/1119
f 3361/628/1120 3362/675/1120 3363/648/1120
f 3364/613/1121 3365/676/1121 3366/628/1121
f 3367/677/1122 3368/629/1122 3369/637/1122
f 3370/662/1123 3371/571/1123 3372/630/1123
f 3373/630/1124 3374/663/1124 3375/662/1124
f 3376/663/1125 3377/616/1125 3378/652/1125
f 3379/653/1126 3380/641/1126 3381/665/1126
f 3382/654/1127 3383/678/1127 3384/619/1127
f 3385/679/1128 3386/678/1128 3387/654/1128
f 3388/680/1129 3389/670/1129 3390/632/1129
f 3391/632/1130 3392/672/1130 3393/680/1130
f 3394/643/1131 3395/656/1131 3396/635/1131
f 3397/681/1132 3398/611/1132 3399/682/1132
f 3400/682/1133 3401/611/1133 3402/658/1133
f 3403/659/1134 3404/683/1134 3405/627/1134
f 3406/674/1135 3407/684/1135 3408/647/1135
f 3409/648/1136 3410/674/1136 3411/600/1136
f 3412/628/1137 3413/676/1137 3414/675/1137
f 3415/614/1138 3416/629/1138 3417/685/1138
f 3418/637/1139 3419/686/1139 3420/677/1139
f 3421/686/1140 3422/637/1140 3423/569/1140
f 3424/569/1141 3425/650/1141 3426/686/1141
f 3427/615/1142 3428/687/1142 3429/660/1142
f 3430/687/1143 3431/615/1143 3432/661/1143
f 3433/652/1144 3434/688/1144 3435/663/1144
f 3436/689/1145 3437/652/1145 3438/664/1145
f 3439/678/1146 3440/679/1146 3441/690/1146
f 3442/691/1147 3443/623/1147 3444/655/1147
f 3445/633/1148 3446/692/1148 3447/655/1148
f 3448/642/1149 3449/692/1149 3450/633/1149
f 3451/692/1150 3452/642/1150 3453/673/1150
f 3454/625/1151 3455/634/1151 3456/673/1151
f 3457/693/1152 3458/634/1152 3459/635/1152
f 3460/693/1153 3461/635/1153 3462/656/1153
f 3463/598/1154 3464/611/1154 3465/681/1154
f 3466/647/1155 3467/684/1155 3468/659/1155
f 3469/674/1156 3470/648/1156 3471/675/1156
f 3472/685/1157 3473/629/1157 3474/694/1157
f 3475/629/1158 3476/695/1158 3477/696/1158
s 1
f 3478/695/1159 3479/629/1159 3480/677/1159
s 0
f 3481/697/1160 3482/687/1160 3483/661/1160
f 3484/698/1161 3485/690/1161 3486/699/1161
f 3487/700/1162 3488/699/1162 3489/690/1162
f 3490/701/1163 3491/702/1163 3492/700/1163
f 3493/670/1164 3494/703/1164 3495/671/1164
f 3496/623/1165 3497/691/1165 3498/672/1165
f 3499/673/1166 3500/704/1166 3501/692/1166
f 3502/645/1167 3503/705/1167 3504/644/1167
f 3505/705/1168 3506/645/1168 3507/657/1168
f 3508/706/1169 3509/598/1169 3510/681/1169
f 3511/682/1170 3512/658/1170 3513/707/1170
f 3514/707/1171 3515/658/1171 3516/627/1171
f 3517/707/1172 3518/627/1172 3519/683/1172
f 3520/676/1173 3521/708/1173 3522/675/1173
f 3523/614/1174 3524/685/1174 3525/709/1174
f 3526/710/1175 3527/685/1175 3528/694/1175
f 3529/629/1176 3530/696/1176 3531/694/1176
f 3532/677/1177 3533/686/1177 3534/695/1177
f 3535/711/1178 3536/649/1178 3537/638/1178
f 3538/712/1179 3539/651/1179 3540/662/1179
f 3541/662/1180 3542/713/1180 3543/712/1180
f 3544/713/1181 3545/662/1181 3546/663/1181
f 3547/663/1182 3548/714/1182 3549/713/1182
f 3550/714/1183 3551/663/1183 3552/688/1183
f 3553/688/1184 3554/715/1184 3555/714/1184
f 3556/715/1185 3557/688/1185 3558/689/1185
f 3559/652/1186 3560/689/1186 3561/688/1186
f 3562/606/1187 3563/716/1187 3564/668/1187
f 3565/702/1188 3566/699/1188 3567/700/1188
f 3568/671/1189 3569/717/1189 3570/702/1189
f 3571/671/1190 3572/703/1190 3573/717/1190
f 3574/703/1191 3575/670/1191 3576/680/1191
f 3577/680/1192 3578/672/1192 3579/691/1192
f 3580/693/1193 3581/656/1193 3582/718/1193
f 3583/718/1194 3584/656/1194 3585/719/1194
f 3586/644/1195 3587/719/1195 3588/656/1195
f 3589/719/1196 3590/644/1196 3591/705/1196
f 3592/681/1197 3593/720/1197 3594/706/1197
f 3595/683/1198 3596/721/1198 3597/707/1198
f 3598/659/1199 3599/721/1199 3600/683/1199
f 3601/721/1200 3602/659/1200 3603/684/1200
f 3604/684/1201 3605/674/1201 3606/722/1201
f 3607/722/1202 3608/674/1202 3609/675/1202
f 3610/723/1203 3611/675/1203 3612/708/1203
f 3613/676/1204 3614/613/1204 3615/724/1204
s 1
f 3616/725/1205 3617/710/1205 3618/694/1205
s 0
f 3619/726/1206 3620/694/1206 3621/696/1206
f 3622/650/1207 3623/727/1207 3624/686/1207
f 3625/727/1208 3626/650/1208 3627/649/1208
f 3628/711/1209 3629/638/1209 3630/728/1209
f 3631/697/1210 3632/661/1210 3633/729/1210
f 3634/729/1211 3635/661/1211 3636/651/1211
f 3637/730/1212 3638/731/1212 3639/732/1212
f 3640/699/1213 3641/733/1213 3642/734/1213
f 3643/702/1214 3644/733/1214 3645/699/1214
f 3646/733/1215 3647/702/1215 3648/717/1215
f 3649/655/1216 3650/692/1216 3651/691/1216
f 3652/673/1217 3653/735/1217 3654/704/1217
f 3655/736/1218 3656/735/1218 3657/673/1218
f 3658/598/1219 3659/706/1219 3660/657/1219
f 3661/737/1220 3662/707/1220 3663/738/1220
f 3664/721/1221 3665/738/1221 3666/707/1221
f 3667/739/1222 3668/721/1222 3669/684/1222
f 3670/675/1223 3671/723/1223 3672/722/1223
f 3673/740/1224 3674/709/1224 3675/685/1224
f 3676/725/1225 3677/694/1225 3678/726/1225
f 3679/649/1226 3680/711/1226 3681/727/1226
f 3682/741/1227 3683/711/1227 3684/728/1227
f 3685/638/1228 3686/742/1228 3687/728/1228
f 3688/742/1229 3689/638/1229 3690/660/1229
f 3691/687/1230 3692/697/1230 3693/660/1230
f 3694/715/1231 3695/743/1231 3696/714/1231
f 3697/689/1232 3698/743/1232 3699/715/1232
f 3700/744/1233 3701/680/1233 3702/691/1233
f 3703/744/1234 3704/691/1234 3705/745/1234
f 3706/692/1235 3707/745/1235 3708/691/1235
f 3709/634/1236 3710/746/1236 3711/673/1236
f 3712/746/1237 3713/634/1237 3714/693/1237
s 1
f 3715/682/1238 3716/720/1238 3717/681/1238
s 0
f 3718/707/1239 3719/747/1239 3720/682/1239
s 1
f 3721/747/1240 3722/707/1240 3723/737/1240
s 0
f 3724/737/1241 3725/738/1241 3726/748/1241
f 3727/748/1242 3728/738/1242 3729/721/1242
f 3730/684/1243 3731/749/1243 3732/739/1243
f 3733/749/1244 3734/684/1244 3735/722/1244
f 3736/708/1245 3737/750/1245 3738/723/1245
f 3739/751/1246 3740/676/1246 3741/724/1246
f 3742/709/1247 3743/752/1247 3744/753/1247
f 3745/752/1248 3746/709/1248 3747/740/1248
f 3748/754/1249 3749/685/1249 3750/710/1249
f 3751/686/1250 3752/755/1250 3753/695/1250
s 1
f 3754/660/1251 3755/756/1251 3756/742/1251
s 0
f 3757/756/1252 3758/660/1252 3759/697/1252
f 3760/651/1253 3761/712/1253 3762/729/1253
f 3763/689/1254 3764/757/1254 3765/743/1254
f 3766/717/1255 3767/758/1255 3768/733/1255
f 3769/759/1256 3770/703/1256 3771/680/1256
f 3772/680/1257 3773/744/1257 3774/759/1257
f 3775/657/1258 3776/760/1258 3777/705/1258
f 3778/761/1259 3779/706/1259 3780/720/1259
f 3781/682/1260 3782/747/1260 3783/720/1260
f 3784/762/1261 3785/722/1261 3786/723/1261
f 3787/740/1262 3788/685/1262 3789/754/1262
f 3790/763/1263 3791/710/1263 3792/725/1263
f 3793/725/1264 3794/764/1264 3795/763/1264
f 3796/764/1265 3797/725/1265 3798/726/1265
f 3799/728/1266 3800/765/1266 3801/741/1266
f 3802/756/1267 3803/766/1267 3804/742/1267
f 3805/697/1268 3806/729/1268 3807/756/1268
f 3808/714/1269 3809/767/1269 3810/713/1269
f 3811/768/1270 3812/743/1270 3813/757/1270
s 1
f 3814/768/1271 3815/757/1271 3816/769/1271
s 0
f 3817/770/1272 3818/733/1272 3819/758/1272
f 3820/758/1273 3821/717/1273 3822/703/1273
f 3823/703/1274 3824/759/1274 3825/758/1274
f 3826/704/1275 3827/771/1275 3828/692/1275
f 3829/735/1276 3830/771/1276 3831/704/1276
f 3832/736/1277 3833/673/1277 3834/746/1277
f 3835/693/1278 3836/772/1278 3837/746/1278
f 3838/718/1279 3839/772/1279 3840/693/1279
f 3841/772/1280 3842/718/1280 3843/719/1280
f 3844/705/1281 3845/773/1281 3846/719/1281
f 3847/773/1282 3848/705/1282 3849/760/1282
f 3850/760/1283 3851/657/1283 3852/706/1283
f 3853/720/1284 3854/774/1284 3855/761/1284
f 3856/737/1285 3857/775/1285 3858/747/1285
f 3859/775/1286 3860/737/1286 3861/748/1286
f 3862/721/1287 3863/776/1287 3864/748/1287
f 3865/776/1288 3866/721/1288 3867/739/1288
f 3868/777/1289 3869/722/1289 3870/762/1289
f 3871/723/1290 3872/778/1290 3873/762/1290
f 3874/723/1291 3875/750/1291 3876/778/1291
f 3877/708/1292 3878/676/1292 3879/751/1292
f 3880/752/1293 3881/779/1293 3882/753/1293
f 3883/763/1294 3884/754/1294 3885/710/1294
f 3886/780/1295 3887/764/1295 3888/726/1295
f 3889/695/1296 3890/755/1296 3891/696/1296
f 3892/781/1297 3893/711/1297 3894/741/1297
f 3895/742/1298 3896/766/1298 3897/728/1298
f 3898/729/1299 3899/766/1299 3900/756/1299
f 3901/782/1300 3902/729/1300 3903/712/1300
f 3904/713/1301 3905/783/1301 3906/712/1301
f 3907/714/1302 3908/743/1302 3909/767/1302
f 3910/784/1303 3911/785/1303 3912/786/1303
f 3913/744/1304 3914/787/1304 3915/759/1304
f 3916/787/1305 3917/744/1305 3918/745/1305
f 3919/692/1306 3920/788/1306 3921/745/1306
f 3922/788/1307 3923/692/1307 3924/771/1307
f 3925/789/1308 3926/771/1308 3927/735/1308
f 3928/790/1309 3929/735/1309 3930/736/1309
f 3931/748/1310 3932/791/1310 3933/775/1310
f 3934/776/1311 3935/739/1311 3936/749/1311
s 1
f 3937/722/1312 3938/792/1312 3939/749/1312
f 3940/792/1313 3941/722/1313 3942/777/1313
s 0
f 3943/777/1314 3944/762/1314 3945/778/1314
f 3946/708/1315 3947/751/1315 3948/750/1315
f 3949/740/1316 3950/793/1316 3951/752/1316
f 3952/754/1317 3953/794/1317 3954/740/1317
f 3955/794/1318 3956/754/1318 3957/763/1318
f 3958/726/1319 3959/795/1319 3960/780/1319
f 3961/795/1320 3962/726/1320 3963/696/1320
f 3964/696/1321 3965/796/1321 3966/795/1321
f 3967/796/1322 3968/696/1322 3969/755/1322
f 3970/727/1323 3971/797/1323 3972/686/1323
f 3973/729/1324 3974/782/1324 3975/766/1324
f 3976/743/1325 3977/798/1325 3978/767/1325
f 3979/798/1326 3980/743/1326 3981/768/1326
f 3982/733/1327 3983/799/1327 3984/800/1327
f 3985/799/1328 3986/733/1328 3987/770/1328
f 3988/759/1329 3989/801/1329 3990/802/1329
f 3991/801/1330 3992/759/1330 3993/787/1330
f 3994/789/1331 3995/735/1331 3996/790/1331
f 3997/803/1332 3998/736/1332 3999/746/1332
f 4000/746/1333 4001/804/1333 4002/803/1333
f 4003/804/1334 4004/746/1334 4005/772/1334
f 4006/719/1335 4007/805/1335 4008/772/1335
f 4009/761/1336 4010/774/1336 4011/806/1336
f 4012/720/1337 4013/747/1337 4014/774/1337
f 4015/748/1338 4016/776/1338 4017/791/1338
f 4018/749/1339 4019/792/1339 4020/776/1339
f 4021/807/1340 4022/777/1340 4023/778/1340
f 4024/764/1341 4025/808/1341 4026/763/1341
f 4027/780/1342 4028/808/1342 4029/764/1342
f 4030/727/1343 4031/809/1343 4032/797/1343
f 4033/727/1344 4034/711/1344 4035/809/1344
f 4036/712/1345 4037/783/1345 4038/782/1345
f 4039/810/1346 4040/769/1346 4041/811/1346
f 4042/759/1347 4043/802/1347 4044/758/1347
f 4045/787/1348 4046/812/1348 4047/801/1348
s 1
f 4048/812/1349 4049/787/1349 4050/745/1349
s 0
f 4051/775/1350 4052/813/1350 4053/747/1350
f 4054/791/1351 4055/813/1351 4056/775/1351
f 4057/813/1352 4058/791/1352 4059/776/1352
f 4060/792/1353 4061/814/1353 4062/776/1353
f 4063/792/1354 4064/777/1354 4065/815/1354
f 4066/816/1355 4067/753/1355 4068/779/1355
f 4069/752/1356 4070/793/1356 4071/779/1356
f 4072/793/1357 4073/740/1357 4074/794/1357
f 4075/763/1358 4076/817/1358 4077/794/1358
f 4078/808/1359 4079/780/1359 4080/795/1359
f 4081/818/1360 4082/795/1360 4083/796/1360
f 4084/809/1361 4085/711/1361 4086/781/1361
f 4087/819/1362 4088/766/1362 4089/820/1362
f 4090/782/1363 4091/820/1363 4092/766/1363
f 4093/783/1364 4094/820/1364 4095/782/1364
f 4096/768/1365 4097/821/1365 4098/798/1365
f 4099/821/1366 4100/768/1366 4101/769/1366
f 4102/769/1367 4103/810/1367 4104/821/1367
f 4105/822/1368 4106/823/1368 4107/824/1368
f 4108/825/1369 4109/823/1369 4110/822/1369
f 4111/800/1370 4112/826/1370 4113/827/1370
f 4114/826/1371 4115/800/1371 4116/799/1371
f 4117/758/1372 4118/802/1372 4119/770/1372
f 4120/801/1373 4121/828/1373 4122/802/1373
f 4123/829/1374 4124/804/1374 4125/805/1374
f 4126/772/1375 4127/805/1375 4128/804/1375
f 4129/747/1376 4130/830/1376 4131/774/1376
f 4132/776/1377 4133/831/1377 4134/813/1377
f 4135/814/1378 4136/792/1378 4137/815/1378
f 4138/832/1379 4139/815/1379 4140/833/1379
f 4141/777/1380 4142/807/1380 4143/815/1380
f 4144/751/1381 4145/724/1381 4146/834/1381
f 4147/753/1382 4148/835/1382 4149/836/1382
f 4150/835/1383 4151/753/1383 4152/816/1383
f 4153/793/1384 4154/837/1384 4155/779/1384
f 4156/795/1385 4157/818/1385 4158/838/1385
f 4159/839/1386 4160/796/1386 4161/755/1386
f 4162/781/1387 4163/840/1387 4164/809/1387
f 4165/783/1388 4166/713/1388 4167/767/1388
f 4168/823/1389 4169/841/1389 4170/824/1389
f 4171/842/1390 4172/843/1390 4173/844/1390
f 4174/845/1391 4175/844/1391 4176/843/1391
s 1
f 4177/799/1392 4178/846/1392 4179/826/1392
s 0
f 4180/799/1393 4181/847/1393 4182/846/1393
f 4183/847/1394 4184/799/1394 4185/770/1394
f 4186/848/1395 4187/770/1395 4188/802/1395
f 4189/802/1396 4190/828/1396 4191/848/1396
f 4192/801/1397 4193/849/1397 4194/828/1397
f 4195/805/1398 4196/719/1398 4197/850/1398
f 4198/850/1399 4199/719/1399 4200/773/1399
f 4201/774/1400 4202/830/1400 4203/806/1400
f 4204/776/1401 4205/814/1401 4206/831/1401
f 4207/815/1402 4208/832/1402 4209/814/1402
f 4210/750/1403 4211/851/1403 4212/778/1403
f 4213/816/1404 4214/779/1404 4215/837/1404
f 4216/793/1405 4217/794/1405 4218/817/1405
f 4219/763/1406 4220/852/1406 4221/817/1406
f 4222/838/1407 4223/808/1407 4224/795/1407
f 4225/796/1408 4226/853/1408 4227/818/1408
s 1
f 4228/853/1409 4229/796/1409 4230/839/1409
s 0
f 4231/839/1410 4232/854/1410 4233/853/1410
f 4234/686/1411 4235/797/1411 4236/755/1411
f 4237/783/1412 4238/855/1412 4239/820/1412
f 4240/821/1413 4241/856/1413 4242/798/1413
f 4243/857/1414 4244/841/1414 4245/823/1414
f 4246/828/1415 4247/849/1415 4248/848/1415
f 4249/858/1416 4250/829/1416 4251/850/1416
f 4252/805/1417 4253/850/1417 4254/829/1417
f 4255/830/1418 4256/747/1418 4257/813/1418
f 4258/859/1419 4259/813/1419 4260/831/1419
f 4261/860/1420 4262/831/1420 4263/814/1420
f 4264/833/1421 4265/815/1421 4266/807/1421
f 4267/851/1422 4268/861/1422 4269/778/1422
f 4270/851/1423 4271/750/1423 4272/751/1423
f 4273/862/1424 4274/751/1424 4275/834/1424
f 4276/817/1425 4277/863/1425 4278/793/1425
f 4279/818/1426 4280/853/1426 4281/838/1426
f 4282/755/1427 4283/797/1427 4284/839/1427
f 4285/864/1428 4286/797/1428 4287/809/1428
f 4288/809/1429 4289/865/1429 4290/864/1429
f 4291/865/1430 4292/809/1430 4293/840/1430
f 4294/819/1431 4295/866/1431 4296/867/1431
f 4297/866/1432 4298/819/1432 4299/820/1432
f 4300/868/1433 4301/820/1433 4302/855/1433
f 4303/855/1434 4304/783/1434 4305/869/1434
f 4306/856/1435 4307/821/1435 4308/870/1435
f 4309/810/1436 4310/870/1436 4311/821/1436
f 4312/871/1437 4313/846/1437 4314/847/1437
f 4315/770/1438 4316/848/1438 4317/847/1438
f 4318/849/1439 4319/872/1439 4320/848/1439
f 4321/813/1440 4322/873/1440 4323/830/1440
f 4324/873/1441 4325/813/1441 4326/859/1441
f 4327/859/1442 4328/831/1442 4329/860/1442
f 4330/860/1443 4331/814/1443 4332/874/1443
f 4333/874/1444 4334/814/1444 4335/832/1444
f 4336/833/1445 4337/875/1445 4338/832/1445
f 4339/833/1446 4340/807/1446 4341/875/1446
f 4342/778/1447 4343/861/1447 4344/807/1447
f 4345/816/1448 4346/876/1448 4347/835/1448
f 4348/877/1449 4349/816/1449 4350/837/1449
f 4351/793/1450 4352/863/1450 4353/837/1450
f 4354/817/1451 4355/852/1451 4356/863/1451
f 4357/878/1452 4358/838/1452 4359/853/1452
f 4360/839/1453 4361/879/1453 4362/854/1453
f 4363/879/1454 4364/839/1454 4365/797/1454
f 4366/797/1455 4367/864/1455 4368/879/1455
f 4369/840/1456 4370/880/1456 4371/865/1456
f 4372/820/1457 4373/868/1457 4374/866/1457
f 4375/868/1458 4376/855/1458 4377/881/1458
f 4378/881/1459 4379/855/1459 4380/869/1459
f 4381/869/1460 4382/783/1460 4383/767/1460
s 1
f 4384/767/1461 4385/798/1461 4386/856/1461
s 0
f 4387/882/1462 4388/826/1462 4389/846/1462
f 4390/871/1463 4391/883/1463 4392/846/1463
f 4393/847/1464 4394/884/1464 4395/871/1464
f 4396/884/1465 4397/847/1465 4398/848/1465
f 4399/849/1466 4400/885/1466 4401/872/1466
f 4402/832/1467 4403/875/1467 4404/874/1467
f 4405/851/1468 4406/886/1468 4407/861/1468
f 4408/887/1469 4409/835/1469 4410/876/1469
f 4411/816/1470 4412/888/1470 4413/876/1470
f 4414/877/1471 4415/888/1471 4416/816/1471
f 4417/877/1472 4418/837/1472 4419/863/1472
f 4420/763/1473 4421/838/1473 4422/852/1473
f 4423/838/1474 4424/763/1474 4425/808/1474
f 4426/865/1475 4427/889/1475 4428/864/1475
f 4429/866/1476 4430/890/1476 4431/891/1476
f 4432/890/1477 4433/866/1477 4434/868/1477
s 1
f 4435/767/1478 4436/856/1478 4437/892/1478
s 0
f 4438/870/1479 4439/893/1479 4440/856/1479
f 4441/893/1480 4442/870/1480 4443/894/1480
f 4444/846/1481 4445/883/1481 4446/882/1481
f 4447/871/1482 4448/884/1482 4449/883/1482
f 4450/884/1483 4451/848/1483 4452/872/1483
f 4453/895/1484 4454/858/1484 4455/850/1484
f 4456/873/1485 4457/896/1485 4458/830/1485
f 4459/897/1486 4460/873/1486 4461/859/1486
s 1
f 4462/859/1487 4463/860/1487 4464/897/1487
s 0
f 4465/898/1488 4466/860/1488 4467/874/1488
f 4468/898/1489 4469/874/1489 4470/875/1489
f 4471/875/1490 4472/807/1490 4473/899/1490
f 4474/899/1491 4475/807/1491 4476/861/1491
f 4477/851/1492 4478/751/1492 4479/862/1492
f 4480/888/1493 4481/877/1493 4482/863/1493
f 4483/900/1494 4484/838/1494 4485/878/1494
f 4486/878/1495 4487/853/1495 4488/854/1495
f 4489/901/1496 4490/879/1496 4491/864/1496
f 4492/864/1497 4493/902/1497 4494/901/1497
f 4495/864/1498 4496/889/1498 4497/902/1498
f 4498/865/1499 4499/880/1499 4500/889/1499
f 4501/903/1500 4502/880/1500 4503/904/1500
f 4504/891/1501 4505/890/1501 4506/905/1501
f 4507/890/1502 4508/868/1502 4509/906/1502
f 4510/906/1503 4511/868/1503 4512/881/1503
f 4513/907/1504 4514/881/1504 4515/869/1504
f 4516/856/1505 4517/908/1505 4518/892/1505
f 4519/908/1506 4520/856/1506 4521/893/1506
f 4522/894/1507 4523/909/1507 4524/893/1507
f 4525/872/1508 4526/910/1508 4527/884/1508
f 4528/885/1509 4529/910/1509 4530/872/1509
f 4531/911/1510 4532/912/1510 4533/913/1510
f 4534/911/1511 4535/914/1511 4536/912/1511
f 4537/915/1512 4538/916/1512 4539/896/1512
f 4540/873/1513 4541/897/1513 4542/896/1513
f 4543/875/1514 4544/899/1514 4545/898/1514
f 4546/887/1515 4547/876/1515 4548/888/1515
f 4549/863/1516 4550/917/1516 4551/888/1516
f 4552/917/1517 4553/863/1517 4554/852/1517
f 4555/879/1518 4556/901/1518 4557/854/1518
f 4558/880/1519 4559/918/1519 4560/889/1519
f 4561/918/1520 4562/880/1520 4563/903/1520
f 4564/904/1521 4565/919/1521 4566/903/1521
f 4567/907/1522 4568/869/1522 4569/920/1522
f 4570/920/1523 4571/869/1523 4572/767/1523
f 4573/920/1524 4574/767/1524 4575/892/1524
f 4576/921/1525 4577/893/1525 4578/909/1525
f 4579/895/1526 4580/850/1526 4581/922/1526
f 4582/923/1527 4583/922/1527 4584/850/1527
f 4585/922/1528 4586/923/1528 4587/913/1528
f 4588/898/1529 4589/897/1529 4590/860/1529
f 4591/924/1530 4592/899/1530 4593/861/1530
f 4594/924/1531 4595/861/1531 4596/886/1531
f 4597/862/1532 4598/834/1532 4599/925/1532
f 4600/888/1533 4601/917/1533 4602/887/1533
f 4603/838/1534 4604/900/1534 4605/852/1534
f 4606/926/1535 4607/878/1535 4608/854/1535
f 4609/854/1536 4610/901/1536 4611/926/1536
f 4612/903/1537 4613/919/1537 4614/918/1537
f 4615/906/1538 4616/881/1538 4617/907/1538
f 4618/927/1539 4619/908/1539 4620/893/1539
f 4621/928/1540 4622/882/1540 4623/883/1540
f 4624/910/1541 4625/929/1541 4626/930/1541
f 4627/912/1542 4628/922/1542 4629/913/1542
f 4630/912/1543 4631/914/1543 4632/931/1543
f 4633/851/1544 4634/932/1544 4635/886/1544
f 4636/862/1545 4637/933/1545 4638/851/1545
f 4639/934/1546 4640/862/1546 4641/925/1546
f 4642/852/1547 4643/935/1547 4644/917/1547
f 4645/935/1548 4646/852/1548 4647/900/1548
f 4648/900/1549 4649/936/1549 4650/935/1549
f 4651/878/1550 4652/937/1550 4653/900/1550
f 4654/878/1551 4655/926/1551 4656/937/1551
f 4657/889/1552 4658/938/1552 4659/902/1552
f 4660/889/1553 4661/939/1553 4662/938/1553
f 4663/940/1554 4664/918/1554 4665/919/1554
f 4666/941/1555 4667/906/1555 4668/942/1555
f 4669/942/1556 4670/906/1556 4671/907/1556
f 4672/892/1557 4673/908/1557 4674/927/1557
f 4675/943/1558 4676/927/1558 4677/893/1558
f 4678/943/1559 4679/893/1559 4680/921/1559
f 4681/910/1560 4682/930/1560 4683/944/1560
f 4684/945/1561 4685/922/1561 4686/912/1561
f 4687/931/1562 4688/896/1562 4689/897/1562
f 4690/897/1563 4691/898/1563 4692/946/1563
f 4693/899/1564 4694/946/1564 4695/898/1564
f 4696/936/1565 4697/900/1565 4698/937/1565
f 4699/901/1566 4700/947/1566 4701/926/1566
f 4702/947/1567 4703/901/1567 4704/902/1567
f 4705/902/1568 4706/938/1568 4707/947/1568
f 4708/948/1569 4709/889/1569 4710/918/1569
f 4711/941/1570 4712/949/1570 4713/950/1570
f 4714/941/1571 4715/942/1571 4716/949/1571
f 4717/927/1572 4718/951/1572 4719/892/1572
f 4720/951/1573 4721/927/1573 4722/943/1573
f 4723/952/1574 4724/953/1574 4725/928/1574
f 4726/930/1575 4727/929/1575 4728/954/1575
f 4729/955/1576 4730/895/1576 4731/922/1576
f 4732/912/1577 4733/931/1577 4734/945/1577
f 4735/897/1578 4736/956/1578 4737/931/1578
f 4738/957/1579 4739/899/1579 4740/924/1579
f 4741/886/1580 4742/958/1580 4743/924/1580
f 4744/958/1581 4745/886/1581 4746/932/1581
f 4747/851/1582 4748/959/1582 4749/932/1582
f 4750/862/1583 4751/934/1583 4752/933/1583
f 4753/917/1584 4754/935/1584 4755/960/1584
s 1
f 4756/936/1585 4757/961/1585 4758/935/1585
s 0
f 4759/947/1586 4760/962/1586 4761/926/1586
f 4762/918/1587 4763/940/1587 4764/948/1587
f 4765/907/1588 4766/920/1588 4767/942/1588
f 4768/943/1589 4769/963/1589 4770/951/1589
f 4771/963/1590 4772/943/1590 4773/921/1590
f 4774/964/1591 4775/965/1591 4776/966/1591
f 4777/967/1592 4778/968/1592 4779/928/1592
f 4780/930/1593 4781/954/1593 4782/969/1593
f 4783/969/1594 4784/954/1594 4785/970/1594
f 4786/922/1595 4787/945/1595 4788/955/1595
f 4789/971/1596 4790/897/1596 4791/946/1596
f 4792/946/1597 4793/972/1597 4794/971/1597
f 4795/899/1598 4796/957/1598 4797/946/1598
s 1
f 4798/851/1599 4799/933/1599 4800/959/1599
s 0
f 4801/937/1600 4802/973/1600 4803/936/1600
f 4804/926/1601 4805/962/1601 4806/937/1601
f 4807/947/1602 4808/938/1602 4809/962/1602
f 4810/974/1603 4811/948/1603 4812/940/1603
f 4813/975/1604 4814/892/1604 4815/951/1604
f 4816/952/1605 4817/976/1605 4818/977/1605
f 4819/928/1606 4820/976/1606 4821/952/1606
f 4822/976/1607 4823/928/1607 4824/968/1607
s 1
f 4825/967/1608 4826/978/1608 4827/968/1608
s 0
f 4828/979/1609 4829/978/1609 4830/967/1609
f 4831/980/1610 4832/981/1610 4833/930/1610
f 4834/969/1611 4835/980/1611 4836/930/1611
f 4837/982/1612 4838/969/1612 4839/970/1612
f 4840/983/1613 4841/984/1613 4842/985/1613
f 4843/955/1614 4844/986/1614 4845/987/1614
f 4846/986/1615 4847/955/1615 4848/945/1615
f 4849/945/1616 4850/931/1616 4851/988/1616
f 4852/956/1617 4853/988/1617 4854/931/1617
f 4855/897/1618 4856/971/1618 4857/956/1618
s 1
f 4858/924/1619 4859/958/1619 4860/957/1619
s 0
f 4861/989/1620 4862/958/1620 4863/932/1620
f 4864/925/1621 4865/990/1621 4866/934/1621
f 4867/991/1622 4868/887/1622 4869/917/1622
f 4870/936/1623 4871/992/1623 4872/961/1623
f 4873/992/1624 4874/936/1624 4875/973/1624
f 4876/973/1625 4877/937/1625 4878/993/1625
f 4879/993/1626 4880/937/1626 4881/962/1626
f 4882/938/1627 4883/994/1627 4884/962/1627
f 4885/938/1628 4886/939/1628 4887/994/1628
f 4888/889/1629 4889/948/1629 4890/939/1629
f 4891/995/1630 4892/948/1630 4893/974/1630
f 4894/951/1631 4895/963/1631 4896/975/1631
f 4897/996/1632 4898/997/1632 4899/998/1632
f 4900/966/1633 4901/999/1633 4902/996/1633
f 4903/999/1634 4904/966/1634 4905/965/1634
f 4906/1000/1635 4907/965/1635 4908/1001/1635
f 4909/1002/1636 4910/977/1636 4911/976/1636
f 4912/978/1637 4913/979/1637 4914/1003/1637
f 4915/981/1638 4916/1003/1638 4917/979/1638
f 4918/969/1639 4919/1004/1639 4920/980/1639
f 4921/1004/1640 4922/969/1640 4923/982/1640
f 4924/984/1641 4925/1005/1641 4926/970/1641
f 4927/983/1642 4928/1006/1642 4929/984/1642
f 4930/1007/1643 4931/987/1643 4932/986/1643
f 4933/945/1644 4934/1008/1644 4935/986/1644
f 4936/988/1645 4937/1008/1645 4938/945/1645
f 4939/946/1646 4940/957/1646 4941/972/1646
f 4942/989/1647 4943/932/1647 4944/959/1647
f 4945/934/1648 4946/1009/1648 4947/933/1648
f 4948/1010/1649 4949/887/1649 4950/991/1649
f 4951/935/1650 4952/961/1650 4953/960/1650
f 4954/939/1651 4955/948/1651 4956/995/1651
f 4957/920/1652 4958/1011/1652 4959/1012/1652
f 4960/975/1653 4961/1013/1653 4962/1014/1653
f 4963/1013/1654 4964/975/1654 4965/1015/1654
f 4966/1015/1655 4967/975/1655 4968/963/1655
f 4969/1016/1656 4970/998/1656 4971/997/1656
f 4972/1017/1657 4973/996/1657 4974/999/1657
s 1
f 4975/965/1658 4976/1000/1658 4977/999/1658
s 0
f 4978/1002/1659 4979/1018/1659 4980/1001/1659
f 4981/976/1660 4982/968/1660 4983/978/1660
s 1
f 4984/1003/1661 4985/1019/1661 4986/978/1661
s 0
f 4987/970/1662 4988/1005/1662 4989/982/1662
f 4990/1006/1663 4991/1020/1663 4992/984/1663
f 4993/986/1664 4994/1021/1664 4995/1007/1664
f 4996/1021/1665 4997/986/1665 4998/1008/1665
f 4999/1022/1666 5000/1008/1666 5001/988/1666
f 5002/988/1667 5003/1023/1667 5004/1022/1667
f 5005/988/1668 5006/956/1668 5007/1024/1668
f 5008/1024/1669 5009/956/1669 5010/971/1669
f 5011/933/1670 5012/1009/1670 5013/959/1670
f 5014/934/1671 5015/1025/1671 5016/1009/1671
f 5017/925/1672 5018/1026/1672 5019/990/1672
f 5020/991/1673 5021/917/1673 5022/960/1673
f 5023/973/1674 5024/1027/1674 5025/992/1674
f 5026/1027/1675 5027/973/1675 5028/993/1675
f 5029/1028/1676 5030/962/1676 5031/994/1676
f 5032/1029/1677 5033/939/1677 5034/995/1677
f 5035/1030/1678 5036/1012/1678 5037/1011/1678
f 5038/920/1679 5039/1031/1679 5040/1011/1679
f 5041/1032/1680 5042/1014/1680 5043/1013/1680
f 5044/1033/1681 5045/1016/1681 5046/997/1681
f 5047/996/1682 5048/1017/1682 5049/997/1682
f 5050/1000/1683 5051/1034/1683 5052/999/1683
f 5053/1001/1684 5054/1034/1684 5055/1000/1684
f 5056/1001/1685 5057/1018/1685 5058/1034/1685
f 5059/978/1686 5060/1035/1686 5061/976/1686
f 5062/1036/1687 5063/978/1687 5064/1019/1687
f 5065/984/1688 5066/1020/1688 5067/1037/1688
f 5068/971/1689 5069/1038/1689 5070/1024/1689
f 5071/971/1690 5072/972/1690 5073/1038/1690
f 5074/1039/1691 5075/972/1691 5076/957/1691
f 5077/1025/1692 5078/934/1692 5079/990/1692
f 5080/1040/1693 5081/991/1693 5082/960/1693
f 5083/992/1694 5084/960/1694 5085/961/1694
f 5086/1041/1695 5087/993/1695 5088/962/1695
f 5089/1041/1696 5090/962/1696 5091/1028/1696
f 5092/1042/1697 5093/1030/1697 5094/1043/1697
f 5095/1013/1698 5096/1044/1698 5097/1032/1698
f 5098/963/1699 5099/1045/1699 5100/1015/1699
f 5101/1002/1700 5102/1046/1700 5103/1047/1700
f 5104/1046/1701 5105/1002/1701 5106/976/1701
f 5107/1035/1702 5108/978/1702 5109/1036/1702
f 5110/1003/1703 5111/1048/1703 5112/1019/1703
f 5113/981/1704 5114/1048/1704 5115/1003/1704
s 1
f 5116/1048/1705 5117/981/1705 5118/1049/1705
s 0
f 5119/984/1706 5120/1037/1706 5121/1005/1706
f 5122/1020/1707 5123/1050/1707 5124/1037/1707
f 5125/1051/1708 5126/1021/1708 5127/1008/1708
f 5128/1008/1709 5129/1022/1709 5130/1051/1709
f 5131/1023/1710 5132/988/1710 5133/1024/1710
f 5134/957/1711 5135/958/1711 5136/1039/1711
f 5137/1010/1712 5138/1052/1712 5139/1053/1712
f 5140/1052/1713 5141/1010/1713 5142/991/1713
f 5143/1040/1714 5144/960/1714 5145/992/1714
f 5146/993/1715 5147/1041/1715 5148/1027/1715
f 5149/994/1716 5150/1054/1716 5151/1028/1716
f 5152/1054/1717 5153/994/1717 5154/939/1717
f 5155/939/1718 5156/1029/1718 5157/1054/1718
f 5158/1055/1719 5159/1029/1719 5160/995/1719
f 5161/1031/1720 5162/1030/1720 5163/1011/1720
f 5164/1013/1721 5165/1056/1721 5166/1044/1721
f 5167/1056/1722 5168/1013/1722 5169/1015/1722
f 5170/1056/1723 5171/1015/1723 5172/1045/1723
f 5173/1033/1724 5174/997/1724 5175/1017/1724
f 5176/1046/1725 5177/976/1725 5178/1035/1725
s 1
f 5179/1036/1726 5180/1019/1726 5181/1048/1726
s 0
f 5182/1005/1727 5183/1057/1727 5184/1049/1727
f 5185/1057/1728 5186/1005/1728 5187/1037/1728
f 5188/1022/1729 5189/1058/1729 5190/1051/1729
f 5191/1022/1730 5192/1059/1730 5193/1058/1730
f 5194/1059/1731 5195/1022/1731 5196/1023/1731
f 5197/1024/1732 5198/1038/1732 5199/1023/1732
f 5200/1039/1733 5201/958/1733 5202/989/1733
f 5203/1060/1734 5204/959/1734 5205/1009/1734
f 5206/1061/1735 5207/992/1735 5208/1027/1735
s 1
f 5209/1061/1736 5210/1027/1736 5211/1062/1736
s 0
f 5212/1062/1737 5213/1027/1737 5214/1041/1737
f 5215/1041/1738 5216/1028/1738 5217/1054/1738
f 5218/1063/1739 5219/1054/1739 5220/1029/1739
f 5221/1063/1740 5222/1029/1740 5223/1055/1740
f 5224/1030/1741 5225/1064/1741 5226/1043/1741
f 5227/1065/1742 5228/1044/1742 5229/1056/1742
f 5230/1033/1743 5231/1017/1743 5232/999/1743
f 5233/999/1744 5234/1066/1744 5235/1033/1744
f 5236/1066/1745 5237/999/1745 5238/1067/1745
f 5239/1068/1746 5240/1069/1746 5241/1070/1746
f 5242/1047/1747 5243/1070/1747 5244/1069/1747
f 5245/1070/1748 5246/1047/1748 5247/1046/1748
f 5248/1035/1749 5249/1036/1749 5250/1046/1749
f 5251/1071/1750 5252/1049/1750 5253/1072/1750
f 5254/1072/1751 5255/1049/1751 5256/1057/1751
f 5257/1073/1752 5258/1038/1752 5259/972/1752
f 5260/1073/1753 5261/972/1753 5262/1039/1753
f 5263/1074/1754 5264/989/1754 5265/959/1754
f 5266/1060/1755 5267/1075/1755 5268/959/1755
f 5269/1060/1756 5270/1009/1756 5271/1025/1756
f 5272/1026/1757 5273/1076/1757 5274/990/1757
f 5275/991/1758 5276/1040/1758 5277/1052/1758
f 5278/992/1759 5279/1077/1759 5280/1040/1759
f 5281/992/1760 5282/1061/1760 5283/1077/1760
f 5284/1041/1761 5285/1078/1761 5286/1062/1761
f 5287/1054/1762 5288/1078/1762 5289/1041/1762
f 5290/1079/1763 5291/1055/1763 5292/1080/1763
f 5293/1064/1764 5294/1030/1764 5295/1031/1764
f 5296/1081/1765 5297/1031/1765 5298/1082/1765
f 5299/1083/1766 5300/1084/1766 5301/1085/1766
f 5302/1046/1767 5303/1086/1767 5304/1070/1767
f 5305/1086/1768 5306/1046/1768 5307/1036/1768
f 5308/1086/1769 5309/1036/1769 5310/1048/1769
f 5311/1049/1770 5312/1087/1770 5313/1048/1770
f 5314/1071/1771 5315/1087/1771 5316/1049/1771
f 5317/1037/1772 5318/1088/1772 5319/1057/1772
f 5320/1051/1773 5321/1058/1773 5322/1089/1773
f 5323/1090/1774 5324/1058/1774 5325/1059/1774
f 5326/1059/1775 5327/1091/1775 5328/1090/1775
f 5329/1091/1776 5330/1059/1776 5331/1023/1776
f 5332/1023/1777 5333/1038/1777 5334/1092/1777
f 5335/989/1778 5336/1093/1778 5337/1039/1778
f 5338/959/1779 5339/1094/1779 5340/1074/1779
f 5341/1061/1780 5342/1095/1780 5343/1077/1780
f 5344/1061/1781 5345/1096/1781 5346/1095/1781
f 5347/1096/1782 5348/1061/1782 5349/1062/1782
s 1
f 5350/1063/1783 5351/1078/1783 5352/1054/1783
f 5353/1055/1784 5354/1097/1784 5355/1063/1784
s 0
f 5356/1079/1785 5357/1098/1785 5358/1055/1785
f 5359/1099/1786 5360/1085/1786 5361/1084/1786
f 5362/1033/1787 5363/1066/1787 5364/1083/1787
f 5365/1070/1788 5366/1100/1788 5367/1068/1788
f 5368/1086/1789 5369/1048/1789 5370/1101/1789
f 5371/1102/1790 5372/1087/1790 5373/1071/1790
f 5374/1071/1791 5375/1103/1791 5376/1102/1791
f 5377/1103/1792 5378/1071/1792 5379/1072/1792
f 5380/1088/1793 5381/1072/1793 5382/1057/1793
f 5383/1058/1794 5384/1090/1794 5385/1089/1794
f 5386/1023/1795 5387/1092/1795 5388/1091/1795
f 5389/1038/1796 5390/1104/1796 5391/1092/1796
f 5392/1073/1797 5393/1104/1797 5394/1038/1797
f 5395/1039/1798 5396/1093/1798 5397/1073/1798
f 5398/1074/1799 5399/1093/1799 5400/989/1799
f 5401/1093/1800 5402/1074/1800 5403/1094/1800
f 5404/959/1801 5405/1075/1801 5406/1094/1801
f 5407/1025/1802 5408/1105/1802 5409/1060/1802
f 5410/1106/1803 5411/1025/1803 5412/990/1803
f 5413/1107/1804 5414/1077/1804 5415/1095/1804
f 5416/1078/1805 5417/1108/1805 5418/1062/1805
f 5419/1097/1806 5420/1078/1806 5421/1063/1806
f 5422/1055/1807 5423/1098/1807 5424/1097/1807
f 5425/1098/1808 5426/1079/1808 5427/1109/1808
f 5428/1031/1809 5429/1110/1809 5430/1064/1809
f 5431/1110/1810 5432/1031/1810 5433/1081/1810
f 5434/1083/1811 5435/1066/1811 5436/1084/1811
f 5437/1070/1812 5438/1086/1812 5439/1100/1812
f 5440/1101/1813 5441/1111/1813 5442/1086/1813
f 5443/1087/1814 5444/1101/1814 5445/1048/1814
f 5446/1103/1815 5447/1112/1815 5448/1102/1815
f 5449/1088/1816 5450/1113/1816 5451/1072/1816
f 5452/1114/1817 5453/1091/1817 5454/1092/1817
f 5455/1092/1818 5456/1104/1818 5457/1115/1818
f 5458/1105/1819 5459/1116/1819 5460/1060/1819
f 5461/1117/1820 5462/1105/1820 5463/1025/1820
f 5464/1025/1821 5465/1106/1821 5466/1117/1821
f 5467/1106/1822 5468/990/1822 5469/1076/1822
f 5470/1118/1823 5471/1053/1823 5472/1052/1823
f 5473/1077/1824 5474/1119/1824 5475/1040/1824
f 5476/1096/1825 5477/1120/1825 5478/1095/1825
f 5479/1062/1826 5480/1108/1826 5481/1096/1826
f 5482/1078/1827 5483/1121/1827 5484/1108/1827
f 5485/1122/1828 5486/1097/1828 5487/1098/1828
f 5488/1123/1829 5489/1124/1829 5490/1125/1829
f 5491/1126/1830 5492/1099/1830 5493/1084/1830
f 5494/1126/1831 5495/1084/1831 5496/1066/1831
f 5497/1127/1832 5498/1102/1832 5499/1112/1832
f 5500/1112/1833 5501/1103/1833 5502/1072/1833
f 5503/1113/1834 5504/1128/1834 5505/1072/1834
f 5506/1091/1835 5507/1114/1835 5508/1090/1835
f 5509/1092/1836 5510/1115/1836 5511/1114/1836
f 5512/1104/1837 5513/1073/1837 5514/1129/1837
f 5515/1093/1838 5516/1129/1838 5517/1073/1838
f 5518/1130/1839 5519/1094/1839 5520/1075/1839
f 5521/1060/1840 5522/1131/1840 5523/1075/1840
f 5524/1131/1841 5525/1060/1841 5526/1116/1841
f 5527/1117/1842 5528/1116/1842 5529/1105/1842
f 5530/1040/1843 5531/1132/1843 5532/1052/1843
f 5533/1040/1844 5534/1119/1844 5535/1132/1844
f 5536/1107/1845 5537/1119/1845 5538/1077/1845
f 5539/1095/1846 5540/1119/1846 5541/1107/1846
f 5542/1095/1847 5543/1120/1847 5544/1119/1847
f 5545/1096/1848 5546/1133/1848 5547/1120/1848
f 5548/1096/1849 5549/1108/1849 5550/1133/1849
f 5551/1078/1850 5552/1134/1850 5553/1121/1850
f 5554/1134/1851 5555/1078/1851 5556/1097/1851
f 5557/1098/1852 5558/1109/1852 5559/1135/1852
f 5560/1110/1853 5561/1136/1853 5562/1064/1853
f 5563/1081/1854 5564/1137/1854 5565/1110/1854
f 5566/1082/1855 5567/1138/1855 5568/1081/1855
f 5569/1139/1856 5570/1140/1856 5571/1126/1856
f 5572/1099/1857 5573/1126/1857 5574/1140/1857
f 5575/1141/1858 5576/1100/1858 5577/1142/1858
f 5578/1086/1859 5579/1142/1859 5580/1100/1859
f 5581/1112/1860 5582/1143/1860 5583/1127/1860
f 5584/1144/1861 5585/1112/1861 5586/1072/1861
f 5587/1144/1862 5588/1072/1862 5589/1128/1862
f 5590/1145/1863 5591/1115/1863 5592/1104/1863
f 5593/1146/1864 5594/1104/1864 5595/1129/1864
f 5596/1129/1865 5597/1093/1865 5598/1094/1865
f 5599/1147/1866 5600/1094/1866 5601/1130/1866
f 5602/1131/1867 5603/1116/1867 5604/1117/1867
f 5605/1148/1868 5606/1117/1868 5607/1106/1868
f 5608/1149/1869 5609/1106/1869 5610/1076/1869
f 5611/1150/1870 5612/1133/1870 5613/1108/1870
f 5614/1108/1871 5615/1151/1871 5616/1150/1871
f 5617/1151/1872 5618/1108/1872 5619/1121/1872
f 5620/1121/1873 5621/1152/1873 5622/1151/1873
f 5623/1122/1874 5624/1098/1874 5625/1153/1874
f 5626/1135/1875 5627/1153/1875 5628/1098/1875
f 5629/1135/1876 5630/1109/1876 5631/1154/1876
f 5632/1109/1877 5633/1155/1877 5634/1154/1877
f 5635/1110/1878 5636/1156/1878 5637/1136/1878
f 5638/1157/1879 5639/1125/1879 5640/1124/1879
f 5641/1126/1880 5642/1158/1880 5643/1139/1880
f 5644/1086/1881 5645/1159/1881 5646/1142/1881
f 5647/1086/1882 5648/1160/1882 5649/1159/1882
f 5650/1160/1883 5651/1086/1883 5652/1111/1883
f 5653/1161/1884 5654/1111/1884 5655/1162/1884
f 5656/1112/1885 5657/1144/1885 5658/1143/1885
f 5659/1128/1886 5660/1163/1886 5661/1144/1886
f 5662/1164/1887 5663/1089/1887 5664/1090/1887
f 5665/1090/1888 5666/1165/1888 5667/1164/1888
f 5668/1165/1889 5669/1090/1889 5670/1114/1889
f 5671/1166/1890 5672/1129/1890 5673/1167/1890
f 5674/1094/1891 5675/1167/1891 5676/1129/1891
f 5677/1168/1892 5678/1094/1892 5679/1147/1892
f 5680/1075/1893 5681/1131/1893 5682/1169/1893
f 5683/1170/1894 5684/1131/1894 5685/1117/1894
f 5686/1052/1895 5687/1132/1895 5688/1118/1895
f 5689/1120/1896 5690/1171/1896 5691/1119/1896
f 5692/1171/1897 5693/1120/1897 5694/1133/1897
f 5695/1151/1898 5696/1172/1898 5697/1150/1898
f 5698/1151/1899 5699/1152/1899 5700/1172/1899
f 5701/1121/1900 5702/1173/1900 5703/1152/1900
f 5704/1173/1901 5705/1121/1901 5706/1134/1901
f 5707/1097/1902 5708/1174/1902 5709/1134/1902
f 5710/1122/1903 5711/1174/1903 5712/1097/1903
f 5713/1138/1904 5714/1175/1904 5715/1137/1904
f 5716/1157/1905 5717/1176/1905 5718/1177/1905
f 5719/1176/1906 5720/1157/1906 5721/1124/1906
f 5722/1176/1907 5723/1124/1907 5724/1178/1907
f 5725/1126/1908 5726/1179/1908 5727/1158/1908
f 5728/1180/1909 5729/1141/1909 5730/1142/1909
f 5731/1161/1910 5732/1181/1910 5733/1111/1910
f 5734/1165/1911 5735/1114/1911 5736/1115/1911
f 5737/1115/1912 5738/1182/1912 5739/1165/1912
f 5740/1182/1913 5741/1115/1913 5742/1145/1913
f 5743/1104/1914 5744/1146/1914 5745/1145/1914
f 5746/1129/1915 5747/1183/1915 5748/1146/1915
f 5749/1183/1916 5750/1129/1916 5751/1166/1916
f 5752/1184/1917 5753/1167/1917 5754/1094/1917
f 5755/1184/1918 5756/1094/1918 5757/1168/1918
f 5758/1168/1919 5759/1147/1919 5760/1185/1919
f 5761/1130/1920 5762/1185/1920 5763/1147/1920
f 5764/1185/1921 5765/1130/1921 5766/1186/1921
f 5767/1117/1922 5768/1148/1922 5769/1170/1922
f 5770/1148/1923 5771/1106/1923 5772/1149/1923
f 5773/1171/1924 5774/1133/1924 5775/1187/1924
f 5776/1150/1925 5777/1187/1925 5778/1133/1925
f 5779/1134/1926 5780/1174/1926 5781/1173/1926
f 5782/1174/1927 5783/1122/1927 5784/1153/1927
f 5785/1135/1928 5786/1188/1928 5787/1153/1928
f 5788/1188/1929 5789/1135/1929 5790/1189/1929
f 5791/1154/1930 5792/1189/1930 5793/1135/1930
f 5794/1189/1931 5795/1154/1931 5796/1155/1931
f 5797/1190/1932 5798/1177/1932 5799/1176/1932
f 5800/1176/1933 5801/1191/1933 5802/1190/1933
f 5803/1178/1934 5804/1140/1934 5805/1139/1934
f 5806/1139/1935 5807/1192/1935 5808/1178/1935
s 1
f 5809/1165/1936 5810/1193/1936 5811/1164/1936
s 0
f 5812/1182/1937 5813/1145/1937 5814/1194/1937
f 5815/1146/1938 5816/1194/1938 5817/1145/1938
f 5818/1195/1939 5819/1146/1939 5820/1183/1939
f 5821/1166/1940 5822/1196/1940 5823/1183/1940
f 5824/1196/1941 5825/1166/1941 5826/1167/1941
f 5827/1196/1942 5828/1167/1942 5829/1184/1942
f 5830/1130/1943 5831/1197/1943 5832/1186/1943
f 5833/1075/1944 5834/1197/1944 5835/1130/1944
f 5836/1197/1945 5837/1075/1945 5838/1169/1945
f 5839/1169/1946 5840/1131/1946 5841/1170/1946
f 5842/1198/1947 5843/1118/1947 5844/1132/1947
f 5845/1187/1948 5846/1150/1948 5847/1199/1948
f 5848/1172/1949 5849/1199/1949 5850/1150/1949
f 5851/1152/1950 5852/1199/1950 5853/1172/1950
f 5854/1199/1951 5855/1152/1951 5856/1200/1951
f 5857/1173/1952 5858/1200/1952 5859/1152/1952
f 5860/1200/1953 5861/1173/1953 5862/1174/1953
f 5863/1153/1954 5864/1188/1954 5865/1174/1954
f 5866/1201/1955 5867/1156/1955 5868/1202/1955
f 5869/1177/1956 5870/1190/1956 5871/1203/1956
f 5872/1139/1957 5873/1158/1957 5874/1192/1957
f 5875/1159/1958 5876/1204/1958 5877/1142/1958
f 5878/1181/1959 5879/1160/1959 5880/1111/1959
f 5881/1205/1960 5882/1164/1960 5883/1193/1960
f 5884/1193/1961 5885/1165/1961 5886/1206/1961
f 5887/1206/1962 5888/1165/1962 5889/1182/1962
f 5890/1194/1963 5891/1146/1963 5892/1195/1963
f 5893/1183/1964 5894/1207/1964 5895/1195/1964
f 5896/1207/1965 5897/1183/1965 5898/1196/1965
f 5899/1184/1966 5900/1208/1966 5901/1196/1966
f 5902/1168/1967 5903/1208/1967 5904/1184/1967
f 5905/1209/1968 5906/1168/1968 5907/1185/1968
f 5908/1186/1969 5909/1209/1969 5910/1185/1969
f 5911/1197/1970 5912/1210/1970 5913/1186/1970
f 5914/1169/1971 5915/1211/1971 5916/1197/1971
f 5917/1200/1972 5918/1174/1972 5919/1212/1972
f 5920/1174/1973 5921/1188/1973 5922/1212/1973
f 5923/1189/1974 5924/1213/1974 5925/1188/1974
f 5926/1214/1975 5927/1215/1975 5928/1203/1975
f 5929/1158/1976 5930/1179/1976 5931/1192/1976
f 5932/1160/1977 5933/1216/1977 5934/1159/1977
f 5935/1182/1978 5936/1194/1978 5937/1217/1978
f 5938/1217/1979 5939/1194/1979 5940/1195/1979
f 5941/1195/1980 5942/1218/1980 5943/1217/1980
f 5944/1219/1981 5945/1196/1981 5946/1208/1981
f 5947/1219/1982 5948/1208/1982 5949/1168/1982
f 5950/1168/1983 5951/1209/1983 5952/1219/1983
f 5953/1210/1984 5954/1197/1984 5955/1211/1984
f 5956/1169/1985 5957/1170/1985 5958/1211/1985
s 1
f 5959/1149/1986 5960/1220/1986 5961/1148/1986
s 0
f 5962/1221/1987 5963/1198/1987 5964/1132/1987
f 5965/1119/1988 5966/1171/1988 5967/1132/1988
s 1
f 5968/1187/1989 5969/1222/1989 5970/1171/1989
f 5971/1199/1990 5972/1222/1990 5973/1187/1990
s 0
f 5974/1200/1991 5975/1212/1991 5976/1223/1991
f 5977/1188/1992 5978/1224/1992 5979/1212/1992
f 5980/1175/1993 5981/1214/1993 5982/1225/1993
f 5983/1190/1994 5984/1226/1994 5985/1203/1994
f 5986/1190/1995 5987/1227/1995 5988/1226/1995
f 5989/1227/1996 5990/1190/1996 5991/1191/1996
f 5992/1227/1997 5993/1191/1997 5994/1176/1997
f 5995/1228/1998 5996/1176/1998 5997/1178/1998
f 5998/1204/1999 5999/1159/1999 6000/1216/1999
f 6001/1193/2000 6002/1206/2000 6003/1205/2000
f 6004/1182/2001 6005/1229/2001 6006/1206/2001
f 6007/1229/2002 6008/1182/2002 6009/1217/2002
f 6010/1218/2003 6011/1195/2003 6012/1207/2003
f 6013/1207/2004 6014/1196/2004 6015/1218/2004
f 6016/1218/2005 6017/1196/2005 6018/1219/2005
f 6019/1210/2006 6020/1209/2006 6021/1186/2006
f 6022/1230/2007 6023/1211/2007 6024/1170/2007
f 6025/1148/2008 6026/1220/2008 6027/1170/2008
f 6028/1132/2009 6029/1171/2009 6030/1231/2009
f 6031/1200/2010 6032/1232/2010 6033/1199/2010
f 6034/1200/2011 6035/1223/2011 6036/1232/2011
f 6037/1223/2012 6038/1212/2012 6039/1224/2012
f 6040/1224/2013 6041/1188/2013 6042/1213/2013
f 6043/1214/2014 6044/1233/2014 6045/1225/2014
f 6046/1203/2015 6047/1234/2015 6048/1214/2015
f 6049/1234/2016 6050/1203/2016 6051/1226/2016
f 6052/1227/2017 6053/1176/2017 6054/1228/2017
f 6055/1228/2018 6056/1178/2018 6057/1192/2018
f 6058/1235/2019 6059/1192/2019 6060/1179/2019
f 6061/1236/2020 6062/1237/2020 6063/1179/2020
f 6064/1204/2021 6065/1238/2021 6066/1239/2021
f 6067/1240/2022 6068/1241/2022 6069/1242/2022
f 6070/1206/2023 6071/1243/2023 6072/1205/2023
f 6073/1243/2024 6074/1206/2024 6075/1229/2024
f 6076/1229/2025 6077/1217/2025 6078/1218/2025
f 6079/1210/2026 6080/1219/2026 6081/1209/2026
f 6082/1230/2027 6083/1210/2027 6084/1211/2027
f 6085/1231/2028 6086/1171/2028 6087/1222/2028
f 6088/1222/2029 6089/1199/2029 6090/1232/2029
f 6091/1223/2030 6092/1244/2030 6093/1232/2030
f 6094/1245/2031 6095/1224/2031 6096/1213/2031
f 6097/1246/2032 6098/1247/2032 6099/1248/2032
f 6100/1227/2033 6101/1249/2033 6102/1226/2033
f 6103/1227/2034 6104/1228/2034 6105/1249/2034
f 6106/1192/2035 6107/1235/2035 6108/1228/2035
f 6109/1250/2036 6110/1235/2036 6111/1179/2036
f 6112/1251/2037 6113/1179/2037 6114/1237/2037
f 6115/1239/2038 6116/1237/2038 6117/1236/2038
f 6118/1252/2039 6119/1239/2039 6120/1238/2039
f 6121/1204/2040 6122/1253/2040 6123/1238/2040
f 6124/1253/2041 6125/1204/2041 6126/1216/2041
f 6127/1216/2042 6128/1254/2042 6129/1253/2042
f 6130/1210/2043 6131/1255/2043 6132/1219/2043
f 6133/1255/2044 6134/1210/2044 6135/1230/2044
f 6136/1230/2045 6137/1170/2045 6138/1256/2045
f 6139/1170/2046 6140/1220/2046 6141/1256/2046
f 6142/1257/2047 6143/1222/2047 6144/1232/2047
f 6145/1258/2048 6146/1232/2048 6147/1244/2048
f 6148/1259/2049 6149/1244/2049 6150/1223/2049
f 6151/1259/2050 6152/1223/2050 6153/1224/2050
f 6154/1259/2051 6155/1224/2051 6156/1245/2051
f 6157/1213/2052 6158/1260/2052 6159/1245/2052
f 6160/1247/2053 6161/1246/2053 6162/1261/2053
f 6163/1261/2054 6164/1246/2054 6165/1262/2054
f 6166/1202/2055 6167/1262/2055 6168/1246/2055
f 6169/1226/2056 6170/1249/2056 6171/1234/2056
f 6172/1179/2057 6173/1251/2057 6174/1250/2057
f 6175/1239/2058 6176/1263/2058 6177/1237/2058
f 6178/1263/2059 6179/1239/2059 6180/1252/2059
f 6181/1264/2060 6182/1238/2060 6183/1253/2060
f 6184/1265/2061 6185/1266/2061 6186/1267/2061
f 6187/1266/2062 6188/1265/2062 6189/1268/2062
f 6190/1240/2063 6191/1269/2063 6192/1270/2063
f 6193/1271/2064 6194/1243/2064 6195/1229/2064
f 6196/1218/2065 6197/1255/2065 6198/1229/2065
f 6199/1255/2066 6200/1218/2066 6201/1219/2066
f 6202/1272/2067 6203/1221/2067 6204/1132/2067
f 6205/1232/2068 6206/1258/2068 6207/1257/2068
f 6208/1259/2069 6209/1273/2069 6210/1244/2069
f 6211/1262/2070 6212/1274/2070 6213/1261/2070
f 6214/1214/2071 6215/1275/2071 6216/1233/2071
f 6217/1275/2072 6218/1214/2072 6219/1234/2072
f 6220/1249/2073 6221/1276/2073 6222/1234/2073
f 6223/1254/2074 6224/1277/2074 6225/1253/2074
s 1
f 6226/1266/2075 6227/1268/2075 6228/1267/2075
s 0
f 6229/1269/2076 6230/1268/2076 6231/1270/2076
f 6232/1278/2077 6233/1230/2077 6234/1256/2077
f 6235/1149/2078 6236/1279/2078 6237/1220/2078
f 6238/1272/2079 6239/1132/2079 6240/1231/2079
f 6241/1222/2080 6242/1257/2080 6243/1280/2080
f 6244/1260/2081 6245/1281/2081 6246/1245/2081
f 6247/1282/2082 6248/1283/2082 6249/1247/2082
f 6250/1284/2083 6251/1225/2083 6252/1233/2083
f 6253/1285/2084 6254/1234/2084 6255/1276/2084
f 6256/1235/2085 6257/1249/2085 6258/1228/2085
f 6259/1251/2086 6260/1286/2086 6261/1250/2086
f 6262/1237/2087 6263/1287/2087 6264/1251/2087
f 6265/1237/2088 6266/1288/2088 6267/1287/2088
f 6268/1237/2089 6269/1289/2089 6270/1288/2089
f 6271/1289/2090 6272/1237/2090 6273/1263/2090
f 6274/1289/2091 6275/1263/2091 6276/1290/2091
f 6277/1263/2092 6278/1291/2092 6279/1290/2092
f 6280/1291/2093 6281/1263/2093 6282/1252/2093
s 1
f 6283/1292/2094 6284/1252/2094 6285/1238/2094
s 0
f 6286/1292/2095 6287/1238/2095 6288/1293/2095
f 6289/1294/2096 6290/1295/2096 6291/1269/2096
f 6292/1271/2097 6293/1296/2097 6294/1243/2097
f 6295/1297/2098 6296/1255/2098 6297/1230/2098
f 6298/1221/2099 6299/1298/2099 6300/1198/2099
f 6301/1272/2100 6302/1298/2100 6303/1221/2100
f 6304/1299/2101 6305/1231/2101 6306/1222/2101
f 6307/1244/2102 6308/1300/2102 6309/1258/2102
f 6310/1273/2103 6311/1300/2103 6312/1244/2103
f 6313/1281/2104 6314/1259/2104 6315/1245/2104
f 6316/1301/2105 6317/1274/2105 6318/1262/2105
f 6319/1284/2106 6320/1233/2106 6321/1275/2106
f 6322/1234/2107 6323/1285/2107 6324/1275/2107
f 6325/1276/2108 6326/1249/2108 6327/1235/2108
f 6328/1289/2109 6329/1290/2109 6330/1288/2109
f 6331/1277/2110 6332/1302/2110 6333/1253/2110
f 6334/1303/2111 6335/1304/2111 6336/1267/2111
f 6337/1305/2112 6338/1243/2112 6339/1296/2112
f 6340/1229/2113 6341/1306/2113 6342/1271/2113
f 6343/1297/2114 6344/1230/2114 6345/1278/2114
f 6346/1307/2115 6347/1278/2115 6348/1256/2115
f 6349/1307/2116 6350/1256/2116 6351/1220/2116
f 6352/1198/2117 6353/1298/2117 6354/1308/2117
f 6355/1222/2118 6356/1309/2118 6357/1299/2118
f 6358/1273/2119 6359/1310/2119 6360/1300/2119
f 6361/1310/2120 6362/1273/2120 6363/1259/2120
s 1
f 6364/1281/2121 6365/1311/2121 6366/1312/2121
s 0
f 6367/1284/2122 6368/1313/2122 6369/1225/2122
f 6370/1287/2123 6371/1288/2123 6372/1314/2123
f 6373/1290/2124 6374/1314/2124 6375/1288/2124
f 6376/1229/2125 6377/1315/2125 6378/1306/2125
f 6379/1229/2126 6380/1316/2126 6381/1315/2126
f 6382/1316/2127 6383/1229/2127 6384/1255/2127
f 6385/1255/2128 6386/1297/2128 6387/1317/2128
f 6388/1272/2129 6389/1231/2129 6390/1299/2129
f 6391/1222/2130 6392/1280/2130 6393/1309/2130
f 6394/1318/2131 6395/1257/2131 6396/1258/2131
f 6397/1258/2132 6398/1319/2132 6399/1318/2132
f 6400/1319/2133 6401/1258/2133 6402/1300/2133
f 6403/1300/2134 6404/1320/2134 6405/1319/2134
f 6406/1310/2135 6407/1321/2135 6408/1300/2135
f 6409/1310/2136 6410/1259/2136 6411/1281/2136
f 6412/1322/2137 6413/1285/2137 6414/1276/2137
f 6415/1276/2138 6416/1323/2138 6417/1322/2138
f 6418/1323/2139 6419/1276/2139 6420/1235/2139
f 6421/1323/2140 6422/1235/2140 6423/1250/2140
f 6424/1286/2141 6425/1251/2141 6426/1287/2141
f 6427/1286/2142 6428/1287/2142 6429/1314/2142
f 6430/1314/2143 6431/1290/2143 6432/1324/2143
f 6433/1291/2144 6434/1324/2144 6435/1290/2144
f 6436/1325/2145 6437/1326/2145 6438/1324/2145
f 6439/1326/2146 6440/1325/2146 6441/1327/2146
f 6442/1326/2147 6443/1327/2147 6444/1328/2147
f 6445/1305/2148 6446/1329/2148 6447/1330/2148
f 6448/1329/2149 6449/1305/2149 6450/1331/2149
f 6451/1296/2150 6452/1331/2150 6453/1305/2150
f 6454/1296/2151 6455/1271/2151 6456/1332/2151
f 6457/1306/2152 6458/1332/2152 6459/1271/2152
f 6460/1255/2153 6461/1317/2153 6462/1316/2153
f 6463/1333/2154 6464/1297/2154 6465/1278/2154
f 6466/1334/2155 6467/1272/2155 6468/1299/2155
f 6469/1299/2156 6470/1335/2156 6471/1334/2156
f 6472/1335/2157 6473/1299/2157 6474/1309/2157
f 6475/1309/2158 6476/1336/2158 6477/1335/2158
f 6478/1337/2159 6479/1280/2159 6480/1257/2159
f 6481/1257/2160 6482/1318/2160 6483/1337/2160
f 6484/1320/2161 6485/1300/2161 6486/1321/2161
f 6487/1281/2162 6488/1312/2162 6489/1310/2162
f 6490/1311/2163 6491/1338/2163 6492/1339/2163
f 6493/1340/2164 6494/1284/2164 6495/1341/2164
f 6496/1341/2165 6497/1284/2165 6498/1275/2165
f 6499/1341/2166 6500/1275/2166 6501/1285/2166
f 6502/1286/2167 6503/1342/2167 6504/1343/2167
f 6505/1342/2168 6506/1286/2168 6507/1314/2168
f 6508/1314/2169 6509/1344/2169 6510/1342/2169
f 6511/1344/2170 6512/1314/2170 6513/1324/2170
f 6514/1345/2171 6515/1253/2171 6516/1302/2171
f 6517/1329/2172 6518/1346/2172 6519/1330/2172
f 6520/1346/2173 6521/1329/2173 6522/1331/2173
f 6523/1331/2174 6524/1296/2174 6525/1332/2174
f 6526/1306/2175 6527/1347/2175 6528/1332/2175
f 6529/1347/2176 6530/1306/2176 6531/1348/2176
f 6532/1348/2177 6533/1306/2177 6534/1315/2177
f 6535/1349/2178 6536/1278/2178 6537/1307/2178
f 6538/1307/2179 6539/1350/2179 6540/1349/2179
f 6541/1350/2180 6542/1307/2180 6543/1351/2180
f 6544/1352/2181 6545/1298/2181 6546/1272/2181
f 6547/1272/2182 6548/1334/2182 6549/1352/2182
f 6550/1280/2183 6551/1353/2183 6552/1309/2183
f 6553/1280/2184 6554/1337/2184 6555/1353/2184
f 6556/1354/2185 6557/1312/2185 6558/1355/2185
f 6559/1311/2186 6560/1355/2186 6561/1312/2186
f 6562/1355/2187 6563/1311/2187 6564/1339/2187
f 6565/1338/2188 6566/1356/2188 6567/1339/2188
f 6568/1285/2189 6569/1322/2189 6570/1341/2189
f 6571/1357/2190 6572/1286/2190 6573/1343/2190
f 6574/1358/2191 6575/1343/2191 6576/1342/2191
f 6577/1328/2192 6578/1359/2192 6579/1326/2192
f 6580/1360/2193 6581/1346/2193 6582/1331/2193
f 6583/1331/2194 6584/1361/2194 6585/1360/2194
f 6586/1361/2195 6587/1331/2195 6588/1332/2195
f 6589/1361/2196 6590/1332/2196 6591/1347/2196
f 6592/1316/2197 6593/1362/2197 6594/1315/2197
f 6595/1362/2198 6596/1316/2198 6597/1363/2198
f 6598/1317/2199 6599/1363/2199 6600/1316/2199
f 6601/1364/2200 6602/1317/2200 6603/1297/2200
f 6604/1364/2201 6605/1297/2201 6606/1333/2201
f 6607/1278/2202 6608/1349/2202 6609/1333/2202
f 6610/1352/2203 6611/1308/2203 6612/1298/2203
f 6613/1352/2204 6614/1334/2204 6615/1365/2204
f 6616/1365/2205 6617/1334/2205 6618/1335/2205
f 6619/1335/2206 6620/1336/2206 6621/1353/2206
f 6622/1309/2207 6623/1353/2207 6624/1336/2207
s 1
f 6625/1318/2208 6626/1319/2208 6627/1366/2208
s 0
f 6628/1366/2209 6629/1319/2209 6630/1367/2209
f 6631/1320/2210 6632/1367/2210 6633/1319/2210
f 6634/1367/2211 6635/1320/2211 6636/1321/2211
f 6637/1310/2212 6638/1368/2212 6639/1321/2212
f 6640/1368/2213 6641/1310/2213 6642/1369/2213
f 6643/1312/2214 6644/1369/2214 6645/1310/2214
f 6646/1354/2215 6647/1355/2215 6648/1339/2215
f 6649/1356/2216 6650/1370/2216 6651/1339/2216
f 6652/1338/2217 6653/1371/2217 6654/1356/2217
f 6655/1340/2218 6656/1341/2218 6657/1372/2218
f 6658/1372/2219 6659/1341/2219 6660/1322/2219
f 6661/1250/2220 6662/1373/2220 6663/1323/2220
f 6664/1286/2221 6665/1357/2221 6666/1250/2221
f 6667/1342/2222 6668/1374/2222 6669/1358/2222
f 6670/1374/2223 6671/1342/2223 6672/1375/2223
f 6673/1375/2224 6674/1342/2224 6675/1344/2224
f 6676/1324/2225 6677/1376/2225 6678/1344/2225
f 6679/1377/2226 6680/1324/2226 6681/1326/2226
f 6682/1345/2227 6683/1302/2227 6684/1378/2227
f 6685/1379/2228 6686/1380/2228 6687/1381/2228
f 6688/1360/2229 6689/1361/2229 6690/1347/2229
f 6691/1348/2230 6692/1382/2230 6693/1347/2230
f 6694/1315/2231 6695/1383/2231 6696/1348/2231
f 6697/1383/2232 6698/1315/2232 6699/1362/2232
f 6700/1363/2233 6701/1384/2233 6702/1362/2233
f 6703/1385/2234 6704/1363/2234 6705/1317/2234
f 6706/1386/2235 6707/1349/2235 6708/1350/2235
f 6709/1387/2236 6710/1337/2236 6711/1318/2236
f 6712/1321/2237 6713/1388/2237 6714/1367/2237
f 6715/1339/2238 6716/1389/2238 6717/1354/2238
f 6718/1390/2239 6719/1370/2239 6720/1356/2239
f 6721/1391/2240 6722/1356/2240 6723/1371/2240
f 6724/1371/2241 6725/1392/2241 6726/1391/2241
f 6727/1372/2242 6728/1393/2242 6729/1340/2242
f 6730/1393/2243 6731/1372/2243 6732/1322/2243
f 6733/1394/2244 6734/1250/2244 6735/1357/2244
f 6736/1343/2245 6737/1358/2245 6738/1357/2245
f 6739/1395/2246 6740/1344/2246 6741/1376/2246
s 1
f 6742/1376/2247 6743/1396/2247 6744/1395/2247
s 0
f 6745/1376/2248 6746/1324/2248 6747/1377/2248
f 6748/1326/2249 6749/1359/2249 6750/1377/2249
f 6751/1347/2250 6752/1382/2250 6753/1360/2250
f 6754/1348/2251 6755/1383/2251 6756/1382/2251
f 6757/1362/2252 6758/1384/2252 6759/1383/2252
f 6760/1397/2253 6761/1363/2253 6762/1385/2253
f 6763/1385/2254 6764/1317/2254 6765/1364/2254
f 6766/1351/2255 6767/1398/2255 6768/1350/2255
f 6769/1351/2256 6770/1399/2256 6771/1400/2256
f 6772/1352/2257 6773/1401/2257 6774/1308/2257
f 6775/1401/2258 6776/1352/2258 6777/1365/2258
f 6778/1365/2259 6779/1335/2259 6780/1353/2259
f 6781/1387/2260 6782/1402/2260 6783/1337/2260
f 6784/1387/2261 6785/1318/2261 6786/1366/2261
f 6787/1366/2262 6788/1403/2262 6789/1387/2262
f 6790/1403/2263 6791/1366/2263 6792/1367/2263
f 6793/1388/2264 6794/1368/2264 6795/1369/2264
f 6796/1390/2265 6797/1356/2265 6798/1391/2265
f 6799/1323/2266 6800/1373/2266 6801/1322/2266
s 1
f 6802/1358/2267 6803/1404/2267 6804/1357/2267
s 0
f 6805/1404/2268 6806/1358/2268 6807/1395/2268
s 1
f 6808/1374/2269 6809/1395/2269 6810/1358/2269
s 0
f 6811/1375/2270 6812/1395/2270 6813/1374/2270
f 6814/1395/2271 6815/1375/2271 6816/1344/2271
f 6817/1376/2272 6818/1377/2272 6819/1396/2272
f 6820/1405/2273 6821/1345/2273 6822/1378/2273
f 6823/1378/2274 6824/1406/2274 6825/1405/2274
f 6826/1407/2275 6827/1408/2275 6828/1381/2275
f 6829/1360/2276 6830/1409/2276 6831/1410/2276
f 6832/1360/2277 6833/1411/2277 6834/1409/2277
f 6835/1411/2278 6836/1360/2278 6837/1382/2278
f 6838/1382/2279 6839/1383/2279 6840/1411/2279
f 6841/1384/2280 6842/1397/2280 6843/1383/2280
f 6844/1397/2281 6845/1384/2281 6846/1363/2281
f 6847/1412/2282 6848/1397/2282 6849/1385/2282
f 6850/1364/2283 6851/1413/2283 6852/1385/2283
f 6853/1364/2284 6854/1333/2284 6855/1413/2284
f 6856/1414/2285 6857/1333/2285 6858/1349/2285
s 1
f 6859/1415/2286 6860/1386/2286 6861/1350/2286
s 0
f 6862/1400/2287 6863/1398/2287 6864/1351/2287
f 6865/1399/2288 6866/1416/2288 6867/1400/2288
f 6868/1365/2289 6869/1417/2289 6870/1401/2289
f 6871/1365/2290 6872/1418/2290 6873/1417/2290
f 6874/1353/2291 6875/1418/2291 6876/1365/2291
f 6877/1353/2292 6878/1419/2292 6879/1418/2292
f 6880/1419/2293 6881/1353/2293 6882/1337/2293
f 6883/1337/2294 6884/1402/2294 6885/1419/2294
f 6886/1420/2295 6887/1402/2295 6888/1387/2295
f 6889/1403/2296 6890/1421/2296 6891/1387/2296
f 6892/1367/2297 6893/1422/2297 6894/1403/2297
f 6895/1423/2298 6896/1370/2298 6897/1390/2298
f 6898/1322/2299 6899/1424/2299 6900/1393/2299
f 6901/1322/2300 6902/1373/2300 6903/1424/2300
f 6904/1250/2301 6905/1425/2301 6906/1373/2301
f 6907/1357/2302 6908/1404/2302 6909/1394/2302
f 6910/1426/2303 6911/1395/2303 6912/1396/2303
f 6913/1427/2304 6914/1428/2304 6915/1405/2304
f 6916/1381/2305 6917/1429/2305 6918/1407/2305
f 6919/1381/2306 6920/1430/2306 6921/1429/2306
f 6922/1430/2307 6923/1381/2307 6924/1380/2307
f 6925/1431/2308 6926/1432/2308 6927/1433/2308
f 6928/1409/2309 6929/1411/2309 6930/1434/2309
f 6931/1383/2310 6932/1435/2310 6933/1411/2310
f 6934/1385/2311 6935/1413/2311 6936/1412/2311
f 6937/1333/2312 6938/1436/2312 6939/1413/2312
f 6940/1414/2313 6941/1349/2313 6942/1386/2313
f 6943/1415/2314 6944/1350/2314 6945/1437/2314
f 6946/1398/2315 6947/1437/2315 6948/1350/2315
f 6949/1437/2316 6950/1398/2316 6951/1400/2316
f 6952/1418/2317 6953/1438/2317 6954/1417/2317
f 6955/1439/2318 6956/1419/2318 6957/1402/2318
f 6958/1402/2319 6959/1440/2319 6960/1439/2319
f 6961/1402/2320 6962/1420/2320 6963/1440/2320
f 6964/1421/2321 6965/1420/2321 6966/1387/2321
f 6967/1403/2322 6968/1422/2322 6969/1421/2322
f 6970/1390/2323 6971/1441/2323 6972/1423/2323
f 6973/1390/2324 6974/1391/2324 6975/1441/2324
f 6976/1392/2325 6977/1442/2325 6978/1443/2325
f 6979/1444/2326 6980/1393/2326 6981/1424/2326
f 6982/1425/2327 6983/1250/2327 6984/1394/2327
f 6985/1395/2328 6986/1426/2328 6987/1404/2328
f 6988/1396/2329 6989/1445/2329 6990/1426/2329
f 6991/1359/2330 6992/1446/2330 6993/1377/2330
f 6994/1447/2331 6995/1359/2331 6996/1428/2331
f 6997/1405/2332 6998/1448/2332 6999/1427/2332
f 7000/1448/2333 7001/1405/2333 7002/1406/2333
f 7003/1406/2334 7004/1378/2334 7005/1449/2334
s 1
f 7006/1450/2335 7007/1451/2335 7008/1452/2335
s 0
f 7009/1409/2336 7010/1453/2336 7011/1410/2336
f 7012/1435/2337 7013/1383/2337 7014/1397/2337
f 7015/1413/2338 7016/1436/2338 7017/1412/2338
f 7018/1386/2339 7019/1454/2339 7020/1414/2339
f 7021/1455/2340 7022/1415/2340 7023/1437/2340
f 7024/1456/2341 7025/1308/2341 7026/1401/2341
f 7027/1438/2342 7028/1418/2342 7029/1419/2342
f 7030/1420/2343 7031/1457/2343 7032/1440/2343
f 7033/1421/2344 7034/1457/2344 7035/1420/2344
f 7036/1458/2345 7037/1459/2345 7038/1460/2345
f 7039/1391/2346 7040/1461/2346 7041/1441/2346
f 7042/1461/2347 7043/1391/2347 7044/1392/2347
f 7045/1392/2348 7046/1443/2348 7047/1461/2348
f 7048/1444/2349 7049/1424/2349 7050/1373/2349
f 7051/1426/2350 7052/1462/2350 7053/1404/2350
f 7054/1426/2351 7055/1445/2351 7056/1462/2351
f 7057/1445/2352 7058/1396/2352 7059/1377/2352
f 7060/1377/2353 7061/1463/2353 7062/1445/2353
f 7063/1359/2354 7064/1447/2354 7065/1446/2354
f 7066/1464/2355 7067/1465/2355 7068/1466/2355
f 7069/1464/2356 7070/1453/2356 7071/1465/2356
f 7072/1453/2357 7073/1464/2357 7074/1410/2357
s 1
f 7075/1409/2358 7076/1467/2358 7077/1453/2358
s 0
f 7078/1467/2359 7079/1409/2359 7080/1434/2359
f 7081/1434/2360 7082/1468/2360 7083/1467/2360
f 7084/1411/2361 7085/1468/2361 7086/1434/2361
f 7087/1411/2362 7088/1435/2362 7089/1469/2362
f 7090/1470/2363 7091/1397/2363 7092/1412/2363
f 7093/1333/2364 7094/1414/2364 7095/1436/2364
f 7096/1454/2365 7097/1386/2365 7098/1415/2365
f 7099/1455/2366 7100/1437/2366 7101/1471/2366
f 7102/1400/2367 7103/1471/2367 7104/1437/2367
f 7105/1471/2368 7106/1400/2368 7107/1416/2368
f 7108/1416/2369 7109/1472/2369 7110/1471/2369
f 7111/1473/2370 7112/1401/2370 7113/1417/2370
f 7114/1474/2371 7115/1439/2371 7116/1440/2371
f 7117/1440/2372 7118/1457/2372 7119/1475/2372
s 1
f 7120/1421/2373 7121/1475/2373 7122/1457/2373
s 0
f 7123/1475/2374 7124/1421/2374 7125/1476/2374
f 7126/1458/2375 7127/1460/2375 7128/1477/2375
f 7129/1441/2376 7130/1461/2376 7131/1478/2376
f 7132/1479/2377 7133/1444/2377 7134/1480/2377
f 7135/1480/2378 7136/1444/2378 7137/1373/2378
f 7138/1481/2379 7139/1482/2379 7140/1449/2379
f 7141/1482/2380 7142/1481/2380 7143/1407/2380
f 7144/1482/2381 7145/1407/2381 7146/1429/2381
f 7147/1482/2382 7148/1429/2382 7149/1483/2382
f 7150/1484/2383 7151/1485/2383 7152/1466/2383
f 7153/1484/2384 7154/1466/2384 7155/1465/2384
f 7156/1468/2385 7157/1486/2385 7158/1467/2385
f 7159/1486/2386 7160/1468/2386 7161/1411/2386
f 7162/1411/2387 7163/1469/2387 7164/1486/2387
f 7165/1397/2388 7166/1470/2388 7167/1435/2388
f 7168/1414/2389 7169/1487/2389 7170/1436/2389
f 7171/1414/2390 7172/1454/2390 7173/1487/2390
f 7174/1455/2391 7175/1488/2391 7176/1415/2391
f 7177/1472/2392 7178/1416/2392 7179/1489/2392
f 7180/1490/2393 7181/1489/2393 7182/1416/2393
f 7183/1491/2394 7184/1492/2394 7185/1490/2394
f 7186/1493/2395 7187/1456/2395 7188/1401/2395
f 7189/1473/2396 7190/1417/2396 7191/1494/2396
f 7192/1494/2397 7193/1417/2397 7194/1438/2397
f 7195/1419/2398 7196/1495/2398 7197/1438/2398
f 7198/1419/2399 7199/1474/2399 7200/1495/2399
f 7201/1474/2400 7202/1419/2400 7203/1439/2400
f 7204/1475/2401 7205/1496/2401 7206/1440/2401
f 7207/1475/2402 7208/1476/2402 7209/1496/2402
f 7210/1497/2403 7211/1441/2403 7212/1478/2403
f 7213/1461/2404 7214/1498/2404 7215/1478/2404
f 7216/1498/2405 7217/1461/2405 7218/1443/2405
f 7219/1499/2406 7220/1394/2406 7221/1404/2406
f 7222/1404/2407 7223/1500/2407 7224/1499/2407
f 7225/1500/2408 7226/1404/2408 7227/1462/2408
f 7228/1445/2409 7229/1463/2409 7230/1462/2409
f 7231/1377/2410 7232/1446/2410 7233/1463/2410
f 7234/1427/2411 7235/1501/2411 7236/1428/2411
f 7237/1406/2412 7238/1502/2412 7239/1448/2412
f 7240/1502/2413 7241/1406/2413 7242/1449/2413
f 7243/1482/2414 7244/1483/2414 7245/1503/2414
f 7246/1504/2415 7247/1450/2415 7248/1505/2415
f 7249/1452/2416 7250/1505/2416 7251/1450/2416
f 7252/1465/2417 7253/1506/2417 7254/1484/2417
f 7255/1469/2418 7256/1507/2418 7257/1486/2418
f 7258/1508/2419 7259/1412/2419 7260/1436/2419
f 7261/1488/2420 7262/1454/2420 7263/1415/2420
f 7264/1488/2421 7265/1455/2421 7266/1509/2421
f 7267/1509/2422 7268/1455/2422 7269/1471/2422
f 7270/1471/2423 7271/1510/2423 7272/1509/2423
f 7273/1510/2424 7274/1471/2424 7275/1472/2424
f 7276/1472/2425 7277/1511/2425 7278/1510/2425
f 7279/1401/2426 7280/1473/2426 7281/1493/2426
f 7282/1438/2427 7283/1495/2427 7284/1494/2427
f 7285/1440/2428 7286/1496/2428 7287/1474/2428
f 7288/1512/2429 7289/1496/2429 7290/1476/2429
f 7291/1513/2430 7292/1514/2430 7293/1515/2430
f 7294/1514/2431 7295/1477/2431 7296/1497/2431
f 7297/1516/2432 7298/1497/2432 7299/1478/2432
f 7300/1517/2433 7301/1478/2433 7302/1498/2433
f 7303/1443/2434 7304/1517/2434 7305/1498/2434
f 7306/1518/2435 7307/1443/2435 7308/1442/2435
f 7309/1462/2436 7310/1519/2436 7311/1500/2436
s 1
f 7312/1462/2437 7313/1463/2437 7314/1519/2437
s 0
f 7315/1520/2438 7316/1463/2438 7317/1446/2438
f 7318/1501/2439 7319/1447/2439 7320/1428/2439
f 7321/1427/2440 7322/1502/2440 7323/1501/2440
f 7324/1502/2441 7325/1427/2441 7326/1448/2441
f 7327/1521/2442 7328/1502/2442 7329/1449/2442
f 7330/1522/2443 7331/1523/2443 7332/1505/2443
f 7333/1484/2444 7334/1506/2444 7335/1523/2444
f 7336/1524/2445 7337/1453/2445 7338/1467/2445
f 7339/1524/2446 7340/1467/2446 7341/1486/2446
f 7342/1470/2447 7343/1525/2447 7344/1435/2447
f 7345/1526/2448 7346/1470/2448 7347/1412/2448
f 7348/1412/2449 7349/1508/2449 7350/1526/2449
f 7351/1436/2450 7352/1527/2450 7353/1508/2450
f 7354/1436/2451 7355/1487/2451 7356/1527/2451
f 7357/1509/2452 7358/1510/2452 7359/1488/2452
f 7360/1511/2453 7361/1472/2453 7362/1489/2453
f 7363/1490/2454 7364/1492/2454 7365/1489/2454
f 7366/1495/2455 7367/1474/2455 7368/1496/2455
f 7369/1515/2456 7370/1514/2456 7371/1528/2456
f 7372/1528/2457 7373/1514/2457 7374/1529/2457
f 7375/1529/2458 7376/1514/2458 7377/1497/2458
f 7378/1530/2459 7379/1517/2459 7380/1443/2459
f 7381/1530/2460 7382/1443/2460 7383/1518/2460
f 7384/1531/2461 7385/1480/2461 7386/1373/2461
f 7387/1531/2462 7388/1373/2462 7389/1425/2462
f 7390/1394/2463 7391/1499/2463 7392/1425/2463
f 7393/1500/2464 7394/1532/2464 7395/1533/2464
f 7396/1532/2465 7397/1500/2465 7398/1519/2465
f 7399/1463/2466 7400/1534/2466 7401/1519/2466
f 7402/1535/2467 7403/1446/2467 7404/1447/2467
f 7405/1536/2468 7406/1447/2468 7407/1501/2468
f 7408/1523/2469 7409/1537/2469 7410/1505/2469
f 7411/1538/2470 7412/1506/2470 7413/1465/2470
f 7414/1538/2471 7415/1465/2471 7416/1453/2471
f 7417/1469/2472 7418/1539/2472 7419/1507/2472
f 7420/1435/2473 7421/1539/2473 7422/1469/2473
f 7423/1540/2474 7424/1525/2474 7425/1470/2474
f 7426/1540/2475 7427/1470/2475 7428/1526/2475
f 7429/1510/2476 7430/1541/2476 7431/1488/2476
f 7432/1511/2477 7433/1541/2477 7434/1510/2477
f 7435/1492/2478 7436/1542/2478 7437/1489/2478
f 7438/1493/2479 7439/1473/2479 7440/1543/2479
f 7441/1544/2480 7442/1473/2480 7443/1494/2480
f 7444/1545/2481 7445/1495/2481 7446/1496/2481
s 1
f 7447/1546/2482 7448/1496/2482 7449/1512/2482
s 0
f 7450/1547/2483 7451/1515/2483 7452/1528/2483
f 7453/1548/2484 7454/1528/2484 7455/1529/2484
f 7456/1497/2485 7457/1549/2485 7458/1529/2485
f 7459/1549/2486 7460/1497/2486 7461/1516/2486
f 7462/1516/2487 7463/1478/2487 7464/1517/2487
f 7465/1479/2488 7466/1550/2488 7467/1518/2488
f 7468/1479/2489 7469/1480/2489 7470/1550/2489
f 7471/1500/2490 7472/1533/2490 7473/1499/2490
f 7474/1532/2491 7475/1519/2491 7476/1534/2491
f 7477/1463/2492 7478/1551/2492 7479/1534/2492
f 7480/1551/2493 7481/1463/2493 7482/1520/2493
f 7483/1446/2494 7484/1535/2494 7485/1520/2494
f 7486/1535/2495 7487/1447/2495 7488/1536/2495
f 7489/1501/2496 7490/1552/2496 7491/1536/2496
f 7492/1501/2497 7493/1502/2497 7494/1552/2497
f 7495/1553/2498 7496/1502/2498 7497/1521/2498
f 7498/1523/2499 7499/1554/2499 7500/1537/2499
f 7501/1554/2500 7502/1523/2500 7503/1506/2500
f 7504/1506/2501 7505/1538/2501 7506/1554/2501
f 7507/1538/2502 7508/1453/2502 7509/1524/2502
f 7510/1524/2503 7511/1486/2503 7512/1507/2503
f 7513/1555/2504 7514/1539/2504 7515/1435/2504
f 7516/1555/2505 7517/1435/2505 7518/1525/2505
f 7519/1525/2506 7520/1556/2506 7521/1555/2506
s 1
f 7522/1556/2507 7523/1525/2507 7524/1540/2507
s 0
f 7525/1489/2508 7526/1541/2508 7527/1511/2508
f 7528/1542/2509 7529/1492/2509 7530/1557/2509
f 7531/1473/2510 7532/1558/2510 7533/1543/2510
f 7534/1544/2511 7535/1558/2511 7536/1473/2511
f 7537/1559/2512 7538/1494/2512 7539/1495/2512
f 7540/1560/2513 7541/1547/2513 7542/1528/2513
f 7543/1516/2514 7544/1517/2514 7545/1530/2514
f 7546/1499/2515 7547/1561/2515 7548/1425/2515
f 7549/1561/2516 7550/1499/2516 7551/1533/2516
f 7552/1562/2517 7553/1533/2517 7554/1532/2517
f 7555/1534/2518 7556/1563/2518 7557/1532/2518
f 7558/1564/2519 7559/1565/2519 7560/1505/2519
f 7561/1564/2520 7562/1505/2520 7563/1537/2520
f 7564/1554/2521 7565/1538/2521 7566/1537/2521
f 7567/1507/2522 7568/1539/2522 7569/1524/2522
f 7570/1555/2523 7571/1566/2523 7572/1539/2523
f 7573/1567/2524 7574/1540/2524 7575/1526/2524
f 7576/1526/2525 7577/1508/2525 7578/1567/2525
f 7579/1568/2526 7580/1508/2526 7581/1527/2526
f 7582/1487/2527 7583/1568/2527 7584/1527/2527
f 7585/1569/2528 7586/1487/2528 7587/1454/2528
f 7588/1488/2529 7589/1570/2529 7590/1454/2529
f 7591/1570/2530 7592/1488/2530 7593/1541/2530
f 7594/1489/2531 7595/1571/2531 7596/1541/2531
f 7597/1571/2532 7598/1489/2532 7599/1542/2532
f 7600/1572/2533 7601/1542/2533 7602/1557/2533
f 7603/1558/2534 7604/1544/2534 7605/1494/2534
f 7606/1559/2535 7607/1495/2535 7608/1545/2535
f 7609/1545/2536 7610/1573/2536 7611/1559/2536
f 7612/1560/2537 7613/1528/2537 7614/1548/2537
f 7615/1529/2538 7616/1574/2538 7617/1548/2538
f 7618/1574/2539 7619/1529/2539 7620/1549/2539
f 7621/1575/2540 7622/1530/2540 7623/1518/2540
f 7624/1561/2541 7625/1533/2541 7626/1562/2541
f 7627/1562/2542 7628/1532/2542 7629/1563/2542
f 7630/1534/2543 7631/1551/2543 7632/1563/2543
f 7633/1520/2544 7634/1535/2544 7635/1551/2544
f 7636/1502/2545 7637/1576/2545 7638/1552/2545
f 7639/1576/2546 7640/1502/2546 7641/1553/2546
f 7642/1577/2547 7643/1565/2547 7644/1564/2547
f 7645/1564/2548 7646/1537/2548 7647/1538/2548
f 7648/1578/2549 7649/1538/2549 7650/1524/2549
f 7651/1578/2550 7652/1524/2550 7653/1539/2550
f 7654/1539/2551 7655/1566/2551 7656/1578/2551
f 7657/1566/2552 7658/1555/2552 7659/1556/2552
f 7660/1566/2553 7661/1556/2553 7662/1540/2553
f 7663/1508/2554 7664/1568/2554 7665/1567/2554
f 7666/1571/2555 7667/1542/2555 7668/1572/2555
f 7669/1579/2556 7670/1558/2556 7671/1494/2556
f 7672/1559/2557 7673/1580/2557 7674/1494/2557
f 7675/1573/2558 7676/1545/2558 7677/1496/2558
f 7678/1573/2559 7679/1496/2559 7680/1581/2559
f 7681/1581/2560 7682/1496/2560 7683/1546/2560
f 7684/1560/2561 7685/1582/2561 7686/1583/2561
f 7687/1574/2562 7688/1549/2562 7689/1516/2562
s 1
f 7690/1584/2563 7691/1516/2563 7692/1530/2563
s 0
f 7693/1584/2564 7694/1530/2564 7695/1575/2564
f 7696/1480/2565 7697/1585/2565 7698/1550/2565
f 7699/1586/2566 7700/1561/2566 7701/1562/2566
f 7702/1563/2567 7703/1551/2567 7704/1562/2567
f 7705/1587/2568 7706/1551/2568 7707/1535/2568
f 7708/1535/2569 7709/1588/2569 7710/1589/2569
f 7711/1536/2570 7712/1588/2570 7713/1535/2570
f 7714/1536/2571 7715/1552/2571 7716/1588/2571
f 7717/1590/2572 7718/1552/2572 7719/1576/2572
f 7720/1564/2573 7721/1538/2573 7722/1591/2573
f 7723/1592/2574 7724/1566/2574 7725/1540/2574
f 7726/1592/2575 7727/1540/2575 7728/1567/2575
f 7729/1592/2576 7730/1567/2576 7731/1568/2576
f 7732/1541/2577 7733/1571/2577 7734/1570/2577
f 7735/1593/2578 7736/1493/2578 7737/1543/2578
f 7738/1558/2579 7739/1579/2579 7740/1543/2579
f 7741/1494/2580 7742/1594/2580 7743/1579/2580
f 7744/1559/2581 7745/1595/2581 7746/1580/2581
f 7747/1573/2582 7748/1595/2582 7749/1559/2582
f 7750/1581/2583 7751/1596/2583 7752/1573/2583
f 7753/1597/2584 7754/1560/2584 7755/1548/2584
f 7756/1597/2585 7757/1548/2585 7758/1574/2585
f 7759/1516/2586 7760/1584/2586 7761/1574/2586
f 7762/1518/2587 7763/1550/2587 7764/1575/2587
f 7765/1425/2588 7766/1598/2588 7767/1531/2588
f 7768/1598/2589 7769/1425/2589 7770/1561/2589
f 7771/1598/2590 7772/1561/2590 7773/1586/2590
f 7774/1586/2591 7775/1562/2591 7776/1587/2591
f 7777/1551/2592 7778/1587/2592 7779/1562/2592
f 7780/1535/2593 7781/1589/2593 7782/1587/2593
f 7783/1553/2594 7784/1599/2594 7785/1576/2594
f 7786/1600/2595 7787/1577/2595 7788/1564/2595
f 7789/1538/2596 7790/1601/2596 7791/1591/2596
f 7792/1602/2597 7793/1538/2597 7794/1578/2597
f 7795/1566/2598 7796/1592/2598 7797/1578/2598
f 7798/1487/2599 7799/1569/2599 7800/1568/2599
f 7801/1603/2600 7802/1569/2600 7803/1570/2600
f 7804/1454/2601 7805/1570/2601 7806/1569/2601
f 7807/1595/2602 7808/1573/2602 7809/1596/2602
f 7810/1582/2603 7811/1560/2603 7812/1597/2603
f 7813/1584/2604 7814/1604/2604 7815/1574/2604
f 7816/1575/2605 7817/1550/2605 7818/1584/2605
f 7819/1585/2606 7820/1480/2606 7821/1531/2606
f 7822/1605/2607 7823/1588/2607 7824/1552/2607
f 7825/1605/2608 7826/1552/2608 7827/1590/2608
f 7828/1600/2609 7829/1564/2609 7830/1591/2609
f 7831/1601/2610 7832/1538/2610 7833/1602/2610
f 7834/1606/2611 7835/1578/2611 7836/1592/2611
f 7837/1568/2612 7838/1569/2612 7839/1607/2612
f 7840/1571/2613 7841/1608/2613 7842/1570/2613
f 7843/1593/2614 7844/1543/2614 7845/1579/2614
f 7846/1594/2615 7847/1494/2615 7848/1580/2615
f 7849/1594/2616 7850/1580/2616 7851/1595/2616
f 7852/1609/2617 7853/1610/2617 7854/1611/2617
f 7855/1582/2618 7856/1612/2618 7857/1609/2618
f 7858/1597/2619 7859/1613/2619 7860/1582/2619
f 7861/1604/2620 7862/1597/2620 7863/1574/2620
f 7864/1614/2621 7865/1584/2621 7866/1550/2621
f 7867/1550/2622 7868/1585/2622 7869/1614/2622
f 7870/1531/2623 7871/1615/2623 7872/1585/2623
f 7873/1616/2624 7874/1531/2624 7875/1598/2624
f 7876/1586/2625 7877/1617/2625 7878/1598/2625
f 7879/1617/2626 7880/1586/2626 7881/1618/2626
f 7882/1618/2627 7883/1586/2627 7884/1587/2627
f 7885/1587/2628 7886/1589/2628 7887/1618/2628
f 7888/1605/2629 7889/1619/2629 7890/1588/2629
f 7891/1620/2630 7892/1590/2630 7893/1576/2630
f 7894/1576/2631 7895/1621/2631 7896/1620/2631
f 7897/1591/2632 7898/1622/2632 7899/1600/2632
f 7900/1591/2633 7901/1601/2633 7902/1622/2633
f 7903/1607/2634 7904/1592/2634 7905/1568/2634
f 7906/1596/2635 7907/1623/2635 7908/1595/2635
f 7909/1610/2636 7910/1609/2636 7911/1612/2636
f 7912/1582/2637 7913/1613/2637 7914/1612/2637
f 7915/1604/2638 7916/1584/2638 7917/1614/2638
f 7918/1588/2639 7919/1624/2639 7920/1589/2639
f 7921/1588/2640 7922/1619/2640 7923/1624/2640
f 7924/1619/2641 7925/1605/2641 7926/1590/2641
f 7927/1590/2642 7928/1625/2642 7929/1619/2642
f 7930/1625/2643 7931/1590/2643 7932/1620/2643
f 7933/1600/2644 7934/1626/2644 7935/1627/2644
f 7936/1622/2645 7937/1626/2645 7938/1600/2645
f 7939/1601/2646 7940/1602/2646 7941/1622/2646
f 7942/1578/2647 7943/1606/2647 7944/1628/2647
f 7945/1569/2648 7946/1603/2648 7947/1607/2648
f 7948/1629/2649 7949/1579/2649 7950/1630/2649
f 7951/1594/2650 7952/1630/2650 7953/1579/2650
f 7954/1595/2651 7955/1631/2651 7956/1594/2651
f 7957/1595/2652 7958/1623/2652 7959/1631/2652
f 7960/1632/2653 7961/1610/2653 7962/1612/2653
f 7963/1613/2654 7964/1633/2654 7965/1612/2654
f 7966/1597/2655 7967/1634/2655 7968/1613/2655
f 7969/1604/2656 7970/1634/2656 7971/1597/2656
f 7972/1604/2657 7973/1614/2657 7974/1635/2657
f 7975/1636/2658 7976/1614/2658 7977/1585/2658
f 7978/1615/2659 7979/1531/2659 7980/1616/2659
f 7981/1637/2660 7982/1616/2660 7983/1598/2660
f 7984/1598/2661 7985/1617/2661 7986/1637/2661
f 7987/1618/2662 7988/1638/2662 7989/1617/2662
f 7990/1639/2663 7991/1619/2663 7992/1625/2663
f 7993/1620/2664 7994/1640/2664 7995/1625/2664
f 7996/1621/2665 7997/1640/2665 7998/1620/2665
f 7999/1641/2666 8000/1627/2666 8001/1626/2666
f 8002/1602/2667 8003/1642/2667 8004/1622/2667
f 8005/1578/2668 8006/1628/2668 8007/1602/2668
f 8008/1592/2669 8009/1643/2669 8010/1606/2669
f 8011/1603/2670 8012/1570/2670 8013/1644/2670
f 8014/1579/2671 8015/1645/2671 8016/1593/2671
f 8017/1623/2672 8018/1646/2672 8019/1631/2672
f 8020/1613/2673 8021/1634/2673 8022/1633/2673
f 8023/1647/2674 8024/1634/2674 8025/1604/2674
f 8026/1604/2675 8027/1648/2675 8028/1647/2675
f 8029/1648/2676 8030/1604/2676 8031/1635/2676
f 8032/1636/2677 8033/1635/2677 8034/1614/2677
f 8035/1637/2678 8036/1617/2678 8037/1638/2678
f 8038/1589/2679 8039/1649/2679 8040/1618/2679
f 8041/1649/2680 8042/1589/2680 8043/1624/2680
f 8044/1619/2681 8045/1639/2681 8046/1624/2681
f 8047/1639/2682 8048/1625/2682 8049/1640/2682
s 1
f 8050/1640/2683 8051/1621/2683 8052/1650/2683
s 0
f 8053/1622/2684 8054/1651/2684 8055/1626/2684
f 8056/1652/2685 8057/1628/2685 8058/1606/2685
f 8059/1643/2686 8060/1592/2686 8061/1607/2686
f 8062/1607/2687 8063/1653/2687 8064/1643/2687
f 8065/1654/2688 8066/1653/2688 8067/1607/2688
f 8068/1655/2689 8069/1570/2689 8070/1608/2689
f 8071/1645/2690 8072/1579/2690 8073/1629/2690
f 8074/1594/2691 8075/1631/2691 8076/1630/2691
f 8077/1623/2692 8078/1656/2692 8079/1646/2692
f 8080/1657/2693 8081/1632/2693 8082/1612/2693
f 8083/1612/2694 8084/1633/2694 8085/1657/2694
f 8086/1634/2695 8087/1658/2695 8088/1633/2695
f 8089/1658/2696 8090/1634/2696 8091/1647/2696
f 8092/1647/2697 8093/1659/2697 8094/1658/2697
f 8095/1659/2698 8096/1647/2698 8097/1648/2698
f 8098/1638/2699 8099/1660/2699 8100/1637/2699
f 8101/1660/2700 8102/1638/2700 8103/1661/2700
f 8104/1618/2701 8105/1661/2701 8106/1638/2701
f 8107/1661/2702 8108/1618/2702 8109/1649/2702
f 8110/1662/2703 8111/1624/2703 8112/1639/2703
f 8113/1663/2704 8114/1650/2704 8115/1664/2704
f 8116/1665/2705 8117/1641/2705 8118/1626/2705
f 8119/1665/2706 8120/1626/2706 8121/1651/2706
f 8122/1642/2707 8123/1602/2707 8124/1628/2707
f 8125/1666/2708 8126/1631/2708 8127/1646/2708
f 8128/1648/2709 8129/1667/2709 8130/1659/2709
f 8131/1648/2710 8132/1668/2710 8133/1667/2710
f 8134/1668/2711 8135/1648/2711 8136/1635/2711
f 8137/1615/2712 8138/1616/2712 8139/1637/2712
f 8140/1669/2713 8141/1649/2713 8142/1624/2713
f 8143/1669/2714 8144/1624/2714 8145/1662/2714
f 8146/1662/2715 8147/1639/2715 8148/1670/2715
f 8149/1640/2716 8150/1670/2716 8151/1639/2716
f 8152/1640/2717 8153/1663/2717 8154/1670/2717
f 8155/1650/2718 8156/1663/2718 8157/1640/2718
f 8158/1641/2719 8159/1671/2719 8160/1627/2719
f 8161/1672/2720 8162/1641/2720 8163/1665/2720
f 8164/1673/2721 8165/1665/2721 8166/1651/2721
f 8167/1651/2722 8168/1622/2722 8169/1642/2722
f 8170/1603/2723 8171/1654/2723 8172/1607/2723
f 8173/1644/2724 8174/1570/2724 8175/1674/2724
f 8176/1675/2725 8177/1658/2725 8178/1659/2725
f 8179/1659/2726 8180/1676/2726 8181/1675/2726
f 8182/1676/2727 8183/1659/2727 8184/1667/2727
f 8185/1668/2728 8186/1677/2728 8187/1678/2728
f 8188/1635/2729 8189/1677/2729 8190/1668/2729
s 1
f 8191/1636/2730 8192/1677/2730 8193/1635/2730
s 0
f 8194/1615/2731 8195/1679/2731 8196/1585/2731
f 8197/1637/2732 8198/1680/2732 8199/1615/2732
f 8200/1680/2733 8201/1637/2733 8202/1660/2733
f 8203/1681/2734 8204/1661/2734 8205/1649/2734
f 8206/1663/2735 8207/1682/2735 8208/1670/2735
f 8209/1683/2736 8210/1651/2736 8211/1642/2736
f 8212/1683/2737 8213/1642/2737 8214/1628/2737
f 8215/1603/2738 8216/1684/2738 8217/1654/2738
f 8218/1684/2739 8219/1603/2739 8220/1685/2739
f 8221/1685/2740 8222/1603/2740 8223/1686/2740
f 8224/1644/2741 8225/1686/2741 8226/1603/2741
f 8227/1674/2742 8228/1570/2742 8229/1655/2742
s 1
f 8230/1630/2743 8231/1687/2743 8232/1629/2743
s 0
f 8233/1631/2744 8234/1687/2744 8235/1630/2744
f 8236/1687/2745 8237/1631/2745 8238/1666/2745
f 8239/1656/2746 8240/1688/2746 8241/1646/2746
f 8242/1657/2747 8243/1633/2747 8244/1658/2747
f 8245/1667/2748 8246/1678/2748 8247/1676/2748
f 8248/1678/2749 8249/1667/2749 8250/1668/2749
f 8251/1689/2750 8252/1678/2750 8253/1677/2750
f 8254/1636/2751 8255/1690/2751 8256/1677/2751
f 8257/1690/2752 8258/1636/2752 8259/1585/2752
f 8260/1585/2753 8261/1691/2753 8262/1690/2753
f 8263/1660/2754 8264/1692/2754 8265/1680/2754
f 8266/1662/2755 8267/1693/2755 8268/1669/2755
f 8269/1670/2756 8270/1693/2756 8271/1662/2756
s 1
f 8272/1693/2757 8273/1670/2757 8274/1682/2757
s 0
f 8275/1641/2758 8276/1694/2758 8277/1671/2758
f 8278/1694/2759 8279/1641/2759 8280/1672/2759
f 8281/1651/2760 8282/1695/2760 8283/1673/2760
f 8284/1695/2761 8285/1651/2761 8286/1683/2761
f 8287/1628/2762 8288/1696/2762 8289/1683/2762
f 8290/1696/2763 8291/1628/2763 8292/1652/2763
s 1
f 8293/1697/2764 8294/1653/2764 8295/1698/2764
s 0
f 8296/1698/2765 8297/1653/2765 8298/1654/2765
f 8299/1699/2766 8300/1685/2766 8301/1686/2766
f 8302/1686/2767 8303/1644/2767 8304/1700/2767
f 8305/1700/2768 8306/1644/2768 8307/1674/2768
f 8308/1701/2769 8309/1645/2769 8310/1629/2769
f 8311/1702/2770 8312/1688/2770 8313/1656/2770
f 8314/1657/2771 8315/1703/2771 8316/1704/2771
f 8317/1657/2772 8318/1658/2772 8319/1703/2772
f 8320/1705/2773 8321/1658/2773 8322/1675/2773
f 8323/1706/2774 8324/1675/2774 8325/1676/2774
f 8326/1706/2775 8327/1676/2775 8328/1678/2775
f 8329/1707/2776 8330/1678/2776 8331/1689/2776
f 8332/1689/2777 8333/1708/2777 8334/1707/2777
f 8335/1677/2778 8336/1690/2778 8337/1689/2778
f 8338/1709/2779 8339/1585/2779 8340/1679/2779
f 8341/1679/2780 8342/1615/2780 8343/1680/2780
f 8344/1692/2781 8345/1660/2781 8346/1661/2781
f 8347/1710/2782 8348/1711/2782 8349/1712/2782
f 8350/1694/2783 8351/1713/2783 8352/1714/2783
f 8353/1672/2784 8354/1713/2784 8355/1694/2784
f 8356/1672/2785 8357/1665/2785 8358/1715/2785
f 8359/1654/2786 8360/1716/2786 8361/1698/2786
f 8362/1655/2787 8363/1717/2787 8364/1674/2787
f 8365/1666/2788 8366/1718/2788 8367/1687/2788
f 8368/1658/2789 8369/1705/2789 8370/1703/2789
f 8371/1678/2790 8372/1707/2790 8373/1706/2790
f 8374/1708/2791 8375/1719/2791 8376/1707/2791
f 8377/1689/2792 8378/1720/2792 8379/1708/2792
f 8380/1720/2793 8381/1689/2793 8382/1690/2793
f 8383/1679/2794 8384/1680/2794 8385/1721/2794
f 8386/1692/2795 8387/1721/2795 8388/1680/2795
f 8389/1722/2796 8390/1661/2796 8391/1681/2796
f 8392/1722/2797 8393/1681/2797 8394/1723/2797
f 8395/1672/2798 8396/1715/2798 8397/1713/2798
f 8398/1696/2799 8399/1724/2799 8400/1683/2799
f 8401/1643/2800 8402/1725/2800 8403/1606/2800
f 8404/1653/2801 8405/1725/2801 8406/1643/2801
f 8407/1698/2802 8408/1726/2802 8409/1697/2802
f 8410/1726/2803 8411/1698/2803 8412/1727/2803
f 8413/1716/2804 8414/1727/2804 8415/1698/2804
f 8416/1728/2805 8417/1699/2805 8418/1686/2805
f 8419/1728/2806 8420/1686/2806 8421/1700/2806
f 8422/1700/2807 8423/1674/2807 8424/1717/2807
f 8425/1701/2808 8426/1629/2808 8427/1687/2808
f 8428/1718/2809 8429/1666/2809 8430/1729/2809
f 8431/1646/2810 8432/1729/2810 8433/1666/2810
f 8434/1730/2811 8435/1688/2811 8436/1731/2811
f 8437/1702/2812 8438/1731/2812 8439/1688/2812
f 8440/1732/2813 8441/1675/2813 8442/1706/2813
f 8443/1707/2814 8444/1733/2814 8445/1706/2814
f 8446/1719/2815 8447/1734/2815 8448/1707/2815
s 1
f 8449/1708/2816 8450/1720/2816 8451/1719/2816
s 0
f 8452/1735/2817 8453/1690/2817 8454/1691/2817
f 8455/1691/2818 8456/1585/2818 8457/1709/2818
f 8458/1722/2819 8459/1692/2819 8460/1661/2819
f 8461/1736/2820 8462/1714/2820 8463/1713/2820
f 8464/1736/2821 8465/1713/2821 8466/1715/2821
f 8467/1665/2822 8468/1737/2822 8469/1715/2822
f 8470/1724/2823 8471/1696/2823 8472/1738/2823
f 8473/1606/2824 8474/1739/2824 8475/1652/2824
f 8476/1606/2825 8477/1725/2825 8478/1739/2825
f 8479/1697/2826 8480/1726/2826 8481/1653/2826
f 8482/1728/2827 8483/1700/2827 8484/1717/2827
f 8485/1655/2828 8486/1740/2828 8487/1717/2828
f 8488/1701/2829 8489/1687/2829 8490/1718/2829
f 8491/1646/2830 8492/1688/2830 8493/1729/2830
f 8494/1741/2831 8495/1742/2831 8496/1704/2831
f 8497/1704/2832 8498/1743/2832 8499/1741/2832
f 8500/1743/2833 8501/1704/2833 8502/1703/2833
f 8503/1744/2834 8504/1705/2834 8505/1675/2834
f 8506/1744/2835 8507/1675/2835 8508/1732/2835
f 8509/1707/2836 8510/1745/2836 8511/1733/2836
f 8512/1745/2837 8513/1707/2837 8514/1734/2837
f 8515/1734/2838 8516/1719/2838 8517/1720/2838
f 8518/1746/2839 8519/1720/2839 8520/1690/2839
f 8521/1690/2840 8522/1735/2840 8523/1746/2840
f 8524/1747/2841 8525/1721/2841 8526/1692/2841
f 8527/1748/2842 8528/1715/2842 8529/1737/2842
f 8530/1738/2843 8531/1696/2843 8532/1749/2843
f 8533/1749/2844 8534/1696/2844 8535/1652/2844
f 8536/1749/2845 8537/1652/2845 8538/1750/2845
f 8539/1652/2846 8540/1739/2846 8541/1750/2846
f 8542/1751/2847 8543/1653/2847 8544/1726/2847
f 8545/1727/2848 8546/1752/2848 8547/1726/2848
f 8548/1753/2849 8549/1728/2849 8550/1717/2849
f 8551/1754/2850 8552/1718/2850 8553/1729/2850
f 8554/1729/2851 8555/1688/2851 8556/1730/2851
f 8557/1731/2852 8558/1755/2852 8559/1730/2852
f 8560/1756/2853 8561/1742/2853 8562/1741/2853
f 8563/1703/2854 8564/1757/2854 8565/1743/2854
f 8566/1705/2855 8567/1757/2855 8568/1703/2855
f 8569/1757/2856 8570/1705/2856 8571/1744/2856
f 8572/1720/2857 8573/1758/2857 8574/1734/2857
f 8575/1758/2858 8576/1720/2858 8577/1746/2858
f 8578/1721/2859 8579/1759/2859 8580/1679/2859
f 8581/1692/2860 8582/1722/2860 8583/1747/2860
f 8584/1736/2861 8585/1760/2861 8586/1761/2861
f 8587/1715/2862 8588/1748/2862 8589/1736/2862
f 8590/1762/2863 8591/1645/2863 8592/1701/2863
f 8593/1718/2864 8594/1754/2864 8595/1701/2864
f 8596/1755/2865 8597/1731/2865 8598/1763/2865
s 1
f 8599/1757/2866 8600/1764/2866 8601/1743/2866
s 0
f 8602/1765/2867 8603/1732/2867 8604/1706/2867
s 1
f 8605/1733/2868 8606/1766/2868 8607/1706/2868
s 0
f 8608/1766/2869 8609/1733/2869 8610/1745/2869
f 8611/1758/2870 8612/1746/2870 8613/1735/2870
f 8614/1767/2871 8615/1679/2871 8616/1759/2871
f 8617/1721/2872 8618/1747/2872 8619/1759/2872
f 8620/1722/2873 8621/1768/2873 8622/1747/2873
f 8623/1760/2874 8624/1736/2874 8625/1748/2874
f 8626/1749/2875 8627/1769/2875 8628/1738/2875
f 8629/1725/2876 8630/1751/2876 8631/1770/2876
f 8632/1751/2877 8633/1725/2877 8634/1653/2877
f 8635/1771/2878 8636/1726/2878 8637/1752/2878
f 8638/1772/2879 8639/1717/2879 8640/1740/2879
f 8641/1754/2880 8642/1729/2880 8643/1773/2880
f 8644/1731/2881 8645/1774/2881 8646/1763/2881
f 8647/1765/2882 8648/1706/2882 8649/1766/2882
f 8650/1734/2883 8651/1775/2883 8652/1745/2883
f 8653/1775/2884 8654/1734/2884 8655/1758/2884
f 8656/1735/2885 8657/1776/2885 8658/1758/2885
f 8659/1679/2886 8660/1777/2886 8661/1709/2886
f 8662/1777/2887 8663/1679/2887 8664/1767/2887
f 8665/1768/2888 8666/1722/2888 8667/1778/2888
f 8668/1722/2889 8669/1779/2889 8670/1778/2889
f 8671/1780/2890 8672/1781/2890 8673/1782/2890
f 8674/1738/2891 8675/1769/2891 8676/1783/2891
f 8677/1769/2892 8678/1749/2892 8679/1750/2892
f 8680/1726/2893 8681/1771/2893 8682/1751/2893
f 8683/1752/2894 8684/1784/2894 8685/1771/2894
f 8686/1785/2895 8687/1753/2895 8688/1717/2895
f 8689/1773/2896 8690/1729/2896 8691/1786/2896
f 8692/1730/2897 8693/1786/2897 8694/1729/2897
f 8695/1755/2898 8696/1786/2898 8697/1730/2898
f 8698/1787/2899 8699/1755/2899 8700/1763/2899
f 8701/1731/2900 8702/1756/2900 8703/1774/2900
f 8704/1744/2901 8705/1788/2901 8706/1757/2901
f 8707/1788/2902 8708/1744/2902 8709/1732/2902
f 8710/1788/2903 8711/1732/2903 8712/1765/2903
f 8713/1758/2904 8714/1776/2904 8715/1775/2904
f 8716/1747/2905 8717/1768/2905 8718/1789/2905
f 8719/1768/2906 8720/1778/2906 8721/1790/2906
f 8722/1781/2907 8723/1780/2907 8724/1791/2907
f 8725/1760/2908 8726/1792/2908 8727/1761/2908
f 8728/1760/2909 8729/1793/2909 8730/1792/2909
f 8731/1793/2910 8732/1760/2910 8733/1748/2910
f 8734/1739/2911 8735/1794/2911 8736/1750/2911
f 8737/1794/2912 8738/1739/2912 8739/1725/2912
s 1
f 8740/1701/2913 8741/1754/2913 8742/1762/2913
s 0
f 8743/1773/2914 8744/1795/2914 8745/1754/2914
f 8746/1796/2915 8747/1774/2915 8748/1756/2915
f 8749/1764/2916 8750/1797/2916 8751/1743/2916
f 8752/1757/2917 8753/1788/2917 8754/1764/2917
f 8755/1798/2918 8756/1766/2918 8757/1745/2918
f 8758/1798/2919 8759/1745/2919 8760/1775/2919
f 8761/1775/2920 8762/1799/2920 8763/1798/2920
f 8764/1799/2921 8765/1775/2921 8766/1776/2921
f 8767/1776/2922 8768/1735/2922 8769/1691/2922
f 8770/1767/2923 8771/1759/2923 8772/1789/2923
f 8773/1747/2924 8774/1789/2924 8775/1759/2924
f 8776/1778/2925 8777/1779/2925 8778/1790/2925
f 8779/1780/2926 8780/1800/2926 8781/1791/2926
f 8782/1800/2927 8783/1780/2927 8784/1801/2927
f 8785/1802/2928 8786/1748/2928 8787/1803/2928
f 8788/1754/2929 8789/1804/2929 8790/1762/2929
f 8791/1795/2930 8792/1773/2930 8793/1805/2930
f 8794/1786/2931 8795/1805/2931 8796/1773/2931
f 8797/1805/2932 8798/1786/2932 8799/1806/2932
f 8800/1806/2933 8801/1786/2933 8802/1787/2933
f 8803/1786/2934 8804/1755/2934 8805/1787/2934
f 8806/1756/2935 8807/1741/2935 8808/1796/2935
f 8809/1807/2936 8810/1741/2936 8811/1743/2936
f 8812/1743/2937 8813/1808/2937 8814/1807/2937
f 8815/1808/2938 8816/1743/2938 8817/1797/2938
f 8818/1797/2939 8819/1764/2939 8820/1788/2939
f 8821/1788/2940 8822/1809/2940 8823/1797/2940
f 8824/1765/2941 8825/1766/2941 8826/1798/2941
f 8827/1776/2942 8828/1691/2942 8829/1709/2942
f 8830/1810/2943 8831/1792/2943 8832/1811/2943
f 8833/1812/2944 8834/1813/2944 8835/1814/2944
f 8836/1815/2945 8837/1769/2945 8838/1750/2945
f 8839/1815/2946 8840/1750/2946 8841/1794/2946
f 8842/1816/2947 8843/1771/2947 8844/1784/2947
f 8845/1817/2948 8846/1753/2948 8847/1785/2948
f 8848/1717/2949 8849/1818/2949 8850/1785/2949
f 8851/1772/2950 8852/1818/2950 8853/1717/2950
f 8854/1774/2951 8855/1787/2951 8856/1763/2951
f 8857/1741/2952 8858/1807/2952 8859/1796/2952
f 8860/1809/2953 8861/1788/2953 8862/1765/2953
f 8863/1819/2954 8864/1798/2954 8865/1799/2954
f 8866/1777/2955 8867/1767/2955 8868/1789/2955
f 8869/1820/2956 8870/1768/2956 8871/1790/2956
f 8872/1801/2957 8873/1821/2957 8874/1800/2957
f 8875/1821/2958 8876/1801/2958 8877/1822/2958
f 8878/1793/2959 8879/1811/2959 8880/1792/2959
f 8881/1769/2960 8882/1815/2960 8883/1823/2960
f 8884/1751/2961 8885/1771/2961 8886/1816/2961
f 8887/1824/2962 8888/1754/2962 8889/1795/2962
f 8890/1797/2963 8891/1809/2963 8892/1808/2963
f 8893/1765/2964 8894/1825/2964 8895/1809/2964
f 8896/1826/2965 8897/1798/2965 8898/1819/2965
f 8899/1827/2966 8900/1799/2966 8901/1776/2966
f 8902/1777/2967 8903/1789/2967 8904/1828/2967
f 8905/1768/2968 8906/1820/2968 8907/1789/2968
f 8908/1790/2969 8909/1829/2969 8910/1820/2969
f 8911/1779/2970 8912/1829/2970 8913/1790/2970
f 8914/1830/2971 8915/1810/2971 8916/1811/2971
f 8917/1831/2972 8918/1811/2972 8919/1793/2972
f 8920/1832/2973 8921/1833/2973 8922/1784/2973
f 8923/1785/2974 8924/1834/2974 8925/1817/2974
f 8926/1818/2975 8927/1834/2975 8928/1785/2975
f 8929/1772/2976 8930/1835/2976 8931/1818/2976
f 8932/1754/2977 8933/1824/2977 8934/1804/2977
f 8935/1806/2978 8936/1836/2978 8937/1805/2978
f 8938/1787/2979 8939/1837/2979 8940/1806/2979
f 8941/1765/2980 8942/1838/2980 8943/1825/2980
f 8944/1838/2981 8945/1765/2981 8946/1798/2981
f 8947/1838/2982 8948/1798/2982 8949/1826/2982
f 8950/1826/2983 8951/1819/2983 8952/1799/2983
f 8953/1826/2984 8954/1799/2984 8955/1827/2984
f 8956/1839/2985 8957/1827/2985 8958/1776/2985
f 8959/1828/2986 8960/1789/2986 8961/1820/2986
f 8962/1821/2987 8963/1840/2987 8964/1800/2987
f 8965/1841/2988 8966/1842/2988 8967/1822/2988
f 8968/1811/2989 8969/1843/2989 8970/1830/2989
f 8971/1844/2990 8972/1845/2990 8973/1846/2990
f 8974/1847/2991 8975/1823/2991 8976/1815/2991
f 8977/1725/2992 8978/1848/2992 8979/1794/2992
f 8980/1848/2993 8981/1725/2993 8982/1770/2993
f 8983/1751/2994 8984/1816/2994 8985/1849/2994
f 8986/1816/2995 8987/1784/2995 8988/1833/2995
f 8989/1795/2996 8990/1850/2996 8991/1824/2996
f 8992/1850/2997 8993/1795/2997 8994/1805/2997
f 8995/1837/2998 8996/1787/2998 8997/1774/2998
f 8998/1851/2999 8999/1809/2999 9000/1825/2999
f 9001/1827/3000 9002/1839/3000 9003/1826/3000
f 9004/1839/3001 9005/1776/3001 9006/1709/3001
f 9007/1852/3002 9008/1821/3002 9009/1822/3002
f 9010/1811/3003 9011/1853/3003 9012/1843/3003
f 9013/1853/3004 9014/1811/3004 9015/1831/3004
f 9016/1831/3005 9017/1854/3005 9018/1855/3005
f 9019/1854/3006 9020/1831/3006 9021/1845/3006
f 9022/1854/3007 9023/1845/3007 9024/1844/3007
f 9025/1846/3008 9026/1856/3008 9027/1844/3008
f 9028/1823/3009 9029/1847/3009 9030/1857/3009
f 9031/1794/3010 9032/1848/3010 9033/1815/3010
f 9034/1816/3011 9035/1833/3011 9036/1858/3011
f 9037/1817/3012 9038/1834/3012 9039/1858/3012
f 9040/1836/3013 9041/1806/3013 9042/1837/3013
f 9043/1774/3014 9044/1859/3014 9045/1837/3014
f 9046/1859/3015 9047/1774/3015 9048/1796/3015
s 1
f 9049/1808/3016 9050/1860/3016 9051/1807/3016
s 0
f 9052/1860/3017 9053/1808/3017 9054/1809/3017
f 9055/1809/3018 9056/1851/3018 9057/1860/3018
f 9058/1861/3019 9059/1820/3019 9060/1829/3019
f 9061/1829/3020 9062/1779/3020 9063/1862/3020
f 9064/1821/3021 9065/1852/3021 9066/1840/3021
f 9067/1852/3022 9068/1822/3022 9069/1842/3022
f 9070/1853/3023 9071/1863/3023 9072/1843/3023
f 9073/1831/3024 9074/1855/3024 9075/1853/3024
f 9076/1857/3025 9077/1864/3025 9078/1865/3025
f 9079/1866/3026 9080/1847/3026 9081/1815/3026
f 9082/1867/3027 9083/1815/3027 9084/1848/3027
f 9085/1868/3028 9086/1848/3028 9087/1770/3028
f 9088/1868/3029 9089/1770/3029 9090/1751/3029
f 9091/1858/3030 9092/1834/3030 9093/1816/3030
f 9094/1869/3031 9095/1818/3031 9096/1835/3031
f 9097/1850/3032 9098/1805/3032 9099/1870/3032
s 1
f 9100/1870/3033 9101/1805/3033 9102/1836/3033
s 0
f 9103/1871/3034 9104/1836/3034 9105/1837/3034
f 9106/1872/3035 9107/1807/3035 9108/1860/3035
f 9109/1851/3036 9110/1873/3036 9111/1860/3036
f 9112/1874/3037 9113/1825/3037 9114/1838/3037
f 9115/1826/3038 9116/1839/3038 9117/1838/3038
f 9118/1828/3039 9119/1820/3039 9120/1861/3039
f 9121/1862/3040 9122/1875/3040 9123/1829/3040
f 9124/1853/3041 9125/1855/3041 9126/1863/3041
f 9127/1856/3042 9128/1876/3042 9129/1844/3042
f 9130/1876/3043 9131/1856/3043 9132/1864/3043
s 1
f 9133/1847/3044 9134/1877/3044 9135/1857/3044
s 0
f 9136/1877/3045 9137/1847/3045 9138/1866/3045
f 9139/1866/3046 9140/1815/3046 9141/1867/3046
f 9142/1869/3047 9143/1834/3047 9144/1818/3047
f 9145/1850/3048 9146/1878/3048 9147/1824/3048
f 9148/1859/3049 9149/1879/3049 9150/1837/3049
f 9151/1796/3050 9152/1880/3050 9153/1859/3050
f 9154/1881/3051 9155/1860/3051 9156/1873/3051
f 9157/1882/3052 9158/1851/3052 9159/1825/3052
f 9160/1838/3053 9161/1883/3053 9162/1874/3053
f 9163/1884/3054 9164/1777/3054 9165/1885/3054
f 9166/1828/3055 9167/1885/3055 9168/1777/3055
f 9169/1829/3056 9170/1875/3056 9171/1861/3056
f 9172/1862/3057 9173/1886/3057 9174/1875/3057
f 9175/1886/3058 9176/1862/3058 9177/1887/3058
f 9178/1863/3059 9179/1855/3059 9180/1888/3059
f 9181/1889/3060 9182/1855/3060 9183/1854/3060
f 9184/1844/3061 9185/1890/3061 9186/1854/3061
f 9187/1890/3062 9188/1844/3062 9189/1876/3062
f 9190/1866/3063 9191/1891/3063 9192/1877/3063
s 1
f 9193/1891/3064 9194/1866/3064 9195/1867/3064
s 0
f 9196/1751/3065 9197/1849/3065 9198/1868/3065
f 9199/1834/3066 9200/1892/3066 9201/1816/3066
f 9202/1892/3067 9203/1834/3067 9204/1869/3067
f 9205/1850/3068 9206/1893/3068 9207/1878/3068
f 9208/1836/3069 9209/1894/3069 9210/1870/3069
f 9211/1894/3070 9212/1836/3070 9213/1871/3070
f 9214/1859/3071 9215/1880/3071 9216/1879/3071
f 9217/1880/3072 9218/1796/3072 9219/1807/3072
f 9220/1807/3073 9221/1872/3073 9222/1880/3073
f 9223/1825/3074 9224/1874/3074 9225/1882/3074
f 9226/1777/3075 9227/1895/3075 9228/1709/3075
f 9229/1895/3076 9230/1777/3076 9231/1884/3076
f 9232/1828/3077 9233/1861/3077 9234/1885/3077
f 9235/1875/3078 9236/1896/3078 9237/1861/3078
f 9238/1887/3079 9239/1862/3079 9240/1840/3079
f 9241/1897/3080 9242/1852/3080 9243/1842/3080
f 9244/1841/3081 9245/1898/3081 9246/1842/3081
f 9247/1899/3082 9248/1898/3082 9249/1841/3082
f 9250/1898/3083 9251/1899/3083 9252/1900/3083
f 9253/1888/3084 9254/1855/3084 9255/1889/3084
f 9256/1876/3085 9257/1864/3085 9258/1857/3085
f 9259/1876/3086 9260/1857/3086 9261/1877/3086
f 9262/1901/3087 9263/1867/3087 9264/1848/3087
f 9265/1901/3088 9266/1848/3088 9267/1868/3088
f 9268/1902/3089 9269/1816/3089 9270/1892/3089
f 9271/1835/3090 9272/1892/3090 9273/1869/3090
f 9274/1903/3091 9275/1870/3091 9276/1894/3091
f 9277/1837/3092 9278/1879/3092 9279/1871/3092
f 9280/1880/3093 9281/1904/3093 9282/1879/3093
f 9283/1872/3094 9284/1860/3094 9285/1905/3094
f 9286/1905/3095 9287/1860/3095 9288/1881/3095
f 9289/1906/3096 9290/1881/3096 9291/1873/3096
f 9292/1906/3097 9293/1873/3097 9294/1851/3097
f 9295/1851/3098 9296/1882/3098 9297/1906/3098
f 9298/1907/3099 9299/1874/3099 9300/1883/3099
f 9301/1885/3100 9302/1861/3100 9303/1896/3100
f 9304/1886/3101 9305/1896/3101 9306/1875/3101
f 9307/1887/3102 9308/1908/3102 9309/1886/3102
f 9310/1887/3103 9311/1840/3103 9312/1909/3103
f 9313/1852/3104 9314/1909/3104 9315/1840/3104
f 9316/1877/3105 9317/1891/3105 9318/1876/3105
f 9319/1891/3106 9320/1867/3106 9321/1910/3106
f 9322/1901/3107 9323/1910/3107 9324/1867/3107
f 9325/1870/3108 9326/1893/3108 9327/1850/3108
f 9328/1893/3109 9329/1870/3109 9330/1903/3109
f 9331/1881/3110 9332/1911/3110 9333/1905/3110
f 9334/1911/3111 9335/1881/3111 9336/1906/3111
f 9337/1912/3112 9338/1906/3112 9339/1882/3112
f 9340/1874/3113 9341/1907/3113 9342/1882/3113
f 9343/1913/3114 9344/1885/3114 9345/1896/3114
f 9346/1896/3115 9347/1886/3115 9348/1908/3115
f 9349/1852/3116 9350/1897/3116 9351/1909/3116
f 9352/1842/3117 9353/1898/3117 9354/1897/3117
f 9355/1900/3118 9356/1914/3118 9357/1898/3118
f 9358/1915/3119 9359/1914/3119 9360/1900/3119
f 9361/1914/3120 9362/1915/3120 9363/1916/3120
f 9364/1916/3121 9365/1915/3121 9366/1917/3121
f 9367/1888/3122 9368/1889/3122 9369/1918/3122
f 9370/1854/3123 9371/1890/3123 9372/1889/3123
f 9373/1876/3124 9374/1891/3124 9375/1919/3124
f 9376/1849/3125 9377/1920/3125 9378/1868/3125
f 9379/1816/3126 9380/1902/3126 9381/1849/3126
f 9382/1921/3127 9383/1894/3127 9384/1871/3127
f 9385/1879/3128 9386/1922/3128 9387/1871/3128
f 9388/1922/3129 9389/1879/3129 9390/1904/3129
f 9391/1880/3130 9392/1923/3130 9393/1904/3130
f 9394/1880/3131 9395/1924/3131 9396/1923/3131
f 9397/1924/3132 9398/1880/3132 9399/1872/3132
f 9400/1911/3133 9401/1906/3133 9402/1912/3133
f 9403/1907/3134 9404/1925/3134 9405/1882/3134
f 9406/1839/3135 9407/1926/3135 9408/1838/3135
f 9409/1913/3136 9410/1884/3136 9411/1885/3136
f 9412/1913/3137 9413/1896/3137 9414/1927/3137
f 9415/1927/3138 9416/1896/3138 9417/1908/3138
f 9418/1908/3139 9419/1887/3139 9420/1909/3139
f 9421/1909/3140 9422/1897/3140 9423/1898/3140
f 9424/1888/3141 9425/1918/3141 9426/1928/3141
f 9427/1890/3142 9428/1929/3142 9429/1889/3142
f 9430/1876/3143 9431/1919/3143 9432/1890/3143
f 9433/1891/3144 9434/1930/3144 9435/1919/3144
f 9436/1902/3145 9437/1931/3145 9438/1849/3145
f 9439/1892/3146 9440/1932/3146 9441/1902/3146
f 9442/1878/3147 9443/1893/3147 9444/1933/3147
f 9445/1934/3148 9446/1903/3148 9447/1894/3148
f 9448/1921/3149 9449/1871/3149 9450/1922/3149
f 9451/1904/3150 9452/1935/3150 9453/1922/3150
f 9454/1935/3151 9455/1904/3151 9456/1923/3151
f 9457/1872/3152 9458/1936/3152 9459/1924/3152
f 9460/1936/3153 9461/1872/3153 9462/1905/3153
f 9463/1926/3154 9464/1839/3154 9465/1709/3154
f 9466/1908/3155 9467/1909/3155 9468/1937/3155
f 9469/1909/3156 9470/1898/3156 9471/1938/3156
f 9472/1939/3157 9473/1916/3157 9474/1917/3157
f 9475/1930/3158 9476/1891/3158 9477/1910/3158
f 9478/1901/3159 9479/1868/3159 9480/1940/3159
f 9481/1934/3160 9482/1894/3160 9483/1921/3160
f 9484/1941/3161 9485/1922/3161 9486/1935/3161
f 9487/1942/3162 9488/1923/3162 9489/1924/3162
f 9490/1942/3163 9491/1924/3163 9492/1936/3163
f 9493/1943/3164 9494/1936/3164 9495/1905/3164
f 9496/1905/3165 9497/1944/3165 9498/1943/3165
f 9499/1944/3166 9500/1905/3166 9501/1911/3166
f 9502/1944/3167 9503/1911/3167 9504/1945/3167
f 9505/1912/3168 9506/1945/3168 9507/1911/3168
f 9508/1912/3169 9509/1882/3169 9510/1946/3169
f 9511/1925/3170 9512/1946/3170 9513/1882/3170
f 9514/1925/3171 9515/1907/3171 9516/1883/3171
f 9517/1838/3172 9518/1926/3172 9519/1883/3172
f 9520/1895/3173 9521/1947/3173 9522/1709/3173
f 9523/1908/3174 9524/1948/3174 9525/1927/3174
f 9526/1908/3175 9527/1937/3175 9528/1948/3175
f 9529/1898/3176 9530/1949/3176 9531/1938/3176
f 9532/1914/3177 9533/1949/3177 9534/1898/3177
s 1
f 9535/1916/3178 9536/1950/3178 9537/1914/3178
s 0
f 9538/1951/3179 9539/1928/3179 9540/1918/3179
f 9541/1952/3180 9542/1918/3180 9543/1889/3180
f 9544/1889/3181 9545/1929/3181 9546/1952/3181
f 9547/1953/3182 9548/1890/3182 9549/1919/3182
f 9550/1930/3183 9551/1910/3183 9552/1940/3183
f 9553/1901/3184 9554/1940/3184 9555/1910/3184
f 9556/1920/3185 9557/1849/3185 9558/1931/3185
f 9559/1931/3186 9560/1902/3186 9561/1932/3186
f 9562/1903/3187 9563/1933/3187 9564/1893/3187
f 9565/1942/3188 9566/1935/3188 9567/1923/3188
f 9568/1944/3189 9569/1954/3189 9570/1943/3189
f 9571/1945/3190 9572/1912/3190 9573/1946/3190
f 9574/1895/3191 9575/1884/3191 9576/1955/3191
f 9577/1955/3192 9578/1884/3192 9579/1913/3192
f 9580/1909/3193 9581/1956/3193 9582/1937/3193
f 9583/1956/3194 9584/1909/3194 9585/1938/3194
f 9586/1949/3195 9587/1914/3195 9588/1950/3195
f 9589/1918/3196 9590/1957/3196 9591/1951/3196
f 9592/1940/3197 9593/1868/3197 9594/1920/3197
f 9595/1933/3198 9596/1903/3198 9597/1934/3198
f 9598/1958/3199 9599/1934/3199 9600/1921/3199
f 9601/1959/3200 9602/1921/3200 9603/1922/3200
f 9604/1959/3201 9605/1922/3201 9606/1941/3201
f 9607/1935/3202 9608/1960/3202 9609/1941/3202
f 9610/1960/3203 9611/1935/3203 9612/1942/3203
f 9613/1961/3204 9614/1942/3204 9615/1936/3204
f 9616/1962/3205 9617/1936/3205 9618/1943/3205
f 9619/1943/3206 9620/1963/3206 9621/1962/3206
f 9622/1943/3207 9623/1954/3207 9624/1963/3207
f 9625/1883/3208 9626/1964/3208 9627/1925/3208
f 9628/1913/3209 9629/1927/3209 9630/1948/3209
f 9631/1965/3210 9632/1966/3210 9633/1967/3210
f 9634/1957/3211 9635/1918/3211 9636/1952/3211
f 9637/1968/3212 9638/1929/3212 9639/1969/3212
f 9640/1969/3213 9641/1929/3213 9642/1890/3213
f 9643/1890/3214 9644/1953/3214 9645/1969/3214
f 9646/1934/3215 9647/1958/3215 9648/1933/3215
f 9649/1959/3216 9650/1941/3216 9651/1960/3216
f 9652/1961/3217 9653/1960/3217 9654/1942/3217
f 9655/1936/3218 9656/1962/3218 9657/1961/3218
f 9658/1944/3219 9659/1945/3219 9660/1954/3219
f 9661/1925/3220 9662/1964/3220 9663/1946/3220
f 9664/1883/3221 9665/1926/3221 9666/1964/3221
f 9667/1970/3222 9668/1913/3222 9669/1948/3222
f 9670/1956/3223 9671/1971/3223 9672/1937/3223
f 9673/1956/3224 9674/1938/3224 9675/1949/3224
f 9676/1951/3225 9677/1972/3225 9678/1973/3225
s 1
f 9679/1972/3226 9680/1951/3226 9681/1957/3226
s 0
f 9682/1929/3227 9683/1968/3227 9684/1952/3227
f 9685/1940/3228 9686/1920/3228 9687/1974/3228
f 9688/1921/3229 9689/1959/3229 9690/1958/3229
f 9691/1960/3230 9692/1975/3230 9693/1959/3230
f 9694/1962/3231 9695/1976/3231 9696/1961/3231
f 9697/1954/3232 9698/1977/3232 9699/1963/3232
f 9700/1978/3233 9701/1954/3233 9702/1945/3233
f 9703/1979/3234 9704/1945/3234 9705/1946/3234
f 9706/1979/3235 9707/1946/3235 9708/1964/3235
f 9709/1970/3236 9710/1948/3236 9711/1937/3236
f 9712/1937/3237 9713/1980/3237 9714/1970/3237
f 9715/1980/3238 9716/1937/3238 9717/1981/3238
f 9718/1971/3239 9719/1982/3239 9720/1937/3239
f 9721/1956/3240 9722/1983/3240 9723/1971/3240
f 9724/1949/3241 9725/1983/3241 9726/1956/3241
f 9727/1983/3242 9728/1949/3242 9729/1984/3242
f 9730/1950/3243 9731/1984/3243 9732/1949/3243
f 9733/1985/3244 9734/1920/3244 9735/1931/3244
f 9736/1985/3245 9737/1931/3245 9738/1932/3245
f 9739/1958/3246 9740/1986/3246 9741/1933/3246
f 9742/1986/3247 9743/1958/3247 9744/1987/3247
f 9745/1987/3248 9746/1958/3248 9747/1959/3248
f 9748/1988/3249 9749/1959/3249 9750/1975/3249
f 9751/1975/3250 9752/1960/3250 9753/1961/3250
f 9754/1989/3251 9755/1961/3251 9756/1976/3251
f 9757/1962/3252 9758/1963/3252 9759/1990/3252
f 9760/1990/3253 9761/1963/3253 9762/1977/3253
f 9763/1977/3254 9764/1954/3254 9765/1978/3254
f 9766/1945/3255 9767/1979/3255 9768/1978/3255
f 9769/1895/3256 9770/1991/3256 9771/1947/3256
f 9772/1991/3257 9773/1895/3257 9774/1992/3257
f 9775/1955/3258 9776/1992/3258 9777/1895/3258
f 9778/1992/3259 9779/1955/3259 9780/1993/3259
f 9781/1913/3260 9782/1993/3260 9783/1955/3260
f 9784/1993/3261 9785/1913/3261 9786/1970/3261
f 9787/1994/3262 9788/1980/3262 9789/1981/3262
s 1
f 9790/1937/3263 9791/1982/3263 9792/1981/3263
s 0
f 9793/1950/3264 9794/1995/3264 9795/1984/3264
f 9796/1996/3265 9797/1995/3265 9798/1950/3265
f 9799/1972/3266 9800/1957/3266 9801/1952/3266
f 9802/1952/3267 9803/1968/3267 9804/1997/3267
f 9805/1969/3268 9806/1998/3268 9807/1968/3268
f 9808/1999/3269 9809/1953/3269 9810/1919/3269
f 9811/1999/3270 9812/1919/3270 9813/1930/3270
f 9814/1930/3271 9815/1940/3271 9816/1999/3271
f 9817/1987/3272 9818/1959/3272 9819/1988/3272
f 9820/1962/3273 9821/2000/3273 9822/1976/3273
f 9823/1990/3274 9824/2000/3274 9825/1962/3274
f 9826/1993/3275 9827/2001/3275 9828/1992/3275
f 9829/1970/3276 9830/2002/3276 9831/1993/3276
f 9832/1970/3277 9833/2003/3277 9834/2002/3277
f 9835/1980/3278 9836/1994/3278 9837/2004/3278
f 9838/1982/3279 9839/2005/3279 9840/1981/3279
f 9841/2006/3280 9842/1995/3280 9843/1996/3280
f 9844/1972/3281 9845/2007/3281 9846/1973/3281
s 1
f 9847/1952/3282 9848/1997/3282 9849/1972/3282
s 0
f 9850/1997/3283 9851/1968/3283 9852/1998/3283
f 9853/1998/3284 9854/1969/3284 9855/2008/3284
f 9856/1953/3285 9857/2008/3285 9858/1969/3285
f 9859/1961/3286 9860/2009/3286 9861/1975/3286
f 9862/1990/3287 9863/2010/3287 9864/2000/3287
f 9865/2010/3288 9866/1990/3288 9867/1977/3288
f 9868/1977/3289 9869/2011/3289 9870/2010/3289
f 9871/2011/3290 9872/1977/3290 9873/1978/3290
f 9874/2001/3291 9875/1993/3291 9876/2012/3291
f 9877/2003/3292 9878/1970/3292 9879/2013/3292
f 9880/2013/3293 9881/1970/3293 9882/1980/3293
f 9883/1980/3294 9884/2004/3294 9885/2013/3294
f 9886/1994/3295 9887/2014/3295 9888/2004/3295
f 9889/2015/3296 9890/1994/3296 9891/1981/3296
f 9892/2005/3297 9893/1982/3297 9894/1971/3297
f 9895/1997/3298 9896/2016/3298 9897/1972/3298
f 9898/1953/3299 9899/2017/3299 9900/2008/3299
f 9901/1953/3300 9902/1999/3300 9903/2017/3300
f 9904/2018/3301 9905/1999/3301 9906/1940/3301
f 9907/1920/3302 9908/1985/3302 9909/1974/3302
f 9910/1987/3303 9911/2019/3303 9912/1986/3303
f 9913/2019/3304 9914/1987/3304 9915/1988/3304
f 9916/1961/3305 9917/1989/3305 9918/2009/3305
f 9919/1976/3306 9920/2020/3306 9921/1989/3306
f 9922/2020/3307 9923/1976/3307 9924/2000/3307
f 9925/2011/3308 9926/1978/3308 9927/1979/3308
f 9928/1979/3309 9929/2021/3309 9930/2011/3309
f 9931/1979/3310 9932/2022/3310 9933/2021/3310
f 9934/2022/3311 9935/1979/3311 9936/1964/3311
f 9937/2023/3312 9938/2022/3312 9939/1964/3312
f 9940/2023/3313 9941/1964/3313 9942/1926/3313
f 9943/1991/3314 9944/1992/3314 9945/2001/3314
f 9946/2012/3315 9947/1993/3315 9948/2002/3315
f 9949/2004/3316 9950/2024/3316 9951/2013/3316
f 9952/2024/3317 9953/2004/3317 9954/2014/3317
f 9955/2014/3318 9956/1994/3318 9957/2015/3318
f 9958/2015/3319 9959/2025/3319 9960/2014/3319
s 1
f 9961/2015/3320 9962/1981/3320 9963/2005/3320
s 0
f 9964/1971/3321 9965/1983/3321 9966/2026/3321
f 9967/2026/3322 9968/1983/3322 9969/1984/3322
f 9970/2027/3323 9971/1967/3323 9972/1966/3323
f 9973/2016/3324 9974/1997/3324 9975/1998/3324
f 9976/1940/3325 9977/1974/3325 9978/2018/3325
s 1
f 9979/1974/3326 9980/1985/3326 9981/2028/3326
s 0
f 9982/1986/3327 9983/2029/3327 9984/1933/3327
f 9985/1988/3328 9986/2030/3328 9987/2019/3328
f 9988/1988/3329 9989/1975/3329 9990/2031/3329
f 9991/2000/3330 9992/2032/3330 9993/2020/3330
f 9994/2032/3331 9995/2000/3331 9996/2010/3331
f 9997/2033/3332 9998/2002/3332 9999/2003/3332
f 10000/2013/3333 10001/2034/3333 10002/2003/3333
f 10003/2013/3334 10004/2024/3334 10005/2034/3334
f 10006/2035/3335 10007/2014/3335 10008/2025/3335
f 10009/1995/3336 10010/2036/3336 10011/1984/3336
f 10012/2036/3337 10013/1995/3337 10014/2037/3337
f 10015/2006/3338 10016/2037/3338 10017/1995/3338
f 10018/2037/3339 10019/2006/3339 10020/2038/3339
f 10021/1966/3340 10022/2039/3340 10023/2040/3340
f 10024/2041/3341 10025/2007/3341 10026/1972/3341
f 10027/1972/3342 10028/2042/3342 10029/2041/3342
f 10030/2016/3343 10031/2042/3343 10032/1972/3343
f 10033/1998/3344 10034/2043/3344 10035/2016/3344
f 10036/1998/3345 10037/2008/3345 10038/2043/3345
f 10039/2044/3346 10040/1974/3346 10041/2045/3346
f 10042/2045/3347 10043/1974/3347 10044/2028/3347
f 10045/1975/3348 10046/2046/3348 10047/2031/3348
f 10048/2009/3349 10049/2046/3349 10050/1975/3349
f 10051/1989/3350 10052/2047/3350 10053/2009/3350
f 10054/2047/3351 10055/1989/3351 10056/2020/3351
f 10057/2048/3352 10058/2022/3352 10059/2023/3352
f 10060/2049/3353 10061/1709/3353 10062/1947/3353
f 10063/2050/3354 10064/1991/3354 10065/2001/3354
f 10066/2050/3355 10067/2001/3355 10068/2051/3355
f 10069/2012/3356 10070/2051/3356 10071/2001/3356
f 10072/2012/3357 10073/2002/3357 10074/2033/3357
f 10075/2033/3358 10076/2003/3358 10077/2034/3358
f 10078/2034/3359 10079/2024/3359 10080/2052/3359
f 10081/2014/3360 10082/2053/3360 10083/2024/3360
f 10084/2035/3361 10085/2053/3361 10086/2014/3361
f 10087/2005/3362 10088/1971/3362 10089/2026/3362
f 10090/2017/3363 10091/2054/3363 10092/2008/3363
f 10093/2055/3364 10094/2017/3364 10095/1999/3364
f 10096/1999/3365 10097/2056/3365 10098/2055/3365
f 10099/2056/3366 10100/1999/3366 10101/2018/3366
f 10102/1974/3367 10103/2044/3367 10104/2018/3367
f 10105/2045/3368 10106/2057/3368 10107/2044/3368
f 10108/2057/3369 10109/2045/3369 10110/2058/3369
f 10111/2029/3370 10112/1986/3370 10113/2019/3370
f 10114/1988/3371 10115/2059/3371 10116/2030/3371
f 10117/2059/3372 10118/1988/3372 10119/2031/3372
f 10120/2046/3373 10121/2060/3373 10122/2031/3373
f 10123/2046/3374 10124/2009/3374 10125/2061/3374
f 10126/2061/3375 10127/2009/3375 10128/2047/3375
f 10129/2032/3376 10130/2062/3376 10131/2020/3376
f 10132/2010/3377 10133/2063/3377 10134/2032/3377
f 10135/2063/3378 10136/2010/3378 10137/2011/3378
f 10138/2021/3379 10139/2022/3379 10140/2048/3379
f 10141/2051/3380 10142/2064/3380 10143/2065/3380
f 10144/2064/3381 10145/2051/3381 10146/2012/3381
f 10147/2064/3382 10148/2012/3382 10149/2033/3382
f 10150/2034/3383 10151/2066/3383 10152/2033/3383
f 10153/2066/3384 10154/2034/3384 10155/2052/3384
f 10156/2052/3385 10157/2024/3385 10158/2053/3385
f 10159/2015/3386 10160/2067/3386 10161/2025/3386
f 10162/2067/3387 10163/2015/3387 10164/2005/3387
f 10165/2068/3388 10166/2005/3388 10167/2026/3388
f 10168/2069/3389 10169/2040/3389 10170/2039/3389
f 10171/2070/3390 10172/2042/3390 10173/2016/3390
f 10174/2070/3391 10175/2016/3391 10176/2043/3391
f 10177/2070/3392 10178/2043/3392 10179/2071/3392
f 10180/2071/3393 10181/2043/3393 10182/2008/3393
f 10183/2008/3394 10184/2054/3394 10185/2071/3394
f 10186/2055/3395 10187/2054/3395 10188/2017/3395
f 10189/2045/3396 10190/2072/3396 10191/2058/3396
f 10192/2072/3397 10193/2045/3397 10194/2073/3397
f 10195/2073/3398 10196/2045/3398 10197/2028/3398
f 10198/2028/3399 10199/2074/3399 10200/2073/3399
f 10201/1985/3400 10202/2075/3400 10203/2028/3400
f 10204/2076/3401 10205/2019/3401 10206/2030/3401
f 10207/2048/3402 10208/2023/3402 10209/1926/3402
f 10210/2049/3403 10211/1947/3403 10212/1991/3403
f 10213/2051/3404 10214/2065/3404 10215/2050/3404
f 10216/2033/3405 10217/2077/3405 10218/2064/3405
f 10219/2077/3406 10220/2033/3406 10221/2066/3406
f 10222/2005/3407 10223/2078/3407 10224/2067/3407
f 10225/2078/3408 10226/2005/3408 10227/2068/3408
f 10228/2026/3409 10229/1984/3409 10230/2036/3409
f 10231/2079/3410 10232/2007/3410 10233/2041/3410
f 10234/2074/3411 10235/2028/3411 10236/2075/3411
f 10237/2060/3412 10238/2080/3412 10239/2031/3412
f 10240/2047/3413 10241/2081/3413 10242/2061/3413
f 10243/2020/3414 10244/2082/3414 10245/2047/3414
f 10246/2082/3415 10247/2020/3415 10248/2062/3415
f 10249/2011/3416 10250/2021/3416 10251/2063/3416
f 10252/1709/3417 10253/2049/3417 10254/1926/3417
f 10255/2036/3418 10256/2083/3418 10257/2026/3418
f 10258/2037/3419 10259/2084/3419 10260/2036/3419
f 10261/2042/3420 10262/2085/3420 10263/2041/3420
f 10264/2086/3421 10265/2071/3421 10266/2054/3421
f 10267/2087/3422 10268/2058/3422 10269/2072/3422
f 10270/2072/3423 10271/2088/3423 10272/2087/3423
f 10273/2088/3424 10274/2072/3424 10275/2073/3424
f 10276/2075/3425 10277/2089/3425 10278/2074/3425
f 10279/2089/3426 10280/2075/3426 10281/2090/3426
f 10282/2019/3427 10283/2076/3427 10284/2029/3427
s 1
f 10285/2030/3428 10286/2059/3428 10287/2076/3428
s 0
f 10288/2060/3429 10289/2046/3429 10290/2091/3429
f 10291/2091/3430 10292/2046/3430 10293/2081/3430
f 10294/2061/3431 10295/2081/3431 10296/2046/3431
f 10297/2032/3432 10298/2092/3432 10299/2062/3432
f 10300/2092/3433 10301/2032/3433 10302/2063/3433
f 10303/2050/3434 10304/2093/3434 10305/1991/3434
f 10306/2094/3435 10307/2077/3435 10308/2095/3435
f 10309/2066/3436 10310/2095/3436 10311/2077/3436
f 10312/2096/3437 10313/2066/3437 10314/2052/3437
f 10315/2053/3438 10316/2096/3438 10317/2052/3438
f 10318/2096/3439 10319/2053/3439 10320/2097/3439
f 10321/2035/3440 10322/2025/3440 10323/2053/3440
f 10324/2068/3441 10325/2098/3441 10326/2078/3441
f 10327/2026/3442 10328/2098/3442 10329/2068/3442
f 10330/2098/3443 10331/2026/3443 10332/2099/3443
f 10333/2026/3444 10334/2083/3444 10335/2099/3444
f 10336/2039/3445 10337/2100/3445 10338/2069/3445
f 10339/2100/3446 10340/2039/3446 10341/2101/3446
f 10342/2085/3447 10343/2042/3447 10344/2070/3447
f 10345/2070/3448 10346/2102/3448 10347/2103/3448
f 10348/2104/3449 10349/2054/3449 10350/2055/3449
f 10351/2056/3450 10352/2105/3450 10353/2055/3450
f 10354/2056/3451 10355/2106/3451 10356/2105/3451
f 10357/2106/3452 10358/2056/3452 10359/2018/3452
f 10360/2057/3453 10361/2107/3453 10362/2044/3453
f 10363/2107/3454 10364/2057/3454 10365/2087/3454
f 10366/2087/3455 10367/2057/3455 10368/2058/3455
f 10369/2074/3456 10370/2088/3456 10371/2073/3456
f 10372/2088/3457 10373/2074/3457 10374/2089/3457
f 10375/2059/3458 10376/2031/3458 10377/2108/3458
f 10378/2047/3459 10379/2082/3459 10380/2081/3459
f 10381/2082/3460 10382/2062/3460 10383/2092/3460
f 10384/2048/3461 10385/2109/3461 10386/2021/3461
f 10387/1991/3462 10388/2110/3462 10389/2049/3462
f 10390/2065/3463 10391/2111/3463 10392/2050/3463
f 10393/2064/3464 10394/2111/3464 10395/2065/3464
f 10396/2077/3465 10397/2094/3465 10398/2064/3465
f 10399/2095/3466 10400/2066/3466 10401/2096/3466
f 10402/2053/3467 10403/2112/3467 10404/2097/3467
f 10405/2112/3468 10406/2053/3468 10407/2025/3468
f 10408/2041/3469 10409/2113/3469 10410/2079/3469
f 10411/2113/3470 10412/2041/3470 10413/2085/3470
f 10414/2070/3471 10415/2103/3471 10416/2085/3471
f 10417/2086/3472 10418/2070/3472 10419/2071/3472
f 10420/2054/3473 10421/2104/3473 10422/2086/3473
f 10423/2088/3474 10424/2114/3474 10425/2087/3474
f 10426/2108/3475 10427/2031/3475 10428/2080/3475
f 10429/2060/3476 10430/2091/3476 10431/2080/3476
f 10432/2115/3477 10433/2082/3477 10434/2092/3477
f 10435/2063/3478 10436/2116/3478 10437/2092/3478
f 10438/2093/3479 10439/2050/3479 10440/2111/3479
f 10441/2111/3480 10442/2064/3480 10443/2117/3480
f 10444/2094/3481 10445/2117/3481 10446/2064/3481
f 10447/2112/3482 10448/2025/3482 10449/2067/3482
f 10450/2098/3483 10451/2118/3483 10452/2078/3483
f 10453/2118/3484 10454/2098/3484 10455/2119/3484
f 10456/2119/3485 10457/2098/3485 10458/2099/3485
f 10459/2100/3486 10460/2101/3486 10461/2120/3486
f 10462/2085/3487 10463/2103/3487 10464/2113/3487
f 10465/2121/3488 10466/2103/3488 10467/2102/3488
f 10468/2102/3489 10469/2070/3489 10470/2086/3489
f 10471/2055/3490 10472/2122/3490 10473/2104/3490
s 1
f 10474/2044/3491 10475/2107/3491 10476/2123/3491
s 0
f 10477/2107/3492 10478/2087/3492 10479/2114/3492
f 10480/2088/3493 10481/2124/3493 10482/2114/3493
f 10483/2088/3494 10484/2125/3494 10485/2124/3494
f 10486/2125/3495 10487/2088/3495 10488/2089/3495
f 10489/2090/3496 10490/2126/3496 10491/2089/3496
f 10492/2081/3497 10493/2127/3497 10494/2091/3497
f 10495/2128/3498 10496/2063/3498 10497/2021/3498
f 10498/2129/3499 10499/2109/3499 10500/2048/3499
f 10501/1926/3500 10502/2129/3500 10503/2048/3500
f 10504/2093/3501 10505/2130/3501 10506/1991/3501
f 10507/2094/3502 10508/2131/3502 10509/2117/3502
f 10510/2095/3503 10511/2131/3503 10512/2094/3503
f 10513/2132/3504 10514/2097/3504 10515/2112/3504
f 10516/2133/3505 10517/2067/3505 10518/2078/3505
f 10519/2134/3506 10520/2079/3506 10521/2113/3506
f 10522/2103/3507 10523/2121/3507 10524/2113/3507
f 10525/2102/3508 10526/2135/3508 10527/2121/3508
f 10528/2086/3509 10529/2136/3509 10530/2102/3509
f 10531/2136/3510 10532/2086/3510 10533/2104/3510
f 10534/2122/3511 10535/2055/3511 10536/2105/3511
f 10537/2018/3512 10538/2123/3512 10539/2106/3512
f 10540/2123/3513 10541/2018/3513 10542/2044/3513
f 10543/2125/3514 10544/2089/3514 10545/2126/3514
f 10546/2137/3515 10547/2080/3515 10548/2091/3515
f 10549/2082/3516 10550/2115/3516 10551/2081/3516
f 10552/2092/3517 10553/2116/3517 10554/2115/3517
f 10555/2128/3518 10556/2021/3518 10557/2109/3518
f 10558/2129/3519 10559/1926/3519 10560/2049/3519
f 10561/1991/3520 10562/2130/3520 10563/2110/3520
f 10564/2093/3521 10565/2111/3521 10566/2138/3521
s 1
f 10567/2138/3522 10568/2111/3522 10569/2117/3522
s 0
f 10570/2095/3523 10571/2139/3523 10572/2131/3523
f 10573/2096/3524 10574/2139/3524 10575/2095/3524
f 10576/2139/3525 10577/2096/3525 10578/2132/3525
f 10579/2097/3526 10580/2132/3526 10581/2096/3526
f 10582/2067/3527 10583/2133/3527 10584/2112/3527
f 10585/2078/3528 10586/2118/3528 10587/2133/3528
s 1
f 10588/2100/3529 10589/2140/3529 10590/2069/3529
s 0
f 10591/2113/3530 10592/2121/3530 10593/2134/3530
s 1
f 10594/2141/3531 10595/2076/3531 10596/2059/3531
s 0
f 10597/2116/3532 10598/2142/3532 10599/2115/3532
f 10600/2128/3533 10601/2109/3533 10602/2143/3533
f 10603/2143/3534 10604/2109/3534 10605/2129/3534
f 10606/2117/3535 10607/2144/3535 10608/2138/3535
f 10609/2132/3536 10610/2145/3536 10611/2139/3536
f 10612/2118/3537 10613/2119/3537 10614/2099/3537
f 10615/2140/3538 10616/2146/3538 10617/2069/3538
f 10618/2147/3539 10619/2100/3539 10620/2120/3539
f 10621/2148/3540 10622/2105/3540 10623/2106/3540
f 10624/2149/3541 10625/2125/3541 10626/2126/3541
f 10627/2108/3542 10628/2080/3542 10629/2137/3542
f 10630/2091/3543 10631/2127/3543 10632/2137/3543
f 10633/2150/3544 10634/2127/3544 10635/2081/3544
f 10636/2142/3545 10637/2116/3545 10638/2063/3545
f 10639/2063/3546 10640/2151/3546 10641/2142/3546
f 10642/2063/3547 10643/2128/3547 10644/2151/3547
f 10645/2093/3548 10646/2138/3548 10647/2130/3548
f 10648/2144/3549 10649/2117/3549 10650/2131/3549
f 10651/2112/3550 10652/2152/3550 10653/2132/3550
s 1
f 10654/2118/3551 10655/2153/3551 10656/2133/3551
s 0
f 10657/2118/3552 10658/2099/3552 10659/2154/3552
f 10660/2100/3553 10661/2155/3553 10662/2140/3553
f 10663/2156/3554 10664/2134/3554 10665/2121/3554
f 10666/2135/3555 10667/2102/3555 10668/2136/3555
f 10669/2136/3556 10670/2157/3556 10671/2135/3556
f 10672/2158/3557 10673/2122/3557 10674/2105/3557
f 10675/2106/3558 10676/2123/3558 10677/2148/3558
f 10678/2125/3559 10679/2149/3559 10680/2159/3559
f 10681/2059/3560 10682/2160/3560 10683/2141/3560
f 10684/2108/3561 10685/2137/3561 10686/2161/3561
f 10687/2127/3562 10688/2150/3562 10689/2137/3562
f 10690/2162/3563 10691/2081/3563 10692/2115/3563
f 10693/2139/3564 10694/2163/3564 10695/2131/3564
f 10696/2145/3565 10697/2152/3565 10698/2139/3565
f 10699/2132/3566 10700/2152/3566 10701/2145/3566
f 10702/2147/3567 10703/2120/3567 10704/2164/3567
f 10705/2156/3568 10706/2121/3568 10707/2135/3568
f 10708/2165/3569 10709/2135/3569 10710/2157/3569
f 10711/2136/3570 10712/2166/3570 10713/2157/3570
f 10714/2166/3571 10715/2136/3571 10716/2104/3571
f 10717/2104/3572 10718/2122/3572 10719/2166/3572
f 10720/2158/3573 10721/2105/3573 10722/2148/3573
f 10723/2126/3574 10724/2167/3574 10725/2149/3574
f 10726/2108/3575 10727/2160/3575 10728/2059/3575
f 10729/2142/3576 10730/2168/3576 10731/2115/3576
f 10732/2138/3577 10733/2144/3577 10734/2169/3577
f 10735/2144/3578 10736/2131/3578 10737/2163/3578
f 10738/2139/3579 10739/2170/3579 10740/2163/3579
f 10741/2170/3580 10742/2139/3580 10743/2152/3580
f 10744/2171/3581 10745/2133/3581 10746/2153/3581
f 10747/2153/3582 10748/2118/3582 10749/2172/3582
f 10750/2154/3583 10751/2172/3583 10752/2118/3583
f 10753/2172/3584 10754/2154/3584 10755/2173/3584
f 10756/2174/3585 10757/2173/3585 10758/2154/3585
f 10759/2155/3586 10760/2175/3586 10761/2140/3586
f 10762/2155/3587 10763/2100/3587 10764/2147/3587
f 10765/2176/3588 10766/2135/3588 10767/2165/3588
f 10768/2165/3589 10769/2157/3589 10770/2166/3589
f 10771/2177/3590 10772/2158/3590 10773/2148/3590
f 10774/2178/3591 10775/2123/3591 10776/2107/3591
f 10777/2179/3592 10778/2107/3592 10779/2114/3592
f 10780/2179/3593 10781/2114/3593 10782/2124/3593
f 10783/2180/3594 10784/2124/3594 10785/2125/3594
f 10786/2180/3595 10787/2125/3595 10788/2159/3595
f 10789/2149/3596 10790/2167/3596 10791/2159/3596
f 10792/2181/3597 10793/2143/3597 10794/2129/3597
f 10795/2182/3598 10796/2110/3598 10797/2130/3598
f 10798/2138/3599 10799/2169/3599 10800/2130/3599
f 10801/2144/3600 10802/2183/3600 10803/2169/3600
f 10804/2183/3601 10805/2144/3601 10806/2163/3601
f 10807/2156/3602 10808/2135/3602 10809/2176/3602
f 10810/2184/3603 10811/2148/3603 10812/2123/3603
f 10813/2124/3604 10814/2180/3604 10815/2179/3604
f 10816/2108/3605 10817/2161/3605 10818/2160/3605
f 10819/2185/3606 10820/2161/3606 10821/2137/3606
f 10822/2081/3607 10823/2162/3607 10824/2150/3607
f 10825/2142/3608 10826/2151/3608 10827/2168/3608
f 10828/2128/3609 10829/2181/3609 10830/2151/3609
f 10831/2143/3610 10832/2181/3610 10833/2128/3610
f 10834/2181/3611 10835/2129/3611 10836/2049/3611
f 10837/2163/3612 10838/2186/3612 10839/2183/3612
f 10840/2186/3613 10841/2163/3613 10842/2170/3613
f 10843/2152/3614 10844/2187/3614 10845/2170/3614
f 10846/2173/3615 10847/2188/3615 10848/2172/3615
f 10849/2174/3616 10850/2188/3616 10851/2173/3616
f 10852/2188/3617 10853/2174/3617 10854/2189/3617
f 10855/2190/3618 10856/2164/3618 10857/2156/3618
f 10858/2166/3619 10859/2191/3619 10860/2165/3619
f 10861/2191/3620 10862/2166/3620 10863/2122/3620
f 10864/2122/3621 10865/2192/3621 10866/2191/3621
f 10867/2192/3622 10868/2122/3622 10869/2158/3622
f 10870/2148/3623 10871/2184/3623 10872/2177/3623
f 10873/2193/3624 10874/2159/3624 10875/2167/3624
f 10876/2185/3625 10877/2137/3625 10878/2150/3625
f 10879/2194/3626 10880/2151/3626 10881/2181/3626
f 10882/2195/3627 10883/2110/3627 10884/2182/3627
f 10885/2186/3628 10886/2196/3628 10887/2197/3628
f 10888/2196/3629 10889/2186/3629 10890/2170/3629
f 10891/2187/3630 10892/2152/3630 10893/2198/3630
f 10894/2112/3631 10895/2198/3631 10896/2152/3631
f 10897/2198/3632 10898/2112/3632 10899/2133/3632
f 10900/2189/3633 10901/2199/3633 10902/2188/3633
f 10903/2165/3634 10904/2191/3634 10905/2176/3634
f 10906/2159/3635 10907/2193/3635 10908/2180/3635
f 10909/2200/3636 10910/2150/3636 10911/2162/3636
f 10912/2182/3637 10913/2130/3637 10914/2169/3637
f 10915/2201/3638 10916/2169/3638 10917/2183/3638
f 10918/2202/3639 10919/2197/3639 10920/2196/3639
f 10921/2203/3640 10922/2196/3640 10923/2170/3640
f 10924/2133/3641 10925/2171/3641 10926/2198/3641
f 10927/2171/3642 10928/2153/3642 10929/2204/3642
f 10930/2172/3643 10931/2204/3643 10932/2153/3643
f 10933/2175/3644 10934/2155/3644 10935/2205/3644
f 10936/2155/3645 10937/2147/3645 10938/2205/3645
f 10939/2156/3646 10940/2176/3646 10941/2206/3646
f 10942/2192/3647 10943/2207/3647 10944/2191/3647
f 10945/2208/3648 10946/2177/3648 10947/2184/3648
f 10948/2107/3649 10949/2179/3649 10950/2178/3649
f 10951/2193/3650 10952/2179/3650 10953/2180/3650
f 10954/2185/3651 10955/2150/3651 10956/2200/3651
f 10957/2115/3652 10958/2209/3652 10959/2162/3652
f 10960/2209/3653 10961/2115/3653 10962/2168/3653
f 10963/2049/3654 10964/2210/3654 10965/2181/3654
f 10966/2182/3655 10967/2169/3655 10968/2201/3655
f 10969/2183/3656 10970/2211/3656 10971/2201/3656
f 10972/2211/3657 10973/2183/3657 10974/2186/3657
f 10975/2212/3658 10976/2186/3658 10977/2197/3658
f 10978/2197/3659 10979/2202/3659 10980/2212/3659
f 10981/2196/3660 10982/2203/3660 10983/2202/3660
f 10984/2170/3661 10985/2187/3661 10986/2203/3661
f 10987/2172/3662 10988/2213/3662 10989/2204/3662
f 10990/2213/3663 10991/2172/3663 10992/2188/3663
f 10993/2175/3664 10994/2205/3664 10995/2214/3664
f 10996/2164/3665 10997/2215/3665 10998/2147/3665
f 10999/2156/3666 11000/2206/3666 11001/2190/3666
f 11002/2158/3667 11003/2216/3667 11004/2192/3667
f 11005/2216/3668 11006/2158/3668 11007/2177/3668
f 11008/2217/3669 11009/2123/3669 11010/2178/3669
f 11011/2200/3670 11012/2162/3670 11013/2209/3670
s 1
f 11014/2194/3671 11015/2168/3671 11016/2151/3671
s 0
f 11017/2210/3672 11018/2194/3672 11019/2181/3672
f 11020/2201/3673 11021/2218/3673 11022/2182/3673
f 11023/2201/3674 11024/2211/3674 11025/2218/3674
f 11026/2211/3675 11027/2186/3675 11028/2212/3675
f 11029/2202/3676 11030/2219/3676 11031/2212/3676
f 11032/2219/3677 11033/2202/3677 11034/2203/3677
f 11035/2203/3678 11036/2187/3678 11037/2220/3678
f 11038/2147/3679 11039/2221/3679 11040/2205/3679
f 11041/2222/3680 11042/2215/3680 11043/2164/3680
f 11044/2222/3681 11045/2164/3681 11046/2190/3681
f 11047/2222/3682 11048/2190/3682 11049/2206/3682
f 11050/2176/3683 11051/2223/3683 11052/2206/3683
f 11053/2191/3684 11054/2207/3684 11055/2176/3684
f 11056/2177/3685 11057/2224/3685 11058/2216/3685
f 11059/2177/3686 11060/2208/3686 11061/2224/3686
f 11062/2225/3687 11063/2184/3687 11064/2123/3687
f 11065/2168/3688 11066/2194/3688 11067/2209/3688
f 11068/2226/3689 11069/2049/3689 11070/2110/3689
f 11071/2212/3690 11072/2218/3690 11073/2211/3690
f 11074/2218/3691 11075/2212/3691 11076/2219/3691
f 11077/2213/3692 11078/2188/3692 11079/2227/3692
f 11080/2227/3693 11081/2188/3693 11082/2199/3693
f 11083/2147/3694 11084/2228/3694 11085/2221/3694
f 11086/2228/3695 11087/2147/3695 11088/2215/3695
f 11089/2223/3696 11090/2176/3696 11091/2207/3696
f 11092/2192/3697 11093/2229/3697 11094/2207/3697
f 11095/2229/3698 11096/2192/3698 11097/2216/3698
f 11098/2184/3699 11099/2225/3699 11100/2208/3699
f 11101/2123/3700 11102/2217/3700 11103/2225/3700
f 11104/2200/3701 11105/2209/3701 11106/2194/3701
f 11107/2187/3702 11108/2198/3702 11109/2220/3702
f 11110/2213/3703 11111/2230/3703 11112/2204/3703
f 11113/2230/3704 11114/2213/3704 11115/2231/3704
f 11116/2231/3705 11117/2213/3705 11118/2227/3705
f 11119/2208/3706 11120/2225/3706 11121/2224/3706
s 1
f 11122/2218/3707 11123/2232/3707 11124/2182/3707
s 0
f 11125/2219/3708 11126/2233/3708 11127/2218/3708
f 11128/2233/3709 11129/2219/3709 11130/2220/3709
s 1
f 11131/2203/3710 11132/2220/3710 11133/2219/3710
s 0
f 11134/2234/3711 11135/2204/3711 11136/2230/3711
f 11137/2235/3712 11138/2236/3712 11139/2199/3712
f 11140/2236/3713 11141/2235/3713 11142/2175/3713
f 11143/2205/3714 11144/2221/3714 11145/2214/3714
f 11146/2207/3715 11147/2237/3715 11148/2223/3715
f 11149/2207/3716 11150/2229/3716 11151/2237/3716
f 11152/2238/3717 11153/2210/3717 11154/2049/3717
f 11155/2233/3718 11156/2232/3718 11157/2218/3718
f 11158/2220/3719 11159/2239/3719 11160/2233/3719
f 11161/2198/3720 11162/2171/3720 11163/2240/3720
f 11164/2171/3721 11165/2204/3721 11166/2240/3721
f 11167/2227/3722 11168/2241/3722 11169/2231/3722
f 11170/2241/3723 11171/2227/3723 11172/2199/3723
f 11173/2242/3724 11174/2175/3724 11175/2214/3724
f 11176/2215/3725 11177/2243/3725 11178/2228/3725
f 11179/2215/3726 11180/2244/3726 11181/2243/3726
f 11182/2244/3727 11183/2215/3727 11184/2222/3727
f 11185/2229/3728 11186/2216/3728 11187/2245/3728
f 11188/2224/3729 11189/2225/3729 11190/2216/3729
f 11191/2182/3730 11192/2246/3730 11193/2195/3730
f 11194/2246/3731 11195/2182/3731 11196/2232/3731
f 11197/2239/3732 11198/2247/3732 11199/2233/3732
f 11200/2220/3733 11201/2248/3733 11202/2239/3733
f 11203/2198/3734 11204/2248/3734 11205/2220/3734
f 11206/2175/3735 11207/2242/3735 11208/2236/3735
f 11209/2249/3736 11210/2214/3736 11211/2221/3736
f 11212/2228/3737 11213/2243/3737 11214/2221/3737
f 11215/2244/3738 11216/2222/3738 11217/2206/3738
f 11218/2206/3739 11219/2250/3739 11220/2244/3739
f 11221/2250/3740 11222/2206/3740 11223/2223/3740
f 11224/2110/3741 11225/2195/3741 11226/2226/3741
f 11227/2251/3742 11228/2195/3742 11229/2246/3742
f 11230/2234/3743 11231/2240/3743 11232/2204/3743
f 11233/2234/3744 11234/2230/3744 11235/2231/3744
f 11236/2199/3745 11237/2236/3745 11238/2252/3745
f 11239/2229/3746 11240/2245/3746 11241/2237/3746
f 11242/2253/3747 11243/2216/3747 11244/2225/3747
f 11245/2238/3748 11246/2049/3748 11247/2226/3748
f 11248/2246/3749 11249/2232/3749 11250/2254/3749
f 11251/2255/3750 11252/2223/3750 11253/2237/3750
f 11254/2253/3751 11255/2225/3751 11256/2217/3751
f 11257/2256/3752 11258/2232/3752 11259/2247/3752
f 11260/2233/3753 11261/2247/3753 11262/2232/3753
f 11263/2247/3754 11264/2239/3754 11265/2257/3754
f 11266/2248/3755 11267/2257/3755 11268/2239/3755
f 11269/2198/3756 11270/2257/3756 11271/2248/3756
f 11272/2257/3757 11273/2198/3757 11274/2258/3757
f 11275/2258/3758 11276/2198/3758 11277/2240/3758
f 11278/2231/3759 11279/2240/3759 11280/2234/3759
f 11281/2199/3760 11282/2252/3760 11283/2241/3760
f 11284/2214/3761 11285/2249/3761 11286/2242/3761
f 11287/2223/3762 11288/2255/3762 11289/2250/3762
f 11290/2254/3763 11291/2232/3763 11292/2256/3763
f 11293/2231/3764 11294/2241/3764 11295/2240/3764
f 11296/2259/3765 11297/2241/3765 11298/2252/3765
f 11299/2260/3766 11300/2252/3766 11301/2236/3766
f 11302/2260/3767 11303/2236/3767 11304/2242/3767
f 11305/2243/3768 11306/2261/3768 11307/2221/3768
f 11308/2261/3769 11309/2244/3769 11310/2250/3769
f 11311/2237/3770 11312/2245/3770 11313/2255/3770
f 11314/2254/3771 11315/2262/3771 11316/2246/3771
f 11317/2263/3772 11318/2254/3772 11319/2256/3772
f 11320/2247/3773 11321/2264/3773 11322/2256/3773
s 1
f 11323/2264/3774 11324/2247/3774 11325/2257/3774
s 0
f 11326/2261/3775 11327/2243/3775 11328/2244/3775
f 11329/2255/3776 11330/2265/3776 11331/2250/3776
f 11332/2216/3777 11333/2266/3777 11334/2245/3777
f 11335/2216/3778 11336/2253/3778 11337/2266/3778
f 11338/2267/3779 11339/2195/3779 11340/2251/3779
f 11341/2251/3780 11342/2246/3780 11343/2262/3780
f 11344/2263/3781 11345/2256/3781 11346/2268/3781
f 11347/2264/3782 11348/2268/3782 11349/2256/3782
f 11350/2241/3783 11351/2269/3783 11352/2240/3783
f 11353/2269/3784 11354/2241/3784 11355/2259/3784
f 11356/2242/3785 11357/2270/3785 11358/2260/3785
f 11359/2270/3786 11360/2242/3786 11361/2249/3786
f 11362/2271/3787 11363/2249/3787 11364/2221/3787
f 11365/2250/3788 11366/2272/3788 11367/2261/3788
f 11368/2273/3789 11369/2255/3789 11370/2245/3789
f 11371/2226/3790 11372/2195/3790 11373/2267/3790
f 11374/2267/3791 11375/2251/3791 11376/2274/3791
f 11377/2262/3792 11378/2274/3792 11379/2251/3792
f 11380/2262/3793 11381/2254/3793 11382/2263/3793
f 11383/2257/3794 11384/2275/3794 11385/2264/3794
s 1
f 11386/2257/3795 11387/2276/3795 11388/2275/3795
s 0
f 11389/2260/3796 11390/2277/3796 11391/2252/3796
f 11392/2278/3797 11393/2260/3797 11394/2270/3797
f 11395/2221/3798 11396/2261/3798 11397/2271/3798
f 11398/2245/3799 11399/2266/3799 11400/2273/3799
f 11401/2279/3800 11402/2267/3800 11403/2274/3800
f 11404/2268/3801 11405/2280/3801 11406/2263/3801
f 11407/2258/3802 11408/2240/3802 11409/2269/3802
f 11410/2281/3803 11411/2259/3803 11412/2252/3803
f 11413/2277/3804 11414/2260/3804 11415/2282/3804
f 11416/2282/3805 11417/2260/3805 11418/2278/3805
f 11419/2249/3806 11420/2283/3806 11421/2270/3806
f 11422/2249/3807 11423/2271/3807 11424/2283/3807
f 11425/2250/3808 11426/2284/3808 11427/2272/3808
f 11428/2284/3809 11429/2250/3809 11430/2265/3809
f 11431/2274/3810 11432/2262/3810 11433/2263/3810
f 11434/2268/3811 11435/2264/3811 11436/2275/3811
f 11437/2276/3812 11438/2257/3812 11439/2258/3812
f 11440/2259/3813 11441/2285/3813 11442/2269/3813
f 11443/2281/3814 11444/2252/3814 11445/2277/3814
f 11446/2286/3815 11447/2282/3815 11448/2278/3815
f 11449/2270/3816 11450/2286/3816 11451/2278/3816
f 11452/2270/3817 11453/2283/3817 11454/2286/3817
f 11455/2265/3818 11456/2255/3818 11457/2273/3818
f 11458/2287/3819 11459/2267/3819 11460/2279/3819
f 11461/2274/3820 11462/2263/3820 11463/2288/3820
f 11464/2288/3821 11465/2263/3821 11466/2280/3821
f 11467/2268/3822 11468/2275/3822 11469/2289/3822
f 11470/2290/3823 11471/2258/3823 11472/2269/3823
f 11473/2259/3824 11474/2281/3824 11475/2285/3824
f 11476/2291/3825 11477/2271/3825 11478/2261/3825
f 11479/2291/3826 11480/2261/3826 11481/2272/3826
f 11482/2265/3827 11483/2292/3827 11484/2284/3827
f 11485/2268/3828 11486/2289/3828 11487/2280/3828
f 11488/2276/3829 11489/2293/3829 11490/2275/3829
f 11491/2285/3830 11492/2281/3830 11493/2294/3830
f 11494/2295/3831 11495/2277/3831 11496/2282/3831
f 11497/2296/3832 11498/2265/3832 11499/2273/3832
f 11500/2297/3833 11501/2287/3833 11502/2279/3833
f 11503/2298/3834 11504/2288/3834 11505/2280/3834
f 11506/2298/3835 11507/2280/3835 11508/2289/3835
f 11509/2290/3836 11510/2269/3836 11511/2285/3836
f 11512/2294/3837 11513/2281/3837 11514/2277/3837
f 11515/2299/3838 11516/2286/3838 11517/2283/3838
f 11518/2271/3839 11519/2291/3839 11520/2283/3839
f 11521/2272/3840 11522/2300/3840 11523/2291/3840
f 11524/2272/3841 11525/2284/3841 11526/2300/3841
f 11527/2297/3842 11528/2279/3842 11529/2301/3842
f 11530/2274/3843 11531/2301/3843 11532/2279/3843
f 11533/2302/3844 11534/2298/3844 11535/2289/3844
f 11536/2275/3845 11537/2293/3845 11538/2289/3845
f 11539/2294/3846 11540/2303/3846 11541/2285/3846
f 11542/2304/3847 11543/2277/3847 11544/2295/3847
f 11545/2295/3848 11546/2282/3848 11547/2286/3848
f 11548/2295/3849 11549/2286/3849 11550/2299/3849
f 11551/2283/3850 11552/2305/3850 11553/2299/3850
f 11554/2283/3851 11555/2291/3851 11556/2305/3851
f 11557/2292/3852 11558/2265/3852 11559/2296/3852
f 11560/2274/3853 11561/2306/3853 11562/2301/3853
f 11563/2306/3854 11564/2274/3854 11565/2288/3854
f 11566/2277/3855 11567/2307/3855 11568/2294/3855
f 11569/2307/3856 11570/2277/3856 11571/2304/3856
f 11572/2306/3857 11573/2288/3857 11574/2298/3857
f 11575/2294/3858 11576/2307/3858 11577/2303/3858
f 11578/2291/3859 11579/2300/3859 11580/2308/3859
f 11581/2284/3860 11582/2309/3860 11583/2300/3860
f 11584/2306/3861 11585/2298/3861 11586/2302/3861
f 11587/2310/3862 11588/2295/3862 11589/2299/3862
s 1
f 11590/2310/3863 11591/2299/3863 11592/2305/3863
s 0
f 11593/2302/3864 11594/2311/3864 11595/2306/3864
f 11596/2311/3865 11597/2302/3865 11598/2289/3865
f 11599/2290/3866 11600/2285/3866 11601/2312/3866
f 11602/2312/3867 11603/2285/3867 11604/2303/3867
f 11605/2309/3868 11606/2292/3868 11607/2296/3868
f 11608/2301/3869 11609/2311/3869 11610/2297/3869
s 1
f 11611/2306/3870 11612/2311/3870 11613/2301/3870
s 0
f 11614/2289/3871 11615/2313/3871 11616/2311/3871
f 11617/2312/3872 11618/2303/3872 11619/2307/3872
f 11620/2309/3873 11621/2314/3873 11622/2300/3873
f 11623/2309/3874 11624/2284/3874 11625/2292/3874
f 11626/2310/3875 11627/2305/3875 11628/2291/3875
f 11629/2291/3876 11630/2308/3876 11631/2310/3876
f 11632/2295/3877 11633/2315/3877 11634/2304/3877
f 11635/2300/3878 11636/2314/3878 11637/2308/3878
f 11638/2316/3879 11639/2290/3879 11640/2312/3879
f 11641/2310/3880 11642/2315/3880 11643/2295/3880
f 11644/2289/3881 11645/2317/3881 11646/2313/3881
f 11647/2317/3882 11648/2289/3882 11649/2293/3882
f 11650/2276/3883 11651/2258/3883 11652/2293/3883
f 11653/2290/3884 11654/2318/3884 11655/2258/3884
f 11656/2318/3885 11657/2290/3885 11658/2316/3885
f 11659/2319/3886 11660/2307/3886 11661/2304/3886
f 11662/2319/3887 11663/2304/3887 11664/2315/3887
f 11665/2258/3888 11666/2317/3888 11667/2293/3888
f 11668/2316/3889 11669/2312/3889 11670/2307/3889
f 11671/2310/3890 11672/2320/3890 11673/2315/3890
f 11674/2314/3891 11675/2321/3891 11676/2308/3891
f 11677/2258/3892 11678/2318/3892 11679/2317/3892
f 11680/2316/3893 11681/2322/3893 11682/2318/3893
f 11683/2308/3894 11684/2321/3894 11685/2323/3894
f 11686/2307/3895 11687/2324/3895 11688/2316/3895
f 11689/2324/3896 11690/2307/3896 11691/2319/3896
f 11692/2308/3897 11693/2323/3897 11694/2310/3897
f 11695/2310/3898 11696/2325/3898 11697/2320/3898
f 11698/2310/3899 11699/2323/3899 11700/2325/3899
f 11701/2315/3900 11702/2326/3900 11703/2319/3900
f 11704/2326/3901 11705/2315/3901 11706/2320/3901
f 11707/2316/3902 11708/2324/3902 11709/2322/3902
f 11710/2319/3903 11711/2326/3903 11712/2324/3903
f 11713/2322/3904 11714/2327/3904 11715/2318/3904
f 11716/2327/3905 11717/2322/3905 11718/2324/3905
f 11719/2326/3906 11720/2320/3906 11721/2324/3906
