# Blender 5.2.2 LTS
# www.blender.org
mtllib mountain_snow.mtl
o Mountain_B_0
v -0.216979 -0.001253 1.211295
v -0.198587 0.031200 1.118358
v -0.325264 -0.000887 1.152477
v -0.325264 -0.000887 1.152477
v -0.355831 0.136761 0.682099
v -0.555161 -0.000775 1.076177
v -0.355831 0.136761 0.682099
v -0.325264 -0.000887 1.152477
v -0.198587 0.031200 1.118358
v 0.966911 0.739103 0.990225
v 0.960443 0.836618 0.852041
v 0.926589 0.785881 0.919636
v 0.960443 0.836618 0.852041
v 0.966911 0.739103 0.990225
v 1.007940 0.760135 0.934609
v 0.903833 0.865020 0.838561
v 0.926589 0.785881 0.919636
v 0.960443 0.836618 0.852041
v 1.115007 0.836920 0.841173
v 1.042379 0.882375 0.816816
v 1.065941 0.748814 0.921448
v 0.926589 0.785881 0.919636
v 0.903833 0.865020 0.838561
v 0.802259 0.809018 0.828043
v 1.007940 0.760135 0.934609
v 0.998334 0.913213 0.791420
v 0.960443 0.836618 0.852041
v 0.998334 0.913213 0.791420
v 1.007940 0.760135 0.934609
v 1.042379 0.882375 0.816816
v 0.960443 0.836618 0.852041
v 0.904294 0.888108 0.789582
v 0.903833 0.865020 0.838561
v 0.960443 0.836618 0.852041
v 0.968884 0.939169 0.790140
v 0.904294 0.888108 0.789582
v 0.968884 0.939169 0.790140
v 0.960443 0.836618 0.852041
v 0.998334 0.913213 0.791420
v 1.205184 0.829177 0.818488
v 1.186092 0.930723 0.687665
v 1.115007 0.836920 0.841173
v 0.903833 0.865020 0.838561
v 0.904294 0.888108 0.789582
v 0.802259 0.809018 0.828043
v 1.205184 0.829177 0.818488
v 1.209307 0.882328 0.748131
v 1.186092 0.930723 0.687665
v 1.069703 0.991104 0.699810
v 1.042379 0.882375 0.816816
v 1.084492 0.945726 0.754215
v 1.115007 0.836920 0.841173
v 1.084492 0.945726 0.754215
v 1.042379 0.882375 0.816816
v 0.904294 0.888108 0.789582
v 0.958674 0.969681 0.728217
v 0.841192 0.866324 0.695857
v 0.958674 0.969681 0.728217
v 0.904294 0.888108 0.789582
v 0.968884 0.939169 0.790140
v 0.958674 0.969681 0.728217
v 0.968884 0.939169 0.790140
v 0.998334 0.913213 0.791420
v 1.042379 0.882375 0.816816
v 1.021823 0.954075 0.714240
v 0.998334 0.913213 0.791420
v 1.021823 0.954075 0.714240
v 1.042379 0.882375 0.816816
v 1.069703 0.991104 0.699810
v 1.084492 0.945726 0.754215
v 1.115007 0.836920 0.841173
v 1.186092 0.930723 0.687665
v 0.998334 0.913213 0.791420
v 0.988955 0.962355 0.688021
v 0.958674 0.969681 0.728217
v 0.988955 0.962355 0.688021
v 0.998334 0.913213 0.791420
v 1.021823 0.954075 0.714240
v 1.069703 0.991104 0.699810
v 1.084492 0.945726 0.754215
v 1.138949 0.970117 0.701867
v 1.186092 0.930723 0.687665
v 1.138949 0.970117 0.701867
v 1.084492 0.945726 0.754215
v 1.229483 0.949126 0.680359
v 1.209307 0.882328 0.748131
v 1.281709 0.925334 0.736739
v 1.021823 0.954075 0.714240
v 1.069703 0.991104 0.699810
v 0.988955 0.962355 0.688021
v 1.186092 0.930723 0.687665
v 1.209307 0.882328 0.748131
v 1.229483 0.949126 0.680359
v 1.229483 0.949126 0.680359
v 1.281709 0.925334 0.736739
v 1.306778 0.956782 0.695783
v 1.306778 0.956782 0.695783
v 1.336262 0.909970 0.719033
v 1.354678 0.949204 0.653925
v 1.186092 0.930723 0.687665
v 1.229483 0.949126 0.680359
v 1.151211 0.916561 0.658078
v 1.328011 0.956990 0.620865
v 1.306778 0.956782 0.695783
v 1.354678 0.949204 0.653925
v 1.246265 0.917808 0.635777
v 1.306778 0.956782 0.695783
v 1.328011 0.956990 0.620865
v 1.246265 0.917808 0.635777
v 1.328011 0.956990 0.620865
v 1.269596 0.943652 0.592060
v 1.403847 0.995547 0.575742
v 1.433239 0.924474 0.648437
v 1.504002 0.840548 0.625411
v 1.557866 0.733716 0.714583
v 1.536539 0.950053 0.519908
v 1.504002 0.840548 0.625411
v 1.536539 0.950053 0.519908
v 1.557866 0.733716 0.714583
v 1.609361 0.972074 0.528105
v 1.306668 1.015704 0.544333
v 1.328011 0.956990 0.620865
v 1.354678 0.949204 0.653925
v 1.306668 1.015704 0.544333
v 1.354678 0.949204 0.653925
v 1.403847 0.995547 0.575742
v 1.433239 0.924474 0.648437
v 1.403847 0.995547 0.575742
v 1.354678 0.949204 0.653925
v 1.306668 1.015704 0.544333
v 1.269596 0.943652 0.592060
v 1.328011 0.956990 0.620865
v 1.339934 1.051340 0.532001
v 1.403847 0.995547 0.575742
v 1.407787 1.045017 0.538595
v 1.504002 0.840548 0.625411
v 1.536539 0.950053 0.519908
v 1.403847 0.995547 0.575742
v 1.169802 0.822972 0.554677
v 1.256198 0.935032 0.521502
v 1.145372 0.801599 0.530139
v 1.256198 0.935032 0.521502
v 1.169802 0.822972 0.554677
v 1.269596 0.943652 0.592060
v 1.256198 0.935032 0.521502
v 1.269596 0.943652 0.592060
v 1.306668 1.015704 0.544333
v 1.339934 1.051340 0.532001
v 1.306668 1.015704 0.544333
v 1.403847 0.995547 0.575742
v 1.403847 0.995547 0.575742
v 1.440082 1.012982 0.531547
v 1.407787 1.045017 0.538595
v 1.536539 0.950053 0.519908
v 1.440082 1.012982 0.531547
v 1.403847 0.995547 0.575742
v 1.609361 0.972074 0.528105
v 1.596514 0.959902 0.479020
v 1.536539 0.950053 0.519908
v 2.292344 0.542546 0.550228
v 2.246601 0.668494 0.488050
v 2.235316 0.618359 0.543242
v 2.207458 0.646249 0.464431
v 2.235316 0.618359 0.543242
v 2.246601 0.668494 0.488050
v 2.246601 0.668494 0.488050
v 2.292344 0.542546 0.550228
v 2.314094 0.670943 0.458616
v 2.413607 0.410651 0.524194
v 2.389305 0.754834 0.347572
v 2.314094 0.670943 0.458616
v 1.539649 0.936307 0.388433
v 1.512875 0.920604 0.434999
v 1.626750 0.950466 0.412507
v 1.596514 0.959902 0.479020
v 1.626750 0.950466 0.412507
v 1.512875 0.920604 0.434999
v 1.626750 0.950466 0.412507
v 1.672687 0.918774 0.472036
v 1.692929 0.935518 0.431046
v 1.732706 0.844431 0.487666
v 1.692929 0.935518 0.431046
v 1.672687 0.918774 0.472036
v 2.314094 0.670943 0.458616
v 2.286981 0.739702 0.430887
v 2.246601 0.668494 0.488050
v 2.286981 0.739702 0.430887
v 2.314094 0.670943 0.458616
v 2.332208 0.770124 0.379952
v 2.332208 0.770124 0.379952
v 2.314094 0.670943 0.458616
v 2.389305 0.754834 0.347572
v 2.413607 0.410651 0.524194
v 2.456763 0.572588 0.393288
v 2.389305 0.754834 0.347572
v 1.452208 0.952779 0.411380
v 1.512875 0.920604 0.434999
v 1.539649 0.936307 0.388433
v 1.692929 0.935518 0.431046
v 1.691212 1.028643 0.371152
v 1.626750 0.950466 0.412507
v 1.691212 1.028643 0.371152
v 1.692929 0.935518 0.431046
v 1.732706 0.844431 0.487666
v 2.246601 0.668494 0.488050
v 2.247288 0.752033 0.390857
v 2.207458 0.646249 0.464431
v 2.247288 0.752033 0.390857
v 2.246601 0.668494 0.488050
v 2.286981 0.739702 0.430887
v 2.286981 0.739702 0.430887
v 2.273112 0.814522 0.383193
v 2.247288 0.752033 0.390857
v 2.286981 0.739702 0.430887
v 2.296714 0.866974 0.344583
v 2.273112 0.814522 0.383193
v 2.296714 0.866974 0.344583
v 2.286981 0.739702 0.430887
v 2.332208 0.770124 0.379952
v 1.458506 0.986314 0.378901
v 1.452208 0.952779 0.411380
v 1.539649 0.936307 0.388433
v 1.732706 0.844431 0.487666
v 1.752226 1.051009 0.300112
v 1.691212 1.028643 0.371152
v 1.752226 1.051009 0.300112
v 1.732706 0.844431 0.487666
v 1.779065 0.900204 0.447541
v 1.779065 0.900204 0.447541
v 1.791168 1.034088 0.332202
v 1.752226 1.051009 0.300112
v 1.838978 0.876005 0.412621
v 1.823193 1.017282 0.322669
v 1.779065 0.900204 0.447541
v 2.247019 0.791589 0.298521
v 2.207458 0.646249 0.464431
v 2.247288 0.752033 0.390857
v 1.539649 0.936307 0.388433
v 1.530443 0.940176 0.353426
v 1.470694 0.974020 0.349666
v 1.530443 0.940176 0.353426
v 1.539649 0.936307 0.388433
v 1.626750 0.950466 0.412507
v 1.626750 0.950466 0.412507
v 1.561475 0.954276 0.332404
v 1.530443 0.940176 0.353426
v 1.638996 1.014982 0.314862
v 1.626750 0.950466 0.412507
v 1.691212 1.028643 0.371152
v 1.779065 0.900204 0.447541
v 1.823193 1.017282 0.322669
v 1.791168 1.034088 0.332202
v 2.207458 0.646249 0.464431
v 2.247019 0.791589 0.298521
v 2.076110 0.618155 0.465921
v 2.247019 0.791589 0.298521
v 2.247288 0.752033 0.390857
v 2.273112 0.814522 0.383193
v 1.429774 0.976280 0.329552
v 1.458506 0.986314 0.378901
v 1.470694 0.974020 0.349666
v 1.626750 0.950466 0.412507
v 1.638996 1.014982 0.314862
v 1.561475 0.954276 0.332404
v 2.273112 0.814522 0.383193
v 2.296714 0.866974 0.344583
v 2.247019 0.791589 0.298521
v 2.296714 0.866974 0.344583
v 2.332208 0.770124 0.379952
v 2.389305 0.754834 0.347572
v 2.456763 0.572588 0.393288
v 2.507921 0.534559 0.345669
v 2.389305 0.754834 0.347572
v 1.579774 0.993667 0.285995
v 1.561475 0.954276 0.332404
v 1.638996 1.014982 0.314862
v 1.691212 1.028643 0.371152
v 1.720646 1.077823 0.278007
v 1.638996 1.014982 0.314862
v 1.720646 1.077823 0.278007
v 1.691212 1.028643 0.371152
v 1.752226 1.051009 0.300112
v 1.791168 1.034088 0.332202
v 1.795569 1.054884 0.281018
v 1.752226 1.051009 0.300112
v 1.795569 1.054884 0.281018
v 1.791168 1.034088 0.332202
v 1.823193 1.017282 0.322669
v 1.894503 0.881160 0.314919
v 1.860192 0.966296 0.243389
v 1.823193 1.017282 0.322669
v 2.296714 0.866974 0.344583
v 2.269782 0.826811 0.284966
v 2.247019 0.791589 0.298521
v 2.299337 0.839803 0.261837
v 2.296714 0.866974 0.344583
v 2.389305 0.754834 0.347572
v 2.389305 0.754834 0.347572
v 2.398556 0.715357 0.263537
v 2.299337 0.839803 0.261837
v 2.389305 0.754834 0.347572
v 2.507921 0.534559 0.345669
v 2.398556 0.715357 0.263537
v 1.542315 0.929930 0.267967
v 1.517308 0.908770 0.303970
v 1.561475 0.954276 0.332404
v 1.561475 0.954276 0.332404
v 1.579774 0.993667 0.285995
v 1.542315 0.929930 0.267967
v 1.660735 1.027043 0.255667
v 1.579774 0.993667 0.285995
v 1.638996 1.014982 0.314862
v 1.720646 1.077823 0.278007
v 1.752226 1.051009 0.300112
v 1.759366 1.095360 0.259447
v 1.759366 1.095360 0.259447
v 1.752226 1.051009 0.300112
v 1.795569 1.054884 0.281018
v 2.247019 0.791589 0.298521
v 2.226892 0.865983 0.205240
v 2.076110 0.618155 0.465921
v 2.398556 0.715357 0.263537
v 2.507921 0.534559 0.345669
v 2.469458 0.617239 0.265593
v 1.660735 1.027043 0.255667
v 1.638996 1.014982 0.314862
v 1.688469 1.031344 0.260449
v 1.821706 1.061537 0.252734
v 1.795569 1.054884 0.281018
v 1.860192 0.966296 0.243389
v 1.894503 0.881160 0.314919
v 1.909477 0.959467 0.221636
v 1.860192 0.966296 0.243389
v 2.055387 0.786820 0.310831
v 2.076110 0.618155 0.465921
v 2.226892 0.865983 0.205240
v 2.269782 0.826811 0.284966
v 2.279580 0.852090 0.228182
v 2.247019 0.791589 0.298521
v 2.279580 0.852090 0.228182
v 2.269782 0.826811 0.284966
v 2.299337 0.839803 0.261837
v 2.387599 0.714017 0.225462
v 2.398556 0.715357 0.263537
v 2.469458 0.617239 0.265593
v 1.795569 1.054884 0.281018
v 1.789508 1.093450 0.226790
v 1.759366 1.095360 0.259447
v 1.789508 1.093450 0.226790
v 1.795569 1.054884 0.281018
v 1.821706 1.061537 0.252734
v 1.909477 0.959467 0.221636
v 1.950497 0.925783 0.263739
v 1.976857 0.951850 0.254517
v 1.976857 0.951850 0.254517
v 1.966385 0.980128 0.218641
v 1.909477 0.959467 0.221636
v 2.226892 0.865983 0.205240
v 2.247019 0.791589 0.298521
v 2.279580 0.852090 0.228182
v 1.844046 1.023237 0.188263
v 1.860192 0.966296 0.243389
v 1.909477 0.959467 0.221636
v 2.387599 0.714017 0.225462
v 2.368889 0.776844 0.182676
v 2.279580 0.852090 0.228182
v 2.469458 0.617239 0.265593
v 2.413334 0.779390 0.139183
v 2.387599 0.714017 0.225462
v 2.279580 0.852090 0.228182
v 2.297899 0.970246 0.145010
v 2.226892 0.865983 0.205240
v 2.297899 0.970246 0.145010
v 2.279580 0.852090 0.228182
v 2.368889 0.776844 0.182676
v 2.368889 0.776844 0.182676
v 2.387599 0.714017 0.225462
v 2.413334 0.779390 0.139183
v 1.582396 0.926245 0.160367
v 1.521303 0.883637 0.172922
v 1.642234 0.958571 0.145724
v 1.967227 1.120938 0.089722
v 1.909477 0.959467 0.221636
v 1.966385 0.980128 0.218641
v 2.297899 0.970246 0.145010
v 2.368889 0.776844 0.182676
v 2.337471 0.914470 0.085799
v 1.790343 1.056660 0.165624
v 1.793491 1.097779 0.110638
v 1.642234 0.958571 0.145724
v 1.793491 1.097779 0.110638
v 1.790343 1.056660 0.165624
v 1.844046 1.023237 0.188263
v 1.909477 0.959467 0.221636
v 1.967227 1.120938 0.089722
v 1.844046 1.023237 0.188263
v 2.226892 0.865983 0.205240
v 2.191081 1.002456 0.089838
v 2.055387 0.786820 0.310831
v 2.368889 0.776844 0.182676
v 2.413334 0.779390 0.139183
v 2.337471 0.914470 0.085799
v 1.442551 0.941070 0.085775
v 1.445392 0.844737 0.184098
v 1.521303 0.883637 0.172922
v 2.226892 0.865983 0.205240
v 2.224616 1.113411 0.056088
v 2.191081 1.002456 0.089838
v 2.224616 1.113411 0.056088
v 2.226892 0.865983 0.205240
v 2.297899 0.970246 0.145010
v 1.521303 0.883637 0.172922
v 1.518947 1.117304 -0.057694
v 1.442551 0.941070 0.085775
v 1.582396 0.926245 0.160367
v 1.518947 1.117304 -0.057694
v 1.521303 0.883637 0.172922
v 1.642234 0.958571 0.145724
v 1.734999 1.122200 0.053012
v 1.582396 0.926245 0.160367
v 1.734999 1.122200 0.053012
v 1.642234 0.958571 0.145724
v 1.793491 1.097779 0.110638
v 1.408026 0.972574 0.018129
v 1.367496 0.875910 0.098197
v 1.442551 0.941070 0.085775
v 1.442551 0.941070 0.085775
v 1.518947 1.117304 -0.057694
v 1.408026 0.972574 0.018129
v 1.582396 0.926245 0.160367
v 1.608830 1.146885 0.020107
v 1.518947 1.117304 -0.057694
v 1.128834 0.806280 0.015843
v 1.104556 0.791781 0.028389
v 1.170151 0.797591 -0.008286
v 1.208707 0.758833 0.046195
v 1.170151 0.797591 -0.008286
v 1.104556 0.791781 0.028389
v 1.290484 0.797158 0.082622
v 1.317447 0.927730 -0.019647
v 1.244536 0.800004 0.040636
v 1.317447 0.927730 -0.019647
v 1.290484 0.797158 0.082622
v 1.353222 0.935334 0.028311
v 1.367496 0.875910 0.098197
v 1.408026 0.972574 0.018129
v 1.353222 0.935334 0.028311
v 1.208707 0.758833 0.046195
v 1.176102 0.877610 -0.065545
v 1.170151 0.797591 -0.008286
v 1.176102 0.877610 -0.065545
v 1.208707 0.758833 0.046195
v 1.244536 0.800004 0.040636
v 1.317447 0.927730 -0.019647
v 1.353222 0.935334 0.028311
v 1.408026 0.972574 0.018129
v 1.128834 0.806280 0.015843
v 1.129463 0.818813 -0.048296
v 1.104556 0.791781 0.028389
v 1.129463 0.818813 -0.048296
v 1.128834 0.806280 0.015843
v 1.170151 0.797591 -0.008286
v 1.244536 0.800004 0.040636
v 1.230726 0.983160 -0.082799
v 1.176102 0.877610 -0.065545
v 1.244536 0.800004 0.040636
v 1.317447 0.927730 -0.019647
v 1.230726 0.983160 -0.082799
v 0.790722 0.710737 -0.065769
v 0.834381 0.678105 -0.017101
v 0.908076 0.788550 -0.107008
v 1.170151 0.797591 -0.008286
v 1.176102 0.877610 -0.065545
v 1.129463 0.818813 -0.048296
v 1.317447 0.927730 -0.019647
v 1.263548 1.038355 -0.109148
v 1.230726 0.983160 -0.082799
v 1.317447 0.927730 -0.019647
v 1.311932 1.041911 -0.103509
v 1.263548 1.038355 -0.109148
v 1.311932 1.041911 -0.103509
v 1.317447 0.927730 -0.019647
v 1.408026 0.972574 0.018129
v 1.408026 0.972574 0.018129
v 1.333789 1.082862 -0.127240
v 1.311932 1.041911 -0.103509
v 1.333789 1.082862 -0.127240
v 1.408026 0.972574 0.018129
v 1.433860 1.193175 -0.130478
v 0.588407 0.700318 -0.100225
v 0.606516 0.572727 -0.026290
v 0.705002 0.782002 -0.138274
v 0.705002 0.782002 -0.138274
v 0.606516 0.572727 -0.026290
v 0.725500 0.687776 -0.059485
v 0.725500 0.687776 -0.059485
v 0.805644 0.957414 -0.190755
v 0.705002 0.782002 -0.138274
v 0.805644 0.957414 -0.190755
v 0.725500 0.687776 -0.059485
v 0.790722 0.710737 -0.065769
v 1.086178 0.736795 -0.029535
v 1.141168 0.853884 -0.193817
v 1.002453 0.723775 -0.056587
v 1.141168 0.853884 -0.193817
v 1.086178 0.736795 -0.029535
v 1.159928 0.836557 -0.085273
v 0.512390 0.638171 -0.079323
v 0.527066 0.771849 -0.155687
v 0.481486 0.688379 -0.108796
v 0.581378 0.857207 -0.204474
v 0.512390 0.638171 -0.079323
v 0.588407 0.700318 -0.100225
v 0.908076 0.788550 -0.107008
v 0.867219 0.934776 -0.214082
v 0.790722 0.710737 -0.065769
v 0.981003 0.789671 -0.139455
v 0.916311 0.669262 -0.028871
v 1.002453 0.723775 -0.056587
v 1.002453 0.723775 -0.056587
v 1.044091 0.869094 -0.237498
v 0.981003 0.789671 -0.139455
v 1.183109 0.902935 -0.151462
v 1.141168 0.853884 -0.193817
v 1.159928 0.836557 -0.085273
v 1.183109 0.902935 -0.151462
v 1.159928 0.836557 -0.085273
v 1.230726 0.983160 -0.082799
v 0.481049 0.824211 -0.220912
v 0.481486 0.688379 -0.108796
v 0.527066 0.771849 -0.155687
v 0.527066 0.771849 -0.155687
v 0.512390 0.638171 -0.079323
v 0.581378 0.857207 -0.204474
v 0.588407 0.700318 -0.100225
v 0.680132 0.989830 -0.227839
v 0.581378 0.857207 -0.204474
v 0.680132 0.989830 -0.227839
v 0.588407 0.700318 -0.100225
v 0.705002 0.782002 -0.138274
v 0.805644 0.957414 -0.190755
v 0.747079 1.106990 -0.285815
v 0.705002 0.782002 -0.138274
v 1.002453 0.723775 -0.056587
v 1.141168 0.853884 -0.193817
v 1.044091 0.869094 -0.237498
v 0.987464 0.916234 -0.217058
v 0.981003 0.789671 -0.139455
v 1.044091 0.869094 -0.237498
v 0.396237 0.748073 -0.186356
v 0.481486 0.688379 -0.108796
v 0.481049 0.824211 -0.220912
v 0.805644 0.957414 -0.190755
v 0.779576 1.112986 -0.296402
v 0.747079 1.106990 -0.285815
v 0.867219 0.934776 -0.214082
v 0.908076 0.788550 -0.107008
v 0.981003 0.789671 -0.139455
v 0.680132 0.989830 -0.227839
v 0.705002 0.782002 -0.138274
v 0.747079 1.106990 -0.285815
v 1.141168 0.853884 -0.193817
v 1.183109 0.902935 -0.151462
v 1.289294 1.028702 -0.230553
v 0.527066 0.771849 -0.155687
v 0.468526 0.982844 -0.311007
v 0.481049 0.824211 -0.220912
v 0.468526 0.982844 -0.311007
v 0.527066 0.771849 -0.155687
v 0.581378 0.857207 -0.204474
v 0.581378 0.857207 -0.204474
v 0.680132 0.989830 -0.227839
v 0.638785 1.201886 -0.332388
v 0.942578 1.068145 -0.324558
v 0.867219 0.934776 -0.214082
v 0.987464 0.916234 -0.217058
v 0.981003 0.789671 -0.139455
v 0.987464 0.916234 -0.217058
v 0.867219 0.934776 -0.214082
v 0.551793 1.166993 -0.376762
v 0.581378 0.857207 -0.204474
v 0.638785 1.201886 -0.332388
v 0.680132 0.989830 -0.227839
v 0.711802 1.166556 -0.295054
v 0.638785 1.201886 -0.332388
v 0.711802 1.166556 -0.295054
v 0.680132 0.989830 -0.227839
v 0.747079 1.106990 -0.285815
v 0.805644 0.957414 -0.190755
v 0.867219 0.934776 -0.214082
v 0.942578 1.068145 -0.324558
v 1.182731 0.963256 -0.313963
v 1.141168 0.853884 -0.193817
v 1.289294 1.028702 -0.230553
v 2.503937 1.263815 -0.211029
v 2.477710 1.482031 -0.310291
v 2.399855 1.460101 -0.301264
v 2.477710 1.482031 -0.310291
v 2.503937 1.263815 -0.211029
v 2.555453 1.353670 -0.267581
v 0.805644 0.957414 -0.190755
v 0.824804 1.162146 -0.329468
v 0.779576 1.112986 -0.296402
v 0.824804 1.162146 -0.329468
v 0.805644 0.957414 -0.190755
v 0.942578 1.068145 -0.324558
v 1.077365 1.040088 -0.353836
v 1.044091 0.869094 -0.237498
v 1.119856 0.986742 -0.351355
v 1.119856 0.986742 -0.351355
v 1.044091 0.869094 -0.237498
v 1.141168 0.853884 -0.193817
v 1.141168 0.853884 -0.193817
v 1.182731 0.963256 -0.313963
v 1.119856 0.986742 -0.351355
v 2.555453 1.353670 -0.267581
v 2.516860 1.475132 -0.331613
v 2.477710 1.482031 -0.310291
v 2.516860 1.475132 -0.331613
v 2.555453 1.353670 -0.267581
v 2.525267 1.461016 -0.375425
v -0.155267 0.882631 -0.374045
v -0.169905 0.669681 -0.253097
v -0.091453 0.971734 -0.356088
v -0.089924 0.766161 -0.257382
v -0.033608 0.957401 -0.348112
v -0.091453 0.971734 -0.356088
v -0.033608 0.957401 -0.348112
v -0.089924 0.766161 -0.257382
v -0.018103 0.935812 -0.286417
v 0.581378 0.857207 -0.204474
v 0.551793 1.166993 -0.376762
v 0.509921 1.134727 -0.365057
v 0.674809 1.277999 -0.355490
v 0.638785 1.201886 -0.332388
v 0.711802 1.166556 -0.295054
v 1.044091 0.869094 -0.237498
v 1.077365 1.040088 -0.353836
v 0.942578 1.068145 -0.324558
v 1.775715 1.722506 -0.286076
v 1.766869 1.784649 -0.355018
v 1.731369 1.732566 -0.341909
v 1.766869 1.784649 -0.355018
v 1.775715 1.722506 -0.286076
v 1.813329 1.758590 -0.331732
v 1.859690 1.743780 -0.275303
v 1.873972 1.842726 -0.319448
v 1.813329 1.758590 -0.331732
v 1.883764 1.877772 -0.351595
v 1.873972 1.842726 -0.319448
v 1.905629 1.876015 -0.400807
v 1.905629 1.876015 -0.400807
v 1.873972 1.842726 -0.319448
v 1.952011 1.816126 -0.358310
v 2.466983 1.538166 -0.362876
v 2.477710 1.482031 -0.310291
v 2.516860 1.475132 -0.331613
v 0.779576 1.112986 -0.296402
v 0.771349 1.235303 -0.403219
v 0.747079 1.106990 -0.285815
v 0.942578 1.068145 -0.324558
v 0.953267 1.171916 -0.377060
v 0.824804 1.162146 -0.329468
v 1.873972 1.842726 -0.319448
v 1.883764 1.877772 -0.351595
v 1.813329 1.758590 -0.331732
v 2.060695 1.731850 -0.320506
v 2.047287 1.905437 -0.383157
v 1.978935 1.709345 -0.292690
v 2.047287 1.905437 -0.383157
v 2.060695 1.731850 -0.320506
v 2.120302 1.745253 -0.347939
v 2.399855 1.460101 -0.301264
v 2.359563 1.657840 -0.368039
v 2.338090 1.551101 -0.313880
v 2.477710 1.482031 -0.310291
v 2.466983 1.538166 -0.362876
v 2.399855 1.460101 -0.301264
v 2.516860 1.475132 -0.331613
v 2.525267 1.461016 -0.375425
v 2.466983 1.538166 -0.362876
v -0.096265 0.974074 -0.387638
v -0.155267 0.882631 -0.374045
v -0.091453 0.971734 -0.356088
v -0.096265 0.974074 -0.387638
v -0.091453 0.971734 -0.356088
v -0.017542 1.004595 -0.391463
v -0.033608 0.957401 -0.348112
v -0.017542 1.004595 -0.391463
v -0.091453 0.971734 -0.356088
v -0.017542 1.004595 -0.391463
v -0.033608 0.957401 -0.348112
v -0.018103 0.935812 -0.286417
v -0.017542 1.004595 -0.391463
v -0.018103 0.935812 -0.286417
v 0.061536 1.070700 -0.405886
v 0.061536 1.070700 -0.405886
v 0.036691 1.074807 -0.424035
v -0.017542 1.004595 -0.391463
v 0.638785 1.201886 -0.332388
v 0.597224 1.219601 -0.405343
v 0.551793 1.166993 -0.376762
v 0.597224 1.219601 -0.405343
v 0.638785 1.201886 -0.332388
v 0.674809 1.277999 -0.355490
v 0.674809 1.277999 -0.355490
v 0.647650 1.267583 -0.384162
v 0.597224 1.219601 -0.405343
v 0.647650 1.267583 -0.384162
v 0.674809 1.277999 -0.355490
v 0.717734 1.276040 -0.387201
v 0.771349 1.235303 -0.403219
v 0.779576 1.112986 -0.296402
v 0.824804 1.162146 -0.329468
v 0.824804 1.162146 -0.329468
v 0.848291 1.335940 -0.421961
v 0.771349 1.235303 -0.403219
v 0.953267 1.171916 -0.377060
v 0.942578 1.068145 -0.324558
v 1.077365 1.040088 -0.353836
v 1.663870 1.649190 -0.337987
v 1.731369 1.732566 -0.341909
v 1.653780 1.749095 -0.407580
v 1.766869 1.784649 -0.355018
v 1.737093 1.793752 -0.412851
v 1.731369 1.732566 -0.341909
v 1.813329 1.758590 -0.331732
v 1.817001 1.828981 -0.409049
v 1.766869 1.784649 -0.355018
v 1.813329 1.758590 -0.331732
v 1.883764 1.877772 -0.351595
v 1.817001 1.828981 -0.409049
v 1.978935 1.709345 -0.292690
v 2.005154 1.956893 -0.416690
v 1.952011 1.816126 -0.358310
v 2.005154 1.956893 -0.416690
v 1.978935 1.709345 -0.292690
v 2.047287 1.905437 -0.383157
v 2.047287 1.905437 -0.383157
v 2.120302 1.745253 -0.347939
v 2.104978 1.828199 -0.412492
v 2.440480 1.690637 -0.435776
v 2.359563 1.657840 -0.368039
v 2.399855 1.460101 -0.301264
v -0.096265 0.974074 -0.387638
v -0.180019 0.844617 -0.412183
v -0.155267 0.882631 -0.374045
v 0.551793 1.166993 -0.376762
v 0.597224 1.219601 -0.405343
v 0.509921 1.134727 -0.365057
v 0.717734 1.276040 -0.387201
v 0.686501 1.269903 -0.412090
v 0.647650 1.267583 -0.384162
v 0.717734 1.276040 -0.387201
v 0.729871 1.301686 -0.461199
v 0.686501 1.269903 -0.412090
v 1.119856 0.986742 -0.351355
v 1.062750 1.175667 -0.476062
v 1.077365 1.040088 -0.353836
v 1.731369 1.732566 -0.341909
v 1.737093 1.793752 -0.412851
v 1.653780 1.749095 -0.407580
v 1.766869 1.784649 -0.355018
v 1.784472 1.836753 -0.430042
v 1.737093 1.793752 -0.412851
v 1.784472 1.836753 -0.430042
v 1.766869 1.784649 -0.355018
v 1.817001 1.828981 -0.409049
v 1.817001 1.828981 -0.409049
v 1.883764 1.877772 -0.351595
v 1.905629 1.876015 -0.400807
v 1.952011 1.816126 -0.358310
v 1.914640 1.903225 -0.437611
v 1.905629 1.876015 -0.400807
v 1.952011 1.816126 -0.358310
v 2.005154 1.956893 -0.416690
v 1.914640 1.903225 -0.437611
v 2.359563 1.657840 -0.368039
v 2.333001 1.735924 -0.465614
v 2.338090 1.551101 -0.313880
v 2.359563 1.657840 -0.368039
v 2.376694 1.735176 -0.433838
v 2.333001 1.735924 -0.465614
v 2.376694 1.735176 -0.433838
v 2.359563 1.657840 -0.368039
v 2.440480 1.690637 -0.435776
v 2.440480 1.690637 -0.435776
v 2.399855 1.460101 -0.301264
v 2.466983 1.538166 -0.362876
v 2.525267 1.461016 -0.375425
v 2.505246 1.609948 -0.435511
v 2.466983 1.538166 -0.362876
v 2.505246 1.609948 -0.435511
v 2.525267 1.461016 -0.375425
v 2.600757 1.470413 -0.414186
v -0.096265 0.974074 -0.387638
v -0.076873 0.920618 -0.467569
v -0.180019 0.844617 -0.412183
v -0.076873 0.920618 -0.467569
v -0.096265 0.974074 -0.387638
v -0.017542 1.004595 -0.391463
v 0.514089 1.089416 -0.444924
v 0.509921 1.134727 -0.365057
v 0.597224 1.219601 -0.405343
v 0.686501 1.269903 -0.412090
v 0.642073 1.196945 -0.467265
v 0.647650 1.267583 -0.384162
v 0.642073 1.196945 -0.467265
v 0.686501 1.269903 -0.412090
v 0.729871 1.301686 -0.461199
v 0.848291 1.335940 -0.421961
v 0.797273 1.278358 -0.456364
v 0.771349 1.235303 -0.403219
v 0.953267 1.171916 -0.377060
v 0.968179 1.305670 -0.452250
v 0.909396 1.329983 -0.419024
v 0.968179 1.305670 -0.452250
v 0.953267 1.171916 -0.377060
v 1.017249 1.265805 -0.456479
v 1.077365 1.040088 -0.353836
v 1.017249 1.265805 -0.456479
v 0.953267 1.171916 -0.377060
v 1.017249 1.265805 -0.456479
v 1.077365 1.040088 -0.353836
v 1.062750 1.175667 -0.476062
v 1.656048 1.652800 -0.482605
v 1.653780 1.749095 -0.407580
v 1.737093 1.793752 -0.412851
v 1.817001 1.828981 -0.409049
v 1.914640 1.903225 -0.437611
v 1.784472 1.836753 -0.430042
v 1.914640 1.903225 -0.437611
v 1.817001 1.828981 -0.409049
v 1.905629 1.876015 -0.400807
v 2.338090 1.551101 -0.313880
v 2.333001 1.735924 -0.465614
v 2.267632 1.719545 -0.432936
v 2.440480 1.690637 -0.435776
v 2.466983 1.538166 -0.362876
v 2.505246 1.609948 -0.435511
v -0.076873 0.920618 -0.467569
v -0.191791 0.808311 -0.488306
v -0.180019 0.844617 -0.412183
v 0.034420 1.047575 -0.486792
v -0.017542 1.004595 -0.391463
v 0.036691 1.074807 -0.424035
v 0.597224 1.219601 -0.405343
v 0.642073 1.196945 -0.467265
v 0.514089 1.089416 -0.444924
v 0.647650 1.267583 -0.384162
v 0.642073 1.196945 -0.467265
v 0.597224 1.219601 -0.405343
v 0.729871 1.301686 -0.461199
v 0.771349 1.235303 -0.403219
v 0.797273 1.278358 -0.456364
v 0.848291 1.335940 -0.421961
v 0.900617 1.330156 -0.474612
v 0.797273 1.278358 -0.456364
v 0.900617 1.330156 -0.474612
v 0.848291 1.335940 -0.421961
v 0.909396 1.329983 -0.419024
v 0.900617 1.330156 -0.474612
v 0.909396 1.329983 -0.419024
v 0.968179 1.305670 -0.452250
v 1.119856 0.986742 -0.351355
v 1.121687 1.114758 -0.530035
v 1.062750 1.175667 -0.476062
v 1.121687 1.114758 -0.530035
v 1.119856 0.986742 -0.351355
v 1.159230 1.033260 -0.400742
v 1.159230 1.033260 -0.400742
v 1.163913 1.099897 -0.506532
v 1.121687 1.114758 -0.530035
v 1.656048 1.652800 -0.482605
v 1.737093 1.793752 -0.412851
v 1.784472 1.836753 -0.430042
v 1.914640 1.903225 -0.437611
v 1.815841 1.815402 -0.462457
v 1.784472 1.836753 -0.430042
v 1.815841 1.815402 -0.462457
v 1.914640 1.903225 -0.437611
v 1.882765 1.828388 -0.534811
v 2.005154 1.956893 -0.416690
v 2.002813 1.993138 -0.468529
v 1.914640 1.903225 -0.437611
v 2.002813 1.993138 -0.468529
v 2.005154 1.956893 -0.416690
v 2.064261 1.979418 -0.465447
v 2.047287 1.905437 -0.383157
v 2.064261 1.979418 -0.465447
v 2.005154 1.956893 -0.416690
v 2.064261 1.979418 -0.465447
v 2.047287 1.905437 -0.383157
v 2.104978 1.828199 -0.412492
v 2.100235 1.969960 -0.531925
v 2.104978 1.828199 -0.412492
v 2.192803 1.818678 -0.438120
v 2.376694 1.735176 -0.433838
v 2.383564 1.718821 -0.478809
v 2.333001 1.735924 -0.465614
v 2.376694 1.735176 -0.433838
v 2.466111 1.632739 -0.468551
v 2.383564 1.718821 -0.478809
v 2.466111 1.632739 -0.468551
v 2.376694 1.735176 -0.433838
v 2.440480 1.690637 -0.435776
v 2.466111 1.632739 -0.468551
v 2.440480 1.690637 -0.435776
v 2.505246 1.609948 -0.435511
v 2.505246 1.609948 -0.435511
v 2.519318 1.607090 -0.459203
v 2.466111 1.632739 -0.468551
v 2.519318 1.607090 -0.459203
v 2.505246 1.609948 -0.435511
v 2.600757 1.470413 -0.414186
v -0.076873 0.920618 -0.467569
v -0.017542 1.004595 -0.391463
v 0.034420 1.047575 -0.486792
v 0.034420 1.047575 -0.486792
v 0.036691 1.074807 -0.424035
v 0.061659 1.075642 -0.441063
v 0.715355 1.296981 -0.494268
v 0.642073 1.196945 -0.467265
v 0.729871 1.301686 -0.461199
v 0.756412 1.399393 -0.532740
v 0.729871 1.301686 -0.461199
v 0.797273 1.278358 -0.456364
v 0.900617 1.330156 -0.474612
v 0.852176 1.319374 -0.517088
v 0.797273 1.278358 -0.456364
v 0.958188 1.284735 -0.490489
v 0.900617 1.330156 -0.474612
v 0.968179 1.305670 -0.452250
v 0.958188 1.284735 -0.490489
v 0.968179 1.305670 -0.452250
v 1.017249 1.265805 -0.456479
v 1.017249 1.265805 -0.456479
v 1.005075 1.279296 -0.498790
v 0.958188 1.284735 -0.490489
v 1.017249 1.265805 -0.456479
v 1.062750 1.175667 -0.476062
v 1.005075 1.279296 -0.498790
v 1.656048 1.652800 -0.482605
v 1.784472 1.836753 -0.430042
v 1.815841 1.815402 -0.462457
v 1.882765 1.828388 -0.534811
v 1.914640 1.903225 -0.437611
v 2.002813 1.993138 -0.468529
v 2.033319 2.041135 -0.506612
v 2.002813 1.993138 -0.468529
v 2.064261 1.979418 -0.465447
v 2.104978 1.828199 -0.412492
v 2.100235 1.969960 -0.531925
v 2.064261 1.979418 -0.465447
v 2.192803 1.818678 -0.438120
v 2.155221 1.982504 -0.536138
v 2.100235 1.969960 -0.531925
v 2.519318 1.607090 -0.459203
v 2.489935 1.565613 -0.511077
v 2.466111 1.632739 -0.468551
v 2.646948 1.369074 -0.505961
v 2.519318 1.607090 -0.459203
v 2.600757 1.470413 -0.414186
v -0.032057 0.981795 -0.514271
v -0.076873 0.920618 -0.467569
v 0.034420 1.047575 -0.486792
v 0.034420 1.047575 -0.486792
v 0.024414 1.043708 -0.538097
v -0.032057 0.981795 -0.514271
v 0.729871 1.301686 -0.461199
v 0.756412 1.399393 -0.532740
v 0.715355 1.296981 -0.494268
v 0.797273 1.278358 -0.456364
v 0.799689 1.407933 -0.537816
v 0.756412 1.399393 -0.532740
v 0.799689 1.407933 -0.537816
v 0.797273 1.278358 -0.456364
v 0.852176 1.319374 -0.517088
v 0.900617 1.330156 -0.474612
v 0.908376 1.335266 -0.511554
v 0.852176 1.319374 -0.517088
v 0.958188 1.284735 -0.490489
v 0.908376 1.335266 -0.511554
v 0.900617 1.330156 -0.474612
v 1.005075 1.279296 -0.498790
v 1.062750 1.175667 -0.476062
v 1.121687 1.114758 -0.530035
v 1.815841 1.815402 -0.462457
v 1.813199 1.776030 -0.529971
v 1.656048 1.652800 -0.482605
v 1.813199 1.776030 -0.529971
v 1.815841 1.815402 -0.462457
v 1.882765 1.828388 -0.534811
v 2.002813 1.993138 -0.468529
v 1.983190 2.011537 -0.535064
v 1.882765 1.828388 -0.534811
v 1.983190 2.011537 -0.535064
v 2.002813 1.993138 -0.468529
v 2.033319 2.041135 -0.506612
v 2.033319 2.041135 -0.506612
v 2.064261 1.979418 -0.465447
v 2.100235 1.969960 -0.531925
v 2.192803 1.818678 -0.438120
v 2.245811 1.936245 -0.582850
v 2.155221 1.982504 -0.536138
v -0.082922 0.988578 -0.577816
v -0.076873 0.920618 -0.467569
v -0.032057 0.981795 -0.514271
v 0.715355 1.296981 -0.494268
v 0.651120 1.261466 -0.556835
v 0.584624 1.195572 -0.611355
v 0.908376 1.335266 -0.511554
v 0.865958 1.308205 -0.548457
v 0.852176 1.319374 -0.517088
v 0.958188 1.284735 -0.490489
v 0.980796 1.189285 -0.581763
v 0.908376 1.335266 -0.511554
v 1.005075 1.279296 -0.498790
v 0.980796 1.189285 -0.581763
v 0.958188 1.284735 -0.490489
v 1.005075 1.279296 -0.498790
v 1.029602 1.176486 -0.577407
v 0.980796 1.189285 -0.581763
v 1.029602 1.176486 -0.577407
v 1.005075 1.279296 -0.498790
v 1.121687 1.114758 -0.530035
v 1.397215 1.392949 -0.474001
v 1.594118 1.594915 -0.540676
v 1.287658 1.268672 -0.545788
v 1.594118 1.594915 -0.540676
v 1.656048 1.652800 -0.482605
v 1.813199 1.776030 -0.529971
v 1.813199 1.776030 -0.529971
v 1.738630 1.724545 -0.548526
v 1.594118 1.594915 -0.540676
v 0.024414 1.043708 -0.538097
v -0.000121 1.100623 -0.584919
v -0.032057 0.981795 -0.514271
v 0.086062 0.966830 -0.498894
v 0.090285 1.061409 -0.585967
v 0.024414 1.043708 -0.538097
v 0.090285 1.061409 -0.585967
v 0.086062 0.966830 -0.498894
v 0.137646 1.008984 -0.543179
v 0.715355 1.296981 -0.494268
v 0.745593 1.405182 -0.564098
v 0.651120 1.261466 -0.556835
v 0.745593 1.405182 -0.564098
v 0.715355 1.296981 -0.494268
v 0.756412 1.399393 -0.532740
v 0.756412 1.399393 -0.532740
v 0.781508 1.414924 -0.561691
v 0.745593 1.405182 -0.564098
v 0.799689 1.407933 -0.537816
v 0.781508 1.414924 -0.561691
v 0.756412 1.399393 -0.532740
v 0.799689 1.407933 -0.537816
v 0.865958 1.308205 -0.548457
v 0.781508 1.414924 -0.561691
v 0.865958 1.308205 -0.548457
v 0.799689 1.407933 -0.537816
v 0.852176 1.319374 -0.517088
v 0.980796 1.189285 -0.581763
v 0.865958 1.308205 -0.548457
v 0.908376 1.335266 -0.511554
v 1.121687 1.114758 -0.530035
v 1.092844 1.144910 -0.594422
v 1.029602 1.176486 -0.577407
v 1.092844 1.144910 -0.594422
v 1.121687 1.114758 -0.530035
v 1.142914 1.155496 -0.585278
v 1.163913 1.099897 -0.506532
v 1.190379 1.158896 -0.591431
v 1.121687 1.114758 -0.530035
v 1.349165 1.314652 -0.585022
v 1.287658 1.268672 -0.545788
v 1.594118 1.594915 -0.540676
v 1.594118 1.594915 -0.540676
v 1.738630 1.724545 -0.548526
v 1.704886 1.784023 -0.603349
v 1.813199 1.776030 -0.529971
v 1.780922 1.821529 -0.614518
v 1.738630 1.724545 -0.548526
v 1.882765 1.828388 -0.534811
v 1.865774 1.859009 -0.605694
v 1.813199 1.776030 -0.529971
v 1.983190 2.011537 -0.535064
v 1.955840 1.936877 -0.575112
v 1.882765 1.828388 -0.534811
v 2.033319 2.041135 -0.506612
v 2.021554 2.033736 -0.568036
v 1.983190 2.011537 -0.535064
v 2.021554 2.033736 -0.568036
v 2.033319 2.041135 -0.506612
v 2.068576 2.015274 -0.592747
v 2.068576 2.015274 -0.592747
v 2.033319 2.041135 -0.506612
v 2.100235 1.969960 -0.531925
v 2.646948 1.369074 -0.505961
v 2.506202 1.523840 -0.597572
v 2.489935 1.565613 -0.511077
v -0.000121 1.100623 -0.584919
v -0.082922 0.988578 -0.577816
v -0.032057 0.981795 -0.514271
v -0.000121 1.100623 -0.584919
v 0.024414 1.043708 -0.538097
v 0.090285 1.061409 -0.585967
v 0.821078 1.294856 -0.602361
v 0.781508 1.414924 -0.561691
v 0.865958 1.308205 -0.548457
v 0.821078 1.294856 -0.602361
v 0.865958 1.308205 -0.548457
v 0.980796 1.189285 -0.581763
v 1.142914 1.155496 -0.585278
v 1.121687 1.114758 -0.530035
v 1.190379 1.158896 -0.591431
v 1.284503 1.246269 -0.620964
v 1.287658 1.268672 -0.545788
v 1.349165 1.314652 -0.585022
v 1.594118 1.594915 -0.540676
v 1.704886 1.784023 -0.603349
v 1.567451 1.612897 -0.586709
v 1.813199 1.776030 -0.529971
v 1.828709 1.859871 -0.612100
v 1.780922 1.821529 -0.614518
v 1.828709 1.859871 -0.612100
v 1.813199 1.776030 -0.529971
v 1.865774 1.859009 -0.605694
v 1.865774 1.859009 -0.605694
v 1.882765 1.828388 -0.534811
v 1.955840 1.936877 -0.575112
v 1.955840 1.936877 -0.575112
v 1.983190 2.011537 -0.535064
v 2.021554 2.033736 -0.568036
v 2.100235 1.969960 -0.531925
v 2.116472 2.031052 -0.603045
v 2.068576 2.015274 -0.592747
v 2.116472 2.031052 -0.603045
v 2.100235 1.969960 -0.531925
v 2.155221 1.982504 -0.536138
v 2.155221 1.982504 -0.536138
v 2.150619 2.036049 -0.613461
v 2.116472 2.031052 -0.603045
v 2.150619 2.036049 -0.613461
v 2.155221 1.982504 -0.536138
v 2.245811 1.936245 -0.582850
v -0.000121 1.100623 -0.584919
v -0.097763 0.978547 -0.616751
v -0.082922 0.988578 -0.577816
v -0.097763 0.978547 -0.616751
v -0.000121 1.100623 -0.584919
v 0.017851 1.099131 -0.618309
v 0.745593 1.405182 -0.564098
v 0.584624 1.195572 -0.611355
v 0.651120 1.261466 -0.556835
v 0.584624 1.195572 -0.611355
v 0.745593 1.405182 -0.564098
v 0.750807 1.375513 -0.613263
v 0.750807 1.375513 -0.613263
v 0.745593 1.405182 -0.564098
v 0.781508 1.414924 -0.561691
v 0.750807 1.375513 -0.613263
v 0.781508 1.414924 -0.561691
v 0.821078 1.294856 -0.602361
v 1.034092 1.154542 -0.627722
v 0.980796 1.189285 -0.581763
v 1.029602 1.176486 -0.577407
v 1.034092 1.154542 -0.627722
v 1.029602 1.176486 -0.577407
v 1.092844 1.144910 -0.594422
v 1.142914 1.155496 -0.585278
v 1.152081 1.149297 -0.634758
v 1.092844 1.144910 -0.594422
v 1.287658 1.268672 -0.545788
v 1.284503 1.246269 -0.620964
v 1.190379 1.158896 -0.591431
v 1.738630 1.724545 -0.548526
v 1.780922 1.821529 -0.614518
v 1.704886 1.784023 -0.603349
v 1.955840 1.936877 -0.575112
v 1.981860 1.949816 -0.650180
v 1.865774 1.859009 -0.605694
v 1.981860 1.949816 -0.650180
v 1.955840 1.936877 -0.575112
v 2.006069 1.970916 -0.620651
v 2.021554 2.033736 -0.568036
v 2.006069 1.970916 -0.620651
v 1.955840 1.936877 -0.575112
v 2.006069 1.970916 -0.620651
v 2.021554 2.033736 -0.568036
v 2.068576 2.015274 -0.592747
v 2.245811 1.936245 -0.582850
v 2.269706 1.906554 -0.629233
v 2.150619 2.036049 -0.613461
v -0.021816 1.172801 -0.683710
v -0.097763 0.978547 -0.616751
v 0.017851 1.099131 -0.618309
v 0.340285 0.919475 -0.580506
v 0.299949 0.987646 -0.691475
v 0.229165 0.975909 -0.657362
v 0.750807 1.375513 -0.613263
v 0.737134 1.390960 -0.638132
v 0.584624 1.195572 -0.611355
v 0.750807 1.375513 -0.613263
v 0.821078 1.294856 -0.602361
v 0.844058 1.287058 -0.675726
v 0.844058 1.287058 -0.675726
v 0.821078 1.294856 -0.602361
v 0.898383 1.229095 -0.659936
v 0.980796 1.189285 -0.581763
v 0.898383 1.229095 -0.659936
v 0.821078 1.294856 -0.602361
v 0.946181 1.204619 -0.660442
v 0.980796 1.189285 -0.581763
v 1.034092 1.154542 -0.627722
v 1.471915 1.422886 -0.684145
v 1.349165 1.314652 -0.585022
v 1.486914 1.488052 -0.590949
v 1.768069 1.821419 -0.639555
v 1.704886 1.784023 -0.603349
v 1.780922 1.821529 -0.614518
v 1.780922 1.821529 -0.614518
v 1.828709 1.859871 -0.612100
v 1.866143 1.875324 -0.642172
v 1.866143 1.875324 -0.642172
v 1.828709 1.859871 -0.612100
v 1.865774 1.859009 -0.605694
v 1.866143 1.875324 -0.642172
v 1.865774 1.859009 -0.605694
v 1.981860 1.949816 -0.650180
v 1.981860 1.949816 -0.650180
v 2.006069 1.970916 -0.620651
v 2.068576 2.015274 -0.592747
v 2.068576 2.015274 -0.592747
v 2.077405 2.048320 -0.659805
v 1.981860 1.949816 -0.650180
v 2.077405 2.048320 -0.659805
v 2.068576 2.015274 -0.592747
v 2.116472 2.031052 -0.603045
v 0.099324 1.128433 -0.694179
v 0.017851 1.099131 -0.618309
v 0.132701 1.020688 -0.630573
v 0.099324 1.128433 -0.694179
v 0.132701 1.020688 -0.630573
v 0.229165 0.975909 -0.657362
v 0.340285 0.919475 -0.580506
v 0.361166 1.016828 -0.672088
v 0.299949 0.987646 -0.691475
v 0.584624 1.195572 -0.611355
v 0.577055 1.297114 -0.666690
v 0.508051 1.280334 -0.691625
v 0.584624 1.195572 -0.611355
v 0.678930 1.440502 -0.683541
v 0.577055 1.297114 -0.666690
v 0.678930 1.440502 -0.683541
v 0.584624 1.195572 -0.611355
v 0.737134 1.390960 -0.638132
v 0.737134 1.390960 -0.638132
v 0.721974 1.438798 -0.680865
v 0.678930 1.440502 -0.683541
v 0.750807 1.375513 -0.613263
v 0.772875 1.365489 -0.674319
v 0.737134 1.390960 -0.638132
v 0.772875 1.365489 -0.674319
v 0.750807 1.375513 -0.613263
v 0.844058 1.287058 -0.675726
v 0.946181 1.204619 -0.660442
v 1.034092 1.154542 -0.627722
v 1.029291 1.200693 -0.689499
v 1.092844 1.144910 -0.594422
v 1.113704 1.100367 -0.692753
v 1.034092 1.154542 -0.627722
v 1.780922 1.821529 -0.614518
v 1.843631 1.837948 -0.673687
v 1.768069 1.821419 -0.639555
v 1.923650 1.979324 -0.685964
v 1.866143 1.875324 -0.642172
v 1.981860 1.949816 -0.650180
v 2.060005 2.033810 -0.699303
v 1.981860 1.949816 -0.650180
v 2.077405 2.048320 -0.659805
v 2.116472 2.031052 -0.603045
v 2.119933 2.014597 -0.663625
v 2.077405 2.048320 -0.659805
v 2.119933 2.014597 -0.663625
v 2.116472 2.031052 -0.603045
v 2.150619 2.036049 -0.613461
v 2.150619 2.036049 -0.613461
v 2.219386 1.936565 -0.663997
v 2.119933 2.014597 -0.663625
v 2.219386 1.936565 -0.663997
v 2.150619 2.036049 -0.613461
v 2.269706 1.906554 -0.629233
v -0.021816 1.172801 -0.683710
v -0.062780 1.225351 -0.785056
v -0.097763 0.978547 -0.616751
v -0.021816 1.172801 -0.683710
v -0.007480 1.295661 -0.757371
v -0.062780 1.225351 -0.785056
v 0.099324 1.128433 -0.694179
v -0.021816 1.172801 -0.683710
v 0.017851 1.099131 -0.618309
v 0.536209 1.344200 -0.728605
v 0.508051 1.280334 -0.691625
v 0.577055 1.297114 -0.666690
v 0.678930 1.440502 -0.683541
v 0.603196 1.391011 -0.715360
v 0.577055 1.297114 -0.666690
v 0.737134 1.390960 -0.638132
v 0.772875 1.365489 -0.674319
v 0.721974 1.438798 -0.680865
v 1.029291 1.200693 -0.689499
v 1.034092 1.154542 -0.627722
v 1.113704 1.100367 -0.692753
v 1.981860 1.949816 -0.650180
v 2.060005 2.033810 -0.699303
v 1.923650 1.979324 -0.685964
v 2.077405 2.048320 -0.659805
v 2.101288 2.028818 -0.694011
v 2.060005 2.033810 -0.699303
v 2.101288 2.028818 -0.694011
v 2.077405 2.048320 -0.659805
v 2.119933 2.014597 -0.663625
v 2.101288 2.028818 -0.694011
v 2.119933 2.014597 -0.663625
v 2.219386 1.936565 -0.663997
v 2.219386 1.936565 -0.663997
v 2.228892 1.941032 -0.690968
v 2.101288 2.028818 -0.694011
v -0.097763 0.978547 -0.616751
v -0.062780 1.225351 -0.785056
v -0.158719 1.061129 -0.681020
v 0.099324 1.128433 -0.694179
v 0.027666 1.349791 -0.792389
v -0.021816 1.172801 -0.683710
v 0.299949 0.987646 -0.691475
v 0.283562 1.046904 -0.759415
v 0.229165 0.975909 -0.657362
v 0.577055 1.297114 -0.666690
v 0.603196 1.391011 -0.715360
v 0.536209 1.344200 -0.728605
v 0.772875 1.365489 -0.674319
v 0.748997 1.374533 -0.718453
v 0.721974 1.438798 -0.680865
v 1.471915 1.422886 -0.684145
v 1.568416 1.590814 -0.661581
v 1.647545 1.466769 -0.759491
v 1.934084 1.991198 -0.712682
v 1.923650 1.979324 -0.685964
v 2.060005 2.033810 -0.699303
v 2.060005 2.033810 -0.699303
v 2.029204 2.043135 -0.720716
v 1.934084 1.991198 -0.712682
v 2.101288 2.028818 -0.694011
v 2.122569 2.034915 -0.737398
v 2.060005 2.033810 -0.699303
v -0.158719 1.061129 -0.681020
v -0.137993 1.213178 -0.763802
v -0.226434 1.050589 -0.728510
v -0.137993 1.213178 -0.763802
v -0.158719 1.061129 -0.681020
v -0.062780 1.225351 -0.785056
v 0.227939 1.056727 -0.800941
v 0.229165 0.975909 -0.657362
v 0.283562 1.046904 -0.759415
v 0.583715 1.391438 -0.739016
v 0.536209 1.344200 -0.728605
v 0.603196 1.391011 -0.715360
v 0.583715 1.391438 -0.739016
v 0.603196 1.391011 -0.715360
v 0.623787 1.388001 -0.742434
v 0.623787 1.388001 -0.742434
v 0.603196 1.391011 -0.715360
v 0.664691 1.422075 -0.783452
v 0.678930 1.440502 -0.683541
v 0.664691 1.422075 -0.783452
v 0.603196 1.391011 -0.715360
v 0.678930 1.440502 -0.683541
v 0.721974 1.438798 -0.680865
v 0.664691 1.422075 -0.783452
v 0.664691 1.422075 -0.783452
v 0.721974 1.438798 -0.680865
v 0.748997 1.374533 -0.718453
v 1.672921 1.680556 -0.692766
v 1.647545 1.466769 -0.759491
v 1.568416 1.590814 -0.661581
v 1.647545 1.466769 -0.759491
v 1.672921 1.680556 -0.692766
v 1.734174 1.624126 -0.722773
v 1.995466 1.968642 -0.759630
v 1.934084 1.991198 -0.712682
v 2.029204 2.043135 -0.720716
v 2.122569 2.034915 -0.737398
v 2.101288 2.028818 -0.694011
v 2.214911 2.012200 -0.746691
v 2.228892 1.941032 -0.690968
v 2.214911 2.012200 -0.746691
v 2.101288 2.028818 -0.694011
v 2.214911 2.012200 -0.746691
v 2.228892 1.941032 -0.690968
v 2.309087 1.899839 -0.720589
v -0.021816 1.172801 -0.683710
v 0.027666 1.349791 -0.792389
v -0.007480 1.295661 -0.757371
v 0.536209 1.344200 -0.728605
v 0.504980 1.220197 -0.777686
v 0.508051 1.280334 -0.691625
v 0.504980 1.220197 -0.777686
v 0.536209 1.344200 -0.728605
v 0.595254 1.315002 -0.782458
v 0.583715 1.391438 -0.739016
v 0.595254 1.315002 -0.782458
v 0.536209 1.344200 -0.728605
v 0.623787 1.388001 -0.742434
v 0.595254 1.315002 -0.782458
v 0.583715 1.391438 -0.739016
v 0.595254 1.315002 -0.782458
v 0.623787 1.388001 -0.742434
v 0.664691 1.422075 -0.783452
v 0.748997 1.374533 -0.718453
v 0.774011 1.271387 -0.778613
v 0.664691 1.422075 -0.783452
v 1.077753 1.082321 -0.783853
v 1.068056 1.123148 -0.739489
v 1.113704 1.100367 -0.692753
v 1.838263 1.722130 -0.751775
v 1.647545 1.466769 -0.759491
v 1.734174 1.624126 -0.722773
v 1.995466 1.968642 -0.759630
v 2.029204 2.043135 -0.720716
v 2.037277 1.992525 -0.779835
v 2.037277 1.992525 -0.779835
v 2.029204 2.043135 -0.720716
v 2.060005 2.033810 -0.699303
v 2.037277 1.992525 -0.779835
v 2.060005 2.033810 -0.699303
v 2.106377 1.982219 -0.772321
v 2.122569 2.034915 -0.737398
v 2.106377 1.982219 -0.772321
v 2.060005 2.033810 -0.699303
v 2.106377 1.982219 -0.772321
v 2.122569 2.034915 -0.737398
v 2.214911 2.012200 -0.746691
v 2.243802 1.955344 -0.793986
v 2.214911 2.012200 -0.746691
v 2.309087 1.899839 -0.720589
v -0.137993 1.213178 -0.763802
v -0.245554 1.154235 -0.842092
v -0.226434 1.050589 -0.728510
v -0.062780 1.225351 -0.785056
v -0.092424 1.298957 -0.836905
v -0.137993 1.213178 -0.763802
v 0.738799 1.310498 -0.803153
v 0.664691 1.422075 -0.783452
v 0.774011 1.271387 -0.778613
v 0.915388 0.938806 -0.897805
v 0.908450 1.144570 -0.727846
v 1.005532 1.068188 -0.783166
v 1.010473 0.992087 -0.836052
v 1.005532 1.068188 -0.783166
v 1.068056 1.123148 -0.739489
v 1.920882 1.842244 -0.778948
v 1.995466 1.968642 -0.759630
v 2.037277 1.992525 -0.779835
v 2.082674 1.978908 -0.805931
v 2.037277 1.992525 -0.779835
v 2.106377 1.982219 -0.772321
v 2.214911 2.012200 -0.746691
v 2.243802 1.955344 -0.793986
v 2.106377 1.982219 -0.772321
v 2.309087 1.899839 -0.720589
v 2.303294 1.868022 -0.809250
v 2.243802 1.955344 -0.793986
v -0.062780 1.225351 -0.785056
v -0.007480 1.295661 -0.757371
v 0.027666 1.349791 -0.792389
v 0.283562 1.046904 -0.759415
v 0.271433 1.121167 -0.894155
v 0.227939 1.056727 -0.800941
v 0.517778 1.265472 -0.819727
v 0.451023 1.169712 -0.783616
v 0.504980 1.220197 -0.777686
v 0.517778 1.265472 -0.819727
v 0.504980 1.220197 -0.777686
v 0.595254 1.315002 -0.782458
v 0.595254 1.315002 -0.782458
v 0.579642 1.304024 -0.815266
v 0.517778 1.265472 -0.819727
v 0.579642 1.304024 -0.815266
v 0.595254 1.315002 -0.782458
v 0.640587 1.369221 -0.814969
v 0.664691 1.422075 -0.783452
v 0.640587 1.369221 -0.814969
v 0.595254 1.315002 -0.782458
v 0.640587 1.369221 -0.814969
v 0.664691 1.422075 -0.783452
v 0.656241 1.313215 -0.845257
v 0.664691 1.422075 -0.783452
v 0.738799 1.310498 -0.803153
v 0.656241 1.313215 -0.845257
v 0.882721 1.061670 -0.823449
v 0.908450 1.144570 -0.727846
v 0.915388 0.938806 -0.897805
v 2.037277 1.992525 -0.779835
v 1.961706 1.941375 -0.856118
v 1.920882 1.842244 -0.778948
v -0.114733 1.301113 -0.858687
v -0.137993 1.213178 -0.763802
v -0.092424 1.298957 -0.836905
v -0.009638 1.359156 -0.845909
v -0.062780 1.225351 -0.785056
v 0.027666 1.349791 -0.792389
v 0.048509 1.402790 -0.886551
v 0.027666 1.349791 -0.792389
v 0.121849 1.250643 -0.904776
v 0.283562 1.046904 -0.759415
v 0.357801 1.129014 -0.778795
v 0.271433 1.121167 -0.894155
v 0.451023 1.169712 -0.783616
v 0.439942 1.380013 -0.876306
v 0.390068 1.222939 -0.828734
v 0.439942 1.380013 -0.876306
v 0.451023 1.169712 -0.783616
v 0.488174 1.328789 -0.842588
v 0.517778 1.265472 -0.819727
v 0.488174 1.328789 -0.842588
v 0.451023 1.169712 -0.783616
v 0.579642 1.304024 -0.815266
v 0.554782 1.245652 -0.853554
v 0.517778 1.265472 -0.819727
v 0.640587 1.369221 -0.814969
v 0.656241 1.313215 -0.845257
v 0.579642 1.304024 -0.815266
v 1.010473 0.992087 -0.836052
v 0.915388 0.938806 -0.897805
v 1.005532 1.068188 -0.783166
v 2.037277 1.992525 -0.779835
v 1.992074 2.004638 -0.891762
v 1.961706 1.941375 -0.856118
v 2.037277 1.992525 -0.779835
v 2.042854 2.032148 -0.879810
v 1.992074 2.004638 -0.891762
v 2.042854 2.032148 -0.879810
v 2.037277 1.992525 -0.779835
v 2.082800 2.019934 -0.862781
v 2.082674 1.978908 -0.805931
v 2.082800 2.019934 -0.862781
v 2.037277 1.992525 -0.779835
v 2.106377 1.982219 -0.772321
v 2.190715 1.826257 -0.855625
v 2.082674 1.978908 -0.805931
v 2.243802 1.955344 -0.793986
v 2.190715 1.826257 -0.855625
v 2.106377 1.982219 -0.772321
v 2.243802 1.955344 -0.793986
v 2.242167 1.745171 -0.893077
v 2.190715 1.826257 -0.855625
v 2.242167 1.745171 -0.893077
v 2.243802 1.955344 -0.793986
v 2.303294 1.868022 -0.809250
v -0.092424 1.298957 -0.836905
v -0.039075 1.400532 -0.869744
v -0.114733 1.301113 -0.858687
v -0.039075 1.400532 -0.869744
v -0.092424 1.298957 -0.836905
v -0.062780 1.225351 -0.785056
v -0.039075 1.400532 -0.869744
v -0.062780 1.225351 -0.785056
v -0.009638 1.359156 -0.845909
v -0.039075 1.400532 -0.869744
v -0.009638 1.359156 -0.845909
v 0.006598 1.380759 -0.872696
v 0.006598 1.380759 -0.872696
v -0.009638 1.359156 -0.845909
v 0.027666 1.349791 -0.792389
v 0.027666 1.349791 -0.792389
v 0.048509 1.402790 -0.886551
v 0.006598 1.380759 -0.872696
v 0.271433 1.121167 -0.894155
v 0.357801 1.129014 -0.778795
v 0.330744 1.174968 -0.920789
v 0.330744 1.174968 -0.920789
v 0.357801 1.129014 -0.778795
v 0.390068 1.222939 -0.828734
v 0.488174 1.328789 -0.842588
v 0.473196 1.385563 -0.877336
v 0.439942 1.380013 -0.876306
v 0.517778 1.265472 -0.819727
v 0.473196 1.385563 -0.877336
v 0.488174 1.328789 -0.842588
v 0.473196 1.385563 -0.877336
v 0.517778 1.265472 -0.819727
v 0.554782 1.245652 -0.853554
v 0.579642 1.304024 -0.815266
v 0.656241 1.313215 -0.845257
v 0.665456 1.274274 -0.879536
v 2.082800 2.019934 -0.862781
v 2.082674 1.978908 -0.805931
v 2.190715 1.826257 -0.855625
v 2.303294 1.868022 -0.809250
v 2.320098 1.646511 -0.930319
v 2.242167 1.745171 -0.893077
v -0.039075 1.400532 -0.869744
v -0.090598 1.294926 -0.919706
v -0.114733 1.301113 -0.858687
v 0.390068 1.222939 -0.828734
v 0.367978 1.217888 -0.909472
v 0.330744 1.174968 -0.920789
v 0.367978 1.217888 -0.909472
v 0.390068 1.222939 -0.828734
v 0.439942 1.380013 -0.876306
v 0.579642 1.304024 -0.815266
v 0.606266 1.163312 -0.907188
v 0.554782 1.245652 -0.853554
v 0.665456 1.274274 -0.879536
v 0.606266 1.163312 -0.907188
v 0.579642 1.304024 -0.815266
v 0.882721 1.061670 -0.823449
v 0.828792 0.903101 -0.948406
v 0.819341 0.963565 -0.928979
v 0.882721 1.061670 -0.823449
v 0.915388 0.938806 -0.897805
v 0.828792 0.903101 -0.948406
v 1.660671 1.508069 -0.886940
v 1.635278 1.431890 -0.925223
v 1.543879 1.345801 -0.851251
v 2.082800 2.019934 -0.862781
v 2.069479 2.013076 -0.921424
v 2.042854 2.032148 -0.879810
v 2.082800 2.019934 -0.862781
v 2.156543 1.867772 -0.920107
v 2.069479 2.013076 -0.921424
v 2.156543 1.867772 -0.920107
v 2.082800 2.019934 -0.862781
v 2.190715 1.826257 -0.855625
v 2.190715 1.826257 -0.855625
v 2.207745 1.767422 -0.909133
v 2.156543 1.867772 -0.920107
v 2.207745 1.767422 -0.909133
v 2.190715 1.826257 -0.855625
v 2.242167 1.745171 -0.893077
v -0.090598 1.294926 -0.919706
v -0.039075 1.400532 -0.869744
v 0.004609 1.375453 -0.920675
v 0.006598 1.380759 -0.872696
v 0.004609 1.375453 -0.920675
v -0.039075 1.400532 -0.869744
v 0.004609 1.375453 -0.920675
v 0.006598 1.380759 -0.872696
v 0.048509 1.402790 -0.886551
v 0.048509 1.402790 -0.886551
v 0.121849 1.250643 -0.904776
v 0.041592 1.375875 -0.939640
v 0.367978 1.217888 -0.909472
v 0.439942 1.380013 -0.876306
v 0.463229 1.362220 -0.926615
v 0.473196 1.385563 -0.877336
v 0.463229 1.362220 -0.926615
v 0.439942 1.380013 -0.876306
v 0.486554 1.320787 -0.952463
v 0.473196 1.385563 -0.877336
v 0.554782 1.245652 -0.853554
v 0.570347 1.110047 -0.956434
v 0.554782 1.245652 -0.853554
v 0.606266 1.163312 -0.907188
v 1.449009 1.227980 -0.899199
v 1.543879 1.345801 -0.851251
v 1.519032 1.297523 -0.936140
v 1.635278 1.431890 -0.925223
v 1.519032 1.297523 -0.936140
v 1.543879 1.345801 -0.851251
v 1.635278 1.431890 -0.925223
v 1.660671 1.508069 -0.886940
v 1.722456 1.581568 -0.936065
v 2.042854 2.032148 -0.879810
v 2.028685 2.007447 -0.933901
v 1.992074 2.004638 -0.891762
v 2.028685 2.007447 -0.933901
v 2.042854 2.032148 -0.879810
v 2.069479 2.013076 -0.921424
v 2.263442 1.675239 -0.944679
v 2.242167 1.745171 -0.893077
v 2.320098 1.646511 -0.930319
v 0.004609 1.375453 -0.920675
v 0.000547 1.354731 -0.975952
v -0.090598 1.294926 -0.919706
v 0.048509 1.402790 -0.886551
v 0.041592 1.375875 -0.939640
v 0.004609 1.375453 -0.920675
v 0.121849 1.250643 -0.904776
v 0.103193 1.276993 -0.963387
v 0.041592 1.375875 -0.939640
v 0.103193 1.276993 -0.963387
v 0.121849 1.250643 -0.904776
v 0.152340 1.246317 -0.959684
v 0.238310 1.079906 -0.966329
v 0.237052 1.111723 -0.905559
v 0.295955 1.122214 -0.948642
v 0.295955 1.122214 -0.948642
v 0.271433 1.121167 -0.894155
v 0.330744 1.174968 -0.920789
v 0.367978 1.217888 -0.909472
v 0.404875 1.290265 -0.938103
v 0.330744 1.174968 -0.920789
v 0.404875 1.290265 -0.938103
v 0.367978 1.217888 -0.909472
v 0.463229 1.362220 -0.926615
v 0.678355 1.125090 -0.934338
v 0.819341 0.963565 -0.928979
v 0.828792 0.903101 -0.948406
v 1.449009 1.227980 -0.899199
v 1.519032 1.297523 -0.936140
v 1.362720 1.146130 -0.961306
v 1.674644 1.497912 -0.963444
v 1.635278 1.431890 -0.925223
v 1.722456 1.581568 -0.936065
v 1.992074 2.004638 -0.891762
v 2.028685 2.007447 -0.933901
v 2.000623 1.899630 -1.009832
v 2.156543 1.867772 -0.920107
v 2.084980 1.995132 -0.990041
v 2.069479 2.013076 -0.921424
v 2.242167 1.745171 -0.893077
v 2.263442 1.675239 -0.944679
v 2.207745 1.767422 -0.909133
v -0.090598 1.294926 -0.919706
v 0.000547 1.354731 -0.975952
v -0.046339 1.309305 -1.004555
v 0.000547 1.354731 -0.975952
v 0.004609 1.375453 -0.920675
v 0.041592 1.375875 -0.939640
v 0.041592 1.375875 -0.939640
v 0.103193 1.276993 -0.963387
v 0.000547 1.354731 -0.975952
v 0.208278 1.063036 -1.008919
v 0.199115 1.147018 -0.902761
v 0.238310 1.079906 -0.966329
v 0.295955 1.122214 -0.948642
v 0.330744 1.174968 -0.920789
v 0.404875 1.290265 -0.938103
v 0.404875 1.290265 -0.938103
v 0.388789 1.306833 -0.969842
v 0.295955 1.122214 -0.948642
v 0.388789 1.306833 -0.969842
v 0.404875 1.290265 -0.938103
v 0.449472 1.315143 -0.967948
v 0.463229 1.362220 -0.926615
v 0.449472 1.315143 -0.967948
v 0.404875 1.290265 -0.938103
v 0.486554 1.320787 -0.952463
v 0.554782 1.245652 -0.853554
v 0.570347 1.110047 -0.956434
v 0.756626 0.869254 -1.033660
v 0.678355 1.125090 -0.934338
v 0.828792 0.903101 -0.948406
v 1.519032 1.297523 -0.936140
v 1.674644 1.497912 -0.963444
v 1.435111 1.242849 -0.969589
v 1.674644 1.497912 -0.963444
v 1.519032 1.297523 -0.936140
v 1.635278 1.431890 -0.925223
v 1.929824 1.811701 -0.976020
v 1.914082 1.792986 -0.934303
v 2.000623 1.899630 -1.009832
v 1.914082 1.792986 -0.934303
v 1.992074 2.004638 -0.891762
v 2.000623 1.899630 -1.009832
v 2.156543 1.867772 -0.920107
v 2.144156 1.952652 -0.995566
v 2.084980 1.995132 -0.990041
v 2.207745 1.767422 -0.909133
v 2.144156 1.952652 -0.995566
v 2.156543 1.867772 -0.920107
v 2.144156 1.952652 -0.995566
v 2.207745 1.767422 -0.909133
v 2.263442 1.675239 -0.944679
v 2.320098 1.646511 -0.930319
v 2.368839 1.537158 -0.993875
v 2.263442 1.675239 -0.944679
v 0.103193 1.276993 -0.963387
v 0.040078 1.240821 -1.048246
v 0.000547 1.354731 -0.975952
v 0.108134 1.215709 -1.015868
v 0.103193 1.276993 -0.963387
v 0.152340 1.246317 -0.959684
v 0.295955 1.122214 -0.948642
v 0.388259 1.263678 -1.038784
v 0.308882 1.195946 -1.039420
v 0.388789 1.306833 -0.969842
v 0.388259 1.263678 -1.038784
v 0.295955 1.122214 -0.948642
v 0.388259 1.263678 -1.038784
v 0.388789 1.306833 -0.969842
v 0.413320 1.298908 -0.994582
v 0.413320 1.298908 -0.994582
v 0.388789 1.306833 -0.969842
v 0.449472 1.315143 -0.967948
v 1.571530 1.288485 -1.035272
v 1.435111 1.242849 -0.969589
v 1.612193 1.400668 -1.002477
v 1.674644 1.497912 -0.963444
v 1.612193 1.400668 -1.002477
v 1.435111 1.242849 -0.969589
v 1.612193 1.400668 -1.002477
v 1.674644 1.497912 -0.963444
v 1.694497 1.416227 -1.028464
v 1.722456 1.581568 -0.936065
v 1.694497 1.416227 -1.028464
v 1.674644 1.497912 -0.963444
v 1.694497 1.416227 -1.028464
v 1.722456 1.581568 -0.936065
v 1.774990 1.620347 -0.976325
v 1.885913 1.710153 -1.022946
v 1.822064 1.707633 -0.965866
v 1.929824 1.811701 -0.976020
v 2.000623 1.899630 -1.009832
v 2.028685 2.007447 -0.933901
v 2.084980 1.995132 -0.990041
v 2.069479 2.013076 -0.921424
v 2.084980 1.995132 -0.990041
v 2.028685 2.007447 -0.933901
v 2.188290 1.806002 -1.026999
v 2.144156 1.952652 -0.995566
v 2.263442 1.675239 -0.944679
v 2.263442 1.675239 -0.944679
v 2.273331 1.593140 -1.073076
v 2.188290 1.806002 -1.026999
v 0.103193 1.276993 -0.963387
v 0.108134 1.215709 -1.015868
v 0.040078 1.240821 -1.048246
v 0.208278 1.063036 -1.008919
v 0.108134 1.215709 -1.015868
v 0.152340 1.246317 -0.959684
v 0.206567 0.987759 -1.119610
v 0.208278 1.063036 -1.008919
v 0.238310 1.079906 -0.966329
v 0.828792 0.903101 -0.948406
v 0.838789 0.884962 -1.018486
v 0.756626 0.869254 -1.033660
v 1.446684 1.207199 -1.011462
v 1.435111 1.242849 -0.969589
v 1.571530 1.288485 -1.035272
v 1.885913 1.710153 -1.022946
v 1.929824 1.811701 -0.976020
v 1.956092 1.664834 -1.088094
v 1.956092 1.664834 -1.088094
v 1.929824 1.811701 -0.976020
v 2.000623 1.899630 -1.009832
v 2.084980 1.995132 -0.990041
v 2.076421 1.932465 -1.048688
v 2.000623 1.899630 -1.009832
v 2.273331 1.593140 -1.073076
v 2.263442 1.675239 -0.944679
v 2.368839 1.537158 -0.993875
v 0.000547 1.354731 -0.975952
v 0.040078 1.240821 -1.048246
v -0.046339 1.309305 -1.004555
v 0.238310 1.079906 -0.966329
v 0.248069 0.972716 -1.139778
v 0.206567 0.987759 -1.119610
v 0.248069 0.972716 -1.139778
v 0.238310 1.079906 -0.966329
v 0.308882 1.195946 -1.039420
v 0.388259 1.263678 -1.038784
v 0.361250 1.264690 -1.044520
v 0.308882 1.195946 -1.039420
v 1.446684 1.207199 -1.011462
v 1.617738 1.321367 -1.092832
v 1.298183 1.106614 -1.035719
v 1.617738 1.321367 -1.092832
v 1.446684 1.207199 -1.011462
v 1.571530 1.288485 -1.035272
v 1.694497 1.416227 -1.028464
v 1.571530 1.288485 -1.035272
v 1.612193 1.400668 -1.002477
v 1.726721 1.404948 -1.084198
v 1.694497 1.416227 -1.028464
v 1.774990 1.620347 -0.976325
v 1.822064 1.707633 -0.965866
v 1.846138 1.557322 -1.073354
v 1.774990 1.620347 -0.976325
v 1.846138 1.557322 -1.073354
v 1.822064 1.707633 -0.965866
v 1.885913 1.710153 -1.022946
v 2.043324 1.746373 -1.115721
v 2.000623 1.899630 -1.009832
v 2.076421 1.932465 -1.048688
v 2.076421 1.932465 -1.048688
v 2.084980 1.995132 -0.990041
v 2.144156 1.952652 -0.995566
v 2.144156 1.952652 -0.995566
v 2.086955 1.806105 -1.115177
v 2.076421 1.932465 -1.048688
v 2.368839 1.537158 -0.993875
v 2.347126 1.492364 -1.085902
v 2.273331 1.593140 -1.073076
v -0.046339 1.309305 -1.004555
v -0.078280 1.069378 -1.108163
v -0.092784 1.189451 -1.034440
v -0.078280 1.069378 -1.108163
v -0.046339 1.309305 -1.004555
v -0.005547 1.169908 -1.071608
v 0.040078 1.240821 -1.048246
v -0.005547 1.169908 -1.071608
v -0.046339 1.309305 -1.004555
v 0.039371 1.171875 -1.094211
v 0.040078 1.240821 -1.048246
v 0.108134 1.215709 -1.015868
v 0.108134 1.215709 -1.015868
v 0.109081 1.071643 -1.119229
v 0.039371 1.171875 -1.094211
v 0.108134 1.215709 -1.015868
v 0.131284 1.120049 -1.072246
v 0.109081 1.071643 -1.119229
v 0.131284 1.120049 -1.072246
v 0.108134 1.215709 -1.015868
v 0.208278 1.063036 -1.008919
v 0.361250 1.264690 -1.044520
v 0.354188 1.248782 -1.071849
v 0.308882 1.195946 -1.039420
v 0.902564 0.918650 -1.008244
v 1.142111 1.018476 -1.077779
v 0.838789 0.884962 -1.018486
v 1.617738 1.321367 -1.092832
v 1.422691 1.180811 -1.086437
v 1.298183 1.106614 -1.035719
v 1.694497 1.416227 -1.028464
v 1.726721 1.404948 -1.084198
v 1.571530 1.288485 -1.035272
v 1.726721 1.404948 -1.084198
v 1.774990 1.620347 -0.976325
v 1.846138 1.557322 -1.073354
v 1.846138 1.557322 -1.073354
v 1.885913 1.710153 -1.022946
v 1.956092 1.664834 -1.088094
v 2.000623 1.899630 -1.009832
v 2.043324 1.746373 -1.115721
v 1.956092 1.664834 -1.088094
v 2.076421 1.932465 -1.048688
v 2.086955 1.806105 -1.115177
v 2.043324 1.746373 -1.115721
v 2.144156 1.952652 -0.995566
v 2.137006 1.753927 -1.115409
v 2.086955 1.806105 -1.115177
v 2.137006 1.753927 -1.115409
v 2.144156 1.952652 -0.995566
v 2.188290 1.806002 -1.026999
v 2.188290 1.806002 -1.026999
v 2.273331 1.593140 -1.073076
v 2.137006 1.753927 -1.115409
v -0.005547 1.169908 -1.071608
v -0.025640 1.114623 -1.103083
v -0.078280 1.069378 -1.108163
v 0.040078 1.240821 -1.048246
v 0.039371 1.171875 -1.094211
v -0.005547 1.169908 -1.071608
v 1.142111 1.018476 -1.077779
v 0.920861 0.915929 -1.132716
v 0.838789 0.884962 -1.018486
v 1.422691 1.180811 -1.086437
v 1.617738 1.321367 -1.092832
v 1.623294 1.310829 -1.138823
v 1.617738 1.321367 -1.092832
v 1.571530 1.288485 -1.035272
v 1.726721 1.404948 -1.084198
v 1.726721 1.404948 -1.084198
v 1.846138 1.557322 -1.073354
v 1.956092 1.664834 -1.088094
v -0.005547 1.169908 -1.071608
v 0.007180 1.162507 -1.123063
v -0.025640 1.114623 -1.103083
v 0.007180 1.162507 -1.123063
v -0.005547 1.169908 -1.071608
v 0.039371 1.171875 -1.094211
v 0.039371 1.171875 -1.094211
v 0.109081 1.071643 -1.119229
v 0.007180 1.162507 -1.123063
v 0.131284 1.120049 -1.072246
v 0.206567 0.987759 -1.119610
v 0.109081 1.071643 -1.119229
v 1.726721 1.404948 -1.084198
v 1.956092 1.664834 -1.088094
v 1.972837 1.674910 -1.130434
v 0.010967 1.186172 -1.202025
v 0.007180 1.162507 -1.123063
v 0.045645 1.149584 -1.167741
v 1.422691 1.180811 -1.086437
v 1.623294 1.310829 -1.138823
v 1.424880 1.199126 -1.149589
v 1.623294 1.310829 -1.138823
v 1.617738 1.321367 -1.092832
v 1.769768 1.461344 -1.167403
v 1.726721 1.404948 -1.084198
v 1.769768 1.461344 -1.167403
v 1.617738 1.321367 -1.092832
v 1.769768 1.461344 -1.167403
v 1.726721 1.404948 -1.084198
v 1.837883 1.513111 -1.162104
v 1.837883 1.513111 -1.162104
v 1.726721 1.404948 -1.084198
v 1.972837 1.674910 -1.130434
v 2.043324 1.746373 -1.115721
v 2.055465 1.770035 -1.159493
v 1.972837 1.674910 -1.130434
v 2.055465 1.770035 -1.159493
v 2.043324 1.746373 -1.115721
v 2.086955 1.806105 -1.115177
v 2.086955 1.806105 -1.115177
v 2.093448 1.804881 -1.146887
v 2.055465 1.770035 -1.159493
v 2.093448 1.804881 -1.146887
v 2.086955 1.806105 -1.115177
v 2.155228 1.758203 -1.146645
v 2.137006 1.753927 -1.115409
v 2.155228 1.758203 -1.146645
v 2.086955 1.806105 -1.115177
v 2.273331 1.593140 -1.073076
v 2.328922 1.515264 -1.182116
v 2.137006 1.753927 -1.115409
v 2.347126 1.492364 -1.085902
v 2.328922 1.515264 -1.182116
v 2.273331 1.593140 -1.073076
v -0.111719 1.003038 -1.183908
v -0.078280 1.069378 -1.108163
v -0.025640 1.114623 -1.103083
v -0.025640 1.114623 -1.103083
v -0.032362 1.166075 -1.171786
v -0.111719 1.003038 -1.183908
v -0.032362 1.166075 -1.171786
v -0.025640 1.114623 -1.103083
v 0.007180 1.162507 -1.123063
v -0.032362 1.166075 -1.171786
v 0.007180 1.162507 -1.123063
v 0.010967 1.186172 -1.202025
v 1.623294 1.310829 -1.138823
v 1.572399 1.316319 -1.203166
v 1.424880 1.199126 -1.149589
v 1.972837 1.674910 -1.130434
v 2.006527 1.794271 -1.179011
v 1.864273 1.624796 -1.253014
v 2.006527 1.794271 -1.179011
v 1.972837 1.674910 -1.130434
v 2.055465 1.770035 -1.159493
v 2.155228 1.758203 -1.146645
v 2.145122 1.831387 -1.186642
v 2.093448 1.804881 -1.146887
v 2.137006 1.753927 -1.115409
v 2.262945 1.625193 -1.185134
v 2.155228 1.758203 -1.146645
v 2.328922 1.515264 -1.182116
v 2.262945 1.625193 -1.185134
v 2.137006 1.753927 -1.115409
v 2.328922 1.515264 -1.182116
v 2.347126 1.492364 -1.085902
v 2.462829 1.386396 -1.159492
v 0.084212 1.087301 -1.197687
v 0.045645 1.149584 -1.167741
v 0.119576 1.093690 -1.176490
v 0.119576 1.093690 -1.176490
v 0.115396 1.088435 -1.207772
v 0.084212 1.087301 -1.197687
v 0.206567 0.987759 -1.119610
v 0.208425 0.848631 -1.343026
v 0.180430 0.970622 -1.200626
v 0.208425 0.848631 -1.343026
v 0.206567 0.987759 -1.119610
v 0.248069 0.972716 -1.139778
v 1.424880 1.199126 -1.149589
v 1.572399 1.316319 -1.203166
v 1.433060 1.307809 -1.242749
v 1.623294 1.310829 -1.138823
v 1.654676 1.391334 -1.191219
v 1.572399 1.316319 -1.203166
v 2.020349 1.826508 -1.210286
v 2.006527 1.794271 -1.179011
v 2.055465 1.770035 -1.159493
v 2.093448 1.804881 -1.146887
v 2.089058 1.885806 -1.222879
v 2.055465 1.770035 -1.159493
v 2.145122 1.831387 -1.186642
v 2.089058 1.885806 -1.222879
v 2.093448 1.804881 -1.146887
v 2.145122 1.831387 -1.186642
v 2.155228 1.758203 -1.146645
v 2.262945 1.625193 -1.185134
v 2.262945 1.625193 -1.185134
v 2.328922 1.515264 -1.182116
v 2.330065 1.562288 -1.239271
v 2.462829 1.386396 -1.159492
v 2.389682 1.499385 -1.219418
v 2.328922 1.515264 -1.182116
v -0.116153 1.003227 -1.239111
v -0.111719 1.003038 -1.183908
v -0.038596 1.074415 -1.266679
v -0.038596 1.074415 -1.266679
v -0.111719 1.003038 -1.183908
v -0.032362 1.166075 -1.171786
v 0.047350 1.047261 -1.268292
v 0.045645 1.149584 -1.167741
v 0.084212 1.087301 -1.197687
v 0.084212 1.087301 -1.197687
v 0.114470 1.005152 -1.270753
v 0.047350 1.047261 -1.268292
v 0.114470 1.005152 -1.270753
v 0.084212 1.087301 -1.197687
v 0.115396 1.088435 -1.207772
v 1.769768 1.461344 -1.167403
v 1.746513 1.654298 -1.267471
v 1.654676 1.391334 -1.191219
v 1.948014 1.753354 -1.249632
v 2.006527 1.794271 -1.179011
v 2.020349 1.826508 -1.210286
v 2.069137 1.991957 -1.293641
v 2.020349 1.826508 -1.210286
v 2.055465 1.770035 -1.159493
v 2.055465 1.770035 -1.159493
v 2.089058 1.885806 -1.222879
v 2.069137 1.991957 -1.293641
v 2.144308 1.836079 -1.222595
v 2.089058 1.885806 -1.222879
v 2.145122 1.831387 -1.186642
v 2.262945 1.625193 -1.185134
v 2.144308 1.836079 -1.222595
v 2.145122 1.831387 -1.186642
v 2.144308 1.836079 -1.222595
v 2.262945 1.625193 -1.185134
v 2.246311 1.683980 -1.279610
v 2.330065 1.562288 -1.239271
v 2.328922 1.515264 -1.182116
v 2.389682 1.499385 -1.219418
v 2.462829 1.386396 -1.159492
v 2.508866 1.355046 -1.259389
v 2.389682 1.499385 -1.219418
v -0.038596 1.074415 -1.266679
v -0.032362 1.166075 -1.171786
v 0.010967 1.186172 -1.202025
v 0.180430 0.970622 -1.200626
v 0.208425 0.848631 -1.343026
v 0.114470 1.005152 -1.270753
v 1.017089 0.961788 -1.181783
v 0.961651 1.020215 -1.302034
v 0.923205 1.006440 -1.259087
v 1.017089 0.961788 -1.181783
v 1.035805 1.024091 -1.269676
v 0.961651 1.020215 -1.302034
v 1.080414 1.058002 -1.242017
v 1.071941 0.990089 -1.160916
v 1.178220 1.103587 -1.224451
v 1.654676 1.391334 -1.191219
v 1.696635 1.612098 -1.296859
v 1.616336 1.466782 -1.260062
v 1.654676 1.391334 -1.191219
v 1.746513 1.654298 -1.267471
v 1.696635 1.612098 -1.296859
v 1.746513 1.654298 -1.267471
v 1.769768 1.461344 -1.167403
v 1.864273 1.624796 -1.253014
v 2.144308 1.836079 -1.222595
v 2.113240 1.929047 -1.272202
v 2.089058 1.885806 -1.222879
v 2.262945 1.625193 -1.185134
v 2.330065 1.562288 -1.239271
v 2.246311 1.683980 -1.279610
v 2.474686 1.400189 -1.271715
v 2.389682 1.499385 -1.219418
v 2.508866 1.355046 -1.259389
v -0.070735 1.067184 -1.297305
v -0.116153 1.003227 -1.239111
v -0.038596 1.074415 -1.266679
v 0.010967 1.186172 -1.202025
v 0.047350 1.047261 -1.268292
v -0.038596 1.074415 -1.266679
v 0.114470 1.005152 -1.270753
v 0.082695 1.018673 -1.294686
v 0.047350 1.047261 -1.268292
v 1.154970 1.142118 -1.317991
v 1.080414 1.058002 -1.242017
v 1.178220 1.103587 -1.224451
v 1.178220 1.103587 -1.224451
v 1.210510 1.189352 -1.292978
v 1.154970 1.142118 -1.317991
v 1.210510 1.189352 -1.292978
v 1.178220 1.103587 -1.224451
v 1.303855 1.121421 -1.177756
v 1.572399 1.316319 -1.203166
v 1.544323 1.482614 -1.332447
v 1.433060 1.307809 -1.242749
v 1.572399 1.316319 -1.203166
v 1.616336 1.466782 -1.260062
v 1.544323 1.482614 -1.332447
v 1.948014 1.753354 -1.249632
v 1.919050 1.754722 -1.299775
v 1.864273 1.624796 -1.253014
v 2.020349 1.826508 -1.210286
v 2.034763 1.987633 -1.327184
v 1.948014 1.753354 -1.249632
v 2.034763 1.987633 -1.327184
v 2.020349 1.826508 -1.210286
v 2.069137 1.991957 -1.293641
v 2.069137 1.991957 -1.293641
v 2.089058 1.885806 -1.222879
v 2.113240 1.929047 -1.272202
v 2.144308 1.836079 -1.222595
v 2.246311 1.683980 -1.279610
v 2.113240 1.929047 -1.272202
v 2.246311 1.683980 -1.279610
v 2.330065 1.562288 -1.239271
v 2.307087 1.687351 -1.300715
v 2.307087 1.687351 -1.300715
v 2.330065 1.562288 -1.239271
v 2.369571 1.606389 -1.294551
v 2.389682 1.499385 -1.219418
v 2.369571 1.606389 -1.294551
v 2.330065 1.562288 -1.239271
v 4.030504 0.006637 -1.371250
v 3.852772 0.089566 -1.184651
v 4.057349 0.000353 -1.233377
v -0.070735 1.067184 -1.297305
v -0.038596 1.074415 -1.266679
v 0.047350 1.047261 -1.268292
v 0.047350 1.047261 -1.268292
v 0.063680 0.983033 -1.325919
v -0.070735 1.067184 -1.297305
v 0.063680 0.983033 -1.325919
v 0.047350 1.047261 -1.268292
v 0.082695 1.018673 -1.294686
v 1.544323 1.482614 -1.332447
v 1.474037 1.557980 -1.394884
v 1.433060 1.307809 -1.242749
v 1.696635 1.612098 -1.296859
v 1.746513 1.654298 -1.267471
v 1.760008 1.750550 -1.313532
v 1.971097 1.955096 -1.334705
v 1.948014 1.753354 -1.249632
v 2.034763 1.987633 -1.327184
v 2.113240 1.929047 -1.272202
v 2.105439 1.989697 -1.311178
v 2.069137 1.991957 -1.293641
v 2.113240 1.929047 -1.272202
v 2.246311 1.683980 -1.279610
v 2.250566 1.732977 -1.334027
v 2.369571 1.606389 -1.294551
v 2.389682 1.499385 -1.219418
v 2.452069 1.477728 -1.301522
v 2.474686 1.400189 -1.271715
v 2.452069 1.477728 -1.301522
v 2.389682 1.499385 -1.219418
v 3.842541 0.086095 -1.373051
v 3.852772 0.089566 -1.184651
v 4.030504 0.006637 -1.371250
v 0.063680 0.983033 -1.325919
v 0.082695 1.018673 -1.294686
v 0.114470 1.005152 -1.270753
v 0.114470 1.005152 -1.270753
v 0.208425 0.848631 -1.343026
v 0.063680 0.983033 -1.325919
v 1.303855 1.121421 -1.177756
v 1.311606 1.350838 -1.363765
v 1.210510 1.189352 -1.292978
v 1.433060 1.307809 -1.242749
v 1.400241 1.493683 -1.371115
v 1.338670 1.379161 -1.333858
v 1.433060 1.307809 -1.242749
v 1.474037 1.557980 -1.394884
v 1.400241 1.493683 -1.371115
v 1.616336 1.466782 -1.260062
v 1.649615 1.719893 -1.349148
v 1.544323 1.482614 -1.332447
v 1.649615 1.719893 -1.349148
v 1.616336 1.466782 -1.260062
v 1.696635 1.612098 -1.296859
v 1.696635 1.612098 -1.296859
v 1.669260 1.827914 -1.399858
v 1.649615 1.719893 -1.349148
v 1.864273 1.624796 -1.253014
v 1.826476 1.857335 -1.381417
v 1.746513 1.654298 -1.267471
v 1.864273 1.624796 -1.253014
v 1.919050 1.754722 -1.299775
v 1.826476 1.857335 -1.381417
v 1.919050 1.754722 -1.299775
v 1.948014 1.753354 -1.249632
v 1.971097 1.955096 -1.334705
v 2.008690 2.001375 -1.349676
v 1.971097 1.955096 -1.334705
v 2.034763 1.987633 -1.327184
v 2.069137 1.991957 -1.293641
v 2.075812 2.014722 -1.335282
v 2.034763 1.987633 -1.327184
v 2.105439 1.989697 -1.311178
v 2.075812 2.014722 -1.335282
v 2.069137 1.991957 -1.293641
v 2.105439 1.989697 -1.311178
v 2.113240 1.929047 -1.272202
v 2.250566 1.732977 -1.334027
v 2.250566 1.732977 -1.334027
v 2.246311 1.683980 -1.279610
v 2.302102 1.677905 -1.330576
v 2.307087 1.687351 -1.300715
v 2.302102 1.677905 -1.330576
v 2.246311 1.683980 -1.279610
v 2.302102 1.677905 -1.330576
v 2.307087 1.687351 -1.300715
v 2.369571 1.606389 -1.294551
v 2.369571 1.606389 -1.294551
v 2.353638 1.607672 -1.352347
v 2.302102 1.677905 -1.330576
v 2.369571 1.606389 -1.294551
v 2.428947 1.521621 -1.339757
v 2.353638 1.607672 -1.352347
v 2.428947 1.521621 -1.339757
v 2.369571 1.606389 -1.294551
v 2.452069 1.477728 -1.301522
v 2.452069 1.477728 -1.301522
v 2.474686 1.400189 -1.271715
v 2.529574 1.398069 -1.347080
v 3.852772 0.089566 -1.184651
v 3.842541 0.086095 -1.373051
v 3.660076 0.193059 -1.285251
v -0.118204 1.052528 -1.297013
v -0.117275 1.174285 -1.374587
v -0.164554 1.185977 -1.406262
v 0.208425 0.848631 -1.343026
v 0.296681 0.886344 -1.280218
v 0.294347 0.828251 -1.367547
v 1.139727 1.201122 -1.393371
v 1.154970 1.142118 -1.317991
v 1.210510 1.189352 -1.292978
v 1.210510 1.189352 -1.292978
v 1.286536 1.409071 -1.422059
v 1.139727 1.201122 -1.393371
v 1.286536 1.409071 -1.422059
v 1.210510 1.189352 -1.292978
v 1.311606 1.350838 -1.363765
v 1.669260 1.827914 -1.399858
v 1.696635 1.612098 -1.296859
v 1.760008 1.750550 -1.313532
v 2.075812 2.014722 -1.335282
v 2.105439 1.989697 -1.311178
v 2.152059 1.923570 -1.356642
v 2.152059 1.923570 -1.356642
v 2.105439 1.989697 -1.311178
v 2.250566 1.732977 -1.334027
v 2.428947 1.521621 -1.339757
v 2.452069 1.477728 -1.301522
v 2.529574 1.398069 -1.347080
v 4.030504 0.006637 -1.371250
v 4.057349 0.000353 -1.233377
v 4.103400 -0.000949 -1.417470
v 1.286536 1.409071 -1.422059
v 1.211893 1.313481 -1.426047
v 1.139727 1.201122 -1.393371
v 1.760008 1.750550 -1.313532
v 1.746513 1.654298 -1.267471
v 1.826476 1.857335 -1.381417
v 1.919050 1.754722 -1.299775
v 1.896074 2.026719 -1.423996
v 1.826476 1.857335 -1.381417
v 1.919050 1.754722 -1.299775
v 1.946477 1.949723 -1.377509
v 1.896074 2.026719 -1.423996
v 1.946477 1.949723 -1.377509
v 1.919050 1.754722 -1.299775
v 1.971097 1.955096 -1.334705
v 2.008690 2.001375 -1.349676
v 1.991612 1.959139 -1.377996
v 1.971097 1.955096 -1.334705
v 2.034763 1.987633 -1.327184
v 2.068651 1.922742 -1.393287
v 2.008690 2.001375 -1.349676
v 2.075812 2.014722 -1.335282
v 2.068651 1.922742 -1.393287
v 2.034763 1.987633 -1.327184
v 2.075812 2.014722 -1.335282
v 2.138046 1.762835 -1.428930
v 2.068651 1.922742 -1.393287
v 2.075812 2.014722 -1.335282
v 2.152059 1.923570 -1.356642
v 2.138046 1.762835 -1.428930
v 2.152059 1.923570 -1.356642
v 2.250566 1.732977 -1.334027
v 2.184671 1.802820 -1.409075
v 2.184671 1.802820 -1.409075
v 2.250566 1.732977 -1.334027
v 2.302102 1.677905 -1.330576
v 2.345580 1.607133 -1.422507
v 2.302102 1.677905 -1.330576
v 2.353638 1.607672 -1.352347
v 2.423799 1.484735 -1.396692
v 2.353638 1.607672 -1.352347
v 2.428947 1.521621 -1.339757
v 2.428947 1.521621 -1.339757
v 2.536674 1.356181 -1.381590
v 2.423799 1.484735 -1.396692
v 2.536674 1.356181 -1.381590
v 2.428947 1.521621 -1.339757
v 2.529574 1.398069 -1.347080
v 0.009567 1.084722 -1.400282
v -0.042465 1.104191 -1.411062
v -0.046132 1.059885 -1.352770
v 0.201127 0.770137 -1.476516
v 0.208425 0.848631 -1.343026
v 0.294347 0.828251 -1.367547
v 0.294347 0.828251 -1.367547
v 0.292723 0.769975 -1.450816
v 0.201127 0.770137 -1.476516
v 0.292723 0.769975 -1.450816
v 0.294347 0.828251 -1.367547
v 0.334377 0.830592 -1.399536
v 1.544323 1.482614 -1.332447
v 1.537490 1.729910 -1.474564
v 1.474037 1.557980 -1.394884
v 1.971097 1.955096 -1.334705
v 1.965610 1.959629 -1.404798
v 1.946477 1.949723 -1.377509
v 1.965610 1.959629 -1.404798
v 1.971097 1.955096 -1.334705
v 1.991612 1.959139 -1.377996
v 1.991612 1.959139 -1.377996
v 2.008690 2.001375 -1.349676
v 2.068651 1.922742 -1.393287
v 2.152059 1.923570 -1.356642
v 2.184671 1.802820 -1.409075
v 2.138046 1.762835 -1.428930
v 2.228302 1.738605 -1.438736
v 2.184671 1.802820 -1.409075
v 2.302102 1.677905 -1.330576
v 2.228302 1.738605 -1.438736
v 2.302102 1.677905 -1.330576
v 2.345580 1.607133 -1.422507
v 2.345580 1.607133 -1.422507
v 2.353638 1.607672 -1.352347
v 2.423799 1.484735 -1.396692
v 3.907205 0.064225 -1.400031
v 3.842541 0.086095 -1.373051
v 4.035280 0.037237 -1.431055
v 4.030504 0.006637 -1.371250
v 4.035280 0.037237 -1.431055
v 3.842541 0.086095 -1.373051
v -0.219037 1.200478 -1.388374
v -0.270700 1.276701 -1.456175
v -0.272678 1.181242 -1.373635
v -0.123831 1.169749 -1.424657
v -0.164554 1.185977 -1.406262
v -0.117275 1.174285 -1.374587
v -0.117275 1.174285 -1.374587
v -0.042465 1.104191 -1.411062
v -0.123831 1.169749 -1.424657
v 1.537490 1.729910 -1.474564
v 1.544323 1.482614 -1.332447
v 1.649615 1.719893 -1.349148
v 1.826476 1.857335 -1.381417
v 1.825451 2.153429 -1.550772
v 1.760008 1.750550 -1.313532
v 1.946477 1.949723 -1.377509
v 1.935358 2.084309 -1.474905
v 1.896074 2.026719 -1.423996
v 1.935358 2.084309 -1.474905
v 1.946477 1.949723 -1.377509
v 1.965610 1.959629 -1.404798
v 1.991612 1.959139 -1.377996
v 2.004165 1.891236 -1.426343
v 1.965610 1.959629 -1.404798
v 2.004165 1.891236 -1.426343
v 1.991612 1.959139 -1.377996
v 2.068651 1.922742 -1.393287
v 2.522598 1.350309 -1.436034
v 2.423799 1.484735 -1.396692
v 2.536674 1.356181 -1.381590
v 4.035280 0.037237 -1.431055
v 3.955682 0.100865 -1.457376
v 3.907205 0.064225 -1.400031
v 4.035280 0.037237 -1.431055
v 4.030504 0.006637 -1.371250
v 4.103400 -0.000949 -1.417470
v -0.329414 1.273364 -1.489367
v -0.319658 1.209046 -1.386364
v -0.270700 1.276701 -1.456175
v -0.201490 1.198406 -1.471664
v -0.270700 1.276701 -1.456175
v -0.164554 1.185977 -1.406262
v -0.164554 1.185977 -1.406262
v -0.143127 1.134380 -1.465279
v -0.201490 1.198406 -1.471664
v -0.143127 1.134380 -1.465279
v -0.164554 1.185977 -1.406262
v -0.123831 1.169749 -1.424657
v -0.143127 1.134380 -1.465279
v -0.123831 1.169749 -1.424657
v -0.042465 1.104191 -1.411062
v -0.042465 1.104191 -1.411062
v -0.073273 1.062720 -1.468714
v -0.143127 1.134380 -1.465279
v -0.042465 1.104191 -1.411062
v 0.020402 1.058758 -1.459943
v -0.073273 1.062720 -1.468714
v 0.020402 1.058758 -1.459943
v -0.042465 1.104191 -1.411062
v 0.009567 1.084722 -1.400282
v 1.448165 1.749346 -1.546997
v 1.400241 1.493683 -1.371115
v 1.474037 1.557980 -1.394884
v 1.760008 1.750550 -1.313532
v 1.825451 2.153429 -1.550772
v 1.729991 1.927087 -1.399652
v 1.826476 1.857335 -1.381417
v 1.850512 2.091734 -1.505135
v 1.825451 2.153429 -1.550772
v 1.850512 2.091734 -1.505135
v 1.826476 1.857335 -1.381417
v 1.896074 2.026719 -1.423996
v 1.965610 1.959629 -1.404798
v 1.970945 2.046815 -1.482377
v 1.935358 2.084309 -1.474905
v 1.970945 2.046815 -1.482377
v 1.965610 1.959629 -1.404798
v 2.004165 1.891236 -1.426343
v 2.138046 1.762835 -1.428930
v 2.110283 1.725863 -1.472213
v 2.068651 1.922742 -1.393287
v 2.228302 1.738605 -1.438736
v 2.258218 1.686892 -1.478510
v 2.184671 1.802820 -1.409075
v 2.345580 1.607133 -1.422507
v 2.327260 1.580428 -1.457855
v 2.228302 1.738605 -1.438736
v 2.423799 1.484735 -1.396692
v 2.445966 1.381742 -1.469576
v 2.345580 1.607133 -1.422507
v 2.445966 1.381742 -1.469576
v 2.423799 1.484735 -1.396692
v 2.522598 1.350309 -1.436034
v 3.907205 0.064225 -1.400031
v 3.955682 0.100865 -1.457376
v 3.879724 0.141869 -1.469117
v -0.287256 1.287017 -1.480591
v -0.329414 1.273364 -1.489367
v -0.270700 1.276701 -1.456175
v -0.287256 1.287017 -1.480591
v -0.270700 1.276701 -1.456175
v -0.201490 1.198406 -1.471664
v -0.022892 0.946502 -1.553117
v -0.073273 1.062720 -1.468714
v 0.020402 1.058758 -1.459943
v 0.334377 0.830592 -1.399536
v 0.375588 0.728723 -1.498138
v 0.292723 0.769975 -1.450816
v 1.729991 1.927087 -1.399652
v 1.740382 2.163564 -1.507080
v 1.706090 2.133449 -1.496876
v 1.740382 2.163564 -1.507080
v 1.729991 1.927087 -1.399652
v 1.825451 2.153429 -1.550772
v 1.896074 2.026719 -1.423996
v 1.935358 2.084309 -1.474905
v 1.850512 2.091734 -1.505135
v 1.970945 2.046815 -1.482377
v 2.004165 1.891236 -1.426343
v 2.048873 1.773164 -1.478296
v 2.068651 1.922742 -1.393287
v 2.110283 1.725863 -1.472213
v 2.048873 1.773164 -1.478296
v 2.138046 1.762835 -1.428930
v 2.151770 1.628649 -1.518722
v 2.110283 1.725863 -1.472213
v 2.184671 1.802820 -1.409075
v 2.222358 1.635360 -1.537087
v 2.138046 1.762835 -1.428930
v 2.222358 1.635360 -1.537087
v 2.184671 1.802820 -1.409075
v 2.258218 1.686892 -1.478510
v 2.258218 1.686892 -1.478510
v 2.228302 1.738605 -1.438736
v 2.327260 1.580428 -1.457855
v 2.345580 1.607133 -1.422507
v 2.380994 1.465771 -1.496221
v 2.327260 1.580428 -1.457855
v 2.380994 1.465771 -1.496221
v 2.345580 1.607133 -1.422507
v 2.445966 1.381742 -1.469576
v 4.103400 -0.000949 -1.417470
v 4.124047 -0.000284 -1.493434
v 4.035280 0.037237 -1.431055
v -0.201490 1.198406 -1.471664
v -0.298107 1.261163 -1.515605
v -0.287256 1.287017 -1.480591
v -0.138841 1.126884 -1.512253
v -0.201490 1.198406 -1.471664
v -0.143127 1.134380 -1.465279
v -0.073273 1.062720 -1.468714
v -0.022892 0.946502 -1.553117
v -0.098000 1.031304 -1.543309
v 0.020402 1.058758 -1.459943
v 0.037068 1.009665 -1.486995
v -0.022892 0.946502 -1.553117
v 0.352922 0.691727 -1.532636
v 0.292723 0.769975 -1.450816
v 0.375588 0.728723 -1.498138
v 1.825451 2.153429 -1.550772
v 1.783626 2.241219 -1.584400
v 1.740382 2.163564 -1.507080
v 1.868870 2.097028 -1.534506
v 1.850512 2.091734 -1.505135
v 1.935358 2.084309 -1.474905
v 1.935358 2.084309 -1.474905
v 1.970945 2.046815 -1.482377
v 1.868870 2.097028 -1.534506
v 1.987553 1.913852 -1.529941
v 1.970945 2.046815 -1.482377
v 2.048873 1.773164 -1.478296
v 2.110283 1.725863 -1.472213
v 2.152684 1.569096 -1.553335
v 2.048873 1.773164 -1.478296
v 2.152684 1.569096 -1.553335
v 2.110283 1.725863 -1.472213
v 2.151770 1.628649 -1.518722
v 2.284811 1.532302 -1.543541
v 2.258218 1.686892 -1.478510
v 2.327260 1.580428 -1.457855
v 2.284811 1.532302 -1.543541
v 2.327260 1.580428 -1.457855
v 2.380994 1.465771 -1.496221
v 3.879724 0.141869 -1.469117
v 3.955682 0.100865 -1.457376
v 4.010825 0.079668 -1.506917
v 4.035280 0.037237 -1.431055
v 4.010825 0.079668 -1.506917
v 3.955682 0.100865 -1.457376
v 4.010825 0.079668 -1.506917
v 4.035280 0.037237 -1.431055
v 4.124047 -0.000284 -1.493434
v -0.329414 1.273364 -1.489367
v -0.350323 1.211407 -1.560656
v -0.451998 1.122438 -1.479053
v -0.287256 1.287017 -1.480591
v -0.298107 1.261163 -1.515605
v -0.329414 1.273364 -1.489367
v -0.201490 1.198406 -1.471664
v -0.188373 1.098191 -1.562674
v -0.298107 1.261163 -1.515605
v -0.188373 1.098191 -1.562674
v -0.201490 1.198406 -1.471664
v -0.138841 1.126884 -1.512253
v 1.825451 2.153429 -1.550772
v 1.850512 2.091734 -1.505135
v 1.868870 2.097028 -1.534506
v 1.970945 2.046815 -1.482377
v 1.987553 1.913852 -1.529941
v 1.868870 2.097028 -1.534506
v -0.138841 1.126884 -1.512253
v -0.098000 1.031304 -1.543309
v -0.188373 1.098191 -1.562674
v 0.352922 0.691727 -1.532636
v 0.251375 0.660252 -1.632641
v 0.292723 0.769975 -1.450816
v 1.629217 1.967794 -1.485518
v 1.634890 1.999152 -1.584946
v 1.602646 1.909150 -1.544982
v 1.706090 2.133449 -1.496876
v 1.684661 2.205922 -1.623739
v 1.629217 1.967794 -1.485518
v 1.684661 2.205922 -1.623739
v 1.706090 2.133449 -1.496876
v 1.740382 2.163564 -1.507080
v 1.740382 2.163564 -1.507080
v 1.722476 2.217303 -1.576488
v 1.684661 2.205922 -1.623739
v 2.048873 1.773164 -1.478296
v 2.085212 1.690168 -1.586003
v 1.987553 1.913852 -1.529941
v 2.152684 1.569096 -1.553335
v 2.085212 1.690168 -1.586003
v 2.048873 1.773164 -1.478296
v 2.222358 1.635360 -1.537087
v 2.258218 1.686892 -1.478510
v 2.284811 1.532302 -1.543541
v 2.342716 1.449904 -1.587492
v 2.284811 1.532302 -1.543541
v 2.393847 1.397693 -1.532154
v -0.350323 1.211407 -1.560656
v -0.329414 1.273364 -1.489367
v -0.298107 1.261163 -1.515605
v 1.740382 2.163564 -1.507080
v 1.783626 2.241219 -1.584400
v 1.722476 2.217303 -1.576488
v 1.783626 2.241219 -1.584400
v 1.825451 2.153429 -1.550772
v 1.828582 2.190962 -1.595835
v 1.828582 2.190962 -1.595835
v 1.825451 2.153429 -1.550772
v 1.868870 2.097028 -1.534506
v 1.911913 2.098913 -1.620791
v 1.868870 2.097028 -1.534506
v 1.930316 2.001791 -1.570699
v 1.987553 1.913852 -1.529941
v 1.930316 2.001791 -1.570699
v 1.868870 2.097028 -1.534506
v 1.930316 2.001791 -1.570699
v 1.987553 1.913852 -1.529941
v 2.085212 1.690168 -1.586003
v 2.152684 1.569096 -1.553335
v 2.138191 1.549031 -1.634264
v 2.085212 1.690168 -1.586003
v 2.236900 1.451351 -1.582973
v 2.222358 1.635360 -1.537087
v 2.284811 1.532302 -1.543541
v -0.350323 1.211407 -1.560656
v -0.315110 1.215992 -1.604638
v -0.423453 1.142605 -1.582438
v -0.298107 1.261163 -1.515605
v -0.315110 1.215992 -1.604638
v -0.350323 1.211407 -1.560656
v -0.315110 1.215992 -1.604638
v -0.298107 1.261163 -1.515605
v -0.263490 1.196991 -1.594860
v 1.546440 1.802250 -1.529130
v 1.500532 1.938037 -1.620877
v 1.448165 1.749346 -1.546997
v 1.629217 1.967794 -1.485518
v 1.684661 2.205922 -1.623739
v 1.634890 1.999152 -1.584946
v 1.739658 2.247871 -1.630946
v 1.722476 2.217303 -1.576488
v 1.783626 2.241219 -1.584400
v 1.868870 2.097028 -1.534506
v 1.911913 2.098913 -1.620791
v 1.828582 2.190962 -1.595835
v 2.085212 1.690168 -1.586003
v 2.018213 1.888570 -1.633999
v 1.930316 2.001791 -1.570699
v -0.423453 1.142605 -1.582438
v -0.315110 1.215992 -1.604638
v -0.504744 1.044666 -1.639515
v -0.263490 1.196991 -1.594860
v -0.266742 1.239113 -1.635200
v -0.315110 1.215992 -1.604638
v 1.448165 1.749346 -1.546997
v 1.499835 2.161166 -1.762100
v 1.447197 1.895027 -1.636963
v 1.499835 2.161166 -1.762100
v 1.448165 1.749346 -1.546997
v 1.500532 1.938037 -1.620877
v 1.684661 2.205922 -1.623739
v 1.722476 2.217303 -1.576488
v 1.739658 2.247871 -1.630946
v 1.783626 2.241219 -1.584400
v 1.775584 2.225610 -1.637462
v 1.739658 2.247871 -1.630946
v 1.775584 2.225610 -1.637462
v 1.783626 2.241219 -1.584400
v 1.828582 2.190962 -1.595835
v 1.775584 2.225610 -1.637462
v 1.828582 2.190962 -1.595835
v 1.848716 2.182530 -1.627138
v 1.911913 2.098913 -1.620791
v 1.848716 2.182530 -1.627138
v 1.828582 2.190962 -1.595835
v 1.911913 2.098913 -1.620791
v 1.930316 2.001791 -1.570699
v 2.018213 1.888570 -1.633999
v 2.085212 1.690168 -1.586003
v 2.138191 1.549031 -1.634264
v 2.018213 1.888570 -1.633999
v 2.152684 1.569096 -1.553335
v 2.236900 1.451351 -1.582973
v 2.138191 1.549031 -1.634264
v -0.315110 1.215992 -1.604638
v -0.339642 1.254462 -1.676347
v -0.504744 1.044666 -1.639515
v -0.315110 1.215992 -1.604638
v -0.266742 1.239113 -1.635200
v -0.339642 1.254462 -1.676347
v 1.561525 2.115825 -1.677773
v 1.500532 1.938037 -1.620877
v 1.602646 1.909150 -1.544982
v 1.602646 1.909150 -1.544982
v 1.635647 2.089400 -1.664207
v 1.561525 2.115825 -1.677773
v 1.635647 2.089400 -1.664207
v 1.602646 1.909150 -1.544982
v 1.634890 1.999152 -1.584946
v 1.635647 2.089400 -1.664207
v 1.634890 1.999152 -1.584946
v 1.684661 2.205922 -1.623739
v 1.635647 2.089400 -1.664207
v 1.684661 2.205922 -1.623739
v 1.710979 2.191579 -1.689394
v 1.710979 2.191579 -1.689394
v 1.684661 2.205922 -1.623739
v 1.739658 2.247871 -1.630946
v 1.931367 2.043766 -1.684145
v 1.848716 2.182530 -1.627138
v 1.911913 2.098913 -1.620791
v 1.931367 2.043766 -1.684145
v 1.911913 2.098913 -1.620791
v 2.018213 1.888570 -1.633999
v -0.499182 1.053372 -1.706992
v -0.504744 1.044666 -1.639515
v -0.339642 1.254462 -1.676347
v -0.266742 1.239113 -1.635200
v -0.276459 1.245700 -1.695689
v -0.339642 1.254462 -1.676347
v -0.276459 1.245700 -1.695689
v -0.266742 1.239113 -1.635200
v -0.223026 1.200270 -1.692096
v 1.499835 2.161166 -1.762100
v 1.500532 1.938037 -1.620877
v 1.561525 2.115825 -1.677773
v 1.710979 2.191579 -1.689394
v 1.739658 2.247871 -1.630946
v 1.775584 2.225610 -1.637462
v 1.775584 2.225610 -1.637462
v 1.703943 2.183593 -1.721169
v 1.710979 2.191579 -1.689394
v 1.855067 1.993811 -1.743836
v 1.848716 2.182530 -1.627138
v 1.931367 2.043766 -1.684145
v 1.931367 2.043766 -1.684145
v 2.018213 1.888570 -1.633999
v 2.013373 1.845573 -1.702970
v 2.013373 1.845573 -1.702970
v 2.018213 1.888570 -1.633999
v 2.138191 1.549031 -1.634264
v -0.339642 1.254462 -1.676347
v -0.381912 1.190799 -1.707943
v -0.499182 1.053372 -1.706992
v -0.381912 1.190799 -1.707943
v -0.339642 1.254462 -1.676347
v -0.322351 1.241426 -1.729545
v -0.276459 1.245700 -1.695689
v -0.322351 1.241426 -1.729545
v -0.339642 1.254462 -1.676347
v 1.410170 2.071777 -1.736857
v 1.400254 1.974201 -1.677016
v 1.447197 1.895027 -1.636963
v 1.710979 2.191579 -1.689394
v 1.655530 2.159456 -1.719681
v 1.635647 2.089400 -1.664207
v 1.710979 2.191579 -1.689394
v 1.703943 2.183593 -1.721169
v 1.655530 2.159456 -1.719681
v -0.499182 1.053372 -1.706992
v -0.381912 1.190799 -1.707943
v -0.322351 1.241426 -1.729545
v -0.292488 1.217109 -1.760326
v -0.322351 1.241426 -1.729545
v -0.276459 1.245700 -1.695689
v -0.276459 1.245700 -1.695689
v -0.241932 1.211529 -1.746115
v -0.292488 1.217109 -1.760326
v 1.410170 2.071777 -1.736857
v 1.447197 1.895027 -1.636963
v 1.499835 2.161166 -1.762100
v 1.556815 2.197107 -1.739989
v 1.499835 2.161166 -1.762100
v 1.561525 2.115825 -1.677773
v 1.556815 2.197107 -1.739989
v 1.561525 2.115825 -1.677773
v 1.600413 2.179888 -1.757740
v 1.600413 2.179888 -1.757740
v 1.561525 2.115825 -1.677773
v 1.635647 2.089400 -1.664207
v 1.635647 2.089400 -1.664207
v 1.655530 2.159456 -1.719681
v 1.600413 2.179888 -1.757740
v 1.855067 1.993811 -1.743836
v 1.703943 2.183593 -1.721169
v 1.775584 2.225610 -1.637462
v 1.855067 1.993811 -1.743836
v 1.775584 2.225610 -1.637462
v 1.848716 2.182530 -1.627138
v 1.931367 2.043766 -1.684145
v 1.929715 1.923920 -1.736388
v 1.855067 1.993811 -1.743836
v 1.929715 1.923920 -1.736388
v 1.931367 2.043766 -1.684145
v 2.013373 1.845573 -1.702970
v 2.013373 1.845573 -1.702970
v 2.010892 1.784541 -1.755151
v 1.929715 1.923920 -1.736388
v -0.652739 0.847132 -1.747054
v -0.499182 1.053372 -1.706992
v -0.418724 1.145971 -1.806509
v -0.418724 1.145971 -1.806509
v -0.499182 1.053372 -1.706992
v -0.322351 1.241426 -1.729545
v -0.322351 1.241426 -1.729545
v -0.351814 1.255248 -1.795883
v -0.418724 1.145971 -1.806509
v 1.655530 2.159456 -1.719681
v 1.659269 2.211279 -1.767530
v 1.600413 2.179888 -1.757740
v 1.659269 2.211279 -1.767530
v 1.655530 2.159456 -1.719681
v 1.703943 2.183593 -1.721169
v 1.855067 1.993811 -1.743836
v 1.731584 2.147550 -1.795302
v 1.703943 2.183593 -1.721169
v 1.929715 1.923920 -1.736388
v 2.010892 1.784541 -1.755151
v 1.855067 1.993811 -1.743836
v -0.322351 1.241426 -1.729545
v -0.317954 1.280906 -1.802620
v -0.351814 1.255248 -1.795883
v 1.372293 2.153906 -1.814533
v 1.353777 1.992568 -1.751004
v 1.410170 2.071777 -1.736857
v 1.703943 2.183593 -1.721169
v 1.731584 2.147550 -1.795302
v 1.659269 2.211279 -1.767530
v 1.855067 1.993811 -1.743836
v 1.903633 1.922691 -1.825176
v 1.731584 2.147550 -1.795302
v 1.903633 1.922691 -1.825176
v 1.855067 1.993811 -1.743836
v 2.010892 1.784541 -1.755151
v 1.410170 2.071777 -1.736857
v 1.411857 2.209595 -1.840432
v 1.372293 2.153906 -1.814533
v 1.411857 2.209595 -1.840432
v 1.410170 2.071777 -1.736857
v 1.499835 2.161166 -1.762100
v 1.475143 2.230513 -1.859513
v 1.499835 2.161166 -1.762100
v 1.556815 2.197107 -1.739989
v 1.600413 2.179888 -1.757740
v 1.571409 2.247388 -1.856741
v 1.556815 2.197107 -1.739989
v 1.571409 2.247388 -1.856741
v 1.600413 2.179888 -1.757740
v 1.659269 2.211279 -1.767530
v -0.628420 0.828722 -1.819346
v -0.652739 0.847132 -1.747054
v -0.418724 1.145971 -1.806509
v -0.317954 1.280906 -1.802620
v -0.254413 1.160380 -1.845589
v -0.314111 1.224291 -1.863473
v 1.499835 2.161166 -1.762100
v 1.475143 2.230513 -1.859513
v 1.411857 2.209595 -1.840432
v 1.556815 2.197107 -1.739989
v 1.571409 2.247388 -1.856741
v 1.475143 2.230513 -1.859513
v 1.606032 2.274139 -1.890014
v 1.571409 2.247388 -1.856741
v 1.659269 2.211279 -1.767530
v 1.606032 2.274139 -1.890014
v 1.659269 2.211279 -1.767530
v 1.663844 2.258255 -1.864684
v 1.663844 2.258255 -1.864684
v 1.659269 2.211279 -1.767530
v 1.747337 2.154791 -1.838079
v 1.731584 2.147550 -1.795302
v 1.747337 2.154791 -1.838079
v 1.659269 2.211279 -1.767530
v 1.747337 2.154791 -1.838079
v 1.731584 2.147550 -1.795302
v 1.903633 1.922691 -1.825176
v -0.351814 1.255248 -1.795883
v -0.384063 1.129641 -1.917387
v -0.418724 1.145971 -1.806509
v -0.384063 1.129641 -1.917387
v -0.351814 1.255248 -1.795883
v -0.314111 1.224291 -1.863473
v -0.317954 1.280906 -1.802620
v -0.314111 1.224291 -1.863473
v -0.351814 1.255248 -1.795883
v 1.903633 1.922691 -1.825176
v 1.849200 2.065305 -1.865891
v 1.747337 2.154791 -1.838079
v -0.628420 0.828722 -1.819346
v -0.418724 1.145971 -1.806509
v -0.384063 1.129641 -1.917387
v -0.255980 1.093657 -1.918180
v -0.314111 1.224291 -1.863473
v -0.254413 1.160380 -1.845589
v 1.475143 2.230513 -1.859513
v 1.506519 2.239946 -1.898243
v 1.411857 2.209595 -1.840432
v 1.506519 2.239946 -1.898243
v 1.475143 2.230513 -1.859513
v 1.571409 2.247388 -1.856741
v 1.747337 2.154791 -1.838079
v 1.730265 2.251498 -1.896994
v 1.663844 2.258255 -1.864684
v 1.747337 2.154791 -1.838079
v 1.797718 2.150969 -1.908004
v 1.730265 2.251498 -1.896994
v 1.849200 2.065305 -1.865891
v 1.797718 2.150969 -1.908004
v 1.747337 2.154791 -1.838079
v 1.903633 1.922691 -1.825176
v 1.915656 1.934884 -1.916542
v 1.849200 2.065305 -1.865891
v -0.314111 1.224291 -1.863473
v -0.385879 1.096111 -1.957041
v -0.384063 1.129641 -1.917387
v -0.385879 1.096111 -1.957041
v -0.314111 1.224291 -1.863473
v -0.255980 1.093657 -1.918180
v 1.402481 2.138781 -1.915367
v 1.506519 2.239946 -1.898243
v 1.413910 2.115814 -1.941328
v 1.571409 2.247388 -1.856741
v 1.552369 2.277494 -1.921274
v 1.506519 2.239946 -1.898243
v 1.552369 2.277494 -1.921274
v 1.571409 2.247388 -1.856741
v 1.606032 2.274139 -1.890014
v 1.663844 2.258255 -1.864684
v 1.652434 2.288593 -1.937522
v 1.606032 2.274139 -1.890014
v 1.652434 2.288593 -1.937522
v 1.663844 2.258255 -1.864684
v 1.730265 2.251498 -1.896994
v 1.849200 2.065305 -1.865891
v 1.915656 1.934884 -1.916542
v 1.797718 2.150969 -1.908004
v -0.600359 0.854269 -1.937065
v -0.628420 0.828722 -1.819346
v -0.430319 1.049187 -2.007159
v -0.384063 1.129641 -1.917387
v -0.430319 1.049187 -2.007159
v -0.628420 0.828722 -1.819346
v 1.033617 1.500382 -1.871618
v 1.103589 1.752315 -1.932693
v 0.980019 1.351541 -1.950117
v 1.506519 2.239946 -1.898243
v 1.552369 2.277494 -1.921274
v 1.413910 2.115814 -1.941328
v 1.606032 2.274139 -1.890014
v 1.582030 2.261736 -1.962881
v 1.552369 2.277494 -1.921274
v 1.582030 2.261736 -1.962881
v 1.606032 2.274139 -1.890014
v 1.652434 2.288593 -1.937522
v 1.652434 2.288593 -1.937522
v 1.730265 2.251498 -1.896994
v 1.725570 2.256308 -1.945162
v 1.725570 2.256308 -1.945162
v 1.730265 2.251498 -1.896994
v 1.797718 2.150969 -1.908004
v 1.103589 1.752315 -1.932693
v 1.067888 1.554326 -1.960022
v 0.980019 1.351541 -1.950117
v 1.067888 1.554326 -1.960022
v 1.103589 1.752315 -1.932693
v 1.224789 1.827901 -1.960679
v 1.413910 2.115814 -1.941328
v 1.552369 2.277494 -1.921274
v 1.582030 2.261736 -1.962881
v 1.797718 2.150969 -1.908004
v 1.782042 2.115792 -1.985133
v 1.725570 2.256308 -1.945162
v 1.797718 2.150969 -1.908004
v 1.960176 1.839942 -1.979585
v 1.782042 2.115792 -1.985133
v 1.960176 1.839942 -1.979585
v 1.797718 2.150969 -1.908004
v 1.915656 1.934884 -1.916542
v 1.915656 1.934884 -1.916542
v 1.987987 1.799178 -1.960032
v 1.960176 1.839942 -1.979585
v 3.424873 0.252978 -1.933954
v 3.403447 0.322490 -2.005455
v 3.278778 0.322683 -1.948806
v 3.403447 0.322490 -2.005455
v 3.424873 0.252978 -1.933954
v 3.458156 0.307568 -1.978418
v 3.522291 0.209117 -1.937281
v 3.458156 0.307568 -1.978418
v 3.424873 0.252978 -1.933954
v 3.458156 0.307568 -1.978418
v 3.522291 0.209117 -1.937281
v 3.536746 0.264462 -1.988975
v -0.592730 0.865174 -1.984980
v -0.600359 0.854269 -1.937065
v -0.430319 1.049187 -2.007159
v -0.430319 1.049187 -2.007159
v -0.384063 1.129641 -1.917387
v -0.385879 1.096111 -1.957041
v -0.255980 1.093657 -1.918180
v -0.301894 0.988955 -1.997954
v -0.385879 1.096111 -1.957041
v 1.067888 1.554326 -1.960022
v 1.028663 1.429119 -2.021644
v 0.980019 1.351541 -1.950117
v 1.067888 1.554326 -1.960022
v 1.224789 1.827901 -1.960679
v 1.333762 1.993707 -2.026272
v 1.413910 2.115814 -1.941328
v 1.333762 1.993707 -2.026272
v 1.224789 1.827901 -1.960679
v 1.333762 1.993707 -2.026272
v 1.413910 2.115814 -1.941328
v 1.441919 2.138049 -1.990548
v 1.582030 2.261736 -1.962881
v 1.441919 2.138049 -1.990548
v 1.413910 2.115814 -1.941328
v 1.725570 2.256308 -1.945162
v 1.720052 2.163569 -2.001064
v 1.652434 2.288593 -1.937522
v 1.725570 2.256308 -1.945162
v 1.782042 2.115792 -1.985133
v 1.720052 2.163569 -2.001064
v 1.720052 2.163569 -2.001064
v 1.782042 2.115792 -1.985133
v 1.960176 1.839942 -1.979585
v 2.382808 1.152156 -1.981915
v 2.447179 1.077388 -1.958829
v 2.414008 1.173550 -2.007861
v 3.272328 0.381233 -1.991753
v 3.278778 0.322683 -1.948806
v 3.339982 0.325506 -1.995631
v 3.339982 0.325506 -1.995631
v 3.278778 0.322683 -1.948806
v 3.403447 0.322490 -2.005455
v -0.385879 1.096111 -1.957041
v -0.399589 1.032529 -2.022070
v -0.430319 1.049187 -2.007159
v -0.385879 1.096111 -1.957041
v -0.301894 0.988955 -1.997954
v -0.399589 1.032529 -2.022070
v 1.028663 1.429119 -2.021644
v 1.067888 1.554326 -1.960022
v 1.333762 1.993707 -2.026272
v 1.532064 2.234818 -2.011918
v 1.441919 2.138049 -1.990548
v 1.582030 2.261736 -1.962881
v 1.623794 2.278804 -1.990031
v 1.532064 2.234818 -2.011918
v 1.582030 2.261736 -1.962881
v 1.532064 2.234818 -2.011918
v 1.623794 2.278804 -1.990031
v 1.560103 2.213280 -2.077262
v 1.623794 2.278804 -1.990031
v 1.652434 2.288593 -1.937522
v 1.720052 2.163569 -2.001064
v 1.720052 2.163569 -2.001064
v 1.677324 2.201378 -2.046737
v 1.623794 2.278804 -1.990031
v 2.194130 1.440067 -2.015843
v 2.200127 1.414825 -1.956870
v 2.232738 1.357424 -2.054919
v 2.232738 1.357424 -2.054919
v 2.200127 1.414825 -1.956870
v 2.330136 1.221246 -1.964147
v 2.330136 1.221246 -1.964147
v 2.382808 1.152156 -1.981915
v 2.232738 1.357424 -2.054919
v 2.414008 1.173550 -2.007861
v 2.447179 1.077388 -1.958829
v 2.451072 1.120689 -2.034212
v 3.265913 0.395027 -2.018213
v 3.272328 0.381233 -1.991753
v 3.339982 0.325506 -1.995631
v 3.536746 0.264462 -1.988975
v 3.546517 0.253108 -2.025029
v 3.458156 0.307568 -1.978418
v -0.474835 0.953366 -2.070733
v -0.592730 0.865174 -1.984980
v -0.430319 1.049187 -2.007159
v 1.333762 1.993707 -2.026272
v 1.441919 2.138049 -1.990548
v 1.473175 2.159188 -2.064307
v 1.532064 2.234818 -2.011918
v 1.473175 2.159188 -2.064307
v 1.441919 2.138049 -1.990548
v 1.623794 2.278804 -1.990031
v 1.677324 2.201378 -2.046737
v 1.560103 2.213280 -2.077262
v 1.960176 1.839942 -1.979585
v 2.028483 1.616973 -2.046705
v 1.720052 2.163569 -2.001064
v 2.194130 1.440067 -2.015843
v 2.232738 1.357424 -2.054919
v 2.182397 1.374045 -2.093908
v 2.382808 1.152156 -1.981915
v 2.368589 1.269979 -2.054747
v 2.232738 1.357424 -2.054919
v 2.368589 1.269979 -2.054747
v 2.382808 1.152156 -1.981915
v 2.414008 1.173550 -2.007861
v 3.403447 0.322490 -2.005455
v 3.418548 0.327099 -2.043015
v 3.339982 0.325506 -1.995631
v 3.458156 0.307568 -1.978418
v 3.418548 0.327099 -2.043015
v 3.403447 0.322490 -2.005455
v 3.458156 0.307568 -1.978418
v 3.478616 0.286672 -2.066480
v 3.418548 0.327099 -2.043015
v 3.478616 0.286672 -2.066480
v 3.458156 0.307568 -1.978418
v 3.546517 0.253108 -2.025029
v 1.028663 1.429119 -2.021644
v 1.333762 1.993707 -2.026272
v 1.313662 1.937724 -2.109674
v 1.473175 2.159188 -2.064307
v 1.532064 2.234818 -2.011918
v 1.560103 2.213280 -2.077262
v 1.720052 2.163569 -2.001064
v 1.836544 1.891025 -2.097097
v 1.677324 2.201378 -2.046737
v 1.720052 2.163569 -2.001064
v 2.028483 1.616973 -2.046705
v 1.836544 1.891025 -2.097097
v 2.262891 1.385939 -2.088042
v 2.232738 1.357424 -2.054919
v 2.368589 1.269979 -2.054747
v 2.368589 1.269979 -2.054747
v 2.414008 1.173550 -2.007861
v 2.451072 1.120689 -2.034212
v 2.442866 1.175066 -2.104739
v 2.451072 1.120689 -2.034212
v 2.505667 1.091401 -2.066646
v 2.505667 1.091401 -2.066646
v 2.451072 1.120689 -2.034212
v 2.664615 0.856590 -2.074087
v 3.339982 0.325506 -1.995631
v 3.255429 0.343974 -2.088522
v 3.265913 0.395027 -2.018213
v -0.430319 1.049187 -2.007159
v -0.394530 0.866647 -2.138118
v -0.474835 0.953366 -2.070733
v -0.394530 0.866647 -2.138118
v -0.430319 1.049187 -2.007159
v -0.399589 1.032529 -2.022070
v 1.028663 1.429119 -2.021644
v 1.088667 1.539162 -2.146085
v 0.895981 1.184782 -2.063862
v 1.473175 2.159188 -2.064307
v 1.313662 1.937724 -2.109674
v 1.333762 1.993707 -2.026272
v 1.625222 2.169031 -2.115271
v 1.560103 2.213280 -2.077262
v 1.677324 2.201378 -2.046737
v 1.677324 2.201378 -2.046737
v 1.660806 2.154801 -2.090056
v 1.625222 2.169031 -2.115271
v 1.677324 2.201378 -2.046737
v 1.836544 1.891025 -2.097097
v 1.660806 2.154801 -2.090056
v 2.232738 1.357424 -2.054919
v 2.262891 1.385939 -2.088042
v 2.182397 1.374045 -2.093908
v 2.368589 1.269979 -2.054747
v 2.364984 1.275229 -2.086917
v 2.262891 1.385939 -2.088042
v 2.364984 1.275229 -2.086917
v 2.368589 1.269979 -2.054747
v 2.442866 1.175066 -2.104739
v 2.451072 1.120689 -2.034212
v 2.442866 1.175066 -2.104739
v 2.368589 1.269979 -2.054747
v 2.505667 1.091401 -2.066646
v 2.480093 1.161978 -2.105834
v 2.442866 1.175066 -2.104739
v 3.418548 0.327099 -2.043015
v 3.337381 0.269473 -2.111178
v 3.339982 0.325506 -1.995631
v 3.337381 0.269473 -2.111178
v 3.418548 0.327099 -2.043015
v 3.433747 0.260463 -2.138949
v 3.433747 0.260463 -2.138949
v 3.418548 0.327099 -2.043015
v 3.478616 0.286672 -2.066480
v 3.546517 0.253108 -2.025029
v 3.522452 0.284950 -2.102826
v 3.478616 0.286672 -2.066480
v 3.522452 0.284950 -2.102826
v 3.546517 0.253108 -2.025029
v 3.615602 0.239217 -2.100714
v 1.028663 1.429119 -2.021644
v 1.205409 1.748681 -2.116546
v 1.088667 1.539162 -2.146085
v 1.313662 1.937724 -2.109674
v 1.205409 1.748681 -2.116546
v 1.028663 1.429119 -2.021644
v 1.473175 2.159188 -2.064307
v 1.473708 2.152577 -2.128469
v 1.313662 1.937724 -2.109674
v 1.560103 2.213280 -2.077262
v 1.473708 2.152577 -2.128469
v 1.473175 2.159188 -2.064307
v 1.545817 2.155788 -2.142899
v 1.560103 2.213280 -2.077262
v 1.625222 2.169031 -2.115271
v 1.660806 2.154801 -2.090056
v 1.686647 2.096876 -2.138893
v 1.625222 2.169031 -2.115271
v 1.686647 2.096876 -2.138893
v 1.660806 2.154801 -2.090056
v 1.836544 1.891025 -2.097097
v 2.262891 1.385939 -2.088042
v 2.254849 1.371258 -2.117118
v 2.182397 1.374045 -2.093908
v 2.254849 1.371258 -2.117118
v 2.262891 1.385939 -2.088042
v 2.364984 1.275229 -2.086917
v 2.364984 1.275229 -2.086917
v 2.358758 1.209440 -2.153075
v 2.254849 1.371258 -2.117118
v 2.364984 1.275229 -2.086917
v 2.403641 1.138425 -2.159819
v 2.358758 1.209440 -2.153075
v 2.403641 1.138425 -2.159819
v 2.364984 1.275229 -2.086917
v 2.442866 1.175066 -2.104739
v 2.480093 1.161978 -2.105834
v 2.505667 1.091401 -2.066646
v 2.584984 0.997356 -2.123885
v 2.664615 0.856590 -2.074087
v 2.584984 0.997356 -2.123885
v 2.505667 1.091401 -2.066646
v 3.337381 0.269473 -2.111178
v 3.255429 0.343974 -2.088522
v 3.339982 0.325506 -1.995631
v 0.964401 1.259872 -2.203933
v 0.895981 1.184782 -2.063862
v 1.088667 1.539162 -2.146085
v 1.313662 1.937724 -2.109674
v 1.413128 2.113024 -2.142983
v 1.234316 1.849188 -2.162580
v 1.413128 2.113024 -2.142983
v 1.313662 1.937724 -2.109674
v 1.473708 2.152577 -2.128469
v 1.560103 2.213280 -2.077262
v 1.545817 2.155788 -2.142899
v 1.473708 2.152577 -2.128469
v 1.836544 1.891025 -2.097097
v 1.913422 1.800760 -2.191250
v 1.686647 2.096876 -2.138893
v 2.442866 1.175066 -2.104739
v 2.464535 1.141230 -2.149737
v 2.403641 1.138425 -2.159819
v 2.464535 1.141230 -2.149737
v 2.442866 1.175066 -2.104739
v 2.480093 1.161978 -2.105834
v 2.480093 1.161978 -2.105834
v 2.516255 1.082837 -2.158825
v 2.464535 1.141230 -2.149737
v 2.516255 1.082837 -2.158825
v 2.480093 1.161978 -2.105834
v 2.584984 0.997356 -2.123885
v 3.313742 0.239036 -2.187647
v 3.255429 0.343974 -2.088522
v 3.337381 0.269473 -2.111178
v 3.433747 0.260463 -2.138949
v 3.478616 0.286672 -2.066480
v 3.522452 0.284950 -2.102826
v 1.142166 1.696414 -2.165286
v 1.088667 1.539162 -2.146085
v 1.205409 1.748681 -2.116546
v 1.473708 2.152577 -2.128469
v 1.411068 2.094612 -2.178963
v 1.413128 2.113024 -2.142983
v 1.625222 2.169031 -2.115271
v 1.628058 2.071999 -2.219650
v 1.545817 2.155788 -2.142899
v 1.625222 2.169031 -2.115271
v 1.668303 2.098957 -2.184116
v 1.628058 2.071999 -2.219650
v 1.668303 2.098957 -2.184116
v 1.625222 2.169031 -2.115271
v 1.686647 2.096876 -2.138893
v 2.338402 1.040079 -2.249332
v 2.254849 1.371258 -2.117118
v 2.358758 1.209440 -2.153075
v 2.584984 0.997356 -2.123885
v 2.680168 0.772251 -2.170944
v 2.516255 1.082837 -2.158825
v 3.433747 0.260463 -2.138949
v 3.399781 0.255347 -2.188963
v 3.337381 0.269473 -2.111178
v 3.522452 0.284950 -2.102826
v 3.428990 0.193126 -2.260976
v 3.433747 0.260463 -2.138949
v 1.413128 2.113024 -2.142983
v 1.411068 2.094612 -2.178963
v 1.234316 1.849188 -2.162580
v 1.473708 2.152577 -2.128469
v 1.480563 1.939139 -2.292089
v 1.411068 2.094612 -2.178963
v 1.545817 2.155788 -2.142899
v 1.520980 2.084091 -2.218695
v 1.473708 2.152577 -2.128469
v 1.668303 2.098957 -2.184116
v 1.686647 2.096876 -2.138893
v 1.756304 2.052047 -2.231761
v 1.913422 1.800760 -2.191250
v 1.756304 2.052047 -2.231761
v 1.686647 2.096876 -2.138893
v 2.254849 1.371258 -2.117118
v 2.338402 1.040079 -2.249332
v 2.210599 1.236796 -2.199006
v 2.516255 1.082837 -2.158825
v 2.491343 1.123357 -2.191491
v 2.464535 1.141230 -2.149737
v 3.313742 0.239036 -2.187647
v 3.337381 0.269473 -2.111178
v 3.399781 0.255347 -2.188963
v 3.522452 0.284950 -2.102826
v 3.557019 0.205858 -2.223798
v 3.428990 0.193126 -2.260976
v 3.557019 0.205858 -2.223798
v 3.522452 0.284950 -2.102826
v 3.615602 0.239217 -2.100714
v 1.088667 1.539162 -2.146085
v 1.080526 1.451892 -2.235233
v 0.964401 1.259872 -2.203933
v 1.142166 1.696414 -2.165286
v 1.080526 1.451892 -2.235233
v 1.088667 1.539162 -2.146085
v 1.080526 1.451892 -2.235233
v 1.142166 1.696414 -2.165286
v 1.190539 1.735171 -2.200292
v 1.473708 2.152577 -2.128469
v 1.520980 2.084091 -2.218695
v 1.480563 1.939139 -2.292089
v 2.182397 1.374045 -2.093908
v 2.210599 1.236796 -2.199006
v 2.140974 1.310805 -2.222386
v 2.515537 1.072744 -2.224100
v 2.491343 1.123357 -2.191491
v 2.516255 1.082837 -2.158825
v 2.516255 1.082837 -2.158825
v 2.603742 0.858461 -2.270882
v 2.515537 1.072744 -2.224100
v 2.603742 0.858461 -2.270882
v 2.516255 1.082837 -2.158825
v 2.680168 0.772251 -2.170944
v 1.480563 1.939139 -2.292089
v 1.396914 1.932720 -2.272973
v 1.411068 2.094612 -2.178963
v 1.559991 2.009135 -2.262144
v 1.520980 2.084091 -2.218695
v 1.545817 2.155788 -2.142899
v 1.559991 2.009135 -2.262144
v 1.545817 2.155788 -2.142899
v 1.628058 2.071999 -2.219650
v 1.756304 2.052047 -2.231761
v 1.732936 2.047986 -2.260636
v 1.668303 2.098957 -2.184116
v 2.113700 1.298862 -2.301955
v 2.140974 1.310805 -2.222386
v 2.210599 1.236796 -2.199006
v 2.210599 1.236796 -2.199006
v 2.177638 1.191949 -2.267283
v 2.113700 1.298862 -2.301955
v 2.338402 1.040079 -2.249332
v 2.358758 1.209440 -2.153075
v 2.403641 1.138425 -2.159819
v 2.403641 1.138425 -2.159819
v 2.464535 1.141230 -2.149737
v 2.338402 1.040079 -2.249332
v 2.468842 0.973349 -2.271650
v 2.491343 1.123357 -2.191491
v 2.515537 1.072744 -2.224100
v 3.433747 0.260463 -2.138949
v 3.428990 0.193126 -2.260976
v 3.399781 0.255347 -2.188963
v 1.190539 1.735171 -2.200292
v 1.105254 1.268660 -2.359766
v 1.080526 1.451892 -2.235233
v 1.559991 2.009135 -2.262144
v 1.480563 1.939139 -2.292089
v 1.520980 2.084091 -2.218695
v 1.559991 2.009135 -2.262144
v 1.628058 2.071999 -2.219650
v 1.647387 1.934445 -2.329319
v 1.668303 2.098957 -2.184116
v 1.705104 1.942119 -2.362807
v 1.628058 2.071999 -2.219650
v 1.705104 1.942119 -2.362807
v 1.668303 2.098957 -2.184116
v 1.732936 2.047986 -2.260636
v 1.756304 2.052047 -2.231761
v 1.798939 1.987270 -2.277598
v 1.732936 2.047986 -2.260636
v 2.464535 1.141230 -2.149737
v 2.406814 0.898295 -2.327250
v 2.338402 1.040079 -2.249332
v 2.406814 0.898295 -2.327250
v 2.464535 1.141230 -2.149737
v 2.468842 0.973349 -2.271650
v 1.190539 1.735171 -2.200292
v 1.204032 1.442623 -2.343864
v 1.105254 1.268660 -2.359766
v 1.647387 1.934445 -2.329319
v 1.628058 2.071999 -2.219650
v 1.705104 1.942119 -2.362807
v 2.406814 0.898295 -2.327250
v 2.210599 1.236796 -2.199006
v 2.338402 1.040079 -2.249332
v 2.515537 1.072744 -2.224100
v 2.542150 0.771109 -2.333772
v 2.468842 0.973349 -2.271650
v 2.542150 0.771109 -2.333772
v 2.515537 1.072744 -2.224100
v 2.603742 0.858461 -2.270882
v 3.490499 0.139390 -2.310940
v 3.428990 0.193126 -2.260976
v 3.557019 0.205858 -2.223798
v 1.080526 1.451892 -2.235233
v 1.105254 1.268660 -2.359766
v 0.964401 1.259872 -2.203933
v 1.559991 2.009135 -2.262144
v 1.578643 1.850590 -2.368841
v 1.480563 1.939139 -2.292089
v 1.578643 1.850590 -2.368841
v 1.559991 2.009135 -2.262144
v 1.647387 1.934445 -2.329319
v 1.705104 1.942119 -2.362807
v 1.732936 2.047986 -2.260636
v 1.798939 1.987270 -2.277598
v 2.468842 0.973349 -2.271650
v 2.473454 0.809203 -2.365450
v 2.406814 0.898295 -2.327250
v 1.748634 1.881342 -2.394047
v 1.705104 1.942119 -2.362807
v 1.798939 1.987270 -2.277598
v 1.748634 1.881342 -2.394047
v 1.798939 1.987270 -2.277598
v 1.828574 1.880807 -2.320764
v 1.647387 1.934445 -2.329319
v 1.588045 1.792464 -2.418607
v 1.578643 1.850590 -2.368841
v 1.588045 1.792464 -2.418607
v 1.647387 1.934445 -2.329319
v 1.652120 1.905513 -2.400828
v 1.652120 1.905513 -2.400828
v 1.647387 1.934445 -2.329319
v 1.705104 1.942119 -2.362807
v 1.828574 1.880807 -2.320764
v 1.891281 1.680194 -2.394805
v 1.748634 1.881342 -2.394047
v 1.711905 1.794534 -2.517492
v 1.652120 1.905513 -2.400828
v 1.705104 1.942119 -2.362807
v 1.711905 1.794534 -2.517492
v 1.705104 1.942119 -2.362807
v 1.748634 1.881342 -2.394047
v 1.748634 1.881342 -2.394047
v 1.891281 1.680194 -2.394805
v 1.959894 1.561510 -2.428136
v 1.748634 1.881342 -2.394047
v 1.801661 1.756728 -2.531707
v 1.711905 1.794534 -2.517492
v 1.801661 1.756728 -2.531707
v 1.748634 1.881342 -2.394047
v 1.959894 1.561510 -2.428136
v 1.549809 1.604107 -2.582016
v 1.672704 1.799590 -2.480903
v 1.677402 1.769188 -2.542449
v 1.677402 1.769188 -2.542449
v 1.641289 1.663920 -2.611835
v 1.549809 1.604107 -2.582016
v 1.641289 1.663920 -2.611835
v 1.677402 1.769188 -2.542449
v 1.699640 1.645621 -2.673068
v 1.711905 1.794534 -2.517492
v 1.699640 1.645621 -2.673068
v 1.677402 1.769188 -2.542449
v 1.748886 1.640391 -2.648273
v 1.711905 1.794534 -2.517492
v 1.801661 1.756728 -2.531707
v 1.748886 1.640391 -2.648273
v 1.801661 1.756728 -2.531707
v 1.846797 1.681862 -2.601162
v 1.846797 1.681862 -2.601162
v 1.898442 1.498045 -2.745057
v 1.808252 1.488486 -2.750162
v 1.602955 1.557154 -2.693746
v 1.549809 1.604107 -2.582016
v 1.699640 1.645621 -2.673068
v 1.641289 1.663920 -2.611835
v 1.699640 1.645621 -2.673068
v 1.549809 1.604107 -2.582016
v 1.846797 1.681862 -2.601162
v 1.808252 1.488486 -2.750162
v 1.748886 1.640391 -2.648273
v 1.626023 1.562250 -2.732336
v 1.602955 1.557154 -2.693746
v 1.699640 1.645621 -2.673068
v 1.602955 1.557154 -2.693746
v 1.626023 1.562250 -2.732336
v 1.570817 1.486484 -2.726038
v 1.699640 1.645621 -2.673068
v 1.677141 1.496639 -2.820252
v 1.626023 1.562250 -2.732336
v 1.758588 1.411363 -2.817840
v 1.748886 1.640391 -2.648273
v 1.808252 1.488486 -2.750162
v 1.626023 1.562250 -2.732336
v 1.644446 1.379933 -2.899767
v 1.556711 1.379215 -2.800075
v 1.644446 1.379933 -2.899767
v 1.626023 1.562250 -2.732336
v 1.677141 1.496639 -2.820252
v 1.898442 1.498045 -2.745057
v 1.874197 1.238045 -2.912288
v 1.808252 1.488486 -2.750162
v 1.644446 1.379933 -2.899767
v 1.634638 1.360902 -2.924432
v 1.556711 1.379215 -2.800075
v 1.644446 1.379933 -2.899767
v 1.677141 1.496639 -2.820252
v 1.717635 1.433372 -2.864922
v 1.874197 1.238045 -2.912288
v 1.898442 1.498045 -2.745057
v 1.943198 1.434392 -2.765939
v 1.943198 1.434392 -2.765939
v 1.978907 1.135719 -2.951472
v 1.874197 1.238045 -2.912288
v 1.634638 1.360902 -2.924432
v 1.607717 1.339146 -2.929986
v 1.494096 1.157966 -2.885833
v 1.634638 1.360902 -2.924432
v 1.644446 1.379933 -2.899767
v 1.668055 1.329991 -2.958314
v 1.668055 1.329991 -2.958314
v 1.644446 1.379933 -2.899767
v 1.717635 1.433372 -2.864922
v 1.494096 1.157966 -2.885833
v 1.513243 1.168990 -2.984018
v 1.469283 1.082591 -2.937560
v 1.607717 1.339146 -2.929986
v 1.513243 1.168990 -2.984018
v 1.494096 1.157966 -2.885833
v 1.449150 1.014896 -2.985217
v 1.469283 1.082591 -2.937560
v 1.513243 1.168990 -2.984018
v 1.607717 1.339146 -2.929986
v 1.607553 1.273859 -2.998685
v 1.513243 1.168990 -2.984018
v 1.634638 1.360902 -2.924432
v 1.668055 1.329991 -2.958314
v 1.607717 1.339146 -2.929986
v 1.607553 1.273859 -2.998685
v 1.607717 1.339146 -2.929986
v 1.668055 1.329991 -2.958314
v 1.668055 1.329991 -2.958314
v 1.608438 1.151662 -3.070686
v 1.607553 1.273859 -2.998685
v 1.449150 1.014896 -2.985217
v 1.502729 1.096966 -3.049420
v 1.401130 0.926259 -3.053185
v 1.513243 1.168990 -2.984018
v 1.502729 1.096966 -3.049420
v 1.449150 1.014896 -2.985217
v 1.607553 1.273859 -2.998685
v 1.567924 1.165495 -3.061655
v 1.513243 1.168990 -2.984018
v 1.668055 1.329991 -2.958314
v 1.693980 1.157231 -3.060748
v 1.608438 1.151662 -3.070686
v 1.502729 1.096966 -3.049420
v 1.513243 1.168990 -2.984018
v 1.567924 1.165495 -3.061655
v 1.607553 1.273859 -2.998685
v 1.608438 1.151662 -3.070686
v 1.567924 1.165495 -3.061655
v 1.951311 0.810444 -3.171409
v 1.874197 1.238045 -2.912288
v 1.978907 1.135719 -2.951472
v 1.482438 1.073977 -3.085731
v 1.401130 0.926259 -3.053185
v 1.502729 1.096966 -3.049420
v 1.502729 1.096966 -3.049420
v 1.567924 1.165495 -3.061655
v 1.482438 1.073977 -3.085731
v 1.951311 0.810444 -3.171409
v 1.978907 1.135719 -2.951472
v 2.026243 1.029754 -3.010019
v 1.567924 1.165495 -3.061655
v 1.538898 1.076077 -3.134789
v 1.482438 1.073977 -3.085731
v 1.951311 0.810444 -3.171409
v 2.026243 1.029754 -3.010019
v 2.067931 0.903593 -3.081860
v 1.538898 1.076077 -3.134789
v 1.567924 1.165495 -3.061655
v 1.608438 1.151662 -3.070686
v 1.693980 1.157231 -3.060748
v 1.733117 0.979572 -3.166486
v 1.608438 1.151662 -3.070686
v 1.538038 0.812493 -3.304171
v 1.538898 1.076077 -3.134789
v 1.608438 1.151662 -3.070686
vn -0.1584 0.9415 0.2974
vn -0.0942 0.9538 0.2852
vn -0.1619 0.9442 0.2868
vn -0.0667 0.8137 0.5774
vn 0.3255 0.7797 0.5350
vn 0.2102 0.7284 0.6521
vn 0.1338 0.6257 0.7685
vn -0.4010 0.5968 0.6950
vn -0.1868 0.6648 0.7233
vn 0.0596 0.6839 0.7271
vn 0.3312 0.8523 0.4049
vn -0.4000 0.4975 0.7697
vn 0.3685 0.4580 0.8090
vn 0.2133 0.7866 0.5794
vn -0.4775 0.7965 0.3710
vn 0.0806 0.7930 0.6038
vn -0.1397 0.7414 0.6564
vn 0.1502 0.6426 0.7513
vn -0.6755 0.6745 0.2980
vn -0.5596 0.7031 0.4387
vn 0.6329 0.7308 0.2557
vn 0.2732 0.8133 0.5137
vn -0.3820 0.7198 0.5797
vn 0.4906 0.6238 0.6084
vn 0.5855 0.7515 0.3041
vn -0.1223 0.8921 0.4351
vn 0.2182 0.7778 0.5894
vn 0.5450 0.3834 0.7456
vn -0.3313 0.7194 0.6105
vn -0.3387 0.6880 0.6418
vn -0.1976 0.7269 0.6577
vn -0.1868 0.8311 0.5238
vn 0.5678 0.6242 0.5367
vn -0.3881 0.9215 0.0164
vn 0.2084 0.9761 0.0618
vn -0.4472 0.8857 -0.1243
vn -0.3599 0.8746 0.3249
vn 0.7725 0.5812 0.2559
vn 0.1177 0.6706 0.7324
vn -0.2721 0.6287 0.7285
vn -0.5709 0.5667 0.5940
vn 0.0113 0.8570 0.5151
vn 0.2759 0.7407 0.6126
vn -0.4519 0.6425 0.6189
vn -0.0216 0.6014 0.7986
vn 0.4768 0.5323 0.6995
vn -0.7486 0.6343 0.1929
vn -0.7795 0.6223 0.0720
vn -0.8560 0.5071 0.1006
vn -0.1820 0.4690 0.8642
vn 0.5939 0.4523 0.6654
vn 0.4757 0.6123 0.6315
vn -0.2684 0.9491 -0.1651
vn 0.6147 0.5172 0.5955
vn -0.6304 0.6344 0.4473
vn 0.3279 0.5113 0.7944
vn 0.5882 0.4017 0.7019
vn -0.2111 0.9565 0.2012
vn -0.2931 0.9190 -0.2636
vn 0.0887 0.9060 0.4139
vn 0.5971 0.5951 0.5379
vn 0.3399 0.4639 0.8181
vn 0.4896 0.4852 0.7245
vn 0.5276 0.4667 0.7099
vn 0.6047 0.3970 0.6905
vn 0.2774 0.8508 0.4464
vn -0.1133 0.5360 0.8366
vn 0.0433 0.5410 0.8399
vn -0.6359 0.5875 0.5005
vn -0.3869 0.7007 0.5995
vn -0.6130 0.3407 0.7128
vn 0.1282 0.5499 0.8254
vn 0.5140 0.4541 0.7277
vn 0.3059 0.6321 0.7120
vn 0.5531 0.5308 0.6422
vn -0.1840 0.6702 0.7190
vn -0.3061 0.6371 0.7074
vn 0.5783 0.4832 0.6574
vn -0.8621 0.4649 0.2017
vn 0.4942 0.8687 -0.0340
vn -0.2012 0.9664 0.1597
vn -0.2540 0.9339 0.2514
vn -0.6004 0.6998 0.3871
vn 0.4885 0.5437 0.6824
vn -0.1557 0.7611 0.6296
vn -0.9029 0.3942 0.1715
vn 0.2022 0.9301 -0.3068
vn -0.4915 0.7537 0.4363
vn -0.8630 0.4870 0.1341
vn 0.5283 0.4553 0.7166
vn 0.7659 0.4081 0.4969
vn -0.4874 0.7511 0.4453
vn -0.5069 0.8180 0.2717
vn 0.3124 0.7957 0.5189
vn 0.0857 0.9205 0.3813
vn 0.5153 0.7776 0.3603
vn 0.8823 0.4554 0.1189
vn -0.8379 0.5457 0.0109
vn 0.7608 0.6234 -0.1806
vn 0.7672 0.6089 -0.2016
vn 0.8731 0.4712 -0.1252
vn -0.6961 0.7151 -0.0632
vn -0.8687 0.4898 0.0732
vn -0.3624 0.9303 0.0565
vn 0.0511 0.6704 0.7402
vn 0.2661 0.6278 0.7315
vn -0.1462 0.7578 0.6359
vn 0.7895 0.5750 0.2145
vn -0.1745 0.9754 0.1347
vn 0.6924 0.2121 0.6897
vn 0.3728 0.6804 0.6310
vn 0.1306 0.6797 0.7218
vn -0.8141 0.5697 0.1131
vn -0.0965 0.9154 0.3908
vn 0.7879 0.5642 -0.2466
vn 0.5330 0.7165 0.4500
vn 0.3581 0.7793 0.5142
vn -0.3048 0.5764 0.7582
vn -0.2312 0.7301 0.6430
vn -0.0712 0.7723 0.6313
vn 0.3677 0.6986 0.6138
vn 0.6952 0.5344 0.4807
vn 0.4530 0.6404 0.6203
vn -0.1893 0.5847 0.7889
vn 0.6492 0.3679 0.6657
vn 0.5553 0.5747 0.6011
vn 0.3456 -0.2273 0.9105
vn -0.2023 0.6620 0.7217
vn 0.8941 0.3757 0.2437
vn -0.5262 0.6952 0.4897
vn 0.2317 0.7726 0.5910
vn 0.1681 0.5869 0.7920
vn 0.1479 0.6609 0.7357
vn 0.5641 0.5575 0.6091
vn -0.2521 0.6876 0.6809
vn -0.6361 0.3940 0.6634
vn -0.0312 0.5158 0.8561
vn -0.2678 0.6754 0.6871
vn -0.3237 0.6630 0.6751
vn -0.0751 0.5235 0.8487
vn -0.4087 0.6142 0.6751
vn -0.4880 0.6690 0.5606
vn -0.4888 0.6684 0.5607
vn -0.6634 0.4564 0.5929
vn 0.4916 -0.0723 0.8678
vn 0.1902 0.8585 0.4762
vn -0.5247 0.5894 0.6142
vn -0.7260 0.5107 0.4606
vn -0.3418 0.6803 0.6483
vn -0.4564 0.5400 0.7072
vn -0.4911 0.5216 0.6977
vn -0.5116 0.8216 0.2514
vn -0.4400 0.8821 0.1681
vn 0.3048 0.9342 0.1855
vn -0.5924 0.4191 0.6881
vn -0.2534 0.5274 0.8109
vn -0.2280 0.7017 0.6750
vn -0.4237 0.5477 0.7214
vn -0.2479 0.5335 0.8087
vn -0.1362 0.5822 0.8016
vn -0.5302 0.4851 0.6954
vn -0.4130 0.6115 0.6749
vn -0.5429 0.5120 0.6657
vn -0.0628 0.4937 0.8674
vn -0.3316 0.5617 0.7580
vn -0.4879 0.4950 0.7190
vn -0.0744 0.4543 0.8877
vn -0.2865 0.8229 0.4906
vn -0.7172 0.6582 0.2290
vn -0.0189 0.4975 0.8673
vn -0.2118 0.5343 0.8183
vn -0.0923 0.5714 0.8155
vn -0.2521 0.7246 0.6414
vn -0.0129 0.7810 0.6244
vn -0.8280 0.5136 0.2251
vn -0.8950 0.4302 0.1180
vn -0.3474 0.5963 0.7237
vn 0.0005 0.4960 0.8683
vn -0.4626 0.4762 0.7478
vn 0.0207 0.3978 0.9173
vn -0.2976 0.4263 0.8542
vn -0.1461 0.7874 0.5989
vn 0.5875 0.4010 0.7029
vn -0.2486 0.6161 0.7474
vn 0.1565 0.5727 0.8047
vn 0.3121 0.6165 0.7228
vn 0.0842 0.4028 0.9114
vn -0.7624 0.6471 0.0055
vn -0.6038 0.3571 0.7127
vn -0.1469 0.5596 0.8156
vn -0.2962 0.3753 0.8783
vn 0.1116 0.5958 0.7954
vn 0.1007 0.5163 0.8505
vn -0.5357 0.3708 0.7587
vn -0.2663 0.3840 0.8841
vn 0.2673 0.3003 0.9156
vn 0.4503 0.4048 0.7958
vn -0.6751 0.6466 0.3551
vn -0.0107 0.4130 0.9107
vn 0.2208 0.4257 0.8775
vn -0.0049 0.5612 0.8276
vn 0.3651 0.4985 0.7862
vn 0.4879 0.4241 0.7629
vn -0.1757 0.7407 0.6484
vn -0.1048 0.7532 0.6494
vn 0.4768 0.5237 0.7060
vn 0.9390 0.3362 0.0719
vn -0.7059 0.3859 0.5940
vn -0.0171 0.4327 0.9014
vn -0.8372 0.4153 0.3557
vn -0.1211 0.4736 0.8724
vn -0.2616 0.3916 0.8822
vn 0.2821 0.5016 0.8179
vn -0.6003 0.5543 0.5766
vn 0.0869 0.7455 0.6608
vn -0.6619 0.3830 0.6443
vn 0.9095 0.1128 0.4001
vn 0.4890 0.7240 0.4865
vn 0.4470 0.6556 0.6086
vn 0.1210 0.6575 0.7436
vn 0.2897 0.4082 0.8657
vn -0.7886 0.5206 0.3273
vn 0.2154 0.3462 0.9131
vn 0.3280 0.3430 0.8802
vn 0.3601 0.3635 0.8592
vn -0.1033 0.6694 0.7357
vn 0.7938 0.6067 -0.0432
vn -0.8173 0.5520 0.1656
vn -0.3536 0.9273 0.1227
vn 0.0617 0.6637 0.7454
vn -0.7059 0.5943 0.3854
vn -0.5152 0.7183 0.4676
vn -0.3938 0.6193 0.6792
vn -0.5247 0.7091 0.4711
vn -0.7014 0.4893 0.5184
vn -0.7033 0.5301 0.4737
vn -0.1264 0.9648 -0.2307
vn -0.1523 0.6443 0.7495
vn -0.4253 0.4693 0.7738
vn 0.2744 0.4115 0.8691
vn -0.5177 0.4532 0.7257
vn -0.6847 0.5783 0.4436
vn 0.0751 0.7356 0.6733
vn -0.7439 0.5113 0.4302
vn -0.2695 0.4540 0.8493
vn -0.1433 0.4553 0.8787
vn 0.8027 0.4515 0.3896
vn 0.5053 0.3667 0.7812
vn -0.8400 0.5426 0.0043
vn -0.2950 0.6401 0.7094
vn -0.1231 0.9884 -0.0892
vn -0.3736 0.8937 0.2485
vn 0.6531 0.5447 0.5261
vn -0.3500 0.7231 0.5955
vn -0.5355 0.7473 0.3934
vn -0.1505 0.8282 0.5399
vn -0.4401 0.8689 -0.2266
vn 0.3550 0.7081 0.6104
vn -0.4586 0.4826 0.7462
vn -0.7336 0.4190 0.5350
vn -0.4472 0.6350 0.6299
vn 0.4001 0.5409 0.7399
vn 0.2569 0.4529 0.8538
vn 0.6279 0.3623 0.6888
vn 0.3819 0.3895 0.8381
vn -0.6700 0.5317 -0.5181
vn -0.3190 0.7502 -0.5791
vn -0.7300 0.5774 -0.3657
vn -0.4457 0.6966 -0.5622
vn -0.7367 0.6315 -0.2419
vn -0.7777 0.6170 0.1205
vn 0.5669 0.3547 0.7435
vn 0.4058 0.4131 0.8153
vn 0.3382 0.4627 0.8195
vn 0.8741 0.3739 0.3102
vn -0.3525 0.5700 -0.7422
vn -0.2935 0.6542 0.6970
vn -0.4497 0.7673 0.4572
vn 0.2194 0.6227 0.7511
vn 0.5419 0.4373 0.7177
vn -0.6561 0.7156 -0.2398
vn -0.8183 0.5376 -0.2037
vn -0.5684 0.5492 -0.6126
vn -0.4295 0.7021 -0.5680
vn 0.1981 0.7121 0.6735
vn -0.4531 0.7175 -0.5291
vn 0.0976 0.9951 -0.0123
vn 0.3558 0.9330 -0.0533
vn 0.8087 0.4742 0.3480
vn -0.2271 0.7928 0.5656
vn 0.0011 0.8461 0.5330
vn -0.6905 0.5982 -0.4066
vn -0.3458 0.5944 -0.7261
vn -0.5577 0.7360 -0.3838
vn -0.5237 0.6869 0.5039
vn 0.1534 0.8131 0.5616
vn 0.2952 0.6794 0.6717
vn 0.7723 0.3849 0.5054
vn 0.2805 0.6239 0.7294
vn 0.2343 0.9246 -0.3005
vn 0.7231 0.6772 -0.1358
vn 0.3813 0.5774 -0.7219
vn 0.7000 0.5604 -0.4426
vn 0.4109 0.9016 0.1353
vn 0.7389 0.5625 0.3710
vn -0.7554 0.6438 -0.1215
vn -0.2839 0.8833 -0.3730
vn -0.7505 0.6151 0.2419
vn 0.1356 0.5611 0.8166
vn -0.4023 0.8851 0.2341
vn 0.4377 0.7356 -0.5171
vn 0.5149 0.6881 -0.5113
vn 0.1564 0.9532 0.2589
vn 0.8786 0.4661 -0.1041
vn -0.4251 0.5104 -0.7475
vn -0.7330 0.6337 -0.2475
vn 0.0898 0.5834 0.8072
vn 0.8391 0.3667 0.4019
vn -0.0490 0.5045 0.8620
vn 0.4062 0.5876 -0.6999
vn 0.8688 0.4852 -0.0985
vn -0.7278 0.6640 0.1713
vn -0.7188 0.6896 0.0882
vn -0.8392 0.4507 0.3042
vn -0.0057 0.5323 0.8466
vn 0.4815 0.4600 0.7460
vn -0.2781 0.9577 0.0741
vn 0.6412 0.7303 0.2357
vn 0.8044 0.5133 0.2991
vn -0.6399 0.6745 -0.3683
vn -0.5693 0.7197 -0.3974
vn -0.8163 0.4481 0.3646
vn -0.6196 0.6903 0.3736
vn 0.7445 0.5863 0.3194
vn 0.5855 0.5109 0.6295
vn -0.4966 0.7264 0.4750
vn -0.7407 0.2230 0.6338
vn -0.2108 0.8879 -0.4088
vn 0.7308 0.5542 -0.3986
vn -0.0495 0.6841 -0.7277
vn 0.2305 0.6252 -0.7457
vn 0.6434 0.5559 -0.5263
vn -0.7262 0.6834 -0.0747
vn -0.6317 0.7696 -0.0935
vn -0.5793 0.6736 0.4590
vn -0.2600 0.5441 0.7977
vn 0.3394 0.6289 0.6995
vn 0.0810 0.6731 0.7351
vn -0.7295 0.5030 0.4635
vn -0.8091 0.4612 0.3643
vn -0.2689 0.9263 0.2638
vn -0.1373 0.9175 0.3732
vn 0.7402 0.5353 -0.4069
vn 0.8286 0.5320 0.1746
vn 0.3317 0.5374 -0.7753
vn 0.4787 0.8578 0.1873
vn -0.2658 0.8218 0.5039
vn -0.0245 0.8245 0.5653
vn -0.6891 0.6522 -0.3159
vn -0.3973 0.4899 0.7760
vn -0.5633 0.6185 0.5479
vn -0.5200 0.7317 0.4407
vn -0.8408 0.4606 -0.2845
vn -0.5054 0.8628 -0.0071
vn 0.2826 0.9444 -0.1679
vn 0.7430 0.6609 0.1057
vn 0.7742 0.6146 -0.1512
vn -0.6434 0.5115 0.5696
vn 0.3027 0.6799 0.6679
vn 0.6400 0.4272 -0.6387
vn 0.5009 0.6453 -0.5768
vn 0.0202 0.8009 0.5984
vn -0.6623 0.7252 -0.1883
vn -0.6132 0.5478 0.5692
vn -0.5397 0.6380 0.5493
vn -0.1047 0.7057 0.7007
vn -0.6704 0.6090 0.4238
vn -0.7101 0.5167 -0.4783
vn -0.1167 0.7664 0.6317
vn -0.1266 0.7666 0.6296
vn 0.0524 0.8225 0.5664
vn 0.5780 0.6866 0.4410
vn -0.7908 0.5938 0.1484
vn -0.6678 0.6353 -0.3879
vn -0.7857 0.5324 0.3149
vn -0.6631 0.6077 -0.4371
vn -0.1905 0.8314 -0.5220
vn 0.5955 0.4268 -0.6806
vn 0.2665 0.8920 -0.3652
vn 0.3414 0.8723 -0.3500
vn -0.1772 0.9719 -0.1546
vn -0.6989 0.6930 -0.1772
vn -0.1858 0.6069 0.7728
vn -0.6343 0.7681 -0.0875
vn -0.6037 0.7939 -0.0724
vn -0.7378 0.5310 -0.4169
vn -0.1333 0.6555 -0.7434
vn 0.7313 0.6796 -0.0583
vn -0.4522 0.4435 0.7738
vn 0.0957 0.8633 0.4956
vn -0.5631 0.5268 0.6368
vn 0.7335 0.6607 0.1595
vn 0.7017 0.6974 0.1457
vn 0.5585 0.8106 -0.1760
vn 0.5101 0.8582 -0.0572
vn -0.7540 0.5891 -0.2905
vn -0.4084 0.8893 0.2058
vn -0.5784 0.7422 -0.3386
vn -0.0492 0.9119 0.4074
vn -0.4893 0.7979 0.3519
vn -0.5165 0.8381 -0.1755
vn -0.6830 0.6868 0.2485
vn -0.2043 0.8885 0.4109
vn 0.4525 0.5531 0.6995
vn 0.4513 0.5532 0.7002
vn -0.4930 0.6499 0.5784
vn -0.3968 0.4162 0.8181
vn -0.4372 0.4050 0.8030
vn -0.3419 0.3844 0.8575
vn -0.0203 0.6625 0.7488
vn 0.6488 0.7528 0.1109
vn 0.7328 0.6623 0.1561
vn 0.2364 0.7872 0.5697
vn 0.3319 0.8837 -0.3299
vn -0.1757 0.9807 0.0859
vn -0.2602 0.4934 0.8300
vn -0.7138 0.6980 0.0580
vn 0.6017 0.7788 -0.1772
vn -0.2189 0.9384 -0.2674
vn 0.5011 0.6415 -0.5809
vn 0.6547 0.6492 -0.3872
vn -0.7137 0.4609 0.5275
vn -0.7611 0.3965 0.5133
vn 0.3169 0.7194 0.6181
vn -0.3977 0.5847 0.7071
vn -0.5910 0.4948 0.6371
vn 0.7533 0.5546 0.3536
vn 0.7128 0.5873 0.3834
vn -0.1676 0.6092 0.7751
vn 0.1605 0.9015 -0.4019
vn 0.6205 0.7841 -0.0138
vn 0.6172 0.7867 -0.0105
vn 0.5323 0.7847 0.3176
vn -0.0894 0.5698 0.8169
vn 0.2416 0.4578 0.8556
vn 0.1739 0.7625 0.6231
vn -0.4928 0.5046 0.7089
vn 0.7911 0.5206 -0.3213
vn -0.4426 0.3644 -0.8194
vn -0.3343 0.9028 0.2707
vn -0.2936 0.6467 0.7040
vn 0.0947 0.9784 0.1840
vn -0.5579 0.4542 0.6946
vn 0.1739 0.4525 0.8746
vn -0.2088 0.8515 0.4811
vn -0.5648 0.6732 0.4773
vn 0.0812 0.9955 -0.0489
vn -0.7704 0.1936 -0.6074
vn -0.5206 0.8498 -0.0825
vn 0.0505 0.9808 -0.1881
vn 0.6801 0.5616 -0.4713
vn -0.5070 0.3111 -0.8039
vn -0.1705 0.3120 -0.9347
vn -0.3665 0.5558 -0.7462
vn 0.2551 0.9324 0.2562
vn 0.4046 0.6117 0.6798
vn 0.5280 0.5854 0.6152
vn 0.0764 0.5061 0.8591
vn -0.9343 0.3070 -0.1812
vn -0.4864 0.4247 -0.7636
vn -0.5259 0.3589 -0.7711
vn -0.0323 0.4902 -0.8710
vn -0.7836 0.5048 -0.3621
vn 0.6890 0.4825 -0.5408
vn 0.7005 0.5948 -0.3943
vn -0.6279 0.4873 -0.6069
vn -0.5977 0.5669 -0.5669
vn 0.5496 0.6702 -0.4987
vn 0.1805 0.8537 -0.4886
vn -0.4286 0.5869 -0.6869
vn 0.0487 0.5413 -0.8394
vn 0.7708 0.5905 -0.2390
vn -0.6725 0.4868 0.5574
vn 0.1245 0.6044 0.7869
vn 0.7908 0.5663 -0.2322
vn 0.0632 0.6368 -0.7684
vn 0.0678 0.5723 -0.8172
vn -0.5833 0.4478 -0.6777
vn 0.1667 0.9629 -0.2124
vn 0.0043 0.6408 -0.7677
vn 0.7772 0.5744 -0.2569
vn -0.8014 0.5887 0.1057
vn -0.2134 0.8474 0.4862
vn -0.6292 0.6169 0.4728
vn -0.6247 0.6188 0.4762
vn -0.5268 0.8493 -0.0335
vn -0.7256 0.6778 0.1185
vn -0.8117 0.5240 -0.2580
vn 0.0656 0.4888 -0.8699
vn 0.4228 0.4224 -0.8018
vn 0.5853 0.5280 -0.6154
vn -0.7403 0.5754 0.3476
vn -0.4596 0.7048 0.5405
vn -0.6600 0.5121 0.5497
vn 0.8466 0.3613 0.3908
vn -0.6215 0.6611 0.4203
vn -0.3247 0.3671 0.8717
vn -0.2195 0.3838 0.8970
vn 0.0129 0.3449 0.9385
vn -0.3295 0.6119 -0.7190
vn -0.3774 0.3567 -0.8546
vn 0.2003 0.5678 -0.7984
vn -0.7447 0.5611 0.3615
vn -0.5078 0.8102 0.2928
vn 0.1230 0.9202 0.3716
vn 0.5017 0.7009 0.5070
vn 0.6227 0.6030 -0.4986
vn -0.0531 0.4480 -0.8925
vn 0.0135 0.4263 -0.9045
vn 0.3633 0.3950 -0.8438
vn -0.5756 0.5092 0.6399
vn -0.3400 0.4462 0.8278
vn -0.0974 0.4438 0.8908
vn 0.3198 0.6334 0.7046
vn -0.3960 0.8171 0.4190
vn -0.3135 0.8555 0.4121
vn -0.5379 0.7666 0.3506
vn -0.8387 0.4507 0.3057
vn -0.0585 0.5099 0.8583
vn 0.6685 0.5085 0.5427
vn 0.7148 0.4999 0.4890
vn -0.3583 0.5677 -0.7412
vn 0.8164 0.4674 0.3391
vn 0.2020 0.4815 -0.8529
vn -0.7622 0.5404 -0.3563
vn -0.7661 0.6196 0.1708
vn -0.9067 0.3563 0.2258
vn 0.0036 0.5474 -0.8369
vn -0.4404 0.4311 -0.7875
vn 0.6483 0.3229 -0.6895
vn 0.2415 0.5486 -0.8004
vn -0.7788 0.4689 -0.4166
vn 0.3598 0.9138 -0.1886
vn 0.8322 0.4964 -0.2471
vn 0.8658 0.4768 -0.1518
vn 0.8826 0.4294 -0.1913
vn 0.6231 0.6173 -0.4804
vn -0.4764 0.5550 -0.6819
vn 0.3882 0.9141 -0.1172
vn -0.4836 0.8720 -0.0764
vn 0.8334 0.4415 -0.3324
vn -0.7488 0.4347 -0.5003
vn -0.1631 0.9040 -0.3952
vn 0.8554 0.4576 -0.2425
vn 0.1633 0.6081 -0.7769
vn -0.7366 0.6575 -0.1584
vn -0.7409 0.6535 -0.1548
vn -0.8189 0.4512 -0.3548
vn -0.4018 0.8682 -0.2912
vn 0.0017 0.9095 -0.4158
vn 0.4713 0.6120 -0.6351
vn -0.6296 0.7416 -0.2317
vn -0.2240 0.8807 -0.4173
vn 0.8453 0.5336 -0.0292
vn 0.5054 0.8357 0.2148
vn -0.4488 0.7878 -0.4218
vn -0.7114 0.6317 -0.3080
vn -0.7414 0.5371 0.4023
vn -0.7415 0.5371 0.4022
vn 0.4176 0.3365 -0.8441
vn -0.6976 0.7160 0.0256
vn -0.8646 0.5019 -0.0236
vn -0.6516 0.5428 -0.5299
vn 0.8561 0.5135 0.0591
vn 0.6208 0.5789 -0.5286
vn -0.6190 0.7610 -0.1939
vn -0.1815 0.9251 -0.3335
vn 0.4431 0.4607 -0.7691
vn 0.3711 0.7436 -0.5562
vn -0.8396 0.5429 0.0204
vn -0.7026 0.4193 0.5750
vn -0.1323 0.8496 0.5105
vn -0.6483 0.6005 -0.4682
vn 0.8737 0.3537 -0.3340
vn 0.5901 0.4427 -0.6752
vn -0.5908 0.5404 0.5990
vn -0.7336 0.6104 0.2988
vn -0.7817 0.6235 -0.0152
vn -0.8290 0.3867 -0.4039
vn 0.4988 0.6154 0.6103
vn 0.8076 0.4533 0.3773
vn 0.8671 0.4215 0.2655
vn 0.4664 0.5906 -0.6585
vn 0.5161 0.5794 -0.6308
vn 0.4293 0.6072 -0.6686
vn -0.5772 0.6721 0.4637
vn -0.8761 0.4117 -0.2510
vn -0.2512 0.8213 -0.5122
vn -0.1119 0.9088 -0.4020
vn -0.5031 0.4055 -0.7632
vn -0.6278 0.6015 -0.4940
vn -0.3448 0.5319 -0.7735
vn -0.4335 0.4944 -0.7534
vn -0.7270 0.4245 -0.5397
vn -0.5748 0.5348 -0.6194
vn -0.5078 0.5805 -0.6365
vn -0.0523 0.9632 -0.2637
vn 0.8971 0.3324 -0.2910
vn 0.8979 0.3990 -0.1860
vn 0.5144 0.5813 -0.6304
vn 0.6187 0.3744 -0.6907
vn 0.3214 0.7807 -0.5359
vn -0.1334 0.9547 -0.2661
vn -0.5023 0.5849 -0.6368
vn -0.3779 0.5180 -0.7674
vn -0.7141 0.3395 -0.6123
vn -0.5546 0.6077 -0.5684
vn 0.6755 0.6437 -0.3596
vn -0.0031 0.5351 -0.8448
vn 0.0544 0.8508 -0.5227
vn -0.8885 0.3663 -0.2764
vn -0.1948 0.2193 0.9560
vn -0.5593 0.8289 -0.0128
vn -0.5385 0.8412 0.0482
vn -0.3429 0.3759 -0.8609
vn -0.7437 0.4251 -0.5160
vn -0.5931 0.4033 -0.6969
vn -0.6231 0.3864 -0.6800
vn -0.5455 0.3682 -0.7529
vn 0.3703 0.6073 -0.7029
vn 0.4685 0.4417 -0.7652
vn 0.6969 0.5663 -0.4401
vn -0.5358 0.3939 -0.7469
vn -0.1049 0.4060 -0.9078
vn -0.1470 0.3935 -0.9075
vn 0.5147 0.4719 -0.7158
vn 0.4823 0.5127 -0.7102
vn 0.4038 0.5351 -0.7421
vn 0.7418 0.4646 -0.4836
vn -0.7926 0.5933 -0.1406
vn -0.4285 0.8771 -0.2169
vn -0.5702 0.7794 -0.2595
vn -0.6179 0.6205 -0.4828
vn -0.5372 0.4708 -0.6998
vn -0.4820 0.3850 -0.7870
vn -0.5673 0.3552 -0.7429
vn -0.4980 0.3709 -0.7838
vn 0.4613 0.4459 -0.7670
vn 0.7092 0.3452 -0.6147
vn 0.6688 0.4025 -0.6250
vn -0.4112 0.5593 -0.7198
vn -0.4043 0.5102 -0.7591
vn -0.4102 0.9107 -0.0478
vn -0.5717 0.7820 -0.2482
vn -0.6066 0.7943 -0.0332
vn -0.5711 0.4942 -0.6554
vn -0.8427 0.4628 -0.2750
vn -0.1296 0.9765 -0.1725
vn 0.4848 0.5138 -0.7078
vn 0.4392 0.5138 -0.7369
vn -0.7436 0.6542 -0.1384
vn 0.5663 0.7817 0.2614
vn -0.4871 0.8432 0.2276
vn -0.7184 0.6542 -0.2367
vn -0.6056 0.7683 0.2074
vn -0.6018 0.7703 0.2108
vn -0.7431 0.6505 -0.1571
vn -0.7190 0.6751 0.1655
vn -0.8043 0.5867 0.0940
vn -0.6380 0.7533 -0.1597
vn 0.6000 0.7946 0.0922
vn 0.6423 0.6140 0.4587
vn 0.7693 0.6359 -0.0620
vn 0.8061 0.5917 -0.0117
vn -0.5836 0.7209 -0.3738
vn -0.8457 0.3841 0.3704
vn -0.5866 0.6197 0.5215
vn -0.2455 0.9318 0.2675
vn -0.4604 0.7764 0.4304
vn -0.7582 0.4178 0.5007
vn -0.1556 0.4097 0.8988
vn 0.3633 0.4849 0.7955
vn 0.7400 0.4563 0.4942
vn 0.7404 0.4579 0.4920
vn 0.6891 0.7234 0.0418
vn 0.3436 0.5712 -0.7454
vn -0.0856 0.9844 -0.1539
vn 0.7273 0.5853 -0.3584
vn 0.0509 0.8480 -0.5276
vn -0.2456 0.6415 0.7268
vn -0.6110 0.5852 0.5332
vn 0.0490 0.6846 0.7273
vn -0.6497 0.5014 0.5715
vn 0.1985 0.6766 0.7091
vn 0.7108 0.4104 0.5713
vn 0.7775 0.4779 0.4087
vn 0.5172 0.6376 0.5710
vn -0.6643 0.7454 0.0559
vn -0.8278 0.4297 -0.3607
vn 0.5081 0.6080 -0.6101
vn 0.4083 0.6860 -0.6022
vn -0.2692 0.5828 -0.7667
vn -0.4044 0.3822 0.8309
vn -0.7537 0.5947 0.2799
vn -0.3428 0.5013 0.7944
vn -0.2073 0.5154 0.8315
vn 0.6665 0.7410 0.0816
vn 0.8672 0.4959 0.0451
vn 0.8467 0.5057 0.1656
vn 0.5111 0.6587 0.5522
vn 0.7825 0.5982 0.1729
vn -0.6299 0.5789 -0.5178
vn 0.7095 0.5980 -0.3728
vn 0.1112 0.9131 0.3924
vn -0.2686 0.8119 0.5183
vn -0.4316 0.7133 0.5522
vn -0.4708 0.4520 0.7576
vn -0.6958 0.4133 0.5874
vn 0.0066 0.4610 0.8874
vn 0.4757 0.5325 0.7001
vn 0.7601 0.6032 0.2415
vn 0.7805 0.6175 0.0973
vn -0.5419 0.7427 0.3933
vn 0.1269 0.4540 -0.8819
vn 0.5137 0.8313 -0.2124
vn -0.4435 0.7845 0.4334
vn -0.6906 0.5920 0.4155
vn -0.3419 0.6618 0.6672
vn -0.2571 0.5657 0.7835
vn -0.5910 0.4305 0.6821
vn -0.7542 0.4795 0.4487
vn -0.7305 0.4426 0.5200
vn -0.6404 0.4878 0.5933
vn 0.4465 0.5528 0.7036
vn 0.8392 0.4463 0.3108
vn 0.2675 0.4640 0.8445
vn 0.5144 0.4524 0.7285
vn 0.3695 0.5795 0.7264
vn 0.3926 0.9191 -0.0345
vn 0.2579 0.8442 -0.4700
vn 0.2811 0.6795 -0.6777
vn -0.0198 0.6649 -0.7467
vn -0.1668 0.5321 0.8301
vn -0.6893 0.3891 0.6111
vn -0.3062 0.3994 0.8641
vn 0.3949 0.5321 0.7489
vn 0.7951 0.4185 0.4390
vn 0.7604 0.4629 0.4557
vn 0.7749 0.4107 0.4805
vn 0.3894 0.9203 -0.0381
vn 0.6503 0.2740 -0.7086
vn 0.4655 0.5858 -0.6635
vn -0.4352 0.5758 0.6921
vn -0.4016 0.4714 0.7852
vn -0.1993 0.5328 0.8224
vn -0.6322 0.3299 0.7011
vn -0.2139 0.3492 0.9123
vn -0.0229 0.4282 0.9034
vn 0.0142 0.4851 0.8743
vn -0.2826 0.4281 0.8584
vn -0.8230 0.2981 0.4835
vn -0.3664 0.5422 0.7561
vn -0.4606 0.8078 0.3678
vn 0.2899 0.8194 0.4945
vn 0.7860 0.4026 0.4691
vn 0.5826 0.5808 0.5685
vn -0.1484 0.9497 -0.2757
vn 0.7646 0.5667 -0.3069
vn 0.7606 0.6189 -0.1960
vn 0.7522 0.6300 -0.1934
vn 0.8398 0.5329 0.1039
vn 0.7398 0.4184 0.5270
vn 0.4899 0.8707 -0.0426
vn -0.3955 0.4957 0.7733
vn 0.0391 0.8315 -0.5542
vn -0.6741 0.5093 0.5350
vn -0.6583 0.5374 0.5271
vn -0.3885 0.5630 0.7295
vn -0.4931 0.3230 0.8078
vn 0.7251 0.6558 -0.2103
vn 0.8603 0.4685 0.2008
vn 0.7604 0.6054 0.2351
vn 0.1175 0.9928 0.0224
vn -0.7545 0.5761 0.3145
vn 0.2866 0.3806 0.8792
vn -0.3568 0.3630 0.8608
vn -0.2302 0.3881 0.8924
vn -0.8433 0.2971 0.4478
vn -0.7832 0.5322 -0.3214
vn 0.6496 0.6819 -0.3364
vn -0.4714 0.4964 -0.7290
vn 0.5693 0.4064 -0.7147
vn 0.2095 0.3858 -0.8985
vn 0.8408 0.3901 -0.3753
vn 0.7303 0.6831 -0.0055
vn 0.7883 0.6079 -0.0952
vn 0.7106 0.5595 -0.4267
vn 0.7027 0.5664 -0.4305
vn 0.6377 0.5513 -0.5379
vn 0.1668 0.7799 0.6033
vn 0.0587 0.8591 -0.5084
vn 0.1608 0.8071 -0.5680
vn -0.4480 0.7365 -0.5067
vn -0.2370 0.4791 0.8451
vn -0.3561 0.9303 0.0880
vn -0.0518 0.9963 0.0685
vn 0.0837 0.5314 -0.8430
vn 0.0396 0.4070 -0.9126
vn 0.7713 0.6092 -0.1844
vn 0.7471 0.6485 -0.1459
vn 0.8479 0.5204 -0.1014
vn 0.0277 0.8080 -0.5886
vn 0.3442 0.8244 0.4493
vn -0.0269 0.6541 0.7559
vn 0.3173 0.9398 -0.1267
vn 0.6354 0.7571 -0.1518
vn -0.6847 0.3489 0.6400
vn 0.0881 0.4948 0.8645
vn 0.1661 0.5871 0.7923
vn 0.6174 0.4940 0.6122
vn 0.6134 0.5302 -0.5854
vn 0.1206 0.5905 -0.7980
vn 0.7408 0.6201 -0.2584
vn 0.3053 0.6642 0.6824
vn 0.3681 0.8155 0.4467
vn -0.3391 0.7832 0.5212
vn 0.6955 0.6674 -0.2660
vn 0.7218 0.6293 -0.2881
vn 0.0032 0.7534 -0.6575
vn 0.5218 0.5050 -0.6876
vn 0.5191 0.5378 -0.6643
vn 0.0906 0.7849 -0.6130
vn 0.3887 0.8686 -0.3074
vn -0.2563 0.5800 0.7733
vn 0.2584 0.4587 0.8502
vn -0.3402 0.4660 0.8168
vn -0.6061 0.4190 0.6761
vn 0.6396 0.4888 0.5933
vn 0.8364 0.3349 0.4339
vn 0.5707 0.4067 -0.7134
vn 0.7456 0.6198 -0.2450
vn 0.6016 0.4557 -0.6561
vn 0.8148 0.4414 -0.3759
vn 0.5142 0.5664 -0.6440
vn 0.2698 0.6916 0.6700
vn -0.3585 0.7477 0.5590
vn 0.7140 0.6708 -0.2007
vn 0.0993 0.6126 -0.7842
vn -0.0818 0.6759 -0.7325
vn -0.0954 0.4152 0.9047
vn 0.4606 0.3503 0.8156
vn -0.1774 0.7170 0.6741
vn 0.9426 0.2713 0.1945
vn 0.3990 0.4126 -0.8189
vn 0.4290 0.5322 -0.7298
vn -0.1543 0.5779 -0.8014
vn 0.2936 0.6214 -0.7264
vn 0.8428 0.5347 -0.0613
vn 0.5678 0.4879 -0.6629
vn 0.7625 0.4389 -0.4753
vn 0.4641 0.8756 0.1338
vn 0.6120 0.5336 -0.5837
vn 0.7404 0.6710 -0.0395
vn 0.6335 0.6153 -0.4691
vn 0.3029 0.5368 -0.7875
vn -0.0583 0.6997 -0.7121
vn 0.4426 0.4968 0.7465
vn 0.0187 0.9819 0.1887
vn 0.5745 0.6456 -0.5031
vn 0.8903 0.2478 -0.3820
vn 0.4599 0.5030 -0.7317
vn 0.2108 0.4936 -0.8437
vn 0.7354 0.3663 -0.5701
vn 0.6346 0.4958 -0.5928
vn 0.4554 0.8808 0.1300
vn 0.5459 0.7938 0.2680
vn 0.5323 0.8003 0.2760
vn -0.7519 0.5907 -0.2928
vn -0.1486 0.8170 -0.5572
vn 0.6172 0.5717 -0.5406
vn 0.3121 0.6608 -0.6826
vn 0.6139 0.6152 0.4946
vn 0.5551 0.3408 -0.7588
vn 0.4939 0.4523 -0.7426
vn 0.2891 0.7891 -0.5419
vn -0.9308 0.3604 0.0605
vn -0.8307 0.4112 0.3752
vn -0.4861 0.7209 0.4939
vn -0.7589 0.4054 0.5097
vn 0.9166 0.3999 0.0011
vn 0.8791 0.4719 -0.0670
vn 0.5838 0.3981 -0.7076
vn 0.7755 0.6168 -0.1346
vn -0.2087 0.7676 -0.6060
vn -0.2101 0.7461 0.6318
vn 0.7045 0.5205 0.4824
vn 0.5817 0.6047 0.5441
vn 0.8268 0.3736 0.4206
vn 0.8393 0.5436 -0.0057
vn 0.8600 0.4402 -0.2581
vn 0.8717 0.4159 -0.2592
vn 0.3232 0.2529 -0.9119
vn -0.5707 0.7273 -0.3811
vn -0.4983 0.8079 -0.3147
vn 0.3818 0.7928 -0.4751
vn -0.3790 0.4267 0.8212
vn -0.9712 0.2374 0.0195
vn -0.2891 0.8708 0.3976
vn 0.7349 0.5625 0.3789
vn 0.8109 0.3812 0.4440
vn -0.5671 0.7120 -0.4140
vn 0.1196 0.6915 0.7124
vn -0.5236 0.4451 0.7264
vn -0.5884 0.4311 0.6841
vn -0.5633 0.7836 0.2621
vn 0.4583 0.8315 -0.3140
vn 0.6759 0.6730 -0.3004
vn 0.4965 0.8637 0.0867
vn 0.7439 0.5865 0.3205
vn 0.8111 0.3821 0.4428
vn 0.9411 0.3325 0.0608
vn 0.7449 0.6041 -0.2832
vn -0.6218 0.5815 0.5247
vn -0.0986 0.8625 0.4964
vn -0.4662 0.4107 0.7836
vn 0.0415 0.5459 0.8368
vn -0.6801 0.4870 0.5480
vn -0.9108 0.2767 0.3064
vn -0.7782 0.4714 -0.4149
vn -0.5901 0.7064 -0.3909
vn 0.7803 0.5703 -0.2568
vn 0.8825 0.4538 -0.1240
vn -0.7844 0.6200 0.0153
vn 0.1613 0.9836 0.0812
vn 0.6484 0.7610 -0.0213
vn -0.6074 0.4235 0.6721
vn 0.2573 0.6298 -0.7329
vn -0.3633 0.9194 -0.1506
vn 0.2982 0.5093 -0.8073
vn 0.8699 0.3888 -0.3034
vn 0.9093 0.3215 -0.2642
vn -0.7322 0.6229 -0.2755
vn -0.6756 0.6347 -0.3751
vn 0.0689 0.9739 -0.2163
vn 0.1316 0.5085 0.8509
vn -0.6227 0.5867 0.5177
vn -0.4458 0.8865 -0.1241
vn -0.6577 0.5577 -0.5063
vn 0.2461 0.8623 -0.4425
vn 0.2197 0.8709 -0.4397
vn -0.2029 0.4492 0.8701
vn -0.5639 0.4811 0.6712
vn 0.4918 0.5470 0.6774
vn 0.1422 0.7376 0.6601
vn -0.2587 0.6437 0.7202
vn 0.5201 0.4971 -0.6946
vn 0.3990 0.4919 -0.7738
vn 0.4185 0.3581 -0.8346
vn 0.5917 0.3153 -0.7420
vn 0.6687 0.4673 -0.5784
vn -0.7924 0.6051 -0.0776
vn -0.7242 0.6875 0.0542
vn -0.7844 0.4376 0.4396
vn -0.2390 0.6680 0.7048
vn -0.3067 0.6575 0.6882
vn 0.7815 0.6238 -0.0119
vn 0.4158 0.3549 -0.8373
vn -0.5072 0.7706 0.3858
vn -0.6503 0.3418 0.6785
vn 0.6234 0.7690 -0.1415
vn 0.7884 0.6118 -0.0642
vn 0.8001 0.5982 -0.0453
vn -0.3110 0.5734 0.7579
vn -0.3531 0.5648 0.7458
vn -0.5860 0.5825 0.5632
vn 0.4725 0.7864 0.3978
vn -0.2985 0.7456 0.5958
vn -0.7615 0.5190 -0.3883
vn 0.7108 0.5368 -0.4545
vn -0.0863 0.8012 0.5922
vn -0.1707 0.9125 0.3717
vn -0.1667 0.8459 0.5066
vn 0.0553 0.8979 0.4367
vn 0.6861 0.6418 0.3426
vn 0.6908 0.6268 0.3605
vn 0.7608 0.5329 0.3704
vn -0.7925 0.5167 -0.3239
vn -0.4706 0.6729 -0.5707
vn -0.5614 0.5879 -0.5824
vn 0.5622 0.4183 0.7134
vn -0.7834 0.5309 -0.3231
vn 0.7010 0.5175 -0.4908
vn -0.3219 0.9463 -0.0303
vn -0.1746 0.9798 0.0973
vn 0.4148 0.5257 0.7427
vn 0.7396 0.4405 0.5088
vn 0.6574 0.6115 0.4403
vn 0.9031 0.3936 0.1714
vn -0.4915 0.6760 -0.5491
vn 0.2612 0.4694 -0.8434
vn -0.4384 0.5686 -0.6960
vn -0.3976 0.7810 0.4817
vn -0.2169 0.8586 0.4645
vn 0.0915 0.9243 0.3706
vn 0.2562 0.9059 0.3372
vn 0.8726 0.4799 -0.0907
vn -0.7601 0.6485 -0.0404
vn -0.7900 0.5992 -0.1299
vn -0.9519 0.2891 0.1018
vn -0.6922 0.6353 -0.3424
vn 0.1911 0.9553 -0.2256
vn -0.3411 0.9388 -0.0475
vn 0.4078 0.9116 0.0513
vn 0.8289 0.5589 -0.0250
vn -0.5805 0.2131 -0.7859
vn -0.3304 0.1873 -0.9251
vn -0.5619 0.5570 -0.6115
vn 0.8230 0.4347 -0.3656
vn 0.7791 0.4954 -0.3843
vn 0.8709 0.4796 -0.1072
vn 0.8494 0.5035 -0.1584
vn 0.2843 0.7286 0.6232
vn -0.1662 0.6817 0.7125
vn 0.2580 0.5107 0.8201
vn 0.4063 0.5648 0.7183
vn -0.7474 0.6636 0.0320
vn -0.0823 0.7629 -0.6413
vn 0.2549 0.5128 -0.8198
vn -0.9025 0.3813 -0.2002
vn -0.8532 0.4889 -0.1817
vn -0.8358 0.5490 -0.0007
vn -0.7706 0.6170 -0.1598
vn -0.6576 0.7526 -0.0342
vn 0.1342 0.5057 -0.8522
vn 0.5155 0.4197 -0.7471
vn 0.4192 0.2532 -0.8719
vn 0.3113 0.5147 0.7988
vn 0.4915 0.5496 0.6755
vn 0.0703 0.9860 0.1513
vn 0.0436 0.7097 -0.7031
vn 0.4330 0.5972 -0.6752
vn -0.8181 0.4391 -0.3713
vn -0.6639 0.6848 0.3005
vn -0.4172 0.9059 -0.0722
vn -0.3109 0.8550 -0.4152
vn 0.6557 0.5925 -0.4681
vn 0.7484 0.6413 -0.1692
vn 0.9166 0.3928 0.0749
vn 0.8282 0.5581 -0.0513
vn 0.7996 0.5991 0.0408
vn 0.8450 0.4437 0.2985
vn 0.6259 0.7434 0.2358
vn 0.4597 0.8751 -0.1510
vn -0.7154 0.5854 -0.3814
vn -0.7728 0.6164 -0.1508
vn -0.7396 0.6616 -0.1238
vn 0.2489 0.6784 -0.6913
vn 0.5928 0.3932 -0.7029
vn 0.6166 0.5530 -0.5604
vn 0.3364 0.5242 0.7823
vn 0.2994 0.5276 0.7950
vn 0.0700 0.9863 0.1491
vn 0.1712 0.9672 0.1875
vn 0.5365 0.8406 -0.0748
vn 0.4863 0.8688 -0.0932
vn -0.8752 0.4721 -0.1060
vn -0.5175 0.7216 -0.4599
vn 0.8042 0.4713 -0.3621
vn 0.7839 0.4757 -0.3990
vn 0.3431 0.5345 0.7724
vn 0.8462 0.4947 0.1978
vn 0.6127 0.6587 0.4366
vn 0.6166 0.3958 0.6805
vn 0.6690 0.5505 -0.4995
vn -0.0667 0.5730 -0.8169
vn -0.0881 0.5692 -0.8175
vn -0.8787 0.4774 -0.0015
vn -0.7706 0.5994 -0.2166
vn 0.2250 0.8040 -0.5505
vn 0.6310 0.3964 -0.6668
vn 0.6017 0.4190 -0.6800
vn -0.1610 0.8157 0.5556
vn 0.7347 0.6778 0.0283
vn 0.7904 0.6125 0.0114
vn 0.8220 0.4933 0.2847
vn 0.2111 0.5319 0.8201
vn -0.2682 0.8692 -0.4155
vn -0.0907 0.8111 -0.5778
vn 0.3410 0.7965 -0.4992
vn 0.2762 0.9164 0.2897
vn 0.4250 0.8762 0.2272
vn -0.8740 0.4858 0.0082
vn -0.8675 0.4949 0.0509
vn -0.8029 0.5922 -0.0677
vn -0.5359 0.8394 -0.0909
vn 0.1098 0.7357 -0.6683
vn 0.5928 0.6571 -0.4657
vn 0.8095 0.5451 -0.2182
vn -0.1018 0.8991 -0.4258
vn 0.6480 0.5927 -0.4784
vn 0.6191 0.5269 -0.5823
vn 0.6839 0.4841 -0.5458
vn 0.5002 0.5131 -0.6975
vn 0.8108 0.4799 0.3351
vn 0.8087 0.5400 0.2333
vn 0.5670 0.7361 -0.3697
vn -0.8797 0.4324 -0.1979
vn -0.7924 0.5125 0.3308
vn -0.4564 0.4091 0.7901
vn -0.1600 0.7595 -0.6305
vn 0.7981 0.5973 0.0791
vn 0.0589 0.8113 -0.5817
vn 0.2765 0.8273 -0.4890
vn 0.6055 0.6149 -0.5052
vn 0.8017 0.5391 -0.2581
vn 0.5294 0.7192 -0.4499
vn -0.1646 0.9558 -0.2438
vn -0.7304 0.3220 0.6024
vn -0.4361 0.8110 -0.3901
vn 0.1132 0.7292 -0.6748
vn 0.1075 0.7296 -0.6753
vn 0.6950 0.6738 -0.2509
vn 0.3745 0.4237 -0.8247
vn 0.7703 0.4251 -0.4753
vn 0.0530 0.9891 -0.1371
vn -0.0457 0.8754 -0.4813
vn -0.7954 0.5568 -0.2394
vn 0.0742 0.6082 -0.7903
vn -0.1630 0.7429 -0.6493
vn 0.4127 0.9021 -0.1259
vn 0.7780 0.5386 0.3235
vn 0.3082 0.4188 -0.8542
vn 0.7478 0.6296 0.2106
vn -0.1814 0.9317 -0.3148
vn 0.0705 0.8440 -0.5317
vn 0.4086 0.8130 -0.4148
vn -0.8242 0.4404 -0.3559
vn -0.9345 0.2933 -0.2018
vn -0.7174 0.3527 -0.6008
vn -0.5583 0.4934 -0.6670
vn 0.7090 0.5148 -0.4820
vn 0.8773 0.4727 -0.0827
vn 0.9169 0.3929 -0.0708
vn 0.8511 0.4591 -0.2548
vn -0.2290 0.5037 -0.8330
vn 0.3844 0.6045 -0.6977
vn -0.0903 0.6230 -0.7770
vn 0.2831 0.8912 -0.3545
vn 0.7362 0.5851 -0.3402
vn 0.7777 0.2830 -0.5613
vn 0.4916 0.3849 -0.7812
vn 0.0979 0.6336 -0.7674
vn -0.1509 0.4834 -0.8623
vn 0.5193 0.7395 -0.4283
vn -0.6837 0.3448 -0.6432
vn -0.0807 0.4681 -0.8800
vn -0.0778 0.6148 -0.7848
vn 0.0673 0.7567 -0.6503
vn -0.2340 0.7063 -0.6681
vn 0.5082 0.6947 -0.5090
vn 0.2045 0.5454 -0.8129
vn 0.0139 0.5878 -0.8089
vn -0.5087 0.3603 -0.7820
vn -0.4827 0.5035 -0.7166
vn 0.7149 0.5686 -0.4069
vn 0.1887 0.3502 -0.9175
vn 0.3846 0.3452 -0.8561
vn 0.1168 0.7447 -0.6571
vn -0.7100 0.3278 -0.6233
vn -0.1620 0.5378 -0.8274
vn -0.1777 0.5350 -0.8260
vn 0.3638 0.5956 -0.7162
vn 0.1692 0.4926 -0.8537
vn 0.3482 0.6137 -0.7086
vn 0.6092 0.4377 -0.6613
vn -0.2937 0.5938 -0.7491
vn -0.8221 0.5068 -0.2595
vn -0.3314 0.8668 -0.3726
vn 0.6100 0.4351 -0.6622
vn -0.0044 0.7234 -0.6904
vn 0.4753 0.6469 -0.5963
vn 0.7605 0.5407 -0.3597
vn 0.2260 0.7639 -0.6044
vn 0.8096 0.5551 -0.1906
vn -0.6941 0.6230 -0.3607
vn -0.5691 0.5796 -0.5832
vn -0.4885 0.5908 -0.6421
vn -0.0324 0.7233 -0.6898
vn 0.1622 0.6607 -0.7329
vn 0.0504 0.6954 -0.7168
vn -0.0202 0.6128 -0.7900
vn -0.5091 0.6798 -0.5279
vn -0.5465 0.5015 -0.6707
vn 0.1349 0.5878 -0.7977
vn -0.6174 0.7383 -0.2716
vn -0.7606 0.5222 -0.3857
vn -0.2531 0.6990 -0.6688
vn 0.1580 0.5919 -0.7904
vn -0.6653 0.4674 -0.5822
vn -0.4272 0.5878 -0.6870
vn -0.0098 0.5416 -0.8406
vn -0.4743 0.7781 -0.4118
vn -0.0221 0.5671 -0.8233
vn 0.3205 0.4911 -0.8100
vn 0.2156 0.5337 -0.8177
vn -0.5462 0.5053 0.6681
vn 0.0787 0.7739 -0.6284
vn -0.1922 0.7070 -0.6806
vn -0.9105 0.3914 -0.1336
vn -0.8539 0.5088 -0.1094
vn -0.9117 0.3804 -0.1552
vn -0.6747 0.5358 -0.5076
vn -0.2843 0.5519 -0.7839
vn -0.2086 0.7092 -0.6735
vn 0.1026 0.5055 -0.8567
vn -0.8571 0.5115 -0.0615
vn -0.8892 0.3719 -0.2666
vn -0.6771 0.5388 -0.5012
vn 0.0656 0.5162 -0.8540
vn -0.6711 0.5497 -0.4974
vn -0.0188 0.5075 -0.8615
vn 0.2162 0.5342 -0.8172
vn -0.8502 0.5025 0.1569
vn -0.7267 0.6863 -0.0284
vn 0.1909 0.5387 -0.8206
vn -0.5197 0.6356 -0.5709
vn 0.2032 0.5344 -0.8205
vn 0.0395 0.6249 -0.7797
vn 0.0650 0.5209 -0.8511
vn 0.1854 0.5308 -0.8270
vt 0.255907 0.210256
vt 0.268936 0.200833
vt 0.253334 0.202466
vt 0.264393 0.189627
vt 0.245579 0.187652
vt 0.330216 0.255463
vt 0.334045 0.251167
vt 0.329897 0.251651
vt 0.332169 0.257565
vt 0.332167 0.247567
vt 0.342882 0.258814
vt 0.340447 0.252548
vt 0.336240 0.260169
vt 0.328404 0.241413
vt 0.339437 0.250047
vt 0.334485 0.245288
vt 0.337858 0.248507
vt 0.348563 0.261920
vt 0.353995 0.253895
vt 0.352083 0.258948
vt 0.347554 0.248925
vt 0.345315 0.252543
vt 0.340206 0.245286
vt 0.337110 0.238953
vt 0.344435 0.247520
vt 0.343989 0.244631
vt 0.350540 0.251998
vt 0.356913 0.256572
vt 0.356223 0.261113
vt 0.360052 0.260034
vt 0.359634 0.263558
vt 0.364623 0.260809
vt 0.357346 0.254450
vt 0.353529 0.250573
vt 0.364283 0.257650
vt 0.359754 0.254230
vt 0.363025 0.253583
vt 0.370308 0.259215
vt 0.368868 0.263499
vt 0.373210 0.266593
vt 0.371756 0.273657
vt 0.380407 0.263095
vt 0.383615 0.266792
vt 0.367080 0.252630
vt 0.369690 0.253735
vt 0.373001 0.257289
vt 0.360765 0.249113
vt 0.366185 0.249015
vt 0.361005 0.244779
vt 0.374846 0.258454
vt 0.384728 0.263511
vt 0.418563 0.301090
vt 0.418829 0.296657
vt 0.415564 0.298570
vt 0.417640 0.293845
vt 0.423380 0.298402
vt 0.424509 0.306788
vt 0.432476 0.295850
vt 0.386840 0.256080
vt 0.382366 0.257479
vt 0.390037 0.261591
vt 0.386757 0.263857
vt 0.389941 0.267107
vt 0.392942 0.266001
vt 0.393060 0.270148
vt 0.423493 0.295546
vt 0.428755 0.295322
vt 0.433450 0.301897
vt 0.381933 0.252843
vt 0.396119 0.262751
vt 0.423547 0.291493
vt 0.425349 0.292243
vt 0.428868 0.291256
vt 0.383451 0.251576
vt 0.402658 0.262743
vt 0.396676 0.271125
vt 0.402845 0.265731
vt 0.400814 0.272944
vt 0.404647 0.267052
vt 0.428045 0.286751
vt 0.388474 0.253971
vt 0.385330 0.251053
vt 0.391428 0.254711
vt 0.396291 0.257624
vt 0.419526 0.284974
vt 0.384601 0.247916
vt 0.437887 0.299530
vt 0.394129 0.253196
vt 0.401976 0.259633
vt 0.405639 0.263348
vt 0.409154 0.269998
vt 0.410756 0.264533
vt 0.430107 0.287356
vt 0.431776 0.288481
vt 0.437356 0.293041
vt 0.393226 0.250094
vt 0.389971 0.250978
vt 0.399948 0.255278
vt 0.405190 0.260675
vt 0.431683 0.281031
vt 0.441334 0.295952
vt 0.401290 0.256961
vt 0.408329 0.263126
vt 0.414784 0.266394
vt 0.423221 0.277713
vt 0.433443 0.284786
vt 0.433184 0.287162
vt 0.439264 0.289822
vt 0.408054 0.260325
vt 0.414454 0.270007
vt 0.416442 0.270946
vt 0.417638 0.268788
vt 0.412747 0.260091
vt 0.440869 0.286649
vt 0.444831 0.287100
vt 0.437856 0.281781
vt 0.400765 0.244730
vt 0.396578 0.243307
vt 0.404655 0.249029
vt 0.424658 0.262347
vt 0.442777 0.281137
vt 0.410864 0.257220
vt 0.413927 0.254417
vt 0.435243 0.273293
vt 0.397047 0.236081
vt 0.393587 0.239951
vt 0.438823 0.274883
vt 0.407288 0.235540
vt 0.410590 0.247571
vt 0.414287 0.249158
vt 0.398905 0.230545
vt 0.393370 0.232148
vt 0.406891 0.239919
vt 0.384518 0.216463
vt 0.382787 0.215811
vt 0.387504 0.217100
vt 0.387337 0.222574
vt 0.390167 0.227785
vt 0.395719 0.225438
vt 0.389578 0.223748
vt 0.395627 0.228091
vt 0.390857 0.214610
vt 0.387682 0.213197
vt 0.393995 0.216340
vt 0.371093 0.195276
vt 0.371635 0.200953
vt 0.378836 0.198666
vt 0.396871 0.216582
vt 0.399462 0.219599
vt 0.404080 0.221854
vt 0.402437 0.227421
vt 0.362070 0.184299
vt 0.363418 0.189250
vt 0.370129 0.187491
vt 0.367864 0.192493
vt 0.378549 0.189501
vt 0.386310 0.211672
vt 0.395679 0.206258
vt 0.382181 0.207215
vt 0.391171 0.212621
vt 0.357137 0.180600
vt 0.362077 0.177706
vt 0.357343 0.178123
vt 0.367611 0.178626
vt 0.382231 0.191757
vt 0.385537 0.201466
vt 0.380314 0.203242
vt 0.392428 0.199857
vt 0.395493 0.210970
vt 0.362744 0.172264
vt 0.374068 0.182222
vt 0.380021 0.181910
vt 0.388840 0.197612
vt 0.358290 0.170395
vt 0.382620 0.183621
vt 0.404518 0.209504
vt 0.366634 0.167250
vt 0.376486 0.173928
vt 0.390991 0.190030
vt 0.374058 0.168477
vt 0.378777 0.179595
vt 0.403332 0.202067
vt 0.466108 0.272627
vt 0.470019 0.266884
vt 0.466293 0.263806
vt 0.473037 0.272336
vt 0.386781 0.183904
vt 0.399552 0.194409
vt 0.402223 0.196868
vt 0.473393 0.267656
vt 0.475745 0.266276
vt 0.337339 0.133139
vt 0.330861 0.138323
vt 0.340547 0.137169
vt 0.337311 0.141076
vt 0.342593 0.140155
vt 0.340758 0.143349
vt 0.371767 0.166481
vt 0.379780 0.174811
vt 0.432926 0.232381
vt 0.436070 0.229563
vt 0.433368 0.228419
vt 0.436209 0.232340
vt 0.437154 0.237747
vt 0.439651 0.235841
vt 0.442031 0.235005
vt 0.445311 0.233758
vt 0.445255 0.238126
vt 0.472049 0.263673
vt 0.387211 0.176812
vt 0.396191 0.187256
vt 0.449268 0.246233
vt 0.451371 0.241485
vt 0.443997 0.242786
vt 0.453340 0.245784
vt 0.467251 0.257532
vt 0.463555 0.259755
vt 0.341760 0.134695
vt 0.345206 0.138576
vt 0.348429 0.142778
vt 0.350034 0.139323
vt 0.378114 0.168566
vt 0.379731 0.171994
vt 0.383188 0.175520
vt 0.392218 0.179970
vt 0.431409 0.225735
vt 0.433160 0.221442
vt 0.436954 0.225077
vt 0.441112 0.228855
vt 0.451671 0.237752
vt 0.456566 0.242846
vt 0.474992 0.259134
vt 0.338702 0.129325
vt 0.382898 0.172709
vt 0.386128 0.172614
vt 0.405997 0.187455
vt 0.440742 0.226048
vt 0.447594 0.232080
vt 0.470945 0.252102
vt 0.471152 0.255406
vt 0.477901 0.261849
vt 0.482662 0.266793
vt 0.346012 0.131883
vt 0.376785 0.162317
vt 0.383397 0.167289
vt 0.391104 0.175571
vt 0.399236 0.184063
vt 0.395394 0.183288
vt 0.402230 0.186529
vt 0.436757 0.217091
vt 0.464802 0.251184
vt 0.340675 0.125385
vt 0.352930 0.136253
vt 0.388504 0.173558
vt 0.396914 0.180272
vt 0.411435 0.187980
vt 0.405592 0.197575
vt 0.412291 0.191251
vt 0.444448 0.225953
vt 0.451204 0.225455
vt 0.453617 0.235290
vt 0.456739 0.238173
vt 0.462149 0.236622
vt 0.462045 0.245963
vt 0.473486 0.253775
vt 0.477566 0.258309
vt 0.480042 0.261329
vt 0.352048 0.139991
vt 0.388447 0.169980
vt 0.392772 0.170002
vt 0.396693 0.175052
vt 0.400939 0.182185
vt 0.403902 0.183802
vt 0.457259 0.234336
vt 0.464955 0.239014
vt 0.481577 0.256829
vt 0.487429 0.263164
vt 0.351304 0.131709
vt 0.355209 0.133200
vt 0.394961 0.171681
vt 0.399353 0.178454
vt 0.447169 0.221378
vt 0.456024 0.230657
vt 0.469093 0.239420
vt 0.351287 0.125591
vt 0.388052 0.162964
vt 0.387519 0.156751
vt 0.399389 0.174250
vt 0.405973 0.177849
vt 0.409200 0.180777
vt 0.422911 0.204743
vt 0.430154 0.204064
vt 0.420660 0.194820
vt 0.436934 0.211514
vt 0.443967 0.217603
vt 0.356434 0.129561
vt 0.357202 0.135245
vt 0.360488 0.134162
vt 0.361261 0.138271
vt 0.393774 0.167524
vt 0.395347 0.169446
vt 0.413260 0.183625
vt 0.415055 0.186017
vt 0.417266 0.188463
vt 0.426528 0.196775
vt 0.445280 0.213315
vt 0.449525 0.216957
vt 0.453578 0.221052
vt 0.456405 0.227343
vt 0.459593 0.230989
vt 0.463280 0.231991
vt 0.487670 0.256492
vt 0.399872 0.169975
vt 0.424099 0.191471
vt 0.437088 0.207404
vt 0.451845 0.219498
vt 0.466413 0.233422
vt 0.468255 0.234829
vt 0.353262 0.123954
vt 0.358864 0.128698
vt 0.396193 0.165246
vt 0.411789 0.178786
vt 0.418075 0.184150
vt 0.461491 0.224537
vt 0.461333 0.227166
vt 0.473605 0.237596
vt 0.360838 0.123946
vt 0.373636 0.146720
vt 0.377095 0.139261
vt 0.372464 0.137242
vt 0.396999 0.162694
vt 0.403519 0.167355
vt 0.406194 0.170226
vt 0.408431 0.173980
vt 0.437448 0.197515
vt 0.432891 0.202701
vt 0.450158 0.214626
vt 0.455860 0.218911
vt 0.467073 0.229084
vt 0.366184 0.128417
vt 0.365726 0.133944
vt 0.378761 0.142393
vt 0.390373 0.153689
vt 0.385409 0.150253
vt 0.395944 0.157704
vt 0.398159 0.160130
vt 0.400570 0.163136
vt 0.414470 0.175186
vt 0.416932 0.179403
vt 0.454907 0.216695
vt 0.460451 0.220019
vt 0.468334 0.226211
vt 0.469432 0.230878
vt 0.474420 0.235688
vt 0.363065 0.116705
vt 0.364462 0.120035
vt 0.391557 0.148268
vt 0.393716 0.152819
vt 0.469748 0.228630
vt 0.476597 0.234700
vt 0.353306 0.116845
vt 0.368506 0.119745
vt 0.379591 0.135056
vt 0.401359 0.160111
vt 0.441214 0.203554
vt 0.451139 0.203186
vt 0.462958 0.219557
vt 0.467797 0.223680
vt 0.473191 0.227001
vt 0.358328 0.113343
vt 0.353099 0.110686
vt 0.377003 0.131555
vt 0.394127 0.150612
vt 0.396036 0.152453
vt 0.400272 0.152388
vt 0.448050 0.207463
vt 0.452140 0.208115
vt 0.467653 0.219536
vt 0.478256 0.231478
vt 0.481835 0.237176
vt 0.391982 0.145047
vt 0.387226 0.146322
vt 0.396778 0.148801
vt 0.404344 0.157940
vt 0.421632 0.172814
vt 0.418895 0.174932
vt 0.419931 0.178942
vt 0.456389 0.210689
vt 0.471333 0.220988
vt 0.474502 0.225338
vt 0.482262 0.230456
vt 0.358080 0.105223
vt 0.364237 0.112706
vt 0.403595 0.154036
vt 0.419258 0.159002
vt 0.410244 0.167231
vt 0.416143 0.168472
vt 0.420985 0.166709
vt 0.416775 0.169939
vt 0.464457 0.214811
vt 0.474359 0.221585
vt 0.485891 0.232427
vt 0.385561 0.127833
vt 0.394532 0.143214
vt 0.389726 0.141378
vt 0.398021 0.146615
vt 0.400821 0.149470
vt 0.402783 0.148954
vt 0.415708 0.160524
vt 0.470878 0.213388
vt 0.363839 0.109724
vt 0.368608 0.115841
vt 0.373420 0.115787
vt 0.378389 0.118732
vt 0.385551 0.136416
vt 0.393645 0.135977
vt 0.388303 0.136075
vt 0.394143 0.140494
vt 0.398188 0.143183
vt 0.474064 0.212836
vt 0.476297 0.215725
vt 0.477026 0.218540
vt 0.482741 0.224750
vt 0.487547 0.225584
vt 0.368600 0.113032
vt 0.370971 0.115001
vt 0.389964 0.128839
vt 0.395117 0.137709
vt 0.404393 0.147852
vt 0.493248 0.227897
vt 0.368216 0.107975
vt 0.391355 0.131247
vt 0.403289 0.142817
vt 0.412276 0.161403
vt 0.417440 0.151815
vt 0.413150 0.158719
vt 0.456181 0.196244
vt 0.456860 0.193575
vt 0.450193 0.191891
vt 0.479900 0.214993
vt 0.484039 0.219818
vt 0.486491 0.222650
vt 0.373309 0.112186
vt 0.376044 0.113037
vt 0.397522 0.134444
vt 0.399374 0.135487
vt 0.403452 0.138500
vt 0.446293 0.185329
vt 0.451948 0.186773
vt 0.459721 0.198708
vt 0.462882 0.197263
vt 0.478111 0.212836
vt 0.491362 0.223906
vt 0.375094 0.108680
vt 0.380121 0.115282
vt 0.382414 0.117557
vt 0.387450 0.121970
vt 0.384453 0.124673
vt 0.389467 0.124958
vt 0.395020 0.131207
vt 0.413939 0.150071
vt 0.446574 0.178542
vt 0.461827 0.193318
vt 0.480363 0.207100
vt 0.484276 0.212150
vt 0.374463 0.105657
vt 0.387155 0.118348
vt 0.383739 0.122772
vt 0.395514 0.129148
vt 0.398434 0.131969
vt 0.417143 0.144457
vt 0.449312 0.181020
vt 0.474901 0.205187
vt 0.474694 0.208489
vt 0.487199 0.214800
vt 0.498898 0.226632
vt 0.381073 0.108084
vt 0.383074 0.112534
vt 0.398752 0.125430
vt 0.394818 0.121497
vt 0.398365 0.128548
vt 0.459245 0.184349
vt 0.460530 0.187990
vt 0.465256 0.190698
vt 0.466825 0.197441
vt 0.473727 0.201323
vt 0.471219 0.201967
vt 0.490922 0.215689
vt 0.496566 0.216407
vt 0.384114 0.119758
vt 0.392733 0.113074
vt 0.421802 0.148820
vt 0.452031 0.179417
vt 0.483110 0.202583
vt 0.486243 0.209270
vt 0.397403 0.112242
vt 0.397810 0.123758
vt 0.464876 0.183393
vt 0.445416 0.171338
vt 0.470042 0.189434
vt 0.475300 0.196275
vt 0.475841 0.199070
vt 0.487568 0.203484
vt 0.490380 0.206044
vt 0.502397 0.220683
vt 0.377952 0.098332
vt 0.373725 0.101645
vt 0.380397 0.104179
vt 0.383555 0.104982
vt 0.386911 0.106817
vt 0.387195 0.110586
vt 0.398920 0.122209
vt 0.425243 0.154167
vt 0.439318 0.160625
vt 0.454897 0.173793
vt 0.492939 0.209691
vt 0.380406 0.101323
vt 0.430897 0.146943
vt 0.467332 0.181334
vt 0.383331 0.102020
vt 0.485275 0.198781
vt 0.387216 0.098311
vt 0.386937 0.101081
vt 0.458027 0.171148
vt 0.473697 0.186858
vt 0.479467 0.191061
vt 0.490543 0.201870
vt 0.492136 0.204527
vt 0.495565 0.207227
vt 0.505576 0.215271
vt 0.380472 0.092977
vt 0.384148 0.097770
vt 0.467842 0.174869
vt 0.489342 0.199338
vt 0.485295 0.188221
vt 0.497062 0.205035
vt 0.503671 0.210627
vt 0.512639 0.222344
vt 0.391063 0.102056
vt 0.389022 0.102377
vt 0.391574 0.104978
vt 0.392998 0.102890
vt 0.403558 0.102629
vt 0.396063 0.106637
vt 0.462594 0.167625
vt 0.470496 0.179261
vt 0.491365 0.197951
vt 0.495720 0.200577
vt 0.508402 0.211703
vt 0.511334 0.215772
vt 0.383045 0.089920
vt 0.388248 0.092812
vt 0.392699 0.097008
vt 0.396050 0.100015
vt 0.477438 0.187268
vt 0.480658 0.182192
vt 0.475158 0.181446
vt 0.490036 0.193135
vt 0.498184 0.195843
vt 0.498334 0.202916
vt 0.506299 0.205929
vt 0.518940 0.220118
vt 0.438634 0.149118
vt 0.440993 0.142048
vt 0.437570 0.140699
vt 0.443480 0.145406
vt 0.444276 0.149188
vt 0.439288 0.152730
vt 0.448543 0.155122
vt 0.479044 0.177466
vt 0.473550 0.174322
vt 0.499272 0.199092
vt 0.518584 0.217129
vt 0.388434 0.089108
vt 0.395902 0.097044
vt 0.452266 0.149176
vt 0.453713 0.153110
vt 0.452363 0.162747
vt 0.472921 0.168112
vt 0.490402 0.188063
vt 0.498516 0.192715
vt 0.510606 0.207288
vt 0.513643 0.210509
vt 0.603899 0.290556
vt 0.586800 0.287966
vt 0.597210 0.297846
vt 0.396019 0.094464
vt 0.472539 0.160402
vt 0.483147 0.179665
vt 0.495341 0.188293
vt 0.500563 0.196991
vt 0.508892 0.202635
vt 0.518273 0.214556
vt 0.594109 0.282555
vt 0.460360 0.156103
vt 0.467433 0.157871
vt 0.462298 0.157423
vt 0.479765 0.173297
vt 0.482573 0.173172
vt 0.490153 0.179592
vt 0.497838 0.189855
vt 0.500423 0.194074
vt 0.511714 0.205630
vt 0.515654 0.207402
vt 0.519204 0.211812
vt 0.524533 0.215987
vt 0.579867 0.275224
vt 0.385262 0.086607
vt 0.389489 0.083294
vt 0.388396 0.078960
vt 0.406328 0.107188
vt 0.410277 0.104106
vt 0.454666 0.144661
vt 0.457730 0.151049
vt 0.505366 0.197213
vt 0.609948 0.289776
vt 0.459731 0.146399
vt 0.495735 0.180362
vt 0.495850 0.185113
vt 0.498414 0.187777
vt 0.502824 0.190626
vt 0.509018 0.192683
vt 0.510052 0.196137
vt 0.518629 0.202624
vt 0.521613 0.207955
vt 0.526162 0.214859
vt 0.397271 0.087755
vt 0.395040 0.084801
vt 0.392002 0.087708
vt 0.407955 0.096748
vt 0.414457 0.099529
vt 0.414384 0.104077
vt 0.479489 0.160319
vt 0.498379 0.185115
vt 0.513310 0.197125
vt 0.598402 0.281852
vt 0.606403 0.285933
vt 0.384899 0.076946
vt 0.385633 0.072080
vt 0.381709 0.075167
vt 0.391743 0.079879
vt 0.498811 0.171388
vt 0.499848 0.179518
vt 0.501722 0.185505
vt 0.528201 0.211599
vt 0.603546 0.281203
vt 0.384870 0.065640
vt 0.379276 0.072525
vt 0.389844 0.073520
vt 0.392678 0.077291
vt 0.396087 0.080547
vt 0.400689 0.085365
vt 0.474258 0.154072
vt 0.486315 0.174585
vt 0.497002 0.174176
vt 0.502265 0.180882
vt 0.508981 0.188867
vt 0.516832 0.195550
vt 0.519486 0.199997
vt 0.526562 0.205412
vt 0.600231 0.276522
vt 0.386224 0.069002
vt 0.404243 0.078130
vt 0.421269 0.101125
vt 0.491936 0.168446
vt 0.489163 0.167028
vt 0.506474 0.185541
vt 0.512579 0.189862
vt 0.517865 0.191230
vt 0.524516 0.201509
vt 0.613851 0.287777
vt 0.388767 0.065307
vt 0.395000 0.074326
vt 0.398316 0.075313
vt 0.403845 0.084133
vt 0.421861 0.098070
vt 0.497905 0.166291
vt 0.500109 0.173498
vt 0.505331 0.180098
vt 0.515570 0.186653
vt 0.522078 0.193576
vt 0.609082 0.281076
vt 0.387022 0.061677
vt 0.378036 0.061759
vt 0.394923 0.071041
vt 0.421319 0.087507
vt 0.489007 0.162549
vt 0.490095 0.159570
vt 0.487088 0.159998
vt 0.494940 0.159467
vt 0.494486 0.164074
vt 0.514219 0.180956
vt 0.525075 0.194204
vt 0.526911 0.199387
vt 0.501081 0.168030
vt 0.506104 0.171019
vt 0.505441 0.174271
vt 0.518842 0.181938
vt 0.521231 0.189509
vt 0.391101 0.061362
vt 0.383908 0.056964
vt 0.392875 0.064270
vt 0.481909 0.153282
vt 0.485574 0.150599
vt 0.478641 0.151838
vt 0.497845 0.162051
vt 0.512559 0.175842
vt 0.382844 0.050133
vt 0.394524 0.061952
vt 0.492016 0.142694
vt 0.482599 0.145664
vt 0.499848 0.163436
vt 0.503687 0.167622
vt 0.393277 0.056544
vt 0.491332 0.150518
vt 0.494214 0.155433
vt 0.499480 0.158139
vt 0.510223 0.169029
vt 0.387102 0.048098
vt 0.397417 0.058626
vt 0.399588 0.061821
vt 0.500604 0.155304
vt 0.508864 0.163759
vt 0.515441 0.172569
vt 0.392395 0.052673
vt 0.396659 0.054317
vt 0.486395 0.139887
vt 0.482987 0.143584
vt 0.498175 0.153489
vt 0.399121 0.054326
vt 0.400692 0.057732
vt 0.494205 0.146804
vt 0.496995 0.148318
vt 0.512922 0.166442
vt 0.517813 0.169266
vt 0.387398 0.041268
vt 0.395658 0.046082
vt 0.398540 0.049621
vt 0.500582 0.150920
vt 0.505857 0.153544
vt 0.400153 0.050781
vt 0.488861 0.135698
vt 0.484803 0.136776
vt 0.516620 0.160015
vt 0.491693 0.135172
vt 0.495262 0.137185
vt 0.500348 0.142224
vt 0.385956 0.035941
vt 0.405758 0.051819
vt 0.403914 0.048014
vt 0.504314 0.142377
vt 0.505708 0.146506
vt 0.508836 0.151655
vt 0.402508 0.041348
vt 0.515080 0.155180
vt 0.409227 0.047833
vt 0.498980 0.136632
vt 0.510731 0.147561
vt 0.514623 0.150553
vt 0.521832 0.155763
vt 0.405287 0.039189
vt 0.494272 0.130747
vt 0.496787 0.130322
vt 0.502962 0.138012
vt 0.508547 0.141820
vt 0.392362 0.029435
vt 0.404563 0.034308
vt 0.474289 0.116452
vt 0.480016 0.115510
vt 0.475971 0.109092
vt 0.506311 0.137267
vt 0.512515 0.145021
vt 0.480289 0.111459
vt 0.487992 0.119530
vt 0.517592 0.145957
vt 0.526707 0.154162
vt 0.527211 0.157439
vt 0.600017 0.230220
vt 0.602282 0.225479
vt 0.593365 0.223000
vt 0.603823 0.229324
vt 0.605039 0.235082
vt 0.606701 0.232726
vt 0.397854 0.030117
vt 0.410656 0.041123
vt 0.480730 0.106618
vt 0.496753 0.121374
vt 0.500954 0.128522
vt 0.515321 0.142399
vt 0.548732 0.176846
vt 0.550625 0.180281
vt 0.551850 0.176236
vt 0.594666 0.219985
vt 0.598453 0.222748
vt 0.407406 0.034704
vt 0.506316 0.132019
vt 0.509856 0.137959
vt 0.510564 0.130297
vt 0.515404 0.137218
vt 0.540837 0.164792
vt 0.538772 0.169376
vt 0.544232 0.164657
vt 0.546362 0.173472
vt 0.549322 0.173836
vt 0.554895 0.176554
vt 0.595739 0.218323
vt 0.610975 0.231594
vt 0.405237 0.030394
vt 0.505245 0.126616
vt 0.533054 0.155480
vt 0.544035 0.160951
vt 0.551722 0.171571
vt 0.604822 0.224419
vt 0.608960 0.226089
vt 0.499841 0.116423
vt 0.526380 0.142843
vt 0.547357 0.164564
vt 0.557810 0.172753
vt 0.559041 0.177587
vt 0.564330 0.181696
vt 0.598867 0.214118
vt 0.411395 0.030940
vt 0.490653 0.103218
vt 0.483627 0.102869
vt 0.516222 0.131428
vt 0.516437 0.134749
vt 0.552945 0.169751
vt 0.559901 0.174380
vt 0.604664 0.216469
vt 0.610572 0.219451
vt 0.613723 0.226004
vt 0.617845 0.231091
vt 0.494771 0.110201
vt 0.509054 0.123220
vt 0.513478 0.125357
vt 0.521614 0.132845
vt 0.548486 0.162571
vt 0.556011 0.166081
vt 0.558315 0.167820
vt 0.566017 0.178361
vt 0.486341 0.094476
vt 0.506600 0.119768
vt 0.499880 0.111647
vt 0.530691 0.139160
vt 0.561464 0.171372
vt 0.564372 0.173468
vt 0.606740 0.210659
vt 0.494081 0.104996
vt 0.507839 0.117647
vt 0.521475 0.126052
vt 0.521780 0.129726
vt 0.559643 0.159878
vt 0.572814 0.181799
vt 0.611077 0.216007
vt 0.616827 0.213569
vt 0.517576 0.115527
vt 0.515915 0.121134
vt 0.528775 0.131701
vt 0.550378 0.156418
vt 0.564449 0.170423
vt 0.621193 0.220733
vt 0.492619 0.098322
vt 0.497126 0.101982
vt 0.545702 0.152969
vt 0.567396 0.169792
vt 0.572127 0.171628
vt 0.511926 0.113279
vt 0.520207 0.120836
vt 0.528737 0.129402
vt 0.550150 0.148534
vt 0.552296 0.150878
vt 0.567289 0.165647
vt 0.501300 0.092853
vt 0.528487 0.121641
vt 0.532279 0.122720
vt 0.533130 0.131634
vt 0.565307 0.161175
vt 0.505622 0.099606
vt 0.573696 0.166796
vt 0.622196 0.214710
vt 0.526134 0.116035
vt 0.569413 0.159995
vt 0.537342 0.124297
vt 0.538399 0.129968
vt 0.528906 0.116002
vt 0.532321 0.118251
vt 0.543369 0.129164
vt 0.540569 0.115040
vt 0.547586 0.128265
vt 0.545539 0.118763
vt 0.537743 0.104314
vt 0.536291 0.111663
vt 0.540098 0.112116
vt 0.541685 0.106663
vt 0.546912 0.106169
vt 0.549144 0.110518
vt 0.552413 0.117305
vt 0.561162 0.111762
vt 0.557914 0.108628
vt 0.543994 0.100710
vt 0.547191 0.099745
vt 0.544886 0.097245
vt 0.554215 0.097615
vt 0.558079 0.101886
vt 0.555839 0.093030
vt 0.547867 0.092602
vt 0.566906 0.102872
vt 0.556946 0.089906
vt 0.557210 0.097908
vt 0.568533 0.111587
vt 0.575884 0.106056
vt 0.573251 0.100941
vt 0.555818 0.088498
vt 0.547906 0.084778
vt 0.560197 0.090023
vt 0.553470 0.081526
vt 0.549119 0.081079
vt 0.551551 0.077519
vt 0.558875 0.084422
vt 0.563363 0.081409
vt 0.556212 0.077555
vt 0.552045 0.072576
vt 0.560004 0.079789
vt 0.566620 0.086359
vt 0.582301 0.096674
vt 0.556991 0.074371
vt 0.580001 0.105272
vt 0.562303 0.074561
vt 0.583743 0.103667
vt 0.574330 0.082922
vt 0.569053 0.068694
s 0
usemtl material_1
f 1/1/1 2/2/1 3/3/1
f 4/3/2 5/4/2 6/5/2
f 7/4/3 8/3/3 9/2/3
f 10/6/4 11/7/4 12/8/4
f 13/7/5 14/6/5 15/9/5
f 16/10/6 17/8/6 18/7/6
s 1
f 19/11/7 20/12/7 21/13/7
s 0
f 22/8/8 23/10/8 24/14/8
f 25/9/9 26/15/9 27/7/9
f 28/15/10 29/9/10 30/12/10
f 31/7/11 32/16/11 33/10/11
f 34/7/12 35/17/12 36/16/12
f 37/17/13 38/7/13 39/15/13
f 40/18/14 41/19/14 42/11/14
f 43/10/15 44/16/15 45/14/15
f 46/18/16 47/20/16 48/19/16
f 49/21/17 50/12/17 51/22/17
s 1
f 52/11/18 53/22/18 54/12/18
s 0
f 55/16/19 56/23/19 57/24/19
f 58/23/20 59/16/20 60/17/20
f 61/23/21 62/17/21 63/15/21
f 64/12/22 65/25/22 66/15/22
s 1
f 67/25/23 68/12/23 69/21/23
s 0
f 70/22/24 71/11/24 72/19/24
f 73/15/25 74/26/25 75/23/25
f 76/26/26 77/15/26 78/25/26
f 79/21/27 80/22/27 81/27/27
f 82/19/28 83/27/28 84/22/28
f 85/28/29 86/20/29 87/29/29
f 88/25/30 89/21/30 90/26/30
f 91/19/31 92/20/31 93/28/31
f 94/28/32 95/29/32 96/30/32
f 97/30/33 98/31/33 99/32/33
f 100/19/34 101/33/34 102/34/34
f 103/35/35 104/30/35 105/32/35
f 106/36/36 107/30/36 108/35/36
f 109/36/37 110/35/37 111/37/37
f 112/38/38 113/39/38 114/40/38
f 115/41/39 116/42/39 117/40/39
f 118/42/40 119/41/40 120/43/40
f 121/44/41 122/35/41 123/32/41
f 124/44/42 125/32/42 126/38/42
f 127/39/43 128/38/43 129/32/43
f 130/44/44 131/37/44 132/35/44
f 133/45/45 134/38/45 135/46/45
f 136/40/46 137/42/46 138/38/46
f 139/47/47 140/48/47 141/49/47
f 142/48/48 143/47/48 144/37/48
f 145/48/49 146/37/49 147/44/49
f 148/45/50 149/44/50 150/38/50
f 151/38/51 152/50/51 153/46/51
f 154/42/52 155/50/52 156/38/52
f 157/43/53 158/51/53 159/42/53
f 160/52/54 161/53/54 162/54/54
f 163/55/55 164/54/55 165/53/55
f 166/53/56 167/52/56 168/56/56
f 169/57/57 170/58/57 171/56/57
f 172/59/58 173/60/58 174/61/58
f 175/62/59 176/61/59 177/60/59
f 178/61/60 179/63/60 180/64/60
f 181/65/61 182/64/61 183/63/61
f 184/56/62 185/66/62 186/53/62
f 187/66/63 188/56/63 189/67/63
f 190/67/64 191/56/64 192/58/64
f 193/57/65 194/68/65 195/58/65
f 196/69/66 197/60/66 198/59/66
f 199/64/67 200/70/67 201/61/67
f 202/70/68 203/64/68 204/65/68
f 205/53/69 206/71/69 207/55/69
f 208/71/70 209/53/70 210/66/70
f 211/66/71 212/72/71 213/71/71
f 214/66/72 215/73/72 216/72/72
f 217/73/73 218/66/73 219/67/73
f 220/74/74 221/69/74 222/59/74
s 1
f 223/65/75 224/75/75 225/70/75
f 226/75/76 227/65/76 228/76/76
s 0
f 229/76/77 230/77/77 231/75/77
f 232/78/78 233/79/78 234/76/78
f 235/80/79 236/55/79 237/71/79
f 238/59/80 239/81/80 240/82/80
f 241/81/81 242/59/81 243/61/81
f 244/61/82 245/83/82 246/81/82
f 247/84/83 248/61/83 249/70/83
f 250/76/84 251/79/84 252/77/84
f 253/55/85 254/80/85 255/85/85
f 256/80/86 257/71/86 258/72/86
f 259/86/87 260/74/87 261/82/87
f 262/61/88 263/84/88 264/83/88
f 265/72/89 266/73/89 267/80/89
f 268/73/90 269/67/90 270/58/90
f 271/68/91 272/87/91 273/58/91
f 274/88/92 275/83/92 276/84/92
f 277/70/93 278/89/93 279/84/93
f 280/89/94 281/70/94 282/75/94
f 283/77/95 284/90/95 285/75/95
f 286/90/96 287/77/96 288/79/96
f 289/91/97 290/92/97 291/79/97
f 292/73/98 293/93/98 294/80/98
f 295/94/99 296/73/99 297/58/99
f 298/58/100 299/95/100 300/94/100
f 301/58/101 302/87/101 303/95/101
f 304/96/102 305/97/102 306/83/102
f 307/83/103 308/88/103 309/96/103
f 310/98/104 311/88/104 312/84/104
f 313/89/105 314/75/105 315/99/105
f 316/99/106 317/75/106 318/90/106
f 319/80/107 320/100/107 321/85/107
f 322/95/108 323/87/108 324/101/108
f 325/98/109 326/84/109 327/102/109
f 328/103/110 329/90/110 330/92/110
s 1
f 331/91/111 332/104/111 333/92/111
s 0
f 334/105/112 335/85/112 336/100/112
f 337/93/113 338/106/113 339/80/113
f 340/106/114 341/93/114 342/107/114
f 343/108/115 344/95/115 345/101/115
f 346/90/116 347/109/116 348/99/116
f 349/109/117 350/90/117 351/103/117
f 352/104/118 353/110/118 354/111/118
f 355/111/119 356/112/119 357/104/119
f 358/100/120 359/80/120 360/106/120
f 361/113/121 362/92/121 363/104/121
f 364/108/122 365/114/122 366/106/122
f 367/101/123 368/115/123 369/108/123
f 370/106/124 371/116/124 372/100/124
s 1
f 373/116/125 374/106/125 375/114/125
s 0
f 376/114/126 377/108/126 378/115/126
f 379/117/127 380/118/127 381/119/127
f 382/120/128 383/104/128 384/112/128
f 385/116/129 386/114/129 387/121/129
f 388/122/130 389/123/130 390/119/130
f 391/123/131 392/122/131 393/113/131
f 394/104/132 395/120/132 396/113/132
f 397/100/133 398/124/133 399/105/133
f 400/114/134 401/115/134 402/121/134
f 403/125/135 404/126/135 405/118/135
f 406/100/136 407/127/136 408/124/136
f 409/127/137 410/100/137 411/116/137
f 412/118/138 413/128/138 414/125/138
f 415/117/139 416/128/139 417/118/139
f 418/119/140 419/129/140 420/117/140
f 421/130/141 422/119/141 423/123/141
s 1
f 424/131/142 425/132/142 426/125/142
s 0
f 427/125/143 428/128/143 429/131/143
f 430/117/144 431/133/144 432/128/144
f 433/134/145 434/135/145 435/136/145
f 436/137/146 437/136/146 438/135/146
f 439/138/147 440/139/147 441/140/147
f 442/139/148 443/138/148 444/141/148
f 445/132/149 446/131/149 447/141/149
f 448/137/150 449/142/150 450/136/150
f 451/142/151 452/137/151 453/140/151
f 454/139/152 455/141/152 456/131/152
f 457/134/153 458/143/153 459/135/153
f 460/143/154 461/134/154 462/136/154
f 463/140/155 464/144/155 465/142/155
f 466/140/156 467/139/156 468/144/156
f 469/145/157 470/146/157 471/147/157
f 472/136/158 473/142/158 474/143/158
f 475/139/159 476/148/159 477/144/159
f 478/139/160 479/149/160 480/148/160
f 481/149/161 482/139/161 483/131/161
f 484/131/162 485/150/162 486/149/162
f 487/150/163 488/131/163 489/151/163
f 490/152/164 491/153/164 492/154/164
f 493/154/165 494/153/165 495/155/165
f 496/155/166 497/156/166 498/154/166
f 499/156/167 500/155/167 501/145/167
f 502/157/168 503/158/168 504/159/168
f 505/158/169 506/157/169 507/160/169
f 508/161/170 509/162/170 510/163/170
f 511/164/171 512/161/171 513/152/171
f 514/147/172 515/165/172 516/145/172
f 517/166/173 518/167/173 519/159/173
f 520/159/174 521/168/174 522/166/174
f 523/169/175 524/158/175 525/160/175
f 526/169/176 527/160/176 528/144/176
f 529/170/177 530/163/177 531/162/177
f 532/162/178 533/161/178 534/164/178
f 535/152/179 536/171/179 537/164/179
f 538/171/180 539/152/180 540/154/180
f 541/156/181 542/172/181 543/154/181
f 544/159/182 545/158/182 546/168/182
f 547/173/183 548/166/183 549/168/183
f 550/174/184 551/163/184 552/170/184
f 553/156/185 554/175/185 555/172/185
f 556/165/186 557/147/186 558/166/186
f 559/171/187 560/154/187 561/172/187
f 562/158/188 563/169/188 564/176/188
f 565/162/189 566/177/189 567/170/189
f 568/177/190 569/162/190 570/164/190
f 571/164/191 572/171/191 573/178/191
f 574/179/192 575/165/192 576/173/192
f 577/166/193 578/173/193 579/165/193
f 580/180/194 581/164/194 582/178/194
f 583/171/195 584/181/195 585/178/195
f 586/181/196 587/171/196 588/172/196
f 589/156/197 590/165/197 591/179/197
f 592/182/198 593/158/198 594/176/198
f 595/183/199 596/184/199 597/185/199
f 598/184/200 599/183/200 600/186/200
f 601/156/201 602/187/201 603/175/201
s 1
f 604/187/202 605/156/202 606/179/202
s 0
f 607/188/203 608/168/203 609/189/203
f 610/189/204 611/168/204 612/158/204
f 613/158/205 614/182/205 615/189/205
f 616/186/206 617/190/206 618/184/206
f 619/190/207 620/186/207 621/191/207
f 622/192/208 623/193/208 624/194/208
f 625/195/209 626/196/209 627/194/209
f 628/196/210 629/195/210 630/197/210
f 631/164/211 632/180/211 633/198/211
f 634/199/212 635/178/212 636/181/212
f 637/168/213 638/188/213 639/179/213
f 640/200/214 641/201/214 642/202/214
f 643/201/215 644/200/215 645/203/215
f 646/204/216 647/205/216 648/203/216
f 649/206/217 650/205/217 651/207/217
f 652/207/218 653/205/218 654/208/218
f 655/209/219 656/184/219 657/190/219
f 658/175/220 659/210/220 660/172/220
f 661/179/221 662/211/221 663/187/221
f 664/205/222 665/206/222 666/203/222
f 667/212/223 668/213/223 669/214/223
f 670/213/224 671/212/224 672/215/224
f 673/185/225 674/216/225 675/217/225
f 676/184/226 677/209/226 678/185/226
f 679/190/227 680/191/227 681/209/227
f 682/218/228 683/192/228 684/194/228
f 685/218/229 686/194/229 687/219/229
f 688/196/230 689/219/230 690/194/230
f 691/219/231 692/196/231 693/197/231
f 694/219/232 695/197/232 696/220/232
f 697/220/233 698/221/233 699/219/233
s 1
f 700/178/234 701/222/234 702/180/234
s 0
f 703/222/235 704/178/235 705/199/235
s 1
f 706/199/236 707/223/236 708/222/236
s 0
f 709/223/237 710/199/237 711/224/237
f 712/210/238 713/175/238 714/187/238
f 715/187/239 716/225/239 717/210/239
f 718/211/240 719/179/240 720/188/240
f 721/226/241 722/202/241 723/227/241
f 724/201/242 725/228/242 726/202/242
f 727/203/243 728/229/243 729/201/243
f 730/203/244 731/206/244 732/229/244
f 733/214/245 734/230/245 735/208/245
f 736/230/246 737/214/246 738/213/246
f 739/213/247 740/215/247 741/231/247
f 742/232/248 743/216/248 744/185/248
f 745/218/249 746/233/249 747/192/249
f 748/180/250 749/222/250 750/198/250
f 751/224/251 752/234/251 753/223/251
f 754/224/252 755/235/252 756/234/252
f 757/189/253 758/236/253 759/188/253
f 760/202/254 761/228/254 762/227/254
f 763/201/255 764/237/255 765/228/255
f 766/237/256 767/201/256 768/229/256
f 769/229/257 770/206/257 771/207/257
f 772/208/258 773/238/258 774/207/258
f 775/208/259 776/230/259 777/238/259
f 778/216/260 779/239/260 780/217/260
f 781/216/261 782/240/261 783/239/261
f 784/240/262 785/216/262 786/232/262
f 787/232/263 788/185/263 789/209/263
f 790/191/264 791/241/264 792/209/264
f 793/241/265 794/191/265 795/242/265
f 796/218/266 797/243/266 798/233/266
f 799/243/267 800/218/267 801/219/267
f 802/244/268 803/198/268 804/222/268
f 805/234/269 806/245/269 807/223/269
f 808/245/270 809/234/270 810/235/270
f 811/225/271 812/246/271 813/210/271
f 814/211/272 815/247/272 816/248/272
f 817/247/273 818/211/273 819/249/273
f 820/188/274 821/249/274 822/211/274
f 823/249/275 824/188/275 825/236/275
f 826/250/276 827/227/276 828/228/276
f 829/229/277 830/238/277 831/237/277
f 832/238/278 833/229/278 834/207/278
f 835/217/279 836/239/279 837/251/279
f 838/232/280 839/209/280 840/241/280
f 841/243/281 842/252/281 843/233/281
s 1
f 844/253/282 845/219/282 846/221/282
s 0
f 847/222/283 848/245/283 849/244/283
f 850/223/284 851/245/284 852/222/284
f 853/254/285 854/210/285 855/246/285
f 856/225/286 857/255/286 858/246/286
f 859/255/287 860/225/287 861/248/287
f 862/255/288 863/248/288 864/247/288
f 865/189/289 866/256/289 867/236/289
f 868/256/290 869/189/290 870/257/290
f 871/257/291 872/258/291 873/256/291
f 874/250/292 875/228/292 876/237/292
f 877/238/293 878/259/293 879/237/293
f 880/259/294 881/238/294 882/260/294
s 1
f 883/230/295 884/261/295 885/238/295
s 0
f 886/261/296 887/230/296 888/262/296
s 1
f 889/213/297 890/262/297 891/230/297
s 0
f 892/262/298 893/213/298 894/231/298
f 895/263/299 896/231/299 897/264/299
s 1
f 898/240/300 899/265/300 900/239/300
s 0
f 901/240/301 902/266/301 903/265/301
f 904/266/302 905/240/302 906/232/302
f 907/266/303 908/232/303 909/241/303
f 910/241/304 911/267/304 912/266/304
f 913/267/305 914/241/305 915/242/305
f 916/243/306 917/219/306 918/253/306
f 919/253/307 920/221/307 921/268/307
f 922/269/308 923/245/308 924/235/308
f 925/270/309 926/254/309 927/246/309
f 928/255/310 929/271/310 930/246/310
f 931/272/311 932/255/311 933/247/311
f 934/272/312 935/247/312 936/249/312
f 937/249/313 938/273/313 939/272/313
f 940/249/314 941/236/314 942/273/314
f 943/250/315 944/237/315 945/259/315
f 946/260/316 947/238/316 948/261/316
f 949/274/317 950/261/317 951/262/317
f 952/231/318 953/263/318 954/262/318
f 955/264/319 956/275/319 957/263/319
f 958/267/320 959/276/320 960/266/320
f 961/277/321 962/267/321 963/242/321
f 964/278/322 965/243/322 966/253/322
f 967/253/323 968/279/323 969/278/323
f 970/254/324 971/270/324 972/269/324
f 973/246/325 974/280/325 975/270/325
f 976/280/326 977/246/326 978/271/326
f 979/255/327 980/281/327 981/271/327
f 982/272/328 983/281/328 984/255/328
f 985/273/329 986/236/329 987/256/329
f 988/259/330 989/282/330 990/250/330
f 991/282/331 992/259/331 993/260/331
f 994/261/332 995/283/332 996/260/332
f 997/283/333 998/261/333 999/274/333
f 1000/274/334 1001/262/334 1002/263/334
f 1003/264/335 1004/284/335 1005/275/335
f 1006/285/336 1007/243/336 1008/278/336
f 1009/269/337 1010/286/337 1011/287/337
f 1012/281/338 1013/288/338 1014/271/338
f 1015/272/339 1016/289/339 1017/281/339
f 1018/273/340 1019/289/340 1020/272/340
f 1021/273/341 1022/290/341 1023/289/341
f 1024/290/342 1025/273/342 1026/256/342
f 1027/291/343 1028/292/343 1029/293/343
f 1030/294/344 1031/250/344 1032/282/344
f 1033/282/345 1034/295/345 1035/294/345
f 1036/279/346 1037/296/346 1038/278/346
f 1039/297/347 1040/298/347 1041/279/347
f 1042/298/348 1043/297/348 1044/299/348
f 1045/269/349 1046/300/349 1047/286/349
f 1048/300/350 1049/269/350 1050/270/350
f 1051/270/351 1052/301/351 1053/300/351
f 1054/280/352 1055/301/352 1056/270/352
f 1057/280/353 1058/288/353 1059/301/353
f 1060/288/354 1061/280/354 1062/271/354
f 1063/289/355 1064/288/355 1065/281/355
f 1066/256/356 1067/302/356 1068/290/356
f 1069/302/357 1070/256/357 1071/303/357
f 1072/258/358 1073/304/358 1074/256/358
f 1075/305/359 1076/293/359 1077/292/359
f 1078/294/360 1079/295/360 1080/306/360
f 1081/282/361 1082/307/361 1083/295/361
f 1084/260/362 1085/308/362 1086/282/362
f 1087/283/363 1088/309/363 1089/260/363
f 1090/274/364 1091/310/364 1092/283/364
f 1093/310/365 1094/274/365 1095/311/365
f 1096/311/366 1097/274/366 1098/263/366
f 1099/277/367 1100/312/367 1101/276/367
f 1102/296/368 1103/285/368 1104/278/368
f 1105/296/369 1106/279/369 1107/298/369
f 1108/313/370 1109/301/370 1110/288/370
f 1111/313/371 1112/288/371 1113/289/371
f 1114/303/372 1115/256/372 1116/304/372
f 1117/314/373 1118/293/373 1119/305/373
f 1120/294/374 1121/306/374 1122/315/374
f 1123/282/375 1124/316/375 1125/307/375
f 1126/316/376 1127/282/376 1128/308/376
f 1129/308/377 1130/260/377 1131/309/377
f 1132/309/378 1133/283/378 1134/310/378
f 1135/263/379 1136/317/379 1137/311/379
f 1138/317/380 1139/263/380 1140/275/380
f 1141/275/381 1142/318/381 1143/317/381
f 1144/318/382 1145/275/382 1146/284/382
f 1147/296/383 1148/319/383 1149/285/383
f 1150/319/384 1151/296/384 1152/320/384
f 1153/300/385 1154/287/385 1155/286/385
f 1156/287/386 1157/300/386 1158/321/386
f 1159/321/387 1160/300/387 1161/301/387
f 1162/321/388 1163/301/388 1164/313/388
f 1165/322/389 1166/289/389 1167/290/389
f 1168/322/390 1169/290/390 1170/302/390
f 1171/303/391 1172/323/391 1173/302/391
f 1174/293/392 1175/314/392 1176/304/392
f 1177/295/393 1178/307/393 1179/306/393
f 1180/309/394 1181/324/394 1182/308/394
f 1183/324/395 1184/309/395 1185/325/395
f 1186/310/396 1187/325/396 1188/309/396
f 1189/325/397 1190/310/397 1191/311/397
f 1192/284/398 1193/326/398 1194/318/398
f 1195/327/399 1196/319/399 1197/320/399
s 1
f 1198/328/400 1199/329/400 1200/330/400
s 0
f 1201/321/401 1202/331/401 1203/287/401
f 1204/321/402 1205/313/402 1206/332/402
f 1207/332/403 1208/313/403 1209/333/403
f 1210/289/404 1211/333/404 1212/313/404
f 1213/334/405 1214/289/405 1215/322/405
f 1216/335/406 1217/305/406 1218/336/406
f 1219/337/407 1220/306/407 1221/307/407
f 1222/307/408 1223/316/408 1224/338/408
f 1225/338/409 1226/316/409 1227/308/409
f 1228/338/410 1229/308/410 1230/324/410
f 1231/324/411 1232/325/411 1233/311/411
f 1234/311/412 1235/339/412 1236/324/412
f 1237/339/413 1238/311/413 1239/317/413
f 1240/340/414 1241/320/414 1242/341/414
f 1243/340/415 1244/341/415 1245/330/415
f 1246/328/416 1247/342/416 1248/329/416
f 1249/287/417 1250/343/417 1251/344/417
f 1252/287/418 1253/345/418 1254/343/418
f 1255/345/419 1256/287/419 1257/331/419
f 1258/331/420 1259/346/420 1260/345/420
f 1261/321/421 1262/347/421 1263/331/421
f 1264/347/422 1265/321/422 1266/332/422
f 1267/334/423 1268/322/423 1269/348/423
f 1270/302/424 1271/349/424 1272/322/424
f 1273/307/425 1274/350/425 1275/337/425
f 1276/351/426 1277/338/426 1278/324/426
f 1279/352/427 1280/324/427 1281/339/427
f 1282/317/428 1283/353/428 1284/339/428
f 1285/353/429 1286/317/429 1287/318/429
f 1288/318/430 1289/354/430 1290/353/430
f 1291/354/431 1292/318/431 1293/326/431
f 1294/327/432 1295/355/432 1296/319/432
f 1297/327/433 1298/356/433 1299/355/433
f 1300/340/434 1301/327/434 1302/320/434
f 1303/357/435 1304/344/435 1305/343/435
f 1306/345/436 1307/358/436 1308/343/436
f 1309/331/437 1310/347/437 1311/346/437
f 1312/348/438 1313/322/438 1314/349/438
f 1315/324/439 1316/352/439 1317/351/439
f 1318/339/440 1319/359/440 1320/352/440
f 1321/359/441 1322/339/441 1323/353/441
f 1324/359/442 1325/353/442 1326/354/442
f 1327/354/443 1328/360/443 1329/359/443
f 1330/319/444 1331/355/444 1332/361/444
f 1333/340/445 1334/362/445 1335/327/445
f 1336/329/446 1337/363/446 1338/330/446
f 1339/343/447 1340/358/447 1341/357/447
f 1342/347/448 1343/364/448 1344/346/448
f 1345/335/449 1346/365/449 1347/366/449
f 1348/367/450 1349/351/450 1350/352/450
f 1351/352/451 1352/368/451 1353/367/451
f 1354/359/452 1355/369/452 1356/352/452
f 1357/361/453 1358/370/453 1359/371/453
f 1360/370/454 1361/361/454 1362/355/454
f 1363/372/455 1364/330/455 1365/363/455
f 1366/373/456 1367/357/456 1368/358/456
f 1369/373/457 1370/358/457 1371/374/457
f 1372/374/458 1373/358/458 1374/375/458
f 1375/345/459 1376/375/459 1377/358/459
f 1378/345/460 1379/346/460 1380/375/460
f 1381/375/461 1382/346/461 1383/364/461
f 1384/376/462 1385/366/462 1386/365/462
f 1387/366/463 1388/376/463 1389/377/463
f 1390/378/464 1391/367/464 1392/368/464
f 1393/369/465 1394/359/465 1395/379/465
f 1396/360/466 1397/379/466 1398/359/466
f 1399/379/467 1400/360/467 1401/380/467
f 1402/327/468 1403/362/468 1404/356/468
f 1405/357/469 1406/381/469 1407/382/469
f 1408/381/470 1409/357/470 1410/383/470
f 1411/373/471 1412/383/471 1413/357/471
f 1414/374/472 1415/383/472 1416/373/472
f 1417/383/473 1418/374/473 1419/375/473
f 1420/364/474 1421/384/474 1422/375/474
f 1423/385/475 1424/386/475 1425/387/475
f 1426/388/476 1427/366/476 1428/377/476
f 1429/378/477 1430/368/477 1431/389/477
f 1432/389/478 1433/368/478 1434/352/478
f 1435/389/479 1436/352/479 1437/390/479
f 1438/369/480 1439/390/480 1440/352/480
f 1441/390/481 1442/369/481 1443/379/481
f 1444/391/482 1445/379/482 1446/380/482
f 1447/370/483 1448/392/483 1449/371/483
f 1450/355/484 1451/393/484 1452/370/484
f 1453/394/485 1454/375/485 1455/384/485
f 1456/395/486 1457/396/486 1458/397/486
f 1459/398/487 1460/399/487 1461/386/487
f 1462/400/488 1463/378/488 1464/389/488
f 1465/401/489 1466/389/489 1467/390/489
f 1468/379/490 1469/391/490 1470/390/490
f 1471/380/491 1472/402/491 1473/391/491
f 1474/355/492 1475/356/492 1476/362/492
f 1477/363/493 1478/403/493 1479/372/493
s 1
f 1480/404/494 1481/405/494 1482/381/494
s 0
f 1483/404/495 1484/381/495 1485/383/495
f 1486/383/496 1487/406/496 1488/404/496
f 1489/406/497 1490/383/497 1491/407/497
f 1492/375/498 1493/407/498 1494/383/498
f 1495/407/499 1496/375/499 1497/408/499
f 1498/375/500 1499/394/500 1500/408/500
f 1501/409/501 1502/396/501 1503/395/501
f 1504/389/502 1505/410/502 1506/400/502
f 1507/411/503 1508/370/503 1509/393/503
f 1510/412/504 1511/355/504 1512/362/504
f 1513/413/505 1514/362/505 1515/414/505
f 1516/363/506 1517/415/506 1518/403/506
f 1519/405/507 1520/416/507 1521/417/507
f 1522/416/508 1523/405/508 1524/418/508
f 1525/404/509 1526/418/509 1527/405/509
s 1
f 1528/406/510 1529/419/510 1530/404/510
f 1531/407/511 1532/408/511 1533/406/511
s 0
f 1534/398/512 1535/395/512 1536/397/512
f 1537/389/513 1538/420/513 1539/410/513
f 1540/389/514 1541/421/514 1542/420/514
f 1543/421/515 1544/389/515 1545/422/515
f 1546/401/516 1547/422/516 1548/389/516
f 1549/390/517 1550/423/517 1551/401/517
f 1552/391/518 1553/423/518 1554/390/518
f 1555/391/519 1556/424/519 1557/423/519
f 1558/424/520 1559/391/520 1560/402/520
f 1561/393/521 1562/425/521 1563/411/521
f 1564/425/522 1565/393/522 1566/355/522
f 1567/425/523 1568/355/523 1569/412/523
f 1570/425/524 1571/412/524 1572/426/524
f 1573/426/525 1574/412/525 1575/362/525
f 1576/362/526 1577/413/526 1578/426/526
f 1579/403/527 1580/415/527 1581/427/527
f 1582/427/528 1583/415/528 1584/417/528
f 1585/418/529 1586/428/529 1587/416/529
f 1588/404/530 1589/428/530 1590/418/530
f 1591/428/531 1592/404/531 1593/419/531
f 1594/406/532 1595/408/532 1596/429/532
f 1597/422/533 1598/401/533 1599/423/533
f 1600/402/534 1601/430/534 1602/424/534
f 1603/425/535 1604/431/535 1605/411/535
f 1606/417/536 1607/432/536 1608/427/536
f 1609/432/537 1610/417/537 1611/416/537
f 1612/406/538 1613/433/538 1614/419/538
f 1615/429/539 1616/433/539 1617/406/539
f 1618/434/540 1619/435/540 1620/436/540
f 1621/434/541 1622/395/541 1623/435/541
f 1624/437/542 1625/438/542 1626/439/542
f 1627/422/543 1628/440/543 1629/421/543
f 1630/422/544 1631/441/544 1632/440/544
f 1633/441/545 1634/422/545 1635/423/545
f 1636/423/546 1637/442/546 1638/441/546
f 1639/442/547 1640/423/547 1641/424/547
f 1642/431/548 1643/425/548 1644/443/548
f 1645/426/549 1646/443/549 1647/425/549
f 1648/443/550 1649/426/550 1650/413/550
f 1651/413/551 1652/414/551 1653/444/551
f 1654/432/552 1655/416/552 1656/445/552
f 1657/428/553 1658/445/553 1659/416/553
f 1660/446/554 1661/428/554 1662/419/554
f 1663/447/555 1664/419/555 1665/433/555
f 1666/448/556 1667/439/556 1668/449/556
f 1669/438/557 1670/449/557 1671/439/557
f 1672/438/558 1673/450/558 1674/451/558
f 1675/421/559 1676/452/559 1677/420/559
f 1678/452/560 1679/421/560 1680/440/560
f 1681/453/561 1682/424/561 1683/430/561
f 1684/443/562 1685/454/562 1686/431/562
f 1687/413/563 1688/444/563 1689/443/563
f 1690/414/564 1691/455/564 1692/444/564
f 1693/455/565 1694/414/565 1695/456/565
f 1696/457/566 1697/458/566 1698/459/566
f 1699/459/567 1700/403/567 1701/427/567
f 1702/432/568 1703/460/568 1704/427/568
f 1705/460/569 1706/432/569 1707/445/569
f 1708/461/570 1709/436/570 1710/435/570
f 1711/448/571 1712/449/571 1713/462/571
f 1714/463/572 1715/438/572 1716/451/572
f 1717/420/573 1718/452/573 1719/464/573
f 1720/441/574 1721/465/574 1722/440/574
f 1723/424/575 1724/453/575 1725/442/575
f 1726/431/576 1727/454/576 1728/466/576
f 1729/454/577 1730/443/577 1731/444/577
f 1732/444/578 1733/455/578 1734/454/578
f 1735/467/579 1736/468/579 1737/457/579
f 1738/459/580 1739/427/580 1740/460/580
f 1741/460/581 1742/469/581 1743/459/581
f 1744/469/582 1745/460/582 1746/470/582
f 1747/445/583 1748/470/583 1749/460/583
f 1750/446/584 1751/419/584 1752/447/584
f 1753/471/585 1754/461/585 1755/435/585
f 1756/449/586 1757/463/586 1758/472/586
f 1759/463/587 1760/449/587 1761/438/587
f 1762/473/588 1763/474/588 1764/464/588
f 1765/474/589 1766/420/589 1767/464/589
f 1768/441/590 1769/475/590 1770/465/590
f 1771/442/591 1772/475/591 1773/441/591
f 1774/475/592 1775/442/592 1776/453/592
f 1777/430/593 1778/476/593 1779/453/593
f 1780/455/594 1781/477/594 1782/454/594
f 1783/478/595 1784/455/595 1785/456/595
f 1786/459/596 1787/479/596 1788/480/596
f 1789/469/597 1790/479/597 1791/459/597
f 1792/479/598 1793/469/598 1794/481/598
f 1795/481/599 1796/469/599 1797/470/599
f 1798/482/600 1799/472/600 1800/483/600
f 1801/463/601 1802/483/601 1803/472/601
f 1804/483/602 1805/463/602 1806/484/602
f 1807/451/603 1808/484/603 1809/463/603
f 1810/484/604 1811/451/604 1812/485/604
f 1813/486/605 1814/487/605 1815/473/605
f 1816/464/606 1817/452/606 1818/465/606
f 1819/440/607 1820/465/607 1821/452/607
f 1822/488/608 1823/475/608 1824/453/608
f 1825/453/609 1826/489/609 1827/488/609
f 1828/455/610 1829/478/610 1830/477/610
f 1831/467/611 1832/478/611 1833/490/611
f 1834/491/612 1835/467/612 1836/457/612
f 1837/435/613 1838/492/613 1839/471/613
f 1840/493/614 1841/472/614 1842/482/614
f 1843/486/615 1844/473/615 1845/494/615
f 1846/494/616 1847/473/616 1848/464/616
f 1849/465/617 1850/495/617 1851/464/617
f 1852/489/618 1853/453/618 1854/476/618
f 1855/454/619 1856/477/619 1857/466/619
f 1858/457/620 1859/496/620 1860/491/620
f 1861/496/621 1862/457/621 1863/480/621
f 1864/479/622 1865/497/622 1866/480/622
f 1867/493/623 1868/498/623 1869/499/623
f 1870/498/624 1871/493/624 1872/482/624
f 1873/484/625 1874/482/625 1875/483/625
f 1876/500/626 1877/484/626 1878/485/626
f 1879/487/627 1880/501/627 1881/485/627
f 1882/501/628 1883/487/628 1884/502/628
f 1885/503/629 1886/464/629 1887/495/629
f 1888/495/630 1889/465/630 1890/475/630
f 1891/475/631 1892/504/631 1893/495/631
f 1894/476/632 1895/505/632 1896/489/632
f 1897/466/633 1898/506/633 1899/507/633
f 1900/506/634 1901/466/634 1902/508/634
f 1903/477/635 1904/508/635 1905/466/635
f 1906/509/636 1907/477/636 1908/478/636
f 1909/478/637 1910/510/637 1911/509/637
f 1912/478/638 1913/511/638 1914/510/638
f 1915/511/639 1916/478/639 1917/467/639
f 1918/497/640 1919/512/640 1920/480/640
s 1
f 1921/513/641 1922/514/641 1923/492/641
s 0
f 1924/498/642 1925/515/642 1926/499/642
f 1927/484/643 1928/500/643 1929/482/643
f 1930/500/644 1931/485/644 1932/501/644
s 1
f 1933/501/645 1934/502/645 1935/494/645
s 0
f 1936/464/646 1937/503/646 1938/494/646
f 1939/495/647 1940/504/647 1941/503/647
f 1942/475/648 1943/516/648 1944/504/648
f 1945/516/649 1946/475/649 1947/488/649
f 1948/488/650 1949/489/650 1950/516/650
f 1951/508/651 1952/517/651 1953/506/651
f 1954/477/652 1955/509/652 1956/508/652
f 1957/514/653 1958/518/653 1959/492/653
f 1960/515/654 1961/498/654 1962/519/654
f 1963/498/655 1964/482/655 1965/500/655
f 1966/500/656 1967/501/656 1968/494/656
f 1969/508/657 1970/520/657 1971/517/657
f 1972/520/658 1973/508/658 1974/509/658
f 1975/509/659 1976/510/659 1977/520/659
f 1978/511/660 1979/491/660 1980/510/660
f 1981/500/661 1982/494/661 1983/521/661
f 1984/522/662 1985/520/662 1986/523/662
f 1987/515/663 1988/519/663 1989/524/663
f 1990/519/664 1991/498/664 1992/525/664
f 1993/500/665 1994/525/665 1995/498/665
f 1996/525/666 1997/500/666 1998/526/666
f 1999/526/667 2000/500/667 2001/521/667
f 2002/503/668 2003/527/668 2004/521/668
f 2005/527/669 2006/503/669 2007/504/669
f 2008/504/670 2009/528/670 2010/527/670
f 2011/528/671 2012/504/671 2013/529/671
f 2014/516/672 2015/529/672 2016/504/672
f 2017/489/673 2018/530/673 2019/516/673
f 2020/505/674 2021/530/674 2022/489/674
s 1
f 2023/531/675 2024/506/675 2025/517/675
s 0
f 2026/517/676 2027/532/676 2028/531/676
f 2029/532/677 2030/517/677 2031/520/677
f 2032/532/678 2033/520/678 2034/522/678
f 2035/519/679 2036/533/679 2037/524/679
f 2038/521/680 2039/534/680 2040/535/680
f 2041/534/681 2042/521/681 2043/527/681
f 2044/529/682 2045/536/682 2046/528/682
f 2047/516/683 2048/537/683 2049/529/683
f 2050/530/684 2051/537/684 2052/516/684
f 2053/530/685 2054/505/685 2055/538/685
f 2056/539/686 2057/540/686 2058/541/686
f 2059/541/687 2060/542/687 2061/539/687
f 2062/491/688 2063/543/688 2064/544/688
f 2065/543/689 2066/491/689 2067/496/689
f 2068/524/690 2069/533/690 2070/545/690
f 2071/519/691 2072/546/691 2073/533/691
f 2074/547/692 2075/534/692 2076/527/692
f 2077/528/693 2078/548/693 2079/527/693
f 2080/536/694 2081/548/694 2082/528/694
f 2083/536/695 2084/529/695 2085/537/695
f 2086/537/696 2087/530/696 2088/549/696
f 2089/538/697 2090/550/697 2091/530/697
f 2092/551/698 2093/531/698 2094/552/698
f 2095/552/699 2096/531/699 2097/532/699
f 2098/553/700 2099/540/700 2100/539/700
f 2101/539/701 2102/554/701 2103/553/701
f 2104/554/702 2105/539/702 2106/542/702
f 2107/555/703 2108/556/703 2109/557/703
f 2110/558/704 2111/534/704 2112/547/704
s 1
f 2113/559/705 2114/547/705 2115/527/705
s 0
f 2116/527/706 2117/548/706 2118/559/706
f 2119/560/707 2120/548/707 2121/536/707
f 2122/537/708 2123/560/708 2124/536/708
f 2125/560/709 2126/537/709 2127/561/709
f 2128/549/710 2129/530/710 2130/550/710
f 2131/538/711 2132/562/711 2133/550/711
f 2134/552/712 2135/532/712 2136/522/712
f 2137/544/713 2138/543/713 2139/554/713
f 2140/563/714 2141/564/714 2142/565/714
f 2143/563/715 2144/566/715 2145/564/715
f 2146/567/716 2147/568/716 2148/569/716
f 2149/557/717 2150/570/717 2151/571/717
f 2152/557/718 2153/556/718 2154/570/718
f 2155/556/719 2156/555/719 2157/535/719
f 2158/560/720 2159/572/720 2160/548/720
f 2161/537/721 2162/549/721 2163/561/721
f 2164/573/722 2165/550/722 2166/562/722
f 2167/574/723 2168/551/723 2169/552/723
f 2170/522/724 2171/553/724 2172/552/724
f 2173/554/725 2174/575/725 2175/553/725
f 2176/576/726 2177/567/726 2178/569/726
f 2179/569/727 2180/577/727 2181/576/727
f 2182/577/728 2183/569/728 2184/578/728
f 2185/533/729 2186/579/729 2187/545/729
f 2188/533/730 2189/571/730 2190/579/730
f 2191/558/731 2192/580/731 2193/535/731
f 2194/547/732 2195/581/732 2196/558/732
f 2197/581/733 2198/547/733 2199/559/733
f 2200/559/734 2201/548/734 2202/572/734
f 2203/560/735 2204/561/735 2205/572/735
f 2206/561/736 2207/549/736 2208/582/736
f 2209/582/737 2210/549/737 2211/583/737
f 2212/550/738 2213/583/738 2214/549/738
f 2215/584/739 2216/585/739 2217/586/739
f 2218/574/740 2219/552/740 2220/553/740
f 2221/553/741 2222/587/741 2223/574/741
f 2224/587/742 2225/553/742 2226/575/742
f 2227/579/743 2228/588/743 2229/545/743
f 2230/570/744 2231/556/744 2232/589/744
f 2233/590/745 2234/558/745 2235/581/745
s 1
f 2236/572/746 2237/591/746 2238/559/746
s 0
f 2239/572/747 2240/561/747 2241/592/747
f 2242/583/748 2243/550/748 2244/593/748
f 2245/573/749 2246/593/749 2247/550/749
f 2248/594/750 2249/585/750 2250/584/750
f 2251/587/751 2252/575/751 2253/554/751
f 2254/554/752 2255/543/752 2256/587/752
f 2257/578/753 2258/595/753 2259/577/753
f 2260/545/754 2261/596/754 2262/597/754
f 2263/545/755 2264/588/755 2265/596/755
f 2266/571/756 2267/598/756 2268/579/756
f 2269/598/757 2270/571/757 2271/570/757
f 2272/570/758 2273/599/758 2274/598/758
f 2275/535/759 2276/600/759 2277/556/759
f 2278/535/760 2279/580/760 2280/600/760
f 2281/580/761 2282/558/761 2283/590/761
f 2284/601/762 2285/590/762 2286/581/762
f 2287/559/763 2288/602/763 2289/581/763
f 2290/591/764 2291/602/764 2292/559/764
f 2293/591/765 2294/572/765 2295/592/765
f 2296/592/766 2297/561/766 2298/603/766
f 2299/582/767 2300/603/767 2301/561/767
f 2302/603/768 2303/582/768 2304/583/768
f 2305/583/769 2306/604/769 2307/603/769
f 2308/583/770 2309/605/770 2310/604/770
f 2311/605/771 2312/583/771 2313/593/771
f 2314/593/772 2315/573/772 2316/606/772
f 2317/585/773 2318/594/773 2319/607/773
f 2320/608/774 2321/609/774 2322/610/774
f 2323/543/775 2324/611/775 2325/612/775
f 2326/613/776 2327/576/776 2328/577/776
f 2329/577/777 2330/614/777 2331/613/777
f 2332/614/778 2333/577/778 2334/595/778
f 2335/599/779 2336/570/779 2337/589/779
f 2338/602/780 2339/591/780 2340/615/780
f 2341/615/781 2342/591/781 2343/592/781
f 2344/605/782 2345/593/782 2346/606/782
f 2347/584/783 2348/586/783 2349/616/783
f 2350/614/784 2351/617/784 2352/613/784
f 2353/589/785 2354/556/785 2355/600/785
f 2356/580/786 2357/618/786 2358/600/786
f 2359/580/787 2360/619/787 2361/618/787
f 2362/619/788 2363/580/788 2364/590/788
f 2365/601/789 2366/620/789 2367/590/789
f 2368/581/790 2369/621/790 2370/601/790
f 2371/602/791 2372/621/791 2373/581/791
f 2374/602/792 2375/622/792 2376/621/792
s 1
f 2377/602/793 2378/615/793 2379/622/793
s 0
f 2380/615/794 2381/592/794 2382/623/794
f 2383/623/795 2384/592/795 2385/603/795
f 2386/624/796 2387/603/796 2388/604/796
f 2389/625/797 2390/604/797 2391/605/797
f 2392/605/798 2393/626/798 2394/625/798
f 2395/626/799 2396/605/799 2397/606/799
f 2398/627/800 2399/628/800 2400/629/800
f 2401/630/801 2402/543/801 2403/612/801
f 2404/612/802 2405/631/802 2406/630/802
f 2407/631/803 2408/612/803 2409/632/803
f 2410/579/804 2411/633/804 2412/588/804
f 2413/590/805 2414/634/805 2415/619/805
f 2416/634/806 2417/590/806 2418/620/806
f 2419/620/807 2420/601/807 2421/621/807
f 2422/615/808 2423/623/808 2424/622/808
f 2425/635/809 2426/623/809 2427/603/809
f 2428/635/810 2429/603/810 2430/624/810
f 2431/624/811 2432/604/811 2433/625/811
f 2434/636/812 2435/594/812 2436/637/812
f 2437/584/813 2438/637/813 2439/594/813
f 2440/638/814 2441/639/814 2442/640/814
f 2443/641/815 2444/610/815 2445/609/815
f 2446/609/816 2447/628/816 2448/641/816
f 2449/633/817 2450/579/817 2451/598/817
f 2452/600/818 2453/642/818 2454/589/818
f 2455/619/819 2456/643/819 2457/618/819
s 1
f 2458/643/820 2459/619/820 2460/634/820
s 0
f 2461/620/821 2462/644/821 2463/634/821
f 2464/644/822 2465/620/822 2466/621/822
f 2467/645/823 2468/625/823 2469/626/823
f 2470/637/824 2471/646/824 2472/636/824
f 2473/637/825 2474/584/825 2475/616/825
s 1
f 2476/647/826 2477/648/826 2478/639/826
s 0
f 2479/649/827 2480/639/827 2481/610/827
f 2482/610/828 2483/650/828 2484/649/828
f 2485/650/829 2486/610/829 2487/641/829
f 2488/650/830 2489/641/830 2490/628/830
f 2491/628/831 2492/651/831 2493/650/831
f 2494/628/832 2495/652/832 2496/651/832
f 2497/652/833 2498/628/833 2499/627/833
f 2500/653/834 2501/596/834 2502/588/834
f 2503/589/835 2504/642/835 2505/654/835
f 2506/600/836 2507/655/836 2508/642/836
f 2509/655/837 2510/600/837 2511/618/837
f 2512/634/838 2513/656/838 2514/643/838
f 2515/656/839 2516/634/839 2517/644/839
f 2518/622/840 2519/657/840 2520/621/840
f 2521/635/841 2522/658/841 2523/623/841
f 2524/624/842 2525/659/842 2526/635/842
s 1
f 2527/625/843 2528/660/843 2529/624/843
s 0
f 2530/660/844 2531/625/844 2532/645/844
f 2533/636/845 2534/646/845 2535/661/845
f 2536/662/846 2537/647/846 2538/639/846
f 2539/662/847 2540/639/847 2541/649/847
f 2542/663/848 2543/651/848 2544/652/848
f 2545/632/849 2546/664/849 2547/631/849
f 2548/654/850 2549/665/850 2550/666/850
f 2551/665/851 2552/654/851 2553/642/851
f 2554/618/852 2555/643/852 2556/655/852
f 2557/656/853 2558/644/853 2559/667/853
f 2560/621/854 2561/657/854 2562/667/854
f 2563/622/855 2564/668/855 2565/657/855
f 2566/623/856 2567/669/856 2568/622/856
f 2569/669/857 2570/623/857 2571/658/857
s 1
f 2572/658/858 2573/635/858 2574/659/858
s 0
f 2575/624/859 2576/670/859 2577/659/859
f 2578/670/860 2579/624/860 2580/660/860
f 2581/616/861 2582/671/861 2583/637/861
f 2584/649/862 2585/672/862 2586/662/862
f 2587/673/863 2588/649/863 2589/650/863
f 2590/651/864 2591/663/864 2592/674/864
f 2593/652/865 2594/675/865 2595/663/865
f 2596/676/866 2597/631/866 2598/664/866
f 2599/642/867 2600/677/867 2601/665/867
f 2602/678/868 2603/655/868 2604/643/868
f 2605/643/869 2606/656/869 2607/678/869
f 2608/679/870 2609/656/870 2610/667/870
f 2611/657/871 2612/680/871 2613/667/871
f 2614/680/872 2615/657/872 2616/668/872
f 2617/681/873 2618/658/873 2619/659/873
f 2620/681/874 2621/659/874 2622/670/874
f 2623/661/875 2624/646/875 2625/682/875
f 2626/637/876 2627/682/876 2628/646/876
f 2629/682/877 2630/637/877 2631/671/877
f 2632/647/878 2633/683/878 2634/684/878
f 2635/662/879 2636/672/879 2637/647/879
f 2638/649/880 2639/685/880 2640/672/880
f 2641/685/881 2642/649/881 2643/673/881
f 2644/642/882 2645/655/882 2646/678/882
f 2647/656/883 2648/679/883 2649/678/883
f 2650/673/884 2651/674/884 2652/685/884
f 2653/676/885 2654/686/885 2655/631/885
f 2656/687/886 2657/688/886 2658/689/886
f 2659/666/887 2660/690/887 2661/687/887
f 2662/690/888 2663/666/888 2664/665/888
f 2665/665/889 2666/691/889 2667/690/889
f 2668/667/890 2669/692/890 2670/679/890
f 2671/680/891 2672/692/891 2673/667/891
f 2674/669/892 2675/658/892 2676/681/892
f 2677/693/893 2678/681/893 2679/694/893
f 2680/683/894 2681/647/894 2682/672/894
f 2683/665/895 2684/677/895 2685/691/895
f 2686/677/896 2687/642/896 2688/695/896
f 2689/695/897 2690/642/897 2691/678/897
f 2692/696/898 2693/678/898 2694/697/898
f 2695/679/899 2696/697/899 2697/678/899
f 2698/697/900 2699/679/900 2700/692/900
f 2701/680/901 2702/698/901 2703/692/901
f 2704/699/902 2705/669/902 2706/681/902
f 2707/683/903 2708/700/903 2709/701/903
f 2710/672/904 2711/700/904 2712/683/904
f 2713/700/905 2714/672/905 2715/702/905
f 2716/703/906 2717/704/906 2718/705/906
f 2719/687/907 2720/690/907 2721/688/907
f 2722/706/908 2723/691/908 2724/677/908
f 2725/678/909 2726/696/909 2727/695/909
f 2728/692/910 2729/707/910 2730/697/910
f 2731/701/911 2732/700/911 2733/708/911
f 2734/702/912 2735/709/912 2736/700/912
f 2737/705/913 2738/710/913 2739/711/913
f 2740/710/914 2741/705/914 2742/704/914
s 1
f 2743/690/915 2744/691/915 2745/706/915
s 0
f 2746/677/916 2747/712/916 2748/706/916
f 2749/712/917 2750/677/917 2751/695/917
f 2752/712/918 2753/695/918 2754/713/918
f 2755/696/919 2756/713/919 2757/695/919
f 2758/696/920 2759/697/920 2760/707/920
f 2761/692/921 2762/698/921 2763/707/921
f 2764/680/922 2765/699/922 2766/698/922
f 2767/700/923 2768/714/923 2769/708/923
f 2770/700/924 2771/709/924 2772/714/924
f 2773/715/925 2774/704/925 2775/689/925
f 2776/689/926 2777/716/926 2778/715/926
f 2779/716/927 2780/689/927 2781/688/927
f 2782/716/928 2783/688/928 2784/690/928
f 2785/716/929 2786/690/929 2787/717/929
f 2788/717/930 2789/690/930 2790/706/930
f 2791/718/931 2792/713/931 2793/696/931
f 2794/718/932 2795/696/932 2796/707/932
f 2797/719/933 2798/708/933 2799/714/933
f 2800/709/934 2801/720/934 2802/714/934
f 2803/720/935 2804/709/935 2805/721/935
f 2806/710/936 2807/704/936 2808/715/936
f 2809/717/937 2810/706/937 2811/712/937
f 2812/712/938 2813/722/938 2814/717/938
f 2815/723/939 2816/713/939 2817/718/939
f 2818/718/940 2819/707/940 2820/724/940
f 2821/724/941 2822/707/941 2823/698/941
s 1
f 2824/714/942 2825/725/942 2826/719/942
s 0
f 2827/725/943 2828/714/943 2829/726/943
f 2830/720/944 2831/726/944 2832/714/944
f 2833/727/945 2834/728/945 2835/711/945
f 2836/717/946 2837/729/946 2838/716/946
f 2839/717/947 2840/722/947 2841/729/947
f 2842/719/948 2843/725/948 2844/726/948
f 2845/730/949 2846/726/949 2847/720/949
f 2848/720/950 2849/731/950 2850/730/950
f 2851/727/951 2852/711/951 2853/710/951
f 2854/732/952 2855/710/952 2856/715/952
f 2857/732/953 2858/715/953 2859/733/953
f 2860/733/954 2861/715/954 2862/716/954
f 2863/716/955 2864/729/955 2865/733/955
f 2866/723/956 2867/722/956 2868/712/956
f 2869/723/957 2870/712/957 2871/713/957
f 2872/718/958 2873/734/958 2874/723/958
f 2875/734/959 2876/718/959 2877/724/959
f 2878/724/960 2879/735/960 2880/734/960
f 2881/736/961 2882/719/961 2883/737/961
f 2884/737/962 2885/719/962 2886/726/962
f 2887/726/963 2888/738/963 2889/737/963
f 2890/729/964 2891/739/964 2892/733/964
f 2893/739/965 2894/729/965 2895/722/965
f 2896/723/966 2897/740/966 2898/722/966
f 2899/734/967 2900/735/967 2901/723/967
f 2902/726/968 2903/741/968 2904/738/968
f 2905/742/969 2906/743/969 2907/727/969
f 2908/722/970 2909/740/970 2910/739/970
f 2911/723/971 2912/744/971 2913/740/971
f 2914/744/972 2915/723/972 2916/735/972
f 2917/727/973 2918/745/973 2919/742/973
f 2920/745/974 2921/727/974 2922/710/974
f 2923/746/975 2924/710/975 2925/732/975
f 2926/733/976 2927/747/976 2928/732/976
f 2929/747/977 2930/733/977 2931/739/977
f 2932/748/978 2933/736/978 2934/737/978
f 2935/741/979 2936/749/979 2937/750/979
f 2938/710/980 2939/746/980 2940/745/980
f 2941/732/981 2942/747/981 2943/746/981
f 2944/751/982 2945/747/982 2946/739/982
f 2947/751/983 2948/739/983 2949/752/983
f 2950/752/984 2951/739/984 2952/753/984
f 2953/740/985 2954/753/985 2955/739/985
f 2956/753/986 2957/740/986 2958/744/986
f 2959/738/987 2960/754/987 2961/737/987
f 2962/754/988 2963/738/988 2964/750/988
f 2965/741/989 2966/750/989 2967/738/989
f 2968/744/990 2969/755/990 2970/753/990
f 2971/748/991 2972/737/991 2973/754/991
f 2974/756/992 2975/750/992 2976/749/992
f 2977/746/993 2978/757/993 2979/745/993
f 2980/757/994 2981/746/994 2982/747/994
f 2983/753/995 2984/758/995 2985/752/995
f 2986/753/996 2987/759/996 2988/758/996
f 2989/755/997 2990/759/997 2991/753/997
f 2992/744/998 2993/760/998 2994/755/998
f 2995/750/999 2996/761/999 2997/754/999
f 2998/761/1000 2999/750/1000 3000/756/1000
f 3001/762/1001 3002/757/1001 3003/763/1001
f 3004/747/1002 3005/764/1002 3006/757/1002
f 3007/764/1003 3008/747/1003 3009/751/1003
f 3010/752/1004 3011/765/1004 3012/751/1004
f 3013/765/1005 3014/752/1005 3015/758/1005
f 3016/755/1006 3017/760/1006 3018/759/1006
f 3019/766/1007 3020/748/1007 3021/767/1007
f 3022/754/1008 3023/767/1008 3024/748/1008
f 3025/768/1009 3026/769/1009 3027/770/1009
s 1
f 3028/757/1010 3029/764/1010 3030/763/1010
s 0
f 3031/751/1011 3032/771/1011 3033/764/1011
f 3034/771/1012 3035/751/1012 3036/765/1012
f 3037/765/1013 3038/758/1013 3039/772/1013
f 3040/772/1014 3041/758/1014 3042/759/1014
f 3043/769/1015 3044/773/1015 3045/770/1015
f 3046/773/1016 3047/769/1016 3048/774/1016
f 3049/763/1017 3050/764/1017 3051/771/1017
f 3052/759/1018 3053/775/1018 3054/772/1018
f 3055/759/1019 3056/776/1019 3057/775/1019
f 3058/776/1020 3059/759/1020 3060/760/1020
f 3061/760/1021 3062/777/1021 3063/776/1021
f 3064/778/1022 3065/779/1022 3066/780/1022
f 3067/779/1023 3068/778/1023 3069/781/1023
f 3070/782/1024 3071/781/1024 3072/778/1024
f 3073/781/1025 3074/782/1025 3075/783/1025
f 3076/784/1026 3077/766/1026 3078/767/1026
f 3079/767/1027 3080/754/1027 3081/761/1027
f 3082/756/1028 3083/785/1028 3084/761/1028
f 3085/773/1029 3086/786/1029 3087/770/1029
f 3088/773/1030 3089/774/1030 3090/787/1030
f 3091/763/1031 3092/787/1031 3093/774/1031
f 3094/787/1032 3095/763/1032 3096/788/1032
f 3097/771/1033 3098/788/1033 3099/763/1033
f 3100/772/1034 3101/789/1034 3102/765/1034
f 3103/772/1035 3104/775/1035 3105/789/1035
s 1
f 3106/789/1036 3107/775/1036 3108/776/1036
s 0
f 3109/790/1037 3110/791/1037 3111/792/1037
f 3112/793/1038 3113/780/1038 3114/794/1038
f 3115/794/1039 3116/780/1039 3117/779/1039
f 3118/761/1040 3119/795/1040 3120/767/1040
f 3121/761/1041 3122/785/1041 3123/795/1041
f 3124/786/1042 3125/773/1042 3126/787/1042
f 3127/796/1043 3128/788/1043 3129/771/1043
f 3130/797/1044 3131/796/1044 3132/771/1044
f 3133/796/1045 3134/797/1045 3135/798/1045
f 3136/797/1046 3137/765/1046 3138/789/1046
f 3139/789/1047 3140/799/1047 3141/797/1047
f 3142/800/1048 3143/801/1048 3144/802/1048
f 3145/802/1049 3146/801/1049 3147/803/1049
f 3148/803/1050 3149/804/1050 3150/802/1050
f 3151/792/1051 3152/791/1051 3153/805/1051
f 3154/806/1052 3155/793/1052 3156/794/1052
f 3157/783/1053 3158/807/1053 3159/781/1053
f 3160/808/1054 3161/784/1054 3162/767/1054
f 3163/787/1055 3164/788/1055 3165/809/1055
s 1
f 3166/796/1056 3167/809/1056 3168/788/1056
s 0
f 3169/797/1057 3170/799/1057 3171/798/1057
f 3172/776/1058 3173/810/1058 3174/789/1058
f 3175/800/1059 3176/802/1059 3177/811/1059
f 3178/804/1060 3179/812/1060 3180/802/1060
f 3181/812/1061 3182/804/1061 3183/792/1061
f 3184/779/1062 3185/813/1062 3186/794/1062
f 3187/781/1063 3188/813/1063 3189/779/1063
f 3190/781/1064 3191/814/1064 3192/813/1064
f 3193/814/1065 3194/781/1065 3195/807/1065
f 3196/786/1066 3197/787/1066 3198/815/1066
f 3199/809/1067 3200/796/1067 3201/798/1067
f 3202/789/1068 3203/816/1068 3204/799/1068
f 3205/789/1069 3206/810/1069 3207/816/1069
f 3208/817/1070 3209/802/1070 3210/812/1070
f 3211/812/1071 3212/792/1071 3213/805/1071
f 3214/818/1072 3215/805/1072 3216/819/1072
f 3217/819/1073 3218/805/1073 3219/820/1073
f 3220/794/1074 3221/821/1074 3222/806/1074
f 3223/767/1075 3224/822/1075 3225/808/1075
f 3226/822/1076 3227/767/1076 3228/795/1076
f 3229/786/1077 3230/823/1077 3231/824/1077
f 3232/809/1078 3233/815/1078 3234/787/1078
f 3235/825/1079 3236/798/1079 3237/799/1079
f 3238/799/1080 3239/826/1080 3240/825/1080
f 3241/799/1081 3242/816/1081 3243/826/1081
f 3244/802/1082 3245/817/1082 3246/811/1082
f 3247/812/1083 3248/827/1083 3249/817/1083
f 3250/827/1084 3251/812/1084 3252/818/1084
f 3253/805/1085 3254/818/1085 3255/812/1085
f 3256/819/1086 3257/828/1086 3258/818/1086
f 3259/813/1087 3260/829/1087 3261/794/1087
f 3262/829/1088 3263/813/1088 3264/830/1088
f 3265/830/1089 3266/813/1089 3267/814/1089
f 3268/807/1090 3269/831/1090 3270/814/1090
f 3271/831/1091 3272/807/1091 3273/832/1091
f 3274/786/1092 3275/833/1092 3276/823/1092
f 3277/815/1093 3278/833/1093 3279/786/1093
f 3280/809/1094 3281/834/1094 3282/815/1094
f 3283/798/1095 3284/834/1095 3285/809/1095
f 3286/835/1096 3287/798/1096 3288/825/1096
f 3289/826/1097 3290/836/1097 3291/825/1097
f 3292/836/1098 3293/826/1098 3294/816/1098
f 3295/817/1099 3296/837/1099 3297/811/1099
f 3298/837/1100 3299/817/1100 3300/827/1100
f 3301/827/1101 3302/838/1101 3303/837/1101
f 3304/827/1102 3305/839/1102 3306/838/1102
f 3307/839/1103 3308/827/1103 3309/818/1103
f 3310/828/1104 3311/819/1104 3312/840/1104
f 3313/820/1105 3314/840/1105 3315/819/1105
f 3316/829/1106 3317/821/1106 3318/794/1106
f 3319/841/1107 3320/824/1107 3321/823/1107
f 3322/815/1108 3323/842/1108 3324/843/1108
s 1
f 3325/842/1109 3326/815/1109 3327/834/1109
s 0
f 3328/798/1110 3329/835/1110 3330/834/1110
f 3331/816/1111 3332/844/1111 3333/836/1111
f 3334/818/1112 3335/845/1112 3336/839/1112
f 3337/845/1113 3338/818/1113 3339/828/1113
f 3340/828/1114 3341/846/1114 3342/845/1114
f 3343/846/1115 3344/828/1115 3345/840/1115
f 3346/847/1116 3347/821/1116 3348/829/1116
f 3349/830/1117 3350/814/1117 3351/831/1117
f 3352/848/1118 3353/823/1118 3354/833/1118
f 3355/834/1119 3356/849/1119 3357/842/1119
f 3358/825/1120 3359/850/1120 3360/835/1120
f 3361/825/1121 3362/851/1121 3363/850/1121
f 3364/851/1122 3365/825/1122 3366/836/1122
f 3367/852/1123 3368/837/1123 3369/838/1123
f 3370/840/1124 3371/853/1124 3372/846/1124
f 3373/830/1125 3374/854/1125 3375/829/1125
f 3376/831/1126 3377/855/1126 3378/830/1126
f 3379/842/1127 3380/849/1127 3381/843/1127
f 3382/834/1128 3383/856/1128 3384/849/1128
f 3385/835/1129 3386/857/1129 3387/834/1129
f 3388/851/1130 3389/836/1130 3390/858/1130
s 1
f 3391/844/1131 3392/858/1131 3393/836/1131
s 0
f 3394/837/1132 3395/852/1132 3396/859/1132
f 3397/846/1133 3398/860/1133 3399/845/1133
f 3400/847/1134 3401/829/1134 3402/854/1134
f 3403/831/1135 3404/861/1135 3405/855/1135
f 3406/861/1136 3407/831/1136 3408/832/1136
f 3409/823/1137 3410/862/1137 3411/841/1137
f 3412/848/1138 3413/862/1138 3414/823/1138
f 3415/862/1139 3416/848/1139 3417/863/1139
f 3418/834/1140 3419/857/1140 3420/856/1140
f 3421/811/1141 3422/859/1141 3423/864/1141
f 3424/865/1142 3425/860/1142 3426/846/1142
f 3427/846/1143 3428/866/1143 3429/865/1143
f 3430/866/1144 3431/846/1144 3432/853/1144
f 3433/856/1145 3434/867/1145 3435/849/1145
f 3436/868/1146 3437/857/1146 3438/835/1146
f 3439/868/1147 3440/835/1147 3441/850/1147
f 3442/858/1148 3443/869/1148 3444/851/1148
f 3445/870/1149 3446/864/1149 3447/859/1149
f 3448/859/1150 3449/871/1150 3450/870/1150
f 3451/852/1151 3452/838/1151 3453/839/1151
f 3454/839/1152 3455/845/1152 3456/852/1152
f 3457/872/1153 3458/860/1153 3459/865/1153
f 3460/830/1154 3461/855/1154 3462/854/1154
f 3463/863/1155 3464/873/1155 3465/862/1155
f 3466/868/1156 3467/856/1156 3468/857/1156
f 3469/868/1157 3470/850/1157 3471/874/1157
f 3472/851/1158 3473/875/1158 3474/850/1158
f 3475/875/1159 3476/851/1159 3477/869/1159
f 3478/858/1160 3479/876/1160 3480/869/1160
f 3481/845/1161 3482/877/1161 3483/852/1161
f 3484/877/1162 3485/845/1162 3486/872/1162
f 3487/863/1163 3488/878/1163 3489/873/1163
f 3490/874/1164 3491/850/1164 3492/875/1164
f 3493/877/1165 3494/859/1165 3495/852/1165
f 3496/865/1166 3497/879/1166 3498/872/1166
f 3499/879/1167 3500/865/1167 3501/866/1167
f 3502/880/1168 3503/855/1168 3504/861/1168
f 3505/862/1169 3506/873/1169 3507/841/1169
f 3508/868/1170 3509/881/1170 3510/856/1170
f 3511/881/1171 3512/868/1171 3513/874/1171
f 3514/875/1172 3515/869/1172 3516/876/1172
f 3517/872/1173 3518/882/1173 3519/877/1173
f 3520/883/1174 3521/875/1174 3522/876/1174
f 3523/883/1175 3524/876/1175 3525/884/1175
f 3526/874/1176 3527/885/1176 3528/881/1176
f 3529/885/1177 3530/874/1177 3531/886/1177
f 3532/886/1178 3533/874/1178 3534/875/1178
f 3535/884/1179 3536/887/1179 3537/883/1179
f 3538/888/1180 3539/886/1180 3540/875/1180
f 3541/888/1181 3542/875/1181 3543/883/1181
f 3544/883/1182 3545/887/1182 3546/889/1182
f 3547/883/1183 3548/890/1183 3549/888/1183
f 3550/890/1184 3551/883/1184 3552/889/1184
f 3553/891/1185 3554/892/1185 3555/893/1185
f 3556/893/1186 3557/894/1186 3558/891/1186
f 3559/894/1187 3560/893/1187 3561/895/1187
f 3562/888/1188 3563/895/1188 3564/893/1188
f 3565/896/1189 3566/888/1189 3567/890/1189
f 3568/896/1190 3569/890/1190 3570/897/1190
f 3571/897/1191 3572/898/1191 3573/899/1191
f 3574/900/1192 3575/891/1192 3576/895/1192
f 3577/894/1193 3578/895/1193 3579/891/1193
f 3580/897/1194 3581/899/1194 3582/896/1194
f 3583/901/1195 3584/900/1195 3585/895/1195
f 3586/900/1196 3587/901/1196 3588/902/1196
f 3589/895/1197 3590/903/1197 3591/901/1197
f 3592/904/1198 3593/896/1198 3594/899/1198
f 3595/901/1199 3596/905/1199 3597/906/1199
f 3598/905/1200 3599/901/1200 3600/903/1200
f 3601/898/1201 3602/907/1201 3603/899/1201
f 3604/905/1202 3605/908/1202 3606/906/1202
f 3607/905/1203 3608/903/1203 3609/909/1203
f 3610/907/1204 3611/898/1204 3612/910/1204
f 3613/910/1205 3614/911/1205 3615/912/1205
f 3616/908/1206 3617/913/1206 3618/914/1206
f 3619/908/1207 3620/905/1207 3621/915/1207
f 3622/915/1208 3623/905/1208 3624/909/1208
f 3625/914/1209 3626/916/1209 3627/917/1209
f 3628/913/1210 3629/916/1210 3630/914/1210
f 3631/918/1211 3632/917/1211 3633/916/1211
f 3634/913/1212 3635/919/1212 3636/916/1212
f 3637/908/1213 3638/915/1213 3639/913/1213
f 3640/919/1214 3641/913/1214 3642/915/1214
f 3643/915/1215 3644/920/1215 3645/919/1215
f 3646/918/1216 3647/921/1216 3648/922/1216
f 3649/916/1217 3650/921/1217 3651/918/1217
f 3652/919/1218 3653/923/1218 3654/916/1218
f 3655/915/1219 3656/924/1219 3657/920/1219
f 3658/921/1220 3659/916/1220 3660/923/1220
f 3661/919/1221 3662/920/1221 3663/923/1221
f 3664/925/1222 3665/912/1222 3666/911/1222
f 3667/926/1223 3668/922/1223 3669/921/1223
f 3670/921/1224 3671/923/1224 3672/926/1224
f 3673/925/1225 3674/911/1225 3675/927/1225
f 3676/923/1226 3677/928/1226 3678/926/1226
f 3679/925/1227 3680/927/1227 3681/929/1227
f 3682/928/1228 3683/923/1228 3684/920/1228
f 3685/924/1229 3686/930/1229 3687/920/1229
f 3688/931/1230 3689/928/1230 3690/920/1230
