# Generated from Mugs_496.obj, faces matching '^(Cylinder002|Arc002) \| 02___Default$', metres, origin at bottom centre
v 0.077302 0.019311 0.003481
v 0.07685 0.019311 -0.002807
v 0.077863 0.012016 -0.002807
v 0.078305 0.012016 0.003336
v 0.078639 0.019311 0.009641
v 0.079612 0.012016 0.009355
v 0.078079 0.028276 0.009805
v 0.076724 0.028276 0.003564
v 0.076266 0.028276 -0.002807
v 0.080844 0.019311 0.015546
v 0.081766 0.012016 0.015125
v 0.083863 0.019311 0.02108
v 0.084716 0.012016 0.020532
v 0.083372 0.028276 0.021395
v 0.080314 0.028276 0.015789
v 0.087643 0.019311 0.026125
v 0.088409 0.012016 0.025461
v 0.092099 0.019311 0.030584
v 0.092762 0.012016 0.029818
v 0.091716 0.028276 0.031025
v 0.087202 0.028276 0.026507
v 0.097146 0.019311 0.03436
v 0.097694 0.012016 0.033507
v 0.102678 0.019311 0.037383
v 0.103099 0.012016 0.036461
v 0.102436 0.028276 0.037914
v 0.096831 0.028276 0.034851
v 0.108585 0.019311 0.039584
v 0.10887 0.012016 0.038611
v 0.114744 0.019311 0.040926
v 0.114888 0.012016 0.039923
v 0.114661 0.028276 0.041503
v 0.108421 0.028276 0.040144
v 0.121032 0.019311 0.041373
v 0.121032 0.012016 0.04036
v 0.12732 0.019311 0.040926
v 0.127176 0.012016 0.039923
v 0.127403 0.028276 0.041503
v 0.121032 0.028276 0.041957
v 0.133479 0.019311 0.039584
v 0.133193 0.012016 0.038611
v 0.139386 0.019311 0.037383
v 0.138965 0.012016 0.036461
v 0.139628 0.028276 0.037914
v 0.133643 0.028276 0.040144
v 0.144917 0.019311 0.03436
v 0.144369 0.012016 0.033507
v 0.149965 0.019311 0.030584
v 0.149301 0.012016 0.029818
v 0.150347 0.028276 0.031025
v 0.145233 0.028276 0.034851
v 0.154421 0.019311 0.026125
v 0.153655 0.012016 0.025461
v 0.1582 0.019311 0.02108
v 0.157348 0.012016 0.020532
v 0.158691 0.028276 0.021395
v 0.154862 0.028276 0.026507
v 0.161219 0.019311 0.015546
v 0.160297 0.012016 0.015125
v 0.163424 0.019311 0.009641
v 0.162452 0.012016 0.009355
v 0.163984 0.028276 0.009805
v 0.16175 0.028276 0.015789
v 0.164762 0.019311 0.003481
v 0.163759 0.012016 0.003336
v 0.165214 0.019311 -0.002807
v 0.164201 0.012016 -0.002807
v 0.165798 0.028276 -0.002807
v 0.16534 0.028276 0.003564
v 0.164762 0.019311 -0.009094
v 0.163759 0.012016 -0.00895
v 0.163424 0.019311 -0.015254
v 0.162452 0.012016 -0.014969
v 0.163984 0.028276 -0.015419
v 0.16534 0.028276 -0.009177
v 0.161219 0.019311 -0.02116
v 0.160297 0.012016 -0.020739
v 0.1582 0.019311 -0.026693
v 0.157348 0.012016 -0.026146
v 0.158691 0.028276 -0.027009
v 0.16175 0.028276 -0.021402
v 0.154421 0.019311 -0.031738
v 0.153655 0.012016 -0.031075
v 0.149965 0.019311 -0.036197
v 0.149301 0.012016 -0.035431
v 0.150347 0.028276 -0.036638
v 0.154862 0.028276 -0.03212
v 0.144917 0.019311 -0.039973
v 0.144369 0.012016 -0.039121
v 0.139386 0.019311 -0.042996
v 0.138965 0.012016 -0.042074
v 0.139628 0.028276 -0.043527
v 0.145233 0.028276 -0.040464
v 0.133479 0.019311 -0.045197
v 0.133193 0.012016 -0.044225
v 0.12732 0.019311 -0.046539
v 0.127176 0.012016 -0.045536
v 0.127403 0.028276 -0.047117
v 0.133643 0.028276 -0.045757
v 0.121032 0.019311 -0.046987
v 0.121032 0.012016 -0.045973
v 0.114744 0.019311 -0.046539
v 0.114888 0.012016 -0.045536
v 0.114661 0.028276 -0.047117
v 0.121032 0.028276 -0.04757
v 0.108585 0.019311 -0.045197
v 0.10887 0.012016 -0.044225
v 0.102678 0.019311 -0.042996
v 0.103099 0.012016 -0.042074
v 0.102436 0.028276 -0.043527
v 0.108421 0.028276 -0.045757
v 0.097146 0.019311 -0.039973
v 0.097694 0.012016 -0.039121
v 0.092099 0.019311 -0.036198
v 0.092762 0.012016 -0.035431
v 0.091716 0.028276 -0.036638
v 0.096831 0.028276 -0.040464
v 0.087643 0.019311 -0.031738
v 0.088409 0.012016 -0.031075
v 0.083863 0.019311 -0.026694
v 0.084716 0.012016 -0.026146
v 0.083372 0.028276 -0.027009
v 0.087202 0.028276 -0.03212
v 0.080844 0.019311 -0.02116
v 0.081766 0.012016 -0.020739
v 0.07864 0.019311 -0.015254
v 0.079612 0.012016 -0.014969
v 0.078079 0.028276 -0.015419
v 0.080314 0.028276 -0.021402
v 0.077302 0.019311 -0.009094
v 0.078305 0.012016 -0.00895
v 0.076724 0.028276 -0.009177
v 0.076532 0.037242 0.003591
v 0.076071 0.037242 -0.002807
v 0.077893 0.037242 0.00986
v 0.077893 0.046208 0.00986
v 0.076532 0.046208 0.003591
v 0.076071 0.046208 -0.002807
v 0.080137 0.037242 0.015869
v 0.083209 0.037242 0.021501
v 0.083209 0.046208 0.021501
v 0.080137 0.046208 0.015869
v 0.087055 0.037242 0.026635
v 0.091589 0.037242 0.031172
v 0.091589 0.046208 0.031172
v 0.087055 0.046208 0.026635
v 0.096726 0.037242 0.035014
v 0.102355 0.037242 0.038091
v 0.102355 0.046208 0.038091
v 0.096726 0.046208 0.035014
v 0.108366 0.037242 0.04033
v 0.114633 0.037242 0.041696
v 0.114633 0.046208 0.041696
v 0.108366 0.046208 0.04033
v 0.121032 0.037242 0.042151
v 0.12743 0.037242 0.041696
v 0.12743 0.046208 0.041696
v 0.121032 0.046208 0.042151
v 0.133698 0.037242 0.04033
v 0.139709 0.037242 0.038091
v 0.139709 0.046208 0.038091
v 0.133698 0.046208 0.04033
v 0.145338 0.037242 0.035014
v 0.150475 0.037242 0.031172
v 0.150475 0.046208 0.031172
v 0.145338 0.046208 0.035014
v 0.155009 0.037242 0.026634
v 0.158855 0.037242 0.021501
v 0.158855 0.046208 0.021501
v 0.155009 0.046208 0.026634
v 0.161927 0.037242 0.015869
v 0.164171 0.037242 0.00986
v 0.164171 0.046208 0.00986
v 0.161927 0.046208 0.015869
v 0.165532 0.037242 0.003591
v 0.165992 0.037242 -0.002807
v 0.165992 0.046208 -0.002807
v 0.165532 0.046208 0.003591
v 0.165532 0.037242 -0.009205
v 0.164171 0.037242 -0.015474
v 0.164171 0.046208 -0.015474
v 0.165532 0.046208 -0.009205
v 0.161927 0.037242 -0.021483
v 0.158855 0.037242 -0.027114
v 0.158855 0.046208 -0.027114
v 0.161927 0.046208 -0.021483
v 0.155009 0.037242 -0.032248
v 0.150474 0.037242 -0.036785
v 0.150474 0.046208 -0.036785
v 0.155009 0.046208 -0.032248
v 0.145338 0.037242 -0.040628
v 0.139709 0.037242 -0.043704
v 0.139709 0.046208 -0.043704
v 0.145338 0.046208 -0.040628
v 0.133698 0.037242 -0.045944
v 0.12743 0.037242 -0.047309
v 0.12743 0.046208 -0.047309
v 0.133698 0.046208 -0.045944
v 0.121032 0.037242 -0.047765
v 0.114633 0.037242 -0.047309
v 0.114633 0.046208 -0.047309
v 0.121032 0.046208 -0.047765
v 0.108366 0.037242 -0.045944
v 0.102355 0.037242 -0.043704
v 0.102355 0.046208 -0.043704
v 0.108366 0.046208 -0.045944
v 0.096726 0.037242 -0.040628
v 0.091589 0.037242 -0.036785
v 0.091589 0.046208 -0.036785
v 0.096726 0.046208 -0.040628
v 0.087055 0.037242 -0.032248
v 0.083209 0.037242 -0.027114
v 0.083209 0.046208 -0.027114
v 0.087055 0.046208 -0.032248
v 0.080137 0.037242 -0.021483
v 0.077893 0.037242 -0.015474
v 0.077893 0.046208 -0.015474
v 0.080137 0.046208 -0.021483
v 0.076532 0.037242 -0.009205
v 0.076532 0.046208 -0.009205
v 0.076532 0.055173 0.003591
v 0.076071 0.055173 -0.002807
v 0.077893 0.055173 0.00986
v 0.077893 0.064139 0.00986
v 0.076532 0.064139 0.003591
v 0.076071 0.064139 -0.002807
v 0.080137 0.055173 0.015869
v 0.083209 0.055173 0.021501
v 0.083209 0.064139 0.021501
v 0.080137 0.064139 0.015869
v 0.087055 0.055173 0.026635
v 0.091589 0.055173 0.031172
v 0.091589 0.064139 0.031172
v 0.087055 0.064139 0.026635
v 0.096726 0.055173 0.035014
v 0.102355 0.055173 0.038091
v 0.102355 0.064139 0.038091
v 0.096726 0.064139 0.035014
v 0.108366 0.055173 0.04033
v 0.114633 0.055173 0.041696
v 0.114633 0.064139 0.041696
v 0.108366 0.064139 0.04033
v 0.121032 0.055173 0.042151
v 0.12743 0.055173 0.041696
v 0.12743 0.064139 0.041696
v 0.121032 0.064139 0.042151
v 0.133698 0.055173 0.04033
v 0.139709 0.055173 0.038091
v 0.139709 0.064139 0.038091
v 0.133698 0.064139 0.04033
v 0.145338 0.055173 0.035014
v 0.150475 0.055173 0.031172
v 0.150475 0.064139 0.031172
v 0.145338 0.064139 0.035014
v 0.155009 0.055173 0.026634
v 0.158855 0.055173 0.021501
v 0.158855 0.064139 0.021501
v 0.155009 0.064139 0.026634
v 0.161927 0.055173 0.015869
v 0.164171 0.055173 0.00986
v 0.164171 0.064139 0.00986
v 0.161927 0.064139 0.015869
v 0.165532 0.055173 0.003591
v 0.165992 0.055173 -0.002807
v 0.165992 0.064139 -0.002807
v 0.165532 0.064139 0.003591
v 0.165532 0.055173 -0.009205
v 0.164171 0.055173 -0.015474
v 0.164171 0.064139 -0.015474
v 0.165532 0.064139 -0.009205
v 0.161927 0.055173 -0.021483
v 0.158855 0.055173 -0.027114
v 0.158855 0.064139 -0.027114
v 0.161927 0.064139 -0.021483
v 0.155009 0.055173 -0.032248
v 0.150474 0.055173 -0.036785
v 0.150474 0.064139 -0.036785
v 0.155009 0.064139 -0.032248
v 0.145338 0.055173 -0.040628
v 0.139709 0.055173 -0.043704
v 0.139709 0.064139 -0.043704
v 0.145338 0.064139 -0.040628
v 0.133698 0.055173 -0.045944
v 0.12743 0.055173 -0.047309
v 0.12743 0.064139 -0.047309
v 0.133698 0.064139 -0.045944
v 0.121032 0.055173 -0.047765
v 0.114633 0.055173 -0.047309
v 0.114633 0.064139 -0.047309
v 0.121032 0.064139 -0.047765
v 0.108366 0.055173 -0.045944
v 0.102355 0.055173 -0.043704
v 0.102355 0.064139 -0.043704
v 0.108366 0.064139 -0.045944
v 0.096726 0.055173 -0.040628
v 0.091589 0.055173 -0.036785
v 0.091589 0.064139 -0.036785
v 0.096726 0.064139 -0.040628
v 0.087055 0.055173 -0.032248
v 0.083209 0.055173 -0.027114
v 0.083209 0.064139 -0.027114
v 0.087055 0.064139 -0.032248
v 0.080137 0.055173 -0.021483
v 0.077893 0.055173 -0.015474
v 0.077893 0.064139 -0.015474
v 0.080137 0.064139 -0.021483
v 0.076532 0.055173 -0.009205
v 0.076532 0.064139 -0.009205
v 0.076532 0.073105 0.003591
v 0.076071 0.073105 -0.002807
v 0.077893 0.073105 0.00986
v 0.078079 0.08207 0.009805
v 0.076724 0.08207 0.003564
v 0.076266 0.08207 -0.002807
v 0.080137 0.073105 0.015869
v 0.083209 0.073105 0.021501
v 0.083372 0.08207 0.021395
v 0.080314 0.08207 0.015789
v 0.087055 0.073105 0.026635
v 0.091589 0.073105 0.031172
v 0.091716 0.08207 0.031025
v 0.087202 0.08207 0.026507
v 0.096726 0.073105 0.035014
v 0.102355 0.073105 0.038091
v 0.102436 0.08207 0.037914
v 0.096831 0.08207 0.034851
v 0.108366 0.073105 0.04033
v 0.114633 0.073105 0.041696
v 0.114661 0.08207 0.041503
v 0.108421 0.08207 0.040144
v 0.121032 0.073105 0.042151
v 0.12743 0.073105 0.041696
v 0.127403 0.08207 0.041503
v 0.121032 0.08207 0.041957
v 0.133698 0.073105 0.04033
v 0.139709 0.073105 0.038091
v 0.139628 0.08207 0.037914
v 0.133643 0.08207 0.040144
v 0.145338 0.073105 0.035014
v 0.150475 0.073105 0.031172
v 0.150347 0.08207 0.031025
v 0.145233 0.08207 0.034851
v 0.155009 0.073105 0.026634
v 0.158855 0.073105 0.021501
v 0.158691 0.08207 0.021395
v 0.154862 0.08207 0.026507
v 0.161927 0.073105 0.015869
v 0.164171 0.073105 0.00986
v 0.163984 0.08207 0.009805
v 0.16175 0.08207 0.015789
v 0.165532 0.073105 0.003591
v 0.165992 0.073105 -0.002807
v 0.165798 0.08207 -0.002807
v 0.16534 0.08207 0.003564
v 0.165532 0.073105 -0.009205
v 0.164171 0.073105 -0.015474
v 0.163984 0.08207 -0.015419
v 0.16534 0.08207 -0.009177
v 0.161927 0.073105 -0.021483
v 0.158855 0.073105 -0.027114
v 0.158691 0.08207 -0.027009
v 0.16175 0.08207 -0.021402
v 0.155009 0.073105 -0.032248
v 0.150474 0.073105 -0.036785
v 0.150347 0.08207 -0.036638
v 0.154862 0.08207 -0.03212
v 0.145338 0.073105 -0.040628
v 0.139709 0.073105 -0.043704
v 0.139628 0.08207 -0.043527
v 0.145233 0.08207 -0.040464
v 0.133698 0.073105 -0.045944
v 0.12743 0.073105 -0.047309
v 0.127403 0.08207 -0.047117
v 0.133643 0.08207 -0.045757
v 0.121032 0.073105 -0.047765
v 0.114633 0.073105 -0.047309
v 0.114661 0.08207 -0.047117
v 0.121032 0.08207 -0.04757
v 0.108366 0.073105 -0.045944
v 0.102355 0.073105 -0.043704
v 0.102436 0.08207 -0.043527
v 0.108421 0.08207 -0.045757
v 0.096726 0.073105 -0.040628
v 0.091589 0.073105 -0.036785
v 0.091716 0.08207 -0.036638
v 0.096831 0.08207 -0.040464
v 0.087055 0.073105 -0.032248
v 0.083209 0.073105 -0.027114
v 0.083372 0.08207 -0.027009
v 0.087202 0.08207 -0.03212
v 0.080137 0.073105 -0.021483
v 0.077893 0.073105 -0.015474
v 0.078079 0.08207 -0.015419
v 0.080314 0.08207 -0.021402
v 0.076532 0.073105 -0.009205
v 0.076724 0.08207 -0.009177
v 0.077302 0.091036 0.003481
v 0.07685 0.091036 -0.002807
v 0.078639 0.091036 0.009641
v 0.079612 0.09776 0.009355
v 0.078305 0.09776 0.003336
v 0.077863 0.09776 -0.002807
v 0.080844 0.091036 0.015546
v 0.083863 0.091036 0.02108
v 0.084716 0.09776 0.020532
v 0.081766 0.09776 0.015125
v 0.087643 0.091036 0.026125
v 0.092099 0.091036 0.030584
v 0.092762 0.09776 0.029818
v 0.088409 0.09776 0.025461
v 0.097146 0.091036 0.03436
v 0.102678 0.091036 0.037383
v 0.103099 0.09776 0.036461
v 0.097694 0.09776 0.033507
v 0.108585 0.091036 0.039584
v 0.114744 0.091036 0.040926
v 0.114888 0.09776 0.039923
v 0.10887 0.09776 0.038611
v 0.121032 0.091036 0.041373
v 0.12732 0.091036 0.040926
v 0.127176 0.09776 0.039923
v 0.121032 0.09776 0.04036
v 0.133479 0.091036 0.039584
v 0.139386 0.091036 0.037383
v 0.138965 0.09776 0.036461
v 0.133193 0.09776 0.038611
v 0.144917 0.091036 0.03436
v 0.149965 0.091036 0.030584
v 0.149301 0.09776 0.029818
v 0.144369 0.09776 0.033507
v 0.154421 0.091036 0.026125
v 0.1582 0.091036 0.02108
v 0.157348 0.09776 0.020532
v 0.153655 0.09776 0.025461
v 0.161219 0.091036 0.015546
v 0.163424 0.091036 0.009641
v 0.162452 0.09776 0.009355
v 0.160297 0.09776 0.015125
v 0.164762 0.091036 0.003481
v 0.165214 0.091036 -0.002807
v 0.164201 0.09776 -0.002807
v 0.163759 0.09776 0.003336
v 0.164762 0.091036 -0.009094
v 0.163424 0.091036 -0.015254
v 0.162452 0.09776 -0.014969
v 0.163759 0.09776 -0.00895
v 0.161219 0.091036 -0.02116
v 0.1582 0.091036 -0.026693
v 0.157348 0.09776 -0.026146
v 0.160297 0.09776 -0.020739
v 0.154421 0.091036 -0.031738
v 0.149965 0.091036 -0.036197
v 0.149301 0.09776 -0.035431
v 0.153655 0.09776 -0.031075
v 0.144917 0.091036 -0.039973
v 0.139386 0.091036 -0.042996
v 0.138965 0.09776 -0.042074
v 0.144369 0.09776 -0.039121
v 0.133479 0.091036 -0.045197
v 0.12732 0.091036 -0.046539
v 0.127176 0.09776 -0.045536
v 0.133193 0.09776 -0.044225
v 0.121032 0.091036 -0.046987
v 0.114744 0.091036 -0.046539
v 0.114888 0.09776 -0.045536
v 0.121032 0.09776 -0.045973
v 0.108585 0.091036 -0.045197
v 0.102678 0.091036 -0.042996
v 0.103099 0.09776 -0.042074
v 0.10887 0.09776 -0.044225
v 0.097146 0.091036 -0.039973
v 0.092099 0.091036 -0.036198
v 0.092762 0.09776 -0.035431
v 0.097694 0.09776 -0.039121
v 0.087643 0.091036 -0.031738
v 0.083863 0.091036 -0.026694
v 0.084716 0.09776 -0.026146
v 0.088409 0.09776 -0.031075
v 0.080844 0.091036 -0.02116
v 0.07864 0.091036 -0.015254
v 0.079612 0.09776 -0.014969
v 0.081766 0.09776 -0.020739
v 0.077302 0.091036 -0.009094
v 0.078305 0.09776 -0.00895
v 0.121032 0 -0.002807
v 0.099244 0.000151 -0.005939
v 0.095757 0.000268 -0.010228
v 0.101009 0.000151 -0.011951
v 0.104396 0.000151 -0.017221
v 0.098871 0.000268 -0.017049
v 0.103781 0.000268 -0.022715
v 0.109131 0.000151 -0.021324
v 0.11483 0.000151 -0.023927
v 0.110089 0.000268 -0.026769
v 0.117283 0.000268 -0.028881
v 0.121032 0.000151 -0.024819
v 0.127233 0.000151 -0.023927
v 0.124781 0.000268 -0.028881
v 0.131975 0.000268 -0.026769
v 0.132932 0.000151 -0.021324
v 0.137668 0.000151 -0.017221
v 0.138282 0.000268 -0.022715
v 0.143192 0.000268 -0.017048
v 0.141055 0.000151 -0.011951
v 0.14282 0.000151 -0.005939
v 0.146307 0.000268 -0.010228
v 0.147375 0.000268 -0.002807
v 0.14282 0.000151 0.000326
v 0.141055 0.000151 0.006337
v 0.146307 0.000268 0.004615
v 0.143193 0.000268 0.011435
v 0.137668 0.000151 0.011608
v 0.132932 0.000151 0.015711
v 0.138282 0.000268 0.017102
v 0.131975 0.000268 0.021155
v 0.127233 0.000151 0.018314
v 0.121032 0.000151 0.019205
v 0.124781 0.000268 0.023268
v 0.117283 0.000268 0.023268
v 0.11483 0.000151 0.018314
v 0.109131 0.000151 0.015711
v 0.110089 0.000268 0.021155
v 0.103781 0.000268 0.017102
v 0.104396 0.000151 0.011608
v 0.101009 0.000151 0.006337
v 0.098871 0.000268 0.011435
v 0.095757 0.000268 0.004615
v 0.099244 0.000151 0.000326
v 0.094689 0.000268 -0.002807
v 0.121032 0.020411 -0.002807
v 0.091365 0.03036 -0.007072
v 0.08569 0.038098 -0.002807
v 0.091365 0.03036 0.001459
v 0.093768 0.03036 0.009644
v 0.087121 0.038098 0.00715
v 0.0913 0.038098 0.016301
v 0.098381 0.03036 0.016821
v 0.104828 0.03036 0.022407
v 0.097887 0.038098 0.023903
v 0.10635 0.038098 0.029342
v 0.112588 0.03036 0.025951
v 0.121032 0.03036 0.027165
v 0.116002 0.038098 0.032176
v 0.126062 0.038098 0.032176
v 0.129476 0.03036 0.025951
v 0.137236 0.03036 0.022407
v 0.135714 0.038098 0.029342
v 0.144176 0.038098 0.023903
v 0.143683 0.03036 0.016821
v 0.148295 0.03036 0.009644
v 0.150764 0.038098 0.016301
v 0.154943 0.038098 0.00715
v 0.150699 0.03036 0.001459
v 0.150699 0.03036 -0.007072
v 0.156374 0.038098 -0.002807
v 0.154943 0.038098 -0.012764
v 0.148295 0.03036 -0.015257
v 0.143683 0.03036 -0.022434
v 0.150764 0.038098 -0.021914
v 0.144176 0.038098 -0.029517
v 0.137236 0.03036 -0.028021
v 0.129476 0.03036 -0.031564
v 0.135714 0.038098 -0.034955
v 0.126062 0.038098 -0.03779
v 0.121032 0.03036 -0.032779
v 0.112588 0.03036 -0.031564
v 0.116002 0.038098 -0.03779
v 0.10635 0.038098 -0.034955
v 0.104828 0.03036 -0.028021
v 0.098381 0.03036 -0.022434
v 0.097887 0.038098 -0.029517
v 0.0913 0.038098 -0.021914
v 0.093768 0.03036 -0.015257
v 0.087121 0.038098 -0.012764
v 0.079774 0.008061 0.003125
v 0.081036 0.008061 0.008937
v 0.079347 0.008061 -0.002807
v 0.081426 0.005776 -0.002807
v 0.081831 0.005776 0.002829
v 0.08303 0.005776 0.008351
v 0.079774 0.008061 -0.008739
v 0.081036 0.008061 -0.014551
v 0.08303 0.005776 -0.013965
v 0.081831 0.005776 -0.008443
v 0.083116 0.008061 -0.020122
v 0.085965 0.008061 -0.025343
v 0.087714 0.005776 -0.024219
v 0.085007 0.005776 -0.019259
v 0.089531 0.008061 -0.030103
v 0.093734 0.008061 -0.03431
v 0.095096 0.005776 -0.032739
v 0.091101 0.005776 -0.028741
v 0.098497 0.008061 -0.037872
v 0.103716 0.008061 -0.040724
v 0.104579 0.005776 -0.038833
v 0.099621 0.005776 -0.036123
v 0.109289 0.008061 -0.042801
v 0.1151 0.008061 -0.044067
v 0.115395 0.005776 -0.042009
v 0.109874 0.005776 -0.040806
v 0.121032 0.008061 -0.044489
v 0.126964 0.008061 -0.044067
v 0.126668 0.005776 -0.042009
v 0.121032 0.005776 -0.04241
v 0.132775 0.008061 -0.042801
v 0.138348 0.008061 -0.040724
v 0.137485 0.005776 -0.038833
v 0.132189 0.005776 -0.040806
v 0.143567 0.008061 -0.037872
v 0.148329 0.008061 -0.03431
v 0.146968 0.005776 -0.032739
v 0.142443 0.005776 -0.036123
v 0.152533 0.008061 -0.030103
v 0.156099 0.008061 -0.025343
v 0.15435 0.005776 -0.024219
v 0.150962 0.005776 -0.028741
v 0.158947 0.008061 -0.020122
v 0.161028 0.008061 -0.014551
v 0.159033 0.005776 -0.013965
v 0.157057 0.005776 -0.019259
v 0.16229 0.008061 -0.008739
v 0.162716 0.008061 -0.002807
v 0.160638 0.005776 -0.002807
v 0.160232 0.005776 -0.008443
v 0.16229 0.008061 0.003125
v 0.161028 0.008061 0.008937
v 0.159033 0.005776 0.008351
v 0.160232 0.005776 0.002829
v 0.158947 0.008061 0.014509
v 0.156099 0.008061 0.019729
v 0.15435 0.005776 0.018606
v 0.157057 0.005776 0.013645
v 0.152533 0.008061 0.024489
v 0.148329 0.008061 0.028696
v 0.146968 0.005776 0.027125
v 0.150962 0.005776 0.023128
v 0.143567 0.008061 0.032259
v 0.138348 0.008061 0.035111
v 0.137485 0.005776 0.03322
v 0.142443 0.005776 0.03051
v 0.132775 0.008061 0.037187
v 0.126964 0.008061 0.038454
v 0.126668 0.005776 0.036396
v 0.132189 0.005776 0.035193
v 0.121032 0.008061 0.038876
v 0.1151 0.008061 0.038454
v 0.115395 0.005776 0.036396
v 0.121032 0.005776 0.036797
v 0.109289 0.008061 0.037187
v 0.103716 0.008061 0.035111
v 0.104579 0.005776 0.03322
v 0.109874 0.005776 0.035193
v 0.098497 0.008061 0.032259
v 0.093734 0.008061 0.028696
v 0.095096 0.005776 0.027125
v 0.099621 0.005776 0.03051
v 0.089531 0.008061 0.024489
v 0.085965 0.008061 0.019729
v 0.087714 0.005776 0.018606
v 0.091101 0.005776 0.023128
v 0.083116 0.008061 0.014509
v 0.085007 0.005776 0.013645
v 0.0846 0.003492 0.002431
v 0.085714 0.003492 0.007563
v 0.084223 0.003492 -0.002807
v 0.087235 0.001628 -0.002807
v 0.087581 0.001628 0.002003
v 0.088604 0.001628 0.006715
v 0.0846 0.003492 -0.008045
v 0.085714 0.003492 -0.013177
v 0.088604 0.001628 -0.012328
v 0.087581 0.001628 -0.007616
v 0.087551 0.003492 -0.018097
v 0.090066 0.003492 -0.022707
v 0.0926 0.001628 -0.021079
v 0.090291 0.001628 -0.016846
v 0.093215 0.003492 -0.02691
v 0.096927 0.003492 -0.030625
v 0.0989 0.001628 -0.028349
v 0.095491 0.001628 -0.024938
v 0.101133 0.003492 -0.033771
v 0.105741 0.003492 -0.036289
v 0.106992 0.001628 -0.033549
v 0.102761 0.001628 -0.031237
v 0.110662 0.003492 -0.038123
v 0.115793 0.003492 -0.039241
v 0.116222 0.001628 -0.036259
v 0.111511 0.001628 -0.035232
v 0.121032 0.003492 -0.039614
v 0.12627 0.003492 -0.039241
v 0.125842 0.001628 -0.036259
v 0.121032 0.001628 -0.036601
v 0.131401 0.003492 -0.038123
v 0.136323 0.003492 -0.036289
v 0.135071 0.001628 -0.033549
v 0.130553 0.001628 -0.035232
v 0.140931 0.003492 -0.033771
v 0.145136 0.003492 -0.030625
v 0.143164 0.001628 -0.028349
v 0.139303 0.001628 -0.031237
v 0.148849 0.003492 -0.02691
v 0.151997 0.003492 -0.022707
v 0.149463 0.001628 -0.021079
v 0.146572 0.001628 -0.024938
v 0.154513 0.003492 -0.018097
v 0.15635 0.003492 -0.013177
v 0.15346 0.001628 -0.012328
v 0.151773 0.001628 -0.016846
v 0.157464 0.003492 -0.008045
v 0.157841 0.003492 -0.002807
v 0.154828 0.001628 -0.002807
v 0.154483 0.001628 -0.007616
v 0.157464 0.003492 0.002431
v 0.15635 0.003492 0.007563
v 0.15346 0.001628 0.006715
v 0.154483 0.001628 0.002003
v 0.154513 0.003492 0.012483
v 0.151997 0.003492 0.017094
v 0.149463 0.001628 0.015465
v 0.151773 0.001628 0.011232
v 0.148849 0.003492 0.021297
v 0.145136 0.003492 0.025012
v 0.143164 0.001628 0.022735
v 0.146572 0.001628 0.019324
v 0.140931 0.003492 0.028157
v 0.136323 0.003492 0.030676
v 0.135071 0.001628 0.027936
v 0.139303 0.001628 0.025623
v 0.131401 0.003492 0.032509
v 0.12627 0.003492 0.033627
v 0.125842 0.001628 0.030646
v 0.130553 0.001628 0.029619
v 0.121032 0.003492 0.034
v 0.115793 0.003492 0.033627
v 0.116222 0.001628 0.030646
v 0.121032 0.001628 0.030988
v 0.110662 0.003492 0.032509
v 0.105741 0.003492 0.030676
v 0.106992 0.001628 0.027936
v 0.111511 0.001628 0.029619
v 0.101133 0.003492 0.028157
v 0.096927 0.003492 0.025012
v 0.0989 0.001628 0.022735
v 0.102761 0.001628 0.025623
v 0.093215 0.003492 0.021297
v 0.090066 0.003492 0.017094
v 0.0926 0.001628 0.015465
v 0.095491 0.001628 0.019324
v 0.087551 0.003492 0.012483
v 0.090291 0.001628 0.011232
v 0.090278 0.000604 0.001615
v 0.091219 0.000604 0.005947
v 0.08996 0.000604 -0.002807
v 0.090278 0.000604 -0.007228
v 0.091219 0.000604 -0.011561
v 0.09277 0.000604 -0.015714
v 0.094893 0.000604 -0.019605
v 0.097551 0.000604 -0.023153
v 0.100684 0.000604 -0.026289
v 0.104234 0.000604 -0.028944
v 0.108124 0.000604 -0.031071
v 0.112278 0.000604 -0.032618
v 0.11661 0.000604 -0.033562
v 0.121032 0.000604 -0.033877
v 0.125454 0.000604 -0.033562
v 0.129785 0.000604 -0.032618
v 0.133939 0.000604 -0.031071
v 0.13783 0.000604 -0.028944
v 0.141379 0.000604 -0.026289
v 0.144513 0.000604 -0.023153
v 0.147171 0.000604 -0.019605
v 0.149294 0.000604 -0.015714
v 0.150845 0.000604 -0.011561
v 0.151786 0.000604 -0.007228
v 0.152103 0.000604 -0.002807
v 0.151786 0.000604 0.001615
v 0.150845 0.000604 0.005947
v 0.149294 0.000604 0.0101
v 0.147171 0.000604 0.013992
v 0.144513 0.000604 0.01754
v 0.141379 0.000604 0.020676
v 0.13783 0.000604 0.023331
v 0.133939 0.000604 0.025457
v 0.129785 0.000604 0.027005
v 0.125454 0.000604 0.027949
v 0.121032 0.000604 0.028263
v 0.11661 0.000604 0.027949
v 0.112278 0.000604 0.027005
v 0.108124 0.000604 0.025457
v 0.104234 0.000604 0.023331
v 0.100684 0.000604 0.020676
v 0.097551 0.000604 0.01754
v 0.094893 0.000604 0.013992
v 0.09277 0.000604 0.0101
v 0.079774 0.100001 0.003125
v 0.079347 0.100001 -0.002807
v 0.081036 0.100001 0.008937
v 0.082274 0.090052 0.008574
v 0.081051 0.090052 0.002942
v 0.080637 0.090052 -0.002807
v 0.083116 0.100001 0.014509
v 0.085965 0.100001 0.019729
v 0.08705 0.090052 0.019032
v 0.08429 0.090052 0.013973
v 0.089531 0.100001 0.024489
v 0.093734 0.100001 0.028696
v 0.094579 0.090052 0.027722
v 0.090505 0.090052 0.023645
v 0.098497 0.100001 0.032259
v 0.103716 0.100001 0.035111
v 0.104251 0.090052 0.033937
v 0.099194 0.090052 0.031174
v 0.109289 0.100001 0.037187
v 0.1151 0.100001 0.038454
v 0.115283 0.090052 0.037177
v 0.109652 0.090052 0.035949
v 0.121032 0.100001 0.038876
v 0.126964 0.100001 0.038454
v 0.126781 0.090052 0.037177
v 0.121032 0.090052 0.037586
v 0.132775 0.100001 0.037187
v 0.138348 0.100001 0.035111
v 0.137812 0.090052 0.033937
v 0.132412 0.090052 0.035949
v 0.143567 0.100001 0.032259
v 0.148329 0.100001 0.028696
v 0.147485 0.090052 0.027722
v 0.14287 0.090052 0.031174
v 0.152533 0.100001 0.024489
v 0.156099 0.100001 0.019729
v 0.155014 0.090052 0.019032
v 0.151558 0.090052 0.023645
v 0.158947 0.100001 0.014509
v 0.161028 0.100001 0.008937
v 0.15979 0.090052 0.008574
v 0.157774 0.090052 0.013973
v 0.16229 0.100001 0.003125
v 0.162716 0.100001 -0.002807
v 0.161426 0.090052 -0.002807
v 0.161013 0.090052 0.002942
v 0.16229 0.100001 -0.008739
v 0.161028 0.100001 -0.014551
v 0.15979 0.090052 -0.014187
v 0.161013 0.090052 -0.008555
v 0.158947 0.100001 -0.020122
v 0.156099 0.100001 -0.025343
v 0.155014 0.090052 -0.024646
v 0.157774 0.090052 -0.019586
v 0.152533 0.100001 -0.030103
v 0.148329 0.100001 -0.03431
v 0.147485 0.090052 -0.033335
v 0.151558 0.090052 -0.029258
v 0.143567 0.100001 -0.037872
v 0.138348 0.100001 -0.040724
v 0.137812 0.090052 -0.039551
v 0.14287 0.090052 -0.036787
v 0.132775 0.100001 -0.042801
v 0.126964 0.100001 -0.044067
v 0.126781 0.090052 -0.04279
v 0.132412 0.090052 -0.041563
v 0.121032 0.100001 -0.044489
v 0.1151 0.100001 -0.044067
v 0.115283 0.090052 -0.04279
v 0.121032 0.090052 -0.043199
v 0.109289 0.100001 -0.042801
v 0.103716 0.100001 -0.040724
v 0.104251 0.090052 -0.039551
v 0.109652 0.090052 -0.041563
v 0.098497 0.100001 -0.037872
v 0.093734 0.100001 -0.03431
v 0.094579 0.090052 -0.033335
v 0.099194 0.090052 -0.036787
v 0.089531 0.100001 -0.030103
v 0.085965 0.100001 -0.025343
v 0.08705 0.090052 -0.024646
v 0.090505 0.090052 -0.029258
v 0.083116 0.100001 -0.020122
v 0.081036 0.100001 -0.014551
v 0.082274 0.090052 -0.014187
v 0.08429 0.090052 -0.019586
v 0.079774 0.100001 -0.008739
v 0.081051 0.090052 -0.008555
v 0.081476 0.060206 0.002881
v 0.081067 0.060206 -0.002807
v 0.082686 0.060206 0.008453
v 0.084681 0.060206 0.013794
v 0.087411 0.060206 0.0188
v 0.09083 0.060206 0.023363
v 0.094861 0.060206 0.027397
v 0.099426 0.060206 0.030812
v 0.10443 0.060206 0.033546
v 0.109773 0.060206 0.035537
v 0.115344 0.060206 0.036751
v 0.121032 0.060206 0.037156
v 0.126719 0.060206 0.036751
v 0.132291 0.060206 0.035537
v 0.137634 0.060206 0.033546
v 0.142637 0.060206 0.030812
v 0.147203 0.060206 0.027397
v 0.151234 0.060206 0.023363
v 0.154652 0.060206 0.0188
v 0.157383 0.060206 0.013794
v 0.159378 0.060206 0.008453
v 0.160588 0.060206 0.002881
v 0.160996 0.060206 -0.002807
v 0.160588 0.060206 -0.008494
v 0.159378 0.060206 -0.014066
v 0.157383 0.060206 -0.019408
v 0.154652 0.060206 -0.024413
v 0.151234 0.060206 -0.028977
v 0.147203 0.060206 -0.03301
v 0.142637 0.060206 -0.036425
v 0.137634 0.060206 -0.03916
v 0.132291 0.060206 -0.041151
v 0.126719 0.060206 -0.042364
v 0.121032 0.060206 -0.042769
v 0.115344 0.060206 -0.042364
v 0.109773 0.060206 -0.041151
v 0.10443 0.060206 -0.03916
v 0.099426 0.060206 -0.036425
v 0.094861 0.060206 -0.03301
v 0.09083 0.060206 -0.028977
v 0.087411 0.060206 -0.024413
v 0.084681 0.060206 -0.019408
v 0.082686 0.060206 -0.014066
v 0.081476 0.060206 -0.008494
vn -0.9871 -0.0743 0.1419
vn -0.9972 -0.0743 -0.0000
vn -0.9831 -0.1829 -0.0000
vn -0.9731 -0.1829 0.1399
vn -0.9568 -0.0743 0.2810
vn -0.9433 -0.1829 0.2770
vn -0.9590 -0.0317 0.2816
vn -0.9893 -0.0317 0.1422
vn -0.9995 -0.0317 -0.0000
vn -0.9071 -0.0743 0.4143
vn -0.8943 -0.1829 0.4084
vn -0.8389 -0.0743 0.5391
vn -0.8271 -0.1829 0.5315
vn -0.8408 -0.0317 0.5404
vn -0.9092 -0.0317 0.4152
vn -0.7537 -0.0743 0.6531
vn -0.7430 -0.1829 0.6438
vn -0.6531 -0.0743 0.7537
vn -0.6438 -0.1829 0.7430
vn -0.6545 -0.0317 0.7554
vn -0.7554 -0.0317 0.6545
vn -0.5391 -0.0743 0.8389
vn -0.5315 -0.1829 0.8271
vn -0.4143 -0.0743 0.9071
vn -0.4084 -0.1829 0.8943
vn -0.4152 -0.0317 0.9092
vn -0.5404 -0.0317 0.8408
vn -0.2810 -0.0743 0.9568
vn -0.2770 -0.1829 0.9433
vn -0.1419 -0.0743 0.9871
vn -0.1399 -0.1829 0.9731
vn -0.1422 -0.0317 0.9893
vn -0.2816 -0.0317 0.9590
vn 0.0000 -0.0743 0.9972
vn 0.0000 -0.1829 0.9831
vn 0.1419 -0.0743 0.9871
vn 0.1399 -0.1829 0.9731
vn 0.1422 -0.0317 0.9893
vn 0.0000 -0.0317 0.9995
vn 0.2810 -0.0743 0.9568
vn 0.2770 -0.1829 0.9433
vn 0.4143 -0.0743 0.9071
vn 0.4084 -0.1829 0.8943
vn 0.4152 -0.0317 0.9092
vn 0.2816 -0.0317 0.9590
vn 0.5391 -0.0743 0.8389
vn 0.5315 -0.1829 0.8271
vn 0.6531 -0.0743 0.7537
vn 0.6438 -0.1829 0.7430
vn 0.6545 -0.0317 0.7554
vn 0.5404 -0.0317 0.8408
vn 0.7537 -0.0743 0.6531
vn 0.7430 -0.1829 0.6438
vn 0.8389 -0.0743 0.5391
vn 0.8271 -0.1829 0.5315
vn 0.8408 -0.0317 0.5404
vn 0.7554 -0.0317 0.6545
vn 0.9071 -0.0743 0.4143
vn 0.8943 -0.1829 0.4084
vn 0.9568 -0.0743 0.2810
vn 0.9433 -0.1829 0.2770
vn 0.9590 -0.0317 0.2816
vn 0.9092 -0.0317 0.4152
vn 0.9871 -0.0743 0.1419
vn 0.9731 -0.1829 0.1399
vn 0.9972 -0.0743 -0.0000
vn 0.9831 -0.1829 -0.0000
vn 0.9995 -0.0317 -0.0000
vn 0.9893 -0.0317 0.1422
vn 0.9871 -0.0743 -0.1419
vn 0.9731 -0.1829 -0.1399
vn 0.9568 -0.0743 -0.2810
vn 0.9433 -0.1829 -0.2770
vn 0.9590 -0.0317 -0.2816
vn 0.9893 -0.0317 -0.1422
vn 0.9071 -0.0743 -0.4143
vn 0.8943 -0.1829 -0.4084
vn 0.8389 -0.0743 -0.5391
vn 0.8271 -0.1829 -0.5315
vn 0.8408 -0.0317 -0.5404
vn 0.9092 -0.0317 -0.4152
vn 0.7537 -0.0743 -0.6531
vn 0.7430 -0.1829 -0.6438
vn 0.6531 -0.0743 -0.7537
vn 0.6438 -0.1829 -0.7430
vn 0.6545 -0.0317 -0.7554
vn 0.7554 -0.0317 -0.6545
vn 0.5391 -0.0743 -0.8389
vn 0.5315 -0.1829 -0.8271
vn 0.4143 -0.0743 -0.9071
vn 0.4084 -0.1829 -0.8943
vn 0.4152 -0.0317 -0.9092
vn 0.5404 -0.0317 -0.8408
vn 0.2810 -0.0743 -0.9568
vn 0.2770 -0.1829 -0.9433
vn 0.1419 -0.0743 -0.9871
vn 0.1399 -0.1829 -0.9731
vn 0.1422 -0.0317 -0.9893
vn 0.2816 -0.0317 -0.9590
vn 0.0000 -0.0743 -0.9972
vn 0.0000 -0.1829 -0.9831
vn -0.1419 -0.0743 -0.9871
vn -0.1399 -0.1829 -0.9731
vn -0.1422 -0.0317 -0.9893
vn 0.0000 -0.0317 -0.9995
vn -0.2810 -0.0743 -0.9568
vn -0.2770 -0.1829 -0.9433
vn -0.4143 -0.0743 -0.9071
vn -0.4084 -0.1829 -0.8943
vn -0.4152 -0.0317 -0.9092
vn -0.2816 -0.0317 -0.9590
vn -0.5391 -0.0743 -0.8389
vn -0.5315 -0.1829 -0.8271
vn -0.6531 -0.0743 -0.7537
vn -0.6438 -0.1829 -0.7430
vn -0.6545 -0.0317 -0.7554
vn -0.5404 -0.0317 -0.8408
vn -0.7537 -0.0743 -0.6531
vn -0.7430 -0.1829 -0.6438
vn -0.8389 -0.0743 -0.5391
vn -0.8271 -0.1829 -0.5315
vn -0.8408 -0.0317 -0.5404
vn -0.7554 -0.0317 -0.6545
vn -0.9071 -0.0743 -0.4143
vn -0.8943 -0.1829 -0.4084
vn -0.9568 -0.0743 -0.2810
vn -0.9433 -0.1829 -0.2770
vn -0.9590 -0.0317 -0.2816
vn -0.9092 -0.0317 -0.4152
vn -0.9871 -0.0743 -0.1419
vn -0.9731 -0.1829 -0.1399
vn -0.9893 -0.0317 -0.1422
vn -0.9898 -0.0079 0.1423
vn -1.0000 -0.0079 -0.0000
vn -0.9595 -0.0079 0.2817
vn -0.9595 0.0000 0.2817
vn -0.9898 0.0000 0.1423
vn -1.0000 0.0000 -0.0000
vn -0.9096 -0.0079 0.4154
vn -0.8412 -0.0079 0.5406
vn -0.8413 -0.0000 0.5406
vn -0.9096 0.0000 0.4154
vn -0.7557 -0.0079 0.6548
vn -0.6548 -0.0079 0.7557
vn -0.6549 0.0000 0.7557
vn -0.7557 -0.0000 0.6549
vn -0.5406 -0.0079 0.8412
vn -0.4154 -0.0079 0.9096
vn -0.4154 -0.0000 0.9096
vn -0.5406 -0.0000 0.8413
vn -0.2817 -0.0079 0.9595
vn -0.1423 -0.0079 0.9898
vn -0.1423 -0.0000 0.9898
vn -0.2817 0.0000 0.9595
vn 0.0000 -0.0079 1.0000
vn 0.1423 -0.0079 0.9898
vn 0.1423 0.0000 0.9898
vn 0.0000 0.0000 1.0000
vn 0.2817 -0.0079 0.9595
vn 0.4154 -0.0079 0.9096
vn 0.4154 -0.0000 0.9096
vn 0.2817 -0.0000 0.9595
vn 0.5406 -0.0079 0.8412
vn 0.6548 -0.0079 0.7557
vn 0.6549 -0.0000 0.7557
vn 0.5406 -0.0000 0.8413
vn 0.7557 -0.0079 0.6548
vn 0.8412 -0.0079 0.5406
vn 0.8413 0.0000 0.5406
vn 0.7557 0.0000 0.6549
vn 0.9096 -0.0079 0.4154
vn 0.9595 -0.0079 0.2817
vn 0.9595 0.0000 0.2817
vn 0.9096 0.0000 0.4154
vn 0.9898 -0.0079 0.1423
vn 1.0000 -0.0079 -0.0000
vn 1.0000 -0.0000 -0.0000
vn 0.9898 0.0000 0.1423
vn 0.9898 -0.0079 -0.1423
vn 0.9595 -0.0079 -0.2817
vn 0.9595 0.0000 -0.2817
vn 0.9898 -0.0000 -0.1423
vn 0.9096 -0.0079 -0.4154
vn 0.8412 -0.0079 -0.5406
vn 0.8413 0.0000 -0.5406
vn 0.9096 0.0000 -0.4154
vn 0.7557 -0.0079 -0.6548
vn 0.6548 -0.0079 -0.7557
vn 0.6549 0.0000 -0.7557
vn 0.7557 -0.0000 -0.6549
vn 0.5406 -0.0079 -0.8412
vn 0.4154 -0.0079 -0.9096
vn 0.4154 -0.0000 -0.9096
vn 0.5406 0.0000 -0.8413
vn 0.2817 -0.0079 -0.9595
vn 0.1423 -0.0079 -0.9898
vn 0.1423 -0.0000 -0.9898
vn 0.2817 -0.0000 -0.9595
vn 0.0000 -0.0079 -1.0000
vn -0.1423 -0.0079 -0.9898
vn -0.1423 0.0000 -0.9898
vn 0.0000 -0.0000 -1.0000
vn -0.2817 -0.0079 -0.9595
vn -0.4154 -0.0079 -0.9096
vn -0.4154 0.0000 -0.9096
vn -0.2817 -0.0000 -0.9595
vn -0.5406 -0.0079 -0.8412
vn -0.6548 -0.0079 -0.7557
vn -0.6549 -0.0000 -0.7558
vn -0.5406 -0.0000 -0.8413
vn -0.7557 -0.0079 -0.6548
vn -0.8412 -0.0079 -0.5406
vn -0.8413 0.0000 -0.5406
vn -0.7557 -0.0000 -0.6549
vn -0.9096 -0.0079 -0.4154
vn -0.9595 -0.0079 -0.2817
vn -0.9595 -0.0000 -0.2817
vn -0.9096 0.0000 -0.4154
vn -0.9898 -0.0079 -0.1423
vn -0.9898 0.0000 -0.1423
vn -0.9898 -0.0000 0.1423
vn -1.0000 -0.0000 -0.0000
vn -0.9096 -0.0000 0.4154
vn -0.8413 0.0000 0.5406
vn -0.7557 0.0000 0.6549
vn -0.6549 0.0000 0.7558
vn -0.5406 0.0000 0.8413
vn -0.4154 0.0000 0.9096
vn -0.2817 -0.0000 0.9595
vn -0.1423 0.0000 0.9898
vn 0.0000 -0.0000 1.0000
vn 0.1423 -0.0000 0.9898
vn 0.2817 0.0000 0.9595
vn 0.4154 0.0000 0.9096
vn 0.5406 0.0000 0.8413
vn 0.6549 0.0000 0.7557
vn 0.7557 -0.0000 0.6549
vn 0.9096 -0.0000 0.4154
vn 0.9595 -0.0000 0.2817
vn 0.9898 -0.0000 0.1423
vn 1.0000 0.0000 -0.0000
vn 0.9898 0.0000 -0.1423
vn 0.9595 -0.0000 -0.2817
vn 0.9096 -0.0000 -0.4154
vn 0.8413 -0.0000 -0.5406
vn 0.7557 0.0000 -0.6549
vn 0.5406 -0.0000 -0.8413
vn 0.4154 0.0000 -0.9096
vn 0.2817 0.0000 -0.9595
vn 0.1423 0.0000 -0.9898
vn -0.1423 -0.0000 -0.9898
vn 0.0000 0.0000 -1.0000
vn -0.2817 0.0000 -0.9595
vn -0.4154 -0.0000 -0.9096
vn -0.5406 0.0000 -0.8413
vn -0.6549 0.0000 -0.7558
vn -0.7557 0.0000 -0.6549
vn -0.8413 -0.0000 -0.5406
vn -0.9096 -0.0000 -0.4154
vn -0.9595 0.0000 -0.2817
vn -0.9898 -0.0000 -0.1423
vn -0.9898 0.0079 0.1423
vn -1.0000 0.0079 -0.0000
vn -0.9595 0.0079 0.2817
vn -0.9590 0.0317 0.2816
vn -0.9893 0.0317 0.1422
vn -0.9995 0.0317 -0.0000
vn -0.9096 0.0079 0.4154
vn -0.8412 0.0079 0.5406
vn -0.8408 0.0317 0.5404
vn -0.9092 0.0317 0.4152
vn -0.7557 0.0079 0.6548
vn -0.6548 0.0079 0.7557
vn -0.6545 0.0317 0.7554
vn -0.7554 0.0317 0.6545
vn -0.5406 0.0079 0.8412
vn -0.4154 0.0079 0.9096
vn -0.4152 0.0317 0.9092
vn -0.5404 0.0317 0.8408
vn -0.2817 0.0079 0.9595
vn -0.1423 0.0079 0.9898
vn -0.1422 0.0317 0.9893
vn -0.2816 0.0317 0.9590
vn 0.0000 0.0079 1.0000
vn 0.1423 0.0079 0.9898
vn 0.1422 0.0317 0.9893
vn 0.0000 0.0317 0.9995
vn 0.2817 0.0079 0.9595
vn 0.4154 0.0079 0.9096
vn 0.4152 0.0317 0.9092
vn 0.2816 0.0317 0.9590
vn 0.5406 0.0079 0.8412
vn 0.6548 0.0079 0.7557
vn 0.6545 0.0317 0.7554
vn 0.5404 0.0317 0.8408
vn 0.7557 0.0079 0.6548
vn 0.8412 0.0079 0.5406
vn 0.8408 0.0317 0.5404
vn 0.7554 0.0317 0.6545
vn 0.9096 0.0079 0.4154
vn 0.9595 0.0079 0.2817
vn 0.9590 0.0317 0.2816
vn 0.9092 0.0317 0.4152
vn 0.9898 0.0079 0.1423
vn 1.0000 0.0079 -0.0000
vn 0.9995 0.0317 -0.0000
vn 0.9893 0.0317 0.1422
vn 0.9898 0.0079 -0.1423
vn 0.9595 0.0079 -0.2817
vn 0.9590 0.0317 -0.2816
vn 0.9893 0.0317 -0.1422
vn 0.9096 0.0079 -0.4154
vn 0.8412 0.0079 -0.5406
vn 0.8408 0.0317 -0.5404
vn 0.9092 0.0317 -0.4152
vn 0.7557 0.0079 -0.6548
vn 0.6548 0.0079 -0.7557
vn 0.6545 0.0317 -0.7554
vn 0.7554 0.0317 -0.6545
vn 0.5406 0.0079 -0.8412
vn 0.4154 0.0079 -0.9096
vn 0.4152 0.0317 -0.9092
vn 0.5404 0.0317 -0.8408
vn 0.2817 0.0079 -0.9595
vn 0.1423 0.0079 -0.9898
vn 0.1422 0.0317 -0.9893
vn 0.2816 0.0317 -0.9590
vn 0.0000 0.0079 -1.0000
vn -0.1423 0.0079 -0.9898
vn -0.1422 0.0317 -0.9893
vn 0.0000 0.0317 -0.9995
vn -0.2817 0.0079 -0.9595
vn -0.4154 0.0079 -0.9096
vn -0.4152 0.0317 -0.9092
vn -0.2816 0.0317 -0.9590
vn -0.5406 0.0079 -0.8412
vn -0.6548 0.0079 -0.7557
vn -0.6545 0.0317 -0.7554
vn -0.5404 0.0317 -0.8408
vn -0.7557 0.0079 -0.6548
vn -0.8412 0.0079 -0.5406
vn -0.8408 0.0317 -0.5404
vn -0.7554 0.0317 -0.6545
vn -0.9096 0.0079 -0.4154
vn -0.9595 0.0079 -0.2817
vn -0.9590 0.0317 -0.2816
vn -0.9092 0.0317 -0.4152
vn -0.9898 0.0079 -0.1423
vn -0.9893 0.0317 -0.1422
vn -0.9868 0.0785 0.1419
vn -0.9969 0.0785 -0.0000
vn -0.9565 0.0785 0.2809
vn -0.9226 0.2748 0.2709
vn -0.9517 0.2748 0.1368
vn -0.9615 0.2748 -0.0000
vn -0.9068 0.0785 0.4141
vn -0.8387 0.0785 0.5390
vn -0.8089 0.2748 0.5198
vn -0.8746 0.2748 0.3994
vn -0.7534 0.0785 0.6528
vn -0.6528 0.0785 0.7534
vn -0.6297 0.2748 0.7267
vn -0.7267 0.2748 0.6297
vn -0.5390 0.0785 0.8387
vn -0.4141 0.0785 0.9068
vn -0.3994 0.2748 0.8746
vn -0.5198 0.2748 0.8089
vn -0.2809 0.0785 0.9565
vn -0.1419 0.0785 0.9868
vn -0.1368 0.2748 0.9517
vn -0.2709 0.2748 0.9226
vn 0.0000 0.0785 0.9969
vn 0.1419 0.0785 0.9868
vn 0.1368 0.2748 0.9517
vn 0.0000 0.2748 0.9615
vn 0.2809 0.0785 0.9565
vn 0.4141 0.0785 0.9068
vn 0.3994 0.2748 0.8746
vn 0.2709 0.2748 0.9226
vn 0.5390 0.0785 0.8387
vn 0.6528 0.0785 0.7534
vn 0.6297 0.2748 0.7267
vn 0.5198 0.2748 0.8089
vn 0.7534 0.0785 0.6528
vn 0.8387 0.0785 0.5390
vn 0.8089 0.2748 0.5198
vn 0.7267 0.2748 0.6297
vn 0.9068 0.0785 0.4141
vn 0.9565 0.0785 0.2809
vn 0.9226 0.2748 0.2709
vn 0.8746 0.2748 0.3994
vn 0.9868 0.0785 0.1419
vn 0.9969 0.0785 -0.0000
vn 0.9615 0.2748 -0.0000
vn 0.9517 0.2748 0.1368
vn 0.9868 0.0785 -0.1419
vn 0.9565 0.0785 -0.2809
vn 0.9226 0.2748 -0.2709
vn 0.9517 0.2748 -0.1368
vn 0.9068 0.0785 -0.4141
vn 0.8387 0.0785 -0.5390
vn 0.8089 0.2748 -0.5198
vn 0.8746 0.2748 -0.3994
vn 0.7534 0.0785 -0.6528
vn 0.6528 0.0785 -0.7534
vn 0.6297 0.2748 -0.7267
vn 0.7267 0.2748 -0.6297
vn 0.5390 0.0785 -0.8387
vn 0.4141 0.0785 -0.9068
vn 0.3994 0.2748 -0.8746
vn 0.5198 0.2748 -0.8089
vn 0.2809 0.0785 -0.9565
vn 0.1419 0.0785 -0.9868
vn 0.1368 0.2748 -0.9517
vn 0.2709 0.2748 -0.9226
vn 0.0000 0.0785 -0.9969
vn -0.1419 0.0785 -0.9868
vn -0.1368 0.2748 -0.9517
vn 0.0000 0.2748 -0.9615
vn -0.2809 0.0785 -0.9565
vn -0.4141 0.0785 -0.9068
vn -0.3994 0.2748 -0.8746
vn -0.2709 0.2748 -0.9226
vn -0.5390 0.0785 -0.8387
vn -0.6528 0.0785 -0.7534
vn -0.6297 0.2748 -0.7267
vn -0.5198 0.2748 -0.8089
vn -0.7534 0.0785 -0.6528
vn -0.8387 0.0785 -0.5390
vn -0.8089 0.2748 -0.5198
vn -0.7267 0.2748 -0.6297
vn -0.9068 0.0785 -0.4141
vn -0.9565 0.0785 -0.2809
vn -0.9226 0.2748 -0.2709
vn -0.8746 0.2748 -0.3994
vn -0.9868 0.0785 -0.1419
vn -0.9517 0.2748 -0.1368
vn -0.0000 -1.0000 0.0000
vn -0.0272 -0.9995 -0.0146
vn -0.0617 -0.9972 -0.0429
vn -0.0314 -0.9995 -0.0010
vn -0.0150 -0.9995 -0.0270
vn -0.0505 -0.9969 -0.0608
vn -0.0287 -0.9972 -0.0695
vn -0.0259 -0.9995 -0.0179
vn 0.0020 -0.9995 -0.0308
vn -0.0097 -0.9969 -0.0784
vn 0.0134 -0.9972 -0.0739
vn -0.0121 -0.9995 -0.0290
vn 0.0184 -0.9995 -0.0249
vn 0.0343 -0.9969 -0.0712
vn 0.0513 -0.9972 -0.0550
vn 0.0055 -0.9995 -0.0310
vn 0.0289 -0.9995 -0.0110
vn 0.0673 -0.9969 -0.0414
vn 0.0728 -0.9972 -0.0185
vn 0.0214 -0.9995 -0.0231
vn 0.0302 -0.9995 0.0064
vn 0.0790 -0.9969 0.0016
vn 0.0713 -0.9972 0.0238
vn 0.0305 -0.9995 -0.0079
vn 0.0220 -0.9995 0.0217
vn 0.0656 -0.9969 0.0441
vn 0.0471 -0.9972 0.0586
vn 0.0299 -0.9995 0.0098
vn 0.0068 -0.9995 0.0302
vn 0.0314 -0.9969 0.0725
vn 0.0080 -0.9972 0.0747
vn 0.0198 -0.9995 0.0244
vn -0.0106 -0.9995 0.0290
vn -0.0128 -0.9969 0.0780
vn -0.0337 -0.9972 0.0672
vn 0.0035 -0.9995 0.0313
vn -0.0246 -0.9995 0.0187
vn -0.0529 -0.9969 0.0587
vn -0.0647 -0.9972 0.0383
vn -0.0140 -0.9995 0.0282
vn -0.0308 -0.9995 0.0024
vn -0.0763 -0.9969 0.0207
vn -0.0751 -0.9972 -0.0027
vn -0.0270 -0.9995 0.0161
vn -0.0754 -0.9969 -0.0238
vn -0.0000 1.0000 0.0000
vn 0.6790 0.6839 -0.2668
vn 0.9486 0.3026 -0.0931
vn 0.6788 0.6833 0.2688
vn 0.4270 0.6839 -0.5916
vn 0.9014 0.2417 -0.3593
vn 0.7477 0.3026 -0.5911
vn 0.7164 0.6833 -0.1408
vn 0.0394 0.6839 -0.7285
vn 0.5641 0.2417 -0.7896
vn 0.3094 0.3026 -0.9015
vn 0.5265 0.6833 -0.5058
vn -0.3607 0.6839 -0.6342
vn 0.0477 0.2417 -0.9692
vn -0.2271 0.3026 -0.9257
vn 0.1695 0.6833 -0.7102
vn -0.6463 0.6839 -0.3385
vn -0.4839 0.2417 -0.8411
vn -0.6915 0.3026 -0.6559
vn -0.2414 0.6833 -0.6891
vn -0.7267 0.6839 0.0647
vn -0.8618 0.2417 -0.4460
vn -0.9364 0.3026 -0.1779
vn -0.5756 0.6833 -0.4492
vn -0.5764 0.6839 0.4473
vn -0.9661 0.2417 0.0908
vn -0.8839 0.3026 0.3565
vn -0.7271 0.6833 -0.0667
vn -0.2430 0.6839 0.6879
vn -0.7637 0.2417 0.5987
vn -0.5508 0.3026 0.7778
vn -0.6477 0.6833 0.3370
vn 0.1675 0.6839 0.7101
vn -0.3188 0.2417 0.9165
vn -0.0429 0.3026 0.9521
vn -0.3627 0.6833 0.6336
vn 0.5248 0.6839 0.5068
vn 0.2273 0.2417 0.9434
vn 0.4787 0.3026 0.8242
vn 0.0374 0.6833 0.7292
vn 0.7155 0.6839 0.1427
vn 0.7013 0.2417 0.6707
vn 0.8483 0.3026 0.4345
vn 0.4257 0.6833 0.5932
vn 0.9525 0.2417 0.1851
vn -0.9019 -0.4120 0.1297
vn -0.8743 -0.4120 0.2567
vn -0.9112 -0.4120 -0.0000
vn -0.7919 -0.6106 -0.0000
vn -0.7839 -0.6106 0.1127
vn -0.7598 -0.6106 0.2231
vn -0.9019 -0.4120 -0.1297
vn -0.8743 -0.4120 -0.2567
vn -0.7598 -0.6106 -0.2231
vn -0.7839 -0.6106 -0.1127
vn -0.8288 -0.4120 -0.3785
vn -0.7665 -0.4120 -0.4926
vn -0.6662 -0.6106 -0.4281
vn -0.7203 -0.6106 -0.3290
vn -0.6886 -0.4120 -0.5967
vn -0.5967 -0.4120 -0.6886
vn -0.5186 -0.6106 -0.5985
vn -0.5985 -0.6106 -0.5186
vn -0.4926 -0.4120 -0.7665
vn -0.3785 -0.4120 -0.8288
vn -0.3290 -0.6106 -0.7203
vn -0.4281 -0.6106 -0.6662
vn -0.2567 -0.4120 -0.8743
vn -0.1297 -0.4120 -0.9019
vn -0.1127 -0.6106 -0.7838
vn -0.2231 -0.6106 -0.7598
vn 0.0000 -0.4120 -0.9112
vn 0.1297 -0.4120 -0.9019
vn 0.1127 -0.6106 -0.7838
vn 0.0000 -0.6106 -0.7919
vn 0.2567 -0.4120 -0.8743
vn 0.3785 -0.4120 -0.8288
vn 0.3290 -0.6106 -0.7203
vn 0.2231 -0.6106 -0.7598
vn 0.4926 -0.4120 -0.7665
vn 0.5967 -0.4120 -0.6886
vn 0.5186 -0.6106 -0.5985
vn 0.4281 -0.6106 -0.6662
vn 0.6886 -0.4120 -0.5967
vn 0.7665 -0.4120 -0.4926
vn 0.6662 -0.6106 -0.4281
vn 0.5985 -0.6106 -0.5186
vn 0.8288 -0.4120 -0.3785
vn 0.8743 -0.4120 -0.2567
vn 0.7598 -0.6106 -0.2231
vn 0.7203 -0.6106 -0.3290
vn 0.9019 -0.4120 -0.1297
vn 0.9112 -0.4120 -0.0000
vn 0.7919 -0.6106 -0.0000
vn 0.7839 -0.6106 -0.1127
vn 0.9019 -0.4120 0.1297
vn 0.8743 -0.4120 0.2567
vn 0.7598 -0.6106 0.2231
vn 0.7839 -0.6106 0.1127
vn 0.8288 -0.4120 0.3785
vn 0.7665 -0.4120 0.4926
vn 0.6662 -0.6106 0.4281
vn 0.7203 -0.6106 0.3290
vn 0.6886 -0.4120 0.5967
vn 0.5967 -0.4120 0.6886
vn 0.5186 -0.6106 0.5985
vn 0.5985 -0.6106 0.5186
vn 0.4926 -0.4120 0.7665
vn 0.3785 -0.4120 0.8288
vn 0.3290 -0.6106 0.7203
vn 0.4281 -0.6106 0.6662
vn 0.2567 -0.4120 0.8743
vn 0.1297 -0.4120 0.9019
vn 0.1127 -0.6106 0.7838
vn 0.2231 -0.6106 0.7598
vn 0.0000 -0.4120 0.9112
vn -0.1297 -0.4120 0.9019
vn -0.1127 -0.6106 0.7838
vn 0.0000 -0.6106 0.7919
vn -0.2567 -0.4120 0.8743
vn -0.3785 -0.4120 0.8288
vn -0.3290 -0.6106 0.7203
vn -0.2231 -0.6106 0.7598
vn -0.4926 -0.4120 0.7665
vn -0.5967 -0.4120 0.6886
vn -0.5186 -0.6106 0.5985
vn -0.4281 -0.6106 0.6662
vn -0.6886 -0.4120 0.5967
vn -0.7665 -0.4120 0.4926
vn -0.6662 -0.6106 0.4281
vn -0.5985 -0.6106 0.5186
vn -0.8288 -0.4120 0.3785
vn -0.7203 -0.6106 0.3290
vn -0.6916 -0.7154 0.0994
vn -0.6704 -0.7154 0.1968
vn -0.6987 -0.7154 -0.0000
vn -0.5585 -0.8295 -0.0000
vn -0.5528 -0.8295 0.0795
vn -0.5359 -0.8295 0.1574
vn -0.6916 -0.7154 -0.0994
vn -0.6704 -0.7154 -0.1968
vn -0.5359 -0.8295 -0.1574
vn -0.5528 -0.8295 -0.0795
vn -0.6355 -0.7154 -0.2902
vn -0.5878 -0.7154 -0.3777
vn -0.4699 -0.8295 -0.3020
vn -0.5080 -0.8295 -0.2320
vn -0.5280 -0.7154 -0.4575
vn -0.4575 -0.7154 -0.5280
vn -0.3658 -0.8295 -0.4221
vn -0.4221 -0.8295 -0.3658
vn -0.3777 -0.7154 -0.5878
vn -0.2902 -0.7154 -0.6355
vn -0.2320 -0.8295 -0.5081
vn -0.3020 -0.8295 -0.4699
vn -0.1968 -0.7154 -0.6704
vn -0.0994 -0.7154 -0.6916
vn -0.0795 -0.8295 -0.5529
vn -0.1574 -0.8295 -0.5359
vn 0.0000 -0.7154 -0.6987
vn 0.0994 -0.7154 -0.6916
vn 0.0795 -0.8295 -0.5529
vn 0.0000 -0.8295 -0.5585
vn 0.1968 -0.7154 -0.6704
vn 0.2902 -0.7154 -0.6355
vn 0.2320 -0.8295 -0.5081
vn 0.1574 -0.8295 -0.5359
vn 0.3777 -0.7154 -0.5878
vn 0.4575 -0.7154 -0.5280
vn 0.3658 -0.8295 -0.4221
vn 0.3020 -0.8295 -0.4699
vn 0.5280 -0.7154 -0.4575
vn 0.5878 -0.7154 -0.3777
vn 0.4699 -0.8295 -0.3020
vn 0.4221 -0.8295 -0.3658
vn 0.6355 -0.7154 -0.2902
vn 0.6704 -0.7154 -0.1968
vn 0.5359 -0.8295 -0.1574
vn 0.5080 -0.8295 -0.2320
vn 0.6916 -0.7154 -0.0994
vn 0.6987 -0.7154 -0.0000
vn 0.5585 -0.8295 -0.0000
vn 0.5528 -0.8295 -0.0795
vn 0.6916 -0.7154 0.0994
vn 0.6704 -0.7154 0.1968
vn 0.5359 -0.8295 0.1574
vn 0.5528 -0.8295 0.0795
vn 0.6355 -0.7154 0.2902
vn 0.5878 -0.7154 0.3777
vn 0.4699 -0.8295 0.3020
vn 0.5080 -0.8295 0.2320
vn 0.5280 -0.7154 0.4575
vn 0.4575 -0.7154 0.5280
vn 0.3658 -0.8295 0.4221
vn 0.4221 -0.8295 0.3658
vn 0.3777 -0.7154 0.5878
vn 0.2902 -0.7154 0.6355
vn 0.2320 -0.8295 0.5081
vn 0.3020 -0.8295 0.4699
vn 0.1968 -0.7154 0.6704
vn 0.0994 -0.7154 0.6916
vn 0.0795 -0.8295 0.5529
vn 0.1574 -0.8295 0.5359
vn 0.0000 -0.7154 0.6987
vn -0.0994 -0.7154 0.6916
vn -0.0795 -0.8295 0.5529
vn 0.0000 -0.8295 0.5585
vn -0.1968 -0.7154 0.6704
vn -0.2902 -0.7154 0.6355
vn -0.2320 -0.8295 0.5081
vn -0.1574 -0.8295 0.5359
vn -0.3777 -0.7154 0.5878
vn -0.4575 -0.7154 0.5280
vn -0.3658 -0.8295 0.4221
vn -0.3020 -0.8295 0.4699
vn -0.5280 -0.7154 0.4575
vn -0.5878 -0.7154 0.3777
vn -0.4699 -0.8295 0.3020
vn -0.4221 -0.8295 0.3658
vn -0.6355 -0.7154 0.2902
vn -0.5080 -0.8295 0.2320
vn -0.2768 -0.9599 0.0433
vn -0.2741 -0.9587 0.0763
vn -0.2845 -0.9587 -0.0040
vn -0.2778 -0.9599 -0.0364
vn -0.2718 -0.9587 -0.0839
vn -0.2563 -0.9599 -0.1132
vn -0.2372 -0.9587 -0.1571
vn -0.2140 -0.9599 -0.1809
vn -0.1833 -0.9587 -0.2176
vn -0.1544 -0.9599 -0.2338
vn -0.1146 -0.9587 -0.2604
vn -0.0823 -0.9599 -0.2679
vn -0.0366 -0.9587 -0.2821
vn -0.0035 -0.9599 -0.2802
vn 0.0444 -0.9587 -0.2810
vn 0.0756 -0.9599 -0.2698
vn 0.1218 -0.9587 -0.2571
vn 0.1486 -0.9599 -0.2376
vn 0.1893 -0.9587 -0.2124
vn 0.2095 -0.9599 -0.1861
vn 0.2414 -0.9587 -0.1505
vn 0.2534 -0.9599 -0.1196
vn 0.2741 -0.9587 -0.0763
vn 0.2768 -0.9599 -0.0433
vn 0.2845 -0.9587 0.0040
vn 0.2778 -0.9599 0.0364
vn 0.2718 -0.9587 0.0839
vn 0.2563 -0.9599 0.1132
vn 0.2372 -0.9587 0.1571
vn 0.2140 -0.9599 0.1809
vn 0.1833 -0.9587 0.2176
vn 0.1544 -0.9599 0.2338
vn 0.1146 -0.9587 0.2604
vn 0.0823 -0.9599 0.2679
vn 0.0366 -0.9587 0.2821
vn 0.0035 -0.9599 0.2802
vn -0.0444 -0.9587 0.2810
vn -0.0756 -0.9599 0.2698
vn -0.1218 -0.9587 0.2571
vn -0.1486 -0.9599 0.2376
vn -0.1893 -0.9587 0.2124
vn -0.2095 -0.9599 0.1861
vn -0.2414 -0.9587 0.1505
vn -0.2534 -0.9599 0.1196
vn 0.1332 0.9909 -0.0192
vn 0.1341 0.9910 -0.0000
vn 0.1287 0.9910 -0.0378
vn 0.9582 0.0526 -0.2813
vn 0.9884 0.0526 -0.1421
vn 0.9986 0.0526 0.0000
vn 0.1224 0.9909 -0.0559
vn 0.1129 0.9910 -0.0725
vn 0.8401 0.0526 -0.5399
vn 0.9084 0.0526 -0.4148
vn 0.1017 0.9909 -0.0881
vn 0.0878 0.9910 -0.1014
vn 0.6540 0.0526 -0.7547
vn 0.7547 0.0526 -0.6540
vn 0.0728 0.9909 -0.1132
vn 0.0557 0.9910 -0.1220
vn 0.4148 0.0526 -0.9084
vn 0.5399 0.0526 -0.8401
vn 0.0379 0.9909 -0.1291
vn 0.0191 0.9910 -0.1328
vn 0.1421 0.0526 -0.9884
vn 0.2813 0.0526 -0.9582
vn -0.0000 0.9909 -0.1346
vn -0.0191 0.9910 -0.1328
vn -0.1421 0.0526 -0.9884
vn -0.0000 0.0526 -0.9986
vn -0.0379 0.9909 -0.1291
vn -0.0557 0.9910 -0.1220
vn -0.4148 0.0526 -0.9084
vn -0.2813 0.0526 -0.9582
vn -0.0728 0.9909 -0.1132
vn -0.0878 0.9910 -0.1014
vn -0.6540 0.0526 -0.7547
vn -0.5399 0.0526 -0.8401
vn -0.1017 0.9909 -0.0881
vn -0.1128 0.9910 -0.0725
vn -0.8401 0.0526 -0.5399
vn -0.7547 0.0526 -0.6540
vn -0.1224 0.9909 -0.0559
vn -0.1287 0.9910 -0.0378
vn -0.9582 0.0526 -0.2813
vn -0.9084 0.0526 -0.4148
vn -0.1332 0.9909 -0.0192
vn -0.1341 0.9910 0.0000
vn -0.9986 0.0526 0.0000
vn -0.9885 0.0526 -0.1421
vn -0.1332 0.9909 0.0192
vn -0.1287 0.9910 0.0378
vn -0.9582 0.0526 0.2813
vn -0.9885 0.0526 0.1421
vn -0.1224 0.9909 0.0559
vn -0.1129 0.9910 0.0725
vn -0.8401 0.0526 0.5399
vn -0.9084 0.0526 0.4148
vn -0.1017 0.9909 0.0881
vn -0.0878 0.9910 0.1014
vn -0.6540 0.0526 0.7547
vn -0.7547 0.0526 0.6540
vn -0.0728 0.9909 0.1132
vn -0.0557 0.9910 0.1220
vn -0.4148 0.0526 0.9084
vn -0.5399 0.0526 0.8401
vn -0.0379 0.9909 0.1291
vn -0.0191 0.9910 0.1328
vn -0.1421 0.0526 0.9884
vn -0.2813 0.0526 0.9582
vn -0.0000 0.9909 0.1346
vn 0.0191 0.9910 0.1328
vn 0.1421 0.0526 0.9884
vn -0.0000 0.0526 0.9986
vn 0.0379 0.9909 0.1291
vn 0.0557 0.9910 0.1220
vn 0.4148 0.0526 0.9084
vn 0.2813 0.0526 0.9582
vn 0.0728 0.9909 0.1132
vn 0.0878 0.9910 0.1014
vn 0.6540 0.0526 0.7547
vn 0.5399 0.0526 0.8401
vn 0.1017 0.9909 0.0881
vn 0.1129 0.9910 0.0725
vn 0.8401 0.0526 0.5399
vn 0.7547 0.0526 0.6540
vn 0.1224 0.9909 0.0559
vn 0.1287 0.9910 0.0378
vn 0.9582 0.0526 0.2813
vn 0.9084 0.0526 0.4148
vn 0.1332 0.9909 0.0192
vn 0.9884 0.0526 0.1421
vn 0.9862 0.1048 -0.1279
vn 0.9948 0.1011 -0.0138
vn 0.9506 0.1011 -0.2935
vn 0.9102 0.1048 -0.4006
vn 0.8294 0.1011 -0.5494
vn 0.7605 0.1048 -0.6408
vn 0.6410 0.1011 -0.7608
vn 0.5492 0.1048 -0.8291
vn 0.4007 0.1011 -0.9106
vn 0.2933 0.1048 -0.9502
vn 0.1279 0.1011 -0.9866
vn 0.0137 0.1048 -0.9944
vn -0.1552 0.1011 -0.9827
vn -0.2670 0.1048 -0.9580
vn -0.4258 0.1011 -0.8991
vn -0.5261 0.1048 -0.8440
vn -0.6619 0.1011 -0.7428
vn -0.7425 0.1048 -0.6616
vn -0.8443 0.1011 -0.5262
vn -0.8988 0.1048 -0.4256
vn -0.9584 0.1011 -0.2670
vn -0.9823 0.1048 -0.1551
vn -0.9948 0.1011 0.0138
vn -0.9862 0.1048 0.1279
vn -0.9506 0.1011 0.2935
vn -0.9102 0.1048 0.4006
vn -0.8294 0.1011 0.5494
vn -0.7605 0.1048 0.6408
vn -0.6410 0.1011 0.7608
vn -0.5492 0.1048 0.8291
vn -0.4007 0.1011 0.9106
vn -0.2933 0.1048 0.9502
vn -0.1279 0.1011 0.9866
vn -0.0137 0.1048 0.9944
vn 0.1552 0.1011 0.9827
vn 0.2670 0.1048 0.9580
vn 0.4258 0.1011 0.8991
vn 0.5261 0.1048 0.8440
vn 0.6619 0.1011 0.7428
vn 0.7425 0.1048 0.6616
vn 0.8443 0.1011 0.5262
vn 0.8988 0.1048 0.4256
vn 0.9584 0.1011 0.2670
vn 0.9823 0.1048 0.1551
vt 0.7727 0.1000 0.0000
vt 0.7500 0.1000 0.0000
vt 0.7500 0.0000 0.0000
vt 0.7727 0.0000 0.0000
vt 0.7955 0.1000 0.0000
vt 0.7955 0.0000 0.0000
vt 0.7955 0.2000 0.0000
vt 0.7727 0.2000 0.0000
vt 0.7500 0.2000 0.0000
vt 0.8182 0.1000 0.0000
vt 0.8182 0.0000 0.0000
vt 0.8409 0.1000 0.0000
vt 0.8409 0.0000 0.0000
vt 0.8409 0.2000 0.0000
vt 0.8182 0.2000 0.0000
vt 0.8636 0.1000 0.0000
vt 0.8636 0.0000 0.0000
vt 0.8864 0.1000 0.0000
vt 0.8864 0.0000 0.0000
vt 0.8864 0.2000 0.0000
vt 0.8636 0.2000 0.0000
vt 0.9091 0.1000 0.0000
vt 0.9091 0.0000 0.0000
vt 0.9318 0.1000 0.0000
vt 0.9318 0.0000 0.0000
vt 0.9318 0.2000 0.0000
vt 0.9091 0.2000 0.0000
vt 0.9545 0.1000 0.0000
vt 0.9545 0.0000 0.0000
vt 0.9773 0.1000 0.0000
vt 0.9773 0.0000 0.0000
vt 0.9773 0.2000 0.0000
vt 0.9545 0.2000 0.0000
vt 1.0000 0.1000 0.0000
vt 1.0000 0.0000 0.0000
vt 1.0227 0.1000 0.0000
vt 1.0227 0.0000 0.0000
vt 1.0227 0.2000 0.0000
vt 1.0000 0.2000 0.0000
vt 0.0455 0.1000 0.0000
vt 0.0227 0.1000 0.0000
vt 0.0227 0.0000 0.0000
vt 0.0455 0.0000 0.0000
vt 0.0682 0.1000 0.0000
vt 0.0682 0.0000 0.0000
vt 0.0682 0.2000 0.0000
vt 0.0455 0.2000 0.0000
vt 0.0227 0.2000 0.0000
vt 0.0909 0.1000 0.0000
vt 0.0909 0.0000 0.0000
vt 0.1136 0.1000 0.0000
vt 0.1136 0.0000 0.0000
vt 0.1136 0.2000 0.0000
vt 0.0909 0.2000 0.0000
vt 0.1364 0.1000 0.0000
vt 0.1364 0.0000 0.0000
vt 0.1591 0.1000 0.0000
vt 0.1591 0.0000 0.0000
vt 0.1591 0.2000 0.0000
vt 0.1364 0.2000 0.0000
vt 0.1818 0.1000 0.0000
vt 0.1818 0.0000 0.0000
vt 0.2045 0.1000 0.0000
vt 0.2045 0.0000 0.0000
vt 0.2045 0.2000 0.0000
vt 0.1818 0.2000 0.0000
vt 0.2273 0.1000 0.0000
vt 0.2273 0.0000 0.0000
vt 0.2500 0.1000 0.0000
vt 0.2500 0.0000 0.0000
vt 0.2500 0.2000 0.0000
vt 0.2273 0.2000 0.0000
vt 0.2727 0.1000 0.0000
vt 0.2727 0.0000 0.0000
vt 0.2955 0.1000 0.0000
vt 0.2955 0.0000 0.0000
vt 0.2955 0.2000 0.0000
vt 0.2727 0.2000 0.0000
vt 0.3182 0.1000 0.0000
vt 0.3182 0.0000 0.0000
vt 0.3409 0.1000 0.0000
vt 0.3409 0.0000 0.0000
vt 0.3409 0.2000 0.0000
vt 0.3182 0.2000 0.0000
vt 0.3636 0.1000 0.0000
vt 0.3636 0.0000 0.0000
vt 0.3864 0.1000 0.0000
vt 0.3864 0.0000 0.0000
vt 0.3864 0.2000 0.0000
vt 0.3636 0.2000 0.0000
vt 0.4091 0.1000 0.0000
vt 0.4091 0.0000 0.0000
vt 0.4318 0.1000 0.0000
vt 0.4318 0.0000 0.0000
vt 0.4318 0.2000 0.0000
vt 0.4091 0.2000 0.0000
vt 0.4545 0.1000 0.0000
vt 0.4545 0.0000 0.0000
vt 0.4773 0.1000 0.0000
vt 0.4773 0.0000 0.0000
vt 0.4773 0.2000 0.0000
vt 0.4545 0.2000 0.0000
vt 0.5000 0.1000 0.0000
vt 0.5000 0.0000 0.0000
vt 0.5227 0.1000 0.0000
vt 0.5227 0.0000 0.0000
vt 0.5227 0.2000 0.0000
vt 0.5000 0.2000 0.0000
vt 0.5455 0.1000 0.0000
vt 0.5455 0.0000 0.0000
vt 0.5682 0.1000 0.0000
vt 0.5682 0.0000 0.0000
vt 0.5682 0.2000 0.0000
vt 0.5455 0.2000 0.0000
vt 0.5909 0.1000 0.0000
vt 0.5909 0.0000 0.0000
vt 0.6136 0.1000 0.0000
vt 0.6136 0.0000 0.0000
vt 0.6136 0.2000 0.0000
vt 0.5909 0.2000 0.0000
vt 0.6364 0.1000 0.0000
vt 0.6364 0.0000 0.0000
vt 0.6591 0.1000 0.0000
vt 0.6591 0.0000 0.0000
vt 0.6591 0.2000 0.0000
vt 0.6364 0.2000 0.0000
vt 0.6818 0.1000 0.0000
vt 0.6818 0.0000 0.0000
vt 0.7045 0.1000 0.0000
vt 0.7045 0.0000 0.0000
vt 0.7045 0.2000 0.0000
vt 0.6818 0.2000 0.0000
vt 0.7273 0.1000 0.0000
vt 0.7273 0.0000 0.0000
vt 0.7273 0.2000 0.0000
vt 0.7727 0.3000 0.0000
vt 0.7500 0.3000 0.0000
vt 0.7955 0.3000 0.0000
vt 0.7955 0.4000 0.0000
vt 0.7727 0.4000 0.0000
vt 0.7500 0.4000 0.0000
vt 0.8182 0.3000 0.0000
vt 0.8409 0.3000 0.0000
vt 0.8409 0.4000 0.0000
vt 0.8182 0.4000 0.0000
vt 0.8636 0.3000 0.0000
vt 0.8864 0.3000 0.0000
vt 0.8864 0.4000 0.0000
vt 0.8636 0.4000 0.0000
vt 0.9091 0.3000 0.0000
vt 0.9318 0.3000 0.0000
vt 0.9318 0.4000 0.0000
vt 0.9091 0.4000 0.0000
vt 0.9545 0.3000 0.0000
vt 0.9773 0.3000 0.0000
vt 0.9773 0.4000 0.0000
vt 0.9545 0.4000 0.0000
vt 1.0000 0.3000 0.0000
vt 1.0227 0.3000 0.0000
vt 1.0227 0.4000 0.0000
vt 1.0000 0.4000 0.0000
vt 0.0455 0.3000 0.0000
vt 0.0227 0.3000 0.0000
vt 0.0682 0.3000 0.0000
vt 0.0682 0.4000 0.0000
vt 0.0455 0.4000 0.0000
vt 0.0227 0.4000 0.0000
vt 0.0909 0.3000 0.0000
vt 0.1136 0.3000 0.0000
vt 0.1136 0.4000 0.0000
vt 0.0909 0.4000 0.0000
vt 0.1364 0.3000 0.0000
vt 0.1591 0.3000 0.0000
vt 0.1591 0.4000 0.0000
vt 0.1364 0.4000 0.0000
vt 0.1818 0.3000 0.0000
vt 0.2045 0.3000 0.0000
vt 0.2045 0.4000 0.0000
vt 0.1818 0.4000 0.0000
vt 0.2273 0.3000 0.0000
vt 0.2500 0.3000 0.0000
vt 0.2500 0.4000 0.0000
vt 0.2273 0.4000 0.0000
vt 0.2727 0.3000 0.0000
vt 0.2955 0.3000 0.0000
vt 0.2955 0.4000 0.0000
vt 0.2727 0.4000 0.0000
vt 0.3182 0.3000 0.0000
vt 0.3409 0.3000 0.0000
vt 0.3409 0.4000 0.0000
vt 0.3182 0.4000 0.0000
vt 0.3636 0.3000 0.0000
vt 0.3864 0.3000 0.0000
vt 0.3864 0.4000 0.0000
vt 0.3636 0.4000 0.0000
vt 0.4091 0.3000 0.0000
vt 0.4318 0.3000 0.0000
vt 0.4318 0.4000 0.0000
vt 0.4091 0.4000 0.0000
vt 0.4545 0.3000 0.0000
vt 0.4773 0.3000 0.0000
vt 0.4773 0.4000 0.0000
vt 0.4545 0.4000 0.0000
vt 0.5000 0.3000 0.0000
vt 0.5227 0.3000 0.0000
vt 0.5227 0.4000 0.0000
vt 0.5000 0.4000 0.0000
vt 0.5455 0.3000 0.0000
vt 0.5682 0.3000 0.0000
vt 0.5682 0.4000 0.0000
vt 0.5455 0.4000 0.0000
vt 0.5909 0.3000 0.0000
vt 0.6136 0.3000 0.0000
vt 0.6136 0.4000 0.0000
vt 0.5909 0.4000 0.0000
vt 0.6364 0.3000 0.0000
vt 0.6591 0.3000 0.0000
vt 0.6591 0.4000 0.0000
vt 0.6364 0.4000 0.0000
vt 0.6818 0.3000 0.0000
vt 0.7045 0.3000 0.0000
vt 0.7045 0.4000 0.0000
vt 0.6818 0.4000 0.0000
vt 0.7273 0.3000 0.0000
vt 0.7273 0.4000 0.0000
vt 0.7727 0.5000 0.0000
vt 0.7500 0.5000 0.0000
vt 0.7955 0.5000 0.0000
vt 0.7955 0.6000 0.0000
vt 0.7727 0.6000 0.0000
vt 0.7500 0.6000 0.0000
vt 0.8182 0.5000 0.0000
vt 0.8409 0.5000 0.0000
vt 0.8409 0.6000 0.0000
vt 0.8182 0.6000 0.0000
vt 0.8636 0.5000 0.0000
vt 0.8864 0.5000 0.0000
vt 0.8864 0.6000 0.0000
vt 0.8636 0.6000 0.0000
vt 0.9091 0.5000 0.0000
vt 0.9318 0.5000 0.0000
vt 0.9318 0.6000 0.0000
vt 0.9091 0.6000 0.0000
vt 0.9545 0.5000 0.0000
vt 0.9773 0.5000 0.0000
vt 0.9773 0.6000 0.0000
vt 0.9545 0.6000 0.0000
vt 1.0000 0.5000 0.0000
vt 1.0227 0.5000 0.0000
vt 1.0227 0.6000 0.0000
vt 1.0000 0.6000 0.0000
vt 0.0455 0.5000 0.0000
vt 0.0227 0.5000 0.0000
vt 0.0682 0.5000 0.0000
vt 0.0682 0.6000 0.0000
vt 0.0455 0.6000 0.0000
vt 0.0227 0.6000 0.0000
vt 0.0909 0.5000 0.0000
vt 0.1136 0.5000 0.0000
vt 0.1136 0.6000 0.0000
vt 0.0909 0.6000 0.0000
vt 0.1364 0.5000 0.0000
vt 0.1591 0.5000 0.0000
vt 0.1591 0.6000 0.0000
vt 0.1364 0.6000 0.0000
vt 0.1818 0.5000 0.0000
vt 0.2045 0.5000 0.0000
vt 0.2045 0.6000 0.0000
vt 0.1818 0.6000 0.0000
vt 0.2273 0.5000 0.0000
vt 0.2500 0.5000 0.0000
vt 0.2500 0.6000 0.0000
vt 0.2273 0.6000 0.0000
vt 0.2727 0.5000 0.0000
vt 0.2955 0.5000 0.0000
vt 0.2955 0.6000 0.0000
vt 0.2727 0.6000 0.0000
vt 0.3182 0.5000 0.0000
vt 0.3409 0.5000 0.0000
vt 0.3409 0.6000 0.0000
vt 0.3182 0.6000 0.0000
vt 0.3636 0.5000 0.0000
vt 0.3864 0.5000 0.0000
vt 0.3864 0.6000 0.0000
vt 0.3636 0.6000 0.0000
vt 0.4091 0.5000 0.0000
vt 0.4318 0.5000 0.0000
vt 0.4318 0.6000 0.0000
vt 0.4091 0.6000 0.0000
vt 0.4545 0.5000 0.0000
vt 0.4773 0.5000 0.0000
vt 0.4773 0.6000 0.0000
vt 0.4545 0.6000 0.0000
vt 0.5000 0.5000 0.0000
vt 0.5227 0.5000 0.0000
vt 0.5227 0.6000 0.0000
vt 0.5000 0.6000 0.0000
vt 0.5455 0.5000 0.0000
vt 0.5682 0.5000 0.0000
vt 0.5682 0.6000 0.0000
vt 0.5455 0.6000 0.0000
vt 0.5909 0.5000 0.0000
vt 0.6136 0.5000 0.0000
vt 0.6136 0.6000 0.0000
vt 0.5909 0.6000 0.0000
vt 0.6364 0.5000 0.0000
vt 0.6591 0.5000 0.0000
vt 0.6591 0.6000 0.0000
vt 0.6364 0.6000 0.0000
vt 0.6818 0.5000 0.0000
vt 0.7045 0.5000 0.0000
vt 0.7045 0.6000 0.0000
vt 0.6818 0.6000 0.0000
vt 0.7273 0.5000 0.0000
vt 0.7273 0.6000 0.0000
vt 0.7727 0.7000 0.0000
vt 0.7500 0.7000 0.0000
vt 0.7955 0.7000 0.0000
vt 0.7955 0.8000 0.0000
vt 0.7727 0.8000 0.0000
vt 0.7500 0.8000 0.0000
vt 0.8182 0.7000 0.0000
vt 0.8409 0.7000 0.0000
vt 0.8409 0.8000 0.0000
vt 0.8182 0.8000 0.0000
vt 0.8636 0.7000 0.0000
vt 0.8864 0.7000 0.0000
vt 0.8864 0.8000 0.0000
vt 0.8636 0.8000 0.0000
vt 0.9091 0.7000 0.0000
vt 0.9318 0.7000 0.0000
vt 0.9318 0.8000 0.0000
vt 0.9091 0.8000 0.0000
vt 0.9545 0.7000 0.0000
vt 0.9773 0.7000 0.0000
vt 0.9773 0.8000 0.0000
vt 0.9545 0.8000 0.0000
vt 1.0000 0.7000 0.0000
vt 1.0227 0.7000 0.0000
vt 1.0227 0.8000 0.0000
vt 1.0000 0.8000 0.0000
vt 0.0455 0.7000 0.0000
vt 0.0227 0.7000 0.0000
vt 0.0682 0.7000 0.0000
vt 0.0682 0.8000 0.0000
vt 0.0455 0.8000 0.0000
vt 0.0227 0.8000 0.0000
vt 0.0909 0.7000 0.0000
vt 0.1136 0.7000 0.0000
vt 0.1136 0.8000 0.0000
vt 0.0909 0.8000 0.0000
vt 0.1364 0.7000 0.0000
vt 0.1591 0.7000 0.0000
vt 0.1591 0.8000 0.0000
vt 0.1364 0.8000 0.0000
vt 0.1818 0.7000 0.0000
vt 0.2045 0.7000 0.0000
vt 0.2045 0.8000 0.0000
vt 0.1818 0.8000 0.0000
vt 0.2273 0.7000 0.0000
vt 0.2500 0.7000 0.0000
vt 0.2500 0.8000 0.0000
vt 0.2273 0.8000 0.0000
vt 0.2727 0.7000 0.0000
vt 0.2955 0.7000 0.0000
vt 0.2955 0.8000 0.0000
vt 0.2727 0.8000 0.0000
vt 0.3182 0.7000 0.0000
vt 0.3409 0.7000 0.0000
vt 0.3409 0.8000 0.0000
vt 0.3182 0.8000 0.0000
vt 0.3636 0.7000 0.0000
vt 0.3864 0.7000 0.0000
vt 0.3864 0.8000 0.0000
vt 0.3636 0.8000 0.0000
vt 0.4091 0.7000 0.0000
vt 0.4318 0.7000 0.0000
vt 0.4318 0.8000 0.0000
vt 0.4091 0.8000 0.0000
vt 0.4545 0.7000 0.0000
vt 0.4773 0.7000 0.0000
vt 0.4773 0.8000 0.0000
vt 0.4545 0.8000 0.0000
vt 0.5000 0.7000 0.0000
vt 0.5227 0.7000 0.0000
vt 0.5227 0.8000 0.0000
vt 0.5000 0.8000 0.0000
vt 0.5455 0.7000 0.0000
vt 0.5682 0.7000 0.0000
vt 0.5682 0.8000 0.0000
vt 0.5455 0.8000 0.0000
vt 0.5909 0.7000 0.0000
vt 0.6136 0.7000 0.0000
vt 0.6136 0.8000 0.0000
vt 0.5909 0.8000 0.0000
vt 0.6364 0.7000 0.0000
vt 0.6591 0.7000 0.0000
vt 0.6591 0.8000 0.0000
vt 0.6364 0.8000 0.0000
vt 0.6818 0.7000 0.0000
vt 0.7045 0.7000 0.0000
vt 0.7045 0.8000 0.0000
vt 0.6818 0.8000 0.0000
vt 0.7273 0.7000 0.0000
vt 0.7273 0.8000 0.0000
vt 0.7727 0.9000 0.0000
vt 0.7500 0.9000 0.0000
vt 0.7955 0.9000 0.0000
vt 0.7955 1.0000 0.0000
vt 0.7727 1.0000 0.0000
vt 0.7500 1.0000 0.0000
vt 0.8182 0.9000 0.0000
vt 0.8409 0.9000 0.0000
vt 0.8409 1.0000 0.0000
vt 0.8182 1.0000 0.0000
vt 0.8636 0.9000 0.0000
vt 0.8864 0.9000 0.0000
vt 0.8864 1.0000 0.0000
vt 0.8636 1.0000 0.0000
vt 0.9091 0.9000 0.0000
vt 0.9318 0.9000 0.0000
vt 0.9318 1.0000 0.0000
vt 0.9091 1.0000 0.0000
vt 0.9545 0.9000 0.0000
vt 0.9773 0.9000 0.0000
vt 0.9773 1.0000 0.0000
vt 0.9545 1.0000 0.0000
vt 1.0000 0.9000 0.0000
vt 1.0227 0.9000 0.0000
vt 1.0227 1.0000 0.0000
vt 1.0000 1.0000 0.0000
vt 0.0455 0.9000 0.0000
vt 0.0227 0.9000 0.0000
vt 0.0682 0.9000 0.0000
vt 0.0682 1.0000 0.0000
vt 0.0455 1.0000 0.0000
vt 0.0227 1.0000 0.0000
vt 0.0909 0.9000 0.0000
vt 0.1136 0.9000 0.0000
vt 0.1136 1.0000 0.0000
vt 0.0909 1.0000 0.0000
vt 0.1364 0.9000 0.0000
vt 0.1591 0.9000 0.0000
vt 0.1591 1.0000 0.0000
vt 0.1364 1.0000 0.0000
vt 0.1818 0.9000 0.0000
vt 0.2045 0.9000 0.0000
vt 0.2045 1.0000 0.0000
vt 0.1818 1.0000 0.0000
vt 0.2273 0.9000 0.0000
vt 0.2500 0.9000 0.0000
vt 0.2500 1.0000 0.0000
vt 0.2273 1.0000 0.0000
vt 0.2727 0.9000 0.0000
vt 0.2955 0.9000 0.0000
vt 0.2955 1.0000 0.0000
vt 0.2727 1.0000 0.0000
vt 0.3182 0.9000 0.0000
vt 0.3409 0.9000 0.0000
vt 0.3409 1.0000 0.0000
vt 0.3182 1.0000 0.0000
vt 0.3636 0.9000 0.0000
vt 0.3864 0.9000 0.0000
vt 0.3864 1.0000 0.0000
vt 0.3636 1.0000 0.0000
vt 0.4091 0.9000 0.0000
vt 0.4318 0.9000 0.0000
vt 0.4318 1.0000 0.0000
vt 0.4091 1.0000 0.0000
vt 0.4545 0.9000 0.0000
vt 0.4773 0.9000 0.0000
vt 0.4773 1.0000 0.0000
vt 0.4545 1.0000 0.0000
vt 0.5000 0.9000 0.0000
vt 0.5227 0.9000 0.0000
vt 0.5227 1.0000 0.0000
vt 0.5000 1.0000 0.0000
vt 0.5455 0.9000 0.0000
vt 0.5682 0.9000 0.0000
vt 0.5682 1.0000 0.0000
vt 0.5455 1.0000 0.0000
vt 0.5909 0.9000 0.0000
vt 0.6136 0.9000 0.0000
vt 0.6136 1.0000 0.0000
vt 0.5909 1.0000 0.0000
vt 0.6364 0.9000 0.0000
vt 0.6591 0.9000 0.0000
vt 0.6591 1.0000 0.0000
vt 0.6364 1.0000 0.0000
vt 0.6818 0.9000 0.0000
vt 0.7045 0.9000 0.0000
vt 0.7045 1.0000 0.0000
vt 0.6818 1.0000 0.0000
vt 0.7273 0.9000 0.0000
vt 0.7273 1.0000 0.0000
vt 0.5528 0.8674 0.0000
vt 0.6233 0.9200 0.0000
vt 0.6542 0.8376 0.0000
vt 0.7431 0.7805 0.0000
vt 0.7366 0.8682 0.0000
vt 0.8308 0.7866 0.0000
vt 0.8123 0.7007 0.0000
vt 0.8561 0.6046 0.0000
vt 0.8981 0.6818 0.0000
vt 0.9332 0.5623 0.0000
vt 0.8712 0.5000 0.0000
vt 0.8561 0.3954 0.0000
vt 0.9332 0.4377 0.0000
vt 0.8981 0.3182 0.0000
vt 0.8123 0.2993 0.0000
vt 0.7431 0.2195 0.0000
vt 0.8308 0.2134 0.0000
vt 0.7366 0.1318 0.0000
vt 0.6542 0.1624 0.0000
vt 0.5528 0.1326 0.0000
vt 0.6233 0.0800 0.0000
vt 0.5000 0.0623 0.0000
vt 0.4472 0.1326 0.0000
vt 0.3458 0.1624 0.0000
vt 0.3767 0.0800 0.0000
vt 0.2634 0.1318 0.0000
vt 0.2569 0.2195 0.0000
vt 0.1877 0.2993 0.0000
vt 0.1692 0.2134 0.0000
vt 0.1019 0.3182 0.0000
vt 0.1439 0.3954 0.0000
vt 0.1288 0.5000 0.0000
vt 0.0668 0.4377 0.0000
vt 0.0668 0.5623 0.0000
vt 0.1439 0.6046 0.0000
vt 0.1877 0.7007 0.0000
vt 0.1019 0.6818 0.0000
vt 0.1692 0.7866 0.0000
vt 0.2569 0.7805 0.0000
vt 0.3458 0.8376 0.0000
vt 0.2634 0.8682 0.0000
vt 0.3767 0.9200 0.0000
vt 0.4472 0.8674 0.0000
vt 0.5000 0.9377 0.0000
vt 0.4296 0.9899 0.0000
vt 0.3606 0.9749 0.0000
vt 0.3591 0.9797 0.0000
vt 0.5000 0.9949 0.0000
vt 0.5704 0.9899 0.0000
vt 0.6394 0.9749 0.0000
vt 0.6409 0.9797 0.0000
vt 0.7056 0.9502 0.0000
vt 0.7676 0.9164 0.0000
vt 0.7703 0.9206 0.0000
vt 0.8241 0.8740 0.0000
vt 0.8740 0.8241 0.0000
vt 0.8779 0.8274 0.0000
vt 0.9163 0.7676 0.0000
vt 0.9502 0.7056 0.0000
vt 0.9548 0.7077 0.0000
vt 0.9749 0.6394 0.0000
vt 0.9899 0.5704 0.0000
vt 0.9949 0.5712 0.0000
vt 0.9949 0.5000 0.0000
vt 0.9899 0.4296 0.0000
vt 0.9949 0.4288 0.0000
vt 0.9749 0.3606 0.0000
vt 0.9502 0.2944 0.0000
vt 0.9548 0.2923 0.0000
vt 0.9163 0.2324 0.0000
vt 0.8740 0.1759 0.0000
vt 0.8779 0.1726 0.0000
vt 0.8241 0.1260 0.0000
vt 0.7676 0.0836 0.0000
vt 0.7703 0.0794 0.0000
vt 0.7056 0.0498 0.0000
vt 0.6394 0.0251 0.0000
vt 0.6409 0.0203 0.0000
vt 0.5704 0.0101 0.0000
vt 0.5000 0.0051 0.0000
vt 0.4296 0.0101 0.0000
vt 0.3606 0.0251 0.0000
vt 0.3591 0.0203 0.0000
vt 0.2944 0.0498 0.0000
vt 0.2324 0.0836 0.0000
vt 0.2297 0.0794 0.0000
vt 0.1759 0.1260 0.0000
vt 0.1260 0.1759 0.0000
vt 0.1221 0.1726 0.0000
vt 0.0837 0.2324 0.0000
vt 0.0498 0.2944 0.0000
vt 0.0452 0.2923 0.0000
vt 0.0251 0.3606 0.0000
vt 0.0101 0.4296 0.0000
vt 0.0051 0.4288 0.0000
vt 0.0051 0.5000 0.0000
vt 0.0101 0.5704 0.0000
vt 0.0051 0.5712 0.0000
vt 0.0251 0.6394 0.0000
vt 0.0498 0.7056 0.0000
vt 0.0452 0.7077 0.0000
vt 0.0837 0.7676 0.0000
vt 0.1260 0.8241 0.0000
vt 0.1221 0.8274 0.0000
vt 0.1759 0.8740 0.0000
vt 0.2324 0.9164 0.0000
vt 0.2297 0.9206 0.0000
vt 0.2944 0.9502 0.0000
v 0.166182 0.085711 -0.002352
v 0.163577 0.082679 -0.002352
v 0.163575 0.082891 0
v 0.166109 0.085897 0
v 0.166395 0.08517 -0.004513
v 0.163583 0.082061 -0.004513
v 0.166731 0.084316 -0.006309
v 0.163592 0.081087 -0.006309
v 0.167163 0.08322 -0.007593
v 0.163604 0.079836 -0.007593
v 0.167655 0.081969 -0.008263
v 0.163618 0.078409 -0.008263
v 0.168169 0.080666 -0.008263
v 0.163633 0.076922 -0.008263
v 0.168661 0.079415 -0.007593
v 0.163646 0.075495 -0.007593
v 0.169093 0.078318 -0.006309
v 0.163658 0.074244 -0.006309
v 0.169429 0.077465 -0.004513
v 0.163668 0.07327 -0.004513
v 0.169642 0.076923 -0.002352
v 0.163674 0.072652 -0.002352
v 0.169715 0.076738 0
v 0.163676 0.072441 0
v 0.169642 0.076923 0.002352
v 0.163674 0.072652 0.002352
v 0.169429 0.077465 0.004513
v 0.163668 0.07327 0.004513
v 0.169093 0.078318 0.006309
v 0.163658 0.074244 0.006309
v 0.168661 0.079415 0.007593
v 0.163646 0.075495 0.007593
v 0.168169 0.080666 0.008263
v 0.163633 0.076922 0.008263
v 0.167655 0.081969 0.008263
v 0.163618 0.078409 0.008263
v 0.167163 0.08322 0.007593
v 0.163604 0.079836 0.007593
v 0.166731 0.084316 0.006309
v 0.163592 0.081087 0.006309
v 0.166395 0.08517 0.004513
v 0.163583 0.082061 0.004513
v 0.166182 0.085711 0.002352
v 0.163577 0.082679 0.002352
v 0.170784 0.088518 -0.002352
v 0.170741 0.088722 0
v 0.17091 0.087924 -0.004513
v 0.171108 0.086986 -0.006309
v 0.171363 0.085781 -0.007593
v 0.171653 0.084408 -0.008263
v 0.171956 0.082976 -0.008263
v 0.172246 0.081602 -0.007593
v 0.172501 0.080397 -0.006309
v 0.172699 0.07946 -0.004513
v 0.172825 0.078865 -0.002352
v 0.172868 0.078661 0
v 0.172825 0.078865 0.002352
v 0.172699 0.07946 0.004513
v 0.172501 0.080397 0.006309
v 0.172246 0.081602 0.007593
v 0.171956 0.082976 0.008263
v 0.171653 0.084408 0.008263
v 0.171363 0.085781 0.007593
v 0.171108 0.086986 0.006309
v 0.17091 0.087924 0.004513
v 0.170784 0.088518 0.002352
v 0.175623 0.089821 -0.002352
v 0.175611 0.090033 0
v 0.175657 0.089201 -0.004513
v 0.175712 0.088225 -0.006309
v 0.175781 0.08697 -0.007593
v 0.17586 0.08554 -0.008263
v 0.175943 0.084049 -0.008263
v 0.176022 0.082618 -0.007593
v 0.176091 0.081364 -0.006309
v 0.176145 0.080387 -0.004513
v 0.17618 0.079768 -0.002352
v 0.176191 0.079555 0
v 0.17618 0.079768 0.002352
v 0.176145 0.080387 0.004513
v 0.176091 0.081364 0.006309
v 0.176022 0.082618 0.007593
v 0.175943 0.084049 0.008263
v 0.17586 0.08554 0.008263
v 0.175781 0.08697 0.007593
v 0.175712 0.088225 0.006309
v 0.175657 0.089201 0.004513
v 0.175623 0.089821 0.002352
v 0.18052 0.089629 -0.002352
v 0.18054 0.08984 0
v 0.180462 0.089013 -0.004513
v 0.180371 0.088042 -0.006309
v 0.180254 0.086795 -0.007593
v 0.18012 0.085373 -0.008263
v 0.179981 0.08389 -0.008263
v 0.179847 0.082468 -0.007593
v 0.17973 0.081221 -0.006309
v 0.179638 0.08025 -0.004513
v 0.17958 0.079634 -0.002352
v 0.179561 0.079423 0
v 0.17958 0.079634 0.002352
v 0.179638 0.08025 0.004513
v 0.17973 0.081221 0.006309
v 0.179847 0.082468 0.007593
v 0.179981 0.08389 0.008263
v 0.18012 0.085373 0.008263
v 0.180254 0.086795 0.007593
v 0.180371 0.088042 0.006309
v 0.180462 0.089013 0.004513
v 0.18052 0.089629 0.002352
v 0.185303 0.087948 -0.002352
v 0.185353 0.088149 0
v 0.185154 0.087364 -0.004513
v 0.18492 0.086444 -0.006309
v 0.18462 0.085261 -0.007593
v 0.184278 0.083912 -0.008263
v 0.18392 0.082506 -0.008263
v 0.183578 0.081157 -0.007593
v 0.183278 0.079974 -0.006309
v 0.183044 0.079053 -0.004513
v 0.182895 0.078469 -0.002352
v 0.182845 0.078269 0
v 0.182895 0.078469 0.002352
v 0.183044 0.079053 0.004513
v 0.183278 0.079974 0.006309
v 0.183578 0.081157 0.007593
v 0.18392 0.082506 0.008263
v 0.184278 0.083912 0.008263
v 0.18462 0.085261 0.007593
v 0.18492 0.086444 0.006309
v 0.185154 0.087364 0.004513
v 0.185303 0.087948 0.002352
v 0.18979 0.084785 -0.002352
v 0.18987 0.084964 0
v 0.189557 0.084261 -0.004513
v 0.189189 0.083435 -0.006309
v 0.188716 0.082374 -0.007593
v 0.188176 0.081163 -0.008263
v 0.187614 0.079902 -0.008263
v 0.187074 0.078692 -0.007593
v 0.186601 0.077631 -0.006309
v 0.186233 0.076805 -0.004513
v 0.185999 0.076281 -0.002352
v 0.185919 0.076102 0
v 0.185999 0.076281 0.002352
v 0.186233 0.076805 0.004513
v 0.186601 0.077631 0.006309
v 0.187074 0.078692 0.007593
v 0.187614 0.079902 0.008263
v 0.188176 0.081163 0.008263
v 0.188716 0.082374 0.007593
v 0.189189 0.083435 0.006309
v 0.189557 0.084261 0.004513
v 0.18979 0.084785 0.002352
v 0.19379 0.080157 -0.002352
v 0.193895 0.080306 0
v 0.193481 0.07972 -0.004513
v 0.192995 0.07903 -0.006309
v 0.19237 0.078145 -0.007593
v 0.191657 0.077135 -0.008263
v 0.190914 0.076083 -0.008263
v 0.190201 0.075073 -0.007593
v 0.189576 0.074188 -0.006309
v 0.18909 0.073499 -0.004513
v 0.188781 0.073062 -0.002352
v 0.188676 0.072912 0
v 0.188781 0.073062 0.002352
v 0.18909 0.073499 0.004513
v 0.189576 0.074188 0.006309
v 0.190201 0.075073 0.007593
v 0.190914 0.076083 0.008263
v 0.191657 0.077135 0.008263
v 0.19237 0.078145 0.007593
v 0.192995 0.07903 0.006309
v 0.193481 0.07972 0.004513
v 0.19379 0.080157 0.002352
v 0.196975 0.074375 -0.002352
v 0.197101 0.074488 0
v 0.196607 0.074046 -0.004513
v 0.196026 0.073528 -0.006309
v 0.19528 0.072863 -0.007593
v 0.194429 0.072103 -0.008263
v 0.193543 0.071312 -0.008263
v 0.192692 0.070553 -0.007593
v 0.191946 0.069887 -0.006309
v 0.191365 0.069369 -0.004513
v 0.190997 0.06904 -0.002352
v 0.190871 0.068928 0
v 0.190997 0.06904 0.002352
v 0.191365 0.069369 0.004513
v 0.191946 0.069887 0.006309
v 0.192692 0.070553 0.007593
v 0.193543 0.071312 0.008263
v 0.194429 0.072103 0.008263
v 0.19528 0.072863 0.007593
v 0.196026 0.073528 0.006309
v 0.196607 0.074046 0.004513
v 0.196975 0.074375 0.002352
v 0.199133 0.067911 -0.002352
v 0.199273 0.067981 0
v 0.198723 0.067705 -0.004513
v 0.198078 0.06738 -0.006309
v 0.197249 0.066963 -0.007593
v 0.196304 0.066488 -0.008263
v 0.195318 0.065992 -0.008263
v 0.194373 0.065517 -0.007593
v 0.193544 0.0651 -0.006309
v 0.192899 0.064775 -0.004513
v 0.192489 0.064569 -0.002352
v 0.192349 0.064499 0
v 0.192489 0.064569 0.002352
v 0.192899 0.064775 0.004513
v 0.193544 0.0651 0.006309
v 0.194373 0.065517 0.007593
v 0.195318 0.065992 0.008263
v 0.196304 0.066488 0.008263
v 0.197249 0.066963 0.007593
v 0.198078 0.06738 0.006309
v 0.198723 0.067705 0.004513
v 0.199133 0.067911 0.002352
v 0.200251 0.061041 -0.002352
v 0.200399 0.061067 0
v 0.199821 0.060965 -0.004513
v 0.199142 0.060845 -0.006309
v 0.198271 0.060691 -0.007593
v 0.197276 0.060516 -0.008263
v 0.19624 0.060333 -0.008263
v 0.195246 0.060157 -0.007593
v 0.194374 0.060003 -0.006309
v 0.193695 0.059883 -0.004513
v 0.193265 0.059807 -0.002352
v 0.193117 0.059781 0
v 0.193265 0.059807 0.002352
v 0.193695 0.059883 0.004513
v 0.194374 0.060003 0.006309
v 0.195246 0.060157 0.007593
v 0.19624 0.060333 0.008263
v 0.197276 0.060516 0.008263
v 0.198271 0.060691 0.007593
v 0.199142 0.060845 0.006309
v 0.199821 0.060965 0.004513
v 0.200251 0.061041 0.002352
v 0.20033 0.054023 -0.002352
v 0.200478 0.054004 0
v 0.199898 0.05408 -0.004513
v 0.199218 0.054168 -0.006309
v 0.198343 0.054282 -0.007593
v 0.197345 0.054411 -0.008263
v 0.196305 0.054547 -0.008263
v 0.195307 0.054676 -0.007593
v 0.194433 0.05479 -0.006309
v 0.193752 0.054878 -0.004513
v 0.19332 0.054934 -0.002352
v 0.193172 0.054953 0
v 0.19332 0.054934 0.002352
v 0.193752 0.054878 0.004513
v 0.194433 0.05479 0.006309
v 0.195307 0.054676 0.007593
v 0.196305 0.054547 0.008263
v 0.197345 0.054411 0.008263
v 0.198343 0.054282 0.007593
v 0.199218 0.054168 0.006309
v 0.199898 0.05408 0.004513
v 0.20033 0.054023 0.002352
v 0.199367 0.047106 -0.002352
v 0.199509 0.047042 0
v 0.198953 0.047293 -0.004513
v 0.198301 0.047588 -0.006309
v 0.197463 0.047966 -0.007593
v 0.196507 0.048398 -0.008263
v 0.195511 0.048847 -0.008263
v 0.194556 0.049279 -0.007593
v 0.193718 0.049657 -0.006309
v 0.193066 0.049952 -0.004513
v 0.192652 0.050139 -0.002352
v 0.19251 0.050203 0
v 0.192652 0.050139 0.002352
v 0.193066 0.049952 0.004513
v 0.193718 0.049657 0.006309
v 0.194556 0.049279 0.007593
v 0.195511 0.048847 0.008263
v 0.196507 0.048398 0.008263
v 0.197463 0.047966 0.007593
v 0.198301 0.047588 0.006309
v 0.198953 0.047293 0.004513
v 0.199367 0.047106 0.002352
v 0.197356 0.040545 -0.002352
v 0.197484 0.040438 0
v 0.19698 0.040857 -0.004513
v 0.196388 0.041348 -0.006309
v 0.195628 0.041979 -0.007593
v 0.19476 0.042698 -0.008263
v 0.193856 0.043448 -0.008263
v 0.192989 0.044168 -0.007593
v 0.192228 0.044799 -0.006309
v 0.191636 0.04529 -0.004513
v 0.191261 0.045601 -0.002352
v 0.191132 0.045708 0
v 0.191261 0.045601 0.002352
v 0.191636 0.04529 0.004513
v 0.192228 0.044799 0.006309
v 0.192989 0.044168 0.007593
v 0.193856 0.043448 0.008263
v 0.19476 0.042698 0.008263
v 0.195628 0.041979 0.007593
v 0.196388 0.041348 0.006309
v 0.19698 0.040857 0.004513
v 0.197356 0.040545 0.002352
v 0.194302 0.03462 -0.002352
v 0.194411 0.034475 0
v 0.193984 0.035042 -0.004513
v 0.193482 0.035709 -0.006309
v 0.192838 0.036564 -0.007593
v 0.192103 0.037541 -0.008263
v 0.191336 0.038558 -0.008263
v 0.190601 0.039534 -0.007593
v 0.189957 0.040391 -0.006309
v 0.189455 0.041057 -0.004513
v 0.189137 0.041479 -0.002352
v 0.189028 0.041624 0
v 0.189137 0.041479 0.002352
v 0.189455 0.041057 0.004513
v 0.189957 0.040391 0.006309
v 0.190601 0.039534 0.007593
v 0.191336 0.038558 0.008263
v 0.192103 0.037541 0.008263
v 0.192838 0.036564 0.007593
v 0.193482 0.035709 0.006309
v 0.193984 0.035042 0.004513
v 0.194302 0.03462 0.002352
v 0.190409 0.029809 -0.002352
v 0.190493 0.029634 0
v 0.190164 0.030322 -0.004513
v 0.189777 0.031131 -0.006309
v 0.189281 0.032169 -0.007593
v 0.188714 0.033354 -0.008263
v 0.188124 0.034589 -0.008263
v 0.187557 0.035773 -0.007593
v 0.187061 0.036812 -0.006309
v 0.186674 0.037621 -0.004513
v 0.186429 0.038133 -0.002352
v 0.186345 0.038309 0
v 0.186429 0.038133 0.002352
v 0.186674 0.037621 0.004513
v 0.187061 0.036812 0.006309
v 0.187557 0.035773 0.007593
v 0.188124 0.034589 0.008263
v 0.188714 0.033354 0.008263
v 0.189281 0.032169 0.007593
v 0.189777 0.031131 0.006309
v 0.190164 0.030322 0.004513
v 0.190409 0.029809 0.002352
v 0.185995 0.02644 -0.002352
v 0.18605 0.026242 0
v 0.185834 0.027017 -0.004513
v 0.185579 0.027926 -0.006309
v 0.185252 0.029094 -0.007593
v 0.18488 0.030427 -0.008263
v 0.184491 0.031816 -0.008263
v 0.184118 0.033148 -0.007593
v 0.183792 0.034316 -0.006309
v 0.183537 0.035226 -0.004513
v 0.183376 0.035803 -0.002352
v 0.183321 0.036 0
v 0.183376 0.035803 0.002352
v 0.183537 0.035226 0.004513
v 0.183792 0.034316 0.006309
v 0.184118 0.033148 0.007593
v 0.184491 0.031816 0.008263
v 0.18488 0.030427 0.008263
v 0.185252 0.029094 0.007593
v 0.185579 0.027926 0.006309
v 0.185834 0.027017 0.004513
v 0.185995 0.02644 0.002352
v 0.181253 0.023626 -0.002352
v 0.181278 0.023417 0
v 0.181181 0.024239 -0.004513
v 0.181068 0.025205 -0.006309
v 0.180923 0.026446 -0.007593
v 0.180757 0.027862 -0.008263
v 0.180585 0.029337 -0.008263
v 0.180419 0.030752 -0.007593
v 0.180274 0.031994 -0.006309
v 0.18016 0.03296 -0.004513
v 0.180089 0.033572 -0.002352
v 0.180064 0.033782 0
v 0.180089 0.033572 0.002352
v 0.18016 0.03296 0.004513
v 0.180274 0.031994 0.006309
v 0.180419 0.030752 0.007593
v 0.180585 0.029337 0.008263
v 0.180757 0.027862 0.008263
v 0.180923 0.026446 0.007593
v 0.181068 0.025205 0.006309
v 0.181181 0.024239 0.004513
v 0.181253 0.023626 0.002352
v 0.177558 0.02149 -0.002352
v 0.177602 0.021287 0
v 0.177429 0.022083 -0.004513
v 0.177226 0.023019 -0.006309
v 0.176964 0.02422 -0.007593
v 0.176666 0.02559 -0.008263
v 0.176356 0.027018 -0.008263
v 0.176058 0.028388 -0.007593
v 0.175796 0.02959 -0.006309
v 0.175593 0.030525 -0.004513
v 0.175464 0.031118 -0.002352
v 0.175419 0.031322 0
v 0.175464 0.031118 0.002352
v 0.175593 0.030525 0.004513
v 0.175796 0.02959 0.006309
v 0.176058 0.028388 0.007593
v 0.176356 0.027018 0.008263
v 0.176666 0.02559 0.008263
v 0.176964 0.02422 0.007593
v 0.177226 0.023019 0.006309
v 0.177429 0.022083 0.004513
v 0.177558 0.02149 0.002352
v 0.173975 0.019765 -0.002352
v 0.174026 0.019565 0
v 0.173826 0.020349 -0.004513
v 0.173593 0.02127 -0.006309
v 0.173292 0.022453 -0.007593
v 0.17295 0.023802 -0.008263
v 0.172592 0.025208 -0.008263
v 0.17225 0.026556 -0.007593
v 0.171949 0.027739 -0.006309
v 0.171715 0.02866 -0.004513
v 0.171567 0.029244 -0.002352
v 0.171516 0.029444 0
v 0.171567 0.029244 0.002352
v 0.171715 0.02866 0.004513
v 0.171949 0.027739 0.006309
v 0.17225 0.026556 0.007593
v 0.172592 0.025208 0.008263
v 0.17295 0.023802 0.008263
v 0.173292 0.022453 0.007593
v 0.173593 0.02127 0.006309
v 0.173826 0.020349 0.004513
v 0.173975 0.019765 0.002352
v 0.169117 0.018058 -0.002352
v 0.169136 0.017847 0
v 0.169061 0.018674 -0.004513
v 0.168973 0.019646 -0.006309
v 0.168859 0.020894 -0.007593
v 0.16873 0.022318 -0.008263
v 0.168595 0.023802 -0.008263
v 0.168465 0.025226 -0.007593
v 0.168352 0.026475 -0.006309
v 0.168263 0.027446 -0.004513
v 0.168207 0.028063 -0.002352
v 0.168188 0.028274 0
v 0.168207 0.028063 0.002352
v 0.168263 0.027446 0.004513
v 0.168352 0.026475 0.006309
v 0.168465 0.025226 0.007593
v 0.168595 0.023802 0.008263
v 0.16873 0.022318 0.008263
v 0.168859 0.020894 0.007593
v 0.168973 0.019646 0.006309
v 0.169061 0.018674 0.004513
v 0.169117 0.018058 0.002352
v 0.163344 0.017932 -0.002352
v 0.163347 0.01772 0
v 0.163336 0.01855 -0.004513
v 0.163323 0.019524 -0.006309
v 0.163307 0.020775 -0.007593
v 0.163289 0.022202 -0.008263
v 0.16327 0.023689 -0.008263
v 0.163251 0.025115 -0.007593
v 0.163235 0.026367 -0.006309
v 0.163223 0.02734 -0.004513
v 0.163215 0.027958 -0.002352
v 0.163212 0.02817 0
v 0.163215 0.027958 0.002352
v 0.163223 0.02734 0.004513
v 0.163235 0.026367 0.006309
v 0.163251 0.025115 0.007593
v 0.16327 0.023689 0.008263
v 0.163289 0.022202 0.008263
v 0.163307 0.020775 0.007593
v 0.163323 0.019524 0.006309
v 0.163336 0.01855 0.004513
v 0.163344 0.017932 0.002352
vn -0.4973 0.8217 -0.2784
vn -0.6024 0.7586 -0.2482
vn -0.6349 0.7726 -0.0031
vn -0.5183 0.8552 -0.0014
vn -0.4316 0.7266 -0.5346
vn -0.5188 0.6961 -0.4963
vn -0.3297 0.5733 -0.7501
vn -0.3894 0.5638 -0.7284
vn -0.2047 0.3702 -0.9061
vn -0.2280 0.3554 -0.9065
vn -0.0705 0.1320 -0.9887
vn -0.0573 0.0931 -0.9940
vn 0.0611 -0.1219 -0.9907
vn 0.1000 -0.1824 -0.9781
vn 0.1807 -0.3694 -0.9115
vn 0.2295 -0.4330 -0.8717
vn 0.2812 -0.5888 -0.7578
vn 0.3267 -0.6358 -0.6993
vn 0.3569 -0.7608 -0.5421
vn 0.3932 -0.7812 -0.4850
vn 0.4035 -0.8703 -0.2823
vn 0.4320 -0.8673 -0.2472
vn 0.4187 -0.9081 0.0004
vn 0.4457 -0.8952 0.0007
vn 0.4017 -0.8710 0.2829
vn 0.4353 -0.8655 0.2479
vn 0.3537 -0.7621 0.5423
vn 0.3996 -0.7784 0.4842
vn 0.2775 -0.5907 0.7577
vn 0.3355 -0.6337 0.6970
vn 0.1778 -0.3715 0.9113
vn 0.2388 -0.4329 0.8692
vn 0.0603 -0.1235 0.9905
vn 0.1062 -0.1843 0.9771
vn -0.0678 0.1317 0.9890
vn -0.0592 0.0904 0.9941
vn -0.1982 0.3722 0.9068
vn -0.2411 0.3521 0.9044
vn -0.3207 0.5775 0.7508
vn -0.4106 0.5578 0.7214
vn -0.4229 0.7318 0.5344
vn -0.5396 0.6869 0.4868
vn -0.4921 0.8255 0.2765
vn -0.6147 0.7512 0.2404
vn -0.2782 0.9186 -0.2806
vn -0.2899 0.9571 0.0000
vn -0.2443 0.8065 -0.5384
vn -0.1908 0.6300 -0.7528
vn -0.1222 0.4034 -0.9068
vn -0.0438 0.1446 -0.9885
vn 0.0382 -0.1263 -0.9913
vn 0.1175 -0.3879 -0.9142
vn 0.1876 -0.6193 -0.7624
vn 0.2426 -0.8010 -0.5473
vn 0.2778 -0.9171 -0.2859
vn 0.2899 -0.9571 0.0000
vn 0.2778 -0.9171 0.2859
vn 0.2426 -0.8010 0.5473
vn 0.1876 -0.6193 0.7625
vn 0.1175 -0.3879 0.9142
vn 0.0382 -0.1263 0.9913
vn -0.0438 0.1446 0.9885
vn -0.1222 0.4034 0.9068
vn -0.1908 0.6300 0.7528
vn -0.2443 0.8065 0.5384
vn -0.2782 0.9186 0.2806
vn -0.0759 0.9568 -0.2806
vn -0.0791 0.9969 0.0000
vn -0.0666 0.8401 -0.5384
vn -0.0521 0.6562 -0.7528
vn -0.0333 0.4201 -0.9069
vn -0.0119 0.1505 -0.9885
vn 0.0104 -0.1317 -0.9912
vn 0.0321 -0.4042 -0.9141
vn 0.0512 -0.6452 -0.7623
vn 0.0662 -0.8344 -0.5472
vn 0.0758 -0.9553 -0.2858
vn 0.0791 -0.9969 0.0000
vn 0.0758 -0.9553 0.2858
vn 0.0662 -0.8344 0.5472
vn 0.0512 -0.6452 0.7623
vn 0.0321 -0.4042 0.9141
vn 0.0104 -0.1317 0.9912
vn -0.0119 0.1505 0.9885
vn -0.0333 0.4201 0.9069
vn -0.0521 0.6562 0.7528
vn -0.0666 0.8401 0.5384
vn -0.0759 0.9568 0.2806
vn 0.1282 0.9512 -0.2806
vn 0.1335 0.9910 -0.0000
vn 0.1125 0.8352 -0.5384
vn 0.0879 0.6524 -0.7528
vn 0.0563 0.4177 -0.9069
vn 0.0202 0.1496 -0.9885
vn -0.0176 -0.1309 -0.9912
vn -0.0542 -0.4019 -0.9141
vn -0.0864 -0.6414 -0.7623
vn -0.1118 -0.8295 -0.5472
vn -0.1280 -0.9497 -0.2858
vn -0.1335 -0.9910 0.0000
vn -0.1280 -0.9497 0.2858
vn -0.1118 -0.8295 0.5472
vn -0.0864 -0.6414 0.7623
vn -0.0542 -0.4019 0.9141
vn -0.0176 -0.1309 0.9912
vn 0.0202 0.1496 0.9885
vn 0.0563 0.4177 0.9069
vn 0.0879 0.6524 0.7528
vn 0.1125 0.8352 0.5384
vn 0.1282 0.9512 0.2806
vn 0.3281 0.9020 -0.2806
vn 0.3419 0.9397 -0.0000
vn 0.2881 0.7919 -0.5384
vn 0.2251 0.6186 -0.7528
vn 0.1441 0.3961 -0.9068
vn 0.0516 0.1420 -0.9885
vn -0.0451 -0.1240 -0.9913
vn -0.1386 -0.3809 -0.9142
vn -0.2212 -0.6081 -0.7624
vn -0.2861 -0.7865 -0.5473
vn -0.3276 -0.9005 -0.2859
vn -0.3419 -0.9397 0.0000
vn -0.3276 -0.9005 0.2859
vn -0.2861 -0.7865 0.5473
vn -0.2212 -0.6081 0.7624
vn -0.1386 -0.3809 0.9142
vn -0.0451 -0.1240 0.9913
vn 0.0516 0.1420 0.9885
vn 0.1441 0.3961 0.9068
vn 0.2251 0.6186 0.7528
vn 0.2881 0.7919 0.5384
vn 0.3281 0.9020 0.2806
vn 0.5166 0.8089 -0.2806
vn 0.5383 0.8428 -0.0000
vn 0.4536 0.7102 -0.5384
vn 0.3544 0.5548 -0.7527
vn 0.2269 0.3553 -0.9068
vn 0.0814 0.1275 -0.9885
vn -0.0709 -0.1110 -0.9913
vn -0.2180 -0.3413 -0.9143
vn -0.3481 -0.5451 -0.7627
vn -0.4504 -0.7052 -0.5476
vn -0.5158 -0.8076 -0.2861
vn -0.5383 -0.8428 0.0000
vn -0.5158 -0.8076 0.2861
vn -0.4504 -0.7052 0.5476
vn -0.3481 -0.5451 0.7627
vn -0.2180 -0.3413 0.9143
vn -0.0709 -0.1110 0.9913
vn 0.0814 0.1275 0.9885
vn 0.2269 0.3553 0.9068
vn 0.3544 0.5548 0.7527
vn 0.4536 0.7102 0.5384
vn 0.5166 0.8089 0.2806
vn 0.6825 0.6749 -0.2806
vn 0.7111 0.7031 -0.0000
vn 0.5992 0.5925 -0.5384
vn 0.4681 0.4629 -0.7527
vn 0.2998 0.2965 -0.9068
vn 0.1076 0.1064 -0.9885
vn -0.0936 -0.0925 -0.9913
vn -0.2879 -0.2847 -0.9143
vn -0.4599 -0.4547 -0.7627
vn -0.5950 -0.5883 -0.5476
vn -0.6814 -0.6737 -0.2861
vn -0.7111 -0.7031 0.0000
vn -0.6814 -0.6737 0.2861
vn -0.5950 -0.5883 0.5476
vn -0.4599 -0.4547 0.7627
vn -0.2879 -0.2847 0.9143
vn -0.0936 -0.0925 0.9913
vn 0.1076 0.1064 0.9885
vn 0.2998 0.2965 0.9068
vn 0.4681 0.4629 0.7527
vn 0.5992 0.5925 0.5384
vn 0.6825 0.6749 0.2806
vn 0.8147 0.5075 -0.2806
vn 0.8488 0.5287 -0.0000
vn 0.7153 0.4456 -0.5384
vn 0.5588 0.3481 -0.7527
vn 0.3579 0.2229 -0.9068
vn 0.1284 0.0800 -0.9885
vn -0.1118 -0.0696 -0.9913
vn -0.3438 -0.2141 -0.9143
vn -0.5490 -0.3420 -0.7627
vn -0.7102 -0.4424 -0.5476
vn -0.8133 -0.5066 -0.2861
vn -0.8488 -0.5287 0.0000
vn -0.8133 -0.5066 0.2861
vn -0.7102 -0.4424 0.5476
vn -0.5490 -0.3420 0.7627
vn -0.3438 -0.2141 0.9143
vn -0.1118 -0.0696 0.9913
vn 0.1284 0.0800 0.9885
vn 0.3579 0.2229 0.9068
vn 0.5588 0.3481 0.7527
vn 0.7153 0.4456 0.5384
vn 0.8147 0.5075 0.2806
vn 0.9056 0.3180 -0.2806
vn 0.9435 0.3313 -0.0000
vn 0.7951 0.2792 -0.5384
vn 0.6211 0.2181 -0.7528
vn 0.3977 0.1396 -0.9068
vn 0.1425 0.0500 -0.9885
vn -0.1245 -0.0437 -0.9913
vn -0.3824 -0.1343 -0.9142
vn -0.6105 -0.2143 -0.7624
vn -0.7897 -0.2772 -0.5473
vn -0.9042 -0.3174 -0.2859
vn -0.9435 -0.3313 0.0000
vn -0.9042 -0.3174 0.2859
vn -0.7897 -0.2772 0.5473
vn -0.6105 -0.2143 0.7625
vn -0.3824 -0.1343 0.9142
vn -0.1245 -0.0437 0.9913
vn 0.1425 0.0500 0.9885
vn 0.3977 0.1396 0.9068
vn 0.6211 0.2181 0.7528
vn 0.7951 0.2792 0.5384
vn 0.9056 0.3180 0.2806
vn 0.9526 0.1175 -0.2806
vn 0.9925 0.1224 -0.0000
vn 0.8364 0.1031 -0.5384
vn 0.6533 0.0806 -0.7528
vn 0.4183 0.0516 -0.9069
vn 0.1498 0.0185 -0.9885
vn -0.1311 -0.0162 -0.9912
vn -0.4025 -0.0496 -0.9141
vn -0.6424 -0.0792 -0.7623
vn -0.8307 -0.1024 -0.5472
vn -0.9511 -0.1173 -0.2858
vn -0.9925 -0.1224 0.0000
vn -0.9511 -0.1173 0.2858
vn -0.8307 -0.1024 0.5472
vn -0.6424 -0.0792 0.7623
vn -0.4025 -0.0496 0.9141
vn -0.1311 -0.0162 0.9912
vn 0.1498 0.0185 0.9885
vn 0.4183 0.0516 0.9069
vn 0.6533 0.0806 0.7528
vn 0.8364 0.1031 0.5384
vn 0.9526 0.1175 0.2806
vn 0.9559 -0.0867 -0.2806
vn 0.9959 -0.0903 -0.0000
vn 0.8393 -0.0761 -0.5384
vn 0.6556 -0.0594 -0.7528
vn 0.4197 -0.0381 -0.9069
vn 0.1503 -0.0136 -0.9885
vn -0.1316 0.0119 -0.9912
vn -0.4039 0.0366 -0.9141
vn -0.6446 0.0584 -0.7623
vn -0.8336 0.0756 -0.5472
vn -0.9544 0.0865 -0.2858
vn -0.9959 0.0903 0.0000
vn -0.9544 0.0865 0.2858
vn -0.8336 0.0756 0.5472
vn -0.6446 0.0584 0.7623
vn -0.4039 0.0366 0.9141
vn -0.1316 0.0119 0.9912
vn 0.1503 -0.0136 0.9885
vn 0.4197 -0.0381 0.9069
vn 0.6556 -0.0594 0.7528
vn 0.8393 -0.0761 0.5384
vn 0.9559 -0.0867 0.2806
vn 0.9154 -0.2886 -0.2806
vn 0.9537 -0.3007 -0.0000
vn 0.8037 -0.2534 -0.5384
vn 0.6278 -0.1979 -0.7528
vn 0.4020 -0.1267 -0.9068
vn 0.1441 -0.0454 -0.9885
vn -0.1258 0.0397 -0.9913
vn -0.3866 0.1219 -0.9142
vn -0.6171 0.1945 -0.7624
vn -0.7982 0.2516 -0.5473
vn -0.9139 0.2881 -0.2859
vn -0.9537 0.3007 0.0000
vn -0.9139 0.2881 0.2859
vn -0.7982 0.2516 0.5473
vn -0.6171 0.1945 0.7625
vn -0.3865 0.1219 0.9142
vn -0.1258 0.0397 0.9913
vn 0.1441 -0.0454 0.9885
vn 0.4020 -0.1267 0.9068
vn 0.6278 -0.1979 0.7528
vn 0.8037 -0.2534 0.5384
vn 0.9154 -0.2886 0.2806
vn 0.8306 -0.4810 -0.2806
vn 0.8654 -0.5011 -0.0000
vn 0.7293 -0.4223 -0.5384
vn 0.5697 -0.3299 -0.7527
vn 0.3649 -0.2113 -0.9068
vn 0.1309 -0.0758 -0.9885
vn -0.1139 0.0660 -0.9913
vn -0.3505 0.2029 -0.9143
vn -0.5597 0.3241 -0.7627
vn -0.7241 0.4193 -0.5476
vn -0.8292 0.4801 -0.2861
vn -0.8654 0.5011 0.0000
vn -0.8292 0.4801 0.2861
vn -0.7241 0.4193 0.5476
vn -0.5597 0.3241 0.7627
vn -0.3505 0.2029 0.9143
vn -0.1139 0.0660 0.9913
vn 0.1309 -0.0758 0.9885
vn 0.3649 -0.2113 0.9068
vn 0.5697 -0.3299 0.7527
vn 0.7293 -0.4223 0.5384
vn 0.8306 -0.4810 0.2806
vn 0.7039 -0.6525 -0.2806
vn 0.7334 -0.6798 -0.0000
vn 0.6180 -0.5729 -0.5384
vn 0.4828 -0.4475 -0.7527
vn 0.3092 -0.2866 -0.9068
vn 0.1110 -0.1029 -0.9885
vn -0.0965 0.0895 -0.9913
vn -0.2970 0.2753 -0.9143
vn -0.4743 0.4397 -0.7627
vn -0.6137 0.5688 -0.5476
vn -0.7027 0.6514 -0.2861
vn -0.7334 0.6798 0.0000
vn -0.7027 0.6514 0.2861
vn -0.6137 0.5688 0.5476
vn -0.4743 0.4397 0.7627
vn -0.2970 0.2753 0.9143
vn -0.0965 0.0895 0.9913
vn 0.1110 -0.1029 0.9885
vn 0.3092 -0.2866 0.9068
vn 0.4828 -0.4475 0.7527
vn 0.6180 -0.5729 0.5384
vn 0.7039 -0.6525 0.2806
vn 0.5425 -0.7918 -0.2806
vn 0.5652 -0.8250 -0.0000
vn 0.4763 -0.6952 -0.5384
vn 0.3721 -0.5431 -0.7527
vn 0.2383 -0.3478 -0.9068
vn 0.0855 -0.1248 -0.9885
vn -0.0744 0.1086 -0.9913
vn -0.2289 0.3341 -0.9143
vn -0.3655 0.5336 -0.7627
vn -0.4729 0.6903 -0.5476
vn -0.5415 0.7905 -0.2861
vn -0.5652 0.8250 0.0000
vn -0.5415 0.7905 0.2861
vn -0.4729 0.6903 0.5476
vn -0.3655 0.5336 0.7627
vn -0.2289 0.3341 0.9143
vn -0.0744 0.1086 0.9913
vn 0.0855 -0.1248 0.9885
vn 0.2383 -0.3478 0.9068
vn 0.3721 -0.5431 0.7527
vn 0.4763 -0.6952 0.5384
vn 0.5425 -0.7918 0.2806
vn 0.4099 -0.8677 -0.2813
vn 0.4265 -0.9045 0.0001
vn 0.3607 -0.7606 -0.5398
vn 0.2825 -0.5922 -0.7546
vn 0.1809 -0.3765 -0.9086
vn 0.0634 -0.1308 -0.9894
vn -0.0611 0.1249 -0.9903
vn -0.1827 0.3699 -0.9109
vn -0.2912 0.5845 -0.7574
vn -0.3768 0.7511 -0.5421
vn -0.4314 0.8568 -0.2827
vn -0.4498 0.8931 -0.0002
vn -0.4304 0.8573 0.2823
vn -0.3752 0.7520 0.5420
vn -0.2895 0.5851 0.7575
vn -0.1814 0.3702 0.9111
vn -0.0605 0.1247 0.9903
vn 0.0632 -0.1312 0.9893
vn 0.1801 -0.3770 0.9086
vn 0.2814 -0.5927 0.7547
vn 0.3597 -0.7610 0.5399
vn 0.4093 -0.8679 0.2815
vn 0.3630 -0.8896 -0.2774
vn 0.3784 -0.9257 -0.0000
vn 0.3189 -0.7830 -0.5341
vn 0.2494 -0.6127 -0.7500
vn 0.1593 -0.3910 -0.9065
vn 0.0556 -0.1355 -0.9892
vn -0.0536 0.1319 -0.9898
vn -0.1593 0.3875 -0.9080
vn -0.2526 0.6093 -0.7517
vn -0.3258 0.7792 -0.5354
vn -0.3726 0.8853 -0.2781
vn -0.3892 0.9212 -0.0002
vn -0.3741 0.8848 0.2777
vn -0.3282 0.7785 0.5350
vn -0.2552 0.6085 0.7514
vn -0.1611 0.3870 0.9079
vn -0.0542 0.1316 0.9898
vn 0.0563 -0.1355 0.9892
vn 0.1611 -0.3906 0.9063
vn 0.2515 -0.6121 0.7497
vn 0.3208 -0.7823 0.5339
vn 0.3641 -0.8891 0.2773
vn 0.3325 -0.9000 -0.2820
vn 0.3466 -0.9380 -0.0001
vn 0.2910 -0.7892 -0.5408
vn 0.2258 -0.6148 -0.7557
vn 0.1429 -0.3908 -0.9093
vn 0.0493 -0.1352 -0.9896
vn -0.0472 0.1316 -0.9902
vn -0.1389 0.3885 -0.9109
vn -0.2187 0.6147 -0.7579
vn -0.2805 0.7916 -0.5429
vn -0.3195 0.9043 -0.2832
vn -0.3328 0.9430 0.0001
vn -0.3192 0.9044 0.2833
vn -0.2798 0.7918 0.5430
vn -0.2180 0.6149 0.7579
vn -0.1383 0.3887 0.9109
vn -0.0470 0.1319 0.9902
vn 0.0489 -0.1351 0.9896
vn 0.1421 -0.3909 0.9094
vn 0.2249 -0.6151 0.7557
vn 0.2901 -0.7896 0.5408
vn 0.3320 -0.9002 0.2818
vn 0.2676 -0.9215 -0.2816
vn 0.2789 -0.9603 -0.0000
vn 0.2345 -0.8081 -0.5403
vn 0.1826 -0.6298 -0.7550
vn 0.1161 -0.4009 -0.9088
vn 0.0403 -0.1398 -0.9894
vn -0.0387 0.1326 -0.9904
vn -0.1146 0.3948 -0.9116
vn -0.1814 0.6256 -0.7588
vn -0.2336 0.8061 -0.5437
vn -0.2669 0.9210 -0.2837
vn -0.2783 0.9605 0.0000
vn -0.2669 0.9210 0.2837
vn -0.2336 0.8061 0.5437
vn -0.1814 0.6256 0.7588
vn -0.1146 0.3948 0.9116
vn -0.0387 0.1326 0.9904
vn 0.0403 -0.1398 0.9894
vn 0.1161 -0.4009 0.9088
vn 0.1826 -0.6298 0.7550
vn 0.2345 -0.8081 0.5403
vn 0.2676 -0.9215 0.2816
vn 0.1224 -0.9520 -0.2805
vn 0.1276 -0.9918 -0.0000
vn 0.1075 -0.8359 -0.5383
vn 0.0839 -0.6530 -0.7527
vn 0.0537 -0.4183 -0.9067
vn 0.0193 -0.1502 -0.9885
vn -0.0168 0.1304 -0.9913
vn -0.0516 0.4016 -0.9144
vn -0.0823 0.6414 -0.7627
vn -0.1065 0.8299 -0.5476
vn -0.1219 0.9504 -0.2861
vn -0.1273 0.9919 0.0000
vn -0.1220 0.9504 0.2861
vn -0.1065 0.8299 0.5476
vn -0.0824 0.6414 0.7627
vn -0.0516 0.4016 0.9144
vn -0.0168 0.1304 0.9913
vn 0.0193 -0.1502 0.9885
vn 0.0538 -0.4183 0.9067
vn 0.0840 -0.6530 0.7527
vn 0.1075 -0.8359 0.5383
vn 0.1224 -0.9520 0.2805
vn 0.0146 -0.9594 -0.2818
vn 0.0152 -0.9999 -0.0000
vn 0.0128 -0.8411 -0.5408
vn 0.0099 -0.6546 -0.7559
vn 0.0063 -0.4151 -0.9097
vn 0.0021 -0.1420 -0.9899
vn -0.0021 0.1426 -0.9898
vn -0.0062 0.4156 -0.9095
vn -0.0097 0.6550 -0.7556
vn -0.0124 0.8413 -0.5405
vn -0.0141 0.9594 -0.2816
vn -0.0147 0.9999 0.0000
vn -0.0141 0.9594 0.2816
vn -0.0124 0.8413 0.5405
vn -0.0097 0.6550 0.7556
vn -0.0061 0.4157 0.9095
vn -0.0021 0.1426 0.9898
vn 0.0021 -0.1420 0.9899
vn 0.0062 -0.4151 0.9097
vn 0.0099 -0.6546 0.7559
vn 0.0127 -0.8411 0.5408
vn 0.0146 -0.9594 0.2818
vn -0.9999 -0.0138 0.0000
vn -0.9999 -0.0138 -0.0000
vn -0.9998 -0.0185 -0.0000
vn -0.9998 -0.0185 0.0000
v 0.060973 0.019311 -0.006287
v 0.061425 0.019311 0
v 0.060412 0.012016 0
v 0.05997 0.012016 -0.006143
v 0.059636 0.019311 -0.012448
v 0.058663 0.012016 -0.012162
v 0.060196 0.028276 -0.012612
v 0.061551 0.028276 -0.006371
v 0.062009 0.028276 0
v 0.057431 0.019311 -0.018353
v 0.056509 0.012016 -0.017932
v 0.054412 0.019311 -0.023887
v 0.053559 0.012016 -0.023339
v 0.054903 0.028276 -0.024202
v 0.057961 0.028276 -0.018595
v 0.050632 0.019311 -0.028932
v 0.049866 0.012016 -0.028268
v 0.046176 0.019311 -0.033391
v 0.045513 0.012016 -0.032625
v 0.046558 0.028276 -0.033832
v 0.051073 0.028276 -0.029314
v 0.041129 0.019311 -0.037167
v 0.040581 0.012016 -0.036314
v 0.035597 0.019311 -0.04019
v 0.035176 0.012016 -0.039268
v 0.03584 0.028276 -0.04072
v 0.041444 0.028276 -0.037657
v 0.02969 0.019311 -0.04239
v 0.029404 0.012016 -0.041418
v 0.023531 0.019311 -0.043733
v 0.023387 0.012016 -0.042729
v 0.023614 0.028276 -0.04431
v 0.029854 0.028276 -0.04295
v 0.017243 0.019311 -0.04418
v 0.017243 0.012016 -0.043166
v 0.010956 0.019311 -0.043733
v 0.0111 0.012016 -0.042729
v 0.010872 0.028276 -0.04431
v 0.017243 0.028276 -0.044763
v 0.004796 0.019311 -0.04239
v 0.005082 0.012016 -0.041418
v -0.001111 0.019311 -0.04019
v -0.00069 0.012016 -0.039268
v -0.001353 0.028276 -0.04072
v 0.004632 0.028276 -0.04295
v -0.006642 0.019311 -0.037167
v -0.006094 0.012016 -0.036314
v -0.01169 0.019311 -0.033391
v -0.011026 0.012016 -0.032625
v -0.012072 0.028276 -0.033832
v -0.006958 0.028276 -0.037657
v -0.016146 0.019311 -0.028932
v -0.01538 0.012016 -0.028268
v -0.019925 0.019311 -0.023887
v -0.019073 0.012016 -0.023339
v -0.020416 0.028276 -0.024202
v -0.016587 0.028276 -0.029314
v -0.022944 0.019311 -0.018353
v -0.022022 0.012016 -0.017932
v -0.025149 0.019311 -0.012448
v -0.024177 0.012016 -0.012162
v -0.025709 0.028276 -0.012612
v -0.023475 0.028276 -0.018595
v -0.026487 0.019311 -0.006287
v -0.025484 0.012016 -0.006143
v -0.026939 0.019311 0
v -0.025926 0.012016 0
v -0.027523 0.028276 0
v -0.027065 0.028276 -0.006371
v -0.026487 0.019311 0.006287
v -0.025484 0.012016 0.006143
v -0.025149 0.019311 0.012448
v -0.024177 0.012016 0.012162
v -0.025709 0.028276 0.012612
v -0.027065 0.028276 0.006371
v -0.022944 0.019311 0.018353
v -0.022022 0.012016 0.017932
v -0.019925 0.019311 0.023887
v -0.019073 0.012016 0.023339
v -0.020416 0.028276 0.024202
v -0.023475 0.028276 0.018595
v -0.016146 0.019311 0.028932
v -0.01538 0.012016 0.028268
v -0.01169 0.019311 0.033391
v -0.011026 0.012016 0.032625
v -0.012072 0.028276 0.033832
v -0.016587 0.028276 0.029314
v -0.006642 0.019311 0.037167
v -0.006094 0.012016 0.036314
v -0.001111 0.019311 0.04019
v -0.00069 0.012016 0.039268
v -0.001353 0.028276 0.04072
v -0.006958 0.028276 0.037657
v 0.004796 0.019311 0.04239
v 0.005082 0.012016 0.041418
v 0.010956 0.019311 0.043733
v 0.0111 0.012016 0.042729
v 0.010872 0.028276 0.04431
v 0.004632 0.028276 0.04295
v 0.017243 0.019311 0.04418
v 0.017243 0.012016 0.043166
v 0.023531 0.019311 0.043733
v 0.023387 0.012016 0.042729
v 0.023614 0.028276 0.04431
v 0.017243 0.028276 0.044763
v 0.02969 0.019311 0.04239
v 0.029404 0.012016 0.041418
v 0.035597 0.019311 0.04019
v 0.035176 0.012016 0.039268
v 0.03584 0.028276 0.04072
v 0.029854 0.028276 0.04295
v 0.041129 0.019311 0.037167
v 0.040581 0.012016 0.036314
v 0.046176 0.019311 0.033391
v 0.045513 0.012016 0.032625
v 0.046558 0.028276 0.033832
v 0.041444 0.028276 0.037657
v 0.050632 0.019311 0.028932
v 0.049866 0.012016 0.028268
v 0.054412 0.019311 0.023887
v 0.053559 0.012016 0.023339
v 0.054903 0.028276 0.024202
v 0.051073 0.028276 0.029314
v 0.05743 0.019311 0.018353
v 0.056509 0.012016 0.017932
v 0.059636 0.019311 0.012448
v 0.058663 0.012016 0.012162
v 0.060196 0.028276 0.012612
v 0.057961 0.028276 0.018595
v 0.060973 0.019311 0.006287
v 0.05997 0.012016 0.006143
v 0.061551 0.028276 0.006371
v 0.061743 0.037242 -0.006398
v 0.062203 0.037242 0
v 0.060382 0.037242 -0.012667
v 0.060382 0.046208 -0.012667
v 0.061743 0.046208 -0.006398
v 0.062203 0.046208 0
v 0.058138 0.037242 -0.018676
v 0.055066 0.037242 -0.024307
v 0.055066 0.046208 -0.024307
v 0.058138 0.046208 -0.018676
v 0.05122 0.037242 -0.029441
v 0.046686 0.037242 -0.033979
v 0.046686 0.046208 -0.033979
v 0.05122 0.046208 -0.029441
v 0.041549 0.037242 -0.037821
v 0.03592 0.037242 -0.040897
v 0.03592 0.046208 -0.040897
v 0.041549 0.046208 -0.037821
v 0.029909 0.037242 -0.043137
v 0.023642 0.037242 -0.044503
v 0.023642 0.046208 -0.044503
v 0.029909 0.046208 -0.043137
v 0.017243 0.037242 -0.044958
v 0.010845 0.037242 -0.044503
v 0.010845 0.046208 -0.044503
v 0.017243 0.046208 -0.044958
v 0.004577 0.037242 -0.043137
v -0.001434 0.037242 -0.040897
v -0.001434 0.046208 -0.040897
v 0.004577 0.046208 -0.043137
v -0.007063 0.037242 -0.037821
v -0.0122 0.037242 -0.033979
v -0.0122 0.046208 -0.033979
v -0.007063 0.046208 -0.037821
v -0.016734 0.037242 -0.029441
v -0.02058 0.037242 -0.024307
v -0.02058 0.046208 -0.024307
v -0.016734 0.046208 -0.029441
v -0.023652 0.037242 -0.018676
v -0.025896 0.037242 -0.012667
v -0.025896 0.046208 -0.012667
v -0.023652 0.046208 -0.018676
v -0.027257 0.037242 -0.006398
v -0.027717 0.037242 0
v -0.027717 0.046208 0
v -0.027257 0.046208 -0.006398
v -0.027257 0.037242 0.006398
v -0.025896 0.037242 0.012667
v -0.025896 0.046208 0.012667
v -0.027257 0.046208 0.006398
v -0.023652 0.037242 0.018676
v -0.02058 0.037242 0.024307
v -0.02058 0.046208 0.024307
v -0.023652 0.046208 0.018676
v -0.016734 0.037242 0.029441
v -0.0122 0.037242 0.033979
v -0.0122 0.046208 0.033979
v -0.016734 0.046208 0.029441
v -0.007063 0.037242 0.037821
v -0.001434 0.037242 0.040897
v -0.001434 0.046208 0.040897
v -0.007063 0.046208 0.037821
v 0.004577 0.037242 0.043137
v 0.010845 0.037242 0.044503
v 0.010845 0.046208 0.044503
v 0.004577 0.046208 0.043137
v 0.017243 0.037242 0.044958
v 0.023642 0.037242 0.044503
v 0.023642 0.046208 0.044503
v 0.017243 0.046208 0.044958
v 0.029909 0.037242 0.043137
v 0.03592 0.037242 0.040897
v 0.03592 0.046208 0.040897
v 0.029909 0.046208 0.043137
v 0.041549 0.037242 0.037821
v 0.046686 0.037242 0.033979
v 0.046686 0.046208 0.033979
v 0.041549 0.046208 0.037821
v 0.05122 0.037242 0.029441
v 0.055066 0.037242 0.024307
v 0.055066 0.046208 0.024307
v 0.05122 0.046208 0.029441
v 0.058138 0.037242 0.018676
v 0.060382 0.037242 0.012667
v 0.060382 0.046208 0.012667
v 0.058138 0.046208 0.018676
v 0.061743 0.037242 0.006398
v 0.061743 0.046208 0.006398
v 0.061743 0.055173 -0.006398
v 0.062203 0.055173 0
v 0.060382 0.055173 -0.012667
v 0.060382 0.064139 -0.012667
v 0.061743 0.064139 -0.006398
v 0.062203 0.064139 0
v 0.058138 0.055173 -0.018676
v 0.055066 0.055173 -0.024307
v 0.055066 0.064139 -0.024307
v 0.058138 0.064139 -0.018676
v 0.05122 0.055173 -0.029441
v 0.046686 0.055173 -0.033979
v 0.046686 0.064139 -0.033979
v 0.05122 0.064139 -0.029441
v 0.041549 0.055173 -0.037821
v 0.03592 0.055173 -0.040897
v 0.03592 0.064139 -0.040897
v 0.041549 0.064139 -0.037821
v 0.029909 0.055173 -0.043137
v 0.023642 0.055173 -0.044503
v 0.023642 0.064139 -0.044503
v 0.029909 0.064139 -0.043137
v 0.017243 0.055173 -0.044958
v 0.010845 0.055173 -0.044503
v 0.010845 0.064139 -0.044503
v 0.017243 0.064139 -0.044958
v 0.004577 0.055173 -0.043137
v -0.001434 0.055173 -0.040897
v -0.001434 0.064139 -0.040897
v 0.004577 0.064139 -0.043137
v -0.007063 0.055173 -0.037821
v -0.0122 0.055173 -0.033979
v -0.0122 0.064139 -0.033979
v -0.007063 0.064139 -0.037821
v -0.016734 0.055173 -0.029441
v -0.02058 0.055173 -0.024307
v -0.02058 0.064139 -0.024307
v -0.016734 0.064139 -0.029441
v -0.023652 0.055173 -0.018676
v -0.025896 0.055173 -0.012667
v -0.025896 0.064139 -0.012667
v -0.023652 0.064139 -0.018676
v -0.027257 0.055173 -0.006398
v -0.027717 0.055173 0
v -0.027717 0.064139 0
v -0.027257 0.064139 -0.006398
v -0.027257 0.055173 0.006398
v -0.025896 0.055173 0.012667
v -0.025896 0.064139 0.012667
v -0.027257 0.064139 0.006398
v -0.023652 0.055173 0.018676
v -0.02058 0.055173 0.024307
v -0.02058 0.064139 0.024307
v -0.023652 0.064139 0.018676
v -0.016734 0.055173 0.029441
v -0.0122 0.055173 0.033979
v -0.0122 0.064139 0.033979
v -0.016734 0.064139 0.029441
v -0.007063 0.055173 0.037821
v -0.001434 0.055173 0.040897
v -0.001434 0.064139 0.040897
v -0.007063 0.064139 0.037821
v 0.004577 0.055173 0.043137
v 0.010845 0.055173 0.044503
v 0.010845 0.064139 0.044503
v 0.004577 0.064139 0.043137
v 0.017243 0.055173 0.044958
v 0.023642 0.055173 0.044503
v 0.023642 0.064139 0.044503
v 0.017243 0.064139 0.044958
v 0.029909 0.055173 0.043137
v 0.03592 0.055173 0.040897
v 0.03592 0.064139 0.040897
v 0.029909 0.064139 0.043137
v 0.041549 0.055173 0.037821
v 0.046686 0.055173 0.033979
v 0.046686 0.064139 0.033979
v 0.041549 0.064139 0.037821
v 0.05122 0.055173 0.029441
v 0.055066 0.055173 0.024307
v 0.055066 0.064139 0.024307
v 0.05122 0.064139 0.029441
v 0.058138 0.055173 0.018676
v 0.060382 0.055173 0.012667
v 0.060382 0.064139 0.012667
v 0.058138 0.064139 0.018676
v 0.061743 0.055173 0.006398
v 0.061743 0.064139 0.006398
v 0.061743 0.073105 -0.006398
v 0.062203 0.073105 0
v 0.060382 0.073105 -0.012667
v 0.060196 0.08207 -0.012612
v 0.061551 0.08207 -0.006371
v 0.062009 0.08207 0
v 0.058138 0.073105 -0.018676
v 0.055066 0.073105 -0.024307
v 0.054903 0.08207 -0.024202
v 0.057961 0.08207 -0.018595
v 0.05122 0.073105 -0.029441
v 0.046686 0.073105 -0.033979
v 0.046558 0.08207 -0.033832
v 0.051073 0.08207 -0.029314
v 0.041549 0.073105 -0.037821
v 0.03592 0.073105 -0.040897
v 0.03584 0.08207 -0.04072
v 0.041444 0.08207 -0.037657
v 0.029909 0.073105 -0.043137
v 0.023642 0.073105 -0.044503
v 0.023614 0.08207 -0.04431
v 0.029854 0.08207 -0.04295
v 0.017243 0.073105 -0.044958
v 0.010845 0.073105 -0.044503
v 0.010872 0.08207 -0.04431
v 0.017243 0.08207 -0.044763
v 0.004577 0.073105 -0.043137
v -0.001434 0.073105 -0.040897
v -0.001353 0.08207 -0.04072
v 0.004632 0.08207 -0.04295
v -0.007063 0.073105 -0.037821
v -0.0122 0.073105 -0.033979
v -0.012072 0.08207 -0.033832
v -0.006958 0.08207 -0.037657
v -0.016734 0.073105 -0.029441
v -0.02058 0.073105 -0.024307
v -0.020416 0.08207 -0.024202
v -0.016587 0.08207 -0.029314
v -0.023652 0.073105 -0.018676
v -0.025896 0.073105 -0.012667
v -0.025709 0.08207 -0.012612
v -0.023475 0.08207 -0.018595
v -0.027257 0.073105 -0.006398
v -0.027717 0.073105 0
v -0.027523 0.08207 0
v -0.027065 0.08207 -0.006371
v -0.027257 0.073105 0.006398
v -0.025896 0.073105 0.012667
v -0.025709 0.08207 0.012612
v -0.027065 0.08207 0.006371
v -0.023652 0.073105 0.018676
v -0.02058 0.073105 0.024307
v -0.020416 0.08207 0.024202
v -0.023475 0.08207 0.018595
v -0.016734 0.073105 0.029441
v -0.0122 0.073105 0.033979
v -0.012072 0.08207 0.033832
v -0.016587 0.08207 0.029314
v -0.007063 0.073105 0.037821
v -0.001434 0.073105 0.040897
v -0.001353 0.08207 0.04072
v -0.006958 0.08207 0.037657
v 0.004577 0.073105 0.043137
v 0.010845 0.073105 0.044503
v 0.010872 0.08207 0.04431
v 0.004632 0.08207 0.04295
v 0.017243 0.073105 0.044958
v 0.023642 0.073105 0.044503
v 0.023614 0.08207 0.04431
v 0.017243 0.08207 0.044763
v 0.029909 0.073105 0.043137
v 0.03592 0.073105 0.040897
v 0.03584 0.08207 0.04072
v 0.029854 0.08207 0.04295
v 0.041549 0.073105 0.037821
v 0.046686 0.073105 0.033979
v 0.046558 0.08207 0.033832
v 0.041444 0.08207 0.037657
v 0.05122 0.073105 0.029441
v 0.055066 0.073105 0.024307
v 0.054903 0.08207 0.024202
v 0.051073 0.08207 0.029314
v 0.058138 0.073105 0.018676
v 0.060382 0.073105 0.012667
v 0.060196 0.08207 0.012612
v 0.057961 0.08207 0.018595
v 0.061743 0.073105 0.006398
v 0.061551 0.08207 0.006371
v 0.060973 0.091036 -0.006287
v 0.061425 0.091036 0
v 0.059636 0.091036 -0.012448
v 0.058663 0.09776 -0.012162
v 0.05997 0.09776 -0.006143
v 0.060412 0.09776 0
v 0.057431 0.091036 -0.018353
v 0.054412 0.091036 -0.023887
v 0.053559 0.09776 -0.023339
v 0.056509 0.09776 -0.017932
v 0.050632 0.091036 -0.028932
v 0.046176 0.091036 -0.033391
v 0.045513 0.09776 -0.032625
v 0.049866 0.09776 -0.028268
v 0.041129 0.091036 -0.037167
v 0.035597 0.091036 -0.04019
v 0.035176 0.09776 -0.039268
v 0.040581 0.09776 -0.036314
v 0.02969 0.091036 -0.04239
v 0.023531 0.091036 -0.043733
v 0.023387 0.09776 -0.042729
v 0.029404 0.09776 -0.041418
v 0.017243 0.091036 -0.04418
v 0.010956 0.091036 -0.043733
v 0.0111 0.09776 -0.042729
v 0.017243 0.09776 -0.043166
v 0.004796 0.091036 -0.04239
v -0.001111 0.091036 -0.04019
v -0.00069 0.09776 -0.039268
v 0.005082 0.09776 -0.041418
v -0.006642 0.091036 -0.037167
v -0.01169 0.091036 -0.033391
v -0.011026 0.09776 -0.032625
v -0.006094 0.09776 -0.036314
v -0.016146 0.091036 -0.028932
v -0.019925 0.091036 -0.023887
v -0.019073 0.09776 -0.023339
v -0.01538 0.09776 -0.028268
v -0.022944 0.091036 -0.018353
v -0.025149 0.091036 -0.012448
v -0.024177 0.09776 -0.012162
v -0.022022 0.09776 -0.017932
v -0.026487 0.091036 -0.006287
v -0.026939 0.091036 0
v -0.025926 0.09776 0
v -0.025484 0.09776 -0.006143
v -0.026487 0.091036 0.006287
v -0.025149 0.091036 0.012448
v -0.024177 0.09776 0.012162
v -0.025484 0.09776 0.006143
v -0.022944 0.091036 0.018353
v -0.019925 0.091036 0.023887
v -0.019073 0.09776 0.023339
v -0.022022 0.09776 0.017932
v -0.016146 0.091036 0.028932
v -0.01169 0.091036 0.033391
v -0.011026 0.09776 0.032625
v -0.01538 0.09776 0.028268
v -0.006642 0.091036 0.037167
v -0.001111 0.091036 0.04019
v -0.00069 0.09776 0.039268
v -0.006094 0.09776 0.036314
v 0.004796 0.091036 0.04239
v 0.010956 0.091036 0.043733
v 0.0111 0.09776 0.042729
v 0.005082 0.09776 0.041418
v 0.017243 0.091036 0.04418
v 0.023531 0.091036 0.043733
v 0.023387 0.09776 0.042729
v 0.017243 0.09776 0.043166
v 0.02969 0.091036 0.04239
v 0.035597 0.091036 0.04019
v 0.035176 0.09776 0.039268
v 0.029404 0.09776 0.041418
v 0.041129 0.091036 0.037167
v 0.046176 0.091036 0.033391
v 0.045513 0.09776 0.032625
v 0.040581 0.09776 0.036314
v 0.050632 0.091036 0.028932
v 0.054412 0.091036 0.023887
v 0.053559 0.09776 0.023339
v 0.049866 0.09776 0.028268
v 0.05743 0.091036 0.018353
v 0.059636 0.091036 0.012448
v 0.058663 0.09776 0.012162
v 0.056509 0.09776 0.017932
v 0.060973 0.091036 0.006287
v 0.05997 0.09776 0.006143
v 0.017243 0 0
v 0.039031 0.000151 0.003133
v 0.042519 0.000268 0.007422
v 0.037266 0.000151 0.009144
v 0.033879 0.000151 0.014415
v 0.039404 0.000268 0.014242
v 0.034494 0.000268 0.019908
v 0.029144 0.000151 0.018518
v 0.023445 0.000151 0.02112
v 0.028186 0.000268 0.023962
v 0.020992 0.000268 0.026074
v 0.017243 0.000151 0.022012
v 0.011042 0.000151 0.02112
v 0.013494 0.000268 0.026074
v 0.0063 0.000268 0.023962
v 0.005343 0.000151 0.018518
v 0.000608 0.000151 0.014415
v -0.000007 0.000268 0.019908
v -0.004918 0.000268 0.014242
v -0.00278 0.000151 0.009144
v -0.004545 0.000151 0.003133
v -0.008032 0.000268 0.007422
v -0.009099 0.000268 0
v -0.004545 0.000151 -0.003133
v -0.00278 0.000151 -0.009144
v -0.008032 0.000268 -0.007422
v -0.004918 0.000268 -0.014242
v 0.000608 0.000151 -0.014415
v 0.005343 0.000151 -0.018518
v -0.000007 0.000268 -0.019908
v 0.0063 0.000268 -0.023962
v 0.011042 0.000151 -0.02112
v 0.017243 0.000151 -0.022012
v 0.013494 0.000268 -0.026074
v 0.020992 0.000268 -0.026074
v 0.023445 0.000151 -0.02112
v 0.029144 0.000151 -0.018518
v 0.028186 0.000268 -0.023962
v 0.034494 0.000268 -0.019908
v 0.033879 0.000151 -0.014415
v 0.037266 0.000151 -0.009144
v 0.039404 0.000268 -0.014242
v 0.042519 0.000268 -0.007422
v 0.039031 0.000151 -0.003133
v 0.043586 0.000268 0
v 0.017243 0.020411 0
v 0.04691 0.03036 0.004266
v 0.052586 0.038098 0
v 0.04691 0.03036 -0.004266
v 0.044507 0.03036 -0.012451
v 0.051154 0.038098 -0.009957
v 0.046975 0.038098 -0.019108
v 0.039895 0.03036 -0.019627
v 0.033447 0.03036 -0.025214
v 0.040388 0.038098 -0.02671
v 0.031925 0.038098 -0.032149
v 0.025687 0.03036 -0.028758
v 0.017243 0.03036 -0.029972
v 0.022273 0.038098 -0.034983
v 0.012214 0.038098 -0.034983
v 0.008799 0.03036 -0.028758
v 0.001039 0.03036 -0.025214
v 0.002561 0.038098 -0.032149
v -0.005901 0.038098 -0.02671
v -0.005408 0.03036 -0.019627
v -0.01002 0.03036 -0.012451
v -0.012489 0.038098 -0.019108
v -0.016668 0.038098 -0.009957
v -0.012424 0.03036 -0.004266
v -0.012424 0.03036 0.004265
v -0.018099 0.038098 0
v -0.016668 0.038098 0.009957
v -0.01002 0.03036 0.012451
v -0.005408 0.03036 0.019627
v -0.012489 0.038098 0.019108
v -0.005901 0.038098 0.02671
v 0.001039 0.03036 0.025214
v 0.008799 0.03036 0.028758
v 0.002561 0.038098 0.032149
v 0.012214 0.038098 0.034983
v 0.017243 0.03036 0.029972
v 0.025687 0.03036 0.028758
v 0.022273 0.038098 0.034983
v 0.031925 0.038098 0.032149
v 0.033447 0.03036 0.025214
v 0.039894 0.03036 0.019627
v 0.040387 0.038098 0.02671
v 0.046975 0.038098 0.019108
v 0.044507 0.03036 0.012451
v 0.051154 0.038098 0.009957
v 0.058501 0.008061 -0.005932
v 0.057239 0.008061 -0.011744
v 0.058928 0.008061 0
v 0.056849 0.005776 0
v 0.056444 0.005776 -0.005636
v 0.055244 0.005776 -0.011158
v 0.058501 0.008061 0.005932
v 0.057239 0.008061 0.011744
v 0.055244 0.005776 0.011158
v 0.056444 0.005776 0.005636
v 0.055159 0.008061 0.017315
v 0.05231 0.008061 0.022536
v 0.050562 0.005776 0.021413
v 0.053268 0.005776 0.016452
v 0.048745 0.008061 0.027296
v 0.044541 0.008061 0.031503
v 0.043179 0.005776 0.029932
v 0.047174 0.005776 0.025935
v 0.039778 0.008061 0.035065
v 0.03456 0.008061 0.037918
v 0.033696 0.005776 0.036027
v 0.038655 0.005776 0.033317
v 0.028986 0.008061 0.039994
v 0.023175 0.008061 0.04126
v 0.02288 0.005776 0.039202
v 0.028401 0.005776 0.037999
v 0.017243 0.008061 0.041682
v 0.011311 0.008061 0.04126
v 0.011607 0.005776 0.039202
v 0.017243 0.005776 0.039604
v 0.0055 0.008061 0.039994
v -0.000073 0.008061 0.037918
v 0.000791 0.005776 0.036027
v 0.006086 0.005776 0.037999
v -0.005292 0.008061 0.035065
v -0.010054 0.008061 0.031503
v -0.008693 0.005776 0.029932
v -0.004168 0.005776 0.033317
v -0.014258 0.008061 0.027296
v -0.017824 0.008061 0.022536
v -0.016075 0.005776 0.021412
v -0.012687 0.005776 0.025935
v -0.020672 0.008061 0.017315
v -0.022753 0.008061 0.011744
v -0.020758 0.005776 0.011158
v -0.018781 0.005776 0.016452
v -0.024015 0.008061 0.005932
v -0.024441 0.008061 0
v -0.022362 0.005776 0
v -0.021957 0.005776 0.005636
v -0.024015 0.008061 -0.005932
v -0.022753 0.008061 -0.011744
v -0.020758 0.005776 -0.011158
v -0.021957 0.005776 -0.005636
v -0.020672 0.008061 -0.017315
v -0.017824 0.008061 -0.022536
v -0.016075 0.005776 -0.021412
v -0.018781 0.005776 -0.016452
v -0.014258 0.008061 -0.027296
v -0.010054 0.008061 -0.031503
v -0.008693 0.005776 -0.029932
v -0.012687 0.005776 -0.025935
v -0.005292 0.008061 -0.035065
v -0.000073 0.008061 -0.037918
v 0.000791 0.005776 -0.036027
v -0.004168 0.005776 -0.033317
v 0.0055 0.008061 -0.039994
v 0.011311 0.008061 -0.04126
v 0.011607 0.005776 -0.039202
v 0.006086 0.005776 -0.037999
v 0.017243 0.008061 -0.041682
v 0.023176 0.008061 -0.04126
v 0.02288 0.005776 -0.039202
v 0.017243 0.005776 -0.039604
v 0.028986 0.008061 -0.039994
v 0.03456 0.008061 -0.037918
v 0.033696 0.005776 -0.036027
v 0.028401 0.005776 -0.037999
v 0.039778 0.008061 -0.035065
v 0.044541 0.008061 -0.031503
v 0.043179 0.005776 -0.029932
v 0.038655 0.005776 -0.033317
v 0.048745 0.008061 -0.027296
v 0.05231 0.008061 -0.022536
v 0.050562 0.005776 -0.021412
v 0.047174 0.005776 -0.025935
v 0.055159 0.008061 -0.017315
v 0.053268 0.005776 -0.016452
v 0.053675 0.003492 -0.005238
v 0.052561 0.003492 -0.01037
v 0.054052 0.003492 0
v 0.05104 0.001628 0
v 0.050694 0.001628 -0.00481
v 0.049671 0.001628 -0.009522
v 0.053675 0.003492 0.005238
v 0.052561 0.003492 0.01037
v 0.049671 0.001628 0.009522
v 0.050694 0.001628 0.00481
v 0.050724 0.003492 0.01529
v 0.048209 0.003492 0.0199
v 0.045675 0.001628 0.018272
v 0.047984 0.001628 0.014039
v 0.04506 0.003492 0.024103
v 0.041348 0.003492 0.027818
v 0.039375 0.001628 0.025542
v 0.042784 0.001628 0.022131
v 0.037143 0.003492 0.030964
v 0.032534 0.003492 0.033482
v 0.031283 0.001628 0.030742
v 0.035514 0.001628 0.02843
v 0.027613 0.003492 0.035316
v 0.022482 0.003492 0.036434
v 0.022053 0.001628 0.033453
v 0.026764 0.001628 0.032426
v 0.017243 0.003492 0.036807
v 0.012005 0.003492 0.036434
v 0.012433 0.001628 0.033453
v 0.017243 0.001628 0.033795
v 0.006873 0.003492 0.035316
v 0.001952 0.003492 0.033482
v 0.003203 0.001628 0.030742
v 0.007722 0.001628 0.032426
v -0.002656 0.003492 0.030964
v -0.006861 0.003492 0.027818
v -0.004889 0.001628 0.025542
v -0.001028 0.001628 0.02843
v -0.010574 0.003492 0.024103
v -0.013722 0.003492 0.0199
v -0.011188 0.001628 0.018272
v -0.008297 0.001628 0.022131
v -0.016238 0.003492 0.01529
v -0.018075 0.003492 0.01037
v -0.015184 0.001628 0.009522
v -0.013498 0.001628 0.014039
v -0.019189 0.003492 0.005238
v -0.019566 0.003492 0
v -0.016553 0.001628 0
v -0.016208 0.001628 0.00481
v -0.019189 0.003492 -0.005238
v -0.018075 0.003492 -0.01037
v -0.015184 0.001628 -0.009522
v -0.016208 0.001628 -0.00481
v -0.016238 0.003492 -0.01529
v -0.013722 0.003492 -0.0199
v -0.011188 0.001628 -0.018272
v -0.013498 0.001628 -0.014039
v -0.010574 0.003492 -0.024103
v -0.006861 0.003492 -0.027818
v -0.004889 0.001628 -0.025542
v -0.008297 0.001628 -0.022131
v -0.002656 0.003492 -0.030964
v 0.001952 0.003492 -0.033482
v 0.003203 0.001628 -0.030742
v -0.001028 0.001628 -0.02843
v 0.006873 0.003492 -0.035316
v 0.012005 0.003492 -0.036434
v 0.012433 0.001628 -0.033453
v 0.007722 0.001628 -0.032426
v 0.017243 0.003492 -0.036807
v 0.022482 0.003492 -0.036434
v 0.022053 0.001628 -0.033453
v 0.017243 0.001628 -0.033795
v 0.027613 0.003492 -0.035316
v 0.032534 0.003492 -0.033482
v 0.031283 0.001628 -0.030742
v 0.026764 0.001628 -0.032426
v 0.037143 0.003492 -0.030964
v 0.041348 0.003492 -0.027818
v 0.039375 0.001628 -0.025542
v 0.035514 0.001628 -0.02843
v 0.04506 0.003492 -0.024103
v 0.048209 0.003492 -0.0199
v 0.045675 0.001628 -0.018272
v 0.042784 0.001628 -0.022131
v 0.050724 0.003492 -0.01529
v 0.047984 0.001628 -0.014039
v 0.047997 0.000604 -0.004422
v 0.047056 0.000604 -0.008754
v 0.048315 0.000604 0
v 0.047997 0.000604 0.004422
v 0.047056 0.000604 0.008754
v 0.045506 0.000604 0.012907
v 0.043382 0.000604 0.016799
v 0.040724 0.000604 0.020347
v 0.037591 0.000604 0.023482
v 0.034041 0.000604 0.026138
v 0.030151 0.000604 0.028264
v 0.025997 0.000604 0.029811
v 0.021665 0.000604 0.030755
v 0.017243 0.000604 0.03107
v 0.012821 0.000604 0.030755
v 0.00849 0.000604 0.029811
v 0.004336 0.000604 0.028264
v 0.000446 0.000604 0.026138
v -0.003104 0.000604 0.023482
v -0.006238 0.000604 0.020347
v -0.008896 0.000604 0.016799
v -0.011019 0.000604 0.012907
v -0.01257 0.000604 0.008754
v -0.013511 0.000604 0.004422
v -0.013829 0.000604 0
v -0.013511 0.000604 -0.004422
v -0.01257 0.000604 -0.008754
v -0.011019 0.000604 -0.012907
v -0.008896 0.000604 -0.016799
v -0.006238 0.000604 -0.020347
v -0.003104 0.000604 -0.023482
v 0.000446 0.000604 -0.026138
v 0.004336 0.000604 -0.028264
v 0.00849 0.000604 -0.029811
v 0.012821 0.000604 -0.030756
v 0.017243 0.000604 -0.03107
v 0.021665 0.000604 -0.030756
v 0.025997 0.000604 -0.029811
v 0.030151 0.000604 -0.028264
v 0.034041 0.000604 -0.026138
v 0.037591 0.000604 -0.023482
v 0.040724 0.000604 -0.020347
v 0.043382 0.000604 -0.016799
v 0.045506 0.000604 -0.012907
v 0.058501 0.100001 -0.005932
v 0.058928 0.100001 0
v 0.057239 0.100001 -0.011744
v 0.056002 0.090052 -0.01138
v 0.057225 0.090052 -0.005748
v 0.057638 0.090052 0
v 0.055159 0.100001 -0.017315
v 0.05231 0.100001 -0.022536
v 0.051225 0.090052 -0.021839
v 0.053986 0.090052 -0.01678
v 0.048745 0.100001 -0.027296
v 0.044541 0.100001 -0.031503
v 0.043696 0.090052 -0.030528
v 0.04777 0.090052 -0.026451
v 0.039778 0.100001 -0.035065
v 0.03456 0.100001 -0.037918
v 0.034024 0.090052 -0.036744
v 0.039081 0.090052 -0.03398
v 0.028986 0.100001 -0.039994
v 0.023176 0.100001 -0.04126
v 0.022992 0.090052 -0.039983
v 0.028623 0.090052 -0.038756
v 0.017243 0.100001 -0.041682
v 0.011311 0.100001 -0.04126
v 0.011494 0.090052 -0.039983
v 0.017243 0.090052 -0.040392
v 0.0055 0.100001 -0.039994
v -0.000073 0.100001 -0.037918
v 0.000463 0.090052 -0.036744
v 0.005863 0.090052 -0.038756
v -0.005292 0.100001 -0.035065
v -0.010054 0.100001 -0.031503
v -0.00921 0.090052 -0.030528
v -0.004595 0.090052 -0.03398
v -0.014258 0.100001 -0.027296
v -0.017824 0.100001 -0.022536
v -0.016739 0.090052 -0.021839
v -0.013283 0.090052 -0.026451
v -0.020672 0.100001 -0.017315
v -0.022753 0.100001 -0.011744
v -0.021515 0.090052 -0.01138
v -0.019499 0.090052 -0.01678
v -0.024015 0.100001 -0.005932
v -0.024441 0.100001 0
v -0.023152 0.090052 0
v -0.022738 0.090052 -0.005748
v -0.024015 0.100001 0.005932
v -0.022753 0.100001 0.011744
v -0.021515 0.090052 0.01138
v -0.022738 0.090052 0.005748
v -0.020672 0.100001 0.017315
v -0.017824 0.100001 0.022536
v -0.016739 0.090052 0.021839
v -0.019499 0.090052 0.01678
v -0.014258 0.100001 0.027296
v -0.010054 0.100001 0.031503
v -0.00921 0.090052 0.030528
v -0.013283 0.090052 0.026451
v -0.005292 0.100001 0.035065
v -0.000073 0.100001 0.037918
v 0.000463 0.090052 0.036744
v -0.004595 0.090052 0.03398
v 0.0055 0.100001 0.039994
v 0.011311 0.100001 0.04126
v 0.011494 0.090052 0.039983
v 0.005863 0.090052 0.038756
v 0.017243 0.100001 0.041682
v 0.023175 0.100001 0.04126
v 0.022992 0.090052 0.039983
v 0.017243 0.090052 0.040392
v 0.028986 0.100001 0.039994
v 0.03456 0.100001 0.037918
v 0.034024 0.090052 0.036744
v 0.028623 0.090052 0.038756
v 0.039778 0.100001 0.035065
v 0.044541 0.100001 0.031503
v 0.043696 0.090052 0.030528
v 0.039081 0.090052 0.03398
v 0.048745 0.100001 0.027296
v 0.05231 0.100001 0.022536
v 0.051225 0.090052 0.021839
v 0.04777 0.090052 0.026451
v 0.055159 0.100001 0.017315
v 0.057239 0.100001 0.011744
v 0.056002 0.090052 0.01138
v 0.053986 0.090052 0.01678
v 0.058501 0.100001 0.005932
v 0.057225 0.090052 0.005748
v 0.056799 0.060206 -0.005687
v 0.057208 0.060206 0
v 0.055589 0.060206 -0.011259
v 0.053595 0.060206 -0.016601
v 0.050864 0.060206 -0.021606
v 0.047445 0.060206 -0.02617
v 0.043415 0.060206 -0.030203
v 0.038849 0.060206 -0.033619
v 0.033845 0.060206 -0.036353
v 0.028502 0.060206 -0.038344
v 0.022931 0.060206 -0.039558
v 0.017243 0.060206 -0.039963
v 0.011556 0.060206 -0.039558
v 0.005984 0.060206 -0.038344
v 0.000641 0.060206 -0.036353
v -0.004362 0.060206 -0.033619
v -0.008928 0.060206 -0.030203
v -0.012958 0.060206 -0.02617
v -0.016377 0.060206 -0.021606
v -0.019108 0.060206 -0.016601
v -0.021103 0.060206 -0.011259
v -0.022313 0.060206 -0.005687
v -0.022721 0.060206 0
v -0.022313 0.060206 0.005687
v -0.021103 0.060206 0.011259
v -0.019108 0.060206 0.016601
v -0.016377 0.060206 0.021606
v -0.012958 0.060206 0.02617
v -0.008928 0.060206 0.030203
v -0.004362 0.060206 0.033619
v 0.000641 0.060206 0.036353
v 0.005984 0.060206 0.038344
v 0.011556 0.060206 0.039558
v 0.017243 0.060206 0.039963
v 0.022931 0.060206 0.039558
v 0.028502 0.060206 0.038344
v 0.033845 0.060206 0.036353
v 0.038849 0.060206 0.033619
v 0.043415 0.060206 0.030203
v 0.047445 0.060206 0.02617
v 0.050864 0.060206 0.021606
v 0.053595 0.060206 0.016601
v 0.055589 0.060206 0.011259
v 0.056799 0.060206 0.005687
vn 0.9871 -0.0743 -0.1419
vn 0.9972 -0.0743 0.0000
vn 0.9831 -0.1829 0.0000
vn 0.9731 -0.1829 -0.1399
vn 0.9568 -0.0743 -0.2810
vn 0.9433 -0.1829 -0.2770
vn 0.9590 -0.0317 -0.2816
vn 0.9893 -0.0317 -0.1422
vn 0.9995 -0.0317 0.0000
vn 0.9071 -0.0743 -0.4143
vn 0.8943 -0.1829 -0.4084
vn 0.8389 -0.0743 -0.5391
vn 0.8271 -0.1829 -0.5315
vn 0.8408 -0.0317 -0.5404
vn 0.9092 -0.0317 -0.4152
vn 0.7537 -0.0743 -0.6531
vn 0.7430 -0.1829 -0.6438
vn 0.6531 -0.0743 -0.7537
vn 0.6438 -0.1829 -0.7430
vn 0.6545 -0.0317 -0.7554
vn 0.7554 -0.0317 -0.6545
vn 0.5391 -0.0743 -0.8389
vn 0.5315 -0.1829 -0.8271
vn 0.4143 -0.0743 -0.9071
vn 0.4084 -0.1829 -0.8943
vn 0.4152 -0.0317 -0.9092
vn 0.5404 -0.0317 -0.8408
vn 0.2810 -0.0743 -0.9568
vn 0.2770 -0.1829 -0.9433
vn 0.1419 -0.0743 -0.9871
vn 0.1399 -0.1829 -0.9731
vn 0.1422 -0.0317 -0.9893
vn 0.2816 -0.0317 -0.9590
vn 0.0000 -0.0743 -0.9972
vn -0.0000 -0.1829 -0.9831
vn -0.1419 -0.0743 -0.9871
vn -0.1399 -0.1829 -0.9731
vn -0.1422 -0.0317 -0.9893
vn 0.0000 -0.0317 -0.9995
vn -0.2810 -0.0743 -0.9568
vn -0.2770 -0.1829 -0.9433
vn -0.4143 -0.0743 -0.9071
vn -0.4084 -0.1829 -0.8943
vn -0.4152 -0.0317 -0.9092
vn -0.2816 -0.0317 -0.9590
vn -0.5391 -0.0743 -0.8389
vn -0.5315 -0.1829 -0.8271
vn -0.6531 -0.0743 -0.7537
vn -0.6438 -0.1829 -0.7430
vn -0.6545 -0.0317 -0.7554
vn -0.5404 -0.0317 -0.8408
vn -0.7537 -0.0743 -0.6531
vn -0.7430 -0.1829 -0.6438
vn -0.8389 -0.0743 -0.5391
vn -0.8271 -0.1829 -0.5315
vn -0.8408 -0.0317 -0.5404
vn -0.7554 -0.0317 -0.6545
vn -0.9071 -0.0743 -0.4143
vn -0.8943 -0.1829 -0.4084
vn -0.9568 -0.0743 -0.2810
vn -0.9433 -0.1829 -0.2770
vn -0.9590 -0.0317 -0.2816
vn -0.9092 -0.0317 -0.4152
vn -0.9871 -0.0743 -0.1419
vn -0.9731 -0.1829 -0.1399
vn -0.9972 -0.0743 -0.0000
vn -0.9831 -0.1829 -0.0000
vn -0.9995 -0.0317 -0.0000
vn -0.9893 -0.0317 -0.1422
vn -0.9871 -0.0743 0.1419
vn -0.9731 -0.1829 0.1399
vn -0.9568 -0.0743 0.2810
vn -0.9433 -0.1829 0.2770
vn -0.9590 -0.0317 0.2816
vn -0.9893 -0.0317 0.1422
vn -0.9071 -0.0743 0.4143
vn -0.8943 -0.1829 0.4084
vn -0.8389 -0.0743 0.5391
vn -0.8271 -0.1829 0.5315
vn -0.8408 -0.0317 0.5404
vn -0.9092 -0.0317 0.4152
vn -0.7537 -0.0743 0.6531
vn -0.7430 -0.1829 0.6438
vn -0.6531 -0.0743 0.7537
vn -0.6438 -0.1829 0.7430
vn -0.6545 -0.0317 0.7554
vn -0.7554 -0.0317 0.6545
vn -0.5391 -0.0743 0.8389
vn -0.5315 -0.1829 0.8271
vn -0.4143 -0.0743 0.9071
vn -0.4084 -0.1829 0.8943
vn -0.4152 -0.0317 0.9092
vn -0.5404 -0.0317 0.8408
vn -0.2810 -0.0743 0.9568
vn -0.2770 -0.1829 0.9433
vn -0.1419 -0.0743 0.9871
vn -0.1399 -0.1829 0.9731
vn -0.1422 -0.0317 0.9893
vn -0.2816 -0.0317 0.9590
vn -0.0000 -0.0743 0.9972
vn -0.0000 -0.1829 0.9831
vn 0.1419 -0.0743 0.9871
vn 0.1399 -0.1829 0.9731
vn 0.1422 -0.0317 0.9893
vn -0.0000 -0.0317 0.9995
vn 0.2810 -0.0743 0.9568
vn 0.2770 -0.1829 0.9433
vn 0.4143 -0.0743 0.9071
vn 0.4084 -0.1829 0.8943
vn 0.4152 -0.0317 0.9092
vn 0.2816 -0.0317 0.9590
vn 0.5391 -0.0743 0.8389
vn 0.5315 -0.1829 0.8271
vn 0.6531 -0.0743 0.7537
vn 0.6438 -0.1829 0.7430
vn 0.6545 -0.0317 0.7554
vn 0.5404 -0.0317 0.8408
vn 0.7537 -0.0743 0.6531
vn 0.7430 -0.1829 0.6438
vn 0.8389 -0.0743 0.5391
vn 0.8271 -0.1829 0.5315
vn 0.8408 -0.0317 0.5404
vn 0.7554 -0.0317 0.6545
vn 0.9071 -0.0743 0.4143
vn 0.8943 -0.1829 0.4084
vn 0.9568 -0.0743 0.2810
vn 0.9433 -0.1829 0.2770
vn 0.9590 -0.0317 0.2816
vn 0.9092 -0.0317 0.4152
vn 0.9871 -0.0743 0.1419
vn 0.9731 -0.1829 0.1399
vn 0.9893 -0.0317 0.1422
vn 0.9898 -0.0079 -0.1423
vn 1.0000 -0.0079 0.0000
vn 0.9595 -0.0079 -0.2817
vn 0.9595 0.0000 -0.2817
vn 0.9898 0.0000 -0.1423
vn 1.0000 0.0000 0.0000
vn 0.9096 -0.0079 -0.4154
vn 0.8412 -0.0079 -0.5406
vn 0.8413 -0.0000 -0.5406
vn 0.9096 0.0000 -0.4154
vn 0.7557 -0.0079 -0.6548
vn 0.6548 -0.0079 -0.7557
vn 0.6549 0.0000 -0.7557
vn 0.7557 -0.0000 -0.6549
vn 0.5406 -0.0079 -0.8412
vn 0.4154 -0.0079 -0.9096
vn 0.4154 -0.0000 -0.9096
vn 0.5406 -0.0000 -0.8413
vn 0.2817 -0.0079 -0.9595
vn 0.1423 -0.0079 -0.9898
vn 0.1423 -0.0000 -0.9898
vn 0.2817 0.0000 -0.9595
vn 0.0000 -0.0079 -1.0000
vn -0.1423 -0.0079 -0.9898
vn -0.1423 0.0000 -0.9898
vn 0.0000 0.0000 -1.0000
vn -0.2817 -0.0079 -0.9595
vn -0.4154 -0.0079 -0.9096
vn -0.4154 -0.0000 -0.9096
vn -0.2817 -0.0000 -0.9595
vn -0.5406 -0.0079 -0.8412
vn -0.6548 -0.0079 -0.7557
vn -0.6549 -0.0000 -0.7557
vn -0.5406 -0.0000 -0.8413
vn -0.7557 -0.0079 -0.6548
vn -0.8412 -0.0079 -0.5406
vn -0.8413 0.0000 -0.5406
vn -0.7557 0.0000 -0.6549
vn -0.9096 -0.0079 -0.4154
vn -0.9595 -0.0079 -0.2817
vn -0.9595 0.0000 -0.2817
vn -0.9096 0.0000 -0.4154
vn -0.9898 -0.0079 -0.1423
vn -1.0000 -0.0079 0.0000
vn -1.0000 -0.0000 -0.0000
vn -0.9898 0.0000 -0.1423
vn -0.9898 -0.0079 0.1423
vn -0.9595 -0.0079 0.2817
vn -0.9595 0.0000 0.2817
vn -0.9898 -0.0000 0.1423
vn -0.9096 -0.0079 0.4154
vn -0.8412 -0.0079 0.5406
vn -0.8413 0.0000 0.5406
vn -0.9096 0.0000 0.4154
vn -0.7557 -0.0079 0.6548
vn -0.6548 -0.0079 0.7557
vn -0.6549 0.0000 0.7557
vn -0.7557 -0.0000 0.6549
vn -0.5406 -0.0079 0.8412
vn -0.4154 -0.0079 0.9096
vn -0.4154 -0.0000 0.9096
vn -0.5406 0.0000 0.8413
vn -0.2817 -0.0079 0.9595
vn -0.1423 -0.0079 0.9898
vn -0.1423 -0.0000 0.9898
vn -0.2817 -0.0000 0.9595
vn -0.0000 -0.0079 1.0000
vn 0.1423 -0.0079 0.9898
vn 0.1423 0.0000 0.9898
vn -0.0000 -0.0000 1.0000
vn 0.2817 -0.0079 0.9595
vn 0.4154 -0.0079 0.9096
vn 0.4154 0.0000 0.9096
vn 0.2817 -0.0000 0.9595
vn 0.5406 -0.0079 0.8412
vn 0.6548 -0.0079 0.7557
vn 0.6549 -0.0000 0.7558
vn 0.5406 -0.0000 0.8413
vn 0.7557 -0.0079 0.6548
vn 0.8412 -0.0079 0.5406
vn 0.8413 0.0000 0.5406
vn 0.7557 -0.0000 0.6549
vn 0.9096 -0.0079 0.4154
vn 0.9595 -0.0079 0.2817
vn 0.9595 -0.0000 0.2817
vn 0.9096 0.0000 0.4154
vn 0.9898 -0.0079 0.1423
vn 0.9898 0.0000 0.1423
vn 0.9898 -0.0000 -0.1423
vn 1.0000 -0.0000 0.0000
vn 0.9096 -0.0000 -0.4154
vn 0.8413 0.0000 -0.5406
vn 0.7557 0.0000 -0.6549
vn 0.5406 0.0000 -0.8413
vn 0.4154 0.0000 -0.9096
vn 0.2817 -0.0000 -0.9595
vn 0.1423 0.0000 -0.9898
vn 0.0000 -0.0000 -1.0000
vn -0.1423 -0.0000 -0.9898
vn -0.2817 0.0000 -0.9595
vn -0.4154 0.0000 -0.9096
vn -0.5406 0.0000 -0.8413
vn -0.6549 0.0000 -0.7557
vn -0.7557 -0.0000 -0.6549
vn -0.9096 -0.0000 -0.4154
vn -0.9595 -0.0000 -0.2817
vn -0.9898 -0.0000 -0.1423
vn -1.0000 0.0000 0.0000
vn -1.0000 -0.0000 0.0000
vn -0.9898 0.0000 0.1423
vn -0.9595 -0.0000 0.2817
vn -0.9096 -0.0000 0.4154
vn -0.8413 -0.0000 0.5406
vn -0.7557 0.0000 0.6549
vn -0.5406 -0.0000 0.8413
vn -0.4154 0.0000 0.9096
vn -0.2817 0.0000 0.9595
vn -0.1423 0.0000 0.9898
vn 0.1423 -0.0000 0.9898
vn -0.0000 0.0000 1.0000
vn 0.2817 0.0000 0.9595
vn 0.4154 -0.0000 0.9096
vn 0.5406 0.0000 0.8413
vn 0.6549 0.0000 0.7558
vn 0.7557 0.0000 0.6549
vn 0.8413 -0.0000 0.5406
vn 0.9096 -0.0000 0.4154
vn 0.9595 0.0000 0.2817
vn 0.9898 -0.0000 0.1423
vn 0.9898 0.0079 -0.1423
vn 1.0000 0.0079 0.0000
vn 0.9595 0.0079 -0.2817
vn 0.9590 0.0317 -0.2816
vn 0.9893 0.0317 -0.1422
vn 0.9995 0.0317 0.0000
vn 0.9096 0.0079 -0.4154
vn 0.8412 0.0079 -0.5406
vn 0.8408 0.0317 -0.5404
vn 0.9092 0.0317 -0.4152
vn 0.7557 0.0079 -0.6548
vn 0.6548 0.0079 -0.7557
vn 0.6545 0.0317 -0.7554
vn 0.7554 0.0317 -0.6545
vn 0.5406 0.0079 -0.8412
vn 0.4154 0.0079 -0.9096
vn 0.4152 0.0317 -0.9092
vn 0.5404 0.0317 -0.8408
vn 0.2817 0.0079 -0.9595
vn 0.1423 0.0079 -0.9898
vn 0.1422 0.0317 -0.9893
vn 0.2816 0.0317 -0.9590
vn 0.0000 0.0079 -1.0000
vn -0.1423 0.0079 -0.9898
vn -0.1422 0.0317 -0.9893
vn 0.0000 0.0317 -0.9995
vn -0.2817 0.0079 -0.9595
vn -0.4154 0.0079 -0.9096
vn -0.4152 0.0317 -0.9092
vn -0.2816 0.0317 -0.9590
vn -0.5406 0.0079 -0.8412
vn -0.6548 0.0079 -0.7557
vn -0.6545 0.0317 -0.7554
vn -0.5404 0.0317 -0.8408
vn -0.7557 0.0079 -0.6548
vn -0.8412 0.0079 -0.5406
vn -0.8408 0.0317 -0.5404
vn -0.7554 0.0317 -0.6545
vn -0.9096 0.0079 -0.4154
vn -0.9595 0.0079 -0.2817
vn -0.9590 0.0317 -0.2816
vn -0.9092 0.0317 -0.4152
vn -0.9898 0.0079 -0.1423
vn -1.0000 0.0079 -0.0000
vn -0.9995 0.0317 -0.0000
vn -0.9893 0.0317 -0.1422
vn -0.9898 0.0079 0.1423
vn -0.9595 0.0079 0.2817
vn -0.9590 0.0317 0.2816
vn -0.9893 0.0317 0.1422
vn -0.9096 0.0079 0.4154
vn -0.8412 0.0079 0.5406
vn -0.8408 0.0317 0.5404
vn -0.9092 0.0317 0.4152
vn -0.7557 0.0079 0.6548
vn -0.6548 0.0079 0.7557
vn -0.6545 0.0317 0.7554
vn -0.7554 0.0317 0.6545
vn -0.5406 0.0079 0.8412
vn -0.4154 0.0079 0.9096
vn -0.4152 0.0317 0.9092
vn -0.5404 0.0317 0.8408
vn -0.2817 0.0079 0.9595
vn -0.1423 0.0079 0.9898
vn -0.1422 0.0317 0.9893
vn -0.2816 0.0317 0.9590
vn -0.0000 0.0079 1.0000
vn 0.1423 0.0079 0.9898
vn 0.1422 0.0317 0.9893
vn -0.0000 0.0317 0.9995
vn 0.2817 0.0079 0.9595
vn 0.4154 0.0079 0.9096
vn 0.4152 0.0317 0.9092
vn 0.2816 0.0317 0.9590
vn 0.5406 0.0079 0.8412
vn 0.6548 0.0079 0.7557
vn 0.6545 0.0317 0.7554
vn 0.5404 0.0317 0.8408
vn 0.7557 0.0079 0.6548
vn 0.8412 0.0079 0.5406
vn 0.8408 0.0317 0.5404
vn 0.7554 0.0317 0.6545
vn 0.9096 0.0079 0.4154
vn 0.9595 0.0079 0.2817
vn 0.9590 0.0317 0.2816
vn 0.9092 0.0317 0.4152
vn 0.9898 0.0079 0.1423
vn 0.9893 0.0317 0.1422
vn 0.9868 0.0785 -0.1419
vn 0.9969 0.0785 0.0000
vn 0.9565 0.0785 -0.2809
vn 0.9226 0.2748 -0.2709
vn 0.9517 0.2748 -0.1368
vn 0.9615 0.2748 0.0000
vn 0.9068 0.0785 -0.4141
vn 0.8387 0.0785 -0.5390
vn 0.8089 0.2748 -0.5198
vn 0.8746 0.2748 -0.3994
vn 0.7534 0.0785 -0.6528
vn 0.6528 0.0785 -0.7534
vn 0.6297 0.2748 -0.7267
vn 0.7267 0.2748 -0.6297
vn 0.5390 0.0785 -0.8387
vn 0.4141 0.0785 -0.9068
vn 0.3994 0.2748 -0.8746
vn 0.5198 0.2748 -0.8089
vn 0.2809 0.0785 -0.9565
vn 0.1419 0.0785 -0.9868
vn 0.1368 0.2748 -0.9517
vn 0.2709 0.2748 -0.9226
vn -0.0000 0.0785 -0.9969
vn -0.1419 0.0785 -0.9868
vn -0.1368 0.2748 -0.9517
vn -0.0000 0.2748 -0.9615
vn -0.2809 0.0785 -0.9565
vn -0.4141 0.0785 -0.9068
vn -0.3994 0.2748 -0.8746
vn -0.2709 0.2748 -0.9226
vn -0.5390 0.0785 -0.8387
vn -0.6528 0.0785 -0.7534
vn -0.6297 0.2748 -0.7267
vn -0.5198 0.2748 -0.8089
vn -0.7534 0.0785 -0.6528
vn -0.8387 0.0785 -0.5390
vn -0.8089 0.2748 -0.5198
vn -0.7267 0.2748 -0.6297
vn -0.9068 0.0785 -0.4141
vn -0.9565 0.0785 -0.2809
vn -0.9226 0.2748 -0.2709
vn -0.8746 0.2748 -0.3994
vn -0.9868 0.0785 -0.1419
vn -0.9969 0.0785 -0.0000
vn -0.9615 0.2748 -0.0000
vn -0.9517 0.2748 -0.1368
vn -0.9868 0.0785 0.1419
vn -0.9565 0.0785 0.2809
vn -0.9226 0.2748 0.2709
vn -0.9517 0.2748 0.1368
vn -0.9068 0.0785 0.4141
vn -0.8387 0.0785 0.5390
vn -0.8089 0.2748 0.5198
vn -0.8746 0.2748 0.3994
vn -0.7534 0.0785 0.6528
vn -0.6528 0.0785 0.7534
vn -0.6297 0.2748 0.7267
vn -0.7267 0.2748 0.6297
vn -0.5390 0.0785 0.8387
vn -0.4141 0.0785 0.9068
vn -0.3994 0.2748 0.8746
vn -0.5198 0.2748 0.8089
vn -0.2809 0.0785 0.9565
vn -0.1419 0.0785 0.9868
vn -0.1368 0.2748 0.9517
vn -0.2709 0.2748 0.9226
vn -0.0000 0.0785 0.9969
vn 0.1419 0.0785 0.9868
vn 0.1368 0.2748 0.9517
vn -0.0000 0.2748 0.9615
vn 0.2809 0.0785 0.9565
vn 0.4141 0.0785 0.9068
vn 0.3994 0.2748 0.8746
vn 0.2709 0.2748 0.9226
vn 0.5390 0.0785 0.8387
vn 0.6528 0.0785 0.7534
vn 0.6297 0.2748 0.7267
vn 0.5198 0.2748 0.8089
vn 0.7534 0.0785 0.6528
vn 0.8387 0.0785 0.5390
vn 0.8089 0.2748 0.5198
vn 0.7267 0.2748 0.6297
vn 0.9068 0.0785 0.4141
vn 0.9565 0.0785 0.2809
vn 0.9226 0.2748 0.2709
vn 0.8746 0.2748 0.3994
vn 0.9868 0.0785 0.1419
vn 0.9517 0.2748 0.1368
vn 0.0000 -1.0000 -0.0000
vn 0.0272 -0.9995 0.0146
vn 0.0617 -0.9972 0.0429
vn 0.0314 -0.9995 0.0010
vn 0.0150 -0.9995 0.0270
vn 0.0505 -0.9969 0.0608
vn 0.0287 -0.9972 0.0695
vn 0.0259 -0.9995 0.0179
vn -0.0020 -0.9995 0.0308
vn 0.0097 -0.9969 0.0784
vn -0.0134 -0.9972 0.0739
vn 0.0121 -0.9995 0.0290
vn -0.0184 -0.9995 0.0249
vn -0.0343 -0.9969 0.0712
vn -0.0513 -0.9972 0.0550
vn -0.0055 -0.9995 0.0310
vn -0.0289 -0.9995 0.0110
vn -0.0673 -0.9969 0.0414
vn -0.0728 -0.9972 0.0185
vn -0.0214 -0.9995 0.0231
vn -0.0302 -0.9995 -0.0064
vn -0.0790 -0.9969 -0.0016
vn -0.0713 -0.9972 -0.0238
vn -0.0305 -0.9995 0.0079
vn -0.0220 -0.9995 -0.0217
vn -0.0656 -0.9969 -0.0441
vn -0.0471 -0.9972 -0.0586
vn -0.0299 -0.9995 -0.0098
vn -0.0068 -0.9995 -0.0302
vn -0.0314 -0.9969 -0.0725
vn -0.0080 -0.9972 -0.0747
vn -0.0198 -0.9995 -0.0244
vn 0.0106 -0.9995 -0.0290
vn 0.0128 -0.9969 -0.0780
vn 0.0337 -0.9972 -0.0672
vn -0.0035 -0.9995 -0.0313
vn 0.0246 -0.9995 -0.0187
vn 0.0529 -0.9969 -0.0587
vn 0.0647 -0.9972 -0.0383
vn 0.0140 -0.9995 -0.0282
vn 0.0308 -0.9995 -0.0024
vn 0.0763 -0.9969 -0.0207
vn 0.0751 -0.9972 0.0027
vn 0.0270 -0.9995 -0.0161
vn 0.0754 -0.9969 0.0238
vn 0.0000 1.0000 -0.0000
vn -0.6790 0.6839 0.2668
vn -0.9486 0.3026 0.0931
vn -0.6788 0.6833 -0.2688
vn -0.4270 0.6839 0.5916
vn -0.9014 0.2417 0.3593
vn -0.7477 0.3026 0.5911
vn -0.7164 0.6833 0.1408
vn -0.0394 0.6839 0.7285
vn -0.5641 0.2417 0.7896
vn -0.3094 0.3026 0.9015
vn -0.5265 0.6833 0.5058
vn 0.3607 0.6839 0.6342
vn -0.0477 0.2417 0.9692
vn 0.2271 0.3026 0.9257
vn -0.1695 0.6833 0.7102
vn 0.6463 0.6839 0.3385
vn 0.4839 0.2417 0.8411
vn 0.6915 0.3026 0.6559
vn 0.2414 0.6833 0.6891
vn 0.7267 0.6839 -0.0647
vn 0.8618 0.2417 0.4460
vn 0.9364 0.3026 0.1779
vn 0.5756 0.6833 0.4492
vn 0.5764 0.6839 -0.4473
vn 0.9661 0.2417 -0.0908
vn 0.8839 0.3026 -0.3565
vn 0.7271 0.6833 0.0667
vn 0.2430 0.6839 -0.6879
vn 0.7637 0.2417 -0.5987
vn 0.5508 0.3026 -0.7778
vn 0.6477 0.6833 -0.3370
vn -0.1675 0.6839 -0.7101
vn 0.3188 0.2417 -0.9165
vn 0.0429 0.3026 -0.9521
vn 0.3627 0.6833 -0.6336
vn -0.5248 0.6839 -0.5068
vn -0.2273 0.2417 -0.9434
vn -0.4787 0.3026 -0.8242
vn -0.0374 0.6833 -0.7292
vn -0.7155 0.6839 -0.1427
vn -0.7013 0.2417 -0.6707
vn -0.8483 0.3026 -0.4345
vn -0.4257 0.6833 -0.5932
vn -0.9525 0.2417 -0.1851
vn 0.9019 -0.4120 -0.1297
vn 0.8743 -0.4120 -0.2567
vn 0.9112 -0.4120 0.0000
vn 0.7919 -0.6106 0.0000
vn 0.7839 -0.6106 -0.1127
vn 0.7598 -0.6106 -0.2231
vn 0.9019 -0.4120 0.1297
vn 0.8743 -0.4120 0.2567
vn 0.7598 -0.6106 0.2231
vn 0.7839 -0.6106 0.1127
vn 0.8288 -0.4120 0.3785
vn 0.7665 -0.4120 0.4926
vn 0.6662 -0.6106 0.4281
vn 0.7203 -0.6106 0.3290
vn 0.6886 -0.4120 0.5967
vn 0.5967 -0.4120 0.6886
vn 0.5186 -0.6106 0.5985
vn 0.5985 -0.6106 0.5186
vn 0.4926 -0.4120 0.7665
vn 0.3785 -0.4120 0.8288
vn 0.3290 -0.6106 0.7203
vn 0.4281 -0.6106 0.6662
vn 0.2567 -0.4120 0.8743
vn 0.1297 -0.4120 0.9019
vn 0.1127 -0.6106 0.7838
vn 0.2231 -0.6106 0.7598
vn -0.0000 -0.4120 0.9112
vn -0.1297 -0.4120 0.9019
vn -0.1127 -0.6106 0.7838
vn -0.0000 -0.6106 0.7919
vn -0.2567 -0.4120 0.8743
vn -0.3785 -0.4120 0.8288
vn -0.3290 -0.6106 0.7203
vn -0.2231 -0.6106 0.7598
vn -0.4926 -0.4120 0.7665
vn -0.5967 -0.4120 0.6886
vn -0.5186 -0.6106 0.5985
vn -0.4281 -0.6106 0.6662
vn -0.6886 -0.4120 0.5967
vn -0.7665 -0.4120 0.4926
vn -0.6662 -0.6106 0.4281
vn -0.5985 -0.6106 0.5186
vn -0.8288 -0.4120 0.3785
vn -0.8743 -0.4120 0.2567
vn -0.7598 -0.6106 0.2231
vn -0.7203 -0.6106 0.3290
vn -0.9019 -0.4120 0.1297
vn -0.9112 -0.4120 -0.0000
vn -0.7919 -0.6106 -0.0000
vn -0.7839 -0.6106 0.1127
vn -0.9019 -0.4120 -0.1297
vn -0.8743 -0.4120 -0.2567
vn -0.7598 -0.6106 -0.2231
vn -0.7839 -0.6106 -0.1127
vn -0.8288 -0.4120 -0.3785
vn -0.7665 -0.4120 -0.4926
vn -0.6662 -0.6106 -0.4281
vn -0.7203 -0.6106 -0.3290
vn -0.6886 -0.4120 -0.5967
vn -0.5967 -0.4120 -0.6886
vn -0.5186 -0.6106 -0.5985
vn -0.5985 -0.6106 -0.5186
vn -0.4926 -0.4120 -0.7665
vn -0.3785 -0.4120 -0.8288
vn -0.3290 -0.6106 -0.7203
vn -0.4281 -0.6106 -0.6662
vn -0.2567 -0.4120 -0.8743
vn -0.1297 -0.4120 -0.9019
vn -0.1127 -0.6106 -0.7838
vn -0.2231 -0.6106 -0.7598
vn -0.0000 -0.4120 -0.9112
vn 0.1297 -0.4120 -0.9019
vn 0.1127 -0.6106 -0.7838
vn -0.0000 -0.6106 -0.7919
vn 0.2567 -0.4120 -0.8743
vn 0.3785 -0.4120 -0.8288
vn 0.3290 -0.6106 -0.7203
vn 0.2231 -0.6106 -0.7598
vn 0.4926 -0.4120 -0.7665
vn 0.5967 -0.4120 -0.6886
vn 0.5186 -0.6106 -0.5985
vn 0.4281 -0.6106 -0.6662
vn 0.6886 -0.4120 -0.5967
vn 0.7665 -0.4120 -0.4926
vn 0.6662 -0.6106 -0.4281
vn 0.5985 -0.6106 -0.5186
vn 0.8288 -0.4120 -0.3785
vn 0.7203 -0.6106 -0.3290
vn 0.6916 -0.7154 -0.0994
vn 0.6704 -0.7154 -0.1968
vn 0.6987 -0.7154 0.0000
vn 0.5585 -0.8295 0.0000
vn 0.5528 -0.8295 -0.0795
vn 0.5359 -0.8295 -0.1574
vn 0.6916 -0.7154 0.0994
vn 0.6704 -0.7154 0.1968
vn 0.5359 -0.8295 0.1574
vn 0.5528 -0.8295 0.0795
vn 0.6355 -0.7154 0.2902
vn 0.5878 -0.7154 0.3777
vn 0.4699 -0.8295 0.3020
vn 0.5080 -0.8295 0.2320
vn 0.5280 -0.7154 0.4575
vn 0.4575 -0.7154 0.5280
vn 0.3658 -0.8295 0.4221
vn 0.4221 -0.8295 0.3658
vn 0.3777 -0.7154 0.5878
vn 0.2902 -0.7154 0.6355
vn 0.2320 -0.8295 0.5081
vn 0.3020 -0.8295 0.4699
vn 0.1968 -0.7154 0.6704
vn 0.0994 -0.7154 0.6916
vn 0.0795 -0.8295 0.5529
vn 0.1574 -0.8295 0.5359
vn -0.0000 -0.7154 0.6987
vn -0.0994 -0.7154 0.6916
vn -0.0795 -0.8295 0.5529
vn -0.0000 -0.8295 0.5585
vn -0.1968 -0.7154 0.6704
vn -0.2902 -0.7154 0.6355
vn -0.2320 -0.8295 0.5081
vn -0.1574 -0.8295 0.5359
vn -0.3777 -0.7154 0.5878
vn -0.4575 -0.7154 0.5280
vn -0.3658 -0.8295 0.4221
vn -0.3020 -0.8295 0.4699
vn -0.5280 -0.7154 0.4575
vn -0.5878 -0.7154 0.3777
vn -0.4699 -0.8295 0.3020
vn -0.4221 -0.8295 0.3658
vn -0.6355 -0.7154 0.2902
vn -0.6704 -0.7154 0.1968
vn -0.5359 -0.8295 0.1574
vn -0.5080 -0.8295 0.2320
vn -0.6916 -0.7154 0.0994
vn -0.6987 -0.7154 -0.0000
vn -0.5585 -0.8295 -0.0000
vn -0.5528 -0.8295 0.0795
vn -0.6916 -0.7154 -0.0994
vn -0.6704 -0.7154 -0.1968
vn -0.5359 -0.8295 -0.1574
vn -0.5528 -0.8295 -0.0795
vn -0.6355 -0.7154 -0.2902
vn -0.5878 -0.7154 -0.3777
vn -0.4699 -0.8295 -0.3020
vn -0.5080 -0.8295 -0.2320
vn -0.5280 -0.7154 -0.4575
vn -0.4575 -0.7154 -0.5280
vn -0.3658 -0.8295 -0.4221
vn -0.4221 -0.8295 -0.3658
vn -0.3777 -0.7154 -0.5878
vn -0.2902 -0.7154 -0.6355
vn -0.2320 -0.8295 -0.5081
vn -0.3020 -0.8295 -0.4699
vn -0.1968 -0.7154 -0.6704
vn -0.0994 -0.7154 -0.6916
vn -0.0795 -0.8295 -0.5529
vn -0.1574 -0.8295 -0.5359
vn -0.0000 -0.7154 -0.6987
vn 0.0994 -0.7154 -0.6916
vn 0.0795 -0.8295 -0.5529
vn 0.0000 -0.8295 -0.5585
vn 0.1968 -0.7154 -0.6704
vn 0.2902 -0.7154 -0.6355
vn 0.2320 -0.8295 -0.5081
vn 0.1574 -0.8295 -0.5359
vn 0.3777 -0.7154 -0.5878
vn 0.4575 -0.7154 -0.5280
vn 0.3658 -0.8295 -0.4221
vn 0.3020 -0.8295 -0.4699
vn 0.5280 -0.7154 -0.4575
vn 0.5878 -0.7154 -0.3777
vn 0.4699 -0.8295 -0.3020
vn 0.4221 -0.8295 -0.3658
vn 0.6355 -0.7154 -0.2902
vn 0.5080 -0.8295 -0.2320
vn 0.2768 -0.9599 -0.0433
vn 0.2741 -0.9587 -0.0763
vn 0.2845 -0.9587 0.0040
vn 0.2778 -0.9599 0.0364
vn 0.2718 -0.9587 0.0839
vn 0.2563 -0.9599 0.1132
vn 0.2372 -0.9587 0.1571
vn 0.2140 -0.9599 0.1809
vn 0.1833 -0.9587 0.2176
vn 0.1544 -0.9599 0.2338
vn 0.1146 -0.9587 0.2604
vn 0.0823 -0.9599 0.2679
vn 0.0366 -0.9587 0.2821
vn 0.0035 -0.9599 0.2802
vn -0.0444 -0.9587 0.2810
vn -0.0756 -0.9599 0.2698
vn -0.1218 -0.9587 0.2571
vn -0.1486 -0.9599 0.2376
vn -0.1893 -0.9587 0.2124
vn -0.2095 -0.9599 0.1861
vn -0.2414 -0.9587 0.1505
vn -0.2534 -0.9599 0.1196
vn -0.2741 -0.9587 0.0763
vn -0.2768 -0.9599 0.0433
vn -0.2845 -0.9587 -0.0040
vn -0.2778 -0.9599 -0.0364
vn -0.2718 -0.9587 -0.0839
vn -0.2563 -0.9599 -0.1132
vn -0.2372 -0.9587 -0.1571
vn -0.2140 -0.9599 -0.1809
vn -0.1833 -0.9587 -0.2176
vn -0.1544 -0.9599 -0.2338
vn -0.1146 -0.9587 -0.2604
vn -0.0823 -0.9599 -0.2679
vn -0.0366 -0.9587 -0.2821
vn -0.0035 -0.9599 -0.2802
vn 0.0444 -0.9587 -0.2810
vn 0.0756 -0.9599 -0.2698
vn 0.1218 -0.9587 -0.2571
vn 0.1486 -0.9599 -0.2376
vn 0.1893 -0.9587 -0.2124
vn 0.2095 -0.9599 -0.1861
vn 0.2414 -0.9587 -0.1505
vn 0.2534 -0.9599 -0.1196
vn -0.1332 0.9909 0.0192
vn -0.1341 0.9910 0.0000
vn -0.1287 0.9910 0.0378
vn -0.9582 0.0526 0.2813
vn -0.9885 0.0526 0.1421
vn -0.9986 0.0526 -0.0000
vn -0.1224 0.9909 0.0559
vn -0.1129 0.9910 0.0725
vn -0.8401 0.0526 0.5399
vn -0.9084 0.0526 0.4148
vn -0.1017 0.9909 0.0881
vn -0.0878 0.9910 0.1014
vn -0.6540 0.0526 0.7547
vn -0.7547 0.0526 0.6540
vn -0.0728 0.9909 0.1132
vn -0.0557 0.9910 0.1220
vn -0.4148 0.0526 0.9084
vn -0.5399 0.0526 0.8401
vn -0.0379 0.9909 0.1291
vn -0.0191 0.9910 0.1328
vn -0.1421 0.0526 0.9884
vn -0.2813 0.0526 0.9582
vn 0.0000 0.9909 0.1346
vn 0.0191 0.9910 0.1328
vn 0.1421 0.0526 0.9884
vn 0.0000 0.0526 0.9986
vn 0.0379 0.9909 0.1291
vn 0.0557 0.9910 0.1220
vn 0.4148 0.0526 0.9084
vn 0.2813 0.0526 0.9582
vn 0.0728 0.9909 0.1132
vn 0.0878 0.9910 0.1014
vn 0.6540 0.0526 0.7547
vn 0.5399 0.0526 0.8401
vn 0.1017 0.9909 0.0881
vn 0.1128 0.9910 0.0725
vn 0.8401 0.0526 0.5399
vn 0.7547 0.0526 0.6540
vn 0.1224 0.9909 0.0559
vn 0.1287 0.9910 0.0378
vn 0.9582 0.0526 0.2813
vn 0.9084 0.0526 0.4148
vn 0.1332 0.9909 0.0192
vn 0.1341 0.9910 -0.0000
vn 0.9986 0.0526 0.0000
vn 0.9885 0.0526 0.1421
vn 0.1332 0.9909 -0.0192
vn 0.1287 0.9910 -0.0378
vn 0.9582 0.0526 -0.2813
vn 0.9885 0.0526 -0.1421
vn 0.1224 0.9909 -0.0559
vn 0.1129 0.9910 -0.0725
vn 0.8401 0.0526 -0.5399
vn 0.9084 0.0526 -0.4148
vn 0.1017 0.9909 -0.0881
vn 0.0878 0.9910 -0.1014
vn 0.6540 0.0526 -0.7547
vn 0.7547 0.0526 -0.6540
vn 0.0728 0.9909 -0.1132
vn 0.0557 0.9910 -0.1220
vn 0.4148 0.0526 -0.9084
vn 0.5399 0.0526 -0.8401
vn 0.0379 0.9909 -0.1291
vn 0.0191 0.9910 -0.1328
vn 0.1421 0.0526 -0.9884
vn 0.2813 0.0526 -0.9582
vn 0.0000 0.9909 -0.1346
vn -0.0191 0.9910 -0.1328
vn -0.1421 0.0526 -0.9884
vn 0.0000 0.0526 -0.9986
vn -0.0379 0.9909 -0.1291
vn -0.0557 0.9910 -0.1220
vn -0.4148 0.0526 -0.9084
vn -0.2813 0.0526 -0.9582
vn -0.0728 0.9909 -0.1132
vn -0.0878 0.9910 -0.1014
vn -0.6540 0.0526 -0.7547
vn -0.5399 0.0526 -0.8401
vn -0.1017 0.9909 -0.0881
vn -0.1129 0.9910 -0.0725
vn -0.8401 0.0526 -0.5399
vn -0.7547 0.0526 -0.6540
vn -0.1224 0.9909 -0.0559
vn -0.1287 0.9910 -0.0378
vn -0.9582 0.0526 -0.2813
vn -0.9084 0.0526 -0.4148
vn -0.1332 0.9909 -0.0192
vn -0.9884 0.0526 -0.1421
vn -0.9862 0.1048 0.1279
vn -0.9948 0.1011 0.0138
vn -0.9506 0.1011 0.2935
vn -0.9102 0.1048 0.4006
vn -0.8294 0.1011 0.5494
vn -0.7605 0.1048 0.6408
vn -0.6410 0.1011 0.7608
vn -0.5492 0.1048 0.8291
vn -0.4007 0.1011 0.9106
vn -0.2933 0.1048 0.9502
vn -0.1279 0.1011 0.9866
vn -0.0137 0.1048 0.9944
vn 0.1552 0.1011 0.9827
vn 0.2670 0.1048 0.9580
vn 0.4258 0.1011 0.8991
vn 0.5261 0.1048 0.8440
vn 0.6619 0.1011 0.7428
vn 0.7425 0.1048 0.6616
vn 0.8443 0.1011 0.5262
vn 0.8988 0.1048 0.4256
vn 0.9584 0.1011 0.2670
vn 0.9823 0.1048 0.1551
vn 0.9948 0.1011 -0.0138
vn 0.9862 0.1048 -0.1279
vn 0.9506 0.1011 -0.2935
vn 0.9102 0.1048 -0.4006
vn 0.8294 0.1011 -0.5494
vn 0.7605 0.1048 -0.6408
vn 0.6410 0.1011 -0.7608
vn 0.5492 0.1048 -0.8291
vn 0.4007 0.1011 -0.9106
vn 0.2933 0.1048 -0.9502
vn 0.1279 0.1011 -0.9866
vn 0.0137 0.1048 -0.9944
vn -0.1552 0.1011 -0.9827
vn -0.2670 0.1048 -0.9580
vn -0.4258 0.1011 -0.8991
vn -0.5261 0.1048 -0.8440
vn -0.6619 0.1011 -0.7428
vn -0.7425 0.1048 -0.6616
vn -0.8443 0.1011 -0.5262
vn -0.8988 0.1048 -0.4256
vn -0.9584 0.1011 -0.2670
vn -0.9823 0.1048 -0.1551
vt 0.7727 0.1000 0.0000
vt 0.7500 0.1000 0.0000
vt 0.7500 0.0000 0.0000
vt 0.7727 0.0000 0.0000
vt 0.7955 0.1000 0.0000
vt 0.7955 0.0000 0.0000
vt 0.7955 0.2000 0.0000
vt 0.7727 0.2000 0.0000
vt 0.7500 0.2000 0.0000
vt 0.8182 0.1000 0.0000
vt 0.8182 0.0000 0.0000
vt 0.8409 0.1000 0.0000
vt 0.8409 0.0000 0.0000
vt 0.8409 0.2000 0.0000
vt 0.8182 0.2000 0.0000
vt 0.8636 0.1000 0.0000
vt 0.8636 0.0000 0.0000
vt 0.8864 0.1000 0.0000
vt 0.8864 0.0000 0.0000
vt 0.8864 0.2000 0.0000
vt 0.8636 0.2000 0.0000
vt 0.9091 0.1000 0.0000
vt 0.9091 0.0000 0.0000
vt 0.9318 0.1000 0.0000
vt 0.9318 0.0000 0.0000
vt 0.9318 0.2000 0.0000
vt 0.9091 0.2000 0.0000
vt 0.9545 0.1000 0.0000
vt 0.9545 0.0000 0.0000
vt 0.9773 0.1000 0.0000
vt 0.9773 0.0000 0.0000
vt 0.9773 0.2000 0.0000
vt 0.9545 0.2000 0.0000
vt 1.0000 0.1000 0.0000
vt 1.0000 0.0000 0.0000
vt 1.0227 0.1000 0.0000
vt 1.0227 0.0000 0.0000
vt 1.0227 0.2000 0.0000
vt 1.0000 0.2000 0.0000
vt 0.0455 0.1000 0.0000
vt 0.0227 0.1000 0.0000
vt 0.0227 0.0000 0.0000
vt 0.0455 0.0000 0.0000
vt 0.0682 0.1000 0.0000
vt 0.0682 0.0000 0.0000
vt 0.0682 0.2000 0.0000
vt 0.0455 0.2000 0.0000
vt 0.0227 0.2000 0.0000
vt 0.0909 0.1000 0.0000
vt 0.0909 0.0000 0.0000
vt 0.1136 0.1000 0.0000
vt 0.1136 0.0000 0.0000
vt 0.1136 0.2000 0.0000
vt 0.0909 0.2000 0.0000
vt 0.1364 0.1000 0.0000
vt 0.1364 0.0000 0.0000
vt 0.1591 0.1000 0.0000
vt 0.1591 0.0000 0.0000
vt 0.1591 0.2000 0.0000
vt 0.1364 0.2000 0.0000
vt 0.1818 0.1000 0.0000
vt 0.1818 0.0000 0.0000
vt 0.2045 0.1000 0.0000
vt 0.2045 0.0000 0.0000
vt 0.2045 0.2000 0.0000
vt 0.1818 0.2000 0.0000
vt 0.2273 0.1000 0.0000
vt 0.2273 0.0000 0.0000
vt 0.2500 0.1000 0.0000
vt 0.2500 0.0000 0.0000
vt 0.2500 0.2000 0.0000
vt 0.2273 0.2000 0.0000
vt 0.2727 0.1000 0.0000
vt 0.2727 0.0000 0.0000
vt 0.2955 0.1000 0.0000
vt 0.2955 0.0000 0.0000
vt 0.2955 0.2000 0.0000
vt 0.2727 0.2000 0.0000
vt 0.3182 0.1000 0.0000
vt 0.3182 0.0000 0.0000
vt 0.3409 0.1000 0.0000
vt 0.3409 0.0000 0.0000
vt 0.3409 0.2000 0.0000
vt 0.3182 0.2000 0.0000
vt 0.3636 0.1000 0.0000
vt 0.3636 0.0000 0.0000
vt 0.3864 0.1000 0.0000
vt 0.3864 0.0000 0.0000
vt 0.3864 0.2000 0.0000
vt 0.3636 0.2000 0.0000
vt 0.4091 0.1000 0.0000
vt 0.4091 0.0000 0.0000
vt 0.4318 0.1000 0.0000
vt 0.4318 0.0000 0.0000
vt 0.4318 0.2000 0.0000
vt 0.4091 0.2000 0.0000
vt 0.4545 0.1000 0.0000
vt 0.4545 0.0000 0.0000
vt 0.4773 0.1000 0.0000
vt 0.4773 0.0000 0.0000
vt 0.4773 0.2000 0.0000
vt 0.4545 0.2000 0.0000
vt 0.5000 0.1000 0.0000
vt 0.5000 0.0000 0.0000
vt 0.5227 0.1000 0.0000
vt 0.5227 0.0000 0.0000
vt 0.5227 0.2000 0.0000
vt 0.5000 0.2000 0.0000
vt 0.5455 0.1000 0.0000
vt 0.5455 0.0000 0.0000
vt 0.5682 0.1000 0.0000
vt 0.5682 0.0000 0.0000
vt 0.5682 0.2000 0.0000
vt 0.5455 0.2000 0.0000
vt 0.5909 0.1000 0.0000
vt 0.5909 0.0000 0.0000
vt 0.6136 0.1000 0.0000
vt 0.6136 0.0000 0.0000
vt 0.6136 0.2000 0.0000
vt 0.5909 0.2000 0.0000
vt 0.6364 0.1000 0.0000
vt 0.6364 0.0000 0.0000
vt 0.6591 0.1000 0.0000
vt 0.6591 0.0000 0.0000
vt 0.6591 0.2000 0.0000
vt 0.6364 0.2000 0.0000
vt 0.6818 0.1000 0.0000
vt 0.6818 0.0000 0.0000
vt 0.7045 0.1000 0.0000
vt 0.7045 0.0000 0.0000
vt 0.7045 0.2000 0.0000
vt 0.6818 0.2000 0.0000
vt 0.7273 0.1000 0.0000
vt 0.7273 0.0000 0.0000
vt 0.7273 0.2000 0.0000
vt 0.7727 0.3000 0.0000
vt 0.7500 0.3000 0.0000
vt 0.7955 0.3000 0.0000
vt 0.7955 0.4000 0.0000
vt 0.7727 0.4000 0.0000
vt 0.7500 0.4000 0.0000
vt 0.8182 0.3000 0.0000
vt 0.8409 0.3000 0.0000
vt 0.8409 0.4000 0.0000
vt 0.8182 0.4000 0.0000
vt 0.8636 0.3000 0.0000
vt 0.8864 0.3000 0.0000
vt 0.8864 0.4000 0.0000
vt 0.8636 0.4000 0.0000
vt 0.9091 0.3000 0.0000
vt 0.9318 0.3000 0.0000
vt 0.9318 0.4000 0.0000
vt 0.9091 0.4000 0.0000
vt 0.9545 0.3000 0.0000
vt 0.9773 0.3000 0.0000
vt 0.9773 0.4000 0.0000
vt 0.9545 0.4000 0.0000
vt 1.0000 0.3000 0.0000
vt 1.0227 0.3000 0.0000
vt 1.0227 0.4000 0.0000
vt 1.0000 0.4000 0.0000
vt 0.0455 0.3000 0.0000
vt 0.0227 0.3000 0.0000
vt 0.0682 0.3000 0.0000
vt 0.0682 0.4000 0.0000
vt 0.0455 0.4000 0.0000
vt 0.0227 0.4000 0.0000
vt 0.0909 0.3000 0.0000
vt 0.1136 0.3000 0.0000
vt 0.1136 0.4000 0.0000
vt 0.0909 0.4000 0.0000
vt 0.1364 0.3000 0.0000
vt 0.1591 0.3000 0.0000
vt 0.1591 0.4000 0.0000
vt 0.1364 0.4000 0.0000
vt 0.1818 0.3000 0.0000
vt 0.2045 0.3000 0.0000
vt 0.2045 0.4000 0.0000
vt 0.1818 0.4000 0.0000
vt 0.2273 0.3000 0.0000
vt 0.2500 0.3000 0.0000
vt 0.2500 0.4000 0.0000
vt 0.2273 0.4000 0.0000
vt 0.2727 0.3000 0.0000
vt 0.2955 0.3000 0.0000
vt 0.2955 0.4000 0.0000
vt 0.2727 0.4000 0.0000
vt 0.3182 0.3000 0.0000
vt 0.3409 0.3000 0.0000
vt 0.3409 0.4000 0.0000
vt 0.3182 0.4000 0.0000
vt 0.3636 0.3000 0.0000
vt 0.3864 0.3000 0.0000
vt 0.3864 0.4000 0.0000
vt 0.3636 0.4000 0.0000
vt 0.4091 0.3000 0.0000
vt 0.4318 0.3000 0.0000
vt 0.4318 0.4000 0.0000
vt 0.4091 0.4000 0.0000
vt 0.4545 0.3000 0.0000
vt 0.4773 0.3000 0.0000
vt 0.4773 0.4000 0.0000
vt 0.4545 0.4000 0.0000
vt 0.5000 0.3000 0.0000
vt 0.5227 0.3000 0.0000
vt 0.5227 0.4000 0.0000
vt 0.5000 0.4000 0.0000
vt 0.5455 0.3000 0.0000
vt 0.5682 0.3000 0.0000
vt 0.5682 0.4000 0.0000
vt 0.5455 0.4000 0.0000
vt 0.5909 0.3000 0.0000
vt 0.6136 0.3000 0.0000
vt 0.6136 0.4000 0.0000
vt 0.5909 0.4000 0.0000
vt 0.6364 0.3000 0.0000
vt 0.6591 0.3000 0.0000
vt 0.6591 0.4000 0.0000
vt 0.6364 0.4000 0.0000
vt 0.6818 0.3000 0.0000
vt 0.7045 0.3000 0.0000
vt 0.7045 0.4000 0.0000
vt 0.6818 0.4000 0.0000
vt 0.7273 0.3000 0.0000
vt 0.7273 0.4000 0.0000
vt 0.7727 0.5000 0.0000
vt 0.7500 0.5000 0.0000
vt 0.7955 0.5000 0.0000
vt 0.7955 0.6000 0.0000
vt 0.7727 0.6000 0.0000
vt 0.7500 0.6000 0.0000
vt 0.8182 0.5000 0.0000
vt 0.8409 0.5000 0.0000
vt 0.8409 0.6000 0.0000
vt 0.8182 0.6000 0.0000
vt 0.8636 0.5000 0.0000
vt 0.8864 0.5000 0.0000
vt 0.8864 0.6000 0.0000
vt 0.8636 0.6000 0.0000
vt 0.9091 0.5000 0.0000
vt 0.9318 0.5000 0.0000
vt 0.9318 0.6000 0.0000
vt 0.9091 0.6000 0.0000
vt 0.9545 0.5000 0.0000
vt 0.9773 0.5000 0.0000
vt 0.9773 0.6000 0.0000
vt 0.9545 0.6000 0.0000
vt 1.0000 0.5000 0.0000
vt 1.0227 0.5000 0.0000
vt 1.0227 0.6000 0.0000
vt 1.0000 0.6000 0.0000
vt 0.0455 0.5000 0.0000
vt 0.0227 0.5000 0.0000
vt 0.0682 0.5000 0.0000
vt 0.0682 0.6000 0.0000
vt 0.0455 0.6000 0.0000
vt 0.0227 0.6000 0.0000
vt 0.0909 0.5000 0.0000
vt 0.1136 0.5000 0.0000
vt 0.1136 0.6000 0.0000
vt 0.0909 0.6000 0.0000
vt 0.1364 0.5000 0.0000
vt 0.1591 0.5000 0.0000
vt 0.1591 0.6000 0.0000
vt 0.1364 0.6000 0.0000
vt 0.1818 0.5000 0.0000
vt 0.2045 0.5000 0.0000
vt 0.2045 0.6000 0.0000
vt 0.1818 0.6000 0.0000
vt 0.2273 0.5000 0.0000
vt 0.2500 0.5000 0.0000
vt 0.2500 0.6000 0.0000
vt 0.2273 0.6000 0.0000
vt 0.2727 0.5000 0.0000
vt 0.2955 0.5000 0.0000
vt 0.2955 0.6000 0.0000
vt 0.2727 0.6000 0.0000
vt 0.3182 0.5000 0.0000
vt 0.3409 0.5000 0.0000
vt 0.3409 0.6000 0.0000
vt 0.3182 0.6000 0.0000
vt 0.3636 0.5000 0.0000
vt 0.3864 0.5000 0.0000
vt 0.3864 0.6000 0.0000
vt 0.3636 0.6000 0.0000
vt 0.4091 0.5000 0.0000
vt 0.4318 0.5000 0.0000
vt 0.4318 0.6000 0.0000
vt 0.4091 0.6000 0.0000
vt 0.4545 0.5000 0.0000
vt 0.4773 0.5000 0.0000
vt 0.4773 0.6000 0.0000
vt 0.4545 0.6000 0.0000
vt 0.5000 0.5000 0.0000
vt 0.5227 0.5000 0.0000
vt 0.5227 0.6000 0.0000
vt 0.5000 0.6000 0.0000
vt 0.5455 0.5000 0.0000
vt 0.5682 0.5000 0.0000
vt 0.5682 0.6000 0.0000
vt 0.5455 0.6000 0.0000
vt 0.5909 0.5000 0.0000
vt 0.6136 0.5000 0.0000
vt 0.6136 0.6000 0.0000
vt 0.5909 0.6000 0.0000
vt 0.6364 0.5000 0.0000
vt 0.6591 0.5000 0.0000
vt 0.6591 0.6000 0.0000
vt 0.6364 0.6000 0.0000
vt 0.6818 0.5000 0.0000
vt 0.7045 0.5000 0.0000
vt 0.7045 0.6000 0.0000
vt 0.6818 0.6000 0.0000
vt 0.7273 0.5000 0.0000
vt 0.7273 0.6000 0.0000
vt 0.7727 0.7000 0.0000
vt 0.7500 0.7000 0.0000
vt 0.7955 0.7000 0.0000
vt 0.7955 0.8000 0.0000
vt 0.7727 0.8000 0.0000
vt 0.7500 0.8000 0.0000
vt 0.8182 0.7000 0.0000
vt 0.8409 0.7000 0.0000
vt 0.8409 0.8000 0.0000
vt 0.8182 0.8000 0.0000
vt 0.8636 0.7000 0.0000
vt 0.8864 0.7000 0.0000
vt 0.8864 0.8000 0.0000
vt 0.8636 0.8000 0.0000
vt 0.9091 0.7000 0.0000
vt 0.9318 0.7000 0.0000
vt 0.9318 0.8000 0.0000
vt 0.9091 0.8000 0.0000
vt 0.9545 0.7000 0.0000
vt 0.9773 0.7000 0.0000
vt 0.9773 0.8000 0.0000
vt 0.9545 0.8000 0.0000
vt 1.0000 0.7000 0.0000
vt 1.0227 0.7000 0.0000
vt 1.0227 0.8000 0.0000
vt 1.0000 0.8000 0.0000
vt 0.0455 0.7000 0.0000
vt 0.0227 0.7000 0.0000
vt 0.0682 0.7000 0.0000
vt 0.0682 0.8000 0.0000
vt 0.0455 0.8000 0.0000
vt 0.0227 0.8000 0.0000
vt 0.0909 0.7000 0.0000
vt 0.1136 0.7000 0.0000
vt 0.1136 0.8000 0.0000
vt 0.0909 0.8000 0.0000
vt 0.1364 0.7000 0.0000
vt 0.1591 0.7000 0.0000
vt 0.1591 0.8000 0.0000
vt 0.1364 0.8000 0.0000
vt 0.1818 0.7000 0.0000
vt 0.2045 0.7000 0.0000
vt 0.2045 0.8000 0.0000
vt 0.1818 0.8000 0.0000
vt 0.2273 0.7000 0.0000
vt 0.2500 0.7000 0.0000
vt 0.2500 0.8000 0.0000
vt 0.2273 0.8000 0.0000
vt 0.2727 0.7000 0.0000
vt 0.2955 0.7000 0.0000
vt 0.2955 0.8000 0.0000
vt 0.2727 0.8000 0.0000
vt 0.3182 0.7000 0.0000
vt 0.3409 0.7000 0.0000
vt 0.3409 0.8000 0.0000
vt 0.3182 0.8000 0.0000
vt 0.3636 0.7000 0.0000
vt 0.3864 0.7000 0.0000
vt 0.3864 0.8000 0.0000
vt 0.3636 0.8000 0.0000
vt 0.4091 0.7000 0.0000
vt 0.4318 0.7000 0.0000
vt 0.4318 0.8000 0.0000
vt 0.4091 0.8000 0.0000
vt 0.4545 0.7000 0.0000
vt 0.4773 0.7000 0.0000
vt 0.4773 0.8000 0.0000
vt 0.4545 0.8000 0.0000
vt 0.5000 0.7000 0.0000
vt 0.5227 0.7000 0.0000
vt 0.5227 0.8000 0.0000
vt 0.5000 0.8000 0.0000
vt 0.5455 0.7000 0.0000
vt 0.5682 0.7000 0.0000
vt 0.5682 0.8000 0.0000
vt 0.5455 0.8000 0.0000
vt 0.5909 0.7000 0.0000
vt 0.6136 0.7000 0.0000
vt 0.6136 0.8000 0.0000
vt 0.5909 0.8000 0.0000
vt 0.6364 0.7000 0.0000
vt 0.6591 0.7000 0.0000
vt 0.6591 0.8000 0.0000
vt 0.6364 0.8000 0.0000
vt 0.6818 0.7000 0.0000
vt 0.7045 0.7000 0.0000
vt 0.7045 0.8000 0.0000
vt 0.6818 0.8000 0.0000
vt 0.7273 0.7000 0.0000
vt 0.7273 0.8000 0.0000
vt 0.7727 0.9000 0.0000
vt 0.7500 0.9000 0.0000
vt 0.7955 0.9000 0.0000
vt 0.7955 1.0000 0.0000
vt 0.7727 1.0000 0.0000
vt 0.7500 1.0000 0.0000
vt 0.8182 0.9000 0.0000
vt 0.8409 0.9000 0.0000
vt 0.8409 1.0000 0.0000
vt 0.8182 1.0000 0.0000
vt 0.8636 0.9000 0.0000
vt 0.8864 0.9000 0.0000
vt 0.8864 1.0000 0.0000
vt 0.8636 1.0000 0.0000
vt 0.9091 0.9000 0.0000
vt 0.9318 0.9000 0.0000
vt 0.9318 1.0000 0.0000
vt 0.9091 1.0000 0.0000
vt 0.9545 0.9000 0.0000
vt 0.9773 0.9000 0.0000
vt 0.9773 1.0000 0.0000
vt 0.9545 1.0000 0.0000
vt 1.0000 0.9000 0.0000
vt 1.0227 0.9000 0.0000
vt 1.0227 1.0000 0.0000
vt 1.0000 1.0000 0.0000
vt 0.0455 0.9000 0.0000
vt 0.0227 0.9000 0.0000
vt 0.0682 0.9000 0.0000
vt 0.0682 1.0000 0.0000
vt 0.0455 1.0000 0.0000
vt 0.0227 1.0000 0.0000
vt 0.0909 0.9000 0.0000
vt 0.1136 0.9000 0.0000
vt 0.1136 1.0000 0.0000
vt 0.0909 1.0000 0.0000
vt 0.1364 0.9000 0.0000
vt 0.1591 0.9000 0.0000
vt 0.1591 1.0000 0.0000
vt 0.1364 1.0000 0.0000
vt 0.1818 0.9000 0.0000
vt 0.2045 0.9000 0.0000
vt 0.2045 1.0000 0.0000
vt 0.1818 1.0000 0.0000
vt 0.2273 0.9000 0.0000
vt 0.2500 0.9000 0.0000
vt 0.2500 1.0000 0.0000
vt 0.2273 1.0000 0.0000
vt 0.2727 0.9000 0.0000
vt 0.2955 0.9000 0.0000
vt 0.2955 1.0000 0.0000
vt 0.2727 1.0000 0.0000
vt 0.3182 0.9000 0.0000
vt 0.3409 0.9000 0.0000
vt 0.3409 1.0000 0.0000
vt 0.3182 1.0000 0.0000
vt 0.3636 0.9000 0.0000
vt 0.3864 0.9000 0.0000
vt 0.3864 1.0000 0.0000
vt 0.3636 1.0000 0.0000
vt 0.4091 0.9000 0.0000
vt 0.4318 0.9000 0.0000
vt 0.4318 1.0000 0.0000
vt 0.4091 1.0000 0.0000
vt 0.4545 0.9000 0.0000
vt 0.4773 0.9000 0.0000
vt 0.4773 1.0000 0.0000
vt 0.4545 1.0000 0.0000
vt 0.5000 0.9000 0.0000
vt 0.5227 0.9000 0.0000
vt 0.5227 1.0000 0.0000
vt 0.5000 1.0000 0.0000
vt 0.5455 0.9000 0.0000
vt 0.5682 0.9000 0.0000
vt 0.5682 1.0000 0.0000
vt 0.5455 1.0000 0.0000
vt 0.5909 0.9000 0.0000
vt 0.6136 0.9000 0.0000
vt 0.6136 1.0000 0.0000
vt 0.5909 1.0000 0.0000
vt 0.6364 0.9000 0.0000
vt 0.6591 0.9000 0.0000
vt 0.6591 1.0000 0.0000
vt 0.6364 1.0000 0.0000
vt 0.6818 0.9000 0.0000
vt 0.7045 0.9000 0.0000
vt 0.7045 1.0000 0.0000
vt 0.6818 1.0000 0.0000
vt 0.7273 0.9000 0.0000
vt 0.7273 1.0000 0.0000
vt 0.5528 0.8674 0.0000
vt 0.6233 0.9200 0.0000
vt 0.6542 0.8376 0.0000
vt 0.7431 0.7805 0.0000
vt 0.7366 0.8682 0.0000
vt 0.8308 0.7866 0.0000
vt 0.8123 0.7007 0.0000
vt 0.8561 0.6046 0.0000
vt 0.8981 0.6818 0.0000
vt 0.9332 0.5623 0.0000
vt 0.8712 0.5000 0.0000
vt 0.8561 0.3954 0.0000
vt 0.9332 0.4377 0.0000
vt 0.8981 0.3182 0.0000
vt 0.8123 0.2993 0.0000
vt 0.7431 0.2195 0.0000
vt 0.8308 0.2134 0.0000
vt 0.7366 0.1318 0.0000
vt 0.6542 0.1624 0.0000
vt 0.5528 0.1326 0.0000
vt 0.6233 0.0800 0.0000
vt 0.5000 0.0623 0.0000
vt 0.4472 0.1326 0.0000
vt 0.3458 0.1624 0.0000
vt 0.3767 0.0800 0.0000
vt 0.2634 0.1318 0.0000
vt 0.2569 0.2195 0.0000
vt 0.1877 0.2993 0.0000
vt 0.1692 0.2134 0.0000
vt 0.1019 0.3182 0.0000
vt 0.1439 0.3954 0.0000
vt 0.1288 0.5000 0.0000
vt 0.0668 0.4377 0.0000
vt 0.0668 0.5623 0.0000
vt 0.1439 0.6046 0.0000
vt 0.1877 0.7007 0.0000
vt 0.1019 0.6818 0.0000
vt 0.1692 0.7866 0.0000
vt 0.2569 0.7805 0.0000
vt 0.3458 0.8376 0.0000
vt 0.2634 0.8682 0.0000
vt 0.3767 0.9200 0.0000
vt 0.4472 0.8674 0.0000
vt 0.5000 0.9377 0.0000
vt 0.4296 0.9899 0.0000
vt 0.3606 0.9749 0.0000
vt 0.3591 0.9797 0.0000
vt 0.5000 0.9949 0.0000
vt 0.5704 0.9899 0.0000
vt 0.6394 0.9749 0.0000
vt 0.6409 0.9797 0.0000
vt 0.7056 0.9502 0.0000
vt 0.7676 0.9164 0.0000
vt 0.7703 0.9206 0.0000
vt 0.8241 0.8740 0.0000
vt 0.8740 0.8241 0.0000
vt 0.8779 0.8274 0.0000
vt 0.9163 0.7676 0.0000
vt 0.9502 0.7056 0.0000
vt 0.9548 0.7077 0.0000
vt 0.9749 0.6394 0.0000
vt 0.9899 0.5704 0.0000
vt 0.9949 0.5712 0.0000
vt 0.9949 0.5000 0.0000
vt 0.9899 0.4296 0.0000
vt 0.9949 0.4288 0.0000
vt 0.9749 0.3606 0.0000
vt 0.9502 0.2944 0.0000
vt 0.9548 0.2923 0.0000
vt 0.9163 0.2324 0.0000
vt 0.8740 0.1759 0.0000
vt 0.8779 0.1726 0.0000
vt 0.8241 0.1260 0.0000
vt 0.7676 0.0836 0.0000
vt 0.7703 0.0794 0.0000
vt 0.7056 0.0498 0.0000
vt 0.6394 0.0251 0.0000
vt 0.6409 0.0203 0.0000
vt 0.5704 0.0101 0.0000
vt 0.5000 0.0051 0.0000
vt 0.4296 0.0101 0.0000
vt 0.3606 0.0251 0.0000
vt 0.3591 0.0203 0.0000
vt 0.2944 0.0498 0.0000
vt 0.2324 0.0836 0.0000
vt 0.2297 0.0794 0.0000
vt 0.1759 0.1260 0.0000
vt 0.1260 0.1759 0.0000
vt 0.1221 0.1726 0.0000
vt 0.0837 0.2324 0.0000
vt 0.0498 0.2944 0.0000
vt 0.0452 0.2923 0.0000
vt 0.0251 0.3606 0.0000
vt 0.0101 0.4296 0.0000
vt 0.0051 0.4288 0.0000
vt 0.0051 0.5000 0.0000
vt 0.0101 0.5704 0.0000
vt 0.0051 0.5712 0.0000
vt 0.0251 0.6394 0.0000
vt 0.0498 0.7056 0.0000
vt 0.0452 0.7077 0.0000
vt 0.0837 0.7676 0.0000
vt 0.1260 0.8241 0.0000
vt 0.1221 0.8274 0.0000
vt 0.1759 0.8740 0.0000
vt 0.2324 0.9164 0.0000
vt 0.2297 0.9206 0.0000
vt 0.2944 0.9502 0.0000
f 1411/604/1368 1412/605/1369 1413/606/1370 1414/607/1371
f 1415/608/1372 1411/604/1368 1414/607/1371 1416/609/1373
f 1411/604/1368 1415/608/1372 1417/610/1374 1418/611/1375
f 1412/605/1369 1411/604/1368 1418/611/1375 1419/612/1376
f 1420/613/1377 1415/608/1372 1416/609/1373 1421/614/1378
f 1422/615/1379 1420/613/1377 1421/614/1378 1423/616/1380
f 1420/613/1377 1422/615/1379 1424/617/1381 1425/618/1382
f 1415/608/1372 1420/613/1377 1425/618/1382 1417/610/1374
f 1426/619/1383 1422/615/1379 1423/616/1380 1427/620/1384
f 1428/621/1385 1426/619/1383 1427/620/1384 1429/622/1386
f 1426/619/1383 1428/621/1385 1430/623/1387 1431/624/1388
f 1422/615/1379 1426/619/1383 1431/624/1388 1424/617/1381
f 1432/625/1389 1428/621/1385 1429/622/1386 1433/626/1390
f 1434/627/1391 1432/625/1389 1433/626/1390 1435/628/1392
f 1432/625/1389 1434/627/1391 1436/629/1393 1437/630/1394
f 1428/621/1385 1432/625/1389 1437/630/1394 1430/623/1387
f 1438/631/1395 1434/627/1391 1435/628/1392 1439/632/1396
f 1440/633/1397 1438/631/1395 1439/632/1396 1441/634/1398
f 1438/631/1395 1440/633/1397 1442/635/1399 1443/636/1400
f 1434/627/1391 1438/631/1395 1443/636/1400 1436/629/1393
f 1444/637/1401 1440/633/1397 1441/634/1398 1445/638/1402
f 1446/639/1403 1444/637/1401 1445/638/1402 1447/640/1404
f 1444/637/1401 1446/639/1403 1448/641/1405 1449/642/1406
f 1440/633/1397 1444/637/1401 1449/642/1406 1442/635/1399
f 1450/643/1407 1446/644/1403 1447/645/1404 1451/646/1408
f 1452/647/1409 1450/643/1407 1451/646/1408 1453/648/1410
f 1450/643/1407 1452/647/1409 1454/649/1411 1455/650/1412
f 1446/644/1403 1450/643/1407 1455/650/1412 1448/651/1405
f 1456/652/1413 1452/647/1409 1453/648/1410 1457/653/1414
f 1458/654/1415 1456/652/1413 1457/653/1414 1459/655/1416
f 1456/652/1413 1458/654/1415 1460/656/1417 1461/657/1418
f 1452/647/1409 1456/652/1413 1461/657/1418 1454/649/1411
f 1462/658/1419 1458/654/1415 1459/655/1416 1463/659/1420
f 1464/660/1421 1462/658/1419 1463/659/1420 1465/661/1422
f 1462/658/1419 1464/660/1421 1466/662/1423 1467/663/1424
f 1458/654/1415 1462/658/1419 1467/663/1424 1460/656/1417
f 1468/664/1425 1464/660/1421 1465/661/1422 1469/665/1426
f 1470/666/1427 1468/664/1425 1469/665/1426 1471/667/1428
f 1468/664/1425 1470/666/1427 1472/668/1429 1473/669/1430
f 1464/660/1421 1468/664/1425 1473/669/1430 1466/662/1423
f 1474/670/1431 1470/666/1427 1471/667/1428 1475/671/1432
f 1476/672/1433 1474/670/1431 1475/671/1432 1477/673/1434
f 1474/670/1431 1476/672/1433 1478/674/1435 1479/675/1436
f 1470/666/1427 1474/670/1431 1479/675/1436 1472/668/1429
f 1480/676/1437 1476/672/1433 1477/673/1434 1481/677/1438
f 1482/678/1439 1480/676/1437 1481/677/1438 1483/679/1440
f 1480/676/1437 1482/678/1439 1484/680/1441 1485/681/1442
f 1476/672/1433 1480/676/1437 1485/681/1442 1478/674/1435
f 1486/682/1443 1482/678/1439 1483/679/1440 1487/683/1444
f 1488/684/1445 1486/682/1443 1487/683/1444 1489/685/1446
f 1486/682/1443 1488/684/1445 1490/686/1447 1491/687/1448
f 1482/678/1439 1486/682/1443 1491/687/1448 1484/680/1441
f 1492/688/1449 1488/684/1445 1489/685/1446 1493/689/1450
f 1494/690/1451 1492/688/1449 1493/689/1450 1495/691/1452
f 1492/688/1449 1494/690/1451 1496/692/1453 1497/693/1454
f 1488/684/1445 1492/688/1449 1497/693/1454 1490/686/1447
f 1498/694/1455 1494/690/1451 1495/691/1452 1499/695/1456
f 1500/696/1457 1498/694/1455 1499/695/1456 1501/697/1458
f 1498/694/1455 1500/696/1457 1502/698/1459 1503/699/1460
f 1494/690/1451 1498/694/1455 1503/699/1460 1496/692/1453
f 1504/700/1461 1500/696/1457 1501/697/1458 1505/701/1462
f 1506/702/1463 1504/700/1461 1505/701/1462 1507/703/1464
f 1504/700/1461 1506/702/1463 1508/704/1465 1509/705/1466
f 1500/696/1457 1504/700/1461 1509/705/1466 1502/698/1459
f 1510/706/1467 1506/702/1463 1507/703/1464 1511/707/1468
f 1512/708/1469 1510/706/1467 1511/707/1468 1513/709/1470
f 1510/706/1467 1512/708/1469 1514/710/1471 1515/711/1472
f 1506/702/1463 1510/706/1467 1515/711/1472 1508/704/1465
f 1516/712/1473 1512/708/1469 1513/709/1470 1517/713/1474
f 1518/714/1475 1516/712/1473 1517/713/1474 1519/715/1476
f 1516/712/1473 1518/714/1475 1520/716/1477 1521/717/1478
f 1512/708/1469 1516/712/1473 1521/717/1478 1514/710/1471
f 1522/718/1479 1518/714/1475 1519/715/1476 1523/719/1480
f 1524/720/1481 1522/718/1479 1523/719/1480 1525/721/1482
f 1522/718/1479 1524/720/1481 1526/722/1483 1527/723/1484
f 1518/714/1475 1522/718/1479 1527/723/1484 1520/716/1477
f 1528/724/1485 1524/720/1481 1525/721/1482 1529/725/1486
f 1530/726/1487 1528/724/1485 1529/725/1486 1531/727/1488
f 1528/724/1485 1530/726/1487 1532/728/1489 1533/729/1490
f 1524/720/1481 1528/724/1485 1533/729/1490 1526/722/1483
f 1534/730/1491 1530/726/1487 1531/727/1488 1535/731/1492
f 1536/732/1493 1534/730/1491 1535/731/1492 1537/733/1494
f 1534/730/1491 1536/732/1493 1538/734/1495 1539/735/1496
f 1530/726/1487 1534/730/1491 1539/735/1496 1532/728/1489
f 1540/736/1497 1536/732/1493 1537/733/1494 1541/737/1498
f 1412/605/1369 1540/736/1497 1541/737/1498 1413/606/1370
f 1540/736/1497 1412/605/1369 1419/612/1376 1542/738/1499
f 1536/732/1493 1540/736/1497 1542/738/1499 1538/734/1495
f 1543/739/1500 1544/740/1501 1419/612/1376 1418/611/1375
f 1545/741/1502 1543/739/1500 1418/611/1375 1417/610/1374
f 1543/739/1500 1545/741/1502 1546/742/1503 1547/743/1504
f 1544/740/1501 1543/739/1500 1547/743/1504 1548/744/1505
f 1549/745/1506 1545/741/1502 1417/610/1374 1425/618/1382
f 1550/746/1507 1549/745/1506 1425/618/1382 1424/617/1381
f 1549/745/1506 1550/746/1507 1551/747/1508 1552/748/1509
f 1545/741/1502 1549/745/1506 1552/748/1509 1546/742/1503
f 1553/749/1510 1550/746/1507 1424/617/1381 1431/624/1388
f 1554/750/1511 1553/749/1510 1431/624/1388 1430/623/1387
f 1553/749/1510 1554/750/1511 1555/751/1512 1556/752/1513
f 1550/746/1507 1553/749/1510 1556/752/1513 1551/747/1508
f 1557/753/1514 1554/750/1511 1430/623/1387 1437/630/1394
f 1558/754/1515 1557/753/1514 1437/630/1394 1436/629/1393
f 1557/753/1514 1558/754/1515 1559/755/1516 1560/756/1517
f 1554/750/1511 1557/753/1514 1560/756/1517 1555/751/1512
f 1561/757/1518 1558/754/1515 1436/629/1393 1443/636/1400
f 1562/758/1519 1561/757/1518 1443/636/1400 1442/635/1399
f 1561/757/1518 1562/758/1519 1563/759/1520 1564/760/1521
f 1558/754/1515 1561/757/1518 1564/760/1521 1559/755/1516
f 1565/761/1522 1562/758/1519 1442/635/1399 1449/642/1406
f 1566/762/1523 1565/761/1522 1449/642/1406 1448/641/1405
f 1565/761/1522 1566/762/1523 1567/763/1524 1568/764/1525
f 1562/758/1519 1565/761/1522 1568/764/1525 1563/759/1520
f 1569/765/1526 1566/766/1523 1448/651/1405 1455/650/1412
f 1570/767/1527 1569/765/1526 1455/650/1412 1454/649/1411
f 1569/765/1526 1570/767/1527 1571/768/1528 1572/769/1529
f 1566/766/1523 1569/765/1526 1572/769/1529 1567/770/1524
f 1573/771/1530 1570/767/1527 1454/649/1411 1461/657/1418
f 1574/772/1531 1573/771/1530 1461/657/1418 1460/656/1417
f 1573/771/1530 1574/772/1531 1575/773/1532 1576/774/1533
f 1570/767/1527 1573/771/1530 1576/774/1533 1571/768/1528
f 1577/775/1534 1574/772/1531 1460/656/1417 1467/663/1424
f 1578/776/1535 1577/775/1534 1467/663/1424 1466/662/1423
f 1577/775/1534 1578/776/1535 1579/777/1536 1580/778/1537
f 1574/772/1531 1577/775/1534 1580/778/1537 1575/773/1532
f 1581/779/1538 1578/776/1535 1466/662/1423 1473/669/1430
f 1582/780/1539 1581/779/1538 1473/669/1430 1472/668/1429
f 1581/779/1538 1582/780/1539 1583/781/1540 1584/782/1541
f 1578/776/1535 1581/779/1538 1584/782/1541 1579/777/1536
f 1585/783/1542 1582/780/1539 1472/668/1429 1479/675/1436
f 1586/784/1543 1585/783/1542 1479/675/1436 1478/674/1435
f 1585/783/1542 1586/784/1543 1587/785/1544 1588/786/1545
f 1582/780/1539 1585/783/1542 1588/786/1545 1583/781/1540
f 1589/787/1546 1586/784/1543 1478/674/1435 1485/681/1442
f 1590/788/1547 1589/787/1546 1485/681/1442 1484/680/1441
f 1589/787/1546 1590/788/1547 1591/789/1548 1592/790/1549
f 1586/784/1543 1589/787/1546 1592/790/1549 1587/785/1544
f 1593/791/1550 1590/788/1547 1484/680/1441 1491/687/1448
f 1594/792/1551 1593/791/1550 1491/687/1448 1490/686/1447
f 1593/791/1550 1594/792/1551 1595/793/1552 1596/794/1553
f 1590/788/1547 1593/791/1550 1596/794/1553 1591/789/1548
f 1597/795/1554 1594/792/1551 1490/686/1447 1497/693/1454
f 1598/796/1555 1597/795/1554 1497/693/1454 1496/692/1453
f 1597/795/1554 1598/796/1555 1599/797/1556 1600/798/1557
f 1594/792/1551 1597/795/1554 1600/798/1557 1595/793/1552
f 1601/799/1558 1598/796/1555 1496/692/1453 1503/699/1460
f 1602/800/1559 1601/799/1558 1503/699/1460 1502/698/1459
f 1601/799/1558 1602/800/1559 1603/801/1560 1604/802/1561
f 1598/796/1555 1601/799/1558 1604/802/1561 1599/797/1556
f 1605/803/1562 1602/800/1559 1502/698/1459 1509/705/1466
f 1606/804/1563 1605/803/1562 1509/705/1466 1508/704/1465
f 1605/803/1562 1606/804/1563 1607/805/1564 1608/806/1565
f 1602/800/1559 1605/803/1562 1608/806/1565 1603/801/1560
f 1609/807/1566 1606/804/1563 1508/704/1465 1515/711/1472
f 1610/808/1567 1609/807/1566 1515/711/1472 1514/710/1471
f 1609/807/1566 1610/808/1567 1611/809/1568 1612/810/1569
f 1606/804/1563 1609/807/1566 1612/810/1569 1607/805/1564
f 1613/811/1570 1610/808/1567 1514/710/1471 1521/717/1478
f 1614/812/1571 1613/811/1570 1521/717/1478 1520/716/1477
f 1613/811/1570 1614/812/1571 1615/813/1572 1616/814/1573
f 1610/808/1567 1613/811/1570 1616/814/1573 1611/809/1568
f 1617/815/1574 1614/812/1571 1520/716/1477 1527/723/1484
f 1618/816/1575 1617/815/1574 1527/723/1484 1526/722/1483
f 1617/815/1574 1618/816/1575 1619/817/1576 1620/818/1577
f 1614/812/1571 1617/815/1574 1620/818/1577 1615/813/1572
f 1621/819/1578 1618/816/1575 1526/722/1483 1533/729/1490
f 1622/820/1579 1621/819/1578 1533/729/1490 1532/728/1489
f 1621/819/1578 1622/820/1579 1623/821/1580 1624/822/1581
f 1618/816/1575 1621/819/1578 1624/822/1581 1619/817/1576
f 1625/823/1582 1622/820/1579 1532/728/1489 1539/735/1496
f 1626/824/1583 1625/823/1582 1539/735/1496 1538/734/1495
f 1625/823/1582 1626/824/1583 1627/825/1584 1628/826/1585
f 1622/820/1579 1625/823/1582 1628/826/1585 1623/821/1580
f 1629/827/1586 1626/824/1583 1538/734/1495 1542/738/1499
f 1544/740/1501 1629/827/1586 1542/738/1499 1419/612/1376
f 1629/827/1586 1544/740/1501 1548/744/1505 1630/828/1587
f 1626/824/1583 1629/827/1586 1630/828/1587 1627/825/1584
f 1895/897/1805 1896/1099/1806 1897/1100/1807 1898/1101/1808
f 1899/1102/1809 1895/897/1805 1898/1101/1808 1900/1103/1810
f 1895/897/1805 1899/1102/1809 1901/1104/1811 1902/1105/1812
f 1903/1106/1813 1895/897/1805 1902/1105/1812 1904/1107/1814
f 1895/897/1805 1903/1106/1813 1905/1108/1815 1906/1109/1816
f 1907/1110/1817 1895/897/1805 1906/1109/1816 1908/1111/1818
f 1895/897/1805 1907/1110/1817 1909/1112/1819 1910/1113/1820
f 1911/1114/1821 1895/897/1805 1910/1113/1820 1912/1115/1822
f 1895/897/1805 1911/1114/1821 1913/1116/1823 1914/1117/1824
f 1915/1118/1825 1895/897/1805 1914/1117/1824 1916/1119/1826
f 1895/897/1805 1915/1118/1825 1917/1120/1827 1918/1121/1828
f 1919/1122/1829 1895/897/1805 1918/1121/1828 1920/1123/1830
f 1895/897/1805 1919/1122/1829 1921/1124/1831 1922/1125/1832
f 1923/1126/1833 1895/897/1805 1922/1125/1832 1924/1127/1834
f 1895/897/1805 1923/1126/1833 1925/1128/1835 1926/1129/1836
f 1927/1130/1837 1895/897/1805 1926/1129/1836 1928/1131/1838
f 1895/897/1805 1927/1130/1837 1929/1132/1839 1930/1133/1840
f 1931/1134/1841 1895/897/1805 1930/1133/1840 1932/1135/1842
f 1895/897/1805 1931/1134/1841 1933/1136/1843 1934/1137/1844
f 1935/1138/1845 1895/897/1805 1934/1137/1844 1936/1139/1846
f 1895/897/1805 1935/1138/1845 1937/1140/1847 1938/1141/1848
f 1896/1099/1806 1895/897/1805 1938/1141/1848 1939/1142/1849
f 1940/897/1850 1941/1099/1851 1942/1142/1852 1943/1141/1853
f 1944/1138/1854 1940/897/1850 1943/1141/1853 1945/1140/1855
f 1940/897/1850 1944/1138/1854 1946/1139/1856 1947/1137/1857
f 1948/1134/1858 1940/897/1850 1947/1137/1857 1949/1136/1859
f 1940/897/1850 1948/1134/1858 1950/1135/1860 1951/1133/1861
f 1952/1130/1862 1940/897/1850 1951/1133/1861 1953/1132/1863
f 1940/897/1850 1952/1130/1862 1954/1131/1864 1955/1129/1865
f 1956/1126/1866 1940/897/1850 1955/1129/1865 1957/1128/1867
f 1940/897/1850 1956/1126/1866 1958/1127/1868 1959/1125/1869
f 1960/1122/1870 1940/897/1850 1959/1125/1869 1961/1124/1871
f 1940/897/1850 1960/1122/1870 1962/1123/1872 1963/1121/1873
f 1964/1118/1874 1940/897/1850 1963/1121/1873 1965/1120/1875
f 1940/897/1850 1964/1118/1874 1966/1119/1876 1967/1117/1877
f 1968/1114/1878 1940/897/1850 1967/1117/1877 1969/1116/1879
f 1940/897/1850 1968/1114/1878 1970/1115/1880 1971/1113/1881
f 1972/1110/1882 1940/897/1850 1971/1113/1881 1973/1112/1883
f 1940/897/1850 1972/1110/1882 1974/1111/1884 1975/1109/1885
f 1976/1106/1886 1940/897/1850 1975/1109/1885 1977/1108/1887
f 1940/897/1850 1976/1106/1886 1978/1107/1888 1979/1105/1889
f 1980/1102/1890 1940/897/1850 1979/1105/1889 1981/1104/1891
f 1940/897/1850 1980/1102/1890 1982/1103/1892 1983/1101/1893
f 1941/1099/1851 1940/897/1850 1983/1101/1893 1984/1100/1894
f 1985/1143/1895 1986/1144/1896 1416/1145/1373 1414/1143/1371
f 1987/1146/1897 1985/1143/1895 1414/1143/1371 1413/1080/1370
f 1985/1143/1895 1987/1146/1897 1988/1146/1898 1989/1143/1899
f 1986/1144/1896 1985/1143/1895 1989/1143/1899 1990/1144/1900
f 1991/1147/1901 1987/1146/1897 1413/1080/1370 1541/1147/1498
f 1992/1148/1902 1991/1147/1901 1541/1147/1498 1537/1149/1494
f 1991/1147/1901 1992/1148/1902 1993/1148/1903 1994/1147/1904
f 1987/1146/1897 1991/1147/1901 1994/1147/1904 1988/1146/1898
f 1995/1150/1905 1992/1148/1902 1537/1149/1494 1535/1150/1492
f 1996/1151/1906 1995/1150/1905 1535/1150/1492 1531/1152/1488
f 1995/1150/1905 1996/1151/1906 1997/1151/1907 1998/1150/1908
f 1992/1148/1902 1995/1150/1905 1998/1150/1908 1993/1148/1903
f 1999/1153/1909 1996/1151/1906 1531/1152/1488 1529/1153/1486
f 2000/1154/1910 1999/1153/1909 1529/1153/1486 1525/1155/1482
f 1999/1153/1909 2000/1154/1910 2001/1154/1911 2002/1153/1912
f 1996/1151/1906 1999/1153/1909 2002/1153/1912 1997/1151/1907
f 2003/1156/1913 2000/1154/1910 1525/1155/1482 1523/1156/1480
f 2004/1157/1914 2003/1156/1913 1523/1156/1480 1519/1158/1476
f 2003/1156/1913 2004/1157/1914 2005/1157/1915 2006/1156/1916
f 2000/1154/1910 2003/1156/1913 2006/1156/1916 2001/1154/1911
f 2007/1159/1917 2004/1157/1914 1519/1158/1476 1517/1159/1474
f 2008/1160/1918 2007/1159/1917 1517/1159/1474 1513/1161/1470
f 2007/1159/1917 2008/1160/1918 2009/1160/1919 2010/1159/1920
f 2004/1157/1914 2007/1159/1917 2010/1159/1920 2005/1157/1915
f 2011/1162/1921 2008/1160/1918 1513/1161/1470 1511/1162/1468
f 2012/1163/1922 2011/1162/1921 1511/1162/1468 1507/1164/1464
f 2011/1162/1921 2012/1163/1922 2013/1163/1923 2014/1162/1924
f 2008/1160/1918 2011/1162/1921 2014/1162/1924 2009/1160/1919
f 2015/1165/1925 2012/1163/1922 1507/1164/1464 1505/1165/1462
f 2016/1166/1926 2015/1165/1925 1505/1165/1462 1501/1167/1458
f 2015/1165/1925 2016/1166/1926 2017/1166/1927 2018/1165/1928
f 2012/1163/1922 2015/1165/1925 2018/1165/1928 2013/1163/1923
f 2019/1168/1929 2016/1166/1926 1501/1167/1458 1499/1168/1456
f 2020/1169/1930 2019/1168/1929 1499/1168/1456 1495/1170/1452
f 2019/1168/1929 2020/1169/1930 2021/1169/1931 2022/1168/1932
f 2016/1166/1926 2019/1168/1929 2022/1168/1932 2017/1166/1927
f 2023/1171/1933 2020/1169/1930 1495/1170/1452 1493/1171/1450
f 2024/1172/1934 2023/1171/1933 1493/1171/1450 1489/1173/1446
f 2023/1171/1933 2024/1172/1934 2025/1172/1935 2026/1171/1936
f 2020/1169/1930 2023/1171/1933 2026/1171/1936 2021/1169/1931
f 2027/1174/1937 2024/1172/1934 1489/1173/1446 1487/1174/1444
f 2028/1175/1938 2027/1174/1937 1487/1174/1444 1483/1176/1440
f 2027/1174/1937 2028/1175/1938 2029/1175/1939 2030/1174/1940
f 2024/1172/1934 2027/1174/1937 2030/1174/1940 2025/1172/1935
f 2031/1177/1941 2028/1175/1938 1483/1176/1440 1481/1177/1438
f 2032/1178/1942 2031/1177/1941 1481/1177/1438 1477/707/1434
f 2031/1177/1941 2032/1178/1942 2033/1178/1943 2034/1177/1944
f 2028/1175/1938 2031/1177/1941 2034/1177/1944 2029/1175/1939
f 2035/1179/1945 2032/1178/1942 1477/707/1434 1475/1179/1432
f 2036/1180/1946 2035/1179/1945 1475/1179/1432 1471/1181/1428
f 2035/1179/1945 2036/1180/1946 2037/1180/1947 2038/1179/1948
f 2032/1178/1942 2035/1179/1945 2038/1179/1948 2033/1178/1943
f 2039/1182/1949 2036/1180/1946 1471/1181/1428 1469/1182/1426
f 2040/1183/1950 2039/1182/1949 1469/1182/1426 1465/1184/1422
f 2039/1182/1949 2040/1183/1950 2041/1183/1951 2042/1182/1952
f 2036/1180/1946 2039/1182/1949 2042/1182/1952 2037/1180/1947
f 2043/1185/1953 2040/1183/1950 1465/1184/1422 1463/1185/1420
f 2044/1186/1954 2043/1185/1953 1463/1185/1420 1459/1187/1416
f 2043/1185/1953 2044/1186/1954 2045/1186/1955 2046/1185/1956
f 2040/1183/1950 2043/1185/1953 2046/1185/1956 2041/1183/1951
f 2047/1188/1957 2044/1186/1954 1459/1187/1416 1457/1188/1414
f 2048/1189/1958 2047/1188/1957 1457/1188/1414 1453/1190/1410
f 2047/1188/1957 2048/1189/1958 2049/1189/1959 2050/1188/1960
f 2044/1186/1954 2047/1188/1957 2050/1188/1960 2045/1186/1955
f 2051/1191/1961 2048/1189/1958 1453/1190/1410 1451/1191/1408
f 2052/1192/1962 2051/1191/1961 1451/1191/1408 1447/1193/1404
f 2051/1191/1961 2052/1192/1962 2053/1192/1963 2054/1191/1964
f 2048/1189/1958 2051/1191/1961 2054/1191/1964 2049/1189/1959
f 2055/1194/1965 2052/1192/1962 1447/1193/1404 1445/1194/1402
f 2056/1195/1966 2055/1194/1965 1445/1194/1402 1441/1196/1398
f 2055/1194/1965 2056/1195/1966 2057/1195/1967 2058/1194/1968
f 2052/1192/1962 2055/1194/1965 2058/1194/1968 2053/1192/1963
f 2059/1197/1969 2056/1195/1966 1441/1196/1398 1439/1197/1396
f 2060/1198/1970 2059/1197/1969 1439/1197/1396 1435/1199/1392
f 2059/1197/1969 2060/1198/1970 2061/1198/1971 2062/1197/1972
f 2056/1195/1966 2059/1197/1969 2062/1197/1972 2057/1195/1967
f 2063/1200/1973 2060/1198/1970 1435/1199/1392 1433/1200/1390
f 2064/1201/1974 2063/1200/1973 1433/1200/1390 1429/1202/1386
f 2063/1200/1973 2064/1201/1974 2065/1201/1975 2066/1200/1976
f 2060/1198/1970 2063/1200/1973 2066/1200/1976 2061/1198/1971
f 2067/1203/1977 2064/1201/1974 1429/1202/1386 1427/1203/1384
f 2068/1204/1978 2067/1203/1977 1427/1203/1384 1423/1205/1380
f 2067/1203/1977 2068/1204/1978 2069/1204/1979 2070/1203/1980
f 2064/1201/1974 2067/1203/1977 2070/1203/1980 2065/1201/1975
f 2071/1206/1981 2068/1204/1978 1423/1205/1380 1421/1206/1378
f 1986/1144/1896 2071/1206/1981 1421/1206/1378 1416/1145/1373
f 2071/1206/1981 1986/1144/1896 1990/1144/1900 2072/1206/1982
f 2068/1204/1978 2071/1206/1981 2072/1206/1982 2069/1204/1979
f 2073/1143/1983 2074/1144/1984 1990/1144/1900 1989/1143/1899
f 2075/1146/1985 2073/1143/1983 1989/1143/1899 1988/1146/1898
f 2073/1143/1983 2075/1146/1985 2076/1146/1986 2077/1143/1987
f 2074/1144/1984 2073/1143/1983 2077/1143/1987 2078/1144/1988
f 2079/1147/1989 2075/1146/1985 1988/1146/1898 1994/1147/1904
f 2080/1148/1990 2079/1147/1989 1994/1147/1904 1993/1148/1903
f 2079/1147/1989 2080/1148/1990 2081/1148/1991 2082/1147/1992
f 2075/1146/1985 2079/1147/1989 2082/1147/1992 2076/1146/1986
f 2083/1150/1993 2080/1148/1990 1993/1148/1903 1998/1150/1908
f 2084/1151/1994 2083/1150/1993 1998/1150/1908 1997/1151/1907
f 2083/1150/1993 2084/1151/1994 2085/1151/1995 2086/1150/1996
f 2080/1148/1990 2083/1150/1993 2086/1150/1996 2081/1148/1991
f 2087/1153/1997 2084/1151/1994 1997/1151/1907 2002/1153/1912
f 2088/1154/1998 2087/1153/1997 2002/1153/1912 2001/1154/1911
f 2087/1153/1997 2088/1154/1998 2089/1154/1999 2090/1153/2000
f 2084/1151/1994 2087/1153/1997 2090/1153/2000 2085/1151/1995
f 2091/1156/2001 2088/1154/1998 2001/1154/1911 2006/1156/1916
f 2092/1157/2002 2091/1156/2001 2006/1156/1916 2005/1157/1915
f 2091/1156/2001 2092/1157/2002 2093/1157/2003 2094/1156/2004
f 2088/1154/1998 2091/1156/2001 2094/1156/2004 2089/1154/1999
f 2095/1159/2005 2092/1157/2002 2005/1157/1915 2010/1159/1920
f 2096/1160/2006 2095/1159/2005 2010/1159/1920 2009/1160/1919
f 2095/1159/2005 2096/1160/2006 2097/1160/2007 2098/1159/2008
f 2092/1157/2002 2095/1159/2005 2098/1159/2008 2093/1157/2003
f 2099/1162/2009 2096/1160/2006 2009/1160/1919 2014/1162/1924
f 2100/1163/2010 2099/1162/2009 2014/1162/1924 2013/1163/1923
f 2099/1162/2009 2100/1163/2010 2101/1163/2011 2102/1162/2012
f 2096/1160/2006 2099/1162/2009 2102/1162/2012 2097/1160/2007
f 2103/1165/2013 2100/1163/2010 2013/1163/1923 2018/1165/1928
f 2104/1166/2014 2103/1165/2013 2018/1165/1928 2017/1166/1927
f 2103/1165/2013 2104/1166/2014 2105/1166/2015 2106/1165/2016
f 2100/1163/2010 2103/1165/2013 2106/1165/2016 2101/1163/2011
f 2107/1168/2017 2104/1166/2014 2017/1166/1927 2022/1168/1932
f 2108/1169/2018 2107/1168/2017 2022/1168/1932 2021/1169/1931
f 2107/1168/2017 2108/1169/2018 2109/1169/2019 2110/1168/2020
f 2104/1166/2014 2107/1168/2017 2110/1168/2020 2105/1166/2015
f 2111/1171/2021 2108/1169/2018 2021/1169/1931 2026/1171/1936
f 2112/1172/2022 2111/1171/2021 2026/1171/1936 2025/1172/1935
f 2111/1171/2021 2112/1172/2022 2113/1172/2023 2114/1171/2024
f 2108/1169/2018 2111/1171/2021 2114/1171/2024 2109/1169/2019
f 2115/1174/2025 2112/1172/2022 2025/1172/1935 2030/1174/1940
f 2116/1175/2026 2115/1174/2025 2030/1174/1940 2029/1175/1939
f 2115/1174/2025 2116/1175/2026 2117/1175/2027 2118/1174/2028
f 2112/1172/2022 2115/1174/2025 2118/1174/2028 2113/1172/2023
f 2119/1177/2029 2116/1175/2026 2029/1175/1939 2034/1177/1944
f 2120/1178/2030 2119/1177/2029 2034/1177/1944 2033/1178/1943
f 2119/1177/2029 2120/1178/2030 2121/1178/2031 2122/1177/2032
f 2116/1175/2026 2119/1177/2029 2122/1177/2032 2117/1175/2027
f 2123/1179/2033 2120/1178/2030 2033/1178/1943 2038/1179/1948
f 2124/1180/2034 2123/1179/2033 2038/1179/1948 2037/1180/1947
f 2123/1179/2033 2124/1180/2034 2125/1180/2035 2126/1179/2036
f 2120/1178/2030 2123/1179/2033 2126/1179/2036 2121/1178/2031
f 2127/1182/2037 2124/1180/2034 2037/1180/1947 2042/1182/1952
f 2128/1183/2038 2127/1182/2037 2042/1182/1952 2041/1183/1951
f 2127/1182/2037 2128/1183/2038 2129/1183/2039 2130/1182/2040
f 2124/1180/2034 2127/1182/2037 2130/1182/2040 2125/1180/2035
f 2131/1185/2041 2128/1183/2038 2041/1183/1951 2046/1185/1956
f 2132/1186/2042 2131/1185/2041 2046/1185/1956 2045/1186/1955
f 2131/1185/2041 2132/1186/2042 2133/1186/2043 2134/1185/2044
f 2128/1183/2038 2131/1185/2041 2134/1185/2044 2129/1183/2039
f 2135/1188/2045 2132/1186/2042 2045/1186/1955 2050/1188/1960
f 2136/1189/2046 2135/1188/2045 2050/1188/1960 2049/1189/1959
f 2135/1188/2045 2136/1189/2046 2137/1189/2047 2138/1188/2048
f 2132/1186/2042 2135/1188/2045 2138/1188/2048 2133/1186/2043
f 2139/1191/2049 2136/1189/2046 2049/1189/1959 2054/1191/1964
f 2140/1192/2050 2139/1191/2049 2054/1191/1964 2053/1192/1963
f 2139/1191/2049 2140/1192/2050 2141/1192/2051 2142/1191/2052
f 2136/1189/2046 2139/1191/2049 2142/1191/2052 2137/1189/2047
f 2143/1194/2053 2140/1192/2050 2053/1192/1963 2058/1194/1968
f 2144/1195/2054 2143/1194/2053 2058/1194/1968 2057/1195/1967
f 2143/1194/2053 2144/1195/2054 2145/1195/2055 2146/1194/2056
f 2140/1192/2050 2143/1194/2053 2146/1194/2056 2141/1192/2051
f 2147/1197/2057 2144/1195/2054 2057/1195/1967 2062/1197/1972
f 2148/1198/2058 2147/1197/2057 2062/1197/1972 2061/1198/1971
f 2147/1197/2057 2148/1198/2058 2149/1198/2059 2150/1197/2060
f 2144/1195/2054 2147/1197/2057 2150/1197/2060 2145/1195/2055
f 2151/1200/2061 2148/1198/2058 2061/1198/1971 2066/1200/1976
f 2152/1201/2062 2151/1200/2061 2066/1200/1976 2065/1201/1975
f 2151/1200/2061 2152/1201/2062 2153/1201/2063 2154/1200/2064
f 2148/1198/2058 2151/1200/2061 2154/1200/2064 2149/1198/2059
f 2155/1203/2065 2152/1201/2062 2065/1201/1975 2070/1203/1980
f 2156/1204/2066 2155/1203/2065 2070/1203/1980 2069/1204/1979
f 2155/1203/2065 2156/1204/2066 2157/1204/2067 2158/1203/2068
f 2152/1201/2062 2155/1203/2065 2158/1203/2068 2153/1201/2063
f 2159/1206/2069 2156/1204/2066 2069/1204/1979 2072/1206/1982
f 2074/1144/1984 2159/1206/2069 2072/1206/1982 1990/1144/1900
f 2159/1206/2069 2074/1144/1984 2078/1144/1988 2160/1206/2070
f 2156/1204/2066 2159/1206/2069 2160/1206/2070 2157/1204/2067
f 2161/1143/2071 2162/1144/2072 2078/1144/1988 2077/1143/1987
f 2163/1146/2073 2161/1143/2071 2077/1143/1987 2076/1146/1986
f 2161/1143/2071 2163/1146/2073 1939/1142/1849 1938/1141/1848
f 2162/1144/2072 2161/1143/2071 1938/1141/1848 1937/1140/1847
f 2164/1147/2074 2163/1146/2073 2076/1146/1986 2082/1147/1992
f 2165/1148/2075 2164/1147/2074 2082/1147/1992 2081/1148/1991
f 2164/1147/2074 2165/1148/2075 1897/1100/1807 1896/1099/1806
f 2163/1146/2073 2164/1147/2074 1896/1099/1806 1939/1142/1849
f 2166/1150/2076 2165/1148/2075 2081/1148/1991 2086/1150/1996
f 2167/1151/2077 2166/1150/2076 2086/1150/1996 2085/1151/1995
f 2166/1150/2076 2167/1151/2077 1900/1103/1810 1898/1101/1808
f 2165/1148/2075 2166/1150/2076 1898/1101/1808 1897/1100/1807
f 2168/1153/2078 2167/1151/2077 2085/1151/1995 2090/1153/2000
f 2169/1154/2079 2168/1153/2078 2090/1153/2000 2089/1154/1999
f 2168/1153/2078 2169/1154/2079 1901/1104/1811 1899/1102/1809
f 2167/1151/2077 2168/1153/2078 1899/1102/1809 1900/1103/1810
f 2170/1156/2080 2169/1154/2079 2089/1154/1999 2094/1156/2004
f 2171/1157/2081 2170/1156/2080 2094/1156/2004 2093/1157/2003
f 2170/1156/2080 2171/1157/2081 1904/1107/1814 1902/1105/1812
f 2169/1154/2079 2170/1156/2080 1902/1105/1812 1901/1104/1811
f 2172/1159/2082 2171/1157/2081 2093/1157/2003 2098/1159/2008
f 2173/1160/2083 2172/1159/2082 2098/1159/2008 2097/1160/2007
f 2172/1159/2082 2173/1160/2083 1905/1108/1815 1903/1106/1813
f 2171/1157/2081 2172/1159/2082 1903/1106/1813 1904/1107/1814
f 2174/1162/2084 2173/1160/2083 2097/1160/2007 2102/1162/2012
f 2175/1163/2085 2174/1162/2084 2102/1162/2012 2101/1163/2011
f 2174/1162/2084 2175/1163/2085 1908/1111/1818 1906/1109/1816
f 2173/1160/2083 2174/1162/2084 1906/1109/1816 1905/1108/1815
f 2176/1165/2086 2175/1163/2085 2101/1163/2011 2106/1165/2016
f 2177/1166/2087 2176/1165/2086 2106/1165/2016 2105/1166/2015
f 2176/1165/2086 2177/1166/2087 1909/1112/1819 1907/1110/1817
f 2175/1163/2085 2176/1165/2086 1907/1110/1817 1908/1111/1818
f 2178/1168/2088 2177/1166/2087 2105/1166/2015 2110/1168/2020
f 2179/1169/2089 2178/1168/2088 2110/1168/2020 2109/1169/2019
f 2178/1168/2088 2179/1169/2089 1912/1115/1822 1910/1113/1820
f 2177/1166/2087 2178/1168/2088 1910/1113/1820 1909/1112/1819
f 2180/1171/2090 2179/1169/2089 2109/1169/2019 2114/1171/2024
f 2181/1172/2091 2180/1171/2090 2114/1171/2024 2113/1172/2023
f 2180/1171/2090 2181/1172/2091 1913/1116/1823 1911/1114/1821
f 2179/1169/2089 2180/1171/2090 1911/1114/1821 1912/1115/1822
f 2182/1174/2092 2181/1172/2091 2113/1172/2023 2118/1174/2028
f 2183/1175/2093 2182/1174/2092 2118/1174/2028 2117/1175/2027
f 2182/1174/2092 2183/1175/2093 1916/1119/1826 1914/1117/1824
f 2181/1172/2091 2182/1174/2092 1914/1117/1824 1913/1116/1823
f 2184/1177/2094 2183/1175/2093 2117/1175/2027 2122/1177/2032
f 2185/1178/2095 2184/1177/2094 2122/1177/2032 2121/1178/2031
f 2184/1177/2094 2185/1178/2095 1917/1120/1827 1915/1118/1825
f 2183/1175/2093 2184/1177/2094 1915/1118/1825 1916/1119/1826
f 2186/1179/2096 2185/1178/2095 2121/1178/2031 2126/1179/2036
f 2187/1180/2097 2186/1179/2096 2126/1179/2036 2125/1180/2035
f 2186/1179/2096 2187/1180/2097 1920/1123/1830 1918/1121/1828
f 2185/1178/2095 2186/1179/2096 1918/1121/1828 1917/1120/1827
f 2188/1182/2098 2187/1180/2097 2125/1180/2035 2130/1182/2040
f 2189/1183/2099 2188/1182/2098 2130/1182/2040 2129/1183/2039
f 2188/1182/2098 2189/1183/2099 1921/1124/1831 1919/1122/1829
f 2187/1180/2097 2188/1182/2098 1919/1122/1829 1920/1123/1830
f 2190/1185/2100 2189/1183/2099 2129/1183/2039 2134/1185/2044
f 2191/1186/2101 2190/1185/2100 2134/1185/2044 2133/1186/2043
f 2190/1185/2100 2191/1186/2101 1924/1127/1834 1922/1125/1832
f 2189/1183/2099 2190/1185/2100 1922/1125/1832 1921/1124/1831
f 2192/1188/2102 2191/1186/2101 2133/1186/2043 2138/1188/2048
f 2193/1189/2103 2192/1188/2102 2138/1188/2048 2137/1189/2047
f 2192/1188/2102 2193/1189/2103 1925/1128/1835 1923/1126/1833
f 2191/1186/2101 2192/1188/2102 1923/1126/1833 1924/1127/1834
f 2194/1191/2104 2193/1189/2103 2137/1189/2047 2142/1191/2052
f 2195/1192/2105 2194/1191/2104 2142/1191/2052 2141/1192/2051
f 2194/1191/2104 2195/1192/2105 1928/1131/1838 1926/1129/1836
f 2193/1189/2103 2194/1191/2104 1926/1129/1836 1925/1128/1835
f 2196/1194/2106 2195/1192/2105 2141/1192/2051 2146/1194/2056
f 2197/1195/2107 2196/1194/2106 2146/1194/2056 2145/1195/2055
f 2196/1194/2106 2197/1195/2107 1929/1132/1839 1927/1130/1837
f 2195/1192/2105 2196/1194/2106 1927/1130/1837 1928/1131/1838
f 2198/1197/2108 2197/1195/2107 2145/1195/2055 2150/1197/2060
f 2199/1198/2109 2198/1197/2108 2150/1197/2060 2149/1198/2059
f 2198/1197/2108 2199/1198/2109 1932/1135/1842 1930/1133/1840
f 2197/1195/2107 2198/1197/2108 1930/1133/1840 1929/1132/1839
f 2200/1200/2110 2199/1198/2109 2149/1198/2059 2154/1200/2064
f 2201/1201/2111 2200/1200/2110 2154/1200/2064 2153/1201/2063
f 2200/1200/2110 2201/1201/2111 1933/1136/1843 1931/1134/1841
f 2199/1198/2109 2200/1200/2110 1931/1134/1841 1932/1135/1842
f 2202/1203/2112 2201/1201/2111 2153/1201/2063 2158/1203/2068
f 2203/1204/2113 2202/1203/2112 2158/1203/2068 2157/1204/2067
f 2202/1203/2112 2203/1204/2113 1936/1139/1846 1934/1137/1844
f 2201/1201/2111 2202/1203/2112 1934/1137/1844 1933/1136/1843
f 2204/1206/2114 2203/1204/2113 2157/1204/2067 2160/1206/2070
f 2162/1144/2072 2204/1206/2114 2160/1206/2070 2078/1144/1988
f 2204/1206/2114 2162/1144/2072 1937/1140/1847 1935/1138/1845
f 2203/1204/2113 2204/1206/2114 1935/1138/1845 1936/1139/1846
v -0.027907 0.085711 -0.000455
v -0.025302 0.082679 -0.000455
v -0.0253 0.082891 -0.002807
v -0.027834 0.085897 -0.002807
v -0.02812 0.08517 0.001706
v -0.025308 0.082061 0.001706
v -0.028456 0.084316 0.003502
v -0.025317 0.081087 0.003502
v -0.028888 0.08322 0.004787
v -0.025329 0.079836 0.004787
v -0.02938 0.081969 0.005456
v -0.025343 0.078409 0.005456
v -0.029894 0.080666 0.005456
v -0.025357 0.076922 0.005456
v -0.030386 0.079415 0.004787
v -0.025371 0.075495 0.004787
v -0.030818 0.078318 0.003502
v -0.025383 0.074244 0.003502
v -0.031154 0.077465 0.001706
v -0.025393 0.07327 0.001706
v -0.031367 0.076923 -0.000455
v -0.025399 0.072652 -0.000455
v -0.03144 0.076738 -0.002807
v -0.025401 0.072441 -0.002807
v -0.031367 0.076923 -0.005159
v -0.025399 0.072652 -0.005159
v -0.031154 0.077465 -0.00732
v -0.025393 0.07327 -0.00732
v -0.030818 0.078318 -0.009116
v -0.025383 0.074244 -0.009116
v -0.030386 0.079415 -0.0104
v -0.025371 0.075495 -0.0104
v -0.029894 0.080666 -0.011069
v -0.025357 0.076922 -0.011069
v -0.02938 0.081969 -0.011069
v -0.025343 0.078409 -0.011069
v -0.028888 0.08322 -0.0104
v -0.025329 0.079836 -0.0104
v -0.028456 0.084316 -0.009116
v -0.025317 0.081087 -0.009116
v -0.02812 0.08517 -0.00732
v -0.025308 0.082061 -0.00732
v -0.027907 0.085711 -0.005159
v -0.025302 0.082679 -0.005159
v -0.032509 0.088518 -0.000455
v -0.032466 0.088722 -0.002807
v -0.032635 0.087924 0.001706
v -0.032833 0.086986 0.003502
v -0.033088 0.085781 0.004787
v -0.033378 0.084408 0.005456
v -0.033681 0.082976 0.005456
v -0.033971 0.081602 0.004787
v -0.034226 0.080397 0.003502
v -0.034424 0.07946 0.001706
v -0.03455 0.078865 -0.000455
v -0.034593 0.078661 -0.002807
v -0.03455 0.078865 -0.005159
v -0.034424 0.07946 -0.00732
v -0.034226 0.080397 -0.009116
v -0.033971 0.081602 -0.0104
v -0.033681 0.082976 -0.011069
v -0.033378 0.084408 -0.011069
v -0.033088 0.085781 -0.0104
v -0.032833 0.086986 -0.009116
v -0.032635 0.087924 -0.00732
v -0.032509 0.088518 -0.005159
v -0.037348 0.089821 -0.000455
v -0.037336 0.090033 -0.002807
v -0.037382 0.089201 0.001706
v -0.037436 0.088225 0.003502
v -0.037506 0.08697 0.004787
v -0.037585 0.08554 0.005456
v -0.037668 0.084049 0.005456
v -0.037747 0.082618 0.004787
v -0.037816 0.081364 0.003502
v -0.03787 0.080387 0.001706
v -0.037905 0.079768 -0.000455
v -0.037916 0.079555 -0.002807
v -0.037905 0.079768 -0.005159
v -0.03787 0.080387 -0.00732
v -0.037816 0.081364 -0.009116
v -0.037747 0.082618 -0.0104
v -0.037668 0.084049 -0.011069
v -0.037585 0.08554 -0.011069
v -0.037506 0.08697 -0.0104
v -0.037436 0.088225 -0.009116
v -0.037382 0.089201 -0.00732
v -0.037348 0.089821 -0.005159
v -0.042245 0.089629 -0.000455
v -0.042265 0.08984 -0.002807
v -0.042187 0.089013 0.001706
v -0.042096 0.088042 0.003502
v -0.041979 0.086795 0.004787
v -0.041845 0.085373 0.005456
v -0.041705 0.08389 0.005456
v -0.041572 0.082468 0.004787
v -0.041454 0.081221 0.003502
v -0.041363 0.08025 0.001706
v -0.041305 0.079634 -0.000455
v -0.041285 0.079423 -0.002807
v -0.041305 0.079634 -0.005159
v -0.041363 0.08025 -0.00732
v -0.041454 0.081221 -0.009116
v -0.041572 0.082468 -0.0104
v -0.041705 0.08389 -0.011069
v -0.041845 0.085373 -0.011069
v -0.041979 0.086795 -0.0104
v -0.042096 0.088042 -0.009116
v -0.042187 0.089013 -0.00732
v -0.042245 0.089629 -0.005159
v -0.047027 0.087949 -0.000455
v -0.047078 0.088149 -0.002807
v -0.046879 0.087364 0.001706
v -0.046645 0.086444 0.003502
v -0.046345 0.085261 0.004787
v -0.046002 0.083912 0.005456
v -0.045645 0.082506 0.005456
v -0.045303 0.081157 0.004787
v -0.045003 0.079974 0.003502
v -0.044769 0.079053 0.001706
v -0.04462 0.078469 -0.000455
v -0.044569 0.078269 -0.002807
v -0.04462 0.078469 -0.005159
v -0.044769 0.079053 -0.00732
v -0.045003 0.079974 -0.009116
v -0.045303 0.081157 -0.0104
v -0.045645 0.082506 -0.011069
v -0.046002 0.083912 -0.011069
v -0.046345 0.085261 -0.0104
v -0.046645 0.086444 -0.009116
v -0.046879 0.087364 -0.00732
v -0.047027 0.087949 -0.005159
v -0.051515 0.084785 -0.000455
v -0.051595 0.084964 -0.002807
v -0.051282 0.084261 0.001706
v -0.050913 0.083435 0.003502
v -0.05044 0.082374 0.004787
v -0.049901 0.081163 0.005456
v -0.049339 0.079902 0.005456
v -0.048799 0.078692 0.004787
v -0.048326 0.077631 0.003502
v -0.047958 0.076805 0.001706
v -0.047724 0.076281 -0.000455
v -0.047644 0.076102 -0.002807
v -0.047724 0.076281 -0.005159
v -0.047958 0.076805 -0.00732
v -0.048326 0.077631 -0.009116
v -0.048799 0.078692 -0.0104
v -0.049339 0.079902 -0.011069
v -0.049901 0.081163 -0.011069
v -0.05044 0.082374 -0.0104
v -0.050913 0.083435 -0.009116
v -0.051282 0.084261 -0.00732
v -0.051515 0.084785 -0.005159
v -0.055515 0.080157 -0.000455
v -0.05562 0.080306 -0.002807
v -0.055206 0.07972 0.001706
v -0.054719 0.07903 0.003502
v -0.054095 0.078145 0.004787
v -0.053382 0.077135 0.005456
v -0.052639 0.076083 0.005456
v -0.051926 0.075073 0.004787
v -0.051301 0.074188 0.003502
v -0.050815 0.073499 0.001706
v -0.050506 0.073062 -0.000455
v -0.050401 0.072912 -0.002807
v -0.050506 0.073062 -0.005159
v -0.050815 0.073499 -0.00732
v -0.051301 0.074188 -0.009116
v -0.051926 0.075073 -0.0104
v -0.052639 0.076083 -0.011069
v -0.053382 0.077135 -0.011069
v -0.054095 0.078145 -0.0104
v -0.054719 0.07903 -0.009116
v -0.055206 0.07972 -0.00732
v -0.055515 0.080157 -0.005159
v -0.0587 0.074375 -0.000455
v -0.058826 0.074488 -0.002807
v -0.058332 0.074046 0.001706
v -0.057751 0.073528 0.003502
v -0.057005 0.072863 0.004787
v -0.056154 0.072103 0.005456
v -0.055267 0.071312 0.005456
v -0.054417 0.070553 0.004787
v -0.053671 0.069887 0.003502
v -0.05309 0.069369 0.001706
v -0.052722 0.06904 -0.000455
v -0.052595 0.068928 -0.002807
v -0.052722 0.06904 -0.005159
v -0.05309 0.069369 -0.00732
v -0.053671 0.069887 -0.009116
v -0.054417 0.070553 -0.0104
v -0.055267 0.071312 -0.011069
v -0.056154 0.072103 -0.011069
v -0.057005 0.072863 -0.0104
v -0.057751 0.073528 -0.009116
v -0.058332 0.074046 -0.00732
v -0.0587 0.074375 -0.005159
v -0.060857 0.067911 -0.000455
v -0.060998 0.067981 -0.002807
v -0.060448 0.067705 0.001706
v -0.059803 0.06738 0.003502
v -0.058974 0.066963 0.004787
v -0.058029 0.066488 0.005456
v -0.057043 0.065992 0.005456
v -0.056098 0.065517 0.004787
v -0.055269 0.0651 0.003502
v -0.054624 0.064775 0.001706
v -0.054214 0.064569 -0.000455
v -0.054074 0.064499 -0.002807
v -0.054214 0.064569 -0.005159
v -0.054624 0.064775 -0.00732
v -0.055269 0.0651 -0.009116
v -0.056098 0.065517 -0.0104
v -0.057043 0.065992 -0.011069
v -0.058029 0.066488 -0.011069
v -0.058974 0.066963 -0.0104
v -0.059803 0.06738 -0.009116
v -0.060448 0.067705 -0.00732
v -0.060857 0.067911 -0.005159
v -0.061976 0.061041 -0.000455
v -0.062124 0.061067 -0.002807
v -0.061546 0.060965 0.001706
v -0.060867 0.060845 0.003502
v -0.059996 0.060691 0.004787
v -0.059001 0.060516 0.005456
v -0.057965 0.060333 0.005456
v -0.056971 0.060157 0.004787
v -0.056099 0.060003 0.003502
v -0.05542 0.059883 0.001706
v -0.05499 0.059807 -0.000455
v -0.054842 0.059781 -0.002807
v -0.05499 0.059807 -0.005159
v -0.05542 0.059883 -0.00732
v -0.056099 0.060003 -0.009116
v -0.056971 0.060157 -0.0104
v -0.057965 0.060333 -0.011069
v -0.059001 0.060516 -0.011069
v -0.059996 0.060691 -0.0104
v -0.060867 0.060845 -0.009116
v -0.061546 0.060965 -0.00732
v -0.061976 0.061041 -0.005159
v -0.062055 0.054023 -0.000455
v -0.062203 0.054004 -0.002807
v -0.061624 0.05408 0.001706
v -0.060942 0.054168 0.003502
v -0.060068 0.054282 0.004787
v -0.05907 0.054411 0.005456
v -0.05803 0.054547 0.005456
v -0.057032 0.054676 0.004787
v -0.056157 0.05479 0.003502
v -0.055477 0.054878 0.001706
v -0.055045 0.054934 -0.000455
v -0.054897 0.054953 -0.002807
v -0.055045 0.054934 -0.005159
v -0.055477 0.054878 -0.00732
v -0.056157 0.05479 -0.009116
v -0.057032 0.054676 -0.0104
v -0.05803 0.054547 -0.011069
v -0.05907 0.054411 -0.011069
v -0.060068 0.054282 -0.0104
v -0.060942 0.054168 -0.009116
v -0.061624 0.05408 -0.00732
v -0.062055 0.054023 -0.005159
v -0.061092 0.047106 -0.000455
v -0.061234 0.047042 -0.002807
v -0.060678 0.047293 0.001706
v -0.060026 0.047588 0.003502
v -0.059188 0.047966 0.004787
v -0.058232 0.048398 0.005456
v -0.057236 0.048847 0.005456
v -0.05628 0.049279 0.004787
v -0.055443 0.049657 0.003502
v -0.05479 0.049952 0.001706
v -0.054377 0.050139 -0.000455
v -0.054235 0.050203 -0.002807
v -0.054377 0.050139 -0.005159
v -0.05479 0.049952 -0.00732
v -0.055443 0.049657 -0.009116
v -0.05628 0.049279 -0.0104
v -0.057236 0.048847 -0.011069
v -0.058232 0.048398 -0.011069
v -0.059188 0.047966 -0.0104
v -0.060026 0.047588 -0.009116
v -0.060678 0.047293 -0.00732
v -0.061092 0.047106 -0.005159
v -0.059081 0.040545 -0.000455
v -0.059209 0.040438 -0.002807
v -0.058705 0.040857 0.001706
v -0.058113 0.041348 0.003502
v -0.057353 0.041979 0.004787
v -0.056485 0.042698 0.005456
v -0.055581 0.043448 0.005456
v -0.054714 0.044168 0.004787
v -0.053953 0.044799 0.003502
v -0.053361 0.04529 0.001706
v -0.052986 0.045601 -0.000455
v -0.052857 0.045708 -0.002807
v -0.052986 0.045601 -0.005159
v -0.053361 0.04529 -0.00732
v -0.053953 0.044799 -0.009116
v -0.054714 0.044168 -0.0104
v -0.055581 0.043448 -0.011069
v -0.056485 0.042698 -0.011069
v -0.057353 0.041979 -0.0104
v -0.058113 0.041348 -0.009116
v -0.058705 0.040857 -0.00732
v -0.059081 0.040545 -0.005159
v -0.056027 0.03462 -0.000455
v -0.056136 0.034475 -0.002807
v -0.055709 0.035042 0.001706
v -0.055207 0.035709 0.003502
v -0.054563 0.036564 0.004787
v -0.053828 0.037541 0.005456
v -0.053062 0.038558 0.005456
v -0.052326 0.039534 0.004787
v -0.051682 0.040391 0.003502
v -0.05118 0.041057 0.001706
v -0.050862 0.041479 -0.000455
v -0.050753 0.041624 -0.002807
v -0.050862 0.041479 -0.005159
v -0.05118 0.041057 -0.00732
v -0.051682 0.040391 -0.009116
v -0.052326 0.039534 -0.0104
v -0.053062 0.038558 -0.011069
v -0.053828 0.037541 -0.011069
v -0.054563 0.036564 -0.0104
v -0.055207 0.035709 -0.009116
v -0.055709 0.035042 -0.00732
v -0.056027 0.03462 -0.005159
v -0.052134 0.029809 -0.000455
v -0.052218 0.029634 -0.002807
v -0.051889 0.030322 0.001706
v -0.051502 0.031131 0.003502
v -0.051006 0.032169 0.004787
v -0.050439 0.033354 0.005456
v -0.049849 0.034589 0.005456
v -0.049282 0.035773 0.004787
v -0.048785 0.036812 0.003502
v -0.048399 0.037621 0.001706
v -0.048154 0.038133 -0.000455
v -0.04807 0.038309 -0.002807
v -0.048154 0.038133 -0.005159
v -0.048399 0.037621 -0.00732
v -0.048785 0.036812 -0.009116
v -0.049282 0.035773 -0.0104
v -0.049849 0.034589 -0.011069
v -0.050439 0.033354 -0.011069
v -0.051006 0.032169 -0.0104
v -0.051502 0.031131 -0.009116
v -0.051889 0.030322 -0.00732
v -0.052134 0.029809 -0.005159
v -0.04772 0.02644 -0.000455
v -0.047775 0.026242 -0.002807
v -0.047559 0.027017 0.001706
v -0.047304 0.027926 0.003502
v -0.046977 0.029094 0.004787
v -0.046604 0.030427 0.005456
v -0.046216 0.031816 0.005456
v -0.045843 0.033148 0.004787
v -0.045517 0.034316 0.003502
v -0.045262 0.035226 0.001706
v -0.045101 0.035803 -0.000455
v -0.045045 0.036 -0.002807
v -0.045101 0.035803 -0.005159
v -0.045262 0.035226 -0.00732
v -0.045517 0.034316 -0.009116
v -0.045843 0.033148 -0.0104
v -0.046216 0.031816 -0.011069
v -0.046604 0.030427 -0.011069
v -0.046977 0.029094 -0.0104
v -0.047304 0.027926 -0.009116
v -0.047559 0.027017 -0.00732
v -0.04772 0.02644 -0.005159
v -0.042978 0.023626 -0.000455
v -0.043003 0.023417 -0.002807
v -0.042906 0.024239 0.001706
v -0.042793 0.025205 0.003502
v -0.042648 0.026446 0.004787
v -0.042482 0.027862 0.005456
v -0.042309 0.029337 0.005456
v -0.042144 0.030752 0.004787
v -0.041998 0.031994 0.003502
v -0.041885 0.03296 0.001706
v -0.041814 0.033572 -0.000455
v -0.041789 0.033782 -0.002807
v -0.041814 0.033572 -0.005159
v -0.041885 0.03296 -0.00732
v -0.041998 0.031994 -0.009116
v -0.042144 0.030752 -0.0104
v -0.042309 0.029337 -0.011069
v -0.042482 0.027862 -0.011069
v -0.042648 0.026446 -0.0104
v -0.042793 0.025205 -0.009116
v -0.042906 0.024239 -0.00732
v -0.042978 0.023626 -0.005159
v -0.039283 0.02149 -0.000455
v -0.039328 0.021287 -0.002807
v -0.039154 0.022083 0.001706
v -0.038951 0.023019 0.003502
v -0.038689 0.02422 0.004787
v -0.038391 0.02559 0.005456
v -0.038081 0.027018 0.005456
v -0.037782 0.028388 0.004787
v -0.037521 0.02959 0.003502
v -0.037318 0.030525 0.001706
v -0.037189 0.031118 -0.000455
v -0.037144 0.031322 -0.002807
v -0.037189 0.031118 -0.005159
v -0.037318 0.030525 -0.00732
v -0.037521 0.02959 -0.009116
v -0.037782 0.028388 -0.0104
v -0.038081 0.027018 -0.011069
v -0.038391 0.02559 -0.011069
v -0.038689 0.02422 -0.0104
v -0.038951 0.023019 -0.009116
v -0.039154 0.022083 -0.00732
v -0.039283 0.02149 -0.005159
v -0.0357 0.019765 -0.000455
v -0.035751 0.019565 -0.002807
v -0.035551 0.020349 0.001706
v -0.035318 0.02127 0.003502
v -0.035017 0.022453 0.004787
v -0.034674 0.023802 0.005456
v -0.034317 0.025208 0.005456
v -0.033975 0.026556 0.004787
v -0.033674 0.027739 0.003502
v -0.03344 0.02866 0.001706
v -0.033292 0.029244 -0.000455
v -0.033241 0.029444 -0.002807
v -0.033292 0.029244 -0.005159
v -0.03344 0.02866 -0.00732
v -0.033674 0.027739 -0.009116
v -0.033975 0.026556 -0.0104
v -0.034317 0.025208 -0.011069
v -0.034674 0.023802 -0.011069
v -0.035017 0.022453 -0.0104
v -0.035318 0.02127 -0.009116
v -0.035551 0.020349 -0.00732
v -0.0357 0.019765 -0.005159
v -0.030842 0.018058 -0.000455
v -0.030861 0.017847 -0.002807
v -0.030786 0.018674 0.001706
v -0.030698 0.019646 0.003502
v -0.030584 0.020894 0.004787
v -0.030455 0.022318 0.005456
v -0.03032 0.023802 0.005456
v -0.03019 0.025226 0.004787
v -0.030077 0.026475 0.003502
v -0.029988 0.027446 0.001706
v -0.029932 0.028063 -0.000455
v -0.029913 0.028274 -0.002807
v -0.029932 0.028063 -0.005159
v -0.029988 0.027446 -0.00732
v -0.030077 0.026475 -0.009116
v -0.03019 0.025226 -0.0104
v -0.03032 0.023802 -0.011069
v -0.030455 0.022318 -0.011069
v -0.030584 0.020894 -0.0104
v -0.030698 0.019646 -0.009116
v -0.030786 0.018674 -0.00732
v -0.030842 0.018058 -0.005159
v -0.025069 0.017932 -0.000455
v -0.025072 0.01772 -0.002807
v -0.025061 0.01855 0.001706
v -0.025048 0.019524 0.003502
v -0.025032 0.020775 0.004787
v -0.025014 0.022202 0.005456
v -0.024995 0.023689 0.005456
v -0.024976 0.025115 0.004787
v -0.02496 0.026367 0.003502
v -0.024948 0.02734 0.001706
v -0.02494 0.027958 -0.000455
v -0.024937 0.02817 -0.002807
v -0.02494 0.027958 -0.005159
v -0.024948 0.02734 -0.00732
v -0.02496 0.026367 -0.009116
v -0.024976 0.025115 -0.0104
v -0.024995 0.023689 -0.011069
v -0.025014 0.022202 -0.011069
v -0.025032 0.020775 -0.0104
v -0.025048 0.019524 -0.009116
v -0.025061 0.01855 -0.00732
v -0.025069 0.017932 -0.005159
vn 0.4973 0.8217 0.2784
vn 0.6024 0.7586 0.2482
vn 0.6349 0.7726 0.0031
vn 0.5183 0.8552 0.0014
vn 0.4316 0.7266 0.5346
vn 0.5188 0.6961 0.4963
vn 0.3297 0.5733 0.7501
vn 0.3894 0.5638 0.7284
vn 0.2047 0.3702 0.9061
vn 0.2280 0.3554 0.9065
vn 0.0705 0.1320 0.9887
vn 0.0573 0.0931 0.9940
vn -0.0611 -0.1219 0.9907
vn -0.1000 -0.1824 0.9781
vn -0.1807 -0.3694 0.9115
vn -0.2295 -0.4330 0.8717
vn -0.2812 -0.5888 0.7578
vn -0.3267 -0.6358 0.6993
vn -0.3569 -0.7608 0.5421
vn -0.3932 -0.7812 0.4850
vn -0.4035 -0.8703 0.2823
vn -0.4320 -0.8673 0.2472
vn -0.4187 -0.9081 -0.0004
vn -0.4457 -0.8952 -0.0007
vn -0.4017 -0.8710 -0.2829
vn -0.4353 -0.8655 -0.2479
vn -0.3537 -0.7621 -0.5423
vn -0.3996 -0.7784 -0.4842
vn -0.2775 -0.5907 -0.7577
vn -0.3355 -0.6337 -0.6970
vn -0.1778 -0.3715 -0.9113
vn -0.2388 -0.4329 -0.8692
vn -0.0603 -0.1235 -0.9905
vn -0.1062 -0.1843 -0.9771
vn 0.0678 0.1317 -0.9890
vn 0.0592 0.0904 -0.9941
vn 0.1982 0.3722 -0.9068
vn 0.2411 0.3521 -0.9044
vn 0.3207 0.5775 -0.7508
vn 0.4106 0.5578 -0.7214
vn 0.4229 0.7318 -0.5344
vn 0.5396 0.6869 -0.4868
vn 0.4921 0.8255 -0.2765
vn 0.6147 0.7512 -0.2404
vn 0.2782 0.9186 0.2806
vn 0.2899 0.9571 -0.0000
vn 0.2443 0.8065 0.5384
vn 0.1908 0.6300 0.7528
vn 0.1222 0.4034 0.9068
vn 0.0438 0.1446 0.9885
vn -0.0382 -0.1263 0.9913
vn -0.1175 -0.3879 0.9142
vn -0.1876 -0.6193 0.7624
vn -0.2426 -0.8010 0.5473
vn -0.2778 -0.9171 0.2859
vn -0.2899 -0.9571 -0.0000
vn -0.2778 -0.9171 -0.2859
vn -0.2426 -0.8010 -0.5473
vn -0.1876 -0.6193 -0.7625
vn -0.1175 -0.3879 -0.9142
vn -0.0382 -0.1263 -0.9913
vn 0.0438 0.1446 -0.9885
vn 0.1222 0.4034 -0.9068
vn 0.1908 0.6300 -0.7528
vn 0.2443 0.8065 -0.5384
vn 0.2782 0.9186 -0.2806
vn 0.0759 0.9568 0.2806
vn 0.0791 0.9969 -0.0000
vn 0.0666 0.8401 0.5384
vn 0.0521 0.6562 0.7528
vn 0.0333 0.4201 0.9069
vn 0.0119 0.1505 0.9885
vn -0.0104 -0.1317 0.9912
vn -0.0321 -0.4042 0.9141
vn -0.0512 -0.6452 0.7623
vn -0.0662 -0.8344 0.5472
vn -0.0758 -0.9553 0.2858
vn -0.0791 -0.9969 -0.0000
vn -0.0758 -0.9553 -0.2858
vn -0.0662 -0.8344 -0.5472
vn -0.0512 -0.6452 -0.7623
vn -0.0321 -0.4042 -0.9141
vn -0.0104 -0.1317 -0.9912
vn 0.0119 0.1505 -0.9885
vn 0.0333 0.4201 -0.9069
vn 0.0521 0.6562 -0.7528
vn 0.0666 0.8401 -0.5384
vn 0.0759 0.9568 -0.2806
vn -0.1282 0.9512 0.2806
vn -0.1335 0.9910 0.0000
vn -0.1125 0.8352 0.5384
vn -0.0879 0.6524 0.7528
vn -0.0563 0.4177 0.9069
vn -0.0202 0.1496 0.9885
vn 0.0176 -0.1309 0.9912
vn 0.0542 -0.4019 0.9141
vn 0.0864 -0.6414 0.7623
vn 0.1118 -0.8295 0.5472
vn 0.1280 -0.9497 0.2858
vn 0.1335 -0.9910 -0.0000
vn 0.1280 -0.9497 -0.2858
vn 0.1118 -0.8295 -0.5472
vn 0.0864 -0.6414 -0.7623
vn 0.0542 -0.4019 -0.9141
vn 0.0176 -0.1309 -0.9912
vn -0.0202 0.1496 -0.9885
vn -0.0563 0.4177 -0.9069
vn -0.0879 0.6524 -0.7528
vn -0.1125 0.8352 -0.5384
vn -0.1282 0.9512 -0.2806
vn -0.3281 0.9020 0.2806
vn -0.3419 0.9397 0.0000
vn -0.2881 0.7919 0.5384
vn -0.2251 0.6186 0.7528
vn -0.1441 0.3961 0.9068
vn -0.0516 0.1420 0.9885
vn 0.0451 -0.1240 0.9913
vn 0.1386 -0.3809 0.9142
vn 0.2212 -0.6081 0.7624
vn 0.2861 -0.7865 0.5473
vn 0.3276 -0.9005 0.2859
vn 0.3419 -0.9397 -0.0000
vn 0.3276 -0.9005 -0.2859
vn 0.2861 -0.7865 -0.5473
vn 0.2212 -0.6081 -0.7624
vn 0.1386 -0.3809 -0.9142
vn 0.0451 -0.1240 -0.9913
vn -0.0516 0.1420 -0.9885
vn -0.1441 0.3961 -0.9068
vn -0.2251 0.6186 -0.7528
vn -0.2881 0.7919 -0.5384
vn -0.3281 0.9020 -0.2806
vn -0.5166 0.8089 0.2806
vn -0.5383 0.8428 0.0000
vn -0.4536 0.7102 0.5384
vn -0.3544 0.5548 0.7527
vn -0.2269 0.3553 0.9068
vn -0.0814 0.1275 0.9885
vn 0.0709 -0.1110 0.9913
vn 0.2180 -0.3413 0.9143
vn 0.3481 -0.5451 0.7627
vn 0.4504 -0.7052 0.5476
vn 0.5158 -0.8076 0.2861
vn 0.5383 -0.8428 -0.0000
vn 0.5158 -0.8076 -0.2861
vn 0.4504 -0.7052 -0.5476
vn 0.3481 -0.5451 -0.7627
vn 0.2180 -0.3413 -0.9143
vn 0.0709 -0.1110 -0.9913
vn -0.0814 0.1275 -0.9885
vn -0.2269 0.3553 -0.9068
vn -0.3544 0.5548 -0.7527
vn -0.4536 0.7102 -0.5384
vn -0.5166 0.8089 -0.2806
vn -0.6825 0.6749 0.2806
vn -0.7111 0.7031 0.0000
vn -0.5992 0.5925 0.5384
vn -0.4681 0.4629 0.7527
vn -0.2998 0.2965 0.9068
vn -0.1076 0.1064 0.9885
vn 0.0936 -0.0925 0.9913
vn 0.2879 -0.2847 0.9143
vn 0.4599 -0.4547 0.7627
vn 0.5950 -0.5883 0.5476
vn 0.6814 -0.6737 0.2861
vn 0.7111 -0.7031 -0.0000
vn 0.6814 -0.6737 -0.2861
vn 0.5950 -0.5883 -0.5476
vn 0.4599 -0.4547 -0.7627
vn 0.2879 -0.2847 -0.9143
vn 0.0936 -0.0925 -0.9913
vn -0.1076 0.1064 -0.9885
vn -0.2998 0.2965 -0.9068
vn -0.4681 0.4629 -0.7527
vn -0.5992 0.5925 -0.5384
vn -0.6825 0.6749 -0.2806
vn -0.8147 0.5075 0.2806
vn -0.8488 0.5287 0.0000
vn -0.7153 0.4456 0.5384
vn -0.5588 0.3481 0.7527
vn -0.3579 0.2229 0.9068
vn -0.1284 0.0800 0.9885
vn 0.1118 -0.0696 0.9913
vn 0.3438 -0.2141 0.9143
vn 0.5490 -0.3420 0.7627
vn 0.7102 -0.4424 0.5476
vn 0.8133 -0.5066 0.2861
vn 0.8488 -0.5287 -0.0000
vn 0.8133 -0.5066 -0.2861
vn 0.7102 -0.4424 -0.5476
vn 0.5490 -0.3420 -0.7627
vn 0.3438 -0.2141 -0.9143
vn 0.1118 -0.0696 -0.9913
vn -0.1284 0.0800 -0.9885
vn -0.3579 0.2229 -0.9068
vn -0.5588 0.3481 -0.7527
vn -0.7153 0.4456 -0.5384
vn -0.8147 0.5075 -0.2806
vn -0.9056 0.3180 0.2806
vn -0.9435 0.3313 0.0000
vn -0.7951 0.2792 0.5384
vn -0.6211 0.2181 0.7528
vn -0.3977 0.1396 0.9068
vn -0.1425 0.0500 0.9885
vn 0.1245 -0.0437 0.9913
vn 0.3824 -0.1343 0.9142
vn 0.6105 -0.2143 0.7624
vn 0.7897 -0.2772 0.5473
vn 0.9042 -0.3174 0.2859
vn 0.9435 -0.3313 -0.0000
vn 0.9042 -0.3174 -0.2859
vn 0.7897 -0.2772 -0.5473
vn 0.6105 -0.2143 -0.7625
vn 0.3824 -0.1343 -0.9142
vn 0.1245 -0.0437 -0.9913
vn -0.1425 0.0500 -0.9885
vn -0.3977 0.1396 -0.9068
vn -0.6211 0.2181 -0.7528
vn -0.7951 0.2792 -0.5384
vn -0.9056 0.3180 -0.2806
vn -0.9526 0.1175 0.2806
vn -0.9925 0.1224 0.0000
vn -0.8364 0.1031 0.5384
vn -0.6533 0.0806 0.7528
vn -0.4183 0.0516 0.9069
vn -0.1498 0.0185 0.9885
vn 0.1311 -0.0162 0.9912
vn 0.4025 -0.0496 0.9141
vn 0.6424 -0.0792 0.7623
vn 0.8307 -0.1024 0.5472
vn 0.9511 -0.1173 0.2858
vn 0.9925 -0.1224 -0.0000
vn 0.9511 -0.1173 -0.2858
vn 0.8307 -0.1024 -0.5472
vn 0.6424 -0.0792 -0.7623
vn 0.4025 -0.0496 -0.9141
vn 0.1311 -0.0162 -0.9912
vn -0.1498 0.0185 -0.9885
vn -0.4183 0.0516 -0.9069
vn -0.6533 0.0806 -0.7528
vn -0.8364 0.1031 -0.5384
vn -0.9526 0.1175 -0.2806
vn -0.9559 -0.0867 0.2806
vn -0.9959 -0.0903 0.0000
vn -0.8393 -0.0761 0.5384
vn -0.6556 -0.0594 0.7528
vn -0.4197 -0.0381 0.9069
vn -0.1503 -0.0136 0.9885
vn 0.1316 0.0119 0.9912
vn 0.4039 0.0366 0.9141
vn 0.6446 0.0584 0.7623
vn 0.8336 0.0756 0.5472
vn 0.9544 0.0865 0.2858
vn 0.9959 0.0903 -0.0000
vn 0.9544 0.0865 -0.2858
vn 0.8336 0.0756 -0.5472
vn 0.6446 0.0584 -0.7623
vn 0.4039 0.0366 -0.9141
vn 0.1316 0.0119 -0.9912
vn -0.1503 -0.0136 -0.9885
vn -0.4197 -0.0381 -0.9069
vn -0.6556 -0.0594 -0.7528
vn -0.8393 -0.0761 -0.5384
vn -0.9559 -0.0867 -0.2806
vn -0.9154 -0.2886 0.2806
vn -0.9537 -0.3007 0.0000
vn -0.8037 -0.2534 0.5384
vn -0.6278 -0.1979 0.7528
vn -0.4020 -0.1267 0.9068
vn -0.1441 -0.0454 0.9885
vn 0.1258 0.0397 0.9913
vn 0.3866 0.1219 0.9142
vn 0.6171 0.1945 0.7624
vn 0.7982 0.2516 0.5473
vn 0.9139 0.2881 0.2859
vn 0.9537 0.3007 -0.0000
vn 0.9139 0.2881 -0.2859
vn 0.7982 0.2516 -0.5473
vn 0.6171 0.1945 -0.7625
vn 0.3865 0.1219 -0.9142
vn 0.1258 0.0397 -0.9913
vn -0.1441 -0.0454 -0.9885
vn -0.4020 -0.1267 -0.9068
vn -0.6278 -0.1979 -0.7528
vn -0.8037 -0.2534 -0.5384
vn -0.9154 -0.2886 -0.2806
vn -0.8306 -0.4810 0.2806
vn -0.8654 -0.5011 0.0000
vn -0.7293 -0.4223 0.5384
vn -0.5697 -0.3299 0.7527
vn -0.3649 -0.2113 0.9068
vn -0.1309 -0.0758 0.9885
vn 0.1139 0.0660 0.9913
vn 0.3505 0.2029 0.9143
vn 0.5597 0.3241 0.7627
vn 0.7241 0.4193 0.5476
vn 0.8292 0.4801 0.2861
vn 0.8654 0.5011 -0.0000
vn 0.8292 0.4801 -0.2861
vn 0.7241 0.4193 -0.5476
vn 0.5597 0.3241 -0.7627
vn 0.3505 0.2029 -0.9143
vn 0.1139 0.0660 -0.9913
vn -0.1309 -0.0758 -0.9885
vn -0.3649 -0.2113 -0.9068
vn -0.5697 -0.3299 -0.7527
vn -0.7293 -0.4223 -0.5384
vn -0.8306 -0.4810 -0.2806
vn -0.7039 -0.6525 0.2806
vn -0.7334 -0.6798 0.0000
vn -0.6180 -0.5729 0.5384
vn -0.4828 -0.4475 0.7527
vn -0.3092 -0.2866 0.9068
vn -0.1110 -0.1029 0.9885
vn 0.0965 0.0895 0.9913
vn 0.2970 0.2753 0.9143
vn 0.4743 0.4397 0.7627
vn 0.6137 0.5688 0.5476
vn 0.7027 0.6514 0.2861
vn 0.7334 0.6798 -0.0000
vn 0.7027 0.6514 -0.2861
vn 0.6137 0.5688 -0.5476
vn 0.4743 0.4397 -0.7627
vn 0.2970 0.2753 -0.9143
vn 0.0965 0.0895 -0.9913
vn -0.1110 -0.1029 -0.9885
vn -0.3092 -0.2866 -0.9068
vn -0.4828 -0.4475 -0.7527
vn -0.6180 -0.5729 -0.5384
vn -0.7039 -0.6525 -0.2806
vn -0.5425 -0.7918 0.2806
vn -0.5652 -0.8250 0.0000
vn -0.4763 -0.6952 0.5384
vn -0.3721 -0.5431 0.7527
vn -0.2383 -0.3478 0.9068
vn -0.0855 -0.1248 0.9885
vn 0.0744 0.1086 0.9913
vn 0.2289 0.3341 0.9143
vn 0.3655 0.5336 0.7627
vn 0.4729 0.6903 0.5476
vn 0.5415 0.7905 0.2861
vn 0.5652 0.8250 -0.0000
vn 0.5415 0.7905 -0.2861
vn 0.4729 0.6903 -0.5476
vn 0.3655 0.5336 -0.7627
vn 0.2289 0.3341 -0.9143
vn 0.0744 0.1086 -0.9913
vn -0.0855 -0.1248 -0.9885
vn -0.2383 -0.3478 -0.9068
vn -0.3721 -0.5431 -0.7527
vn -0.4763 -0.6952 -0.5384
vn -0.5425 -0.7918 -0.2806
vn -0.4099 -0.8677 0.2813
vn -0.4265 -0.9045 -0.0001
vn -0.3607 -0.7606 0.5398
vn -0.2825 -0.5922 0.7546
vn -0.1809 -0.3765 0.9086
vn -0.0634 -0.1308 0.9894
vn 0.0611 0.1249 0.9903
vn 0.1827 0.3699 0.9109
vn 0.2912 0.5845 0.7574
vn 0.3768 0.7511 0.5421
vn 0.4314 0.8568 0.2827
vn 0.4498 0.8931 0.0002
vn 0.4304 0.8573 -0.2823
vn 0.3752 0.7520 -0.5420
vn 0.2895 0.5851 -0.7575
vn 0.1814 0.3702 -0.9111
vn 0.0605 0.1247 -0.9903
vn -0.0632 -0.1312 -0.9893
vn -0.1801 -0.3770 -0.9086
vn -0.2814 -0.5927 -0.7547
vn -0.3597 -0.7610 -0.5399
vn -0.4093 -0.8679 -0.2815
vn -0.3630 -0.8896 0.2774
vn -0.3784 -0.9257 0.0000
vn -0.3189 -0.7830 0.5341
vn -0.2494 -0.6127 0.7500
vn -0.1593 -0.3910 0.9065
vn -0.0556 -0.1355 0.9892
vn 0.0536 0.1319 0.9898
vn 0.1593 0.3875 0.9080
vn 0.2526 0.6093 0.7517
vn 0.3258 0.7792 0.5354
vn 0.3726 0.8853 0.2781
vn 0.3892 0.9212 0.0002
vn 0.3741 0.8848 -0.2777
vn 0.3282 0.7785 -0.5350
vn 0.2552 0.6085 -0.7514
vn 0.1611 0.3870 -0.9079
vn 0.0542 0.1316 -0.9898
vn -0.0563 -0.1355 -0.9892
vn -0.1611 -0.3906 -0.9063
vn -0.2515 -0.6121 -0.7497
vn -0.3208 -0.7823 -0.5339
vn -0.3641 -0.8891 -0.2773
vn -0.3325 -0.9000 0.2820
vn -0.3466 -0.9380 0.0001
vn -0.2910 -0.7892 0.5408
vn -0.2258 -0.6148 0.7557
vn -0.1429 -0.3908 0.9093
vn -0.0493 -0.1352 0.9896
vn 0.0472 0.1316 0.9902
vn 0.1389 0.3885 0.9109
vn 0.2187 0.6147 0.7579
vn 0.2805 0.7916 0.5429
vn 0.3195 0.9043 0.2832
vn 0.3328 0.9430 -0.0001
vn 0.3192 0.9044 -0.2833
vn 0.2799 0.7918 -0.5430
vn 0.2180 0.6149 -0.7579
vn 0.1383 0.3887 -0.9109
vn 0.0470 0.1319 -0.9902
vn -0.0489 -0.1351 -0.9896
vn -0.1421 -0.3909 -0.9094
vn -0.2249 -0.6151 -0.7557
vn -0.2901 -0.7896 -0.5408
vn -0.3320 -0.9002 -0.2818
vn -0.2676 -0.9215 0.2816
vn -0.2789 -0.9603 0.0000
vn -0.2345 -0.8081 0.5403
vn -0.1826 -0.6298 0.7550
vn -0.1161 -0.4009 0.9088
vn -0.0403 -0.1398 0.9894
vn 0.0387 0.1326 0.9904
vn 0.1146 0.3948 0.9116
vn 0.1814 0.6256 0.7588
vn 0.2336 0.8061 0.5437
vn 0.2669 0.9210 0.2837
vn 0.2783 0.9605 -0.0000
vn 0.2669 0.9210 -0.2837
vn 0.2336 0.8061 -0.5437
vn 0.1814 0.6256 -0.7588
vn 0.1146 0.3948 -0.9116
vn 0.0387 0.1326 -0.9904
vn -0.0403 -0.1398 -0.9894
vn -0.1161 -0.4009 -0.9088
vn -0.1826 -0.6298 -0.7550
vn -0.2345 -0.8081 -0.5403
vn -0.2676 -0.9215 -0.2816
vn -0.1224 -0.9520 0.2805
vn -0.1276 -0.9918 0.0000
vn -0.1075 -0.8359 0.5383
vn -0.0839 -0.6530 0.7527
vn -0.0537 -0.4183 0.9067
vn -0.0193 -0.1502 0.9885
vn 0.0168 0.1304 0.9913
vn 0.0516 0.4016 0.9144
vn 0.0823 0.6414 0.7627
vn 0.1065 0.8299 0.5476
vn 0.1219 0.9504 0.2861
vn 0.1273 0.9919 -0.0000
vn 0.1220 0.9504 -0.2861
vn 0.1065 0.8299 -0.5476
vn 0.0824 0.6414 -0.7627
vn 0.0516 0.4016 -0.9144
vn 0.0168 0.1304 -0.9913
vn -0.0193 -0.1502 -0.9885
vn -0.0538 -0.4183 -0.9067
vn -0.0840 -0.6530 -0.7527
vn -0.1075 -0.8359 -0.5383
vn -0.1224 -0.9520 -0.2805
vn -0.0146 -0.9594 0.2818
vn -0.0152 -0.9999 0.0000
vn -0.0128 -0.8411 0.5408
vn -0.0099 -0.6546 0.7559
vn -0.0063 -0.4151 0.9097
vn -0.0021 -0.1420 0.9899
vn 0.0021 0.1426 0.9898
vn 0.0062 0.4156 0.9095
vn 0.0097 0.6550 0.7556
vn 0.0124 0.8413 0.5405
vn 0.0141 0.9594 0.2816
vn 0.0147 0.9999 -0.0000
vn 0.0141 0.9594 -0.2816
vn 0.0124 0.8413 -0.5405
vn 0.0097 0.6550 -0.7556
vn 0.0061 0.4157 -0.9095
vn 0.0021 0.1426 -0.9898
vn -0.0021 -0.1420 -0.9899
vn -0.0062 -0.4151 -0.9097
vn -0.0099 -0.6546 -0.7559
vn -0.0127 -0.8411 -0.5408
vn -0.0146 -0.9594 -0.2818
vn 0.9999 -0.0138 -0.0000
vn 0.9999 -0.0138 0.0000
vn 0.9998 -0.0185 0.0000
vn 0.9998 -0.0185 -0.0000
f 2623//2533 2601//2511 2602//2512 2624//2534
f 2625//2535 2603//2513 2601//2511 2623//2533
f 2626//2536 2604//2514 2603//2513 2625//2535
f 2627//2537 2605//2515 2604//2514 2626//2536
f 2628//2538 2606//2516 2605//2515 2627//2537
f 2629//2539 2607//2517 2606//2516 2628//2538
f 2630//2540 2608//2518 2607//2517 2629//2539
f 2631//2541 2609//2519 2608//2518 2630//2540
f 2632//2542 2610//2520 2609//2519 2631//2541
f 2633//2543 2611//2521 2610//2520 2632//2542
f 2634//2544 2612//2522 2611//2521 2633//2543
f 2635//2545 2613//2523 2612//2522 2634//2544
f 2636//2546 2614//2524 2613//2523 2635//2545
f 2637//2547 2615//2525 2614//2524 2636//2546
f 2638//2548 2616//2526 2615//2525 2637//2547
f 2639//2549 2617//2527 2616//2526 2638//2548
f 2640//2550 2618//2528 2617//2527 2639//2549
f 2641//2551 2619//2529 2618//2528 2640//2550
f 2642//2552 2620//2530 2619//2529 2641//2551
f 2643//2553 2621//2531 2620//2530 2642//2552
f 2644//2554 2622//2532 2621//2531 2643//2553
f 2624//2534 2602//2512 2622//2532 2644//2554
f 2645//2555 2623//2533 2624//2534 2646//2556
f 2647//2557 2625//2535 2623//2533 2645//2555
f 2648//2558 2626//2536 2625//2535 2647//2557
f 2649//2559 2627//2537 2626//2536 2648//2558
f 2650//2560 2628//2538 2627//2537 2649//2559
f 2651//2561 2629//2539 2628//2538 2650//2560
f 2652//2562 2630//2540 2629//2539 2651//2561
f 2653//2563 2631//2541 2630//2540 2652//2562
f 2654//2564 2632//2542 2631//2541 2653//2563
f 2655//2565 2633//2543 2632//2542 2654//2564
f 2656//2566 2634//2544 2633//2543 2655//2565
f 2657//2567 2635//2545 2634//2544 2656//2566
f 2658//2568 2636//2546 2635//2545 2657//2567
f 2659//2569 2637//2547 2636//2546 2658//2568
f 2660//2570 2638//2548 2637//2547 2659//2569
f 2661//2571 2639//2549 2638//2548 2660//2570
f 2662//2572 2640//2550 2639//2549 2661//2571
f 2663//2573 2641//2551 2640//2550 2662//2572
f 2664//2574 2642//2552 2641//2551 2663//2573
f 2665//2575 2643//2553 2642//2552 2664//2574
f 2666//2576 2644//2554 2643//2553 2665//2575
f 2646//2556 2624//2534 2644//2554 2666//2576
f 2667//2577 2645//2555 2646//2556 2668//2578
f 2669//2579 2647//2557 2645//2555 2667//2577
f 2670//2580 2648//2558 2647//2557 2669//2579
f 2671//2581 2649//2559 2648//2558 2670//2580
f 2672//2582 2650//2560 2649//2559 2671//2581
f 2673//2583 2651//2561 2650//2560 2672//2582
f 2674//2584 2652//2562 2651//2561 2673//2583
f 2675//2585 2653//2563 2652//2562 2674//2584
f 2676//2586 2654//2564 2653//2563 2675//2585
f 2677//2587 2655//2565 2654//2564 2676//2586
f 2678//2588 2656//2566 2655//2565 2677//2587
f 2679//2589 2657//2567 2656//2566 2678//2588
f 2680//2590 2658//2568 2657//2567 2679//2589
f 2681//2591 2659//2569 2658//2568 2680//2590
f 2682//2592 2660//2570 2659//2569 2681//2591
f 2683//2593 2661//2571 2660//2570 2682//2592
f 2684//2594 2662//2572 2661//2571 2683//2593
f 2685//2595 2663//2573 2662//2572 2684//2594
f 2686//2596 2664//2574 2663//2573 2685//2595
f 2687//2597 2665//2575 2664//2574 2686//2596
f 2688//2598 2666//2576 2665//2575 2687//2597
f 2668//2578 2646//2556 2666//2576 2688//2598
f 2689//2599 2667//2577 2668//2578 2690//2600
f 2691//2601 2669//2579 2667//2577 2689//2599
f 2692//2602 2670//2580 2669//2579 2691//2601
f 2693//2603 2671//2581 2670//2580 2692//2602
f 2694//2604 2672//2582 2671//2581 2693//2603
f 2695//2605 2673//2583 2672//2582 2694//2604
f 2696//2606 2674//2584 2673//2583 2695//2605
f 2697//2607 2675//2585 2674//2584 2696//2606
f 2698//2608 2676//2586 2675//2585 2697//2607
f 2699//2609 2677//2587 2676//2586 2698//2608
f 2700//2610 2678//2588 2677//2587 2699//2609
f 2701//2611 2679//2589 2678//2588 2700//2610
f 2702//2612 2680//2590 2679//2589 2701//2611
f 2703//2613 2681//2591 2680//2590 2702//2612
f 2704//2614 2682//2592 2681//2591 2703//2613
f 2705//2615 2683//2593 2682//2592 2704//2614
f 2706//2616 2684//2594 2683//2593 2705//2615
f 2707//2617 2685//2595 2684//2594 2706//2616
f 2708//2618 2686//2596 2685//2595 2707//2617
f 2709//2619 2687//2597 2686//2596 2708//2618
f 2710//2620 2688//2598 2687//2597 2709//2619
f 2690//2600 2668//2578 2688//2598 2710//2620
f 2711//2621 2689//2599 2690//2600 2712//2622
f 2713//2623 2691//2601 2689//2599 2711//2621
f 2714//2624 2692//2602 2691//2601 2713//2623
f 2715//2625 2693//2603 2692//2602 2714//2624
f 2716//2626 2694//2604 2693//2603 2715//2625
f 2717//2627 2695//2605 2694//2604 2716//2626
f 2718//2628 2696//2606 2695//2605 2717//2627
f 2719//2629 2697//2607 2696//2606 2718//2628
f 2720//2630 2698//2608 2697//2607 2719//2629
f 2721//2631 2699//2609 2698//2608 2720//2630
f 2722//2632 2700//2610 2699//2609 2721//2631
f 2723//2633 2701//2611 2700//2610 2722//2632
f 2724//2634 2702//2612 2701//2611 2723//2633
f 2725//2635 2703//2613 2702//2612 2724//2634
f 2726//2636 2704//2614 2703//2613 2725//2635
f 2727//2637 2705//2615 2704//2614 2726//2636
f 2728//2638 2706//2616 2705//2615 2727//2637
f 2729//2639 2707//2617 2706//2616 2728//2638
f 2730//2640 2708//2618 2707//2617 2729//2639
f 2731//2641 2709//2619 2708//2618 2730//2640
f 2732//2642 2710//2620 2709//2619 2731//2641
f 2712//2622 2690//2600 2710//2620 2732//2642
f 2733//2643 2711//2621 2712//2622 2734//2644
f 2735//2645 2713//2623 2711//2621 2733//2643
f 2736//2646 2714//2624 2713//2623 2735//2645
f 2737//2647 2715//2625 2714//2624 2736//2646
f 2738//2648 2716//2626 2715//2625 2737//2647
f 2739//2649 2717//2627 2716//2626 2738//2648
f 2740//2650 2718//2628 2717//2627 2739//2649
f 2741//2651 2719//2629 2718//2628 2740//2650
f 2742//2652 2720//2630 2719//2629 2741//2651
f 2743//2653 2721//2631 2720//2630 2742//2652
f 2744//2654 2722//2632 2721//2631 2743//2653
f 2745//2655 2723//2633 2722//2632 2744//2654
f 2746//2656 2724//2634 2723//2633 2745//2655
f 2747//2657 2725//2635 2724//2634 2746//2656
f 2748//2658 2726//2636 2725//2635 2747//2657
f 2749//2659 2727//2637 2726//2636 2748//2658
f 2750//2660 2728//2638 2727//2637 2749//2659
f 2751//2661 2729//2639 2728//2638 2750//2660
f 2752//2662 2730//2640 2729//2639 2751//2661
f 2753//2663 2731//2641 2730//2640 2752//2662
f 2754//2664 2732//2642 2731//2641 2753//2663
f 2734//2644 2712//2622 2732//2642 2754//2664
f 2755//2665 2733//2643 2734//2644 2756//2666
f 2757//2667 2735//2645 2733//2643 2755//2665
f 2758//2668 2736//2646 2735//2645 2757//2667
f 2759//2669 2737//2647 2736//2646 2758//2668
f 2760//2670 2738//2648 2737//2647 2759//2669
f 2761//2671 2739//2649 2738//2648 2760//2670
f 2762//2672 2740//2650 2739//2649 2761//2671
f 2763//2673 2741//2651 2740//2650 2762//2672
f 2764//2674 2742//2652 2741//2651 2763//2673
f 2765//2675 2743//2653 2742//2652 2764//2674
f 2766//2676 2744//2654 2743//2653 2765//2675
f 2767//2677 2745//2655 2744//2654 2766//2676
f 2768//2678 2746//2656 2745//2655 2767//2677
f 2769//2679 2747//2657 2746//2656 2768//2678
f 2770//2680 2748//2658 2747//2657 2769//2679
f 2771//2681 2749//2659 2748//2658 2770//2680
f 2772//2682 2750//2660 2749//2659 2771//2681
f 2773//2683 2751//2661 2750//2660 2772//2682
f 2774//2684 2752//2662 2751//2661 2773//2683
f 2775//2685 2753//2663 2752//2662 2774//2684
f 2776//2686 2754//2664 2753//2663 2775//2685
f 2756//2666 2734//2644 2754//2664 2776//2686
f 2777//2687 2755//2665 2756//2666 2778//2688
f 2779//2689 2757//2667 2755//2665 2777//2687
f 2780//2690 2758//2668 2757//2667 2779//2689
f 2781//2691 2759//2669 2758//2668 2780//2690
f 2782//2692 2760//2670 2759//2669 2781//2691
f 2783//2693 2761//2671 2760//2670 2782//2692
f 2784//2694 2762//2672 2761//2671 2783//2693
f 2785//2695 2763//2673 2762//2672 2784//2694
f 2786//2696 2764//2674 2763//2673 2785//2695
f 2787//2697 2765//2675 2764//2674 2786//2696
f 2788//2698 2766//2676 2765//2675 2787//2697
f 2789//2699 2767//2677 2766//2676 2788//2698
f 2790//2700 2768//2678 2767//2677 2789//2699
f 2791//2701 2769//2679 2768//2678 2790//2700
f 2792//2702 2770//2680 2769//2679 2791//2701
f 2793//2703 2771//2681 2770//2680 2792//2702
f 2794//2704 2772//2682 2771//2681 2793//2703
f 2795//2705 2773//2683 2772//2682 2794//2704
f 2796//2706 2774//2684 2773//2683 2795//2705
f 2797//2707 2775//2685 2774//2684 2796//2706
f 2798//2708 2776//2686 2775//2685 2797//2707
f 2778//2688 2756//2666 2776//2686 2798//2708
f 2799//2709 2777//2687 2778//2688 2800//2710
f 2801//2711 2779//2689 2777//2687 2799//2709
f 2802//2712 2780//2690 2779//2689 2801//2711
f 2803//2713 2781//2691 2780//2690 2802//2712
f 2804//2714 2782//2692 2781//2691 2803//2713
f 2805//2715 2783//2693 2782//2692 2804//2714
f 2806//2716 2784//2694 2783//2693 2805//2715
f 2807//2717 2785//2695 2784//2694 2806//2716
f 2808//2718 2786//2696 2785//2695 2807//2717
f 2809//2719 2787//2697 2786//2696 2808//2718
f 2810//2720 2788//2698 2787//2697 2809//2719
f 2811//2721 2789//2699 2788//2698 2810//2720
f 2812//2722 2790//2700 2789//2699 2811//2721
f 2813//2723 2791//2701 2790//2700 2812//2722
f 2814//2724 2792//2702 2791//2701 2813//2723
f 2815//2725 2793//2703 2792//2702 2814//2724
f 2816//2726 2794//2704 2793//2703 2815//2725
f 2817//2727 2795//2705 2794//2704 2816//2726
f 2818//2728 2796//2706 2795//2705 2817//2727
f 2819//2729 2797//2707 2796//2706 2818//2728
f 2820//2730 2798//2708 2797//2707 2819//2729
f 2800//2710 2778//2688 2798//2708 2820//2730
f 2801//2733 2799//2734 2800//2734
f 2802//2734 2801//2733 2800//2734 2803//2734
f 2804//2734 2803//2734 2800//2734 2805//2733
f 2806//2733 2805//2733 2800//2734 2807//2734
f 2808//2734 2807//2734 2800//2734 2809//2733
f 2810//2733 2809//2733 2800//2734 2811//2734
f 2812//2734 2811//2734 2800//2734 2813//2733
f 2814//2734 2813//2733 2800//2734 2815//2733
f 2816//2733 2815//2733 2800//2734 2817//2733
f 2818//2733 2817//2733 2800//2734 2819//2733
f 2820//2733 2819//2733 2800//2734
v 0.159599 0.023615 -0.013896
v 0.161221 0.023615 -0.002618
v 0.121188 0.023615 -0.002618
v 0.154865 0.023615 -0.024261
v 0.147404 0.023615 -0.032873
v 0.137818 0.023615 -0.039033
v 0.126885 0.023615 -0.042243
v 0.115491 0.023615 -0.042243
v 0.104558 0.023615 -0.039033
v 0.094972 0.023615 -0.032873
v 0.08751 0.023615 -0.024261
v 0.082777 0.023615 -0.013896
v 0.081155 0.023615 -0.002618
v 0.082777 0.023615 0.008661
v 0.08751 0.023615 0.019026
v 0.094972 0.023615 0.027637
v 0.104558 0.023615 0.033797
v 0.115491 0.023615 0.037008
v 0.126885 0.023615 0.037008
v 0.137818 0.023615 0.033797
v 0.147404 0.023615 0.027637
v 0.154865 0.023615 0.019026
v 0.159599 0.023615 0.008661
v 0.159599 0.036063 -0.013896
v 0.161221 0.036063 -0.002618
v 0.154865 0.036063 -0.024261
v 0.147404 0.036063 -0.032873
v 0.137818 0.036063 -0.039033
v 0.126885 0.036063 -0.042243
v 0.115491 0.036063 -0.042243
v 0.104558 0.036063 -0.039033
v 0.094972 0.036063 -0.032873
v 0.08751 0.036063 -0.024261
v 0.082777 0.036063 -0.013896
v 0.081155 0.036063 -0.002618
v 0.082777 0.036063 0.008661
v 0.08751 0.036063 0.019026
v 0.094972 0.036063 0.027637
v 0.104558 0.036063 0.033797
v 0.115491 0.036063 0.037008
v 0.126885 0.036063 0.037008
v 0.137818 0.036063 0.033797
v 0.147404 0.036063 0.027637
v 0.154865 0.036063 0.019026
v 0.159599 0.036063 0.008661
v 0.159599 0.048511 -0.013896
v 0.161221 0.048511 -0.002618
v 0.154865 0.048511 -0.024261
v 0.147404 0.048511 -0.032873
v 0.137818 0.048511 -0.039033
v 0.126885 0.048511 -0.042243
v 0.115491 0.048511 -0.042243
v 0.104558 0.048511 -0.039033
v 0.094972 0.048511 -0.032873
v 0.08751 0.048511 -0.024261
v 0.082777 0.048511 -0.013896
v 0.081155 0.048511 -0.002618
v 0.082777 0.048511 0.008661
v 0.08751 0.048511 0.019026
v 0.094972 0.048511 0.027637
v 0.104558 0.048511 0.033797
v 0.115491 0.048511 0.037008
v 0.126885 0.048511 0.037008
v 0.137818 0.048511 0.033797
v 0.147404 0.048511 0.027637
v 0.154865 0.048511 0.019026
v 0.159599 0.048511 0.008661
v 0.159599 0.060959 -0.013896
v 0.161221 0.060959 -0.002618
v 0.154865 0.060959 -0.024261
v 0.147404 0.060959 -0.032873
v 0.137818 0.060959 -0.039033
v 0.126885 0.060959 -0.042243
v 0.115491 0.060959 -0.042243
v 0.104558 0.060959 -0.039033
v 0.094972 0.060959 -0.032873
v 0.08751 0.060959 -0.024261
v 0.082777 0.060959 -0.013896
v 0.081155 0.060959 -0.002618
v 0.082777 0.060959 0.008661
v 0.08751 0.060959 0.019026
v 0.094972 0.060959 0.027637
v 0.104558 0.060959 0.033797
v 0.115491 0.060959 0.037008
v 0.126885 0.060959 0.037008
v 0.137818 0.060959 0.033797
v 0.147404 0.060959 0.027637
v 0.154865 0.060959 0.019026
v 0.159599 0.060959 0.008661
v 0.159599 0.073406 -0.013896
v 0.161221 0.073406 -0.002618
v 0.154865 0.073406 -0.024261
v 0.147404 0.073406 -0.032873
v 0.137818 0.073406 -0.039033
v 0.126885 0.073406 -0.042243
v 0.115491 0.073406 -0.042243
v 0.104558 0.073406 -0.039033
v 0.094972 0.073406 -0.032873
v 0.08751 0.073406 -0.024261
v 0.082777 0.073406 -0.013896
v 0.081155 0.073406 -0.002618
v 0.082777 0.073406 0.008661
v 0.08751 0.073406 0.019026
v 0.094972 0.073406 0.027637
v 0.104558 0.073406 0.033797
v 0.115491 0.073406 0.037008
v 0.126885 0.073406 0.037008
v 0.137818 0.073406 0.033797
v 0.147404 0.073406 0.027637
v 0.154865 0.073406 0.019026
v 0.159599 0.073406 0.008661
v 0.159599 0.085854 -0.013896
v 0.161221 0.085854 -0.002618
v 0.154865 0.085854 -0.024261
v 0.147404 0.085854 -0.032873
v 0.137818 0.085854 -0.039033
v 0.126885 0.085854 -0.042243
v 0.115491 0.085854 -0.042243
v 0.104558 0.085854 -0.039033
v 0.094972 0.085854 -0.032873
v 0.08751 0.085854 -0.024261
v 0.082777 0.085854 -0.013896
v 0.081155 0.085854 -0.002618
v 0.082777 0.085854 0.008661
v 0.08751 0.085854 0.019026
v 0.094972 0.085854 0.027637
v 0.104558 0.085854 0.033797
v 0.115491 0.085854 0.037008
v 0.126885 0.085854 0.037008
v 0.137818 0.085854 0.033797
v 0.147404 0.085854 0.027637
v 0.154865 0.085854 0.019026
v 0.159599 0.085854 0.008661
v 0.121188 0.085854 -0.002618
vn 0.0000 -1.0000 -0.0000
vn 0.9595 0.0000 -0.2817
vn 1.0000 0.0000 0.0000
vn 0.8413 0.0000 -0.5406
vn 0.6549 0.0000 -0.7557
vn 0.4154 0.0000 -0.9096
vn 0.1423 0.0000 -0.9898
vn -0.1423 0.0000 -0.9898
vn -0.4154 0.0000 -0.9096
vn -0.6549 0.0000 -0.7557
vn -0.8413 0.0000 -0.5406
vn -0.9595 0.0000 -0.2817
vn -1.0000 0.0000 -0.0000
vn -1.0000 0.0000 0.0000
vn -0.9595 0.0000 0.2817
vn -0.8413 0.0000 0.5406
vn -0.6549 0.0000 0.7557
vn -0.4154 0.0000 0.9096
vn -0.1423 0.0000 0.9898
vn 0.1423 0.0000 0.9898
vn 0.4154 0.0000 0.9096
vn 0.6549 0.0000 0.7558
vn 0.8413 0.0000 0.5406
vn 0.9595 0.0000 0.2817
vn 0.0000 1.0000 -0.0000
vt 0.7955 0.0000 0.0000
vt 0.7500 0.0000 0.0000
vt 0.5000 0.0000 0.0000
vt 0.8409 0.0000 0.0000
vt 0.8864 0.0000 0.0000
vt 0.9318 0.0000 0.0000
vt 0.9773 0.0000 0.0000
vt 0.0227 0.0000 0.0000
vt 0.0682 0.0000 0.0000
vt 0.1136 0.0000 0.0000
vt 0.1591 0.0000 0.0000
vt 0.2045 0.0000 0.0000
vt 0.2500 0.0000 0.0000
vt 0.2955 0.0000 0.0000
vt 0.3409 0.0000 0.0000
vt 0.3864 0.0000 0.0000
vt 0.4318 0.0000 0.0000
vt 0.4773 0.0000 0.0000
vt 0.5227 0.0000 0.0000
vt 0.5682 0.0000 0.0000
vt 0.6136 0.0000 0.0000
vt 0.6591 0.0000 0.0000
vt 0.7045 0.0000 0.0000
vt 0.7955 0.2000 0.0000
vt 0.7500 0.2000 0.0000
vt 0.8409 0.2000 0.0000
vt 0.8864 0.2000 0.0000
vt 0.9318 0.2000 0.0000
vt 0.9773 0.2000 0.0000
vt 0.0227 0.2000 0.0000
vt -0.0227 0.2000 0.0000
vt -0.0227 0.0000 0.0000
vt 0.0682 0.2000 0.0000
vt 0.1136 0.2000 0.0000
vt 0.1591 0.2000 0.0000
vt 0.2045 0.2000 0.0000
vt 0.2500 0.2000 0.0000
vt 0.2955 0.2000 0.0000
vt 0.3409 0.2000 0.0000
vt 0.3864 0.2000 0.0000
vt 0.4318 0.2000 0.0000
vt 0.4773 0.2000 0.0000
vt 0.5227 0.2000 0.0000
vt 0.5682 0.2000 0.0000
vt 0.6136 0.2000 0.0000
vt 0.6591 0.2000 0.0000
vt 0.7045 0.2000 0.0000
vt 0.7955 0.4000 0.0000
vt 0.7500 0.4000 0.0000
vt 0.8409 0.4000 0.0000
vt 0.8864 0.4000 0.0000
vt 0.9318 0.4000 0.0000
vt 0.9773 0.4000 0.0000
vt 0.0227 0.4000 0.0000
vt -0.0227 0.4000 0.0000
vt 0.0682 0.4000 0.0000
vt 0.1136 0.4000 0.0000
vt 0.1591 0.4000 0.0000
vt 0.2045 0.4000 0.0000
vt 0.2500 0.4000 0.0000
vt 0.2955 0.4000 0.0000
vt 0.3409 0.4000 0.0000
vt 0.3864 0.4000 0.0000
vt 0.4318 0.4000 0.0000
vt 0.4773 0.4000 0.0000
vt 0.5227 0.4000 0.0000
vt 0.5682 0.4000 0.0000
vt 0.6136 0.4000 0.0000
vt 0.6591 0.4000 0.0000
vt 0.7045 0.4000 0.0000
vt 0.7955 0.6000 0.0000
vt 0.7500 0.6000 0.0000
vt 0.8409 0.6000 0.0000
vt 0.8864 0.6000 0.0000
vt 0.9318 0.6000 0.0000
vt 0.9773 0.6000 0.0000
vt 0.0227 0.6000 0.0000
vt -0.0227 0.6000 0.0000
vt 0.0682 0.6000 0.0000
vt 0.1136 0.6000 0.0000
vt 0.1591 0.6000 0.0000
vt 0.2045 0.6000 0.0000
vt 0.2500 0.6000 0.0000
vt 0.2955 0.6000 0.0000
vt 0.3409 0.6000 0.0000
vt 0.3864 0.6000 0.0000
vt 0.4318 0.6000 0.0000
vt 0.4773 0.6000 0.0000
vt 0.5227 0.6000 0.0000
vt 0.5682 0.6000 0.0000
vt 0.6136 0.6000 0.0000
vt 0.6591 0.6000 0.0000
vt 0.7045 0.6000 0.0000
vt 0.7955 0.8000 0.0000
vt 0.7500 0.8000 0.0000
vt 0.8409 0.8000 0.0000
vt 0.8864 0.8000 0.0000
vt 0.9318 0.8000 0.0000
vt 0.9773 0.8000 0.0000
vt 0.0227 0.8000 0.0000
vt -0.0227 0.8000 0.0000
vt 0.0682 0.8000 0.0000
vt 0.1136 0.8000 0.0000
vt 0.1591 0.8000 0.0000
vt 0.2045 0.8000 0.0000
vt 0.2500 0.8000 0.0000
vt 0.2955 0.8000 0.0000
vt 0.3409 0.8000 0.0000
vt 0.3864 0.8000 0.0000
vt 0.4318 0.8000 0.0000
vt 0.4773 0.8000 0.0000
vt 0.5227 0.8000 0.0000
vt 0.5682 0.8000 0.0000
vt 0.6136 0.8000 0.0000
vt 0.6591 0.8000 0.0000
vt 0.7045 0.8000 0.0000
vt 0.7955 1.0000 0.0000
vt 0.7500 1.0000 0.0000
vt 0.8409 1.0000 0.0000
vt 0.8864 1.0000 0.0000
vt 0.9318 1.0000 0.0000
vt 0.9773 1.0000 0.0000
vt 0.0227 1.0000 0.0000
vt -0.0227 1.0000 0.0000
vt 0.0682 1.0000 0.0000
vt 0.1136 1.0000 0.0000
vt 0.1591 1.0000 0.0000
vt 0.2045 1.0000 0.0000
vt 0.2500 1.0000 0.0000
vt 0.2955 1.0000 0.0000
vt 0.3409 1.0000 0.0000
vt 0.3864 1.0000 0.0000
vt 0.4318 1.0000 0.0000
vt 0.4773 1.0000 0.0000
vt 0.5227 1.0000 0.0000
vt 0.5682 1.0000 0.0000
vt 0.6136 1.0000 0.0000
vt 0.6591 1.0000 0.0000
vt 0.7045 1.0000 0.0000
vt 0.5000 1.0000 0.0000
v 0.05613 0.023615 -0.011328
v 0.057767 0.023615 0.000057
v 0.017357 0.023615 0.000057
v 0.051352 0.023615 -0.021791
v 0.04382 0.023615 -0.030483
v 0.034144 0.023615 -0.036702
v 0.023108 0.023615 -0.039942
v 0.011606 0.023615 -0.039942
v 0.000571 0.023615 -0.036702
v -0.009105 0.023615 -0.030483
v -0.016637 0.023615 -0.021791
v -0.021415 0.023615 -0.011328
v -0.023052 0.023615 0.000057
v -0.021415 0.023615 0.011441
v -0.016637 0.023615 0.021904
v -0.009105 0.023615 0.030596
v 0.000571 0.023615 0.036814
v 0.011606 0.023615 0.040055
v 0.023108 0.023615 0.040055
v 0.034144 0.023615 0.036814
v 0.04382 0.023615 0.030596
v 0.051352 0.023615 0.021904
v 0.05613 0.023615 0.011441
v 0.05613 0.036063 -0.011328
v 0.057767 0.036063 0.000057
v 0.051352 0.036063 -0.021791
v 0.04382 0.036063 -0.030483
v 0.034144 0.036063 -0.036702
v 0.023108 0.036063 -0.039942
v 0.011606 0.036063 -0.039942
v 0.000571 0.036063 -0.036702
v -0.009105 0.036063 -0.030483
v -0.016637 0.036063 -0.021791
v -0.021415 0.036063 -0.011328
v -0.023052 0.036063 0.000057
v -0.021415 0.036063 0.011441
v -0.016637 0.036063 0.021904
v -0.009105 0.036063 0.030596
v 0.000571 0.036063 0.036814
v 0.011606 0.036063 0.040055
v 0.023108 0.036063 0.040055
v 0.034144 0.036063 0.036814
v 0.04382 0.036063 0.030596
v 0.051352 0.036063 0.021904
v 0.05613 0.036063 0.011441
v 0.05613 0.048511 -0.011328
v 0.057767 0.048511 0.000057
v 0.051352 0.048511 -0.021791
v 0.04382 0.048511 -0.030483
v 0.034144 0.048511 -0.036702
v 0.023108 0.048511 -0.039942
v 0.011606 0.048511 -0.039942
v 0.000571 0.048511 -0.036702
v -0.009105 0.048511 -0.030483
v -0.016637 0.048511 -0.021791
v -0.021415 0.048511 -0.011328
v -0.023052 0.048511 0.000057
v -0.021415 0.048511 0.011441
v -0.016637 0.048511 0.021904
v -0.009105 0.048511 0.030596
v 0.000571 0.048511 0.036814
v 0.011606 0.048511 0.040055
v 0.023108 0.048511 0.040055
v 0.034144 0.048511 0.036814
v 0.04382 0.048511 0.030596
v 0.051352 0.048511 0.021904
v 0.05613 0.048511 0.011441
v 0.05613 0.060959 -0.011328
v 0.057767 0.060959 0.000057
v 0.051352 0.060959 -0.021791
v 0.04382 0.060959 -0.030483
v 0.034144 0.060959 -0.036702
v 0.023108 0.060959 -0.039942
v 0.011606 0.060959 -0.039942
v 0.000571 0.060959 -0.036702
v -0.009105 0.060959 -0.030483
v -0.016637 0.060959 -0.021791
v -0.021415 0.060959 -0.011328
v -0.023052 0.060959 0.000057
v -0.021415 0.060959 0.011441
v -0.016637 0.060959 0.021904
v -0.009105 0.060959 0.030596
v 0.000571 0.060959 0.036814
v 0.011606 0.060959 0.040055
v 0.023108 0.060959 0.040055
v 0.034144 0.060959 0.036814
v 0.04382 0.060959 0.030596
v 0.051352 0.060959 0.021904
v 0.05613 0.060959 0.011441
v 0.05613 0.073406 -0.011328
v 0.057767 0.073406 0.000057
v 0.051352 0.073406 -0.021791
v 0.04382 0.073406 -0.030483
v 0.034144 0.073406 -0.036702
v 0.023108 0.073406 -0.039942
v 0.011606 0.073406 -0.039942
v 0.000571 0.073406 -0.036702
v -0.009105 0.073406 -0.030483
v -0.016637 0.073406 -0.021791
v -0.021415 0.073406 -0.011328
v -0.023052 0.073406 0.000057
v -0.021415 0.073406 0.011441
v -0.016637 0.073406 0.021904
v -0.009105 0.073406 0.030596
v 0.000571 0.073406 0.036814
v 0.011606 0.073406 0.040055
v 0.023108 0.073406 0.040055
v 0.034144 0.073406 0.036814
v 0.04382 0.073406 0.030596
v 0.051352 0.073406 0.021904
v 0.05613 0.073406 0.011441
v 0.05613 0.085854 -0.011328
v 0.057767 0.085854 0.000057
v 0.051352 0.085854 -0.021791
v 0.04382 0.085854 -0.030483
v 0.034144 0.085854 -0.036702
v 0.023108 0.085854 -0.039942
v 0.011606 0.085854 -0.039942
v 0.000571 0.085854 -0.036702
v -0.009105 0.085854 -0.030483
v -0.016637 0.085854 -0.021791
v -0.021415 0.085854 -0.011328
v -0.023052 0.085854 0.000057
v -0.021415 0.085854 0.011441
v -0.016637 0.085854 0.021904
v -0.009105 0.085854 0.030596
v 0.000571 0.085854 0.036814
v 0.011606 0.085854 0.040055
v 0.023108 0.085854 0.040055
v 0.034144 0.085854 0.036814
v 0.04382 0.085854 0.030596
v 0.051352 0.085854 0.021904
v 0.05613 0.085854 0.011441
v 0.017357 0.085854 0.000057
vn 0.0000 -1.0000 -0.0000
vn 0.9595 0.0000 -0.2817
vn 1.0000 0.0000 0.0000
vn 0.8413 0.0000 -0.5406
vn 0.6549 0.0000 -0.7557
vn 0.4154 0.0000 -0.9096
vn 0.1423 0.0000 -0.9898
vn -0.1423 0.0000 -0.9898
vn -0.4154 0.0000 -0.9096
vn -0.6549 0.0000 -0.7557
vn -0.8413 0.0000 -0.5406
vn -0.9595 0.0000 -0.2817
vn -1.0000 0.0000 -0.0000
vn -1.0000 0.0000 0.0000
vn -0.9595 0.0000 0.2817
vn -0.8413 0.0000 0.5406
vn -0.6549 0.0000 0.7557
vn -0.4154 0.0000 0.9096
vn -0.1423 0.0000 0.9898
vn 0.1423 0.0000 0.9898
vn 0.4154 0.0000 0.9096
vn 0.6549 0.0000 0.7558
vn 0.8413 0.0000 0.5406
vn 0.9595 0.0000 0.2817
vn 0.0000 1.0000 -0.0000
vt 0.7955 0.0000 0.0000
vt 0.7500 0.0000 0.0000
vt 0.5000 0.0000 0.0000
vt 0.8409 0.0000 0.0000
vt 0.8864 0.0000 0.0000
vt 0.9318 0.0000 0.0000
vt 0.9773 0.0000 0.0000
vt 0.0227 0.0000 0.0000
vt 0.0682 0.0000 0.0000
vt 0.1136 0.0000 0.0000
vt 0.1591 0.0000 0.0000
vt 0.2045 0.0000 0.0000
vt 0.2500 0.0000 0.0000
vt 0.2955 0.0000 0.0000
vt 0.3409 0.0000 0.0000
vt 0.3864 0.0000 0.0000
vt 0.4318 0.0000 0.0000
vt 0.4773 0.0000 0.0000
vt 0.5227 0.0000 0.0000
vt 0.5682 0.0000 0.0000
vt 0.6136 0.0000 0.0000
vt 0.6591 0.0000 0.0000
vt 0.7045 0.0000 0.0000
vt 0.7955 0.2000 0.0000
vt 0.7500 0.2000 0.0000
vt 0.8409 0.2000 0.0000
vt 0.8864 0.2000 0.0000
vt 0.9318 0.2000 0.0000
vt 0.9773 0.2000 0.0000
vt 0.0227 0.2000 0.0000
vt -0.0227 0.2000 0.0000
vt -0.0227 0.0000 0.0000
vt 0.0682 0.2000 0.0000
vt 0.1136 0.2000 0.0000
vt 0.1591 0.2000 0.0000
vt 0.2045 0.2000 0.0000
vt 0.2500 0.2000 0.0000
vt 0.2955 0.2000 0.0000
vt 0.3409 0.2000 0.0000
vt 0.3864 0.2000 0.0000
vt 0.4318 0.2000 0.0000
vt 0.4773 0.2000 0.0000
vt 0.5227 0.2000 0.0000
vt 0.5682 0.2000 0.0000
vt 0.6136 0.2000 0.0000
vt 0.6591 0.2000 0.0000
vt 0.7045 0.2000 0.0000
vt 0.7955 0.4000 0.0000
vt 0.7500 0.4000 0.0000
vt 0.8409 0.4000 0.0000
vt 0.8864 0.4000 0.0000
vt 0.9318 0.4000 0.0000
vt 0.9773 0.4000 0.0000
vt 0.0227 0.4000 0.0000
vt -0.0227 0.4000 0.0000
vt 0.0682 0.4000 0.0000
vt 0.1136 0.4000 0.0000
vt 0.1591 0.4000 0.0000
vt 0.2045 0.4000 0.0000
vt 0.2500 0.4000 0.0000
vt 0.2955 0.4000 0.0000
vt 0.3409 0.4000 0.0000
vt 0.3864 0.4000 0.0000
vt 0.4318 0.4000 0.0000
vt 0.4773 0.4000 0.0000
vt 0.5227 0.4000 0.0000
vt 0.5682 0.4000 0.0000
vt 0.6136 0.4000 0.0000
vt 0.6591 0.4000 0.0000
vt 0.7045 0.4000 0.0000
vt 0.7955 0.6000 0.0000
vt 0.7500 0.6000 0.0000
vt 0.8409 0.6000 0.0000
vt 0.8864 0.6000 0.0000
vt 0.9318 0.6000 0.0000
vt 0.9773 0.6000 0.0000
vt 0.0227 0.6000 0.0000
vt -0.0227 0.6000 0.0000
vt 0.0682 0.6000 0.0000
vt 0.1136 0.6000 0.0000
vt 0.1591 0.6000 0.0000
vt 0.2045 0.6000 0.0000
vt 0.2500 0.6000 0.0000
vt 0.2955 0.6000 0.0000
vt 0.3409 0.6000 0.0000
vt 0.3864 0.6000 0.0000
vt 0.4318 0.6000 0.0000
vt 0.4773 0.6000 0.0000
vt 0.5227 0.6000 0.0000
vt 0.5682 0.6000 0.0000
vt 0.6136 0.6000 0.0000
vt 0.6591 0.6000 0.0000
vt 0.7045 0.6000 0.0000
vt 0.7955 0.8000 0.0000
vt 0.7500 0.8000 0.0000
vt 0.8409 0.8000 0.0000
vt 0.8864 0.8000 0.0000
vt 0.9318 0.8000 0.0000
vt 0.9773 0.8000 0.0000
vt 0.0227 0.8000 0.0000
vt -0.0227 0.8000 0.0000
vt 0.0682 0.8000 0.0000
vt 0.1136 0.8000 0.0000
vt 0.1591 0.8000 0.0000
vt 0.2045 0.8000 0.0000
vt 0.2500 0.8000 0.0000
vt 0.2955 0.8000 0.0000
vt 0.3409 0.8000 0.0000
vt 0.3864 0.8000 0.0000
vt 0.4318 0.8000 0.0000
vt 0.4773 0.8000 0.0000
vt 0.5227 0.8000 0.0000
vt 0.5682 0.8000 0.0000
vt 0.6136 0.8000 0.0000
vt 0.6591 0.8000 0.0000
vt 0.7045 0.8000 0.0000
vt 0.7955 1.0000 0.0000
vt 0.7500 1.0000 0.0000
vt 0.8409 1.0000 0.0000
vt 0.8864 1.0000 0.0000
vt 0.9318 1.0000 0.0000
vt 0.9773 1.0000 0.0000
vt 0.0227 1.0000 0.0000
vt -0.0227 1.0000 0.0000
vt 0.0682 1.0000 0.0000
vt 0.1136 1.0000 0.0000
vt 0.1591 1.0000 0.0000
vt 0.2045 1.0000 0.0000
vt 0.2500 1.0000 0.0000
vt 0.2955 1.0000 0.0000
vt 0.3409 1.0000 0.0000
vt 0.3864 1.0000 0.0000
vt 0.4318 1.0000 0.0000
vt 0.4773 1.0000 0.0000
vt 0.5227 1.0000 0.0000
vt 0.5682 1.0000 0.0000
vt 0.6136 1.0000 0.0000
vt 0.6591 1.0000 0.0000
vt 0.7045 1.0000 0.0000
vt 0.5000 1.0000 0.0000
