# Generated from Mugs_496.obj, faces matching '^Cylinder004 \| 07___Default$', metres, origin at bottom centre
v 0.077302 0.019311 0.003481
v 0.07685 0.019311 -0.002807
v 0.077863 0.012016 -0.002807
v 0.078305 0.012016 0.003336
v 0.078639 0.019311 0.009641
v 0.079612 0.012016 0.009355
v 0.078079 0.028276 0.009805
v 0.076724 0.028276 0.003564
v 0.076266 0.028276 -0.002807
v 0.080844 0.019311 0.015546
v 0.081766 0.012016 0.015125
v 0.083863 0.019311 0.02108
v 0.084716 0.012016 0.020532
v 0.083372 0.028276 0.021395
v 0.080314 0.028276 0.015789
v 0.087643 0.019311 0.026125
v 0.088409 0.012016 0.025461
v 0.092099 0.019311 0.030584
v 0.092762 0.012016 0.029818
v 0.091716 0.028276 0.031025
v 0.087202 0.028276 0.026507
v 0.097146 0.019311 0.03436
v 0.097694 0.012016 0.033507
v 0.102678 0.019311 0.037383
v 0.103099 0.012016 0.036461
v 0.102436 0.028276 0.037914
v 0.096831 0.028276 0.034851
v 0.108585 0.019311 0.039584
v 0.10887 0.012016 0.038611
v 0.114744 0.019311 0.040926
v 0.114888 0.012016 0.039923
v 0.114661 0.028276 0.041503
v 0.108421 0.028276 0.040144
v 0.121032 0.019311 0.041373
v 0.121032 0.012016 0.04036
v 0.12732 0.019311 0.040926
v 0.127176 0.012016 0.039923
v 0.127403 0.028276 0.041503
v 0.121032 0.028276 0.041957
v 0.133479 0.019311 0.039584
v 0.133193 0.012016 0.038611
v 0.139386 0.019311 0.037383
v 0.138965 0.012016 0.036461
v 0.139628 0.028276 0.037914
v 0.133643 0.028276 0.040144
v 0.144917 0.019311 0.03436
v 0.144369 0.012016 0.033507
v 0.149965 0.019311 0.030584
v 0.149301 0.012016 0.029818
v 0.150347 0.028276 0.031025
v 0.145233 0.028276 0.034851
v 0.154421 0.019311 0.026125
v 0.153655 0.012016 0.025461
v 0.1582 0.019311 0.02108
v 0.157348 0.012016 0.020532
v 0.158691 0.028276 0.021395
v 0.154862 0.028276 0.026507
v 0.161219 0.019311 0.015546
v 0.160297 0.012016 0.015125
v 0.163424 0.019311 0.009641
v 0.162452 0.012016 0.009355
v 0.163984 0.028276 0.009805
v 0.16175 0.028276 0.015789
v 0.164762 0.019311 0.003481
v 0.163759 0.012016 0.003336
v 0.165214 0.019311 -0.002807
v 0.164201 0.012016 -0.002807
v 0.165798 0.028276 -0.002807
v 0.16534 0.028276 0.003564
v 0.164762 0.019311 -0.009094
v 0.163759 0.012016 -0.00895
v 0.163424 0.019311 -0.015254
v 0.162452 0.012016 -0.014969
v 0.163984 0.028276 -0.015419
v 0.16534 0.028276 -0.009177
v 0.161219 0.019311 -0.02116
v 0.160297 0.012016 -0.020739
v 0.1582 0.019311 -0.026693
v 0.157348 0.012016 -0.026146
v 0.158691 0.028276 -0.027009
v 0.16175 0.028276 -0.021402
v 0.154421 0.019311 -0.031738
v 0.153655 0.012016 -0.031075
v 0.149965 0.019311 -0.036197
v 0.149301 0.012016 -0.035431
v 0.150347 0.028276 -0.036638
v 0.154862 0.028276 -0.03212
v 0.144917 0.019311 -0.039973
v 0.144369 0.012016 -0.039121
v 0.139386 0.019311 -0.042996
v 0.138965 0.012016 -0.042074
v 0.139628 0.028276 -0.043527
v 0.145233 0.028276 -0.040464
v 0.133479 0.019311 -0.045197
v 0.133193 0.012016 -0.044225
v 0.12732 0.019311 -0.046539
v 0.127176 0.012016 -0.045536
v 0.127403 0.028276 -0.047117
v 0.133643 0.028276 -0.045757
v 0.121032 0.019311 -0.046987
v 0.121032 0.012016 -0.045973
v 0.114744 0.019311 -0.046539
v 0.114888 0.012016 -0.045536
v 0.114661 0.028276 -0.047117
v 0.121032 0.028276 -0.04757
v 0.108585 0.019311 -0.045197
v 0.10887 0.012016 -0.044225
v 0.102678 0.019311 -0.042996
v 0.103099 0.012016 -0.042074
v 0.102436 0.028276 -0.043527
v 0.108421 0.028276 -0.045757
v 0.097146 0.019311 -0.039973
v 0.097694 0.012016 -0.039121
v 0.092099 0.019311 -0.036198
v 0.092762 0.012016 -0.035431
v 0.091716 0.028276 -0.036638
v 0.096831 0.028276 -0.040464
v 0.087643 0.019311 -0.031738
v 0.088409 0.012016 -0.031075
v 0.083863 0.019311 -0.026694
v 0.084716 0.012016 -0.026146
v 0.083372 0.028276 -0.027009
v 0.087202 0.028276 -0.03212
v 0.080844 0.019311 -0.02116
v 0.081766 0.012016 -0.020739
v 0.07864 0.019311 -0.015254
v 0.079612 0.012016 -0.014969
v 0.078079 0.028276 -0.015419
v 0.080314 0.028276 -0.021402
v 0.077302 0.019311 -0.009094
v 0.078305 0.012016 -0.00895
v 0.076724 0.028276 -0.009177
v 0.076532 0.037242 0.003591
v 0.076071 0.037242 -0.002807
v 0.077893 0.037242 0.00986
v 0.077893 0.046208 0.00986
v 0.076532 0.046208 0.003591
v 0.076071 0.046208 -0.002807
v 0.080137 0.037242 0.015869
v 0.083209 0.037242 0.021501
v 0.083209 0.046208 0.021501
v 0.080137 0.046208 0.015869
v 0.087055 0.037242 0.026635
v 0.091589 0.037242 0.031172
v 0.091589 0.046208 0.031172
v 0.087055 0.046208 0.026635
v 0.096726 0.037242 0.035014
v 0.102355 0.037242 0.038091
v 0.102355 0.046208 0.038091
v 0.096726 0.046208 0.035014
v 0.108366 0.037242 0.04033
v 0.114633 0.037242 0.041696
v 0.114633 0.046208 0.041696
v 0.108366 0.046208 0.04033
v 0.121032 0.037242 0.042151
v 0.12743 0.037242 0.041696
v 0.12743 0.046208 0.041696
v 0.121032 0.046208 0.042151
v 0.133698 0.037242 0.04033
v 0.139709 0.037242 0.038091
v 0.139709 0.046208 0.038091
v 0.133698 0.046208 0.04033
v 0.145338 0.037242 0.035014
v 0.150475 0.037242 0.031172
v 0.150475 0.046208 0.031172
v 0.145338 0.046208 0.035014
v 0.155009 0.037242 0.026634
v 0.158855 0.037242 0.021501
v 0.158855 0.046208 0.021501
v 0.155009 0.046208 0.026634
v 0.161927 0.037242 0.015869
v 0.164171 0.037242 0.00986
v 0.164171 0.046208 0.00986
v 0.161927 0.046208 0.015869
v 0.165532 0.037242 0.003591
v 0.165992 0.037242 -0.002807
v 0.165992 0.046208 -0.002807
v 0.165532 0.046208 0.003591
v 0.165532 0.037242 -0.009205
v 0.164171 0.037242 -0.015474
v 0.164171 0.046208 -0.015474
v 0.165532 0.046208 -0.009205
v 0.161927 0.037242 -0.021483
v 0.158855 0.037242 -0.027114
v 0.158855 0.046208 -0.027114
v 0.161927 0.046208 -0.021483
v 0.155009 0.037242 -0.032248
v 0.150474 0.037242 -0.036785
v 0.150474 0.046208 -0.036785
v 0.155009 0.046208 -0.032248
v 0.145338 0.037242 -0.040628
v 0.139709 0.037242 -0.043704
v 0.139709 0.046208 -0.043704
v 0.145338 0.046208 -0.040628
v 0.133698 0.037242 -0.045944
v 0.12743 0.037242 -0.047309
v 0.12743 0.046208 -0.047309
v 0.133698 0.046208 -0.045944
v 0.121032 0.037242 -0.047765
v 0.114633 0.037242 -0.047309
v 0.114633 0.046208 -0.047309
v 0.121032 0.046208 -0.047765
v 0.108366 0.037242 -0.045944
v 0.102355 0.037242 -0.043704
v 0.102355 0.046208 -0.043704
v 0.108366 0.046208 -0.045944
v 0.096726 0.037242 -0.040628
v 0.091589 0.037242 -0.036785
v 0.091589 0.046208 -0.036785
v 0.096726 0.046208 -0.040628
v 0.087055 0.037242 -0.032248
v 0.083209 0.037242 -0.027114
v 0.083209 0.046208 -0.027114
v 0.087055 0.046208 -0.032248
v 0.080137 0.037242 -0.021483
v 0.077893 0.037242 -0.015474
v 0.077893 0.046208 -0.015474
v 0.080137 0.046208 -0.021483
v 0.076532 0.037242 -0.009205
v 0.076532 0.046208 -0.009205
v 0.076532 0.055173 0.003591
v 0.076071 0.055173 -0.002807
v 0.077893 0.055173 0.00986
v 0.077893 0.064139 0.00986
v 0.076532 0.064139 0.003591
v 0.076071 0.064139 -0.002807
v 0.080137 0.055173 0.015869
v 0.083209 0.055173 0.021501
v 0.083209 0.064139 0.021501
v 0.080137 0.064139 0.015869
v 0.087055 0.055173 0.026635
v 0.091589 0.055173 0.031172
v 0.091589 0.064139 0.031172
v 0.087055 0.064139 0.026635
v 0.096726 0.055173 0.035014
v 0.102355 0.055173 0.038091
v 0.102355 0.064139 0.038091
v 0.096726 0.064139 0.035014
v 0.108366 0.055173 0.04033
v 0.114633 0.055173 0.041696
v 0.114633 0.064139 0.041696
v 0.108366 0.064139 0.04033
v 0.121032 0.055173 0.042151
v 0.12743 0.055173 0.041696
v 0.12743 0.064139 0.041696
v 0.121032 0.064139 0.042151
v 0.133698 0.055173 0.04033
v 0.139709 0.055173 0.038091
v 0.139709 0.064139 0.038091
v 0.133698 0.064139 0.04033
v 0.145338 0.055173 0.035014
v 0.150475 0.055173 0.031172
v 0.150475 0.064139 0.031172
v 0.145338 0.064139 0.035014
v 0.155009 0.055173 0.026634
v 0.158855 0.055173 0.021501
v 0.158855 0.064139 0.021501
v 0.155009 0.064139 0.026634
v 0.161927 0.055173 0.015869
v 0.164171 0.055173 0.00986
v 0.164171 0.064139 0.00986
v 0.161927 0.064139 0.015869
v 0.165532 0.055173 0.003591
v 0.165992 0.055173 -0.002807
v 0.165992 0.064139 -0.002807
v 0.165532 0.064139 0.003591
v 0.165532 0.055173 -0.009205
v 0.164171 0.055173 -0.015474
v 0.164171 0.064139 -0.015474
v 0.165532 0.064139 -0.009205
v 0.161927 0.055173 -0.021483
v 0.158855 0.055173 -0.027114
v 0.158855 0.064139 -0.027114
v 0.161927 0.064139 -0.021483
v 0.155009 0.055173 -0.032248
v 0.150474 0.055173 -0.036785
v 0.150474 0.064139 -0.036785
v 0.155009 0.064139 -0.032248
v 0.145338 0.055173 -0.040628
v 0.139709 0.055173 -0.043704
v 0.139709 0.064139 -0.043704
v 0.145338 0.064139 -0.040628
v 0.133698 0.055173 -0.045944
v 0.12743 0.055173 -0.047309
v 0.12743 0.064139 -0.047309
v 0.133698 0.064139 -0.045944
v 0.121032 0.055173 -0.047765
v 0.114633 0.055173 -0.047309
v 0.114633 0.064139 -0.047309
v 0.121032 0.064139 -0.047765
v 0.108366 0.055173 -0.045944
v 0.102355 0.055173 -0.043704
v 0.102355 0.064139 -0.043704
v 0.108366 0.064139 -0.045944
v 0.096726 0.055173 -0.040628
v 0.091589 0.055173 -0.036785
v 0.091589 0.064139 -0.036785
v 0.096726 0.064139 -0.040628
v 0.087055 0.055173 -0.032248
v 0.083209 0.055173 -0.027114
v 0.083209 0.064139 -0.027114
v 0.087055 0.064139 -0.032248
v 0.080137 0.055173 -0.021483
v 0.077893 0.055173 -0.015474
v 0.077893 0.064139 -0.015474
v 0.080137 0.064139 -0.021483
v 0.076532 0.055173 -0.009205
v 0.076532 0.064139 -0.009205
v 0.076532 0.073105 0.003591
v 0.076071 0.073105 -0.002807
v 0.077893 0.073105 0.00986
v 0.078079 0.08207 0.009805
v 0.076724 0.08207 0.003564
v 0.076266 0.08207 -0.002807
v 0.080137 0.073105 0.015869
v 0.083209 0.073105 0.021501
v 0.083372 0.08207 0.021395
v 0.080314 0.08207 0.015789
v 0.087055 0.073105 0.026635
v 0.091589 0.073105 0.031172
v 0.091716 0.08207 0.031025
v 0.087202 0.08207 0.026507
v 0.096726 0.073105 0.035014
v 0.102355 0.073105 0.038091
v 0.102436 0.08207 0.037914
v 0.096831 0.08207 0.034851
v 0.108366 0.073105 0.04033
v 0.114633 0.073105 0.041696
v 0.114661 0.08207 0.041503
v 0.108421 0.08207 0.040144
v 0.121032 0.073105 0.042151
v 0.12743 0.073105 0.041696
v 0.127403 0.08207 0.041503
v 0.121032 0.08207 0.041957
v 0.133698 0.073105 0.04033
v 0.139709 0.073105 0.038091
v 0.139628 0.08207 0.037914
v 0.133643 0.08207 0.040144
v 0.145338 0.073105 0.035014
v 0.150475 0.073105 0.031172
v 0.150347 0.08207 0.031025
v 0.145233 0.08207 0.034851
v 0.155009 0.073105 0.026634
v 0.158855 0.073105 0.021501
v 0.158691 0.08207 0.021395
v 0.154862 0.08207 0.026507
v 0.161927 0.073105 0.015869
v 0.164171 0.073105 0.00986
v 0.163984 0.08207 0.009805
v 0.16175 0.08207 0.015789
v 0.165532 0.073105 0.003591
v 0.165992 0.073105 -0.002807
v 0.165798 0.08207 -0.002807
v 0.16534 0.08207 0.003564
v 0.165532 0.073105 -0.009205
v 0.164171 0.073105 -0.015474
v 0.163984 0.08207 -0.015419
v 0.16534 0.08207 -0.009177
v 0.161927 0.073105 -0.021483
v 0.158855 0.073105 -0.027114
v 0.158691 0.08207 -0.027009
v 0.16175 0.08207 -0.021402
v 0.155009 0.073105 -0.032248
v 0.150474 0.073105 -0.036785
v 0.150347 0.08207 -0.036638
v 0.154862 0.08207 -0.03212
v 0.145338 0.073105 -0.040628
v 0.139709 0.073105 -0.043704
v 0.139628 0.08207 -0.043527
v 0.145233 0.08207 -0.040464
v 0.133698 0.073105 -0.045944
v 0.12743 0.073105 -0.047309
v 0.127403 0.08207 -0.047117
v 0.133643 0.08207 -0.045757
v 0.121032 0.073105 -0.047765
v 0.114633 0.073105 -0.047309
v 0.114661 0.08207 -0.047117
v 0.121032 0.08207 -0.04757
v 0.108366 0.073105 -0.045944
v 0.102355 0.073105 -0.043704
v 0.102436 0.08207 -0.043527
v 0.108421 0.08207 -0.045757
v 0.096726 0.073105 -0.040628
v 0.091589 0.073105 -0.036785
v 0.091716 0.08207 -0.036638
v 0.096831 0.08207 -0.040464
v 0.087055 0.073105 -0.032248
v 0.083209 0.073105 -0.027114
v 0.083372 0.08207 -0.027009
v 0.087202 0.08207 -0.03212
v 0.080137 0.073105 -0.021483
v 0.077893 0.073105 -0.015474
v 0.078079 0.08207 -0.015419
v 0.080314 0.08207 -0.021402
v 0.076532 0.073105 -0.009205
v 0.076724 0.08207 -0.009177
v 0.077302 0.091036 0.003481
v 0.07685 0.091036 -0.002807
v 0.078639 0.091036 0.009641
v 0.079612 0.09776 0.009355
v 0.078305 0.09776 0.003336
v 0.077863 0.09776 -0.002807
v 0.080844 0.091036 0.015546
v 0.083863 0.091036 0.02108
v 0.084716 0.09776 0.020532
v 0.081766 0.09776 0.015125
v 0.087643 0.091036 0.026125
v 0.092099 0.091036 0.030584
v 0.092762 0.09776 0.029818
v 0.088409 0.09776 0.025461
v 0.097146 0.091036 0.03436
v 0.102678 0.091036 0.037383
v 0.103099 0.09776 0.036461
v 0.097694 0.09776 0.033507
v 0.108585 0.091036 0.039584
v 0.114744 0.091036 0.040926
v 0.114888 0.09776 0.039923
v 0.10887 0.09776 0.038611
v 0.121032 0.091036 0.041373
v 0.12732 0.091036 0.040926
v 0.127176 0.09776 0.039923
v 0.121032 0.09776 0.04036
v 0.133479 0.091036 0.039584
v 0.139386 0.091036 0.037383
v 0.138965 0.09776 0.036461
v 0.133193 0.09776 0.038611
v 0.144917 0.091036 0.03436
v 0.149965 0.091036 0.030584
v 0.149301 0.09776 0.029818
v 0.144369 0.09776 0.033507
v 0.154421 0.091036 0.026125
v 0.1582 0.091036 0.02108
v 0.157348 0.09776 0.020532
v 0.153655 0.09776 0.025461
v 0.161219 0.091036 0.015546
v 0.163424 0.091036 0.009641
v 0.162452 0.09776 0.009355
v 0.160297 0.09776 0.015125
v 0.164762 0.091036 0.003481
v 0.165214 0.091036 -0.002807
v 0.164201 0.09776 -0.002807
v 0.163759 0.09776 0.003336
v 0.164762 0.091036 -0.009094
v 0.163424 0.091036 -0.015254
v 0.162452 0.09776 -0.014969
v 0.163759 0.09776 -0.00895
v 0.161219 0.091036 -0.02116
v 0.1582 0.091036 -0.026693
v 0.157348 0.09776 -0.026146
v 0.160297 0.09776 -0.020739
v 0.154421 0.091036 -0.031738
v 0.149965 0.091036 -0.036197
v 0.149301 0.09776 -0.035431
v 0.153655 0.09776 -0.031075
v 0.144917 0.091036 -0.039973
v 0.139386 0.091036 -0.042996
v 0.138965 0.09776 -0.042074
v 0.144369 0.09776 -0.039121
v 0.133479 0.091036 -0.045197
v 0.12732 0.091036 -0.046539
v 0.127176 0.09776 -0.045536
v 0.133193 0.09776 -0.044225
v 0.121032 0.091036 -0.046987
v 0.114744 0.091036 -0.046539
v 0.114888 0.09776 -0.045536
v 0.121032 0.09776 -0.045973
v 0.108585 0.091036 -0.045197
v 0.102678 0.091036 -0.042996
v 0.103099 0.09776 -0.042074
v 0.10887 0.09776 -0.044225
v 0.097146 0.091036 -0.039973
v 0.092099 0.091036 -0.036198
v 0.092762 0.09776 -0.035431
v 0.097694 0.09776 -0.039121
v 0.087643 0.091036 -0.031738
v 0.083863 0.091036 -0.026694
v 0.084716 0.09776 -0.026146
v 0.088409 0.09776 -0.031075
v 0.080844 0.091036 -0.02116
v 0.07864 0.091036 -0.015254
v 0.079612 0.09776 -0.014969
v 0.081766 0.09776 -0.020739
v 0.077302 0.091036 -0.009094
v 0.078305 0.09776 -0.00895
v 0.121032 0 -0.002807
v 0.099244 0.000151 -0.005939
v 0.095757 0.000268 -0.010228
v 0.101009 0.000151 -0.011951
v 0.104396 0.000151 -0.017221
v 0.098871 0.000268 -0.017049
v 0.103781 0.000268 -0.022715
v 0.109131 0.000151 -0.021324
v 0.11483 0.000151 -0.023927
v 0.110089 0.000268 -0.026769
v 0.117283 0.000268 -0.028881
v 0.121032 0.000151 -0.024819
v 0.127233 0.000151 -0.023927
v 0.124781 0.000268 -0.028881
v 0.131975 0.000268 -0.026769
v 0.132932 0.000151 -0.021324
v 0.137668 0.000151 -0.017221
v 0.138282 0.000268 -0.022715
v 0.143192 0.000268 -0.017048
v 0.141055 0.000151 -0.011951
v 0.14282 0.000151 -0.005939
v 0.146307 0.000268 -0.010228
v 0.147375 0.000268 -0.002807
v 0.14282 0.000151 0.000326
v 0.141055 0.000151 0.006337
v 0.146307 0.000268 0.004615
v 0.143193 0.000268 0.011435
v 0.137668 0.000151 0.011608
v 0.132932 0.000151 0.015711
v 0.138282 0.000268 0.017102
v 0.131975 0.000268 0.021155
v 0.127233 0.000151 0.018314
v 0.121032 0.000151 0.019205
v 0.124781 0.000268 0.023268
v 0.117283 0.000268 0.023268
v 0.11483 0.000151 0.018314
v 0.109131 0.000151 0.015711
v 0.110089 0.000268 0.021155
v 0.103781 0.000268 0.017102
v 0.104396 0.000151 0.011608
v 0.101009 0.000151 0.006337
v 0.098871 0.000268 0.011435
v 0.095757 0.000268 0.004615
v 0.099244 0.000151 0.000326
v 0.094689 0.000268 -0.002807
v 0.121032 0.020411 -0.002807
v 0.091365 0.03036 -0.007072
v 0.08569 0.038098 -0.002807
v 0.091365 0.03036 0.001459
v 0.093768 0.03036 0.009644
v 0.087121 0.038098 0.00715
v 0.0913 0.038098 0.016301
v 0.098381 0.03036 0.016821
v 0.104828 0.03036 0.022407
v 0.097887 0.038098 0.023903
v 0.10635 0.038098 0.029342
v 0.112588 0.03036 0.025951
v 0.121032 0.03036 0.027165
v 0.116002 0.038098 0.032176
v 0.126062 0.038098 0.032176
v 0.129476 0.03036 0.025951
v 0.137236 0.03036 0.022407
v 0.135714 0.038098 0.029342
v 0.144176 0.038098 0.023903
v 0.143683 0.03036 0.016821
v 0.148295 0.03036 0.009644
v 0.150764 0.038098 0.016301
v 0.154943 0.038098 0.00715
v 0.150699 0.03036 0.001459
v 0.150699 0.03036 -0.007072
v 0.156374 0.038098 -0.002807
v 0.154943 0.038098 -0.012764
v 0.148295 0.03036 -0.015257
v 0.143683 0.03036 -0.022434
v 0.150764 0.038098 -0.021914
v 0.144176 0.038098 -0.029517
v 0.137236 0.03036 -0.028021
v 0.129476 0.03036 -0.031564
v 0.135714 0.038098 -0.034955
v 0.126062 0.038098 -0.03779
v 0.121032 0.03036 -0.032779
v 0.112588 0.03036 -0.031564
v 0.116002 0.038098 -0.03779
v 0.10635 0.038098 -0.034955
v 0.104828 0.03036 -0.028021
v 0.098381 0.03036 -0.022434
v 0.097887 0.038098 -0.029517
v 0.0913 0.038098 -0.021914
v 0.093768 0.03036 -0.015257
v 0.087121 0.038098 -0.012764
v 0.079774 0.008061 0.003125
v 0.081036 0.008061 0.008937
v 0.079347 0.008061 -0.002807
v 0.081426 0.005776 -0.002807
v 0.081831 0.005776 0.002829
v 0.08303 0.005776 0.008351
v 0.079774 0.008061 -0.008739
v 0.081036 0.008061 -0.014551
v 0.08303 0.005776 -0.013965
v 0.081831 0.005776 -0.008443
v 0.083116 0.008061 -0.020122
v 0.085965 0.008061 -0.025343
v 0.087714 0.005776 -0.024219
v 0.085007 0.005776 -0.019259
v 0.089531 0.008061 -0.030103
v 0.093734 0.008061 -0.03431
v 0.095096 0.005776 -0.032739
v 0.091101 0.005776 -0.028741
v 0.098497 0.008061 -0.037872
v 0.103716 0.008061 -0.040724
v 0.104579 0.005776 -0.038833
v 0.099621 0.005776 -0.036123
v 0.109289 0.008061 -0.042801
v 0.1151 0.008061 -0.044067
v 0.115395 0.005776 -0.042009
v 0.109874 0.005776 -0.040806
v 0.121032 0.008061 -0.044489
v 0.126964 0.008061 -0.044067
v 0.126668 0.005776 -0.042009
v 0.121032 0.005776 -0.04241
v 0.132775 0.008061 -0.042801
v 0.138348 0.008061 -0.040724
v 0.137485 0.005776 -0.038833
v 0.132189 0.005776 -0.040806
v 0.143567 0.008061 -0.037872
v 0.148329 0.008061 -0.03431
v 0.146968 0.005776 -0.032739
v 0.142443 0.005776 -0.036123
v 0.152533 0.008061 -0.030103
v 0.156099 0.008061 -0.025343
v 0.15435 0.005776 -0.024219
v 0.150962 0.005776 -0.028741
v 0.158947 0.008061 -0.020122
v 0.161028 0.008061 -0.014551
v 0.159033 0.005776 -0.013965
v 0.157057 0.005776 -0.019259
v 0.16229 0.008061 -0.008739
v 0.162716 0.008061 -0.002807
v 0.160638 0.005776 -0.002807
v 0.160232 0.005776 -0.008443
v 0.16229 0.008061 0.003125
v 0.161028 0.008061 0.008937
v 0.159033 0.005776 0.008351
v 0.160232 0.005776 0.002829
v 0.158947 0.008061 0.014509
v 0.156099 0.008061 0.019729
v 0.15435 0.005776 0.018606
v 0.157057 0.005776 0.013645
v 0.152533 0.008061 0.024489
v 0.148329 0.008061 0.028696
v 0.146968 0.005776 0.027125
v 0.150962 0.005776 0.023128
v 0.143567 0.008061 0.032259
v 0.138348 0.008061 0.035111
v 0.137485 0.005776 0.03322
v 0.142443 0.005776 0.03051
v 0.132775 0.008061 0.037187
v 0.126964 0.008061 0.038454
v 0.126668 0.005776 0.036396
v 0.132189 0.005776 0.035193
v 0.121032 0.008061 0.038876
v 0.1151 0.008061 0.038454
v 0.115395 0.005776 0.036396
v 0.121032 0.005776 0.036797
v 0.109289 0.008061 0.037187
v 0.103716 0.008061 0.035111
v 0.104579 0.005776 0.03322
v 0.109874 0.005776 0.035193
v 0.098497 0.008061 0.032259
v 0.093734 0.008061 0.028696
v 0.095096 0.005776 0.027125
v 0.099621 0.005776 0.03051
v 0.089531 0.008061 0.024489
v 0.085965 0.008061 0.019729
v 0.087714 0.005776 0.018606
v 0.091101 0.005776 0.023128
v 0.083116 0.008061 0.014509
v 0.085007 0.005776 0.013645
v 0.0846 0.003492 0.002431
v 0.085714 0.003492 0.007563
v 0.084223 0.003492 -0.002807
v 0.087235 0.001628 -0.002807
v 0.087581 0.001628 0.002003
v 0.088604 0.001628 0.006715
v 0.0846 0.003492 -0.008045
v 0.085714 0.003492 -0.013177
v 0.088604 0.001628 -0.012328
v 0.087581 0.001628 -0.007616
v 0.087551 0.003492 -0.018097
v 0.090066 0.003492 -0.022707
v 0.0926 0.001628 -0.021079
v 0.090291 0.001628 -0.016846
v 0.093215 0.003492 -0.02691
v 0.096927 0.003492 -0.030625
v 0.0989 0.001628 -0.028349
v 0.095491 0.001628 -0.024938
v 0.101133 0.003492 -0.033771
v 0.105741 0.003492 -0.036289
v 0.106992 0.001628 -0.033549
v 0.102761 0.001628 -0.031237
v 0.110662 0.003492 -0.038123
v 0.115793 0.003492 -0.039241
v 0.116222 0.001628 -0.036259
v 0.111511 0.001628 -0.035232
v 0.121032 0.003492 -0.039614
v 0.12627 0.003492 -0.039241
v 0.125842 0.001628 -0.036259
v 0.121032 0.001628 -0.036601
v 0.131401 0.003492 -0.038123
v 0.136323 0.003492 -0.036289
v 0.135071 0.001628 -0.033549
v 0.130553 0.001628 -0.035232
v 0.140931 0.003492 -0.033771
v 0.145136 0.003492 -0.030625
v 0.143164 0.001628 -0.028349
v 0.139303 0.001628 -0.031237
v 0.148849 0.003492 -0.02691
v 0.151997 0.003492 -0.022707
v 0.149463 0.001628 -0.021079
v 0.146572 0.001628 -0.024938
v 0.154513 0.003492 -0.018097
v 0.15635 0.003492 -0.013177
v 0.15346 0.001628 -0.012328
v 0.151773 0.001628 -0.016846
v 0.157464 0.003492 -0.008045
v 0.157841 0.003492 -0.002807
v 0.154828 0.001628 -0.002807
v 0.154483 0.001628 -0.007616
v 0.157464 0.003492 0.002431
v 0.15635 0.003492 0.007563
v 0.15346 0.001628 0.006715
v 0.154483 0.001628 0.002003
v 0.154513 0.003492 0.012483
v 0.151997 0.003492 0.017094
v 0.149463 0.001628 0.015465
v 0.151773 0.001628 0.011232
v 0.148849 0.003492 0.021297
v 0.145136 0.003492 0.025012
v 0.143164 0.001628 0.022735
v 0.146572 0.001628 0.019324
v 0.140931 0.003492 0.028157
v 0.136323 0.003492 0.030676
v 0.135071 0.001628 0.027936
v 0.139303 0.001628 0.025623
v 0.131401 0.003492 0.032509
v 0.12627 0.003492 0.033627
v 0.125842 0.001628 0.030646
v 0.130553 0.001628 0.029619
v 0.121032 0.003492 0.034
v 0.115793 0.003492 0.033627
v 0.116222 0.001628 0.030646
v 0.121032 0.001628 0.030988
v 0.110662 0.003492 0.032509
v 0.105741 0.003492 0.030676
v 0.106992 0.001628 0.027936
v 0.111511 0.001628 0.029619
v 0.101133 0.003492 0.028157
v 0.096927 0.003492 0.025012
v 0.0989 0.001628 0.022735
v 0.102761 0.001628 0.025623
v 0.093215 0.003492 0.021297
v 0.090066 0.003492 0.017094
v 0.0926 0.001628 0.015465
v 0.095491 0.001628 0.019324
v 0.087551 0.003492 0.012483
v 0.090291 0.001628 0.011232
v 0.090278 0.000604 0.001615
v 0.091219 0.000604 0.005947
v 0.08996 0.000604 -0.002807
v 0.090278 0.000604 -0.007228
v 0.091219 0.000604 -0.011561
v 0.09277 0.000604 -0.015714
v 0.094893 0.000604 -0.019605
v 0.097551 0.000604 -0.023153
v 0.100684 0.000604 -0.026289
v 0.104234 0.000604 -0.028944
v 0.108124 0.000604 -0.031071
v 0.112278 0.000604 -0.032618
v 0.11661 0.000604 -0.033562
v 0.121032 0.000604 -0.033877
v 0.125454 0.000604 -0.033562
v 0.129785 0.000604 -0.032618
v 0.133939 0.000604 -0.031071
v 0.13783 0.000604 -0.028944
v 0.141379 0.000604 -0.026289
v 0.144513 0.000604 -0.023153
v 0.147171 0.000604 -0.019605
v 0.149294 0.000604 -0.015714
v 0.150845 0.000604 -0.011561
v 0.151786 0.000604 -0.007228
v 0.152103 0.000604 -0.002807
v 0.151786 0.000604 0.001615
v 0.150845 0.000604 0.005947
v 0.149294 0.000604 0.0101
v 0.147171 0.000604 0.013992
v 0.144513 0.000604 0.01754
v 0.141379 0.000604 0.020676
v 0.13783 0.000604 0.023331
v 0.133939 0.000604 0.025457
v 0.129785 0.000604 0.027005
v 0.125454 0.000604 0.027949
v 0.121032 0.000604 0.028263
v 0.11661 0.000604 0.027949
v 0.112278 0.000604 0.027005
v 0.108124 0.000604 0.025457
v 0.104234 0.000604 0.023331
v 0.100684 0.000604 0.020676
v 0.097551 0.000604 0.01754
v 0.094893 0.000604 0.013992
v 0.09277 0.000604 0.0101
v 0.079774 0.100001 0.003125
v 0.079347 0.100001 -0.002807
v 0.081036 0.100001 0.008937
v 0.082274 0.090052 0.008574
v 0.081051 0.090052 0.002942
v 0.080637 0.090052 -0.002807
v 0.083116 0.100001 0.014509
v 0.085965 0.100001 0.019729
v 0.08705 0.090052 0.019032
v 0.08429 0.090052 0.013973
v 0.089531 0.100001 0.024489
v 0.093734 0.100001 0.028696
v 0.094579 0.090052 0.027722
v 0.090505 0.090052 0.023645
v 0.098497 0.100001 0.032259
v 0.103716 0.100001 0.035111
v 0.104251 0.090052 0.033937
v 0.099194 0.090052 0.031174
v 0.109289 0.100001 0.037187
v 0.1151 0.100001 0.038454
v 0.115283 0.090052 0.037177
v 0.109652 0.090052 0.035949
v 0.121032 0.100001 0.038876
v 0.126964 0.100001 0.038454
v 0.126781 0.090052 0.037177
v 0.121032 0.090052 0.037586
v 0.132775 0.100001 0.037187
v 0.138348 0.100001 0.035111
v 0.137812 0.090052 0.033937
v 0.132412 0.090052 0.035949
v 0.143567 0.100001 0.032259
v 0.148329 0.100001 0.028696
v 0.147485 0.090052 0.027722
v 0.14287 0.090052 0.031174
v 0.152533 0.100001 0.024489
v 0.156099 0.100001 0.019729
v 0.155014 0.090052 0.019032
v 0.151558 0.090052 0.023645
v 0.158947 0.100001 0.014509
v 0.161028 0.100001 0.008937
v 0.15979 0.090052 0.008574
v 0.157774 0.090052 0.013973
v 0.16229 0.100001 0.003125
v 0.162716 0.100001 -0.002807
v 0.161426 0.090052 -0.002807
v 0.161013 0.090052 0.002942
v 0.16229 0.100001 -0.008739
v 0.161028 0.100001 -0.014551
v 0.15979 0.090052 -0.014187
v 0.161013 0.090052 -0.008555
v 0.158947 0.100001 -0.020122
v 0.156099 0.100001 -0.025343
v 0.155014 0.090052 -0.024646
v 0.157774 0.090052 -0.019586
v 0.152533 0.100001 -0.030103
v 0.148329 0.100001 -0.03431
v 0.147485 0.090052 -0.033335
v 0.151558 0.090052 -0.029258
v 0.143567 0.100001 -0.037872
v 0.138348 0.100001 -0.040724
v 0.137812 0.090052 -0.039551
v 0.14287 0.090052 -0.036787
v 0.132775 0.100001 -0.042801
v 0.126964 0.100001 -0.044067
v 0.126781 0.090052 -0.04279
v 0.132412 0.090052 -0.041563
v 0.121032 0.100001 -0.044489
v 0.1151 0.100001 -0.044067
v 0.115283 0.090052 -0.04279
v 0.121032 0.090052 -0.043199
v 0.109289 0.100001 -0.042801
v 0.103716 0.100001 -0.040724
v 0.104251 0.090052 -0.039551
v 0.109652 0.090052 -0.041563
v 0.098497 0.100001 -0.037872
v 0.093734 0.100001 -0.03431
v 0.094579 0.090052 -0.033335
v 0.099194 0.090052 -0.036787
v 0.089531 0.100001 -0.030103
v 0.085965 0.100001 -0.025343
v 0.08705 0.090052 -0.024646
v 0.090505 0.090052 -0.029258
v 0.083116 0.100001 -0.020122
v 0.081036 0.100001 -0.014551
v 0.082274 0.090052 -0.014187
v 0.08429 0.090052 -0.019586
v 0.079774 0.100001 -0.008739
v 0.081051 0.090052 -0.008555
v 0.081476 0.060206 0.002881
v 0.081067 0.060206 -0.002807
v 0.082686 0.060206 0.008453
v 0.084681 0.060206 0.013794
v 0.087411 0.060206 0.0188
v 0.09083 0.060206 0.023363
v 0.094861 0.060206 0.027397
v 0.099426 0.060206 0.030812
v 0.10443 0.060206 0.033546
v 0.109773 0.060206 0.035537
v 0.115344 0.060206 0.036751
v 0.121032 0.060206 0.037156
v 0.126719 0.060206 0.036751
v 0.132291 0.060206 0.035537
v 0.137634 0.060206 0.033546
v 0.142637 0.060206 0.030812
v 0.147203 0.060206 0.027397
v 0.151234 0.060206 0.023363
v 0.154652 0.060206 0.0188
v 0.157383 0.060206 0.013794
v 0.159378 0.060206 0.008453
v 0.160588 0.060206 0.002881
v 0.160996 0.060206 -0.002807
v 0.160588 0.060206 -0.008494
v 0.159378 0.060206 -0.014066
v 0.157383 0.060206 -0.019408
v 0.154652 0.060206 -0.024413
v 0.151234 0.060206 -0.028977
v 0.147203 0.060206 -0.03301
v 0.142637 0.060206 -0.036425
v 0.137634 0.060206 -0.03916
v 0.132291 0.060206 -0.041151
v 0.126719 0.060206 -0.042364
v 0.121032 0.060206 -0.042769
v 0.115344 0.060206 -0.042364
v 0.109773 0.060206 -0.041151
v 0.10443 0.060206 -0.03916
v 0.099426 0.060206 -0.036425
v 0.094861 0.060206 -0.03301
v 0.09083 0.060206 -0.028977
v 0.087411 0.060206 -0.024413
v 0.084681 0.060206 -0.019408
v 0.082686 0.060206 -0.014066
v 0.081476 0.060206 -0.008494
vn -0.9871 -0.0743 0.1419
vn -0.9972 -0.0743 -0.0000
vn -0.9831 -0.1829 -0.0000
vn -0.9731 -0.1829 0.1399
vn -0.9568 -0.0743 0.2810
vn -0.9433 -0.1829 0.2770
vn -0.9590 -0.0317 0.2816
vn -0.9893 -0.0317 0.1422
vn -0.9995 -0.0317 -0.0000
vn -0.9071 -0.0743 0.4143
vn -0.8943 -0.1829 0.4084
vn -0.8389 -0.0743 0.5391
vn -0.8271 -0.1829 0.5315
vn -0.8408 -0.0317 0.5404
vn -0.9092 -0.0317 0.4152
vn -0.7537 -0.0743 0.6531
vn -0.7430 -0.1829 0.6438
vn -0.6531 -0.0743 0.7537
vn -0.6438 -0.1829 0.7430
vn -0.6545 -0.0317 0.7554
vn -0.7554 -0.0317 0.6545
vn -0.5391 -0.0743 0.8389
vn -0.5315 -0.1829 0.8271
vn -0.4143 -0.0743 0.9071
vn -0.4084 -0.1829 0.8943
vn -0.4152 -0.0317 0.9092
vn -0.5404 -0.0317 0.8408
vn -0.2810 -0.0743 0.9568
vn -0.2770 -0.1829 0.9433
vn -0.1419 -0.0743 0.9871
vn -0.1399 -0.1829 0.9731
vn -0.1422 -0.0317 0.9893
vn -0.2816 -0.0317 0.9590
vn 0.0000 -0.0743 0.9972
vn 0.0000 -0.1829 0.9831
vn 0.1419 -0.0743 0.9871
vn 0.1399 -0.1829 0.9731
vn 0.1422 -0.0317 0.9893
vn 0.0000 -0.0317 0.9995
vn 0.2810 -0.0743 0.9568
vn 0.2770 -0.1829 0.9433
vn 0.4143 -0.0743 0.9071
vn 0.4084 -0.1829 0.8943
vn 0.4152 -0.0317 0.9092
vn 0.2816 -0.0317 0.9590
vn 0.5391 -0.0743 0.8389
vn 0.5315 -0.1829 0.8271
vn 0.6531 -0.0743 0.7537
vn 0.6438 -0.1829 0.7430
vn 0.6545 -0.0317 0.7554
vn 0.5404 -0.0317 0.8408
vn 0.7537 -0.0743 0.6531
vn 0.7430 -0.1829 0.6438
vn 0.8389 -0.0743 0.5391
vn 0.8271 -0.1829 0.5315
vn 0.8408 -0.0317 0.5404
vn 0.7554 -0.0317 0.6545
vn 0.9071 -0.0743 0.4143
vn 0.8943 -0.1829 0.4084
vn 0.9568 -0.0743 0.2810
vn 0.9433 -0.1829 0.2770
vn 0.9590 -0.0317 0.2816
vn 0.9092 -0.0317 0.4152
vn 0.9871 -0.0743 0.1419
vn 0.9731 -0.1829 0.1399
vn 0.9972 -0.0743 -0.0000
vn 0.9831 -0.1829 -0.0000
vn 0.9995 -0.0317 -0.0000
vn 0.9893 -0.0317 0.1422
vn 0.9871 -0.0743 -0.1419
vn 0.9731 -0.1829 -0.1399
vn 0.9568 -0.0743 -0.2810
vn 0.9433 -0.1829 -0.2770
vn 0.9590 -0.0317 -0.2816
vn 0.9893 -0.0317 -0.1422
vn 0.9071 -0.0743 -0.4143
vn 0.8943 -0.1829 -0.4084
vn 0.8389 -0.0743 -0.5391
vn 0.8271 -0.1829 -0.5315
vn 0.8408 -0.0317 -0.5404
vn 0.9092 -0.0317 -0.4152
vn 0.7537 -0.0743 -0.6531
vn 0.7430 -0.1829 -0.6438
vn 0.6531 -0.0743 -0.7537
vn 0.6438 -0.1829 -0.7430
vn 0.6545 -0.0317 -0.7554
vn 0.7554 -0.0317 -0.6545
vn 0.5391 -0.0743 -0.8389
vn 0.5315 -0.1829 -0.8271
vn 0.4143 -0.0743 -0.9071
vn 0.4084 -0.1829 -0.8943
vn 0.4152 -0.0317 -0.9092
vn 0.5404 -0.0317 -0.8408
vn 0.2810 -0.0743 -0.9568
vn 0.2770 -0.1829 -0.9433
vn 0.1419 -0.0743 -0.9871
vn 0.1399 -0.1829 -0.9731
vn 0.1422 -0.0317 -0.9893
vn 0.2816 -0.0317 -0.9590
vn 0.0000 -0.0743 -0.9972
vn 0.0000 -0.1829 -0.9831
vn -0.1419 -0.0743 -0.9871
vn -0.1399 -0.1829 -0.9731
vn -0.1422 -0.0317 -0.9893
vn 0.0000 -0.0317 -0.9995
vn -0.2810 -0.0743 -0.9568
vn -0.2770 -0.1829 -0.9433
vn -0.4143 -0.0743 -0.9071
vn -0.4084 -0.1829 -0.8943
vn -0.4152 -0.0317 -0.9092
vn -0.2816 -0.0317 -0.9590
vn -0.5391 -0.0743 -0.8389
vn -0.5315 -0.1829 -0.8271
vn -0.6531 -0.0743 -0.7537
vn -0.6438 -0.1829 -0.7430
vn -0.6545 -0.0317 -0.7554
vn -0.5404 -0.0317 -0.8408
vn -0.7537 -0.0743 -0.6531
vn -0.7430 -0.1829 -0.6438
vn -0.8389 -0.0743 -0.5391
vn -0.8271 -0.1829 -0.5315
vn -0.8408 -0.0317 -0.5404
vn -0.7554 -0.0317 -0.6545
vn -0.9071 -0.0743 -0.4143
vn -0.8943 -0.1829 -0.4084
vn -0.9568 -0.0743 -0.2810
vn -0.9433 -0.1829 -0.2770
vn -0.9590 -0.0317 -0.2816
vn -0.9092 -0.0317 -0.4152
vn -0.9871 -0.0743 -0.1419
vn -0.9731 -0.1829 -0.1399
vn -0.9893 -0.0317 -0.1422
vn -0.9898 -0.0079 0.1423
vn -1.0000 -0.0079 -0.0000
vn -0.9595 -0.0079 0.2817
vn -0.9595 0.0000 0.2817
vn -0.9898 0.0000 0.1423
vn -1.0000 0.0000 -0.0000
vn -0.9096 -0.0079 0.4154
vn -0.8412 -0.0079 0.5406
vn -0.8413 -0.0000 0.5406
vn -0.9096 0.0000 0.4154
vn -0.7557 -0.0079 0.6548
vn -0.6548 -0.0079 0.7557
vn -0.6549 0.0000 0.7557
vn -0.7557 -0.0000 0.6549
vn -0.5406 -0.0079 0.8412
vn -0.4154 -0.0079 0.9096
vn -0.4154 -0.0000 0.9096
vn -0.5406 -0.0000 0.8413
vn -0.2817 -0.0079 0.9595
vn -0.1423 -0.0079 0.9898
vn -0.1423 -0.0000 0.9898
vn -0.2817 0.0000 0.9595
vn 0.0000 -0.0079 1.0000
vn 0.1423 -0.0079 0.9898
vn 0.1423 0.0000 0.9898
vn 0.0000 0.0000 1.0000
vn 0.2817 -0.0079 0.9595
vn 0.4154 -0.0079 0.9096
vn 0.4154 -0.0000 0.9096
vn 0.2817 -0.0000 0.9595
vn 0.5406 -0.0079 0.8412
vn 0.6548 -0.0079 0.7557
vn 0.6549 -0.0000 0.7557
vn 0.5406 -0.0000 0.8413
vn 0.7557 -0.0079 0.6548
vn 0.8412 -0.0079 0.5406
vn 0.8413 0.0000 0.5406
vn 0.7557 0.0000 0.6549
vn 0.9096 -0.0079 0.4154
vn 0.9595 -0.0079 0.2817
vn 0.9595 0.0000 0.2817
vn 0.9096 0.0000 0.4154
vn 0.9898 -0.0079 0.1423
vn 1.0000 -0.0079 -0.0000
vn 1.0000 -0.0000 -0.0000
vn 0.9898 0.0000 0.1423
vn 0.9898 -0.0079 -0.1423
vn 0.9595 -0.0079 -0.2817
vn 0.9595 0.0000 -0.2817
vn 0.9898 -0.0000 -0.1423
vn 0.9096 -0.0079 -0.4154
vn 0.8412 -0.0079 -0.5406
vn 0.8413 0.0000 -0.5406
vn 0.9096 0.0000 -0.4154
vn 0.7557 -0.0079 -0.6548
vn 0.6548 -0.0079 -0.7557
vn 0.6549 0.0000 -0.7557
vn 0.7557 -0.0000 -0.6549
vn 0.5406 -0.0079 -0.8412
vn 0.4154 -0.0079 -0.9096
vn 0.4154 -0.0000 -0.9096
vn 0.5406 0.0000 -0.8413
vn 0.2817 -0.0079 -0.9595
vn 0.1423 -0.0079 -0.9898
vn 0.1423 -0.0000 -0.9898
vn 0.2817 -0.0000 -0.9595
vn 0.0000 -0.0079 -1.0000
vn -0.1423 -0.0079 -0.9898
vn -0.1423 0.0000 -0.9898
vn 0.0000 -0.0000 -1.0000
vn -0.2817 -0.0079 -0.9595
vn -0.4154 -0.0079 -0.9096
vn -0.4154 0.0000 -0.9096
vn -0.2817 -0.0000 -0.9595
vn -0.5406 -0.0079 -0.8412
vn -0.6548 -0.0079 -0.7557
vn -0.6549 -0.0000 -0.7558
vn -0.5406 -0.0000 -0.8413
vn -0.7557 -0.0079 -0.6548
vn -0.8412 -0.0079 -0.5406
vn -0.8413 0.0000 -0.5406
vn -0.7557 -0.0000 -0.6549
vn -0.9096 -0.0079 -0.4154
vn -0.9595 -0.0079 -0.2817
vn -0.9595 -0.0000 -0.2817
vn -0.9096 0.0000 -0.4154
vn -0.9898 -0.0079 -0.1423
vn -0.9898 0.0000 -0.1423
vn -0.9898 -0.0000 0.1423
vn -1.0000 -0.0000 -0.0000
vn -0.9096 -0.0000 0.4154
vn -0.8413 0.0000 0.5406
vn -0.7557 0.0000 0.6549
vn -0.6549 0.0000 0.7558
vn -0.5406 0.0000 0.8413
vn -0.4154 0.0000 0.9096
vn -0.2817 -0.0000 0.9595
vn -0.1423 0.0000 0.9898
vn 0.0000 -0.0000 1.0000
vn 0.1423 -0.0000 0.9898
vn 0.2817 0.0000 0.9595
vn 0.4154 0.0000 0.9096
vn 0.5406 0.0000 0.8413
vn 0.6549 0.0000 0.7557
vn 0.7557 -0.0000 0.6549
vn 0.9096 -0.0000 0.4154
vn 0.9595 -0.0000 0.2817
vn 0.9898 -0.0000 0.1423
vn 1.0000 0.0000 -0.0000
vn 0.9898 0.0000 -0.1423
vn 0.9595 -0.0000 -0.2817
vn 0.9096 -0.0000 -0.4154
vn 0.8413 -0.0000 -0.5406
vn 0.7557 0.0000 -0.6549
vn 0.5406 -0.0000 -0.8413
vn 0.4154 0.0000 -0.9096
vn 0.2817 0.0000 -0.9595
vn 0.1423 0.0000 -0.9898
vn -0.1423 -0.0000 -0.9898
vn 0.0000 0.0000 -1.0000
vn -0.2817 0.0000 -0.9595
vn -0.4154 -0.0000 -0.9096
vn -0.5406 0.0000 -0.8413
vn -0.6549 0.0000 -0.7558
vn -0.7557 0.0000 -0.6549
vn -0.8413 -0.0000 -0.5406
vn -0.9096 -0.0000 -0.4154
vn -0.9595 0.0000 -0.2817
vn -0.9898 -0.0000 -0.1423
vn -0.9898 0.0079 0.1423
vn -1.0000 0.0079 -0.0000
vn -0.9595 0.0079 0.2817
vn -0.9590 0.0317 0.2816
vn -0.9893 0.0317 0.1422
vn -0.9995 0.0317 -0.0000
vn -0.9096 0.0079 0.4154
vn -0.8412 0.0079 0.5406
vn -0.8408 0.0317 0.5404
vn -0.9092 0.0317 0.4152
vn -0.7557 0.0079 0.6548
vn -0.6548 0.0079 0.7557
vn -0.6545 0.0317 0.7554
vn -0.7554 0.0317 0.6545
vn -0.5406 0.0079 0.8412
vn -0.4154 0.0079 0.9096
vn -0.4152 0.0317 0.9092
vn -0.5404 0.0317 0.8408
vn -0.2817 0.0079 0.9595
vn -0.1423 0.0079 0.9898
vn -0.1422 0.0317 0.9893
vn -0.2816 0.0317 0.9590
vn 0.0000 0.0079 1.0000
vn 0.1423 0.0079 0.9898
vn 0.1422 0.0317 0.9893
vn 0.0000 0.0317 0.9995
vn 0.2817 0.0079 0.9595
vn 0.4154 0.0079 0.9096
vn 0.4152 0.0317 0.9092
vn 0.2816 0.0317 0.9590
vn 0.5406 0.0079 0.8412
vn 0.6548 0.0079 0.7557
vn 0.6545 0.0317 0.7554
vn 0.5404 0.0317 0.8408
vn 0.7557 0.0079 0.6548
vn 0.8412 0.0079 0.5406
vn 0.8408 0.0317 0.5404
vn 0.7554 0.0317 0.6545
vn 0.9096 0.0079 0.4154
vn 0.9595 0.0079 0.2817
vn 0.9590 0.0317 0.2816
vn 0.9092 0.0317 0.4152
vn 0.9898 0.0079 0.1423
vn 1.0000 0.0079 -0.0000
vn 0.9995 0.0317 -0.0000
vn 0.9893 0.0317 0.1422
vn 0.9898 0.0079 -0.1423
vn 0.9595 0.0079 -0.2817
vn 0.9590 0.0317 -0.2816
vn 0.9893 0.0317 -0.1422
vn 0.9096 0.0079 -0.4154
vn 0.8412 0.0079 -0.5406
vn 0.8408 0.0317 -0.5404
vn 0.9092 0.0317 -0.4152
vn 0.7557 0.0079 -0.6548
vn 0.6548 0.0079 -0.7557
vn 0.6545 0.0317 -0.7554
vn 0.7554 0.0317 -0.6545
vn 0.5406 0.0079 -0.8412
vn 0.4154 0.0079 -0.9096
vn 0.4152 0.0317 -0.9092
vn 0.5404 0.0317 -0.8408
vn 0.2817 0.0079 -0.9595
vn 0.1423 0.0079 -0.9898
vn 0.1422 0.0317 -0.9893
vn 0.2816 0.0317 -0.9590
vn 0.0000 0.0079 -1.0000
vn -0.1423 0.0079 -0.9898
vn -0.1422 0.0317 -0.9893
vn 0.0000 0.0317 -0.9995
vn -0.2817 0.0079 -0.9595
vn -0.4154 0.0079 -0.9096
vn -0.4152 0.0317 -0.9092
vn -0.2816 0.0317 -0.9590
vn -0.5406 0.0079 -0.8412
vn -0.6548 0.0079 -0.7557
vn -0.6545 0.0317 -0.7554
vn -0.5404 0.0317 -0.8408
vn -0.7557 0.0079 -0.6548
vn -0.8412 0.0079 -0.5406
vn -0.8408 0.0317 -0.5404
vn -0.7554 0.0317 -0.6545
vn -0.9096 0.0079 -0.4154
vn -0.9595 0.0079 -0.2817
vn -0.9590 0.0317 -0.2816
vn -0.9092 0.0317 -0.4152
vn -0.9898 0.0079 -0.1423
vn -0.9893 0.0317 -0.1422
vn -0.9868 0.0785 0.1419
vn -0.9969 0.0785 -0.0000
vn -0.9565 0.0785 0.2809
vn -0.9226 0.2748 0.2709
vn -0.9517 0.2748 0.1368
vn -0.9615 0.2748 -0.0000
vn -0.9068 0.0785 0.4141
vn -0.8387 0.0785 0.5390
vn -0.8089 0.2748 0.5198
vn -0.8746 0.2748 0.3994
vn -0.7534 0.0785 0.6528
vn -0.6528 0.0785 0.7534
vn -0.6297 0.2748 0.7267
vn -0.7267 0.2748 0.6297
vn -0.5390 0.0785 0.8387
vn -0.4141 0.0785 0.9068
vn -0.3994 0.2748 0.8746
vn -0.5198 0.2748 0.8089
vn -0.2809 0.0785 0.9565
vn -0.1419 0.0785 0.9868
vn -0.1368 0.2748 0.9517
vn -0.2709 0.2748 0.9226
vn 0.0000 0.0785 0.9969
vn 0.1419 0.0785 0.9868
vn 0.1368 0.2748 0.9517
vn 0.0000 0.2748 0.9615
vn 0.2809 0.0785 0.9565
vn 0.4141 0.0785 0.9068
vn 0.3994 0.2748 0.8746
vn 0.2709 0.2748 0.9226
vn 0.5390 0.0785 0.8387
vn 0.6528 0.0785 0.7534
vn 0.6297 0.2748 0.7267
vn 0.5198 0.2748 0.8089
vn 0.7534 0.0785 0.6528
vn 0.8387 0.0785 0.5390
vn 0.8089 0.2748 0.5198
vn 0.7267 0.2748 0.6297
vn 0.9068 0.0785 0.4141
vn 0.9565 0.0785 0.2809
vn 0.9226 0.2748 0.2709
vn 0.8746 0.2748 0.3994
vn 0.9868 0.0785 0.1419
vn 0.9969 0.0785 -0.0000
vn 0.9615 0.2748 -0.0000
vn 0.9517 0.2748 0.1368
vn 0.9868 0.0785 -0.1419
vn 0.9565 0.0785 -0.2809
vn 0.9226 0.2748 -0.2709
vn 0.9517 0.2748 -0.1368
vn 0.9068 0.0785 -0.4141
vn 0.8387 0.0785 -0.5390
vn 0.8089 0.2748 -0.5198
vn 0.8746 0.2748 -0.3994
vn 0.7534 0.0785 -0.6528
vn 0.6528 0.0785 -0.7534
vn 0.6297 0.2748 -0.7267
vn 0.7267 0.2748 -0.6297
vn 0.5390 0.0785 -0.8387
vn 0.4141 0.0785 -0.9068
vn 0.3994 0.2748 -0.8746
vn 0.5198 0.2748 -0.8089
vn 0.2809 0.0785 -0.9565
vn 0.1419 0.0785 -0.9868
vn 0.1368 0.2748 -0.9517
vn 0.2709 0.2748 -0.9226
vn 0.0000 0.0785 -0.9969
vn -0.1419 0.0785 -0.9868
vn -0.1368 0.2748 -0.9517
vn 0.0000 0.2748 -0.9615
vn -0.2809 0.0785 -0.9565
vn -0.4141 0.0785 -0.9068
vn -0.3994 0.2748 -0.8746
vn -0.2709 0.2748 -0.9226
vn -0.5390 0.0785 -0.8387
vn -0.6528 0.0785 -0.7534
vn -0.6297 0.2748 -0.7267
vn -0.5198 0.2748 -0.8089
vn -0.7534 0.0785 -0.6528
vn -0.8387 0.0785 -0.5390
vn -0.8089 0.2748 -0.5198
vn -0.7267 0.2748 -0.6297
vn -0.9068 0.0785 -0.4141
vn -0.9565 0.0785 -0.2809
vn -0.9226 0.2748 -0.2709
vn -0.8746 0.2748 -0.3994
vn -0.9868 0.0785 -0.1419
vn -0.9517 0.2748 -0.1368
vn -0.0000 -1.0000 0.0000
vn -0.0272 -0.9995 -0.0146
vn -0.0617 -0.9972 -0.0429
vn -0.0314 -0.9995 -0.0010
vn -0.0150 -0.9995 -0.0270
vn -0.0505 -0.9969 -0.0608
vn -0.0287 -0.9972 -0.0695
vn -0.0259 -0.9995 -0.0179
vn 0.0020 -0.9995 -0.0308
vn -0.0097 -0.9969 -0.0784
vn 0.0134 -0.9972 -0.0739
vn -0.0121 -0.9995 -0.0290
vn 0.0184 -0.9995 -0.0249
vn 0.0343 -0.9969 -0.0712
vn 0.0513 -0.9972 -0.0550
vn 0.0055 -0.9995 -0.0310
vn 0.0289 -0.9995 -0.0110
vn 0.0673 -0.9969 -0.0414
vn 0.0728 -0.9972 -0.0185
vn 0.0214 -0.9995 -0.0231
vn 0.0302 -0.9995 0.0064
vn 0.0790 -0.9969 0.0016
vn 0.0713 -0.9972 0.0238
vn 0.0305 -0.9995 -0.0079
vn 0.0220 -0.9995 0.0217
vn 0.0656 -0.9969 0.0441
vn 0.0471 -0.9972 0.0586
vn 0.0299 -0.9995 0.0098
vn 0.0068 -0.9995 0.0302
vn 0.0314 -0.9969 0.0725
vn 0.0080 -0.9972 0.0747
vn 0.0198 -0.9995 0.0244
vn -0.0106 -0.9995 0.0290
vn -0.0128 -0.9969 0.0780
vn -0.0337 -0.9972 0.0672
vn 0.0035 -0.9995 0.0313
vn -0.0246 -0.9995 0.0187
vn -0.0529 -0.9969 0.0587
vn -0.0647 -0.9972 0.0383
vn -0.0140 -0.9995 0.0282
vn -0.0308 -0.9995 0.0024
vn -0.0763 -0.9969 0.0207
vn -0.0751 -0.9972 -0.0027
vn -0.0270 -0.9995 0.0161
vn -0.0754 -0.9969 -0.0238
vn -0.0000 1.0000 0.0000
vn 0.6790 0.6839 -0.2668
vn 0.9486 0.3026 -0.0931
vn 0.6788 0.6833 0.2688
vn 0.4270 0.6839 -0.5916
vn 0.9014 0.2417 -0.3593
vn 0.7477 0.3026 -0.5911
vn 0.7164 0.6833 -0.1408
vn 0.0394 0.6839 -0.7285
vn 0.5641 0.2417 -0.7896
vn 0.3094 0.3026 -0.9015
vn 0.5265 0.6833 -0.5058
vn -0.3607 0.6839 -0.6342
vn 0.0477 0.2417 -0.9692
vn -0.2271 0.3026 -0.9257
vn 0.1695 0.6833 -0.7102
vn -0.6463 0.6839 -0.3385
vn -0.4839 0.2417 -0.8411
vn -0.6915 0.3026 -0.6559
vn -0.2414 0.6833 -0.6891
vn -0.7267 0.6839 0.0647
vn -0.8618 0.2417 -0.4460
vn -0.9364 0.3026 -0.1779
vn -0.5756 0.6833 -0.4492
vn -0.5764 0.6839 0.4473
vn -0.9661 0.2417 0.0908
vn -0.8839 0.3026 0.3565
vn -0.7271 0.6833 -0.0667
vn -0.2430 0.6839 0.6879
vn -0.7637 0.2417 0.5987
vn -0.5508 0.3026 0.7778
vn -0.6477 0.6833 0.3370
vn 0.1675 0.6839 0.7101
vn -0.3188 0.2417 0.9165
vn -0.0429 0.3026 0.9521
vn -0.3627 0.6833 0.6336
vn 0.5248 0.6839 0.5068
vn 0.2273 0.2417 0.9434
vn 0.4787 0.3026 0.8242
vn 0.0374 0.6833 0.7292
vn 0.7155 0.6839 0.1427
vn 0.7013 0.2417 0.6707
vn 0.8483 0.3026 0.4345
vn 0.4257 0.6833 0.5932
vn 0.9525 0.2417 0.1851
vn -0.9019 -0.4120 0.1297
vn -0.8743 -0.4120 0.2567
vn -0.9112 -0.4120 -0.0000
vn -0.7919 -0.6106 -0.0000
vn -0.7839 -0.6106 0.1127
vn -0.7598 -0.6106 0.2231
vn -0.9019 -0.4120 -0.1297
vn -0.8743 -0.4120 -0.2567
vn -0.7598 -0.6106 -0.2231
vn -0.7839 -0.6106 -0.1127
vn -0.8288 -0.4120 -0.3785
vn -0.7665 -0.4120 -0.4926
vn -0.6662 -0.6106 -0.4281
vn -0.7203 -0.6106 -0.3290
vn -0.6886 -0.4120 -0.5967
vn -0.5967 -0.4120 -0.6886
vn -0.5186 -0.6106 -0.5985
vn -0.5985 -0.6106 -0.5186
vn -0.4926 -0.4120 -0.7665
vn -0.3785 -0.4120 -0.8288
vn -0.3290 -0.6106 -0.7203
vn -0.4281 -0.6106 -0.6662
vn -0.2567 -0.4120 -0.8743
vn -0.1297 -0.4120 -0.9019
vn -0.1127 -0.6106 -0.7838
vn -0.2231 -0.6106 -0.7598
vn 0.0000 -0.4120 -0.9112
vn 0.1297 -0.4120 -0.9019
vn 0.1127 -0.6106 -0.7838
vn 0.0000 -0.6106 -0.7919
vn 0.2567 -0.4120 -0.8743
vn 0.3785 -0.4120 -0.8288
vn 0.3290 -0.6106 -0.7203
vn 0.2231 -0.6106 -0.7598
vn 0.4926 -0.4120 -0.7665
vn 0.5967 -0.4120 -0.6886
vn 0.5186 -0.6106 -0.5985
vn 0.4281 -0.6106 -0.6662
vn 0.6886 -0.4120 -0.5967
vn 0.7665 -0.4120 -0.4926
vn 0.6662 -0.6106 -0.4281
vn 0.5985 -0.6106 -0.5186
vn 0.8288 -0.4120 -0.3785
vn 0.8743 -0.4120 -0.2567
vn 0.7598 -0.6106 -0.2231
vn 0.7203 -0.6106 -0.3290
vn 0.9019 -0.4120 -0.1297
vn 0.9112 -0.4120 -0.0000
vn 0.7919 -0.6106 -0.0000
vn 0.7839 -0.6106 -0.1127
vn 0.9019 -0.4120 0.1297
vn 0.8743 -0.4120 0.2567
vn 0.7598 -0.6106 0.2231
vn 0.7839 -0.6106 0.1127
vn 0.8288 -0.4120 0.3785
vn 0.7665 -0.4120 0.4926
vn 0.6662 -0.6106 0.4281
vn 0.7203 -0.6106 0.3290
vn 0.6886 -0.4120 0.5967
vn 0.5967 -0.4120 0.6886
vn 0.5186 -0.6106 0.5985
vn 0.5985 -0.6106 0.5186
vn 0.4926 -0.4120 0.7665
vn 0.3785 -0.4120 0.8288
vn 0.3290 -0.6106 0.7203
vn 0.4281 -0.6106 0.6662
vn 0.2567 -0.4120 0.8743
vn 0.1297 -0.4120 0.9019
vn 0.1127 -0.6106 0.7838
vn 0.2231 -0.6106 0.7598
vn 0.0000 -0.4120 0.9112
vn -0.1297 -0.4120 0.9019
vn -0.1127 -0.6106 0.7838
vn 0.0000 -0.6106 0.7919
vn -0.2567 -0.4120 0.8743
vn -0.3785 -0.4120 0.8288
vn -0.3290 -0.6106 0.7203
vn -0.2231 -0.6106 0.7598
vn -0.4926 -0.4120 0.7665
vn -0.5967 -0.4120 0.6886
vn -0.5186 -0.6106 0.5985
vn -0.4281 -0.6106 0.6662
vn -0.6886 -0.4120 0.5967
vn -0.7665 -0.4120 0.4926
vn -0.6662 -0.6106 0.4281
vn -0.5985 -0.6106 0.5186
vn -0.8288 -0.4120 0.3785
vn -0.7203 -0.6106 0.3290
vn -0.6916 -0.7154 0.0994
vn -0.6704 -0.7154 0.1968
vn -0.6987 -0.7154 -0.0000
vn -0.5585 -0.8295 -0.0000
vn -0.5528 -0.8295 0.0795
vn -0.5359 -0.8295 0.1574
vn -0.6916 -0.7154 -0.0994
vn -0.6704 -0.7154 -0.1968
vn -0.5359 -0.8295 -0.1574
vn -0.5528 -0.8295 -0.0795
vn -0.6355 -0.7154 -0.2902
vn -0.5878 -0.7154 -0.3777
vn -0.4699 -0.8295 -0.3020
vn -0.5080 -0.8295 -0.2320
vn -0.5280 -0.7154 -0.4575
vn -0.4575 -0.7154 -0.5280
vn -0.3658 -0.8295 -0.4221
vn -0.4221 -0.8295 -0.3658
vn -0.3777 -0.7154 -0.5878
vn -0.2902 -0.7154 -0.6355
vn -0.2320 -0.8295 -0.5081
vn -0.3020 -0.8295 -0.4699
vn -0.1968 -0.7154 -0.6704
vn -0.0994 -0.7154 -0.6916
vn -0.0795 -0.8295 -0.5529
vn -0.1574 -0.8295 -0.5359
vn 0.0000 -0.7154 -0.6987
vn 0.0994 -0.7154 -0.6916
vn 0.0795 -0.8295 -0.5529
vn 0.0000 -0.8295 -0.5585
vn 0.1968 -0.7154 -0.6704
vn 0.2902 -0.7154 -0.6355
vn 0.2320 -0.8295 -0.5081
vn 0.1574 -0.8295 -0.5359
vn 0.3777 -0.7154 -0.5878
vn 0.4575 -0.7154 -0.5280
vn 0.3658 -0.8295 -0.4221
vn 0.3020 -0.8295 -0.4699
vn 0.5280 -0.7154 -0.4575
vn 0.5878 -0.7154 -0.3777
vn 0.4699 -0.8295 -0.3020
vn 0.4221 -0.8295 -0.3658
vn 0.6355 -0.7154 -0.2902
vn 0.6704 -0.7154 -0.1968
vn 0.5359 -0.8295 -0.1574
vn 0.5080 -0.8295 -0.2320
vn 0.6916 -0.7154 -0.0994
vn 0.6987 -0.7154 -0.0000
vn 0.5585 -0.8295 -0.0000
vn 0.5528 -0.8295 -0.0795
vn 0.6916 -0.7154 0.0994
vn 0.6704 -0.7154 0.1968
vn 0.5359 -0.8295 0.1574
vn 0.5528 -0.8295 0.0795
vn 0.6355 -0.7154 0.2902
vn 0.5878 -0.7154 0.3777
vn 0.4699 -0.8295 0.3020
vn 0.5080 -0.8295 0.2320
vn 0.5280 -0.7154 0.4575
vn 0.4575 -0.7154 0.5280
vn 0.3658 -0.8295 0.4221
vn 0.4221 -0.8295 0.3658
vn 0.3777 -0.7154 0.5878
vn 0.2902 -0.7154 0.6355
vn 0.2320 -0.8295 0.5081
vn 0.3020 -0.8295 0.4699
vn 0.1968 -0.7154 0.6704
vn 0.0994 -0.7154 0.6916
vn 0.0795 -0.8295 0.5529
vn 0.1574 -0.8295 0.5359
vn 0.0000 -0.7154 0.6987
vn -0.0994 -0.7154 0.6916
vn -0.0795 -0.8295 0.5529
vn 0.0000 -0.8295 0.5585
vn -0.1968 -0.7154 0.6704
vn -0.2902 -0.7154 0.6355
vn -0.2320 -0.8295 0.5081
vn -0.1574 -0.8295 0.5359
vn -0.3777 -0.7154 0.5878
vn -0.4575 -0.7154 0.5280
vn -0.3658 -0.8295 0.4221
vn -0.3020 -0.8295 0.4699
vn -0.5280 -0.7154 0.4575
vn -0.5878 -0.7154 0.3777
vn -0.4699 -0.8295 0.3020
vn -0.4221 -0.8295 0.3658
vn -0.6355 -0.7154 0.2902
vn -0.5080 -0.8295 0.2320
vn -0.2768 -0.9599 0.0433
vn -0.2741 -0.9587 0.0763
vn -0.2845 -0.9587 -0.0040
vn -0.2778 -0.9599 -0.0364
vn -0.2718 -0.9587 -0.0839
vn -0.2563 -0.9599 -0.1132
vn -0.2372 -0.9587 -0.1571
vn -0.2140 -0.9599 -0.1809
vn -0.1833 -0.9587 -0.2176
vn -0.1544 -0.9599 -0.2338
vn -0.1146 -0.9587 -0.2604
vn -0.0823 -0.9599 -0.2679
vn -0.0366 -0.9587 -0.2821
vn -0.0035 -0.9599 -0.2802
vn 0.0444 -0.9587 -0.2810
vn 0.0756 -0.9599 -0.2698
vn 0.1218 -0.9587 -0.2571
vn 0.1486 -0.9599 -0.2376
vn 0.1893 -0.9587 -0.2124
vn 0.2095 -0.9599 -0.1861
vn 0.2414 -0.9587 -0.1505
vn 0.2534 -0.9599 -0.1196
vn 0.2741 -0.9587 -0.0763
vn 0.2768 -0.9599 -0.0433
vn 0.2845 -0.9587 0.0040
vn 0.2778 -0.9599 0.0364
vn 0.2718 -0.9587 0.0839
vn 0.2563 -0.9599 0.1132
vn 0.2372 -0.9587 0.1571
vn 0.2140 -0.9599 0.1809
vn 0.1833 -0.9587 0.2176
vn 0.1544 -0.9599 0.2338
vn 0.1146 -0.9587 0.2604
vn 0.0823 -0.9599 0.2679
vn 0.0366 -0.9587 0.2821
vn 0.0035 -0.9599 0.2802
vn -0.0444 -0.9587 0.2810
vn -0.0756 -0.9599 0.2698
vn -0.1218 -0.9587 0.2571
vn -0.1486 -0.9599 0.2376
vn -0.1893 -0.9587 0.2124
vn -0.2095 -0.9599 0.1861
vn -0.2414 -0.9587 0.1505
vn -0.2534 -0.9599 0.1196
vn 0.1332 0.9909 -0.0192
vn 0.1341 0.9910 -0.0000
vn 0.1287 0.9910 -0.0378
vn 0.9582 0.0526 -0.2813
vn 0.9884 0.0526 -0.1421
vn 0.9986 0.0526 0.0000
vn 0.1224 0.9909 -0.0559
vn 0.1129 0.9910 -0.0725
vn 0.8401 0.0526 -0.5399
vn 0.9084 0.0526 -0.4148
vn 0.1017 0.9909 -0.0881
vn 0.0878 0.9910 -0.1014
vn 0.6540 0.0526 -0.7547
vn 0.7547 0.0526 -0.6540
vn 0.0728 0.9909 -0.1132
vn 0.0557 0.9910 -0.1220
vn 0.4148 0.0526 -0.9084
vn 0.5399 0.0526 -0.8401
vn 0.0379 0.9909 -0.1291
vn 0.0191 0.9910 -0.1328
vn 0.1421 0.0526 -0.9884
vn 0.2813 0.0526 -0.9582
vn -0.0000 0.9909 -0.1346
vn -0.0191 0.9910 -0.1328
vn -0.1421 0.0526 -0.9884
vn -0.0000 0.0526 -0.9986
vn -0.0379 0.9909 -0.1291
vn -0.0557 0.9910 -0.1220
vn -0.4148 0.0526 -0.9084
vn -0.2813 0.0526 -0.9582
vn -0.0728 0.9909 -0.1132
vn -0.0878 0.9910 -0.1014
vn -0.6540 0.0526 -0.7547
vn -0.5399 0.0526 -0.8401
vn -0.1017 0.9909 -0.0881
vn -0.1128 0.9910 -0.0725
vn -0.8401 0.0526 -0.5399
vn -0.7547 0.0526 -0.6540
vn -0.1224 0.9909 -0.0559
vn -0.1287 0.9910 -0.0378
vn -0.9582 0.0526 -0.2813
vn -0.9084 0.0526 -0.4148
vn -0.1332 0.9909 -0.0192
vn -0.1341 0.9910 0.0000
vn -0.9986 0.0526 0.0000
vn -0.9885 0.0526 -0.1421
vn -0.1332 0.9909 0.0192
vn -0.1287 0.9910 0.0378
vn -0.9582 0.0526 0.2813
vn -0.9885 0.0526 0.1421
vn -0.1224 0.9909 0.0559
vn -0.1129 0.9910 0.0725
vn -0.8401 0.0526 0.5399
vn -0.9084 0.0526 0.4148
vn -0.1017 0.9909 0.0881
vn -0.0878 0.9910 0.1014
vn -0.6540 0.0526 0.7547
vn -0.7547 0.0526 0.6540
vn -0.0728 0.9909 0.1132
vn -0.0557 0.9910 0.1220
vn -0.4148 0.0526 0.9084
vn -0.5399 0.0526 0.8401
vn -0.0379 0.9909 0.1291
vn -0.0191 0.9910 0.1328
vn -0.1421 0.0526 0.9884
vn -0.2813 0.0526 0.9582
vn -0.0000 0.9909 0.1346
vn 0.0191 0.9910 0.1328
vn 0.1421 0.0526 0.9884
vn -0.0000 0.0526 0.9986
vn 0.0379 0.9909 0.1291
vn 0.0557 0.9910 0.1220
vn 0.4148 0.0526 0.9084
vn 0.2813 0.0526 0.9582
vn 0.0728 0.9909 0.1132
vn 0.0878 0.9910 0.1014
vn 0.6540 0.0526 0.7547
vn 0.5399 0.0526 0.8401
vn 0.1017 0.9909 0.0881
vn 0.1129 0.9910 0.0725
vn 0.8401 0.0526 0.5399
vn 0.7547 0.0526 0.6540
vn 0.1224 0.9909 0.0559
vn 0.1287 0.9910 0.0378
vn 0.9582 0.0526 0.2813
vn 0.9084 0.0526 0.4148
vn 0.1332 0.9909 0.0192
vn 0.9884 0.0526 0.1421
vn 0.9862 0.1048 -0.1279
vn 0.9948 0.1011 -0.0138
vn 0.9506 0.1011 -0.2935
vn 0.9102 0.1048 -0.4006
vn 0.8294 0.1011 -0.5494
vn 0.7605 0.1048 -0.6408
vn 0.6410 0.1011 -0.7608
vn 0.5492 0.1048 -0.8291
vn 0.4007 0.1011 -0.9106
vn 0.2933 0.1048 -0.9502
vn 0.1279 0.1011 -0.9866
vn 0.0137 0.1048 -0.9944
vn -0.1552 0.1011 -0.9827
vn -0.2670 0.1048 -0.9580
vn -0.4258 0.1011 -0.8991
vn -0.5261 0.1048 -0.8440
vn -0.6619 0.1011 -0.7428
vn -0.7425 0.1048 -0.6616
vn -0.8443 0.1011 -0.5262
vn -0.8988 0.1048 -0.4256
vn -0.9584 0.1011 -0.2670
vn -0.9823 0.1048 -0.1551
vn -0.9948 0.1011 0.0138
vn -0.9862 0.1048 0.1279
vn -0.9506 0.1011 0.2935
vn -0.9102 0.1048 0.4006
vn -0.8294 0.1011 0.5494
vn -0.7605 0.1048 0.6408
vn -0.6410 0.1011 0.7608
vn -0.5492 0.1048 0.8291
vn -0.4007 0.1011 0.9106
vn -0.2933 0.1048 0.9502
vn -0.1279 0.1011 0.9866
vn -0.0137 0.1048 0.9944
vn 0.1552 0.1011 0.9827
vn 0.2670 0.1048 0.9580
vn 0.4258 0.1011 0.8991
vn 0.5261 0.1048 0.8440
vn 0.6619 0.1011 0.7428
vn 0.7425 0.1048 0.6616
vn 0.8443 0.1011 0.5262
vn 0.8988 0.1048 0.4256
vn 0.9584 0.1011 0.2670
vn 0.9823 0.1048 0.1551
vt 0.7727 0.1000 0.0000
vt 0.7500 0.1000 0.0000
vt 0.7500 0.0000 0.0000
vt 0.7727 0.0000 0.0000
vt 0.7955 0.1000 0.0000
vt 0.7955 0.0000 0.0000
vt 0.7955 0.2000 0.0000
vt 0.7727 0.2000 0.0000
vt 0.7500 0.2000 0.0000
vt 0.8182 0.1000 0.0000
vt 0.8182 0.0000 0.0000
vt 0.8409 0.1000 0.0000
vt 0.8409 0.0000 0.0000
vt 0.8409 0.2000 0.0000
vt 0.8182 0.2000 0.0000
vt 0.8636 0.1000 0.0000
vt 0.8636 0.0000 0.0000
vt 0.8864 0.1000 0.0000
vt 0.8864 0.0000 0.0000
vt 0.8864 0.2000 0.0000
vt 0.8636 0.2000 0.0000
vt 0.9091 0.1000 0.0000
vt 0.9091 0.0000 0.0000
vt 0.9318 0.1000 0.0000
vt 0.9318 0.0000 0.0000
vt 0.9318 0.2000 0.0000
vt 0.9091 0.2000 0.0000
vt 0.9545 0.1000 0.0000
vt 0.9545 0.0000 0.0000
vt 0.9773 0.1000 0.0000
vt 0.9773 0.0000 0.0000
vt 0.9773 0.2000 0.0000
vt 0.9545 0.2000 0.0000
vt 1.0000 0.1000 0.0000
vt 1.0000 0.0000 0.0000
vt 1.0227 0.1000 0.0000
vt 1.0227 0.0000 0.0000
vt 1.0227 0.2000 0.0000
vt 1.0000 0.2000 0.0000
vt 0.0455 0.1000 0.0000
vt 0.0227 0.1000 0.0000
vt 0.0227 0.0000 0.0000
vt 0.0455 0.0000 0.0000
vt 0.0682 0.1000 0.0000
vt 0.0682 0.0000 0.0000
vt 0.0682 0.2000 0.0000
vt 0.0455 0.2000 0.0000
vt 0.0227 0.2000 0.0000
vt 0.0909 0.1000 0.0000
vt 0.0909 0.0000 0.0000
vt 0.1136 0.1000 0.0000
vt 0.1136 0.0000 0.0000
vt 0.1136 0.2000 0.0000
vt 0.0909 0.2000 0.0000
vt 0.1364 0.1000 0.0000
vt 0.1364 0.0000 0.0000
vt 0.1591 0.1000 0.0000
vt 0.1591 0.0000 0.0000
vt 0.1591 0.2000 0.0000
vt 0.1364 0.2000 0.0000
vt 0.1818 0.1000 0.0000
vt 0.1818 0.0000 0.0000
vt 0.2045 0.1000 0.0000
vt 0.2045 0.0000 0.0000
vt 0.2045 0.2000 0.0000
vt 0.1818 0.2000 0.0000
vt 0.2273 0.1000 0.0000
vt 0.2273 0.0000 0.0000
vt 0.2500 0.1000 0.0000
vt 0.2500 0.0000 0.0000
vt 0.2500 0.2000 0.0000
vt 0.2273 0.2000 0.0000
vt 0.2727 0.1000 0.0000
vt 0.2727 0.0000 0.0000
vt 0.2955 0.1000 0.0000
vt 0.2955 0.0000 0.0000
vt 0.2955 0.2000 0.0000
vt 0.2727 0.2000 0.0000
vt 0.3182 0.1000 0.0000
vt 0.3182 0.0000 0.0000
vt 0.3409 0.1000 0.0000
vt 0.3409 0.0000 0.0000
vt 0.3409 0.2000 0.0000
vt 0.3182 0.2000 0.0000
vt 0.3636 0.1000 0.0000
vt 0.3636 0.0000 0.0000
vt 0.3864 0.1000 0.0000
vt 0.3864 0.0000 0.0000
vt 0.3864 0.2000 0.0000
vt 0.3636 0.2000 0.0000
vt 0.4091 0.1000 0.0000
vt 0.4091 0.0000 0.0000
vt 0.4318 0.1000 0.0000
vt 0.4318 0.0000 0.0000
vt 0.4318 0.2000 0.0000
vt 0.4091 0.2000 0.0000
vt 0.4545 0.1000 0.0000
vt 0.4545 0.0000 0.0000
vt 0.4773 0.1000 0.0000
vt 0.4773 0.0000 0.0000
vt 0.4773 0.2000 0.0000
vt 0.4545 0.2000 0.0000
vt 0.5000 0.1000 0.0000
vt 0.5000 0.0000 0.0000
vt 0.5227 0.1000 0.0000
vt 0.5227 0.0000 0.0000
vt 0.5227 0.2000 0.0000
vt 0.5000 0.2000 0.0000
vt 0.5455 0.1000 0.0000
vt 0.5455 0.0000 0.0000
vt 0.5682 0.1000 0.0000
vt 0.5682 0.0000 0.0000
vt 0.5682 0.2000 0.0000
vt 0.5455 0.2000 0.0000
vt 0.5909 0.1000 0.0000
vt 0.5909 0.0000 0.0000
vt 0.6136 0.1000 0.0000
vt 0.6136 0.0000 0.0000
vt 0.6136 0.2000 0.0000
vt 0.5909 0.2000 0.0000
vt 0.6364 0.1000 0.0000
vt 0.6364 0.0000 0.0000
vt 0.6591 0.1000 0.0000
vt 0.6591 0.0000 0.0000
vt 0.6591 0.2000 0.0000
vt 0.6364 0.2000 0.0000
vt 0.6818 0.1000 0.0000
vt 0.6818 0.0000 0.0000
vt 0.7045 0.1000 0.0000
vt 0.7045 0.0000 0.0000
vt 0.7045 0.2000 0.0000
vt 0.6818 0.2000 0.0000
vt 0.7273 0.1000 0.0000
vt 0.7273 0.0000 0.0000
vt 0.7273 0.2000 0.0000
vt 0.7727 0.3000 0.0000
vt 0.7500 0.3000 0.0000
vt 0.7955 0.3000 0.0000
vt 0.7955 0.4000 0.0000
vt 0.7727 0.4000 0.0000
vt 0.7500 0.4000 0.0000
vt 0.8182 0.3000 0.0000
vt 0.8409 0.3000 0.0000
vt 0.8409 0.4000 0.0000
vt 0.8182 0.4000 0.0000
vt 0.8636 0.3000 0.0000
vt 0.8864 0.3000 0.0000
vt 0.8864 0.4000 0.0000
vt 0.8636 0.4000 0.0000
vt 0.9091 0.3000 0.0000
vt 0.9318 0.3000 0.0000
vt 0.9318 0.4000 0.0000
vt 0.9091 0.4000 0.0000
vt 0.9545 0.3000 0.0000
vt 0.9773 0.3000 0.0000
vt 0.9773 0.4000 0.0000
vt 0.9545 0.4000 0.0000
vt 1.0000 0.3000 0.0000
vt 1.0227 0.3000 0.0000
vt 1.0227 0.4000 0.0000
vt 1.0000 0.4000 0.0000
vt 0.0455 0.3000 0.0000
vt 0.0227 0.3000 0.0000
vt 0.0682 0.3000 0.0000
vt 0.0682 0.4000 0.0000
vt 0.0455 0.4000 0.0000
vt 0.0227 0.4000 0.0000
vt 0.0909 0.3000 0.0000
vt 0.1136 0.3000 0.0000
vt 0.1136 0.4000 0.0000
vt 0.0909 0.4000 0.0000
vt 0.1364 0.3000 0.0000
vt 0.1591 0.3000 0.0000
vt 0.1591 0.4000 0.0000
vt 0.1364 0.4000 0.0000
vt 0.1818 0.3000 0.0000
vt 0.2045 0.3000 0.0000
vt 0.2045 0.4000 0.0000
vt 0.1818 0.4000 0.0000
vt 0.2273 0.3000 0.0000
vt 0.2500 0.3000 0.0000
vt 0.2500 0.4000 0.0000
vt 0.2273 0.4000 0.0000
vt 0.2727 0.3000 0.0000
vt 0.2955 0.3000 0.0000
vt 0.2955 0.4000 0.0000
vt 0.2727 0.4000 0.0000
vt 0.3182 0.3000 0.0000
vt 0.3409 0.3000 0.0000
vt 0.3409 0.4000 0.0000
vt 0.3182 0.4000 0.0000
vt 0.3636 0.3000 0.0000
vt 0.3864 0.3000 0.0000
vt 0.3864 0.4000 0.0000
vt 0.3636 0.4000 0.0000
vt 0.4091 0.3000 0.0000
vt 0.4318 0.3000 0.0000
vt 0.4318 0.4000 0.0000
vt 0.4091 0.4000 0.0000
vt 0.4545 0.3000 0.0000
vt 0.4773 0.3000 0.0000
vt 0.4773 0.4000 0.0000
vt 0.4545 0.4000 0.0000
vt 0.5000 0.3000 0.0000
vt 0.5227 0.3000 0.0000
vt 0.5227 0.4000 0.0000
vt 0.5000 0.4000 0.0000
vt 0.5455 0.3000 0.0000
vt 0.5682 0.3000 0.0000
vt 0.5682 0.4000 0.0000
vt 0.5455 0.4000 0.0000
vt 0.5909 0.3000 0.0000
vt 0.6136 0.3000 0.0000
vt 0.6136 0.4000 0.0000
vt 0.5909 0.4000 0.0000
vt 0.6364 0.3000 0.0000
vt 0.6591 0.3000 0.0000
vt 0.6591 0.4000 0.0000
vt 0.6364 0.4000 0.0000
vt 0.6818 0.3000 0.0000
vt 0.7045 0.3000 0.0000
vt 0.7045 0.4000 0.0000
vt 0.6818 0.4000 0.0000
vt 0.7273 0.3000 0.0000
vt 0.7273 0.4000 0.0000
vt 0.7727 0.5000 0.0000
vt 0.7500 0.5000 0.0000
vt 0.7955 0.5000 0.0000
vt 0.7955 0.6000 0.0000
vt 0.7727 0.6000 0.0000
vt 0.7500 0.6000 0.0000
vt 0.8182 0.5000 0.0000
vt 0.8409 0.5000 0.0000
vt 0.8409 0.6000 0.0000
vt 0.8182 0.6000 0.0000
vt 0.8636 0.5000 0.0000
vt 0.8864 0.5000 0.0000
vt 0.8864 0.6000 0.0000
vt 0.8636 0.6000 0.0000
vt 0.9091 0.5000 0.0000
vt 0.9318 0.5000 0.0000
vt 0.9318 0.6000 0.0000
vt 0.9091 0.6000 0.0000
vt 0.9545 0.5000 0.0000
vt 0.9773 0.5000 0.0000
vt 0.9773 0.6000 0.0000
vt 0.9545 0.6000 0.0000
vt 1.0000 0.5000 0.0000
vt 1.0227 0.5000 0.0000
vt 1.0227 0.6000 0.0000
vt 1.0000 0.6000 0.0000
vt 0.0455 0.5000 0.0000
vt 0.0227 0.5000 0.0000
vt 0.0682 0.5000 0.0000
vt 0.0682 0.6000 0.0000
vt 0.0455 0.6000 0.0000
vt 0.0227 0.6000 0.0000
vt 0.0909 0.5000 0.0000
vt 0.1136 0.5000 0.0000
vt 0.1136 0.6000 0.0000
vt 0.0909 0.6000 0.0000
vt 0.1364 0.5000 0.0000
vt 0.1591 0.5000 0.0000
vt 0.1591 0.6000 0.0000
vt 0.1364 0.6000 0.0000
vt 0.1818 0.5000 0.0000
vt 0.2045 0.5000 0.0000
vt 0.2045 0.6000 0.0000
vt 0.1818 0.6000 0.0000
vt 0.2273 0.5000 0.0000
vt 0.2500 0.5000 0.0000
vt 0.2500 0.6000 0.0000
vt 0.2273 0.6000 0.0000
vt 0.2727 0.5000 0.0000
vt 0.2955 0.5000 0.0000
vt 0.2955 0.6000 0.0000
vt 0.2727 0.6000 0.0000
vt 0.3182 0.5000 0.0000
vt 0.3409 0.5000 0.0000
vt 0.3409 0.6000 0.0000
vt 0.3182 0.6000 0.0000
vt 0.3636 0.5000 0.0000
vt 0.3864 0.5000 0.0000
vt 0.3864 0.6000 0.0000
vt 0.3636 0.6000 0.0000
vt 0.4091 0.5000 0.0000
vt 0.4318 0.5000 0.0000
vt 0.4318 0.6000 0.0000
vt 0.4091 0.6000 0.0000
vt 0.4545 0.5000 0.0000
vt 0.4773 0.5000 0.0000
vt 0.4773 0.6000 0.0000
vt 0.4545 0.6000 0.0000
vt 0.5000 0.5000 0.0000
vt 0.5227 0.5000 0.0000
vt 0.5227 0.6000 0.0000
vt 0.5000 0.6000 0.0000
vt 0.5455 0.5000 0.0000
vt 0.5682 0.5000 0.0000
vt 0.5682 0.6000 0.0000
vt 0.5455 0.6000 0.0000
vt 0.5909 0.5000 0.0000
vt 0.6136 0.5000 0.0000
vt 0.6136 0.6000 0.0000
vt 0.5909 0.6000 0.0000
vt 0.6364 0.5000 0.0000
vt 0.6591 0.5000 0.0000
vt 0.6591 0.6000 0.0000
vt 0.6364 0.6000 0.0000
vt 0.6818 0.5000 0.0000
vt 0.7045 0.5000 0.0000
vt 0.7045 0.6000 0.0000
vt 0.6818 0.6000 0.0000
vt 0.7273 0.5000 0.0000
vt 0.7273 0.6000 0.0000
vt 0.7727 0.7000 0.0000
vt 0.7500 0.7000 0.0000
vt 0.7955 0.7000 0.0000
vt 0.7955 0.8000 0.0000
vt 0.7727 0.8000 0.0000
vt 0.7500 0.8000 0.0000
vt 0.8182 0.7000 0.0000
vt 0.8409 0.7000 0.0000
vt 0.8409 0.8000 0.0000
vt 0.8182 0.8000 0.0000
vt 0.8636 0.7000 0.0000
vt 0.8864 0.7000 0.0000
vt 0.8864 0.8000 0.0000
vt 0.8636 0.8000 0.0000
vt 0.9091 0.7000 0.0000
vt 0.9318 0.7000 0.0000
vt 0.9318 0.8000 0.0000
vt 0.9091 0.8000 0.0000
vt 0.9545 0.7000 0.0000
vt 0.9773 0.7000 0.0000
vt 0.9773 0.8000 0.0000
vt 0.9545 0.8000 0.0000
vt 1.0000 0.7000 0.0000
vt 1.0227 0.7000 0.0000
vt 1.0227 0.8000 0.0000
vt 1.0000 0.8000 0.0000
vt 0.0455 0.7000 0.0000
vt 0.0227 0.7000 0.0000
vt 0.0682 0.7000 0.0000
vt 0.0682 0.8000 0.0000
vt 0.0455 0.8000 0.0000
vt 0.0227 0.8000 0.0000
vt 0.0909 0.7000 0.0000
vt 0.1136 0.7000 0.0000
vt 0.1136 0.8000 0.0000
vt 0.0909 0.8000 0.0000
vt 0.1364 0.7000 0.0000
vt 0.1591 0.7000 0.0000
vt 0.1591 0.8000 0.0000
vt 0.1364 0.8000 0.0000
vt 0.1818 0.7000 0.0000
vt 0.2045 0.7000 0.0000
vt 0.2045 0.8000 0.0000
vt 0.1818 0.8000 0.0000
vt 0.2273 0.7000 0.0000
vt 0.2500 0.7000 0.0000
vt 0.2500 0.8000 0.0000
vt 0.2273 0.8000 0.0000
vt 0.2727 0.7000 0.0000
vt 0.2955 0.7000 0.0000
vt 0.2955 0.8000 0.0000
vt 0.2727 0.8000 0.0000
vt 0.3182 0.7000 0.0000
vt 0.3409 0.7000 0.0000
vt 0.3409 0.8000 0.0000
vt 0.3182 0.8000 0.0000
vt 0.3636 0.7000 0.0000
vt 0.3864 0.7000 0.0000
vt 0.3864 0.8000 0.0000
vt 0.3636 0.8000 0.0000
vt 0.4091 0.7000 0.0000
vt 0.4318 0.7000 0.0000
vt 0.4318 0.8000 0.0000
vt 0.4091 0.8000 0.0000
vt 0.4545 0.7000 0.0000
vt 0.4773 0.7000 0.0000
vt 0.4773 0.8000 0.0000
vt 0.4545 0.8000 0.0000
vt 0.5000 0.7000 0.0000
vt 0.5227 0.7000 0.0000
vt 0.5227 0.8000 0.0000
vt 0.5000 0.8000 0.0000
vt 0.5455 0.7000 0.0000
vt 0.5682 0.7000 0.0000
vt 0.5682 0.8000 0.0000
vt 0.5455 0.8000 0.0000
vt 0.5909 0.7000 0.0000
vt 0.6136 0.7000 0.0000
vt 0.6136 0.8000 0.0000
vt 0.5909 0.8000 0.0000
vt 0.6364 0.7000 0.0000
vt 0.6591 0.7000 0.0000
vt 0.6591 0.8000 0.0000
vt 0.6364 0.8000 0.0000
vt 0.6818 0.7000 0.0000
vt 0.7045 0.7000 0.0000
vt 0.7045 0.8000 0.0000
vt 0.6818 0.8000 0.0000
vt 0.7273 0.7000 0.0000
vt 0.7273 0.8000 0.0000
vt 0.7727 0.9000 0.0000
vt 0.7500 0.9000 0.0000
vt 0.7955 0.9000 0.0000
vt 0.7955 1.0000 0.0000
vt 0.7727 1.0000 0.0000
vt 0.7500 1.0000 0.0000
vt 0.8182 0.9000 0.0000
vt 0.8409 0.9000 0.0000
vt 0.8409 1.0000 0.0000
vt 0.8182 1.0000 0.0000
vt 0.8636 0.9000 0.0000
vt 0.8864 0.9000 0.0000
vt 0.8864 1.0000 0.0000
vt 0.8636 1.0000 0.0000
vt 0.9091 0.9000 0.0000
vt 0.9318 0.9000 0.0000
vt 0.9318 1.0000 0.0000
vt 0.9091 1.0000 0.0000
vt 0.9545 0.9000 0.0000
vt 0.9773 0.9000 0.0000
vt 0.9773 1.0000 0.0000
vt 0.9545 1.0000 0.0000
vt 1.0000 0.9000 0.0000
vt 1.0227 0.9000 0.0000
vt 1.0227 1.0000 0.0000
vt 1.0000 1.0000 0.0000
vt 0.0455 0.9000 0.0000
vt 0.0227 0.9000 0.0000
vt 0.0682 0.9000 0.0000
vt 0.0682 1.0000 0.0000
vt 0.0455 1.0000 0.0000
vt 0.0227 1.0000 0.0000
vt 0.0909 0.9000 0.0000
vt 0.1136 0.9000 0.0000
vt 0.1136 1.0000 0.0000
vt 0.0909 1.0000 0.0000
vt 0.1364 0.9000 0.0000
vt 0.1591 0.9000 0.0000
vt 0.1591 1.0000 0.0000
vt 0.1364 1.0000 0.0000
vt 0.1818 0.9000 0.0000
vt 0.2045 0.9000 0.0000
vt 0.2045 1.0000 0.0000
vt 0.1818 1.0000 0.0000
vt 0.2273 0.9000 0.0000
vt 0.2500 0.9000 0.0000
vt 0.2500 1.0000 0.0000
vt 0.2273 1.0000 0.0000
vt 0.2727 0.9000 0.0000
vt 0.2955 0.9000 0.0000
vt 0.2955 1.0000 0.0000
vt 0.2727 1.0000 0.0000
vt 0.3182 0.9000 0.0000
vt 0.3409 0.9000 0.0000
vt 0.3409 1.0000 0.0000
vt 0.3182 1.0000 0.0000
vt 0.3636 0.9000 0.0000
vt 0.3864 0.9000 0.0000
vt 0.3864 1.0000 0.0000
vt 0.3636 1.0000 0.0000
vt 0.4091 0.9000 0.0000
vt 0.4318 0.9000 0.0000
vt 0.4318 1.0000 0.0000
vt 0.4091 1.0000 0.0000
vt 0.4545 0.9000 0.0000
vt 0.4773 0.9000 0.0000
vt 0.4773 1.0000 0.0000
vt 0.4545 1.0000 0.0000
vt 0.5000 0.9000 0.0000
vt 0.5227 0.9000 0.0000
vt 0.5227 1.0000 0.0000
vt 0.5000 1.0000 0.0000
vt 0.5455 0.9000 0.0000
vt 0.5682 0.9000 0.0000
vt 0.5682 1.0000 0.0000
vt 0.5455 1.0000 0.0000
vt 0.5909 0.9000 0.0000
vt 0.6136 0.9000 0.0000
vt 0.6136 1.0000 0.0000
vt 0.5909 1.0000 0.0000
vt 0.6364 0.9000 0.0000
vt 0.6591 0.9000 0.0000
vt 0.6591 1.0000 0.0000
vt 0.6364 1.0000 0.0000
vt 0.6818 0.9000 0.0000
vt 0.7045 0.9000 0.0000
vt 0.7045 1.0000 0.0000
vt 0.6818 1.0000 0.0000
vt 0.7273 0.9000 0.0000
vt 0.7273 1.0000 0.0000
vt 0.5528 0.8674 0.0000
vt 0.6233 0.9200 0.0000
vt 0.6542 0.8376 0.0000
vt 0.7431 0.7805 0.0000
vt 0.7366 0.8682 0.0000
vt 0.8308 0.7866 0.0000
vt 0.8123 0.7007 0.0000
vt 0.8561 0.6046 0.0000
vt 0.8981 0.6818 0.0000
vt 0.9332 0.5623 0.0000
vt 0.8712 0.5000 0.0000
vt 0.8561 0.3954 0.0000
vt 0.9332 0.4377 0.0000
vt 0.8981 0.3182 0.0000
vt 0.8123 0.2993 0.0000
vt 0.7431 0.2195 0.0000
vt 0.8308 0.2134 0.0000
vt 0.7366 0.1318 0.0000
vt 0.6542 0.1624 0.0000
vt 0.5528 0.1326 0.0000
vt 0.6233 0.0800 0.0000
vt 0.5000 0.0623 0.0000
vt 0.4472 0.1326 0.0000
vt 0.3458 0.1624 0.0000
vt 0.3767 0.0800 0.0000
vt 0.2634 0.1318 0.0000
vt 0.2569 0.2195 0.0000
vt 0.1877 0.2993 0.0000
vt 0.1692 0.2134 0.0000
vt 0.1019 0.3182 0.0000
vt 0.1439 0.3954 0.0000
vt 0.1288 0.5000 0.0000
vt 0.0668 0.4377 0.0000
vt 0.0668 0.5623 0.0000
vt 0.1439 0.6046 0.0000
vt 0.1877 0.7007 0.0000
vt 0.1019 0.6818 0.0000
vt 0.1692 0.7866 0.0000
vt 0.2569 0.7805 0.0000
vt 0.3458 0.8376 0.0000
vt 0.2634 0.8682 0.0000
vt 0.3767 0.9200 0.0000
vt 0.4472 0.8674 0.0000
vt 0.5000 0.9377 0.0000
vt 0.4296 0.9899 0.0000
vt 0.3606 0.9749 0.0000
vt 0.3591 0.9797 0.0000
vt 0.5000 0.9949 0.0000
vt 0.5704 0.9899 0.0000
vt 0.6394 0.9749 0.0000
vt 0.6409 0.9797 0.0000
vt 0.7056 0.9502 0.0000
vt 0.7676 0.9164 0.0000
vt 0.7703 0.9206 0.0000
vt 0.8241 0.8740 0.0000
vt 0.8740 0.8241 0.0000
vt 0.8779 0.8274 0.0000
vt 0.9163 0.7676 0.0000
vt 0.9502 0.7056 0.0000
vt 0.9548 0.7077 0.0000
vt 0.9749 0.6394 0.0000
vt 0.9899 0.5704 0.0000
vt 0.9949 0.5712 0.0000
vt 0.9949 0.5000 0.0000
vt 0.9899 0.4296 0.0000
vt 0.9949 0.4288 0.0000
vt 0.9749 0.3606 0.0000
vt 0.9502 0.2944 0.0000
vt 0.9548 0.2923 0.0000
vt 0.9163 0.2324 0.0000
vt 0.8740 0.1759 0.0000
vt 0.8779 0.1726 0.0000
vt 0.8241 0.1260 0.0000
vt 0.7676 0.0836 0.0000
vt 0.7703 0.0794 0.0000
vt 0.7056 0.0498 0.0000
vt 0.6394 0.0251 0.0000
vt 0.6409 0.0203 0.0000
vt 0.5704 0.0101 0.0000
vt 0.5000 0.0051 0.0000
vt 0.4296 0.0101 0.0000
vt 0.3606 0.0251 0.0000
vt 0.3591 0.0203 0.0000
vt 0.2944 0.0498 0.0000
vt 0.2324 0.0836 0.0000
vt 0.2297 0.0794 0.0000
vt 0.1759 0.1260 0.0000
vt 0.1260 0.1759 0.0000
vt 0.1221 0.1726 0.0000
vt 0.0837 0.2324 0.0000
vt 0.0498 0.2944 0.0000
vt 0.0452 0.2923 0.0000
vt 0.0251 0.3606 0.0000
vt 0.0101 0.4296 0.0000
vt 0.0051 0.4288 0.0000
vt 0.0051 0.5000 0.0000
vt 0.0101 0.5704 0.0000
vt 0.0051 0.5712 0.0000
vt 0.0251 0.6394 0.0000
vt 0.0498 0.7056 0.0000
vt 0.0452 0.7077 0.0000
vt 0.0837 0.7676 0.0000
vt 0.1260 0.8241 0.0000
vt 0.1221 0.8274 0.0000
vt 0.1759 0.8740 0.0000
vt 0.2324 0.9164 0.0000
vt 0.2297 0.9206 0.0000
vt 0.2944 0.9502 0.0000
v 0.166182 0.085711 -0.002352
v 0.163577 0.082679 -0.002352
v 0.163575 0.082891 0
v 0.166109 0.085897 0
v 0.166395 0.08517 -0.004513
v 0.163583 0.082061 -0.004513
v 0.166731 0.084316 -0.006309
v 0.163592 0.081087 -0.006309
v 0.167163 0.08322 -0.007593
v 0.163604 0.079836 -0.007593
v 0.167655 0.081969 -0.008263
v 0.163618 0.078409 -0.008263
v 0.168169 0.080666 -0.008263
v 0.163633 0.076922 -0.008263
v 0.168661 0.079415 -0.007593
v 0.163646 0.075495 -0.007593
v 0.169093 0.078318 -0.006309
v 0.163658 0.074244 -0.006309
v 0.169429 0.077465 -0.004513
v 0.163668 0.07327 -0.004513
v 0.169642 0.076923 -0.002352
v 0.163674 0.072652 -0.002352
v 0.169715 0.076738 0
v 0.163676 0.072441 0
v 0.169642 0.076923 0.002352
v 0.163674 0.072652 0.002352
v 0.169429 0.077465 0.004513
v 0.163668 0.07327 0.004513
v 0.169093 0.078318 0.006309
v 0.163658 0.074244 0.006309
v 0.168661 0.079415 0.007593
v 0.163646 0.075495 0.007593
v 0.168169 0.080666 0.008263
v 0.163633 0.076922 0.008263
v 0.167655 0.081969 0.008263
v 0.163618 0.078409 0.008263
v 0.167163 0.08322 0.007593
v 0.163604 0.079836 0.007593
v 0.166731 0.084316 0.006309
v 0.163592 0.081087 0.006309
v 0.166395 0.08517 0.004513
v 0.163583 0.082061 0.004513
v 0.166182 0.085711 0.002352
v 0.163577 0.082679 0.002352
v 0.170784 0.088518 -0.002352
v 0.170741 0.088722 0
v 0.17091 0.087924 -0.004513
v 0.171108 0.086986 -0.006309
v 0.171363 0.085781 -0.007593
v 0.171653 0.084408 -0.008263
v 0.171956 0.082976 -0.008263
v 0.172246 0.081602 -0.007593
v 0.172501 0.080397 -0.006309
v 0.172699 0.07946 -0.004513
v 0.172825 0.078865 -0.002352
v 0.172868 0.078661 0
v 0.172825 0.078865 0.002352
v 0.172699 0.07946 0.004513
v 0.172501 0.080397 0.006309
v 0.172246 0.081602 0.007593
v 0.171956 0.082976 0.008263
v 0.171653 0.084408 0.008263
v 0.171363 0.085781 0.007593
v 0.171108 0.086986 0.006309
v 0.17091 0.087924 0.004513
v 0.170784 0.088518 0.002352
v 0.175623 0.089821 -0.002352
v 0.175611 0.090033 0
v 0.175657 0.089201 -0.004513
v 0.175712 0.088225 -0.006309
v 0.175781 0.08697 -0.007593
v 0.17586 0.08554 -0.008263
v 0.175943 0.084049 -0.008263
v 0.176022 0.082618 -0.007593
v 0.176091 0.081364 -0.006309
v 0.176145 0.080387 -0.004513
v 0.17618 0.079768 -0.002352
v 0.176191 0.079555 0
v 0.17618 0.079768 0.002352
v 0.176145 0.080387 0.004513
v 0.176091 0.081364 0.006309
v 0.176022 0.082618 0.007593
v 0.175943 0.084049 0.008263
v 0.17586 0.08554 0.008263
v 0.175781 0.08697 0.007593
v 0.175712 0.088225 0.006309
v 0.175657 0.089201 0.004513
v 0.175623 0.089821 0.002352
v 0.18052 0.089629 -0.002352
v 0.18054 0.08984 0
v 0.180462 0.089013 -0.004513
v 0.180371 0.088042 -0.006309
v 0.180254 0.086795 -0.007593
v 0.18012 0.085373 -0.008263
v 0.179981 0.08389 -0.008263
v 0.179847 0.082468 -0.007593
v 0.17973 0.081221 -0.006309
v 0.179638 0.08025 -0.004513
v 0.17958 0.079634 -0.002352
v 0.179561 0.079423 0
v 0.17958 0.079634 0.002352
v 0.179638 0.08025 0.004513
v 0.17973 0.081221 0.006309
v 0.179847 0.082468 0.007593
v 0.179981 0.08389 0.008263
v 0.18012 0.085373 0.008263
v 0.180254 0.086795 0.007593
v 0.180371 0.088042 0.006309
v 0.180462 0.089013 0.004513
v 0.18052 0.089629 0.002352
v 0.185303 0.087948 -0.002352
v 0.185353 0.088149 0
v 0.185154 0.087364 -0.004513
v 0.18492 0.086444 -0.006309
v 0.18462 0.085261 -0.007593
v 0.184278 0.083912 -0.008263
v 0.18392 0.082506 -0.008263
v 0.183578 0.081157 -0.007593
v 0.183278 0.079974 -0.006309
v 0.183044 0.079053 -0.004513
v 0.182895 0.078469 -0.002352
v 0.182845 0.078269 0
v 0.182895 0.078469 0.002352
v 0.183044 0.079053 0.004513
v 0.183278 0.079974 0.006309
v 0.183578 0.081157 0.007593
v 0.18392 0.082506 0.008263
v 0.184278 0.083912 0.008263
v 0.18462 0.085261 0.007593
v 0.18492 0.086444 0.006309
v 0.185154 0.087364 0.004513
v 0.185303 0.087948 0.002352
v 0.18979 0.084785 -0.002352
v 0.18987 0.084964 0
v 0.189557 0.084261 -0.004513
v 0.189189 0.083435 -0.006309
v 0.188716 0.082374 -0.007593
v 0.188176 0.081163 -0.008263
v 0.187614 0.079902 -0.008263
v 0.187074 0.078692 -0.007593
v 0.186601 0.077631 -0.006309
v 0.186233 0.076805 -0.004513
v 0.185999 0.076281 -0.002352
v 0.185919 0.076102 0
v 0.185999 0.076281 0.002352
v 0.186233 0.076805 0.004513
v 0.186601 0.077631 0.006309
v 0.187074 0.078692 0.007593
v 0.187614 0.079902 0.008263
v 0.188176 0.081163 0.008263
v 0.188716 0.082374 0.007593
v 0.189189 0.083435 0.006309
v 0.189557 0.084261 0.004513
v 0.18979 0.084785 0.002352
v 0.19379 0.080157 -0.002352
v 0.193895 0.080306 0
v 0.193481 0.07972 -0.004513
v 0.192995 0.07903 -0.006309
v 0.19237 0.078145 -0.007593
v 0.191657 0.077135 -0.008263
v 0.190914 0.076083 -0.008263
v 0.190201 0.075073 -0.007593
v 0.189576 0.074188 -0.006309
v 0.18909 0.073499 -0.004513
v 0.188781 0.073062 -0.002352
v 0.188676 0.072912 0
v 0.188781 0.073062 0.002352
v 0.18909 0.073499 0.004513
v 0.189576 0.074188 0.006309
v 0.190201 0.075073 0.007593
v 0.190914 0.076083 0.008263
v 0.191657 0.077135 0.008263
v 0.19237 0.078145 0.007593
v 0.192995 0.07903 0.006309
v 0.193481 0.07972 0.004513
v 0.19379 0.080157 0.002352
v 0.196975 0.074375 -0.002352
v 0.197101 0.074488 0
v 0.196607 0.074046 -0.004513
v 0.196026 0.073528 -0.006309
v 0.19528 0.072863 -0.007593
v 0.194429 0.072103 -0.008263
v 0.193543 0.071312 -0.008263
v 0.192692 0.070553 -0.007593
v 0.191946 0.069887 -0.006309
v 0.191365 0.069369 -0.004513
v 0.190997 0.06904 -0.002352
v 0.190871 0.068928 0
v 0.190997 0.06904 0.002352
v 0.191365 0.069369 0.004513
v 0.191946 0.069887 0.006309
v 0.192692 0.070553 0.007593
v 0.193543 0.071312 0.008263
v 0.194429 0.072103 0.008263
v 0.19528 0.072863 0.007593
v 0.196026 0.073528 0.006309
v 0.196607 0.074046 0.004513
v 0.196975 0.074375 0.002352
v 0.199133 0.067911 -0.002352
v 0.199273 0.067981 0
v 0.198723 0.067705 -0.004513
v 0.198078 0.06738 -0.006309
v 0.197249 0.066963 -0.007593
v 0.196304 0.066488 -0.008263
v 0.195318 0.065992 -0.008263
v 0.194373 0.065517 -0.007593
v 0.193544 0.0651 -0.006309
v 0.192899 0.064775 -0.004513
v 0.192489 0.064569 -0.002352
v 0.192349 0.064499 0
v 0.192489 0.064569 0.002352
v 0.192899 0.064775 0.004513
v 0.193544 0.0651 0.006309
v 0.194373 0.065517 0.007593
v 0.195318 0.065992 0.008263
v 0.196304 0.066488 0.008263
v 0.197249 0.066963 0.007593
v 0.198078 0.06738 0.006309
v 0.198723 0.067705 0.004513
v 0.199133 0.067911 0.002352
v 0.200251 0.061041 -0.002352
v 0.200399 0.061067 0
v 0.199821 0.060965 -0.004513
v 0.199142 0.060845 -0.006309
v 0.198271 0.060691 -0.007593
v 0.197276 0.060516 -0.008263
v 0.19624 0.060333 -0.008263
v 0.195246 0.060157 -0.007593
v 0.194374 0.060003 -0.006309
v 0.193695 0.059883 -0.004513
v 0.193265 0.059807 -0.002352
v 0.193117 0.059781 0
v 0.193265 0.059807 0.002352
v 0.193695 0.059883 0.004513
v 0.194374 0.060003 0.006309
v 0.195246 0.060157 0.007593
v 0.19624 0.060333 0.008263
v 0.197276 0.060516 0.008263
v 0.198271 0.060691 0.007593
v 0.199142 0.060845 0.006309
v 0.199821 0.060965 0.004513
v 0.200251 0.061041 0.002352
v 0.20033 0.054023 -0.002352
v 0.200478 0.054004 0
v 0.199898 0.05408 -0.004513
v 0.199218 0.054168 -0.006309
v 0.198343 0.054282 -0.007593
v 0.197345 0.054411 -0.008263
v 0.196305 0.054547 -0.008263
v 0.195307 0.054676 -0.007593
v 0.194433 0.05479 -0.006309
v 0.193752 0.054878 -0.004513
v 0.19332 0.054934 -0.002352
v 0.193172 0.054953 0
v 0.19332 0.054934 0.002352
v 0.193752 0.054878 0.004513
v 0.194433 0.05479 0.006309
v 0.195307 0.054676 0.007593
v 0.196305 0.054547 0.008263
v 0.197345 0.054411 0.008263
v 0.198343 0.054282 0.007593
v 0.199218 0.054168 0.006309
v 0.199898 0.05408 0.004513
v 0.20033 0.054023 0.002352
v 0.199367 0.047106 -0.002352
v 0.199509 0.047042 0
v 0.198953 0.047293 -0.004513
v 0.198301 0.047588 -0.006309
v 0.197463 0.047966 -0.007593
v 0.196507 0.048398 -0.008263
v 0.195511 0.048847 -0.008263
v 0.194556 0.049279 -0.007593
v 0.193718 0.049657 -0.006309
v 0.193066 0.049952 -0.004513
v 0.192652 0.050139 -0.002352
v 0.19251 0.050203 0
v 0.192652 0.050139 0.002352
v 0.193066 0.049952 0.004513
v 0.193718 0.049657 0.006309
v 0.194556 0.049279 0.007593
v 0.195511 0.048847 0.008263
v 0.196507 0.048398 0.008263
v 0.197463 0.047966 0.007593
v 0.198301 0.047588 0.006309
v 0.198953 0.047293 0.004513
v 0.199367 0.047106 0.002352
v 0.197356 0.040545 -0.002352
v 0.197484 0.040438 0
v 0.19698 0.040857 -0.004513
v 0.196388 0.041348 -0.006309
v 0.195628 0.041979 -0.007593
v 0.19476 0.042698 -0.008263
v 0.193856 0.043448 -0.008263
v 0.192989 0.044168 -0.007593
v 0.192228 0.044799 -0.006309
v 0.191636 0.04529 -0.004513
v 0.191261 0.045601 -0.002352
v 0.191132 0.045708 0
v 0.191261 0.045601 0.002352
v 0.191636 0.04529 0.004513
v 0.192228 0.044799 0.006309
v 0.192989 0.044168 0.007593
v 0.193856 0.043448 0.008263
v 0.19476 0.042698 0.008263
v 0.195628 0.041979 0.007593
v 0.196388 0.041348 0.006309
v 0.19698 0.040857 0.004513
v 0.197356 0.040545 0.002352
v 0.194302 0.03462 -0.002352
v 0.194411 0.034475 0
v 0.193984 0.035042 -0.004513
v 0.193482 0.035709 -0.006309
v 0.192838 0.036564 -0.007593
v 0.192103 0.037541 -0.008263
v 0.191336 0.038558 -0.008263
v 0.190601 0.039534 -0.007593
v 0.189957 0.040391 -0.006309
v 0.189455 0.041057 -0.004513
v 0.189137 0.041479 -0.002352
v 0.189028 0.041624 0
v 0.189137 0.041479 0.002352
v 0.189455 0.041057 0.004513
v 0.189957 0.040391 0.006309
v 0.190601 0.039534 0.007593
v 0.191336 0.038558 0.008263
v 0.192103 0.037541 0.008263
v 0.192838 0.036564 0.007593
v 0.193482 0.035709 0.006309
v 0.193984 0.035042 0.004513
v 0.194302 0.03462 0.002352
v 0.190409 0.029809 -0.002352
v 0.190493 0.029634 0
v 0.190164 0.030322 -0.004513
v 0.189777 0.031131 -0.006309
v 0.189281 0.032169 -0.007593
v 0.188714 0.033354 -0.008263
v 0.188124 0.034589 -0.008263
v 0.187557 0.035773 -0.007593
v 0.187061 0.036812 -0.006309
v 0.186674 0.037621 -0.004513
v 0.186429 0.038133 -0.002352
v 0.186345 0.038309 0
v 0.186429 0.038133 0.002352
v 0.186674 0.037621 0.004513
v 0.187061 0.036812 0.006309
v 0.187557 0.035773 0.007593
v 0.188124 0.034589 0.008263
v 0.188714 0.033354 0.008263
v 0.189281 0.032169 0.007593
v 0.189777 0.031131 0.006309
v 0.190164 0.030322 0.004513
v 0.190409 0.029809 0.002352
v 0.185995 0.02644 -0.002352
v 0.18605 0.026242 0
v 0.185834 0.027017 -0.004513
v 0.185579 0.027926 -0.006309
v 0.185252 0.029094 -0.007593
v 0.18488 0.030427 -0.008263
v 0.184491 0.031816 -0.008263
v 0.184118 0.033148 -0.007593
v 0.183792 0.034316 -0.006309
v 0.183537 0.035226 -0.004513
v 0.183376 0.035803 -0.002352
v 0.183321 0.036 0
v 0.183376 0.035803 0.002352
v 0.183537 0.035226 0.004513
v 0.183792 0.034316 0.006309
v 0.184118 0.033148 0.007593
v 0.184491 0.031816 0.008263
v 0.18488 0.030427 0.008263
v 0.185252 0.029094 0.007593
v 0.185579 0.027926 0.006309
v 0.185834 0.027017 0.004513
v 0.185995 0.02644 0.002352
v 0.181253 0.023626 -0.002352
v 0.181278 0.023417 0
v 0.181181 0.024239 -0.004513
v 0.181068 0.025205 -0.006309
v 0.180923 0.026446 -0.007593
v 0.180757 0.027862 -0.008263
v 0.180585 0.029337 -0.008263
v 0.180419 0.030752 -0.007593
v 0.180274 0.031994 -0.006309
v 0.18016 0.03296 -0.004513
v 0.180089 0.033572 -0.002352
v 0.180064 0.033782 0
v 0.180089 0.033572 0.002352
v 0.18016 0.03296 0.004513
v 0.180274 0.031994 0.006309
v 0.180419 0.030752 0.007593
v 0.180585 0.029337 0.008263
v 0.180757 0.027862 0.008263
v 0.180923 0.026446 0.007593
v 0.181068 0.025205 0.006309
v 0.181181 0.024239 0.004513
v 0.181253 0.023626 0.002352
v 0.177558 0.02149 -0.002352
v 0.177602 0.021287 0
v 0.177429 0.022083 -0.004513
v 0.177226 0.023019 -0.006309
v 0.176964 0.02422 -0.007593
v 0.176666 0.02559 -0.008263
v 0.176356 0.027018 -0.008263
v 0.176058 0.028388 -0.007593
v 0.175796 0.02959 -0.006309
v 0.175593 0.030525 -0.004513
v 0.175464 0.031118 -0.002352
v 0.175419 0.031322 0
v 0.175464 0.031118 0.002352
v 0.175593 0.030525 0.004513
v 0.175796 0.02959 0.006309
v 0.176058 0.028388 0.007593
v 0.176356 0.027018 0.008263
v 0.176666 0.02559 0.008263
v 0.176964 0.02422 0.007593
v 0.177226 0.023019 0.006309
v 0.177429 0.022083 0.004513
v 0.177558 0.02149 0.002352
v 0.173975 0.019765 -0.002352
v 0.174026 0.019565 0
v 0.173826 0.020349 -0.004513
v 0.173593 0.02127 -0.006309
v 0.173292 0.022453 -0.007593
v 0.17295 0.023802 -0.008263
v 0.172592 0.025208 -0.008263
v 0.17225 0.026556 -0.007593
v 0.171949 0.027739 -0.006309
v 0.171715 0.02866 -0.004513
v 0.171567 0.029244 -0.002352
v 0.171516 0.029444 0
v 0.171567 0.029244 0.002352
v 0.171715 0.02866 0.004513
v 0.171949 0.027739 0.006309
v 0.17225 0.026556 0.007593
v 0.172592 0.025208 0.008263
v 0.17295 0.023802 0.008263
v 0.173292 0.022453 0.007593
v 0.173593 0.02127 0.006309
v 0.173826 0.020349 0.004513
v 0.173975 0.019765 0.002352
v 0.169117 0.018058 -0.002352
v 0.169136 0.017847 0
v 0.169061 0.018674 -0.004513
v 0.168973 0.019646 -0.006309
v 0.168859 0.020894 -0.007593
v 0.16873 0.022318 -0.008263
v 0.168595 0.023802 -0.008263
v 0.168465 0.025226 -0.007593
v 0.168352 0.026475 -0.006309
v 0.168263 0.027446 -0.004513
v 0.168207 0.028063 -0.002352
v 0.168188 0.028274 0
v 0.168207 0.028063 0.002352
v 0.168263 0.027446 0.004513
v 0.168352 0.026475 0.006309
v 0.168465 0.025226 0.007593
v 0.168595 0.023802 0.008263
v 0.16873 0.022318 0.008263
v 0.168859 0.020894 0.007593
v 0.168973 0.019646 0.006309
v 0.169061 0.018674 0.004513
v 0.169117 0.018058 0.002352
v 0.163344 0.017932 -0.002352
v 0.163347 0.01772 0
v 0.163336 0.01855 -0.004513
v 0.163323 0.019524 -0.006309
v 0.163307 0.020775 -0.007593
v 0.163289 0.022202 -0.008263
v 0.16327 0.023689 -0.008263
v 0.163251 0.025115 -0.007593
v 0.163235 0.026367 -0.006309
v 0.163223 0.02734 -0.004513
v 0.163215 0.027958 -0.002352
v 0.163212 0.02817 0
v 0.163215 0.027958 0.002352
v 0.163223 0.02734 0.004513
v 0.163235 0.026367 0.006309
v 0.163251 0.025115 0.007593
v 0.16327 0.023689 0.008263
v 0.163289 0.022202 0.008263
v 0.163307 0.020775 0.007593
v 0.163323 0.019524 0.006309
v 0.163336 0.01855 0.004513
v 0.163344 0.017932 0.002352
vn -0.4973 0.8217 -0.2784
vn -0.6024 0.7586 -0.2482
vn -0.6349 0.7726 -0.0031
vn -0.5183 0.8552 -0.0014
vn -0.4316 0.7266 -0.5346
vn -0.5188 0.6961 -0.4963
vn -0.3297 0.5733 -0.7501
vn -0.3894 0.5638 -0.7284
vn -0.2047 0.3702 -0.9061
vn -0.2280 0.3554 -0.9065
vn -0.0705 0.1320 -0.9887
vn -0.0573 0.0931 -0.9940
vn 0.0611 -0.1219 -0.9907
vn 0.1000 -0.1824 -0.9781
vn 0.1807 -0.3694 -0.9115
vn 0.2295 -0.4330 -0.8717
vn 0.2812 -0.5888 -0.7578
vn 0.3267 -0.6358 -0.6993
vn 0.3569 -0.7608 -0.5421
vn 0.3932 -0.7812 -0.4850
vn 0.4035 -0.8703 -0.2823
vn 0.4320 -0.8673 -0.2472
vn 0.4187 -0.9081 0.0004
vn 0.4457 -0.8952 0.0007
vn 0.4017 -0.8710 0.2829
vn 0.4353 -0.8655 0.2479
vn 0.3537 -0.7621 0.5423
vn 0.3996 -0.7784 0.4842
vn 0.2775 -0.5907 0.7577
vn 0.3355 -0.6337 0.6970
vn 0.1778 -0.3715 0.9113
vn 0.2388 -0.4329 0.8692
vn 0.0603 -0.1235 0.9905
vn 0.1062 -0.1843 0.9771
vn -0.0678 0.1317 0.9890
vn -0.0592 0.0904 0.9941
vn -0.1982 0.3722 0.9068
vn -0.2411 0.3521 0.9044
vn -0.3207 0.5775 0.7508
vn -0.4106 0.5578 0.7214
vn -0.4229 0.7318 0.5344
vn -0.5396 0.6869 0.4868
vn -0.4921 0.8255 0.2765
vn -0.6147 0.7512 0.2404
vn -0.2782 0.9186 -0.2806
vn -0.2899 0.9571 0.0000
vn -0.2443 0.8065 -0.5384
vn -0.1908 0.6300 -0.7528
vn -0.1222 0.4034 -0.9068
vn -0.0438 0.1446 -0.9885
vn 0.0382 -0.1263 -0.9913
vn 0.1175 -0.3879 -0.9142
vn 0.1876 -0.6193 -0.7624
vn 0.2426 -0.8010 -0.5473
vn 0.2778 -0.9171 -0.2859
vn 0.2899 -0.9571 0.0000
vn 0.2778 -0.9171 0.2859
vn 0.2426 -0.8010 0.5473
vn 0.1876 -0.6193 0.7625
vn 0.1175 -0.3879 0.9142
vn 0.0382 -0.1263 0.9913
vn -0.0438 0.1446 0.9885
vn -0.1222 0.4034 0.9068
vn -0.1908 0.6300 0.7528
vn -0.2443 0.8065 0.5384
vn -0.2782 0.9186 0.2806
vn -0.0759 0.9568 -0.2806
vn -0.0791 0.9969 0.0000
vn -0.0666 0.8401 -0.5384
vn -0.0521 0.6562 -0.7528
vn -0.0333 0.4201 -0.9069
vn -0.0119 0.1505 -0.9885
vn 0.0104 -0.1317 -0.9912
vn 0.0321 -0.4042 -0.9141
vn 0.0512 -0.6452 -0.7623
vn 0.0662 -0.8344 -0.5472
vn 0.0758 -0.9553 -0.2858
vn 0.0791 -0.9969 0.0000
vn 0.0758 -0.9553 0.2858
vn 0.0662 -0.8344 0.5472
vn 0.0512 -0.6452 0.7623
vn 0.0321 -0.4042 0.9141
vn 0.0104 -0.1317 0.9912
vn -0.0119 0.1505 0.9885
vn -0.0333 0.4201 0.9069
vn -0.0521 0.6562 0.7528
vn -0.0666 0.8401 0.5384
vn -0.0759 0.9568 0.2806
vn 0.1282 0.9512 -0.2806
vn 0.1335 0.9910 -0.0000
vn 0.1125 0.8352 -0.5384
vn 0.0879 0.6524 -0.7528
vn 0.0563 0.4177 -0.9069
vn 0.0202 0.1496 -0.9885
vn -0.0176 -0.1309 -0.9912
vn -0.0542 -0.4019 -0.9141
vn -0.0864 -0.6414 -0.7623
vn -0.1118 -0.8295 -0.5472
vn -0.1280 -0.9497 -0.2858
vn -0.1335 -0.9910 0.0000
vn -0.1280 -0.9497 0.2858
vn -0.1118 -0.8295 0.5472
vn -0.0864 -0.6414 0.7623
vn -0.0542 -0.4019 0.9141
vn -0.0176 -0.1309 0.9912
vn 0.0202 0.1496 0.9885
vn 0.0563 0.4177 0.9069
vn 0.0879 0.6524 0.7528
vn 0.1125 0.8352 0.5384
vn 0.1282 0.9512 0.2806
vn 0.3281 0.9020 -0.2806
vn 0.3419 0.9397 -0.0000
vn 0.2881 0.7919 -0.5384
vn 0.2251 0.6186 -0.7528
vn 0.1441 0.3961 -0.9068
vn 0.0516 0.1420 -0.9885
vn -0.0451 -0.1240 -0.9913
vn -0.1386 -0.3809 -0.9142
vn -0.2212 -0.6081 -0.7624
vn -0.2861 -0.7865 -0.5473
vn -0.3276 -0.9005 -0.2859
vn -0.3419 -0.9397 0.0000
vn -0.3276 -0.9005 0.2859
vn -0.2861 -0.7865 0.5473
vn -0.2212 -0.6081 0.7624
vn -0.1386 -0.3809 0.9142
vn -0.0451 -0.1240 0.9913
vn 0.0516 0.1420 0.9885
vn 0.1441 0.3961 0.9068
vn 0.2251 0.6186 0.7528
vn 0.2881 0.7919 0.5384
vn 0.3281 0.9020 0.2806
vn 0.5166 0.8089 -0.2806
vn 0.5383 0.8428 -0.0000
vn 0.4536 0.7102 -0.5384
vn 0.3544 0.5548 -0.7527
vn 0.2269 0.3553 -0.9068
vn 0.0814 0.1275 -0.9885
vn -0.0709 -0.1110 -0.9913
vn -0.2180 -0.3413 -0.9143
vn -0.3481 -0.5451 -0.7627
vn -0.4504 -0.7052 -0.5476
vn -0.5158 -0.8076 -0.2861
vn -0.5383 -0.8428 0.0000
vn -0.5158 -0.8076 0.2861
vn -0.4504 -0.7052 0.5476
vn -0.3481 -0.5451 0.7627
vn -0.2180 -0.3413 0.9143
vn -0.0709 -0.1110 0.9913
vn 0.0814 0.1275 0.9885
vn 0.2269 0.3553 0.9068
vn 0.3544 0.5548 0.7527
vn 0.4536 0.7102 0.5384
vn 0.5166 0.8089 0.2806
vn 0.6825 0.6749 -0.2806
vn 0.7111 0.7031 -0.0000
vn 0.5992 0.5925 -0.5384
vn 0.4681 0.4629 -0.7527
vn 0.2998 0.2965 -0.9068
vn 0.1076 0.1064 -0.9885
vn -0.0936 -0.0925 -0.9913
vn -0.2879 -0.2847 -0.9143
vn -0.4599 -0.4547 -0.7627
vn -0.5950 -0.5883 -0.5476
vn -0.6814 -0.6737 -0.2861
vn -0.7111 -0.7031 0.0000
vn -0.6814 -0.6737 0.2861
vn -0.5950 -0.5883 0.5476
vn -0.4599 -0.4547 0.7627
vn -0.2879 -0.2847 0.9143
vn -0.0936 -0.0925 0.9913
vn 0.1076 0.1064 0.9885
vn 0.2998 0.2965 0.9068
vn 0.4681 0.4629 0.7527
vn 0.5992 0.5925 0.5384
vn 0.6825 0.6749 0.2806
vn 0.8147 0.5075 -0.2806
vn 0.8488 0.5287 -0.0000
vn 0.7153 0.4456 -0.5384
vn 0.5588 0.3481 -0.7527
vn 0.3579 0.2229 -0.9068
vn 0.1284 0.0800 -0.9885
vn -0.1118 -0.0696 -0.9913
vn -0.3438 -0.2141 -0.9143
vn -0.5490 -0.3420 -0.7627
vn -0.7102 -0.4424 -0.5476
vn -0.8133 -0.5066 -0.2861
vn -0.8488 -0.5287 0.0000
vn -0.8133 -0.5066 0.2861
vn -0.7102 -0.4424 0.5476
vn -0.5490 -0.3420 0.7627
vn -0.3438 -0.2141 0.9143
vn -0.1118 -0.0696 0.9913
vn 0.1284 0.0800 0.9885
vn 0.3579 0.2229 0.9068
vn 0.5588 0.3481 0.7527
vn 0.7153 0.4456 0.5384
vn 0.8147 0.5075 0.2806
vn 0.9056 0.3180 -0.2806
vn 0.9435 0.3313 -0.0000
vn 0.7951 0.2792 -0.5384
vn 0.6211 0.2181 -0.7528
vn 0.3977 0.1396 -0.9068
vn 0.1425 0.0500 -0.9885
vn -0.1245 -0.0437 -0.9913
vn -0.3824 -0.1343 -0.9142
vn -0.6105 -0.2143 -0.7624
vn -0.7897 -0.2772 -0.5473
vn -0.9042 -0.3174 -0.2859
vn -0.9435 -0.3313 0.0000
vn -0.9042 -0.3174 0.2859
vn -0.7897 -0.2772 0.5473
vn -0.6105 -0.2143 0.7625
vn -0.3824 -0.1343 0.9142
vn -0.1245 -0.0437 0.9913
vn 0.1425 0.0500 0.9885
vn 0.3977 0.1396 0.9068
vn 0.6211 0.2181 0.7528
vn 0.7951 0.2792 0.5384
vn 0.9056 0.3180 0.2806
vn 0.9526 0.1175 -0.2806
vn 0.9925 0.1224 -0.0000
vn 0.8364 0.1031 -0.5384
vn 0.6533 0.0806 -0.7528
vn 0.4183 0.0516 -0.9069
vn 0.1498 0.0185 -0.9885
vn -0.1311 -0.0162 -0.9912
vn -0.4025 -0.0496 -0.9141
vn -0.6424 -0.0792 -0.7623
vn -0.8307 -0.1024 -0.5472
vn -0.9511 -0.1173 -0.2858
vn -0.9925 -0.1224 0.0000
vn -0.9511 -0.1173 0.2858
vn -0.8307 -0.1024 0.5472
vn -0.6424 -0.0792 0.7623
vn -0.4025 -0.0496 0.9141
vn -0.1311 -0.0162 0.9912
vn 0.1498 0.0185 0.9885
vn 0.4183 0.0516 0.9069
vn 0.6533 0.0806 0.7528
vn 0.8364 0.1031 0.5384
vn 0.9526 0.1175 0.2806
vn 0.9559 -0.0867 -0.2806
vn 0.9959 -0.0903 -0.0000
vn 0.8393 -0.0761 -0.5384
vn 0.6556 -0.0594 -0.7528
vn 0.4197 -0.0381 -0.9069
vn 0.1503 -0.0136 -0.9885
vn -0.1316 0.0119 -0.9912
vn -0.4039 0.0366 -0.9141
vn -0.6446 0.0584 -0.7623
vn -0.8336 0.0756 -0.5472
vn -0.9544 0.0865 -0.2858
vn -0.9959 0.0903 0.0000
vn -0.9544 0.0865 0.2858
vn -0.8336 0.0756 0.5472
vn -0.6446 0.0584 0.7623
vn -0.4039 0.0366 0.9141
vn -0.1316 0.0119 0.9912
vn 0.1503 -0.0136 0.9885
vn 0.4197 -0.0381 0.9069
vn 0.6556 -0.0594 0.7528
vn 0.8393 -0.0761 0.5384
vn 0.9559 -0.0867 0.2806
vn 0.9154 -0.2886 -0.2806
vn 0.9537 -0.3007 -0.0000
vn 0.8037 -0.2534 -0.5384
vn 0.6278 -0.1979 -0.7528
vn 0.4020 -0.1267 -0.9068
vn 0.1441 -0.0454 -0.9885
vn -0.1258 0.0397 -0.9913
vn -0.3866 0.1219 -0.9142
vn -0.6171 0.1945 -0.7624
vn -0.7982 0.2516 -0.5473
vn -0.9139 0.2881 -0.2859
vn -0.9537 0.3007 0.0000
vn -0.9139 0.2881 0.2859
vn -0.7982 0.2516 0.5473
vn -0.6171 0.1945 0.7625
vn -0.3865 0.1219 0.9142
vn -0.1258 0.0397 0.9913
vn 0.1441 -0.0454 0.9885
vn 0.4020 -0.1267 0.9068
vn 0.6278 -0.1979 0.7528
vn 0.8037 -0.2534 0.5384
vn 0.9154 -0.2886 0.2806
vn 0.8306 -0.4810 -0.2806
vn 0.8654 -0.5011 -0.0000
vn 0.7293 -0.4223 -0.5384
vn 0.5697 -0.3299 -0.7527
vn 0.3649 -0.2113 -0.9068
vn 0.1309 -0.0758 -0.9885
vn -0.1139 0.0660 -0.9913
vn -0.3505 0.2029 -0.9143
vn -0.5597 0.3241 -0.7627
vn -0.7241 0.4193 -0.5476
vn -0.8292 0.4801 -0.2861
vn -0.8654 0.5011 0.0000
vn -0.8292 0.4801 0.2861
vn -0.7241 0.4193 0.5476
vn -0.5597 0.3241 0.7627
vn -0.3505 0.2029 0.9143
vn -0.1139 0.0660 0.9913
vn 0.1309 -0.0758 0.9885
vn 0.3649 -0.2113 0.9068
vn 0.5697 -0.3299 0.7527
vn 0.7293 -0.4223 0.5384
vn 0.8306 -0.4810 0.2806
vn 0.7039 -0.6525 -0.2806
vn 0.7334 -0.6798 -0.0000
vn 0.6180 -0.5729 -0.5384
vn 0.4828 -0.4475 -0.7527
vn 0.3092 -0.2866 -0.9068
vn 0.1110 -0.1029 -0.9885
vn -0.0965 0.0895 -0.9913
vn -0.2970 0.2753 -0.9143
vn -0.4743 0.4397 -0.7627
vn -0.6137 0.5688 -0.5476
vn -0.7027 0.6514 -0.2861
vn -0.7334 0.6798 0.0000
vn -0.7027 0.6514 0.2861
vn -0.6137 0.5688 0.5476
vn -0.4743 0.4397 0.7627
vn -0.2970 0.2753 0.9143
vn -0.0965 0.0895 0.9913
vn 0.1110 -0.1029 0.9885
vn 0.3092 -0.2866 0.9068
vn 0.4828 -0.4475 0.7527
vn 0.6180 -0.5729 0.5384
vn 0.7039 -0.6525 0.2806
vn 0.5425 -0.7918 -0.2806
vn 0.5652 -0.8250 -0.0000
vn 0.4763 -0.6952 -0.5384
vn 0.3721 -0.5431 -0.7527
vn 0.2383 -0.3478 -0.9068
vn 0.0855 -0.1248 -0.9885
vn -0.0744 0.1086 -0.9913
vn -0.2289 0.3341 -0.9143
vn -0.3655 0.5336 -0.7627
vn -0.4729 0.6903 -0.5476
vn -0.5415 0.7905 -0.2861
vn -0.5652 0.8250 0.0000
vn -0.5415 0.7905 0.2861
vn -0.4729 0.6903 0.5476
vn -0.3655 0.5336 0.7627
vn -0.2289 0.3341 0.9143
vn -0.0744 0.1086 0.9913
vn 0.0855 -0.1248 0.9885
vn 0.2383 -0.3478 0.9068
vn 0.3721 -0.5431 0.7527
vn 0.4763 -0.6952 0.5384
vn 0.5425 -0.7918 0.2806
vn 0.4099 -0.8677 -0.2813
vn 0.4265 -0.9045 0.0001
vn 0.3607 -0.7606 -0.5398
vn 0.2825 -0.5922 -0.7546
vn 0.1809 -0.3765 -0.9086
vn 0.0634 -0.1308 -0.9894
vn -0.0611 0.1249 -0.9903
vn -0.1827 0.3699 -0.9109
vn -0.2912 0.5845 -0.7574
vn -0.3768 0.7511 -0.5421
vn -0.4314 0.8568 -0.2827
vn -0.4498 0.8931 -0.0002
vn -0.4304 0.8573 0.2823
vn -0.3752 0.7520 0.5420
vn -0.2895 0.5851 0.7575
vn -0.1814 0.3702 0.9111
vn -0.0605 0.1247 0.9903
vn 0.0632 -0.1312 0.9893
vn 0.1801 -0.3770 0.9086
vn 0.2814 -0.5927 0.7547
vn 0.3597 -0.7610 0.5399
vn 0.4093 -0.8679 0.2815
vn 0.3630 -0.8896 -0.2774
vn 0.3784 -0.9257 -0.0000
vn 0.3189 -0.7830 -0.5341
vn 0.2494 -0.6127 -0.7500
vn 0.1593 -0.3910 -0.9065
vn 0.0556 -0.1355 -0.9892
vn -0.0536 0.1319 -0.9898
vn -0.1593 0.3875 -0.9080
vn -0.2526 0.6093 -0.7517
vn -0.3258 0.7792 -0.5354
vn -0.3726 0.8853 -0.2781
vn -0.3892 0.9212 -0.0002
vn -0.3741 0.8848 0.2777
vn -0.3282 0.7785 0.5350
vn -0.2552 0.6085 0.7514
vn -0.1611 0.3870 0.9079
vn -0.0542 0.1316 0.9898
vn 0.0563 -0.1355 0.9892
vn 0.1611 -0.3906 0.9063
vn 0.2515 -0.6121 0.7497
vn 0.3208 -0.7823 0.5339
vn 0.3641 -0.8891 0.2773
vn 0.3325 -0.9000 -0.2820
vn 0.3466 -0.9380 -0.0001
vn 0.2910 -0.7892 -0.5408
vn 0.2258 -0.6148 -0.7557
vn 0.1429 -0.3908 -0.9093
vn 0.0493 -0.1352 -0.9896
vn -0.0472 0.1316 -0.9902
vn -0.1389 0.3885 -0.9109
vn -0.2187 0.6147 -0.7579
vn -0.2805 0.7916 -0.5429
vn -0.3195 0.9043 -0.2832
vn -0.3328 0.9430 0.0001
vn -0.3192 0.9044 0.2833
vn -0.2798 0.7918 0.5430
vn -0.2180 0.6149 0.7579
vn -0.1383 0.3887 0.9109
vn -0.0470 0.1319 0.9902
vn 0.0489 -0.1351 0.9896
vn 0.1421 -0.3909 0.9094
vn 0.2249 -0.6151 0.7557
vn 0.2901 -0.7896 0.5408
vn 0.3320 -0.9002 0.2818
vn 0.2676 -0.9215 -0.2816
vn 0.2789 -0.9603 -0.0000
vn 0.2345 -0.8081 -0.5403
vn 0.1826 -0.6298 -0.7550
vn 0.1161 -0.4009 -0.9088
vn 0.0403 -0.1398 -0.9894
vn -0.0387 0.1326 -0.9904
vn -0.1146 0.3948 -0.9116
vn -0.1814 0.6256 -0.7588
vn -0.2336 0.8061 -0.5437
vn -0.2669 0.9210 -0.2837
vn -0.2783 0.9605 0.0000
vn -0.2669 0.9210 0.2837
vn -0.2336 0.8061 0.5437
vn -0.1814 0.6256 0.7588
vn -0.1146 0.3948 0.9116
vn -0.0387 0.1326 0.9904
vn 0.0403 -0.1398 0.9894
vn 0.1161 -0.4009 0.9088
vn 0.1826 -0.6298 0.7550
vn 0.2345 -0.8081 0.5403
vn 0.2676 -0.9215 0.2816
vn 0.1224 -0.9520 -0.2805
vn 0.1276 -0.9918 -0.0000
vn 0.1075 -0.8359 -0.5383
vn 0.0839 -0.6530 -0.7527
vn 0.0537 -0.4183 -0.9067
vn 0.0193 -0.1502 -0.9885
vn -0.0168 0.1304 -0.9913
vn -0.0516 0.4016 -0.9144
vn -0.0823 0.6414 -0.7627
vn -0.1065 0.8299 -0.5476
vn -0.1219 0.9504 -0.2861
vn -0.1273 0.9919 0.0000
vn -0.1220 0.9504 0.2861
vn -0.1065 0.8299 0.5476
vn -0.0824 0.6414 0.7627
vn -0.0516 0.4016 0.9144
vn -0.0168 0.1304 0.9913
vn 0.0193 -0.1502 0.9885
vn 0.0538 -0.4183 0.9067
vn 0.0840 -0.6530 0.7527
vn 0.1075 -0.8359 0.5383
vn 0.1224 -0.9520 0.2805
vn 0.0146 -0.9594 -0.2818
vn 0.0152 -0.9999 -0.0000
vn 0.0128 -0.8411 -0.5408
vn 0.0099 -0.6546 -0.7559
vn 0.0063 -0.4151 -0.9097
vn 0.0021 -0.1420 -0.9899
vn -0.0021 0.1426 -0.9898
vn -0.0062 0.4156 -0.9095
vn -0.0097 0.6550 -0.7556
vn -0.0124 0.8413 -0.5405
vn -0.0141 0.9594 -0.2816
vn -0.0147 0.9999 0.0000
vn -0.0141 0.9594 0.2816
vn -0.0124 0.8413 0.5405
vn -0.0097 0.6550 0.7556
vn -0.0061 0.4157 0.9095
vn -0.0021 0.1426 0.9898
vn 0.0021 -0.1420 0.9899
vn 0.0062 -0.4151 0.9097
vn 0.0099 -0.6546 0.7559
vn 0.0127 -0.8411 0.5408
vn 0.0146 -0.9594 0.2818
vn -0.9999 -0.0138 0.0000
vn -0.9999 -0.0138 -0.0000
vn -0.9998 -0.0185 -0.0000
vn -0.9998 -0.0185 0.0000
v 0.060973 0.019311 -0.006287
v 0.061425 0.019311 0
v 0.060412 0.012016 0
v 0.05997 0.012016 -0.006143
v 0.059636 0.019311 -0.012448
v 0.058663 0.012016 -0.012162
v 0.060196 0.028276 -0.012612
v 0.061551 0.028276 -0.006371
v 0.062009 0.028276 0
v 0.057431 0.019311 -0.018353
v 0.056509 0.012016 -0.017932
v 0.054412 0.019311 -0.023887
v 0.053559 0.012016 -0.023339
v 0.054903 0.028276 -0.024202
v 0.057961 0.028276 -0.018595
v 0.050632 0.019311 -0.028932
v 0.049866 0.012016 -0.028268
v 0.046176 0.019311 -0.033391
v 0.045513 0.012016 -0.032625
v 0.046558 0.028276 -0.033832
v 0.051073 0.028276 -0.029314
v 0.041129 0.019311 -0.037167
v 0.040581 0.012016 -0.036314
v 0.035597 0.019311 -0.04019
v 0.035176 0.012016 -0.039268
v 0.03584 0.028276 -0.04072
v 0.041444 0.028276 -0.037657
v 0.02969 0.019311 -0.04239
v 0.029404 0.012016 -0.041418
v 0.023531 0.019311 -0.043733
v 0.023387 0.012016 -0.042729
v 0.023614 0.028276 -0.04431
v 0.029854 0.028276 -0.04295
v 0.017243 0.019311 -0.04418
v 0.017243 0.012016 -0.043166
v 0.010956 0.019311 -0.043733
v 0.0111 0.012016 -0.042729
v 0.010872 0.028276 -0.04431
v 0.017243 0.028276 -0.044763
v 0.004796 0.019311 -0.04239
v 0.005082 0.012016 -0.041418
v -0.001111 0.019311 -0.04019
v -0.00069 0.012016 -0.039268
v -0.001353 0.028276 -0.04072
v 0.004632 0.028276 -0.04295
v -0.006642 0.019311 -0.037167
v -0.006094 0.012016 -0.036314
v -0.01169 0.019311 -0.033391
v -0.011026 0.012016 -0.032625
v -0.012072 0.028276 -0.033832
v -0.006958 0.028276 -0.037657
v -0.016146 0.019311 -0.028932
v -0.01538 0.012016 -0.028268
v -0.019925 0.019311 -0.023887
v -0.019073 0.012016 -0.023339
v -0.020416 0.028276 -0.024202
v -0.016587 0.028276 -0.029314
v -0.022944 0.019311 -0.018353
v -0.022022 0.012016 -0.017932
v -0.025149 0.019311 -0.012448
v -0.024177 0.012016 -0.012162
v -0.025709 0.028276 -0.012612
v -0.023475 0.028276 -0.018595
v -0.026487 0.019311 -0.006287
v -0.025484 0.012016 -0.006143
v -0.026939 0.019311 0
v -0.025926 0.012016 0
v -0.027523 0.028276 0
v -0.027065 0.028276 -0.006371
v -0.026487 0.019311 0.006287
v -0.025484 0.012016 0.006143
v -0.025149 0.019311 0.012448
v -0.024177 0.012016 0.012162
v -0.025709 0.028276 0.012612
v -0.027065 0.028276 0.006371
v -0.022944 0.019311 0.018353
v -0.022022 0.012016 0.017932
v -0.019925 0.019311 0.023887
v -0.019073 0.012016 0.023339
v -0.020416 0.028276 0.024202
v -0.023475 0.028276 0.018595
v -0.016146 0.019311 0.028932
v -0.01538 0.012016 0.028268
v -0.01169 0.019311 0.033391
v -0.011026 0.012016 0.032625
v -0.012072 0.028276 0.033832
v -0.016587 0.028276 0.029314
v -0.006642 0.019311 0.037167
v -0.006094 0.012016 0.036314
v -0.001111 0.019311 0.04019
v -0.00069 0.012016 0.039268
v -0.001353 0.028276 0.04072
v -0.006958 0.028276 0.037657
v 0.004796 0.019311 0.04239
v 0.005082 0.012016 0.041418
v 0.010956 0.019311 0.043733
v 0.0111 0.012016 0.042729
v 0.010872 0.028276 0.04431
v 0.004632 0.028276 0.04295
v 0.017243 0.019311 0.04418
v 0.017243 0.012016 0.043166
v 0.023531 0.019311 0.043733
v 0.023387 0.012016 0.042729
v 0.023614 0.028276 0.04431
v 0.017243 0.028276 0.044763
v 0.02969 0.019311 0.04239
v 0.029404 0.012016 0.041418
v 0.035597 0.019311 0.04019
v 0.035176 0.012016 0.039268
v 0.03584 0.028276 0.04072
v 0.029854 0.028276 0.04295
v 0.041129 0.019311 0.037167
v 0.040581 0.012016 0.036314
v 0.046176 0.019311 0.033391
v 0.045513 0.012016 0.032625
v 0.046558 0.028276 0.033832
v 0.041444 0.028276 0.037657
v 0.050632 0.019311 0.028932
v 0.049866 0.012016 0.028268
v 0.054412 0.019311 0.023887
v 0.053559 0.012016 0.023339
v 0.054903 0.028276 0.024202
v 0.051073 0.028276 0.029314
v 0.05743 0.019311 0.018353
v 0.056509 0.012016 0.017932
v 0.059636 0.019311 0.012448
v 0.058663 0.012016 0.012162
v 0.060196 0.028276 0.012612
v 0.057961 0.028276 0.018595
v 0.060973 0.019311 0.006287
v 0.05997 0.012016 0.006143
v 0.061551 0.028276 0.006371
v 0.061743 0.037242 -0.006398
v 0.062203 0.037242 0
v 0.060382 0.037242 -0.012667
v 0.060382 0.046208 -0.012667
v 0.061743 0.046208 -0.006398
v 0.062203 0.046208 0
v 0.058138 0.037242 -0.018676
v 0.055066 0.037242 -0.024307
v 0.055066 0.046208 -0.024307
v 0.058138 0.046208 -0.018676
v 0.05122 0.037242 -0.029441
v 0.046686 0.037242 -0.033979
v 0.046686 0.046208 -0.033979
v 0.05122 0.046208 -0.029441
v 0.041549 0.037242 -0.037821
v 0.03592 0.037242 -0.040897
v 0.03592 0.046208 -0.040897
v 0.041549 0.046208 -0.037821
v 0.029909 0.037242 -0.043137
v 0.023642 0.037242 -0.044503
v 0.023642 0.046208 -0.044503
v 0.029909 0.046208 -0.043137
v 0.017243 0.037242 -0.044958
v 0.010845 0.037242 -0.044503
v 0.010845 0.046208 -0.044503
v 0.017243 0.046208 -0.044958
v 0.004577 0.037242 -0.043137
v -0.001434 0.037242 -0.040897
v -0.001434 0.046208 -0.040897
v 0.004577 0.046208 -0.043137
v -0.007063 0.037242 -0.037821
v -0.0122 0.037242 -0.033979
v -0.0122 0.046208 -0.033979
v -0.007063 0.046208 -0.037821
v -0.016734 0.037242 -0.029441
v -0.02058 0.037242 -0.024307
v -0.02058 0.046208 -0.024307
v -0.016734 0.046208 -0.029441
v -0.023652 0.037242 -0.018676
v -0.025896 0.037242 -0.012667
v -0.025896 0.046208 -0.012667
v -0.023652 0.046208 -0.018676
v -0.027257 0.037242 -0.006398
v -0.027717 0.037242 0
v -0.027717 0.046208 0
v -0.027257 0.046208 -0.006398
v -0.027257 0.037242 0.006398
v -0.025896 0.037242 0.012667
v -0.025896 0.046208 0.012667
v -0.027257 0.046208 0.006398
v -0.023652 0.037242 0.018676
v -0.02058 0.037242 0.024307
v -0.02058 0.046208 0.024307
v -0.023652 0.046208 0.018676
v -0.016734 0.037242 0.029441
v -0.0122 0.037242 0.033979
v -0.0122 0.046208 0.033979
v -0.016734 0.046208 0.029441
v -0.007063 0.037242 0.037821
v -0.001434 0.037242 0.040897
v -0.001434 0.046208 0.040897
v -0.007063 0.046208 0.037821
v 0.004577 0.037242 0.043137
v 0.010845 0.037242 0.044503
v 0.010845 0.046208 0.044503
v 0.004577 0.046208 0.043137
v 0.017243 0.037242 0.044958
v 0.023642 0.037242 0.044503
v 0.023642 0.046208 0.044503
v 0.017243 0.046208 0.044958
v 0.029909 0.037242 0.043137
v 0.03592 0.037242 0.040897
v 0.03592 0.046208 0.040897
v 0.029909 0.046208 0.043137
v 0.041549 0.037242 0.037821
v 0.046686 0.037242 0.033979
v 0.046686 0.046208 0.033979
v 0.041549 0.046208 0.037821
v 0.05122 0.037242 0.029441
v 0.055066 0.037242 0.024307
v 0.055066 0.046208 0.024307
v 0.05122 0.046208 0.029441
v 0.058138 0.037242 0.018676
v 0.060382 0.037242 0.012667
v 0.060382 0.046208 0.012667
v 0.058138 0.046208 0.018676
v 0.061743 0.037242 0.006398
v 0.061743 0.046208 0.006398
v 0.061743 0.055173 -0.006398
v 0.062203 0.055173 0
v 0.060382 0.055173 -0.012667
v 0.060382 0.064139 -0.012667
v 0.061743 0.064139 -0.006398
v 0.062203 0.064139 0
v 0.058138 0.055173 -0.018676
v 0.055066 0.055173 -0.024307
v 0.055066 0.064139 -0.024307
v 0.058138 0.064139 -0.018676
v 0.05122 0.055173 -0.029441
v 0.046686 0.055173 -0.033979
v 0.046686 0.064139 -0.033979
v 0.05122 0.064139 -0.029441
v 0.041549 0.055173 -0.037821
v 0.03592 0.055173 -0.040897
v 0.03592 0.064139 -0.040897
v 0.041549 0.064139 -0.037821
v 0.029909 0.055173 -0.043137
v 0.023642 0.055173 -0.044503
v 0.023642 0.064139 -0.044503
v 0.029909 0.064139 -0.043137
v 0.017243 0.055173 -0.044958
v 0.010845 0.055173 -0.044503
v 0.010845 0.064139 -0.044503
v 0.017243 0.064139 -0.044958
v 0.004577 0.055173 -0.043137
v -0.001434 0.055173 -0.040897
v -0.001434 0.064139 -0.040897
v 0.004577 0.064139 -0.043137
v -0.007063 0.055173 -0.037821
v -0.0122 0.055173 -0.033979
v -0.0122 0.064139 -0.033979
v -0.007063 0.064139 -0.037821
v -0.016734 0.055173 -0.029441
v -0.02058 0.055173 -0.024307
v -0.02058 0.064139 -0.024307
v -0.016734 0.064139 -0.029441
v -0.023652 0.055173 -0.018676
v -0.025896 0.055173 -0.012667
v -0.025896 0.064139 -0.012667
v -0.023652 0.064139 -0.018676
v -0.027257 0.055173 -0.006398
v -0.027717 0.055173 0
v -0.027717 0.064139 0
v -0.027257 0.064139 -0.006398
v -0.027257 0.055173 0.006398
v -0.025896 0.055173 0.012667
v -0.025896 0.064139 0.012667
v -0.027257 0.064139 0.006398
v -0.023652 0.055173 0.018676
v -0.02058 0.055173 0.024307
v -0.02058 0.064139 0.024307
v -0.023652 0.064139 0.018676
v -0.016734 0.055173 0.029441
v -0.0122 0.055173 0.033979
v -0.0122 0.064139 0.033979
v -0.016734 0.064139 0.029441
v -0.007063 0.055173 0.037821
v -0.001434 0.055173 0.040897
v -0.001434 0.064139 0.040897
v -0.007063 0.064139 0.037821
v 0.004577 0.055173 0.043137
v 0.010845 0.055173 0.044503
v 0.010845 0.064139 0.044503
v 0.004577 0.064139 0.043137
v 0.017243 0.055173 0.044958
v 0.023642 0.055173 0.044503
v 0.023642 0.064139 0.044503
v 0.017243 0.064139 0.044958
v 0.029909 0.055173 0.043137
v 0.03592 0.055173 0.040897
v 0.03592 0.064139 0.040897
v 0.029909 0.064139 0.043137
v 0.041549 0.055173 0.037821
v 0.046686 0.055173 0.033979
v 0.046686 0.064139 0.033979
v 0.041549 0.064139 0.037821
v 0.05122 0.055173 0.029441
v 0.055066 0.055173 0.024307
v 0.055066 0.064139 0.024307
v 0.05122 0.064139 0.029441
v 0.058138 0.055173 0.018676
v 0.060382 0.055173 0.012667
v 0.060382 0.064139 0.012667
v 0.058138 0.064139 0.018676
v 0.061743 0.055173 0.006398
v 0.061743 0.064139 0.006398
v 0.061743 0.073105 -0.006398
v 0.062203 0.073105 0
v 0.060382 0.073105 -0.012667
v 0.060196 0.08207 -0.012612
v 0.061551 0.08207 -0.006371
v 0.062009 0.08207 0
v 0.058138 0.073105 -0.018676
v 0.055066 0.073105 -0.024307
v 0.054903 0.08207 -0.024202
v 0.057961 0.08207 -0.018595
v 0.05122 0.073105 -0.029441
v 0.046686 0.073105 -0.033979
v 0.046558 0.08207 -0.033832
v 0.051073 0.08207 -0.029314
v 0.041549 0.073105 -0.037821
v 0.03592 0.073105 -0.040897
v 0.03584 0.08207 -0.04072
v 0.041444 0.08207 -0.037657
v 0.029909 0.073105 -0.043137
v 0.023642 0.073105 -0.044503
v 0.023614 0.08207 -0.04431
v 0.029854 0.08207 -0.04295
v 0.017243 0.073105 -0.044958
v 0.010845 0.073105 -0.044503
v 0.010872 0.08207 -0.04431
v 0.017243 0.08207 -0.044763
v 0.004577 0.073105 -0.043137
v -0.001434 0.073105 -0.040897
v -0.001353 0.08207 -0.04072
v 0.004632 0.08207 -0.04295
v -0.007063 0.073105 -0.037821
v -0.0122 0.073105 -0.033979
v -0.012072 0.08207 -0.033832
v -0.006958 0.08207 -0.037657
v -0.016734 0.073105 -0.029441
v -0.02058 0.073105 -0.024307
v -0.020416 0.08207 -0.024202
v -0.016587 0.08207 -0.029314
v -0.023652 0.073105 -0.018676
v -0.025896 0.073105 -0.012667
v -0.025709 0.08207 -0.012612
v -0.023475 0.08207 -0.018595
v -0.027257 0.073105 -0.006398
v -0.027717 0.073105 0
v -0.027523 0.08207 0
v -0.027065 0.08207 -0.006371
v -0.027257 0.073105 0.006398
v -0.025896 0.073105 0.012667
v -0.025709 0.08207 0.012612
v -0.027065 0.08207 0.006371
v -0.023652 0.073105 0.018676
v -0.02058 0.073105 0.024307
v -0.020416 0.08207 0.024202
v -0.023475 0.08207 0.018595
v -0.016734 0.073105 0.029441
v -0.0122 0.073105 0.033979
v -0.012072 0.08207 0.033832
v -0.016587 0.08207 0.029314
v -0.007063 0.073105 0.037821
v -0.001434 0.073105 0.040897
v -0.001353 0.08207 0.04072
v -0.006958 0.08207 0.037657
v 0.004577 0.073105 0.043137
v 0.010845 0.073105 0.044503
v 0.010872 0.08207 0.04431
v 0.004632 0.08207 0.04295
v 0.017243 0.073105 0.044958
v 0.023642 0.073105 0.044503
v 0.023614 0.08207 0.04431
v 0.017243 0.08207 0.044763
v 0.029909 0.073105 0.043137
v 0.03592 0.073105 0.040897
v 0.03584 0.08207 0.04072
v 0.029854 0.08207 0.04295
v 0.041549 0.073105 0.037821
v 0.046686 0.073105 0.033979
v 0.046558 0.08207 0.033832
v 0.041444 0.08207 0.037657
v 0.05122 0.073105 0.029441
v 0.055066 0.073105 0.024307
v 0.054903 0.08207 0.024202
v 0.051073 0.08207 0.029314
v 0.058138 0.073105 0.018676
v 0.060382 0.073105 0.012667
v 0.060196 0.08207 0.012612
v 0.057961 0.08207 0.018595
v 0.061743 0.073105 0.006398
v 0.061551 0.08207 0.006371
v 0.060973 0.091036 -0.006287
v 0.061425 0.091036 0
v 0.059636 0.091036 -0.012448
v 0.058663 0.09776 -0.012162
v 0.05997 0.09776 -0.006143
v 0.060412 0.09776 0
v 0.057431 0.091036 -0.018353
v 0.054412 0.091036 -0.023887
v 0.053559 0.09776 -0.023339
v 0.056509 0.09776 -0.017932
v 0.050632 0.091036 -0.028932
v 0.046176 0.091036 -0.033391
v 0.045513 0.09776 -0.032625
v 0.049866 0.09776 -0.028268
v 0.041129 0.091036 -0.037167
v 0.035597 0.091036 -0.04019
v 0.035176 0.09776 -0.039268
v 0.040581 0.09776 -0.036314
v 0.02969 0.091036 -0.04239
v 0.023531 0.091036 -0.043733
v 0.023387 0.09776 -0.042729
v 0.029404 0.09776 -0.041418
v 0.017243 0.091036 -0.04418
v 0.010956 0.091036 -0.043733
v 0.0111 0.09776 -0.042729
v 0.017243 0.09776 -0.043166
v 0.004796 0.091036 -0.04239
v -0.001111 0.091036 -0.04019
v -0.00069 0.09776 -0.039268
v 0.005082 0.09776 -0.041418
v -0.006642 0.091036 -0.037167
v -0.01169 0.091036 -0.033391
v -0.011026 0.09776 -0.032625
v -0.006094 0.09776 -0.036314
v -0.016146 0.091036 -0.028932
v -0.019925 0.091036 -0.023887
v -0.019073 0.09776 -0.023339
v -0.01538 0.09776 -0.028268
v -0.022944 0.091036 -0.018353
v -0.025149 0.091036 -0.012448
v -0.024177 0.09776 -0.012162
v -0.022022 0.09776 -0.017932
v -0.026487 0.091036 -0.006287
v -0.026939 0.091036 0
v -0.025926 0.09776 0
v -0.025484 0.09776 -0.006143
v -0.026487 0.091036 0.006287
v -0.025149 0.091036 0.012448
v -0.024177 0.09776 0.012162
v -0.025484 0.09776 0.006143
v -0.022944 0.091036 0.018353
v -0.019925 0.091036 0.023887
v -0.019073 0.09776 0.023339
v -0.022022 0.09776 0.017932
v -0.016146 0.091036 0.028932
v -0.01169 0.091036 0.033391
v -0.011026 0.09776 0.032625
v -0.01538 0.09776 0.028268
v -0.006642 0.091036 0.037167
v -0.001111 0.091036 0.04019
v -0.00069 0.09776 0.039268
v -0.006094 0.09776 0.036314
v 0.004796 0.091036 0.04239
v 0.010956 0.091036 0.043733
v 0.0111 0.09776 0.042729
v 0.005082 0.09776 0.041418
v 0.017243 0.091036 0.04418
v 0.023531 0.091036 0.043733
v 0.023387 0.09776 0.042729
v 0.017243 0.09776 0.043166
v 0.02969 0.091036 0.04239
v 0.035597 0.091036 0.04019
v 0.035176 0.09776 0.039268
v 0.029404 0.09776 0.041418
v 0.041129 0.091036 0.037167
v 0.046176 0.091036 0.033391
v 0.045513 0.09776 0.032625
v 0.040581 0.09776 0.036314
v 0.050632 0.091036 0.028932
v 0.054412 0.091036 0.023887
v 0.053559 0.09776 0.023339
v 0.049866 0.09776 0.028268
v 0.05743 0.091036 0.018353
v 0.059636 0.091036 0.012448
v 0.058663 0.09776 0.012162
v 0.056509 0.09776 0.017932
v 0.060973 0.091036 0.006287
v 0.05997 0.09776 0.006143
v 0.017243 0 0
v 0.039031 0.000151 0.003133
v 0.042519 0.000268 0.007422
v 0.037266 0.000151 0.009144
v 0.033879 0.000151 0.014415
v 0.039404 0.000268 0.014242
v 0.034494 0.000268 0.019908
v 0.029144 0.000151 0.018518
v 0.023445 0.000151 0.02112
v 0.028186 0.000268 0.023962
v 0.020992 0.000268 0.026074
v 0.017243 0.000151 0.022012
v 0.011042 0.000151 0.02112
v 0.013494 0.000268 0.026074
v 0.0063 0.000268 0.023962
v 0.005343 0.000151 0.018518
v 0.000608 0.000151 0.014415
v -0.000007 0.000268 0.019908
v -0.004918 0.000268 0.014242
v -0.00278 0.000151 0.009144
v -0.004545 0.000151 0.003133
v -0.008032 0.000268 0.007422
v -0.009099 0.000268 0
v -0.004545 0.000151 -0.003133
v -0.00278 0.000151 -0.009144
v -0.008032 0.000268 -0.007422
v -0.004918 0.000268 -0.014242
v 0.000608 0.000151 -0.014415
v 0.005343 0.000151 -0.018518
v -0.000007 0.000268 -0.019908
v 0.0063 0.000268 -0.023962
v 0.011042 0.000151 -0.02112
v 0.017243 0.000151 -0.022012
v 0.013494 0.000268 -0.026074
v 0.020992 0.000268 -0.026074
v 0.023445 0.000151 -0.02112
v 0.029144 0.000151 -0.018518
v 0.028186 0.000268 -0.023962
v 0.034494 0.000268 -0.019908
v 0.033879 0.000151 -0.014415
v 0.037266 0.000151 -0.009144
v 0.039404 0.000268 -0.014242
v 0.042519 0.000268 -0.007422
v 0.039031 0.000151 -0.003133
v 0.043586 0.000268 0
v 0.017243 0.020411 0
v 0.04691 0.03036 0.004266
v 0.052586 0.038098 0
v 0.04691 0.03036 -0.004266
v 0.044507 0.03036 -0.012451
v 0.051154 0.038098 -0.009957
v 0.046975 0.038098 -0.019108
v 0.039895 0.03036 -0.019627
v 0.033447 0.03036 -0.025214
v 0.040388 0.038098 -0.02671
v 0.031925 0.038098 -0.032149
v 0.025687 0.03036 -0.028758
v 0.017243 0.03036 -0.029972
v 0.022273 0.038098 -0.034983
v 0.012214 0.038098 -0.034983
v 0.008799 0.03036 -0.028758
v 0.001039 0.03036 -0.025214
v 0.002561 0.038098 -0.032149
v -0.005901 0.038098 -0.02671
v -0.005408 0.03036 -0.019627
v -0.01002 0.03036 -0.012451
v -0.012489 0.038098 -0.019108
v -0.016668 0.038098 -0.009957
v -0.012424 0.03036 -0.004266
v -0.012424 0.03036 0.004265
v -0.018099 0.038098 0
v -0.016668 0.038098 0.009957
v -0.01002 0.03036 0.012451
v -0.005408 0.03036 0.019627
v -0.012489 0.038098 0.019108
v -0.005901 0.038098 0.02671
v 0.001039 0.03036 0.025214
v 0.008799 0.03036 0.028758
v 0.002561 0.038098 0.032149
v 0.012214 0.038098 0.034983
v 0.017243 0.03036 0.029972
v 0.025687 0.03036 0.028758
v 0.022273 0.038098 0.034983
v 0.031925 0.038098 0.032149
v 0.033447 0.03036 0.025214
v 0.039894 0.03036 0.019627
v 0.040387 0.038098 0.02671
v 0.046975 0.038098 0.019108
v 0.044507 0.03036 0.012451
v 0.051154 0.038098 0.009957
v 0.058501 0.008061 -0.005932
v 0.057239 0.008061 -0.011744
v 0.058928 0.008061 0
v 0.056849 0.005776 0
v 0.056444 0.005776 -0.005636
v 0.055244 0.005776 -0.011158
v 0.058501 0.008061 0.005932
v 0.057239 0.008061 0.011744
v 0.055244 0.005776 0.011158
v 0.056444 0.005776 0.005636
v 0.055159 0.008061 0.017315
v 0.05231 0.008061 0.022536
v 0.050562 0.005776 0.021413
v 0.053268 0.005776 0.016452
v 0.048745 0.008061 0.027296
v 0.044541 0.008061 0.031503
v 0.043179 0.005776 0.029932
v 0.047174 0.005776 0.025935
v 0.039778 0.008061 0.035065
v 0.03456 0.008061 0.037918
v 0.033696 0.005776 0.036027
v 0.038655 0.005776 0.033317
v 0.028986 0.008061 0.039994
v 0.023175 0.008061 0.04126
v 0.02288 0.005776 0.039202
v 0.028401 0.005776 0.037999
v 0.017243 0.008061 0.041682
v 0.011311 0.008061 0.04126
v 0.011607 0.005776 0.039202
v 0.017243 0.005776 0.039604
v 0.0055 0.008061 0.039994
v -0.000073 0.008061 0.037918
v 0.000791 0.005776 0.036027
v 0.006086 0.005776 0.037999
v -0.005292 0.008061 0.035065
v -0.010054 0.008061 0.031503
v -0.008693 0.005776 0.029932
v -0.004168 0.005776 0.033317
v -0.014258 0.008061 0.027296
v -0.017824 0.008061 0.022536
v -0.016075 0.005776 0.021412
v -0.012687 0.005776 0.025935
v -0.020672 0.008061 0.017315
v -0.022753 0.008061 0.011744
v -0.020758 0.005776 0.011158
v -0.018781 0.005776 0.016452
v -0.024015 0.008061 0.005932
v -0.024441 0.008061 0
v -0.022362 0.005776 0
v -0.021957 0.005776 0.005636
v -0.024015 0.008061 -0.005932
v -0.022753 0.008061 -0.011744
v -0.020758 0.005776 -0.011158
v -0.021957 0.005776 -0.005636
v -0.020672 0.008061 -0.017315
v -0.017824 0.008061 -0.022536
v -0.016075 0.005776 -0.021412
v -0.018781 0.005776 -0.016452
v -0.014258 0.008061 -0.027296
v -0.010054 0.008061 -0.031503
v -0.008693 0.005776 -0.029932
v -0.012687 0.005776 -0.025935
v -0.005292 0.008061 -0.035065
v -0.000073 0.008061 -0.037918
v 0.000791 0.005776 -0.036027
v -0.004168 0.005776 -0.033317
v 0.0055 0.008061 -0.039994
v 0.011311 0.008061 -0.04126
v 0.011607 0.005776 -0.039202
v 0.006086 0.005776 -0.037999
v 0.017243 0.008061 -0.041682
v 0.023176 0.008061 -0.04126
v 0.02288 0.005776 -0.039202
v 0.017243 0.005776 -0.039604
v 0.028986 0.008061 -0.039994
v 0.03456 0.008061 -0.037918
v 0.033696 0.005776 -0.036027
v 0.028401 0.005776 -0.037999
v 0.039778 0.008061 -0.035065
v 0.044541 0.008061 -0.031503
v 0.043179 0.005776 -0.029932
v 0.038655 0.005776 -0.033317
v 0.048745 0.008061 -0.027296
v 0.05231 0.008061 -0.022536
v 0.050562 0.005776 -0.021412
v 0.047174 0.005776 -0.025935
v 0.055159 0.008061 -0.017315
v 0.053268 0.005776 -0.016452
v 0.053675 0.003492 -0.005238
v 0.052561 0.003492 -0.01037
v 0.054052 0.003492 0
v 0.05104 0.001628 0
v 0.050694 0.001628 -0.00481
v 0.049671 0.001628 -0.009522
v 0.053675 0.003492 0.005238
v 0.052561 0.003492 0.01037
v 0.049671 0.001628 0.009522
v 0.050694 0.001628 0.00481
v 0.050724 0.003492 0.01529
v 0.048209 0.003492 0.0199
v 0.045675 0.001628 0.018272
v 0.047984 0.001628 0.014039
v 0.04506 0.003492 0.024103
v 0.041348 0.003492 0.027818
v 0.039375 0.001628 0.025542
v 0.042784 0.001628 0.022131
v 0.037143 0.003492 0.030964
v 0.032534 0.003492 0.033482
v 0.031283 0.001628 0.030742
v 0.035514 0.001628 0.02843
v 0.027613 0.003492 0.035316
v 0.022482 0.003492 0.036434
v 0.022053 0.001628 0.033453
v 0.026764 0.001628 0.032426
v 0.017243 0.003492 0.036807
v 0.012005 0.003492 0.036434
v 0.012433 0.001628 0.033453
v 0.017243 0.001628 0.033795
v 0.006873 0.003492 0.035316
v 0.001952 0.003492 0.033482
v 0.003203 0.001628 0.030742
v 0.007722 0.001628 0.032426
v -0.002656 0.003492 0.030964
v -0.006861 0.003492 0.027818
v -0.004889 0.001628 0.025542
v -0.001028 0.001628 0.02843
v -0.010574 0.003492 0.024103
v -0.013722 0.003492 0.0199
v -0.011188 0.001628 0.018272
v -0.008297 0.001628 0.022131
v -0.016238 0.003492 0.01529
v -0.018075 0.003492 0.01037
v -0.015184 0.001628 0.009522
v -0.013498 0.001628 0.014039
v -0.019189 0.003492 0.005238
v -0.019566 0.003492 0
v -0.016553 0.001628 0
v -0.016208 0.001628 0.00481
v -0.019189 0.003492 -0.005238
v -0.018075 0.003492 -0.01037
v -0.015184 0.001628 -0.009522
v -0.016208 0.001628 -0.00481
v -0.016238 0.003492 -0.01529
v -0.013722 0.003492 -0.0199
v -0.011188 0.001628 -0.018272
v -0.013498 0.001628 -0.014039
v -0.010574 0.003492 -0.024103
v -0.006861 0.003492 -0.027818
v -0.004889 0.001628 -0.025542
v -0.008297 0.001628 -0.022131
v -0.002656 0.003492 -0.030964
v 0.001952 0.003492 -0.033482
v 0.003203 0.001628 -0.030742
v -0.001028 0.001628 -0.02843
v 0.006873 0.003492 -0.035316
v 0.012005 0.003492 -0.036434
v 0.012433 0.001628 -0.033453
v 0.007722 0.001628 -0.032426
v 0.017243 0.003492 -0.036807
v 0.022482 0.003492 -0.036434
v 0.022053 0.001628 -0.033453
v 0.017243 0.001628 -0.033795
v 0.027613 0.003492 -0.035316
v 0.032534 0.003492 -0.033482
v 0.031283 0.001628 -0.030742
v 0.026764 0.001628 -0.032426
v 0.037143 0.003492 -0.030964
v 0.041348 0.003492 -0.027818
v 0.039375 0.001628 -0.025542
v 0.035514 0.001628 -0.02843
v 0.04506 0.003492 -0.024103
v 0.048209 0.003492 -0.0199
v 0.045675 0.001628 -0.018272
v 0.042784 0.001628 -0.022131
v 0.050724 0.003492 -0.01529
v 0.047984 0.001628 -0.014039
v 0.047997 0.000604 -0.004422
v 0.047056 0.000604 -0.008754
v 0.048315 0.000604 0
v 0.047997 0.000604 0.004422
v 0.047056 0.000604 0.008754
v 0.045506 0.000604 0.012907
v 0.043382 0.000604 0.016799
v 0.040724 0.000604 0.020347
v 0.037591 0.000604 0.023482
v 0.034041 0.000604 0.026138
v 0.030151 0.000604 0.028264
v 0.025997 0.000604 0.029811
v 0.021665 0.000604 0.030755
v 0.017243 0.000604 0.03107
v 0.012821 0.000604 0.030755
v 0.00849 0.000604 0.029811
v 0.004336 0.000604 0.028264
v 0.000446 0.000604 0.026138
v -0.003104 0.000604 0.023482
v -0.006238 0.000604 0.020347
v -0.008896 0.000604 0.016799
v -0.011019 0.000604 0.012907
v -0.01257 0.000604 0.008754
v -0.013511 0.000604 0.004422
v -0.013829 0.000604 0
v -0.013511 0.000604 -0.004422
v -0.01257 0.000604 -0.008754
v -0.011019 0.000604 -0.012907
v -0.008896 0.000604 -0.016799
v -0.006238 0.000604 -0.020347
v -0.003104 0.000604 -0.023482
v 0.000446 0.000604 -0.026138
v 0.004336 0.000604 -0.028264
v 0.00849 0.000604 -0.029811
v 0.012821 0.000604 -0.030756
v 0.017243 0.000604 -0.03107
v 0.021665 0.000604 -0.030756
v 0.025997 0.000604 -0.029811
v 0.030151 0.000604 -0.028264
v 0.034041 0.000604 -0.026138
v 0.037591 0.000604 -0.023482
v 0.040724 0.000604 -0.020347
v 0.043382 0.000604 -0.016799
v 0.045506 0.000604 -0.012907
v 0.058501 0.100001 -0.005932
v 0.058928 0.100001 0
v 0.057239 0.100001 -0.011744
v 0.056002 0.090052 -0.01138
v 0.057225 0.090052 -0.005748
v 0.057638 0.090052 0
v 0.055159 0.100001 -0.017315
v 0.05231 0.100001 -0.022536
v 0.051225 0.090052 -0.021839
v 0.053986 0.090052 -0.01678
v 0.048745 0.100001 -0.027296
v 0.044541 0.100001 -0.031503
v 0.043696 0.090052 -0.030528
v 0.04777 0.090052 -0.026451
v 0.039778 0.100001 -0.035065
v 0.03456 0.100001 -0.037918
v 0.034024 0.090052 -0.036744
v 0.039081 0.090052 -0.03398
v 0.028986 0.100001 -0.039994
v 0.023176 0.100001 -0.04126
v 0.022992 0.090052 -0.039983
v 0.028623 0.090052 -0.038756
v 0.017243 0.100001 -0.041682
v 0.011311 0.100001 -0.04126
v 0.011494 0.090052 -0.039983
v 0.017243 0.090052 -0.040392
v 0.0055 0.100001 -0.039994
v -0.000073 0.100001 -0.037918
v 0.000463 0.090052 -0.036744
v 0.005863 0.090052 -0.038756
v -0.005292 0.100001 -0.035065
v -0.010054 0.100001 -0.031503
v -0.00921 0.090052 -0.030528
v -0.004595 0.090052 -0.03398
v -0.014258 0.100001 -0.027296
v -0.017824 0.100001 -0.022536
v -0.016739 0.090052 -0.021839
v -0.013283 0.090052 -0.026451
v -0.020672 0.100001 -0.017315
v -0.022753 0.100001 -0.011744
v -0.021515 0.090052 -0.01138
v -0.019499 0.090052 -0.01678
v -0.024015 0.100001 -0.005932
v -0.024441 0.100001 0
v -0.023152 0.090052 0
v -0.022738 0.090052 -0.005748
v -0.024015 0.100001 0.005932
v -0.022753 0.100001 0.011744
v -0.021515 0.090052 0.01138
v -0.022738 0.090052 0.005748
v -0.020672 0.100001 0.017315
v -0.017824 0.100001 0.022536
v -0.016739 0.090052 0.021839
v -0.019499 0.090052 0.01678
v -0.014258 0.100001 0.027296
v -0.010054 0.100001 0.031503
v -0.00921 0.090052 0.030528
v -0.013283 0.090052 0.026451
v -0.005292 0.100001 0.035065
v -0.000073 0.100001 0.037918
v 0.000463 0.090052 0.036744
v -0.004595 0.090052 0.03398
v 0.0055 0.100001 0.039994
v 0.011311 0.100001 0.04126
v 0.011494 0.090052 0.039983
v 0.005863 0.090052 0.038756
v 0.017243 0.100001 0.041682
v 0.023175 0.100001 0.04126
v 0.022992 0.090052 0.039983
v 0.017243 0.090052 0.040392
v 0.028986 0.100001 0.039994
v 0.03456 0.100001 0.037918
v 0.034024 0.090052 0.036744
v 0.028623 0.090052 0.038756
v 0.039778 0.100001 0.035065
v 0.044541 0.100001 0.031503
v 0.043696 0.090052 0.030528
v 0.039081 0.090052 0.03398
v 0.048745 0.100001 0.027296
v 0.05231 0.100001 0.022536
v 0.051225 0.090052 0.021839
v 0.04777 0.090052 0.026451
v 0.055159 0.100001 0.017315
v 0.057239 0.100001 0.011744
v 0.056002 0.090052 0.01138
v 0.053986 0.090052 0.01678
v 0.058501 0.100001 0.005932
v 0.057225 0.090052 0.005748
v 0.056799 0.060206 -0.005687
v 0.057208 0.060206 0
v 0.055589 0.060206 -0.011259
v 0.053595 0.060206 -0.016601
v 0.050864 0.060206 -0.021606
v 0.047445 0.060206 -0.02617
v 0.043415 0.060206 -0.030203
v 0.038849 0.060206 -0.033619
v 0.033845 0.060206 -0.036353
v 0.028502 0.060206 -0.038344
v 0.022931 0.060206 -0.039558
v 0.017243 0.060206 -0.039963
v 0.011556 0.060206 -0.039558
v 0.005984 0.060206 -0.038344
v 0.000641 0.060206 -0.036353
v -0.004362 0.060206 -0.033619
v -0.008928 0.060206 -0.030203
v -0.012958 0.060206 -0.02617
v -0.016377 0.060206 -0.021606
v -0.019108 0.060206 -0.016601
v -0.021103 0.060206 -0.011259
v -0.022313 0.060206 -0.005687
v -0.022721 0.060206 0
v -0.022313 0.060206 0.005687
v -0.021103 0.060206 0.011259
v -0.019108 0.060206 0.016601
v -0.016377 0.060206 0.021606
v -0.012958 0.060206 0.02617
v -0.008928 0.060206 0.030203
v -0.004362 0.060206 0.033619
v 0.000641 0.060206 0.036353
v 0.005984 0.060206 0.038344
v 0.011556 0.060206 0.039558
v 0.017243 0.060206 0.039963
v 0.022931 0.060206 0.039558
v 0.028502 0.060206 0.038344
v 0.033845 0.060206 0.036353
v 0.038849 0.060206 0.033619
v 0.043415 0.060206 0.030203
v 0.047445 0.060206 0.02617
v 0.050864 0.060206 0.021606
v 0.053595 0.060206 0.016601
v 0.055589 0.060206 0.011259
v 0.056799 0.060206 0.005687
vn 0.9871 -0.0743 -0.1419
vn 0.9972 -0.0743 0.0000
vn 0.9831 -0.1829 0.0000
vn 0.9731 -0.1829 -0.1399
vn 0.9568 -0.0743 -0.2810
vn 0.9433 -0.1829 -0.2770
vn 0.9590 -0.0317 -0.2816
vn 0.9893 -0.0317 -0.1422
vn 0.9995 -0.0317 0.0000
vn 0.9071 -0.0743 -0.4143
vn 0.8943 -0.1829 -0.4084
vn 0.8389 -0.0743 -0.5391
vn 0.8271 -0.1829 -0.5315
vn 0.8408 -0.0317 -0.5404
vn 0.9092 -0.0317 -0.4152
vn 0.7537 -0.0743 -0.6531
vn 0.7430 -0.1829 -0.6438
vn 0.6531 -0.0743 -0.7537
vn 0.6438 -0.1829 -0.7430
vn 0.6545 -0.0317 -0.7554
vn 0.7554 -0.0317 -0.6545
vn 0.5391 -0.0743 -0.8389
vn 0.5315 -0.1829 -0.8271
vn 0.4143 -0.0743 -0.9071
vn 0.4084 -0.1829 -0.8943
vn 0.4152 -0.0317 -0.9092
vn 0.5404 -0.0317 -0.8408
vn 0.2810 -0.0743 -0.9568
vn 0.2770 -0.1829 -0.9433
vn 0.1419 -0.0743 -0.9871
vn 0.1399 -0.1829 -0.9731
vn 0.1422 -0.0317 -0.9893
vn 0.2816 -0.0317 -0.9590
vn 0.0000 -0.0743 -0.9972
vn -0.0000 -0.1829 -0.9831
vn -0.1419 -0.0743 -0.9871
vn -0.1399 -0.1829 -0.9731
vn -0.1422 -0.0317 -0.9893
vn 0.0000 -0.0317 -0.9995
vn -0.2810 -0.0743 -0.9568
vn -0.2770 -0.1829 -0.9433
vn -0.4143 -0.0743 -0.9071
vn -0.4084 -0.1829 -0.8943
vn -0.4152 -0.0317 -0.9092
vn -0.2816 -0.0317 -0.9590
vn -0.5391 -0.0743 -0.8389
vn -0.5315 -0.1829 -0.8271
vn -0.6531 -0.0743 -0.7537
vn -0.6438 -0.1829 -0.7430
vn -0.6545 -0.0317 -0.7554
vn -0.5404 -0.0317 -0.8408
vn -0.7537 -0.0743 -0.6531
vn -0.7430 -0.1829 -0.6438
vn -0.8389 -0.0743 -0.5391
vn -0.8271 -0.1829 -0.5315
vn -0.8408 -0.0317 -0.5404
vn -0.7554 -0.0317 -0.6545
vn -0.9071 -0.0743 -0.4143
vn -0.8943 -0.1829 -0.4084
vn -0.9568 -0.0743 -0.2810
vn -0.9433 -0.1829 -0.2770
vn -0.9590 -0.0317 -0.2816
vn -0.9092 -0.0317 -0.4152
vn -0.9871 -0.0743 -0.1419
vn -0.9731 -0.1829 -0.1399
vn -0.9972 -0.0743 -0.0000
vn -0.9831 -0.1829 -0.0000
vn -0.9995 -0.0317 -0.0000
vn -0.9893 -0.0317 -0.1422
vn -0.9871 -0.0743 0.1419
vn -0.9731 -0.1829 0.1399
vn -0.9568 -0.0743 0.2810
vn -0.9433 -0.1829 0.2770
vn -0.9590 -0.0317 0.2816
vn -0.9893 -0.0317 0.1422
vn -0.9071 -0.0743 0.4143
vn -0.8943 -0.1829 0.4084
vn -0.8389 -0.0743 0.5391
vn -0.8271 -0.1829 0.5315
vn -0.8408 -0.0317 0.5404
vn -0.9092 -0.0317 0.4152
vn -0.7537 -0.0743 0.6531
vn -0.7430 -0.1829 0.6438
vn -0.6531 -0.0743 0.7537
vn -0.6438 -0.1829 0.7430
vn -0.6545 -0.0317 0.7554
vn -0.7554 -0.0317 0.6545
vn -0.5391 -0.0743 0.8389
vn -0.5315 -0.1829 0.8271
vn -0.4143 -0.0743 0.9071
vn -0.4084 -0.1829 0.8943
vn -0.4152 -0.0317 0.9092
vn -0.5404 -0.0317 0.8408
vn -0.2810 -0.0743 0.9568
vn -0.2770 -0.1829 0.9433
vn -0.1419 -0.0743 0.9871
vn -0.1399 -0.1829 0.9731
vn -0.1422 -0.0317 0.9893
vn -0.2816 -0.0317 0.9590
vn -0.0000 -0.0743 0.9972
vn -0.0000 -0.1829 0.9831
vn 0.1419 -0.0743 0.9871
vn 0.1399 -0.1829 0.9731
vn 0.1422 -0.0317 0.9893
vn -0.0000 -0.0317 0.9995
vn 0.2810 -0.0743 0.9568
vn 0.2770 -0.1829 0.9433
vn 0.4143 -0.0743 0.9071
vn 0.4084 -0.1829 0.8943
vn 0.4152 -0.0317 0.9092
vn 0.2816 -0.0317 0.9590
vn 0.5391 -0.0743 0.8389
vn 0.5315 -0.1829 0.8271
vn 0.6531 -0.0743 0.7537
vn 0.6438 -0.1829 0.7430
vn 0.6545 -0.0317 0.7554
vn 0.5404 -0.0317 0.8408
vn 0.7537 -0.0743 0.6531
vn 0.7430 -0.1829 0.6438
vn 0.8389 -0.0743 0.5391
vn 0.8271 -0.1829 0.5315
vn 0.8408 -0.0317 0.5404
vn 0.7554 -0.0317 0.6545
vn 0.9071 -0.0743 0.4143
vn 0.8943 -0.1829 0.4084
vn 0.9568 -0.0743 0.2810
vn 0.9433 -0.1829 0.2770
vn 0.9590 -0.0317 0.2816
vn 0.9092 -0.0317 0.4152
vn 0.9871 -0.0743 0.1419
vn 0.9731 -0.1829 0.1399
vn 0.9893 -0.0317 0.1422
vn 0.9898 -0.0079 -0.1423
vn 1.0000 -0.0079 0.0000
vn 0.9595 -0.0079 -0.2817
vn 0.9595 0.0000 -0.2817
vn 0.9898 0.0000 -0.1423
vn 1.0000 0.0000 0.0000
vn 0.9096 -0.0079 -0.4154
vn 0.8412 -0.0079 -0.5406
vn 0.8413 -0.0000 -0.5406
vn 0.9096 0.0000 -0.4154
vn 0.7557 -0.0079 -0.6548
vn 0.6548 -0.0079 -0.7557
vn 0.6549 0.0000 -0.7557
vn 0.7557 -0.0000 -0.6549
vn 0.5406 -0.0079 -0.8412
vn 0.4154 -0.0079 -0.9096
vn 0.4154 -0.0000 -0.9096
vn 0.5406 -0.0000 -0.8413
vn 0.2817 -0.0079 -0.9595
vn 0.1423 -0.0079 -0.9898
vn 0.1423 -0.0000 -0.9898
vn 0.2817 0.0000 -0.9595
vn 0.0000 -0.0079 -1.0000
vn -0.1423 -0.0079 -0.9898
vn -0.1423 0.0000 -0.9898
vn 0.0000 0.0000 -1.0000
vn -0.2817 -0.0079 -0.9595
vn -0.4154 -0.0079 -0.9096
vn -0.4154 -0.0000 -0.9096
vn -0.2817 -0.0000 -0.9595
vn -0.5406 -0.0079 -0.8412
vn -0.6548 -0.0079 -0.7557
vn -0.6549 -0.0000 -0.7557
vn -0.5406 -0.0000 -0.8413
vn -0.7557 -0.0079 -0.6548
vn -0.8412 -0.0079 -0.5406
vn -0.8413 0.0000 -0.5406
vn -0.7557 0.0000 -0.6549
vn -0.9096 -0.0079 -0.4154
vn -0.9595 -0.0079 -0.2817
vn -0.9595 0.0000 -0.2817
vn -0.9096 0.0000 -0.4154
vn -0.9898 -0.0079 -0.1423
vn -1.0000 -0.0079 0.0000
vn -1.0000 -0.0000 -0.0000
vn -0.9898 0.0000 -0.1423
vn -0.9898 -0.0079 0.1423
vn -0.9595 -0.0079 0.2817
vn -0.9595 0.0000 0.2817
vn -0.9898 -0.0000 0.1423
vn -0.9096 -0.0079 0.4154
vn -0.8412 -0.0079 0.5406
vn -0.8413 0.0000 0.5406
vn -0.9096 0.0000 0.4154
vn -0.7557 -0.0079 0.6548
vn -0.6548 -0.0079 0.7557
vn -0.6549 0.0000 0.7557
vn -0.7557 -0.0000 0.6549
vn -0.5406 -0.0079 0.8412
vn -0.4154 -0.0079 0.9096
vn -0.4154 -0.0000 0.9096
vn -0.5406 0.0000 0.8413
vn -0.2817 -0.0079 0.9595
vn -0.1423 -0.0079 0.9898
vn -0.1423 -0.0000 0.9898
vn -0.2817 -0.0000 0.9595
vn -0.0000 -0.0079 1.0000
vn 0.1423 -0.0079 0.9898
vn 0.1423 0.0000 0.9898
vn -0.0000 -0.0000 1.0000
vn 0.2817 -0.0079 0.9595
vn 0.4154 -0.0079 0.9096
vn 0.4154 0.0000 0.9096
vn 0.2817 -0.0000 0.9595
vn 0.5406 -0.0079 0.8412
vn 0.6548 -0.0079 0.7557
vn 0.6549 -0.0000 0.7558
vn 0.5406 -0.0000 0.8413
vn 0.7557 -0.0079 0.6548
vn 0.8412 -0.0079 0.5406
vn 0.8413 0.0000 0.5406
vn 0.7557 -0.0000 0.6549
vn 0.9096 -0.0079 0.4154
vn 0.9595 -0.0079 0.2817
vn 0.9595 -0.0000 0.2817
vn 0.9096 0.0000 0.4154
vn 0.9898 -0.0079 0.1423
vn 0.9898 0.0000 0.1423
vn 0.9898 -0.0000 -0.1423
vn 1.0000 -0.0000 0.0000
vn 0.9096 -0.0000 -0.4154
vn 0.8413 0.0000 -0.5406
vn 0.7557 0.0000 -0.6549
vn 0.5406 0.0000 -0.8413
vn 0.4154 0.0000 -0.9096
vn 0.2817 -0.0000 -0.9595
vn 0.1423 0.0000 -0.9898
vn 0.0000 -0.0000 -1.0000
vn -0.1423 -0.0000 -0.9898
vn -0.2817 0.0000 -0.9595
vn -0.4154 0.0000 -0.9096
vn -0.5406 0.0000 -0.8413
vn -0.6549 0.0000 -0.7557
vn -0.7557 -0.0000 -0.6549
vn -0.9096 -0.0000 -0.4154
vn -0.9595 -0.0000 -0.2817
vn -0.9898 -0.0000 -0.1423
vn -1.0000 0.0000 0.0000
vn -1.0000 -0.0000 0.0000
vn -0.9898 0.0000 0.1423
vn -0.9595 -0.0000 0.2817
vn -0.9096 -0.0000 0.4154
vn -0.8413 -0.0000 0.5406
vn -0.7557 0.0000 0.6549
vn -0.5406 -0.0000 0.8413
vn -0.4154 0.0000 0.9096
vn -0.2817 0.0000 0.9595
vn -0.1423 0.0000 0.9898
vn 0.1423 -0.0000 0.9898
vn -0.0000 0.0000 1.0000
vn 0.2817 0.0000 0.9595
vn 0.4154 -0.0000 0.9096
vn 0.5406 0.0000 0.8413
vn 0.6549 0.0000 0.7558
vn 0.7557 0.0000 0.6549
vn 0.8413 -0.0000 0.5406
vn 0.9096 -0.0000 0.4154
vn 0.9595 0.0000 0.2817
vn 0.9898 -0.0000 0.1423
vn 0.9898 0.0079 -0.1423
vn 1.0000 0.0079 0.0000
vn 0.9595 0.0079 -0.2817
vn 0.9590 0.0317 -0.2816
vn 0.9893 0.0317 -0.1422
vn 0.9995 0.0317 0.0000
vn 0.9096 0.0079 -0.4154
vn 0.8412 0.0079 -0.5406
vn 0.8408 0.0317 -0.5404
vn 0.9092 0.0317 -0.4152
vn 0.7557 0.0079 -0.6548
vn 0.6548 0.0079 -0.7557
vn 0.6545 0.0317 -0.7554
vn 0.7554 0.0317 -0.6545
vn 0.5406 0.0079 -0.8412
vn 0.4154 0.0079 -0.9096
vn 0.4152 0.0317 -0.9092
vn 0.5404 0.0317 -0.8408
vn 0.2817 0.0079 -0.9595
vn 0.1423 0.0079 -0.9898
vn 0.1422 0.0317 -0.9893
vn 0.2816 0.0317 -0.9590
vn 0.0000 0.0079 -1.0000
vn -0.1423 0.0079 -0.9898
vn -0.1422 0.0317 -0.9893
vn 0.0000 0.0317 -0.9995
vn -0.2817 0.0079 -0.9595
vn -0.4154 0.0079 -0.9096
vn -0.4152 0.0317 -0.9092
vn -0.2816 0.0317 -0.9590
vn -0.5406 0.0079 -0.8412
vn -0.6548 0.0079 -0.7557
vn -0.6545 0.0317 -0.7554
vn -0.5404 0.0317 -0.8408
vn -0.7557 0.0079 -0.6548
vn -0.8412 0.0079 -0.5406
vn -0.8408 0.0317 -0.5404
vn -0.7554 0.0317 -0.6545
vn -0.9096 0.0079 -0.4154
vn -0.9595 0.0079 -0.2817
vn -0.9590 0.0317 -0.2816
vn -0.9092 0.0317 -0.4152
vn -0.9898 0.0079 -0.1423
vn -1.0000 0.0079 -0.0000
vn -0.9995 0.0317 -0.0000
vn -0.9893 0.0317 -0.1422
vn -0.9898 0.0079 0.1423
vn -0.9595 0.0079 0.2817
vn -0.9590 0.0317 0.2816
vn -0.9893 0.0317 0.1422
vn -0.9096 0.0079 0.4154
vn -0.8412 0.0079 0.5406
vn -0.8408 0.0317 0.5404
vn -0.9092 0.0317 0.4152
vn -0.7557 0.0079 0.6548
vn -0.6548 0.0079 0.7557
vn -0.6545 0.0317 0.7554
vn -0.7554 0.0317 0.6545
vn -0.5406 0.0079 0.8412
vn -0.4154 0.0079 0.9096
vn -0.4152 0.0317 0.9092
vn -0.5404 0.0317 0.8408
vn -0.2817 0.0079 0.9595
vn -0.1423 0.0079 0.9898
vn -0.1422 0.0317 0.9893
vn -0.2816 0.0317 0.9590
vn -0.0000 0.0079 1.0000
vn 0.1423 0.0079 0.9898
vn 0.1422 0.0317 0.9893
vn -0.0000 0.0317 0.9995
vn 0.2817 0.0079 0.9595
vn 0.4154 0.0079 0.9096
vn 0.4152 0.0317 0.9092
vn 0.2816 0.0317 0.9590
vn 0.5406 0.0079 0.8412
vn 0.6548 0.0079 0.7557
vn 0.6545 0.0317 0.7554
vn 0.5404 0.0317 0.8408
vn 0.7557 0.0079 0.6548
vn 0.8412 0.0079 0.5406
vn 0.8408 0.0317 0.5404
vn 0.7554 0.0317 0.6545
vn 0.9096 0.0079 0.4154
vn 0.9595 0.0079 0.2817
vn 0.9590 0.0317 0.2816
vn 0.9092 0.0317 0.4152
vn 0.9898 0.0079 0.1423
vn 0.9893 0.0317 0.1422
vn 0.9868 0.0785 -0.1419
vn 0.9969 0.0785 0.0000
vn 0.9565 0.0785 -0.2809
vn 0.9226 0.2748 -0.2709
vn 0.9517 0.2748 -0.1368
vn 0.9615 0.2748 0.0000
vn 0.9068 0.0785 -0.4141
vn 0.8387 0.0785 -0.5390
vn 0.8089 0.2748 -0.5198
vn 0.8746 0.2748 -0.3994
vn 0.7534 0.0785 -0.6528
vn 0.6528 0.0785 -0.7534
vn 0.6297 0.2748 -0.7267
vn 0.7267 0.2748 -0.6297
vn 0.5390 0.0785 -0.8387
vn 0.4141 0.0785 -0.9068
vn 0.3994 0.2748 -0.8746
vn 0.5198 0.2748 -0.8089
vn 0.2809 0.0785 -0.9565
vn 0.1419 0.0785 -0.9868
vn 0.1368 0.2748 -0.9517
vn 0.2709 0.2748 -0.9226
vn -0.0000 0.0785 -0.9969
vn -0.1419 0.0785 -0.9868
vn -0.1368 0.2748 -0.9517
vn -0.0000 0.2748 -0.9615
vn -0.2809 0.0785 -0.9565
vn -0.4141 0.0785 -0.9068
vn -0.3994 0.2748 -0.8746
vn -0.2709 0.2748 -0.9226
vn -0.5390 0.0785 -0.8387
vn -0.6528 0.0785 -0.7534
vn -0.6297 0.2748 -0.7267
vn -0.5198 0.2748 -0.8089
vn -0.7534 0.0785 -0.6528
vn -0.8387 0.0785 -0.5390
vn -0.8089 0.2748 -0.5198
vn -0.7267 0.2748 -0.6297
vn -0.9068 0.0785 -0.4141
vn -0.9565 0.0785 -0.2809
vn -0.9226 0.2748 -0.2709
vn -0.8746 0.2748 -0.3994
vn -0.9868 0.0785 -0.1419
vn -0.9969 0.0785 -0.0000
vn -0.9615 0.2748 -0.0000
vn -0.9517 0.2748 -0.1368
vn -0.9868 0.0785 0.1419
vn -0.9565 0.0785 0.2809
vn -0.9226 0.2748 0.2709
vn -0.9517 0.2748 0.1368
vn -0.9068 0.0785 0.4141
vn -0.8387 0.0785 0.5390
vn -0.8089 0.2748 0.5198
vn -0.8746 0.2748 0.3994
vn -0.7534 0.0785 0.6528
vn -0.6528 0.0785 0.7534
vn -0.6297 0.2748 0.7267
vn -0.7267 0.2748 0.6297
vn -0.5390 0.0785 0.8387
vn -0.4141 0.0785 0.9068
vn -0.3994 0.2748 0.8746
vn -0.5198 0.2748 0.8089
vn -0.2809 0.0785 0.9565
vn -0.1419 0.0785 0.9868
vn -0.1368 0.2748 0.9517
vn -0.2709 0.2748 0.9226
vn -0.0000 0.0785 0.9969
vn 0.1419 0.0785 0.9868
vn 0.1368 0.2748 0.9517
vn -0.0000 0.2748 0.9615
vn 0.2809 0.0785 0.9565
vn 0.4141 0.0785 0.9068
vn 0.3994 0.2748 0.8746
vn 0.2709 0.2748 0.9226
vn 0.5390 0.0785 0.8387
vn 0.6528 0.0785 0.7534
vn 0.6297 0.2748 0.7267
vn 0.5198 0.2748 0.8089
vn 0.7534 0.0785 0.6528
vn 0.8387 0.0785 0.5390
vn 0.8089 0.2748 0.5198
vn 0.7267 0.2748 0.6297
vn 0.9068 0.0785 0.4141
vn 0.9565 0.0785 0.2809
vn 0.9226 0.2748 0.2709
vn 0.8746 0.2748 0.3994
vn 0.9868 0.0785 0.1419
vn 0.9517 0.2748 0.1368
vn 0.0000 -1.0000 -0.0000
vn 0.0272 -0.9995 0.0146
vn 0.0617 -0.9972 0.0429
vn 0.0314 -0.9995 0.0010
vn 0.0150 -0.9995 0.0270
vn 0.0505 -0.9969 0.0608
vn 0.0287 -0.9972 0.0695
vn 0.0259 -0.9995 0.0179
vn -0.0020 -0.9995 0.0308
vn 0.0097 -0.9969 0.0784
vn -0.0134 -0.9972 0.0739
vn 0.0121 -0.9995 0.0290
vn -0.0184 -0.9995 0.0249
vn -0.0343 -0.9969 0.0712
vn -0.0513 -0.9972 0.0550
vn -0.0055 -0.9995 0.0310
vn -0.0289 -0.9995 0.0110
vn -0.0673 -0.9969 0.0414
vn -0.0728 -0.9972 0.0185
vn -0.0214 -0.9995 0.0231
vn -0.0302 -0.9995 -0.0064
vn -0.0790 -0.9969 -0.0016
vn -0.0713 -0.9972 -0.0238
vn -0.0305 -0.9995 0.0079
vn -0.0220 -0.9995 -0.0217
vn -0.0656 -0.9969 -0.0441
vn -0.0471 -0.9972 -0.0586
vn -0.0299 -0.9995 -0.0098
vn -0.0068 -0.9995 -0.0302
vn -0.0314 -0.9969 -0.0725
vn -0.0080 -0.9972 -0.0747
vn -0.0198 -0.9995 -0.0244
vn 0.0106 -0.9995 -0.0290
vn 0.0128 -0.9969 -0.0780
vn 0.0337 -0.9972 -0.0672
vn -0.0035 -0.9995 -0.0313
vn 0.0246 -0.9995 -0.0187
vn 0.0529 -0.9969 -0.0587
vn 0.0647 -0.9972 -0.0383
vn 0.0140 -0.9995 -0.0282
vn 0.0308 -0.9995 -0.0024
vn 0.0763 -0.9969 -0.0207
vn 0.0751 -0.9972 0.0027
vn 0.0270 -0.9995 -0.0161
vn 0.0754 -0.9969 0.0238
vn 0.0000 1.0000 -0.0000
vn -0.6790 0.6839 0.2668
vn -0.9486 0.3026 0.0931
vn -0.6788 0.6833 -0.2688
vn -0.4270 0.6839 0.5916
vn -0.9014 0.2417 0.3593
vn -0.7477 0.3026 0.5911
vn -0.7164 0.6833 0.1408
vn -0.0394 0.6839 0.7285
vn -0.5641 0.2417 0.7896
vn -0.3094 0.3026 0.9015
vn -0.5265 0.6833 0.5058
vn 0.3607 0.6839 0.6342
vn -0.0477 0.2417 0.9692
vn 0.2271 0.3026 0.9257
vn -0.1695 0.6833 0.7102
vn 0.6463 0.6839 0.3385
vn 0.4839 0.2417 0.8411
vn 0.6915 0.3026 0.6559
vn 0.2414 0.6833 0.6891
vn 0.7267 0.6839 -0.0647
vn 0.8618 0.2417 0.4460
vn 0.9364 0.3026 0.1779
vn 0.5756 0.6833 0.4492
vn 0.5764 0.6839 -0.4473
vn 0.9661 0.2417 -0.0908
vn 0.8839 0.3026 -0.3565
vn 0.7271 0.6833 0.0667
vn 0.2430 0.6839 -0.6879
vn 0.7637 0.2417 -0.5987
vn 0.5508 0.3026 -0.7778
vn 0.6477 0.6833 -0.3370
vn -0.1675 0.6839 -0.7101
vn 0.3188 0.2417 -0.9165
vn 0.0429 0.3026 -0.9521
vn 0.3627 0.6833 -0.6336
vn -0.5248 0.6839 -0.5068
vn -0.2273 0.2417 -0.9434
vn -0.4787 0.3026 -0.8242
vn -0.0374 0.6833 -0.7292
vn -0.7155 0.6839 -0.1427
vn -0.7013 0.2417 -0.6707
vn -0.8483 0.3026 -0.4345
vn -0.4257 0.6833 -0.5932
vn -0.9525 0.2417 -0.1851
vn 0.9019 -0.4120 -0.1297
vn 0.8743 -0.4120 -0.2567
vn 0.9112 -0.4120 0.0000
vn 0.7919 -0.6106 0.0000
vn 0.7839 -0.6106 -0.1127
vn 0.7598 -0.6106 -0.2231
vn 0.9019 -0.4120 0.1297
vn 0.8743 -0.4120 0.2567
vn 0.7598 -0.6106 0.2231
vn 0.7839 -0.6106 0.1127
vn 0.8288 -0.4120 0.3785
vn 0.7665 -0.4120 0.4926
vn 0.6662 -0.6106 0.4281
vn 0.7203 -0.6106 0.3290
vn 0.6886 -0.4120 0.5967
vn 0.5967 -0.4120 0.6886
vn 0.5186 -0.6106 0.5985
vn 0.5985 -0.6106 0.5186
vn 0.4926 -0.4120 0.7665
vn 0.3785 -0.4120 0.8288
vn 0.3290 -0.6106 0.7203
vn 0.4281 -0.6106 0.6662
vn 0.2567 -0.4120 0.8743
vn 0.1297 -0.4120 0.9019
vn 0.1127 -0.6106 0.7838
vn 0.2231 -0.6106 0.7598
vn -0.0000 -0.4120 0.9112
vn -0.1297 -0.4120 0.9019
vn -0.1127 -0.6106 0.7838
vn -0.0000 -0.6106 0.7919
vn -0.2567 -0.4120 0.8743
vn -0.3785 -0.4120 0.8288
vn -0.3290 -0.6106 0.7203
vn -0.2231 -0.6106 0.7598
vn -0.4926 -0.4120 0.7665
vn -0.5967 -0.4120 0.6886
vn -0.5186 -0.6106 0.5985
vn -0.4281 -0.6106 0.6662
vn -0.6886 -0.4120 0.5967
vn -0.7665 -0.4120 0.4926
vn -0.6662 -0.6106 0.4281
vn -0.5985 -0.6106 0.5186
vn -0.8288 -0.4120 0.3785
vn -0.8743 -0.4120 0.2567
vn -0.7598 -0.6106 0.2231
vn -0.7203 -0.6106 0.3290
vn -0.9019 -0.4120 0.1297
vn -0.9112 -0.4120 -0.0000
vn -0.7919 -0.6106 -0.0000
vn -0.7839 -0.6106 0.1127
vn -0.9019 -0.4120 -0.1297
vn -0.8743 -0.4120 -0.2567
vn -0.7598 -0.6106 -0.2231
vn -0.7839 -0.6106 -0.1127
vn -0.8288 -0.4120 -0.3785
vn -0.7665 -0.4120 -0.4926
vn -0.6662 -0.6106 -0.4281
vn -0.7203 -0.6106 -0.3290
vn -0.6886 -0.4120 -0.5967
vn -0.5967 -0.4120 -0.6886
vn -0.5186 -0.6106 -0.5985
vn -0.5985 -0.6106 -0.5186
vn -0.4926 -0.4120 -0.7665
vn -0.3785 -0.4120 -0.8288
vn -0.3290 -0.6106 -0.7203
vn -0.4281 -0.6106 -0.6662
vn -0.2567 -0.4120 -0.8743
vn -0.1297 -0.4120 -0.9019
vn -0.1127 -0.6106 -0.7838
vn -0.2231 -0.6106 -0.7598
vn -0.0000 -0.4120 -0.9112
vn 0.1297 -0.4120 -0.9019
vn 0.1127 -0.6106 -0.7838
vn -0.0000 -0.6106 -0.7919
vn 0.2567 -0.4120 -0.8743
vn 0.3785 -0.4120 -0.8288
vn 0.3290 -0.6106 -0.7203
vn 0.2231 -0.6106 -0.7598
vn 0.4926 -0.4120 -0.7665
vn 0.5967 -0.4120 -0.6886
vn 0.5186 -0.6106 -0.5985
vn 0.4281 -0.6106 -0.6662
vn 0.6886 -0.4120 -0.5967
vn 0.7665 -0.4120 -0.4926
vn 0.6662 -0.6106 -0.4281
vn 0.5985 -0.6106 -0.5186
vn 0.8288 -0.4120 -0.3785
vn 0.7203 -0.6106 -0.3290
vn 0.6916 -0.7154 -0.0994
vn 0.6704 -0.7154 -0.1968
vn 0.6987 -0.7154 0.0000
vn 0.5585 -0.8295 0.0000
vn 0.5528 -0.8295 -0.0795
vn 0.5359 -0.8295 -0.1574
vn 0.6916 -0.7154 0.0994
vn 0.6704 -0.7154 0.1968
vn 0.5359 -0.8295 0.1574
vn 0.5528 -0.8295 0.0795
vn 0.6355 -0.7154 0.2902
vn 0.5878 -0.7154 0.3777
vn 0.4699 -0.8295 0.3020
vn 0.5080 -0.8295 0.2320
vn 0.5280 -0.7154 0.4575
vn 0.4575 -0.7154 0.5280
vn 0.3658 -0.8295 0.4221
vn 0.4221 -0.8295 0.3658
vn 0.3777 -0.7154 0.5878
vn 0.2902 -0.7154 0.6355
vn 0.2320 -0.8295 0.5081
vn 0.3020 -0.8295 0.4699
vn 0.1968 -0.7154 0.6704
vn 0.0994 -0.7154 0.6916
vn 0.0795 -0.8295 0.5529
vn 0.1574 -0.8295 0.5359
vn -0.0000 -0.7154 0.6987
vn -0.0994 -0.7154 0.6916
vn -0.0795 -0.8295 0.5529
vn -0.0000 -0.8295 0.5585
vn -0.1968 -0.7154 0.6704
vn -0.2902 -0.7154 0.6355
vn -0.2320 -0.8295 0.5081
vn -0.1574 -0.8295 0.5359
vn -0.3777 -0.7154 0.5878
vn -0.4575 -0.7154 0.5280
vn -0.3658 -0.8295 0.4221
vn -0.3020 -0.8295 0.4699
vn -0.5280 -0.7154 0.4575
vn -0.5878 -0.7154 0.3777
vn -0.4699 -0.8295 0.3020
vn -0.4221 -0.8295 0.3658
vn -0.6355 -0.7154 0.2902
vn -0.6704 -0.7154 0.1968
vn -0.5359 -0.8295 0.1574
vn -0.5080 -0.8295 0.2320
vn -0.6916 -0.7154 0.0994
vn -0.6987 -0.7154 -0.0000
vn -0.5585 -0.8295 -0.0000
vn -0.5528 -0.8295 0.0795
vn -0.6916 -0.7154 -0.0994
vn -0.6704 -0.7154 -0.1968
vn -0.5359 -0.8295 -0.1574
vn -0.5528 -0.8295 -0.0795
vn -0.6355 -0.7154 -0.2902
vn -0.5878 -0.7154 -0.3777
vn -0.4699 -0.8295 -0.3020
vn -0.5080 -0.8295 -0.2320
vn -0.5280 -0.7154 -0.4575
vn -0.4575 -0.7154 -0.5280
vn -0.3658 -0.8295 -0.4221
vn -0.4221 -0.8295 -0.3658
vn -0.3777 -0.7154 -0.5878
vn -0.2902 -0.7154 -0.6355
vn -0.2320 -0.8295 -0.5081
vn -0.3020 -0.8295 -0.4699
vn -0.1968 -0.7154 -0.6704
vn -0.0994 -0.7154 -0.6916
vn -0.0795 -0.8295 -0.5529
vn -0.1574 -0.8295 -0.5359
vn -0.0000 -0.7154 -0.6987
vn 0.0994 -0.7154 -0.6916
vn 0.0795 -0.8295 -0.5529
vn 0.0000 -0.8295 -0.5585
vn 0.1968 -0.7154 -0.6704
vn 0.2902 -0.7154 -0.6355
vn 0.2320 -0.8295 -0.5081
vn 0.1574 -0.8295 -0.5359
vn 0.3777 -0.7154 -0.5878
vn 0.4575 -0.7154 -0.5280
vn 0.3658 -0.8295 -0.4221
vn 0.3020 -0.8295 -0.4699
vn 0.5280 -0.7154 -0.4575
vn 0.5878 -0.7154 -0.3777
vn 0.4699 -0.8295 -0.3020
vn 0.4221 -0.8295 -0.3658
vn 0.6355 -0.7154 -0.2902
vn 0.5080 -0.8295 -0.2320
vn 0.2768 -0.9599 -0.0433
vn 0.2741 -0.9587 -0.0763
vn 0.2845 -0.9587 0.0040
vn 0.2778 -0.9599 0.0364
vn 0.2718 -0.9587 0.0839
vn 0.2563 -0.9599 0.1132
vn 0.2372 -0.9587 0.1571
vn 0.2140 -0.9599 0.1809
vn 0.1833 -0.9587 0.2176
vn 0.1544 -0.9599 0.2338
vn 0.1146 -0.9587 0.2604
vn 0.0823 -0.9599 0.2679
vn 0.0366 -0.9587 0.2821
vn 0.0035 -0.9599 0.2802
vn -0.0444 -0.9587 0.2810
vn -0.0756 -0.9599 0.2698
vn -0.1218 -0.9587 0.2571
vn -0.1486 -0.9599 0.2376
vn -0.1893 -0.9587 0.2124
vn -0.2095 -0.9599 0.1861
vn -0.2414 -0.9587 0.1505
vn -0.2534 -0.9599 0.1196
vn -0.2741 -0.9587 0.0763
vn -0.2768 -0.9599 0.0433
vn -0.2845 -0.9587 -0.0040
vn -0.2778 -0.9599 -0.0364
vn -0.2718 -0.9587 -0.0839
vn -0.2563 -0.9599 -0.1132
vn -0.2372 -0.9587 -0.1571
vn -0.2140 -0.9599 -0.1809
vn -0.1833 -0.9587 -0.2176
vn -0.1544 -0.9599 -0.2338
vn -0.1146 -0.9587 -0.2604
vn -0.0823 -0.9599 -0.2679
vn -0.0366 -0.9587 -0.2821
vn -0.0035 -0.9599 -0.2802
vn 0.0444 -0.9587 -0.2810
vn 0.0756 -0.9599 -0.2698
vn 0.1218 -0.9587 -0.2571
vn 0.1486 -0.9599 -0.2376
vn 0.1893 -0.9587 -0.2124
vn 0.2095 -0.9599 -0.1861
vn 0.2414 -0.9587 -0.1505
vn 0.2534 -0.9599 -0.1196
vn -0.1332 0.9909 0.0192
vn -0.1341 0.9910 0.0000
vn -0.1287 0.9910 0.0378
vn -0.9582 0.0526 0.2813
vn -0.9885 0.0526 0.1421
vn -0.9986 0.0526 -0.0000
vn -0.1224 0.9909 0.0559
vn -0.1129 0.9910 0.0725
vn -0.8401 0.0526 0.5399
vn -0.9084 0.0526 0.4148
vn -0.1017 0.9909 0.0881
vn -0.0878 0.9910 0.1014
vn -0.6540 0.0526 0.7547
vn -0.7547 0.0526 0.6540
vn -0.0728 0.9909 0.1132
vn -0.0557 0.9910 0.1220
vn -0.4148 0.0526 0.9084
vn -0.5399 0.0526 0.8401
vn -0.0379 0.9909 0.1291
vn -0.0191 0.9910 0.1328
vn -0.1421 0.0526 0.9884
vn -0.2813 0.0526 0.9582
vn 0.0000 0.9909 0.1346
vn 0.0191 0.9910 0.1328
vn 0.1421 0.0526 0.9884
vn 0.0000 0.0526 0.9986
vn 0.0379 0.9909 0.1291
vn 0.0557 0.9910 0.1220
vn 0.4148 0.0526 0.9084
vn 0.2813 0.0526 0.9582
vn 0.0728 0.9909 0.1132
vn 0.0878 0.9910 0.1014
vn 0.6540 0.0526 0.7547
vn 0.5399 0.0526 0.8401
vn 0.1017 0.9909 0.0881
vn 0.1128 0.9910 0.0725
vn 0.8401 0.0526 0.5399
vn 0.7547 0.0526 0.6540
vn 0.1224 0.9909 0.0559
vn 0.1287 0.9910 0.0378
vn 0.9582 0.0526 0.2813
vn 0.9084 0.0526 0.4148
vn 0.1332 0.9909 0.0192
vn 0.1341 0.9910 -0.0000
vn 0.9986 0.0526 0.0000
vn 0.9885 0.0526 0.1421
vn 0.1332 0.9909 -0.0192
vn 0.1287 0.9910 -0.0378
vn 0.9582 0.0526 -0.2813
vn 0.9885 0.0526 -0.1421
vn 0.1224 0.9909 -0.0559
vn 0.1129 0.9910 -0.0725
vn 0.8401 0.0526 -0.5399
vn 0.9084 0.0526 -0.4148
vn 0.1017 0.9909 -0.0881
vn 0.0878 0.9910 -0.1014
vn 0.6540 0.0526 -0.7547
vn 0.7547 0.0526 -0.6540
vn 0.0728 0.9909 -0.1132
vn 0.0557 0.9910 -0.1220
vn 0.4148 0.0526 -0.9084
vn 0.5399 0.0526 -0.8401
vn 0.0379 0.9909 -0.1291
vn 0.0191 0.9910 -0.1328
vn 0.1421 0.0526 -0.9884
vn 0.2813 0.0526 -0.9582
vn 0.0000 0.9909 -0.1346
vn -0.0191 0.9910 -0.1328
vn -0.1421 0.0526 -0.9884
vn 0.0000 0.0526 -0.9986
vn -0.0379 0.9909 -0.1291
vn -0.0557 0.9910 -0.1220
vn -0.4148 0.0526 -0.9084
vn -0.2813 0.0526 -0.9582
vn -0.0728 0.9909 -0.1132
vn -0.0878 0.9910 -0.1014
vn -0.6540 0.0526 -0.7547
vn -0.5399 0.0526 -0.8401
vn -0.1017 0.9909 -0.0881
vn -0.1129 0.9910 -0.0725
vn -0.8401 0.0526 -0.5399
vn -0.7547 0.0526 -0.6540
vn -0.1224 0.9909 -0.0559
vn -0.1287 0.9910 -0.0378
vn -0.9582 0.0526 -0.2813
vn -0.9084 0.0526 -0.4148
vn -0.1332 0.9909 -0.0192
vn -0.9884 0.0526 -0.1421
vn -0.9862 0.1048 0.1279
vn -0.9948 0.1011 0.0138
vn -0.9506 0.1011 0.2935
vn -0.9102 0.1048 0.4006
vn -0.8294 0.1011 0.5494
vn -0.7605 0.1048 0.6408
vn -0.6410 0.1011 0.7608
vn -0.5492 0.1048 0.8291
vn -0.4007 0.1011 0.9106
vn -0.2933 0.1048 0.9502
vn -0.1279 0.1011 0.9866
vn -0.0137 0.1048 0.9944
vn 0.1552 0.1011 0.9827
vn 0.2670 0.1048 0.9580
vn 0.4258 0.1011 0.8991
vn 0.5261 0.1048 0.8440
vn 0.6619 0.1011 0.7428
vn 0.7425 0.1048 0.6616
vn 0.8443 0.1011 0.5262
vn 0.8988 0.1048 0.4256
vn 0.9584 0.1011 0.2670
vn 0.9823 0.1048 0.1551
vn 0.9948 0.1011 -0.0138
vn 0.9862 0.1048 -0.1279
vn 0.9506 0.1011 -0.2935
vn 0.9102 0.1048 -0.4006
vn 0.8294 0.1011 -0.5494
vn 0.7605 0.1048 -0.6408
vn 0.6410 0.1011 -0.7608
vn 0.5492 0.1048 -0.8291
vn 0.4007 0.1011 -0.9106
vn 0.2933 0.1048 -0.9502
vn 0.1279 0.1011 -0.9866
vn 0.0137 0.1048 -0.9944
vn -0.1552 0.1011 -0.9827
vn -0.2670 0.1048 -0.9580
vn -0.4258 0.1011 -0.8991
vn -0.5261 0.1048 -0.8440
vn -0.6619 0.1011 -0.7428
vn -0.7425 0.1048 -0.6616
vn -0.8443 0.1011 -0.5262
vn -0.8988 0.1048 -0.4256
vn -0.9584 0.1011 -0.2670
vn -0.9823 0.1048 -0.1551
vt 0.7727 0.1000 0.0000
vt 0.7500 0.1000 0.0000
vt 0.7500 0.0000 0.0000
vt 0.7727 0.0000 0.0000
vt 0.7955 0.1000 0.0000
vt 0.7955 0.0000 0.0000
vt 0.7955 0.2000 0.0000
vt 0.7727 0.2000 0.0000
vt 0.7500 0.2000 0.0000
vt 0.8182 0.1000 0.0000
vt 0.8182 0.0000 0.0000
vt 0.8409 0.1000 0.0000
vt 0.8409 0.0000 0.0000
vt 0.8409 0.2000 0.0000
vt 0.8182 0.2000 0.0000
vt 0.8636 0.1000 0.0000
vt 0.8636 0.0000 0.0000
vt 0.8864 0.1000 0.0000
vt 0.8864 0.0000 0.0000
vt 0.8864 0.2000 0.0000
vt 0.8636 0.2000 0.0000
vt 0.9091 0.1000 0.0000
vt 0.9091 0.0000 0.0000
vt 0.9318 0.1000 0.0000
vt 0.9318 0.0000 0.0000
vt 0.9318 0.2000 0.0000
vt 0.9091 0.2000 0.0000
vt 0.9545 0.1000 0.0000
vt 0.9545 0.0000 0.0000
vt 0.9773 0.1000 0.0000
vt 0.9773 0.0000 0.0000
vt 0.9773 0.2000 0.0000
vt 0.9545 0.2000 0.0000
vt 1.0000 0.1000 0.0000
vt 1.0000 0.0000 0.0000
vt 1.0227 0.1000 0.0000
vt 1.0227 0.0000 0.0000
vt 1.0227 0.2000 0.0000
vt 1.0000 0.2000 0.0000
vt 0.0455 0.1000 0.0000
vt 0.0227 0.1000 0.0000
vt 0.0227 0.0000 0.0000
vt 0.0455 0.0000 0.0000
vt 0.0682 0.1000 0.0000
vt 0.0682 0.0000 0.0000
vt 0.0682 0.2000 0.0000
vt 0.0455 0.2000 0.0000
vt 0.0227 0.2000 0.0000
vt 0.0909 0.1000 0.0000
vt 0.0909 0.0000 0.0000
vt 0.1136 0.1000 0.0000
vt 0.1136 0.0000 0.0000
vt 0.1136 0.2000 0.0000
vt 0.0909 0.2000 0.0000
vt 0.1364 0.1000 0.0000
vt 0.1364 0.0000 0.0000
vt 0.1591 0.1000 0.0000
vt 0.1591 0.0000 0.0000
vt 0.1591 0.2000 0.0000
vt 0.1364 0.2000 0.0000
vt 0.1818 0.1000 0.0000
vt 0.1818 0.0000 0.0000
vt 0.2045 0.1000 0.0000
vt 0.2045 0.0000 0.0000
vt 0.2045 0.2000 0.0000
vt 0.1818 0.2000 0.0000
vt 0.2273 0.1000 0.0000
vt 0.2273 0.0000 0.0000
vt 0.2500 0.1000 0.0000
vt 0.2500 0.0000 0.0000
vt 0.2500 0.2000 0.0000
vt 0.2273 0.2000 0.0000
vt 0.2727 0.1000 0.0000
vt 0.2727 0.0000 0.0000
vt 0.2955 0.1000 0.0000
vt 0.2955 0.0000 0.0000
vt 0.2955 0.2000 0.0000
vt 0.2727 0.2000 0.0000
vt 0.3182 0.1000 0.0000
vt 0.3182 0.0000 0.0000
vt 0.3409 0.1000 0.0000
vt 0.3409 0.0000 0.0000
vt 0.3409 0.2000 0.0000
vt 0.3182 0.2000 0.0000
vt 0.3636 0.1000 0.0000
vt 0.3636 0.0000 0.0000
vt 0.3864 0.1000 0.0000
vt 0.3864 0.0000 0.0000
vt 0.3864 0.2000 0.0000
vt 0.3636 0.2000 0.0000
vt 0.4091 0.1000 0.0000
vt 0.4091 0.0000 0.0000
vt 0.4318 0.1000 0.0000
vt 0.4318 0.0000 0.0000
vt 0.4318 0.2000 0.0000
vt 0.4091 0.2000 0.0000
vt 0.4545 0.1000 0.0000
vt 0.4545 0.0000 0.0000
vt 0.4773 0.1000 0.0000
vt 0.4773 0.0000 0.0000
vt 0.4773 0.2000 0.0000
vt 0.4545 0.2000 0.0000
vt 0.5000 0.1000 0.0000
vt 0.5000 0.0000 0.0000
vt 0.5227 0.1000 0.0000
vt 0.5227 0.0000 0.0000
vt 0.5227 0.2000 0.0000
vt 0.5000 0.2000 0.0000
vt 0.5455 0.1000 0.0000
vt 0.5455 0.0000 0.0000
vt 0.5682 0.1000 0.0000
vt 0.5682 0.0000 0.0000
vt 0.5682 0.2000 0.0000
vt 0.5455 0.2000 0.0000
vt 0.5909 0.1000 0.0000
vt 0.5909 0.0000 0.0000
vt 0.6136 0.1000 0.0000
vt 0.6136 0.0000 0.0000
vt 0.6136 0.2000 0.0000
vt 0.5909 0.2000 0.0000
vt 0.6364 0.1000 0.0000
vt 0.6364 0.0000 0.0000
vt 0.6591 0.1000 0.0000
vt 0.6591 0.0000 0.0000
vt 0.6591 0.2000 0.0000
vt 0.6364 0.2000 0.0000
vt 0.6818 0.1000 0.0000
vt 0.6818 0.0000 0.0000
vt 0.7045 0.1000 0.0000
vt 0.7045 0.0000 0.0000
vt 0.7045 0.2000 0.0000
vt 0.6818 0.2000 0.0000
vt 0.7273 0.1000 0.0000
vt 0.7273 0.0000 0.0000
vt 0.7273 0.2000 0.0000
vt 0.7727 0.3000 0.0000
vt 0.7500 0.3000 0.0000
vt 0.7955 0.3000 0.0000
vt 0.7955 0.4000 0.0000
vt 0.7727 0.4000 0.0000
vt 0.7500 0.4000 0.0000
vt 0.8182 0.3000 0.0000
vt 0.8409 0.3000 0.0000
vt 0.8409 0.4000 0.0000
vt 0.8182 0.4000 0.0000
vt 0.8636 0.3000 0.0000
vt 0.8864 0.3000 0.0000
vt 0.8864 0.4000 0.0000
vt 0.8636 0.4000 0.0000
vt 0.9091 0.3000 0.0000
vt 0.9318 0.3000 0.0000
vt 0.9318 0.4000 0.0000
vt 0.9091 0.4000 0.0000
vt 0.9545 0.3000 0.0000
vt 0.9773 0.3000 0.0000
vt 0.9773 0.4000 0.0000
vt 0.9545 0.4000 0.0000
vt 1.0000 0.3000 0.0000
vt 1.0227 0.3000 0.0000
vt 1.0227 0.4000 0.0000
vt 1.0000 0.4000 0.0000
vt 0.0455 0.3000 0.0000
vt 0.0227 0.3000 0.0000
vt 0.0682 0.3000 0.0000
vt 0.0682 0.4000 0.0000
vt 0.0455 0.4000 0.0000
vt 0.0227 0.4000 0.0000
vt 0.0909 0.3000 0.0000
vt 0.1136 0.3000 0.0000
vt 0.1136 0.4000 0.0000
vt 0.0909 0.4000 0.0000
vt 0.1364 0.3000 0.0000
vt 0.1591 0.3000 0.0000
vt 0.1591 0.4000 0.0000
vt 0.1364 0.4000 0.0000
vt 0.1818 0.3000 0.0000
vt 0.2045 0.3000 0.0000
vt 0.2045 0.4000 0.0000
vt 0.1818 0.4000 0.0000
vt 0.2273 0.3000 0.0000
vt 0.2500 0.3000 0.0000
vt 0.2500 0.4000 0.0000
vt 0.2273 0.4000 0.0000
vt 0.2727 0.3000 0.0000
vt 0.2955 0.3000 0.0000
vt 0.2955 0.4000 0.0000
vt 0.2727 0.4000 0.0000
vt 0.3182 0.3000 0.0000
vt 0.3409 0.3000 0.0000
vt 0.3409 0.4000 0.0000
vt 0.3182 0.4000 0.0000
vt 0.3636 0.3000 0.0000
vt 0.3864 0.3000 0.0000
vt 0.3864 0.4000 0.0000
vt 0.3636 0.4000 0.0000
vt 0.4091 0.3000 0.0000
vt 0.4318 0.3000 0.0000
vt 0.4318 0.4000 0.0000
vt 0.4091 0.4000 0.0000
vt 0.4545 0.3000 0.0000
vt 0.4773 0.3000 0.0000
vt 0.4773 0.4000 0.0000
vt 0.4545 0.4000 0.0000
vt 0.5000 0.3000 0.0000
vt 0.5227 0.3000 0.0000
vt 0.5227 0.4000 0.0000
vt 0.5000 0.4000 0.0000
vt 0.5455 0.3000 0.0000
vt 0.5682 0.3000 0.0000
vt 0.5682 0.4000 0.0000
vt 0.5455 0.4000 0.0000
vt 0.5909 0.3000 0.0000
vt 0.6136 0.3000 0.0000
vt 0.6136 0.4000 0.0000
vt 0.5909 0.4000 0.0000
vt 0.6364 0.3000 0.0000
vt 0.6591 0.3000 0.0000
vt 0.6591 0.4000 0.0000
vt 0.6364 0.4000 0.0000
vt 0.6818 0.3000 0.0000
vt 0.7045 0.3000 0.0000
vt 0.7045 0.4000 0.0000
vt 0.6818 0.4000 0.0000
vt 0.7273 0.3000 0.0000
vt 0.7273 0.4000 0.0000
vt 0.7727 0.5000 0.0000
vt 0.7500 0.5000 0.0000
vt 0.7955 0.5000 0.0000
vt 0.7955 0.6000 0.0000
vt 0.7727 0.6000 0.0000
vt 0.7500 0.6000 0.0000
vt 0.8182 0.5000 0.0000
vt 0.8409 0.5000 0.0000
vt 0.8409 0.6000 0.0000
vt 0.8182 0.6000 0.0000
vt 0.8636 0.5000 0.0000
vt 0.8864 0.5000 0.0000
vt 0.8864 0.6000 0.0000
vt 0.8636 0.6000 0.0000
vt 0.9091 0.5000 0.0000
vt 0.9318 0.5000 0.0000
vt 0.9318 0.6000 0.0000
vt 0.9091 0.6000 0.0000
vt 0.9545 0.5000 0.0000
vt 0.9773 0.5000 0.0000
vt 0.9773 0.6000 0.0000
vt 0.9545 0.6000 0.0000
vt 1.0000 0.5000 0.0000
vt 1.0227 0.5000 0.0000
vt 1.0227 0.6000 0.0000
vt 1.0000 0.6000 0.0000
vt 0.0455 0.5000 0.0000
vt 0.0227 0.5000 0.0000
vt 0.0682 0.5000 0.0000
vt 0.0682 0.6000 0.0000
vt 0.0455 0.6000 0.0000
vt 0.0227 0.6000 0.0000
vt 0.0909 0.5000 0.0000
vt 0.1136 0.5000 0.0000
vt 0.1136 0.6000 0.0000
vt 0.0909 0.6000 0.0000
vt 0.1364 0.5000 0.0000
vt 0.1591 0.5000 0.0000
vt 0.1591 0.6000 0.0000
vt 0.1364 0.6000 0.0000
vt 0.1818 0.5000 0.0000
vt 0.2045 0.5000 0.0000
vt 0.2045 0.6000 0.0000
vt 0.1818 0.6000 0.0000
vt 0.2273 0.5000 0.0000
vt 0.2500 0.5000 0.0000
vt 0.2500 0.6000 0.0000
vt 0.2273 0.6000 0.0000
vt 0.2727 0.5000 0.0000
vt 0.2955 0.5000 0.0000
vt 0.2955 0.6000 0.0000
vt 0.2727 0.6000 0.0000
vt 0.3182 0.5000 0.0000
vt 0.3409 0.5000 0.0000
vt 0.3409 0.6000 0.0000
vt 0.3182 0.6000 0.0000
vt 0.3636 0.5000 0.0000
vt 0.3864 0.5000 0.0000
vt 0.3864 0.6000 0.0000
vt 0.3636 0.6000 0.0000
vt 0.4091 0.5000 0.0000
vt 0.4318 0.5000 0.0000
vt 0.4318 0.6000 0.0000
vt 0.4091 0.6000 0.0000
vt 0.4545 0.5000 0.0000
vt 0.4773 0.5000 0.0000
vt 0.4773 0.6000 0.0000
vt 0.4545 0.6000 0.0000
vt 0.5000 0.5000 0.0000
vt 0.5227 0.5000 0.0000
vt 0.5227 0.6000 0.0000
vt 0.5000 0.6000 0.0000
vt 0.5455 0.5000 0.0000
vt 0.5682 0.5000 0.0000
vt 0.5682 0.6000 0.0000
vt 0.5455 0.6000 0.0000
vt 0.5909 0.5000 0.0000
vt 0.6136 0.5000 0.0000
vt 0.6136 0.6000 0.0000
vt 0.5909 0.6000 0.0000
vt 0.6364 0.5000 0.0000
vt 0.6591 0.5000 0.0000
vt 0.6591 0.6000 0.0000
vt 0.6364 0.6000 0.0000
vt 0.6818 0.5000 0.0000
vt 0.7045 0.5000 0.0000
vt 0.7045 0.6000 0.0000
vt 0.6818 0.6000 0.0000
vt 0.7273 0.5000 0.0000
vt 0.7273 0.6000 0.0000
vt 0.7727 0.7000 0.0000
vt 0.7500 0.7000 0.0000
vt 0.7955 0.7000 0.0000
vt 0.7955 0.8000 0.0000
vt 0.7727 0.8000 0.0000
vt 0.7500 0.8000 0.0000
vt 0.8182 0.7000 0.0000
vt 0.8409 0.7000 0.0000
vt 0.8409 0.8000 0.0000
vt 0.8182 0.8000 0.0000
vt 0.8636 0.7000 0.0000
vt 0.8864 0.7000 0.0000
vt 0.8864 0.8000 0.0000
vt 0.8636 0.8000 0.0000
vt 0.9091 0.7000 0.0000
vt 0.9318 0.7000 0.0000
vt 0.9318 0.8000 0.0000
vt 0.9091 0.8000 0.0000
vt 0.9545 0.7000 0.0000
vt 0.9773 0.7000 0.0000
vt 0.9773 0.8000 0.0000
vt 0.9545 0.8000 0.0000
vt 1.0000 0.7000 0.0000
vt 1.0227 0.7000 0.0000
vt 1.0227 0.8000 0.0000
vt 1.0000 0.8000 0.0000
vt 0.0455 0.7000 0.0000
vt 0.0227 0.7000 0.0000
vt 0.0682 0.7000 0.0000
vt 0.0682 0.8000 0.0000
vt 0.0455 0.8000 0.0000
vt 0.0227 0.8000 0.0000
vt 0.0909 0.7000 0.0000
vt 0.1136 0.7000 0.0000
vt 0.1136 0.8000 0.0000
vt 0.0909 0.8000 0.0000
vt 0.1364 0.7000 0.0000
vt 0.1591 0.7000 0.0000
vt 0.1591 0.8000 0.0000
vt 0.1364 0.8000 0.0000
vt 0.1818 0.7000 0.0000
vt 0.2045 0.7000 0.0000
vt 0.2045 0.8000 0.0000
vt 0.1818 0.8000 0.0000
vt 0.2273 0.7000 0.0000
vt 0.2500 0.7000 0.0000
vt 0.2500 0.8000 0.0000
vt 0.2273 0.8000 0.0000
vt 0.2727 0.7000 0.0000
vt 0.2955 0.7000 0.0000
vt 0.2955 0.8000 0.0000
vt 0.2727 0.8000 0.0000
vt 0.3182 0.7000 0.0000
vt 0.3409 0.7000 0.0000
vt 0.3409 0.8000 0.0000
vt 0.3182 0.8000 0.0000
vt 0.3636 0.7000 0.0000
vt 0.3864 0.7000 0.0000
vt 0.3864 0.8000 0.0000
vt 0.3636 0.8000 0.0000
vt 0.4091 0.7000 0.0000
vt 0.4318 0.7000 0.0000
vt 0.4318 0.8000 0.0000
vt 0.4091 0.8000 0.0000
vt 0.4545 0.7000 0.0000
vt 0.4773 0.7000 0.0000
vt 0.4773 0.8000 0.0000
vt 0.4545 0.8000 0.0000
vt 0.5000 0.7000 0.0000
vt 0.5227 0.7000 0.0000
vt 0.5227 0.8000 0.0000
vt 0.5000 0.8000 0.0000
vt 0.5455 0.7000 0.0000
vt 0.5682 0.7000 0.0000
vt 0.5682 0.8000 0.0000
vt 0.5455 0.8000 0.0000
vt 0.5909 0.7000 0.0000
vt 0.6136 0.7000 0.0000
vt 0.6136 0.8000 0.0000
vt 0.5909 0.8000 0.0000
vt 0.6364 0.7000 0.0000
vt 0.6591 0.7000 0.0000
vt 0.6591 0.8000 0.0000
vt 0.6364 0.8000 0.0000
vt 0.6818 0.7000 0.0000
vt 0.7045 0.7000 0.0000
vt 0.7045 0.8000 0.0000
vt 0.6818 0.8000 0.0000
vt 0.7273 0.7000 0.0000
vt 0.7273 0.8000 0.0000
vt 0.7727 0.9000 0.0000
vt 0.7500 0.9000 0.0000
vt 0.7955 0.9000 0.0000
vt 0.7955 1.0000 0.0000
vt 0.7727 1.0000 0.0000
vt 0.7500 1.0000 0.0000
vt 0.8182 0.9000 0.0000
vt 0.8409 0.9000 0.0000
vt 0.8409 1.0000 0.0000
vt 0.8182 1.0000 0.0000
vt 0.8636 0.9000 0.0000
vt 0.8864 0.9000 0.0000
vt 0.8864 1.0000 0.0000
vt 0.8636 1.0000 0.0000
vt 0.9091 0.9000 0.0000
vt 0.9318 0.9000 0.0000
vt 0.9318 1.0000 0.0000
vt 0.9091 1.0000 0.0000
vt 0.9545 0.9000 0.0000
vt 0.9773 0.9000 0.0000
vt 0.9773 1.0000 0.0000
vt 0.9545 1.0000 0.0000
vt 1.0000 0.9000 0.0000
vt 1.0227 0.9000 0.0000
vt 1.0227 1.0000 0.0000
vt 1.0000 1.0000 0.0000
vt 0.0455 0.9000 0.0000
vt 0.0227 0.9000 0.0000
vt 0.0682 0.9000 0.0000
vt 0.0682 1.0000 0.0000
vt 0.0455 1.0000 0.0000
vt 0.0227 1.0000 0.0000
vt 0.0909 0.9000 0.0000
vt 0.1136 0.9000 0.0000
vt 0.1136 1.0000 0.0000
vt 0.0909 1.0000 0.0000
vt 0.1364 0.9000 0.0000
vt 0.1591 0.9000 0.0000
vt 0.1591 1.0000 0.0000
vt 0.1364 1.0000 0.0000
vt 0.1818 0.9000 0.0000
vt 0.2045 0.9000 0.0000
vt 0.2045 1.0000 0.0000
vt 0.1818 1.0000 0.0000
vt 0.2273 0.9000 0.0000
vt 0.2500 0.9000 0.0000
vt 0.2500 1.0000 0.0000
vt 0.2273 1.0000 0.0000
vt 0.2727 0.9000 0.0000
vt 0.2955 0.9000 0.0000
vt 0.2955 1.0000 0.0000
vt 0.2727 1.0000 0.0000
vt 0.3182 0.9000 0.0000
vt 0.3409 0.9000 0.0000
vt 0.3409 1.0000 0.0000
vt 0.3182 1.0000 0.0000
vt 0.3636 0.9000 0.0000
vt 0.3864 0.9000 0.0000
vt 0.3864 1.0000 0.0000
vt 0.3636 1.0000 0.0000
vt 0.4091 0.9000 0.0000
vt 0.4318 0.9000 0.0000
vt 0.4318 1.0000 0.0000
vt 0.4091 1.0000 0.0000
vt 0.4545 0.9000 0.0000
vt 0.4773 0.9000 0.0000
vt 0.4773 1.0000 0.0000
vt 0.4545 1.0000 0.0000
vt 0.5000 0.9000 0.0000
vt 0.5227 0.9000 0.0000
vt 0.5227 1.0000 0.0000
vt 0.5000 1.0000 0.0000
vt 0.5455 0.9000 0.0000
vt 0.5682 0.9000 0.0000
vt 0.5682 1.0000 0.0000
vt 0.5455 1.0000 0.0000
vt 0.5909 0.9000 0.0000
vt 0.6136 0.9000 0.0000
vt 0.6136 1.0000 0.0000
vt 0.5909 1.0000 0.0000
vt 0.6364 0.9000 0.0000
vt 0.6591 0.9000 0.0000
vt 0.6591 1.0000 0.0000
vt 0.6364 1.0000 0.0000
vt 0.6818 0.9000 0.0000
vt 0.7045 0.9000 0.0000
vt 0.7045 1.0000 0.0000
vt 0.6818 1.0000 0.0000
vt 0.7273 0.9000 0.0000
vt 0.7273 1.0000 0.0000
vt 0.5528 0.8674 0.0000
vt 0.6233 0.9200 0.0000
vt 0.6542 0.8376 0.0000
vt 0.7431 0.7805 0.0000
vt 0.7366 0.8682 0.0000
vt 0.8308 0.7866 0.0000
vt 0.8123 0.7007 0.0000
vt 0.8561 0.6046 0.0000
vt 0.8981 0.6818 0.0000
vt 0.9332 0.5623 0.0000
vt 0.8712 0.5000 0.0000
vt 0.8561 0.3954 0.0000
vt 0.9332 0.4377 0.0000
vt 0.8981 0.3182 0.0000
vt 0.8123 0.2993 0.0000
vt 0.7431 0.2195 0.0000
vt 0.8308 0.2134 0.0000
vt 0.7366 0.1318 0.0000
vt 0.6542 0.1624 0.0000
vt 0.5528 0.1326 0.0000
vt 0.6233 0.0800 0.0000
vt 0.5000 0.0623 0.0000
vt 0.4472 0.1326 0.0000
vt 0.3458 0.1624 0.0000
vt 0.3767 0.0800 0.0000
vt 0.2634 0.1318 0.0000
vt 0.2569 0.2195 0.0000
vt 0.1877 0.2993 0.0000
vt 0.1692 0.2134 0.0000
vt 0.1019 0.3182 0.0000
vt 0.1439 0.3954 0.0000
vt 0.1288 0.5000 0.0000
vt 0.0668 0.4377 0.0000
vt 0.0668 0.5623 0.0000
vt 0.1439 0.6046 0.0000
vt 0.1877 0.7007 0.0000
vt 0.1019 0.6818 0.0000
vt 0.1692 0.7866 0.0000
vt 0.2569 0.7805 0.0000
vt 0.3458 0.8376 0.0000
vt 0.2634 0.8682 0.0000
vt 0.3767 0.9200 0.0000
vt 0.4472 0.8674 0.0000
vt 0.5000 0.9377 0.0000
vt 0.4296 0.9899 0.0000
vt 0.3606 0.9749 0.0000
vt 0.3591 0.9797 0.0000
vt 0.5000 0.9949 0.0000
vt 0.5704 0.9899 0.0000
vt 0.6394 0.9749 0.0000
vt 0.6409 0.9797 0.0000
vt 0.7056 0.9502 0.0000
vt 0.7676 0.9164 0.0000
vt 0.7703 0.9206 0.0000
vt 0.8241 0.8740 0.0000
vt 0.8740 0.8241 0.0000
vt 0.8779 0.8274 0.0000
vt 0.9163 0.7676 0.0000
vt 0.9502 0.7056 0.0000
vt 0.9548 0.7077 0.0000
vt 0.9749 0.6394 0.0000
vt 0.9899 0.5704 0.0000
vt 0.9949 0.5712 0.0000
vt 0.9949 0.5000 0.0000
vt 0.9899 0.4296 0.0000
vt 0.9949 0.4288 0.0000
vt 0.9749 0.3606 0.0000
vt 0.9502 0.2944 0.0000
vt 0.9548 0.2923 0.0000
vt 0.9163 0.2324 0.0000
vt 0.8740 0.1759 0.0000
vt 0.8779 0.1726 0.0000
vt 0.8241 0.1260 0.0000
vt 0.7676 0.0836 0.0000
vt 0.7703 0.0794 0.0000
vt 0.7056 0.0498 0.0000
vt 0.6394 0.0251 0.0000
vt 0.6409 0.0203 0.0000
vt 0.5704 0.0101 0.0000
vt 0.5000 0.0051 0.0000
vt 0.4296 0.0101 0.0000
vt 0.3606 0.0251 0.0000
vt 0.3591 0.0203 0.0000
vt 0.2944 0.0498 0.0000
vt 0.2324 0.0836 0.0000
vt 0.2297 0.0794 0.0000
vt 0.1759 0.1260 0.0000
vt 0.1260 0.1759 0.0000
vt 0.1221 0.1726 0.0000
vt 0.0837 0.2324 0.0000
vt 0.0498 0.2944 0.0000
vt 0.0452 0.2923 0.0000
vt 0.0251 0.3606 0.0000
vt 0.0101 0.4296 0.0000
vt 0.0051 0.4288 0.0000
vt 0.0051 0.5000 0.0000
vt 0.0101 0.5704 0.0000
vt 0.0051 0.5712 0.0000
vt 0.0251 0.6394 0.0000
vt 0.0498 0.7056 0.0000
vt 0.0452 0.7077 0.0000
vt 0.0837 0.7676 0.0000
vt 0.1260 0.8241 0.0000
vt 0.1221 0.8274 0.0000
vt 0.1759 0.8740 0.0000
vt 0.2324 0.9164 0.0000
vt 0.2297 0.9206 0.0000
vt 0.2944 0.9502 0.0000
v -0.027907 0.085711 -0.000455
v -0.025302 0.082679 -0.000455
v -0.0253 0.082891 -0.002807
v -0.027834 0.085897 -0.002807
v -0.02812 0.08517 0.001706
v -0.025308 0.082061 0.001706
v -0.028456 0.084316 0.003502
v -0.025317 0.081087 0.003502
v -0.028888 0.08322 0.004787
v -0.025329 0.079836 0.004787
v -0.02938 0.081969 0.005456
v -0.025343 0.078409 0.005456
v -0.029894 0.080666 0.005456
v -0.025357 0.076922 0.005456
v -0.030386 0.079415 0.004787
v -0.025371 0.075495 0.004787
v -0.030818 0.078318 0.003502
v -0.025383 0.074244 0.003502
v -0.031154 0.077465 0.001706
v -0.025393 0.07327 0.001706
v -0.031367 0.076923 -0.000455
v -0.025399 0.072652 -0.000455
v -0.03144 0.076738 -0.002807
v -0.025401 0.072441 -0.002807
v -0.031367 0.076923 -0.005159
v -0.025399 0.072652 -0.005159
v -0.031154 0.077465 -0.00732
v -0.025393 0.07327 -0.00732
v -0.030818 0.078318 -0.009116
v -0.025383 0.074244 -0.009116
v -0.030386 0.079415 -0.0104
v -0.025371 0.075495 -0.0104
v -0.029894 0.080666 -0.011069
v -0.025357 0.076922 -0.011069
v -0.02938 0.081969 -0.011069
v -0.025343 0.078409 -0.011069
v -0.028888 0.08322 -0.0104
v -0.025329 0.079836 -0.0104
v -0.028456 0.084316 -0.009116
v -0.025317 0.081087 -0.009116
v -0.02812 0.08517 -0.00732
v -0.025308 0.082061 -0.00732
v -0.027907 0.085711 -0.005159
v -0.025302 0.082679 -0.005159
v -0.032509 0.088518 -0.000455
v -0.032466 0.088722 -0.002807
v -0.032635 0.087924 0.001706
v -0.032833 0.086986 0.003502
v -0.033088 0.085781 0.004787
v -0.033378 0.084408 0.005456
v -0.033681 0.082976 0.005456
v -0.033971 0.081602 0.004787
v -0.034226 0.080397 0.003502
v -0.034424 0.07946 0.001706
v -0.03455 0.078865 -0.000455
v -0.034593 0.078661 -0.002807
v -0.03455 0.078865 -0.005159
v -0.034424 0.07946 -0.00732
v -0.034226 0.080397 -0.009116
v -0.033971 0.081602 -0.0104
v -0.033681 0.082976 -0.011069
v -0.033378 0.084408 -0.011069
v -0.033088 0.085781 -0.0104
v -0.032833 0.086986 -0.009116
v -0.032635 0.087924 -0.00732
v -0.032509 0.088518 -0.005159
v -0.037348 0.089821 -0.000455
v -0.037336 0.090033 -0.002807
v -0.037382 0.089201 0.001706
v -0.037436 0.088225 0.003502
v -0.037506 0.08697 0.004787
v -0.037585 0.08554 0.005456
v -0.037668 0.084049 0.005456
v -0.037747 0.082618 0.004787
v -0.037816 0.081364 0.003502
v -0.03787 0.080387 0.001706
v -0.037905 0.079768 -0.000455
v -0.037916 0.079555 -0.002807
v -0.037905 0.079768 -0.005159
v -0.03787 0.080387 -0.00732
v -0.037816 0.081364 -0.009116
v -0.037747 0.082618 -0.0104
v -0.037668 0.084049 -0.011069
v -0.037585 0.08554 -0.011069
v -0.037506 0.08697 -0.0104
v -0.037436 0.088225 -0.009116
v -0.037382 0.089201 -0.00732
v -0.037348 0.089821 -0.005159
v -0.042245 0.089629 -0.000455
v -0.042265 0.08984 -0.002807
v -0.042187 0.089013 0.001706
v -0.042096 0.088042 0.003502
v -0.041979 0.086795 0.004787
v -0.041845 0.085373 0.005456
v -0.041705 0.08389 0.005456
v -0.041572 0.082468 0.004787
v -0.041454 0.081221 0.003502
v -0.041363 0.08025 0.001706
v -0.041305 0.079634 -0.000455
v -0.041285 0.079423 -0.002807
v -0.041305 0.079634 -0.005159
v -0.041363 0.08025 -0.00732
v -0.041454 0.081221 -0.009116
v -0.041572 0.082468 -0.0104
v -0.041705 0.08389 -0.011069
v -0.041845 0.085373 -0.011069
v -0.041979 0.086795 -0.0104
v -0.042096 0.088042 -0.009116
v -0.042187 0.089013 -0.00732
v -0.042245 0.089629 -0.005159
v -0.047027 0.087949 -0.000455
v -0.047078 0.088149 -0.002807
v -0.046879 0.087364 0.001706
v -0.046645 0.086444 0.003502
v -0.046345 0.085261 0.004787
v -0.046002 0.083912 0.005456
v -0.045645 0.082506 0.005456
v -0.045303 0.081157 0.004787
v -0.045003 0.079974 0.003502
v -0.044769 0.079053 0.001706
v -0.04462 0.078469 -0.000455
v -0.044569 0.078269 -0.002807
v -0.04462 0.078469 -0.005159
v -0.044769 0.079053 -0.00732
v -0.045003 0.079974 -0.009116
v -0.045303 0.081157 -0.0104
v -0.045645 0.082506 -0.011069
v -0.046002 0.083912 -0.011069
v -0.046345 0.085261 -0.0104
v -0.046645 0.086444 -0.009116
v -0.046879 0.087364 -0.00732
v -0.047027 0.087949 -0.005159
v -0.051515 0.084785 -0.000455
v -0.051595 0.084964 -0.002807
v -0.051282 0.084261 0.001706
v -0.050913 0.083435 0.003502
v -0.05044 0.082374 0.004787
v -0.049901 0.081163 0.005456
v -0.049339 0.079902 0.005456
v -0.048799 0.078692 0.004787
v -0.048326 0.077631 0.003502
v -0.047958 0.076805 0.001706
v -0.047724 0.076281 -0.000455
v -0.047644 0.076102 -0.002807
v -0.047724 0.076281 -0.005159
v -0.047958 0.076805 -0.00732
v -0.048326 0.077631 -0.009116
v -0.048799 0.078692 -0.0104
v -0.049339 0.079902 -0.011069
v -0.049901 0.081163 -0.011069
v -0.05044 0.082374 -0.0104
v -0.050913 0.083435 -0.009116
v -0.051282 0.084261 -0.00732
v -0.051515 0.084785 -0.005159
v -0.055515 0.080157 -0.000455
v -0.05562 0.080306 -0.002807
v -0.055206 0.07972 0.001706
v -0.054719 0.07903 0.003502
v -0.054095 0.078145 0.004787
v -0.053382 0.077135 0.005456
v -0.052639 0.076083 0.005456
v -0.051926 0.075073 0.004787
v -0.051301 0.074188 0.003502
v -0.050815 0.073499 0.001706
v -0.050506 0.073062 -0.000455
v -0.050401 0.072912 -0.002807
v -0.050506 0.073062 -0.005159
v -0.050815 0.073499 -0.00732
v -0.051301 0.074188 -0.009116
v -0.051926 0.075073 -0.0104
v -0.052639 0.076083 -0.011069
v -0.053382 0.077135 -0.011069
v -0.054095 0.078145 -0.0104
v -0.054719 0.07903 -0.009116
v -0.055206 0.07972 -0.00732
v -0.055515 0.080157 -0.005159
v -0.0587 0.074375 -0.000455
v -0.058826 0.074488 -0.002807
v -0.058332 0.074046 0.001706
v -0.057751 0.073528 0.003502
v -0.057005 0.072863 0.004787
v -0.056154 0.072103 0.005456
v -0.055267 0.071312 0.005456
v -0.054417 0.070553 0.004787
v -0.053671 0.069887 0.003502
v -0.05309 0.069369 0.001706
v -0.052722 0.06904 -0.000455
v -0.052595 0.068928 -0.002807
v -0.052722 0.06904 -0.005159
v -0.05309 0.069369 -0.00732
v -0.053671 0.069887 -0.009116
v -0.054417 0.070553 -0.0104
v -0.055267 0.071312 -0.011069
v -0.056154 0.072103 -0.011069
v -0.057005 0.072863 -0.0104
v -0.057751 0.073528 -0.009116
v -0.058332 0.074046 -0.00732
v -0.0587 0.074375 -0.005159
v -0.060857 0.067911 -0.000455
v -0.060998 0.067981 -0.002807
v -0.060448 0.067705 0.001706
v -0.059803 0.06738 0.003502
v -0.058974 0.066963 0.004787
v -0.058029 0.066488 0.005456
v -0.057043 0.065992 0.005456
v -0.056098 0.065517 0.004787
v -0.055269 0.0651 0.003502
v -0.054624 0.064775 0.001706
v -0.054214 0.064569 -0.000455
v -0.054074 0.064499 -0.002807
v -0.054214 0.064569 -0.005159
v -0.054624 0.064775 -0.00732
v -0.055269 0.0651 -0.009116
v -0.056098 0.065517 -0.0104
v -0.057043 0.065992 -0.011069
v -0.058029 0.066488 -0.011069
v -0.058974 0.066963 -0.0104
v -0.059803 0.06738 -0.009116
v -0.060448 0.067705 -0.00732
v -0.060857 0.067911 -0.005159
v -0.061976 0.061041 -0.000455
v -0.062124 0.061067 -0.002807
v -0.061546 0.060965 0.001706
v -0.060867 0.060845 0.003502
v -0.059996 0.060691 0.004787
v -0.059001 0.060516 0.005456
v -0.057965 0.060333 0.005456
v -0.056971 0.060157 0.004787
v -0.056099 0.060003 0.003502
v -0.05542 0.059883 0.001706
v -0.05499 0.059807 -0.000455
v -0.054842 0.059781 -0.002807
v -0.05499 0.059807 -0.005159
v -0.05542 0.059883 -0.00732
v -0.056099 0.060003 -0.009116
v -0.056971 0.060157 -0.0104
v -0.057965 0.060333 -0.011069
v -0.059001 0.060516 -0.011069
v -0.059996 0.060691 -0.0104
v -0.060867 0.060845 -0.009116
v -0.061546 0.060965 -0.00732
v -0.061976 0.061041 -0.005159
v -0.062055 0.054023 -0.000455
v -0.062203 0.054004 -0.002807
v -0.061624 0.05408 0.001706
v -0.060942 0.054168 0.003502
v -0.060068 0.054282 0.004787
v -0.05907 0.054411 0.005456
v -0.05803 0.054547 0.005456
v -0.057032 0.054676 0.004787
v -0.056157 0.05479 0.003502
v -0.055477 0.054878 0.001706
v -0.055045 0.054934 -0.000455
v -0.054897 0.054953 -0.002807
v -0.055045 0.054934 -0.005159
v -0.055477 0.054878 -0.00732
v -0.056157 0.05479 -0.009116
v -0.057032 0.054676 -0.0104
v -0.05803 0.054547 -0.011069
v -0.05907 0.054411 -0.011069
v -0.060068 0.054282 -0.0104
v -0.060942 0.054168 -0.009116
v -0.061624 0.05408 -0.00732
v -0.062055 0.054023 -0.005159
v -0.061092 0.047106 -0.000455
v -0.061234 0.047042 -0.002807
v -0.060678 0.047293 0.001706
v -0.060026 0.047588 0.003502
v -0.059188 0.047966 0.004787
v -0.058232 0.048398 0.005456
v -0.057236 0.048847 0.005456
v -0.05628 0.049279 0.004787
v -0.055443 0.049657 0.003502
v -0.05479 0.049952 0.001706
v -0.054377 0.050139 -0.000455
v -0.054235 0.050203 -0.002807
v -0.054377 0.050139 -0.005159
v -0.05479 0.049952 -0.00732
v -0.055443 0.049657 -0.009116
v -0.05628 0.049279 -0.0104
v -0.057236 0.048847 -0.011069
v -0.058232 0.048398 -0.011069
v -0.059188 0.047966 -0.0104
v -0.060026 0.047588 -0.009116
v -0.060678 0.047293 -0.00732
v -0.061092 0.047106 -0.005159
v -0.059081 0.040545 -0.000455
v -0.059209 0.040438 -0.002807
v -0.058705 0.040857 0.001706
v -0.058113 0.041348 0.003502
v -0.057353 0.041979 0.004787
v -0.056485 0.042698 0.005456
v -0.055581 0.043448 0.005456
v -0.054714 0.044168 0.004787
v -0.053953 0.044799 0.003502
v -0.053361 0.04529 0.001706
v -0.052986 0.045601 -0.000455
v -0.052857 0.045708 -0.002807
v -0.052986 0.045601 -0.005159
v -0.053361 0.04529 -0.00732
v -0.053953 0.044799 -0.009116
v -0.054714 0.044168 -0.0104
v -0.055581 0.043448 -0.011069
v -0.056485 0.042698 -0.011069
v -0.057353 0.041979 -0.0104
v -0.058113 0.041348 -0.009116
v -0.058705 0.040857 -0.00732
v -0.059081 0.040545 -0.005159
v -0.056027 0.03462 -0.000455
v -0.056136 0.034475 -0.002807
v -0.055709 0.035042 0.001706
v -0.055207 0.035709 0.003502
v -0.054563 0.036564 0.004787
v -0.053828 0.037541 0.005456
v -0.053062 0.038558 0.005456
v -0.052326 0.039534 0.004787
v -0.051682 0.040391 0.003502
v -0.05118 0.041057 0.001706
v -0.050862 0.041479 -0.000455
v -0.050753 0.041624 -0.002807
v -0.050862 0.041479 -0.005159
v -0.05118 0.041057 -0.00732
v -0.051682 0.040391 -0.009116
v -0.052326 0.039534 -0.0104
v -0.053062 0.038558 -0.011069
v -0.053828 0.037541 -0.011069
v -0.054563 0.036564 -0.0104
v -0.055207 0.035709 -0.009116
v -0.055709 0.035042 -0.00732
v -0.056027 0.03462 -0.005159
v -0.052134 0.029809 -0.000455
v -0.052218 0.029634 -0.002807
v -0.051889 0.030322 0.001706
v -0.051502 0.031131 0.003502
v -0.051006 0.032169 0.004787
v -0.050439 0.033354 0.005456
v -0.049849 0.034589 0.005456
v -0.049282 0.035773 0.004787
v -0.048785 0.036812 0.003502
v -0.048399 0.037621 0.001706
v -0.048154 0.038133 -0.000455
v -0.04807 0.038309 -0.002807
v -0.048154 0.038133 -0.005159
v -0.048399 0.037621 -0.00732
v -0.048785 0.036812 -0.009116
v -0.049282 0.035773 -0.0104
v -0.049849 0.034589 -0.011069
v -0.050439 0.033354 -0.011069
v -0.051006 0.032169 -0.0104
v -0.051502 0.031131 -0.009116
v -0.051889 0.030322 -0.00732
v -0.052134 0.029809 -0.005159
v -0.04772 0.02644 -0.000455
v -0.047775 0.026242 -0.002807
v -0.047559 0.027017 0.001706
v -0.047304 0.027926 0.003502
v -0.046977 0.029094 0.004787
v -0.046604 0.030427 0.005456
v -0.046216 0.031816 0.005456
v -0.045843 0.033148 0.004787
v -0.045517 0.034316 0.003502
v -0.045262 0.035226 0.001706
v -0.045101 0.035803 -0.000455
v -0.045045 0.036 -0.002807
v -0.045101 0.035803 -0.005159
v -0.045262 0.035226 -0.00732
v -0.045517 0.034316 -0.009116
v -0.045843 0.033148 -0.0104
v -0.046216 0.031816 -0.011069
v -0.046604 0.030427 -0.011069
v -0.046977 0.029094 -0.0104
v -0.047304 0.027926 -0.009116
v -0.047559 0.027017 -0.00732
v -0.04772 0.02644 -0.005159
v -0.042978 0.023626 -0.000455
v -0.043003 0.023417 -0.002807
v -0.042906 0.024239 0.001706
v -0.042793 0.025205 0.003502
v -0.042648 0.026446 0.004787
v -0.042482 0.027862 0.005456
v -0.042309 0.029337 0.005456
v -0.042144 0.030752 0.004787
v -0.041998 0.031994 0.003502
v -0.041885 0.03296 0.001706
v -0.041814 0.033572 -0.000455
v -0.041789 0.033782 -0.002807
v -0.041814 0.033572 -0.005159
v -0.041885 0.03296 -0.00732
v -0.041998 0.031994 -0.009116
v -0.042144 0.030752 -0.0104
v -0.042309 0.029337 -0.011069
v -0.042482 0.027862 -0.011069
v -0.042648 0.026446 -0.0104
v -0.042793 0.025205 -0.009116
v -0.042906 0.024239 -0.00732
v -0.042978 0.023626 -0.005159
v -0.039283 0.02149 -0.000455
v -0.039328 0.021287 -0.002807
v -0.039154 0.022083 0.001706
v -0.038951 0.023019 0.003502
v -0.038689 0.02422 0.004787
v -0.038391 0.02559 0.005456
v -0.038081 0.027018 0.005456
v -0.037782 0.028388 0.004787
v -0.037521 0.02959 0.003502
v -0.037318 0.030525 0.001706
v -0.037189 0.031118 -0.000455
v -0.037144 0.031322 -0.002807
v -0.037189 0.031118 -0.005159
v -0.037318 0.030525 -0.00732
v -0.037521 0.02959 -0.009116
v -0.037782 0.028388 -0.0104
v -0.038081 0.027018 -0.011069
v -0.038391 0.02559 -0.011069
v -0.038689 0.02422 -0.0104
v -0.038951 0.023019 -0.009116
v -0.039154 0.022083 -0.00732
v -0.039283 0.02149 -0.005159
v -0.0357 0.019765 -0.000455
v -0.035751 0.019565 -0.002807
v -0.035551 0.020349 0.001706
v -0.035318 0.02127 0.003502
v -0.035017 0.022453 0.004787
v -0.034674 0.023802 0.005456
v -0.034317 0.025208 0.005456
v -0.033975 0.026556 0.004787
v -0.033674 0.027739 0.003502
v -0.03344 0.02866 0.001706
v -0.033292 0.029244 -0.000455
v -0.033241 0.029444 -0.002807
v -0.033292 0.029244 -0.005159
v -0.03344 0.02866 -0.00732
v -0.033674 0.027739 -0.009116
v -0.033975 0.026556 -0.0104
v -0.034317 0.025208 -0.011069
v -0.034674 0.023802 -0.011069
v -0.035017 0.022453 -0.0104
v -0.035318 0.02127 -0.009116
v -0.035551 0.020349 -0.00732
v -0.0357 0.019765 -0.005159
v -0.030842 0.018058 -0.000455
v -0.030861 0.017847 -0.002807
v -0.030786 0.018674 0.001706
v -0.030698 0.019646 0.003502
v -0.030584 0.020894 0.004787
v -0.030455 0.022318 0.005456
v -0.03032 0.023802 0.005456
v -0.03019 0.025226 0.004787
v -0.030077 0.026475 0.003502
v -0.029988 0.027446 0.001706
v -0.029932 0.028063 -0.000455
v -0.029913 0.028274 -0.002807
v -0.029932 0.028063 -0.005159
v -0.029988 0.027446 -0.00732
v -0.030077 0.026475 -0.009116
v -0.03019 0.025226 -0.0104
v -0.03032 0.023802 -0.011069
v -0.030455 0.022318 -0.011069
v -0.030584 0.020894 -0.0104
v -0.030698 0.019646 -0.009116
v -0.030786 0.018674 -0.00732
v -0.030842 0.018058 -0.005159
v -0.025069 0.017932 -0.000455
v -0.025072 0.01772 -0.002807
v -0.025061 0.01855 0.001706
v -0.025048 0.019524 0.003502
v -0.025032 0.020775 0.004787
v -0.025014 0.022202 0.005456
v -0.024995 0.023689 0.005456
v -0.024976 0.025115 0.004787
v -0.02496 0.026367 0.003502
v -0.024948 0.02734 0.001706
v -0.02494 0.027958 -0.000455
v -0.024937 0.02817 -0.002807
v -0.02494 0.027958 -0.005159
v -0.024948 0.02734 -0.00732
v -0.02496 0.026367 -0.009116
v -0.024976 0.025115 -0.0104
v -0.024995 0.023689 -0.011069
v -0.025014 0.022202 -0.011069
v -0.025032 0.020775 -0.0104
v -0.025048 0.019524 -0.009116
v -0.025061 0.01855 -0.00732
v -0.025069 0.017932 -0.005159
vn 0.4973 0.8217 0.2784
vn 0.6024 0.7586 0.2482
vn 0.6349 0.7726 0.0031
vn 0.5183 0.8552 0.0014
vn 0.4316 0.7266 0.5346
vn 0.5188 0.6961 0.4963
vn 0.3297 0.5733 0.7501
vn 0.3894 0.5638 0.7284
vn 0.2047 0.3702 0.9061
vn 0.2280 0.3554 0.9065
vn 0.0705 0.1320 0.9887
vn 0.0573 0.0931 0.9940
vn -0.0611 -0.1219 0.9907
vn -0.1000 -0.1824 0.9781
vn -0.1807 -0.3694 0.9115
vn -0.2295 -0.4330 0.8717
vn -0.2812 -0.5888 0.7578
vn -0.3267 -0.6358 0.6993
vn -0.3569 -0.7608 0.5421
vn -0.3932 -0.7812 0.4850
vn -0.4035 -0.8703 0.2823
vn -0.4320 -0.8673 0.2472
vn -0.4187 -0.9081 -0.0004
vn -0.4457 -0.8952 -0.0007
vn -0.4017 -0.8710 -0.2829
vn -0.4353 -0.8655 -0.2479
vn -0.3537 -0.7621 -0.5423
vn -0.3996 -0.7784 -0.4842
vn -0.2775 -0.5907 -0.7577
vn -0.3355 -0.6337 -0.6970
vn -0.1778 -0.3715 -0.9113
vn -0.2388 -0.4329 -0.8692
vn -0.0603 -0.1235 -0.9905
vn -0.1062 -0.1843 -0.9771
vn 0.0678 0.1317 -0.9890
vn 0.0592 0.0904 -0.9941
vn 0.1982 0.3722 -0.9068
vn 0.2411 0.3521 -0.9044
vn 0.3207 0.5775 -0.7508
vn 0.4106 0.5578 -0.7214
vn 0.4229 0.7318 -0.5344
vn 0.5396 0.6869 -0.4868
vn 0.4921 0.8255 -0.2765
vn 0.6147 0.7512 -0.2404
vn 0.2782 0.9186 0.2806
vn 0.2899 0.9571 -0.0000
vn 0.2443 0.8065 0.5384
vn 0.1908 0.6300 0.7528
vn 0.1222 0.4034 0.9068
vn 0.0438 0.1446 0.9885
vn -0.0382 -0.1263 0.9913
vn -0.1175 -0.3879 0.9142
vn -0.1876 -0.6193 0.7624
vn -0.2426 -0.8010 0.5473
vn -0.2778 -0.9171 0.2859
vn -0.2899 -0.9571 -0.0000
vn -0.2778 -0.9171 -0.2859
vn -0.2426 -0.8010 -0.5473
vn -0.1876 -0.6193 -0.7625
vn -0.1175 -0.3879 -0.9142
vn -0.0382 -0.1263 -0.9913
vn 0.0438 0.1446 -0.9885
vn 0.1222 0.4034 -0.9068
vn 0.1908 0.6300 -0.7528
vn 0.2443 0.8065 -0.5384
vn 0.2782 0.9186 -0.2806
vn 0.0759 0.9568 0.2806
vn 0.0791 0.9969 -0.0000
vn 0.0666 0.8401 0.5384
vn 0.0521 0.6562 0.7528
vn 0.0333 0.4201 0.9069
vn 0.0119 0.1505 0.9885
vn -0.0104 -0.1317 0.9912
vn -0.0321 -0.4042 0.9141
vn -0.0512 -0.6452 0.7623
vn -0.0662 -0.8344 0.5472
vn -0.0758 -0.9553 0.2858
vn -0.0791 -0.9969 -0.0000
vn -0.0758 -0.9553 -0.2858
vn -0.0662 -0.8344 -0.5472
vn -0.0512 -0.6452 -0.7623
vn -0.0321 -0.4042 -0.9141
vn -0.0104 -0.1317 -0.9912
vn 0.0119 0.1505 -0.9885
vn 0.0333 0.4201 -0.9069
vn 0.0521 0.6562 -0.7528
vn 0.0666 0.8401 -0.5384
vn 0.0759 0.9568 -0.2806
vn -0.1282 0.9512 0.2806
vn -0.1335 0.9910 0.0000
vn -0.1125 0.8352 0.5384
vn -0.0879 0.6524 0.7528
vn -0.0563 0.4177 0.9069
vn -0.0202 0.1496 0.9885
vn 0.0176 -0.1309 0.9912
vn 0.0542 -0.4019 0.9141
vn 0.0864 -0.6414 0.7623
vn 0.1118 -0.8295 0.5472
vn 0.1280 -0.9497 0.2858
vn 0.1335 -0.9910 -0.0000
vn 0.1280 -0.9497 -0.2858
vn 0.1118 -0.8295 -0.5472
vn 0.0864 -0.6414 -0.7623
vn 0.0542 -0.4019 -0.9141
vn 0.0176 -0.1309 -0.9912
vn -0.0202 0.1496 -0.9885
vn -0.0563 0.4177 -0.9069
vn -0.0879 0.6524 -0.7528
vn -0.1125 0.8352 -0.5384
vn -0.1282 0.9512 -0.2806
vn -0.3281 0.9020 0.2806
vn -0.3419 0.9397 0.0000
vn -0.2881 0.7919 0.5384
vn -0.2251 0.6186 0.7528
vn -0.1441 0.3961 0.9068
vn -0.0516 0.1420 0.9885
vn 0.0451 -0.1240 0.9913
vn 0.1386 -0.3809 0.9142
vn 0.2212 -0.6081 0.7624
vn 0.2861 -0.7865 0.5473
vn 0.3276 -0.9005 0.2859
vn 0.3419 -0.9397 -0.0000
vn 0.3276 -0.9005 -0.2859
vn 0.2861 -0.7865 -0.5473
vn 0.2212 -0.6081 -0.7624
vn 0.1386 -0.3809 -0.9142
vn 0.0451 -0.1240 -0.9913
vn -0.0516 0.1420 -0.9885
vn -0.1441 0.3961 -0.9068
vn -0.2251 0.6186 -0.7528
vn -0.2881 0.7919 -0.5384
vn -0.3281 0.9020 -0.2806
vn -0.5166 0.8089 0.2806
vn -0.5383 0.8428 0.0000
vn -0.4536 0.7102 0.5384
vn -0.3544 0.5548 0.7527
vn -0.2269 0.3553 0.9068
vn -0.0814 0.1275 0.9885
vn 0.0709 -0.1110 0.9913
vn 0.2180 -0.3413 0.9143
vn 0.3481 -0.5451 0.7627
vn 0.4504 -0.7052 0.5476
vn 0.5158 -0.8076 0.2861
vn 0.5383 -0.8428 -0.0000
vn 0.5158 -0.8076 -0.2861
vn 0.4504 -0.7052 -0.5476
vn 0.3481 -0.5451 -0.7627
vn 0.2180 -0.3413 -0.9143
vn 0.0709 -0.1110 -0.9913
vn -0.0814 0.1275 -0.9885
vn -0.2269 0.3553 -0.9068
vn -0.3544 0.5548 -0.7527
vn -0.4536 0.7102 -0.5384
vn -0.5166 0.8089 -0.2806
vn -0.6825 0.6749 0.2806
vn -0.7111 0.7031 0.0000
vn -0.5992 0.5925 0.5384
vn -0.4681 0.4629 0.7527
vn -0.2998 0.2965 0.9068
vn -0.1076 0.1064 0.9885
vn 0.0936 -0.0925 0.9913
vn 0.2879 -0.2847 0.9143
vn 0.4599 -0.4547 0.7627
vn 0.5950 -0.5883 0.5476
vn 0.6814 -0.6737 0.2861
vn 0.7111 -0.7031 -0.0000
vn 0.6814 -0.6737 -0.2861
vn 0.5950 -0.5883 -0.5476
vn 0.4599 -0.4547 -0.7627
vn 0.2879 -0.2847 -0.9143
vn 0.0936 -0.0925 -0.9913
vn -0.1076 0.1064 -0.9885
vn -0.2998 0.2965 -0.9068
vn -0.4681 0.4629 -0.7527
vn -0.5992 0.5925 -0.5384
vn -0.6825 0.6749 -0.2806
vn -0.8147 0.5075 0.2806
vn -0.8488 0.5287 0.0000
vn -0.7153 0.4456 0.5384
vn -0.5588 0.3481 0.7527
vn -0.3579 0.2229 0.9068
vn -0.1284 0.0800 0.9885
vn 0.1118 -0.0696 0.9913
vn 0.3438 -0.2141 0.9143
vn 0.5490 -0.3420 0.7627
vn 0.7102 -0.4424 0.5476
vn 0.8133 -0.5066 0.2861
vn 0.8488 -0.5287 -0.0000
vn 0.8133 -0.5066 -0.2861
vn 0.7102 -0.4424 -0.5476
vn 0.5490 -0.3420 -0.7627
vn 0.3438 -0.2141 -0.9143
vn 0.1118 -0.0696 -0.9913
vn -0.1284 0.0800 -0.9885
vn -0.3579 0.2229 -0.9068
vn -0.5588 0.3481 -0.7527
vn -0.7153 0.4456 -0.5384
vn -0.8147 0.5075 -0.2806
vn -0.9056 0.3180 0.2806
vn -0.9435 0.3313 0.0000
vn -0.7951 0.2792 0.5384
vn -0.6211 0.2181 0.7528
vn -0.3977 0.1396 0.9068
vn -0.1425 0.0500 0.9885
vn 0.1245 -0.0437 0.9913
vn 0.3824 -0.1343 0.9142
vn 0.6105 -0.2143 0.7624
vn 0.7897 -0.2772 0.5473
vn 0.9042 -0.3174 0.2859
vn 0.9435 -0.3313 -0.0000
vn 0.9042 -0.3174 -0.2859
vn 0.7897 -0.2772 -0.5473
vn 0.6105 -0.2143 -0.7625
vn 0.3824 -0.1343 -0.9142
vn 0.1245 -0.0437 -0.9913
vn -0.1425 0.0500 -0.9885
vn -0.3977 0.1396 -0.9068
vn -0.6211 0.2181 -0.7528
vn -0.7951 0.2792 -0.5384
vn -0.9056 0.3180 -0.2806
vn -0.9526 0.1175 0.2806
vn -0.9925 0.1224 0.0000
vn -0.8364 0.1031 0.5384
vn -0.6533 0.0806 0.7528
vn -0.4183 0.0516 0.9069
vn -0.1498 0.0185 0.9885
vn 0.1311 -0.0162 0.9912
vn 0.4025 -0.0496 0.9141
vn 0.6424 -0.0792 0.7623
vn 0.8307 -0.1024 0.5472
vn 0.9511 -0.1173 0.2858
vn 0.9925 -0.1224 -0.0000
vn 0.9511 -0.1173 -0.2858
vn 0.8307 -0.1024 -0.5472
vn 0.6424 -0.0792 -0.7623
vn 0.4025 -0.0496 -0.9141
vn 0.1311 -0.0162 -0.9912
vn -0.1498 0.0185 -0.9885
vn -0.4183 0.0516 -0.9069
vn -0.6533 0.0806 -0.7528
vn -0.8364 0.1031 -0.5384
vn -0.9526 0.1175 -0.2806
vn -0.9559 -0.0867 0.2806
vn -0.9959 -0.0903 0.0000
vn -0.8393 -0.0761 0.5384
vn -0.6556 -0.0594 0.7528
vn -0.4197 -0.0381 0.9069
vn -0.1503 -0.0136 0.9885
vn 0.1316 0.0119 0.9912
vn 0.4039 0.0366 0.9141
vn 0.6446 0.0584 0.7623
vn 0.8336 0.0756 0.5472
vn 0.9544 0.0865 0.2858
vn 0.9959 0.0903 -0.0000
vn 0.9544 0.0865 -0.2858
vn 0.8336 0.0756 -0.5472
vn 0.6446 0.0584 -0.7623
vn 0.4039 0.0366 -0.9141
vn 0.1316 0.0119 -0.9912
vn -0.1503 -0.0136 -0.9885
vn -0.4197 -0.0381 -0.9069
vn -0.6556 -0.0594 -0.7528
vn -0.8393 -0.0761 -0.5384
vn -0.9559 -0.0867 -0.2806
vn -0.9154 -0.2886 0.2806
vn -0.9537 -0.3007 0.0000
vn -0.8037 -0.2534 0.5384
vn -0.6278 -0.1979 0.7528
vn -0.4020 -0.1267 0.9068
vn -0.1441 -0.0454 0.9885
vn 0.1258 0.0397 0.9913
vn 0.3866 0.1219 0.9142
vn 0.6171 0.1945 0.7624
vn 0.7982 0.2516 0.5473
vn 0.9139 0.2881 0.2859
vn 0.9537 0.3007 -0.0000
vn 0.9139 0.2881 -0.2859
vn 0.7982 0.2516 -0.5473
vn 0.6171 0.1945 -0.7625
vn 0.3865 0.1219 -0.9142
vn 0.1258 0.0397 -0.9913
vn -0.1441 -0.0454 -0.9885
vn -0.4020 -0.1267 -0.9068
vn -0.6278 -0.1979 -0.7528
vn -0.8037 -0.2534 -0.5384
vn -0.9154 -0.2886 -0.2806
vn -0.8306 -0.4810 0.2806
vn -0.8654 -0.5011 0.0000
vn -0.7293 -0.4223 0.5384
vn -0.5697 -0.3299 0.7527
vn -0.3649 -0.2113 0.9068
vn -0.1309 -0.0758 0.9885
vn 0.1139 0.0660 0.9913
vn 0.3505 0.2029 0.9143
vn 0.5597 0.3241 0.7627
vn 0.7241 0.4193 0.5476
vn 0.8292 0.4801 0.2861
vn 0.8654 0.5011 -0.0000
vn 0.8292 0.4801 -0.2861
vn 0.7241 0.4193 -0.5476
vn 0.5597 0.3241 -0.7627
vn 0.3505 0.2029 -0.9143
vn 0.1139 0.0660 -0.9913
vn -0.1309 -0.0758 -0.9885
vn -0.3649 -0.2113 -0.9068
vn -0.5697 -0.3299 -0.7527
vn -0.7293 -0.4223 -0.5384
vn -0.8306 -0.4810 -0.2806
vn -0.7039 -0.6525 0.2806
vn -0.7334 -0.6798 0.0000
vn -0.6180 -0.5729 0.5384
vn -0.4828 -0.4475 0.7527
vn -0.3092 -0.2866 0.9068
vn -0.1110 -0.1029 0.9885
vn 0.0965 0.0895 0.9913
vn 0.2970 0.2753 0.9143
vn 0.4743 0.4397 0.7627
vn 0.6137 0.5688 0.5476
vn 0.7027 0.6514 0.2861
vn 0.7334 0.6798 -0.0000
vn 0.7027 0.6514 -0.2861
vn 0.6137 0.5688 -0.5476
vn 0.4743 0.4397 -0.7627
vn 0.2970 0.2753 -0.9143
vn 0.0965 0.0895 -0.9913
vn -0.1110 -0.1029 -0.9885
vn -0.3092 -0.2866 -0.9068
vn -0.4828 -0.4475 -0.7527
vn -0.6180 -0.5729 -0.5384
vn -0.7039 -0.6525 -0.2806
vn -0.5425 -0.7918 0.2806
vn -0.5652 -0.8250 0.0000
vn -0.4763 -0.6952 0.5384
vn -0.3721 -0.5431 0.7527
vn -0.2383 -0.3478 0.9068
vn -0.0855 -0.1248 0.9885
vn 0.0744 0.1086 0.9913
vn 0.2289 0.3341 0.9143
vn 0.3655 0.5336 0.7627
vn 0.4729 0.6903 0.5476
vn 0.5415 0.7905 0.2861
vn 0.5652 0.8250 -0.0000
vn 0.5415 0.7905 -0.2861
vn 0.4729 0.6903 -0.5476
vn 0.3655 0.5336 -0.7627
vn 0.2289 0.3341 -0.9143
vn 0.0744 0.1086 -0.9913
vn -0.0855 -0.1248 -0.9885
vn -0.2383 -0.3478 -0.9068
vn -0.3721 -0.5431 -0.7527
vn -0.4763 -0.6952 -0.5384
vn -0.5425 -0.7918 -0.2806
vn -0.4099 -0.8677 0.2813
vn -0.4265 -0.9045 -0.0001
vn -0.3607 -0.7606 0.5398
vn -0.2825 -0.5922 0.7546
vn -0.1809 -0.3765 0.9086
vn -0.0634 -0.1308 0.9894
vn 0.0611 0.1249 0.9903
vn 0.1827 0.3699 0.9109
vn 0.2912 0.5845 0.7574
vn 0.3768 0.7511 0.5421
vn 0.4314 0.8568 0.2827
vn 0.4498 0.8931 0.0002
vn 0.4304 0.8573 -0.2823
vn 0.3752 0.7520 -0.5420
vn 0.2895 0.5851 -0.7575
vn 0.1814 0.3702 -0.9111
vn 0.0605 0.1247 -0.9903
vn -0.0632 -0.1312 -0.9893
vn -0.1801 -0.3770 -0.9086
vn -0.2814 -0.5927 -0.7547
vn -0.3597 -0.7610 -0.5399
vn -0.4093 -0.8679 -0.2815
vn -0.3630 -0.8896 0.2774
vn -0.3784 -0.9257 0.0000
vn -0.3189 -0.7830 0.5341
vn -0.2494 -0.6127 0.7500
vn -0.1593 -0.3910 0.9065
vn -0.0556 -0.1355 0.9892
vn 0.0536 0.1319 0.9898
vn 0.1593 0.3875 0.9080
vn 0.2526 0.6093 0.7517
vn 0.3258 0.7792 0.5354
vn 0.3726 0.8853 0.2781
vn 0.3892 0.9212 0.0002
vn 0.3741 0.8848 -0.2777
vn 0.3282 0.7785 -0.5350
vn 0.2552 0.6085 -0.7514
vn 0.1611 0.3870 -0.9079
vn 0.0542 0.1316 -0.9898
vn -0.0563 -0.1355 -0.9892
vn -0.1611 -0.3906 -0.9063
vn -0.2515 -0.6121 -0.7497
vn -0.3208 -0.7823 -0.5339
vn -0.3641 -0.8891 -0.2773
vn -0.3325 -0.9000 0.2820
vn -0.3466 -0.9380 0.0001
vn -0.2910 -0.7892 0.5408
vn -0.2258 -0.6148 0.7557
vn -0.1429 -0.3908 0.9093
vn -0.0493 -0.1352 0.9896
vn 0.0472 0.1316 0.9902
vn 0.1389 0.3885 0.9109
vn 0.2187 0.6147 0.7579
vn 0.2805 0.7916 0.5429
vn 0.3195 0.9043 0.2832
vn 0.3328 0.9430 -0.0001
vn 0.3192 0.9044 -0.2833
vn 0.2799 0.7918 -0.5430
vn 0.2180 0.6149 -0.7579
vn 0.1383 0.3887 -0.9109
vn 0.0470 0.1319 -0.9902
vn -0.0489 -0.1351 -0.9896
vn -0.1421 -0.3909 -0.9094
vn -0.2249 -0.6151 -0.7557
vn -0.2901 -0.7896 -0.5408
vn -0.3320 -0.9002 -0.2818
vn -0.2676 -0.9215 0.2816
vn -0.2789 -0.9603 0.0000
vn -0.2345 -0.8081 0.5403
vn -0.1826 -0.6298 0.7550
vn -0.1161 -0.4009 0.9088
vn -0.0403 -0.1398 0.9894
vn 0.0387 0.1326 0.9904
vn 0.1146 0.3948 0.9116
vn 0.1814 0.6256 0.7588
vn 0.2336 0.8061 0.5437
vn 0.2669 0.9210 0.2837
vn 0.2783 0.9605 -0.0000
vn 0.2669 0.9210 -0.2837
vn 0.2336 0.8061 -0.5437
vn 0.1814 0.6256 -0.7588
vn 0.1146 0.3948 -0.9116
vn 0.0387 0.1326 -0.9904
vn -0.0403 -0.1398 -0.9894
vn -0.1161 -0.4009 -0.9088
vn -0.1826 -0.6298 -0.7550
vn -0.2345 -0.8081 -0.5403
vn -0.2676 -0.9215 -0.2816
vn -0.1224 -0.9520 0.2805
vn -0.1276 -0.9918 0.0000
vn -0.1075 -0.8359 0.5383
vn -0.0839 -0.6530 0.7527
vn -0.0537 -0.4183 0.9067
vn -0.0193 -0.1502 0.9885
vn 0.0168 0.1304 0.9913
vn 0.0516 0.4016 0.9144
vn 0.0823 0.6414 0.7627
vn 0.1065 0.8299 0.5476
vn 0.1219 0.9504 0.2861
vn 0.1273 0.9919 -0.0000
vn 0.1220 0.9504 -0.2861
vn 0.1065 0.8299 -0.5476
vn 0.0824 0.6414 -0.7627
vn 0.0516 0.4016 -0.9144
vn 0.0168 0.1304 -0.9913
vn -0.0193 -0.1502 -0.9885
vn -0.0538 -0.4183 -0.9067
vn -0.0840 -0.6530 -0.7527
vn -0.1075 -0.8359 -0.5383
vn -0.1224 -0.9520 -0.2805
vn -0.0146 -0.9594 0.2818
vn -0.0152 -0.9999 0.0000
vn -0.0128 -0.8411 0.5408
vn -0.0099 -0.6546 0.7559
vn -0.0063 -0.4151 0.9097
vn -0.0021 -0.1420 0.9899
vn 0.0021 0.1426 0.9898
vn 0.0062 0.4156 0.9095
vn 0.0097 0.6550 0.7556
vn 0.0124 0.8413 0.5405
vn 0.0141 0.9594 0.2816
vn 0.0147 0.9999 -0.0000
vn 0.0141 0.9594 -0.2816
vn 0.0124 0.8413 -0.5405
vn 0.0097 0.6550 -0.7556
vn 0.0061 0.4157 -0.9095
vn 0.0021 0.1426 -0.9898
vn -0.0021 -0.1420 -0.9899
vn -0.0062 -0.4151 -0.9097
vn -0.0099 -0.6546 -0.7559
vn -0.0127 -0.8411 -0.5408
vn -0.0146 -0.9594 -0.2818
vn 0.9999 -0.0138 -0.0000
vn 0.9999 -0.0138 0.0000
vn 0.9998 -0.0185 0.0000
vn 0.9998 -0.0185 -0.0000
v 0.159599 0.023615 -0.013896
v 0.161221 0.023615 -0.002618
v 0.121188 0.023615 -0.002618
v 0.154865 0.023615 -0.024261
v 0.147404 0.023615 -0.032873
v 0.137818 0.023615 -0.039033
v 0.126885 0.023615 -0.042243
v 0.115491 0.023615 -0.042243
v 0.104558 0.023615 -0.039033
v 0.094972 0.023615 -0.032873
v 0.08751 0.023615 -0.024261
v 0.082777 0.023615 -0.013896
v 0.081155 0.023615 -0.002618
v 0.082777 0.023615 0.008661
v 0.08751 0.023615 0.019026
v 0.094972 0.023615 0.027637
v 0.104558 0.023615 0.033797
v 0.115491 0.023615 0.037008
v 0.126885 0.023615 0.037008
v 0.137818 0.023615 0.033797
v 0.147404 0.023615 0.027637
v 0.154865 0.023615 0.019026
v 0.159599 0.023615 0.008661
v 0.159599 0.036063 -0.013896
v 0.161221 0.036063 -0.002618
v 0.154865 0.036063 -0.024261
v 0.147404 0.036063 -0.032873
v 0.137818 0.036063 -0.039033
v 0.126885 0.036063 -0.042243
v 0.115491 0.036063 -0.042243
v 0.104558 0.036063 -0.039033
v 0.094972 0.036063 -0.032873
v 0.08751 0.036063 -0.024261
v 0.082777 0.036063 -0.013896
v 0.081155 0.036063 -0.002618
v 0.082777 0.036063 0.008661
v 0.08751 0.036063 0.019026
v 0.094972 0.036063 0.027637
v 0.104558 0.036063 0.033797
v 0.115491 0.036063 0.037008
v 0.126885 0.036063 0.037008
v 0.137818 0.036063 0.033797
v 0.147404 0.036063 0.027637
v 0.154865 0.036063 0.019026
v 0.159599 0.036063 0.008661
v 0.159599 0.048511 -0.013896
v 0.161221 0.048511 -0.002618
v 0.154865 0.048511 -0.024261
v 0.147404 0.048511 -0.032873
v 0.137818 0.048511 -0.039033
v 0.126885 0.048511 -0.042243
v 0.115491 0.048511 -0.042243
v 0.104558 0.048511 -0.039033
v 0.094972 0.048511 -0.032873
v 0.08751 0.048511 -0.024261
v 0.082777 0.048511 -0.013896
v 0.081155 0.048511 -0.002618
v 0.082777 0.048511 0.008661
v 0.08751 0.048511 0.019026
v 0.094972 0.048511 0.027637
v 0.104558 0.048511 0.033797
v 0.115491 0.048511 0.037008
v 0.126885 0.048511 0.037008
v 0.137818 0.048511 0.033797
v 0.147404 0.048511 0.027637
v 0.154865 0.048511 0.019026
v 0.159599 0.048511 0.008661
v 0.159599 0.060959 -0.013896
v 0.161221 0.060959 -0.002618
v 0.154865 0.060959 -0.024261
v 0.147404 0.060959 -0.032873
v 0.137818 0.060959 -0.039033
v 0.126885 0.060959 -0.042243
v 0.115491 0.060959 -0.042243
v 0.104558 0.060959 -0.039033
v 0.094972 0.060959 -0.032873
v 0.08751 0.060959 -0.024261
v 0.082777 0.060959 -0.013896
v 0.081155 0.060959 -0.002618
v 0.082777 0.060959 0.008661
v 0.08751 0.060959 0.019026
v 0.094972 0.060959 0.027637
v 0.104558 0.060959 0.033797
v 0.115491 0.060959 0.037008
v 0.126885 0.060959 0.037008
v 0.137818 0.060959 0.033797
v 0.147404 0.060959 0.027637
v 0.154865 0.060959 0.019026
v 0.159599 0.060959 0.008661
v 0.159599 0.073406 -0.013896
v 0.161221 0.073406 -0.002618
v 0.154865 0.073406 -0.024261
v 0.147404 0.073406 -0.032873
v 0.137818 0.073406 -0.039033
v 0.126885 0.073406 -0.042243
v 0.115491 0.073406 -0.042243
v 0.104558 0.073406 -0.039033
v 0.094972 0.073406 -0.032873
v 0.08751 0.073406 -0.024261
v 0.082777 0.073406 -0.013896
v 0.081155 0.073406 -0.002618
v 0.082777 0.073406 0.008661
v 0.08751 0.073406 0.019026
v 0.094972 0.073406 0.027637
v 0.104558 0.073406 0.033797
v 0.115491 0.073406 0.037008
v 0.126885 0.073406 0.037008
v 0.137818 0.073406 0.033797
v 0.147404 0.073406 0.027637
v 0.154865 0.073406 0.019026
v 0.159599 0.073406 0.008661
v 0.159599 0.085854 -0.013896
v 0.161221 0.085854 -0.002618
v 0.154865 0.085854 -0.024261
v 0.147404 0.085854 -0.032873
v 0.137818 0.085854 -0.039033
v 0.126885 0.085854 -0.042243
v 0.115491 0.085854 -0.042243
v 0.104558 0.085854 -0.039033
v 0.094972 0.085854 -0.032873
v 0.08751 0.085854 -0.024261
v 0.082777 0.085854 -0.013896
v 0.081155 0.085854 -0.002618
v 0.082777 0.085854 0.008661
v 0.08751 0.085854 0.019026
v 0.094972 0.085854 0.027637
v 0.104558 0.085854 0.033797
v 0.115491 0.085854 0.037008
v 0.126885 0.085854 0.037008
v 0.137818 0.085854 0.033797
v 0.147404 0.085854 0.027637
v 0.154865 0.085854 0.019026
v 0.159599 0.085854 0.008661
v 0.121188 0.085854 -0.002618
vn 0.0000 -1.0000 -0.0000
vn 0.9595 0.0000 -0.2817
vn 1.0000 0.0000 0.0000
vn 0.8413 0.0000 -0.5406
vn 0.6549 0.0000 -0.7557
vn 0.4154 0.0000 -0.9096
vn 0.1423 0.0000 -0.9898
vn -0.1423 0.0000 -0.9898
vn -0.4154 0.0000 -0.9096
vn -0.6549 0.0000 -0.7557
vn -0.8413 0.0000 -0.5406
vn -0.9595 0.0000 -0.2817
vn -1.0000 0.0000 -0.0000
vn -1.0000 0.0000 0.0000
vn -0.9595 0.0000 0.2817
vn -0.8413 0.0000 0.5406
vn -0.6549 0.0000 0.7557
vn -0.4154 0.0000 0.9096
vn -0.1423 0.0000 0.9898
vn 0.1423 0.0000 0.9898
vn 0.4154 0.0000 0.9096
vn 0.6549 0.0000 0.7558
vn 0.8413 0.0000 0.5406
vn 0.9595 0.0000 0.2817
vn 0.0000 1.0000 -0.0000
vt 0.7955 0.0000 0.0000
vt 0.7500 0.0000 0.0000
vt 0.5000 0.0000 0.0000
vt 0.8409 0.0000 0.0000
vt 0.8864 0.0000 0.0000
vt 0.9318 0.0000 0.0000
vt 0.9773 0.0000 0.0000
vt 0.0227 0.0000 0.0000
vt 0.0682 0.0000 0.0000
vt 0.1136 0.0000 0.0000
vt 0.1591 0.0000 0.0000
vt 0.2045 0.0000 0.0000
vt 0.2500 0.0000 0.0000
vt 0.2955 0.0000 0.0000
vt 0.3409 0.0000 0.0000
vt 0.3864 0.0000 0.0000
vt 0.4318 0.0000 0.0000
vt 0.4773 0.0000 0.0000
vt 0.5227 0.0000 0.0000
vt 0.5682 0.0000 0.0000
vt 0.6136 0.0000 0.0000
vt 0.6591 0.0000 0.0000
vt 0.7045 0.0000 0.0000
vt 0.7955 0.2000 0.0000
vt 0.7500 0.2000 0.0000
vt 0.8409 0.2000 0.0000
vt 0.8864 0.2000 0.0000
vt 0.9318 0.2000 0.0000
vt 0.9773 0.2000 0.0000
vt 0.0227 0.2000 0.0000
vt -0.0227 0.2000 0.0000
vt -0.0227 0.0000 0.0000
vt 0.0682 0.2000 0.0000
vt 0.1136 0.2000 0.0000
vt 0.1591 0.2000 0.0000
vt 0.2045 0.2000 0.0000
vt 0.2500 0.2000 0.0000
vt 0.2955 0.2000 0.0000
vt 0.3409 0.2000 0.0000
vt 0.3864 0.2000 0.0000
vt 0.4318 0.2000 0.0000
vt 0.4773 0.2000 0.0000
vt 0.5227 0.2000 0.0000
vt 0.5682 0.2000 0.0000
vt 0.6136 0.2000 0.0000
vt 0.6591 0.2000 0.0000
vt 0.7045 0.2000 0.0000
vt 0.7955 0.4000 0.0000
vt 0.7500 0.4000 0.0000
vt 0.8409 0.4000 0.0000
vt 0.8864 0.4000 0.0000
vt 0.9318 0.4000 0.0000
vt 0.9773 0.4000 0.0000
vt 0.0227 0.4000 0.0000
vt -0.0227 0.4000 0.0000
vt 0.0682 0.4000 0.0000
vt 0.1136 0.4000 0.0000
vt 0.1591 0.4000 0.0000
vt 0.2045 0.4000 0.0000
vt 0.2500 0.4000 0.0000
vt 0.2955 0.4000 0.0000
vt 0.3409 0.4000 0.0000
vt 0.3864 0.4000 0.0000
vt 0.4318 0.4000 0.0000
vt 0.4773 0.4000 0.0000
vt 0.5227 0.4000 0.0000
vt 0.5682 0.4000 0.0000
vt 0.6136 0.4000 0.0000
vt 0.6591 0.4000 0.0000
vt 0.7045 0.4000 0.0000
vt 0.7955 0.6000 0.0000
vt 0.7500 0.6000 0.0000
vt 0.8409 0.6000 0.0000
vt 0.8864 0.6000 0.0000
vt 0.9318 0.6000 0.0000
vt 0.9773 0.6000 0.0000
vt 0.0227 0.6000 0.0000
vt -0.0227 0.6000 0.0000
vt 0.0682 0.6000 0.0000
vt 0.1136 0.6000 0.0000
vt 0.1591 0.6000 0.0000
vt 0.2045 0.6000 0.0000
vt 0.2500 0.6000 0.0000
vt 0.2955 0.6000 0.0000
vt 0.3409 0.6000 0.0000
vt 0.3864 0.6000 0.0000
vt 0.4318 0.6000 0.0000
vt 0.4773 0.6000 0.0000
vt 0.5227 0.6000 0.0000
vt 0.5682 0.6000 0.0000
vt 0.6136 0.6000 0.0000
vt 0.6591 0.6000 0.0000
vt 0.7045 0.6000 0.0000
vt 0.7955 0.8000 0.0000
vt 0.7500 0.8000 0.0000
vt 0.8409 0.8000 0.0000
vt 0.8864 0.8000 0.0000
vt 0.9318 0.8000 0.0000
vt 0.9773 0.8000 0.0000
vt 0.0227 0.8000 0.0000
vt -0.0227 0.8000 0.0000
vt 0.0682 0.8000 0.0000
vt 0.1136 0.8000 0.0000
vt 0.1591 0.8000 0.0000
vt 0.2045 0.8000 0.0000
vt 0.2500 0.8000 0.0000
vt 0.2955 0.8000 0.0000
vt 0.3409 0.8000 0.0000
vt 0.3864 0.8000 0.0000
vt 0.4318 0.8000 0.0000
vt 0.4773 0.8000 0.0000
vt 0.5227 0.8000 0.0000
vt 0.5682 0.8000 0.0000
vt 0.6136 0.8000 0.0000
vt 0.6591 0.8000 0.0000
vt 0.7045 0.8000 0.0000
vt 0.7955 1.0000 0.0000
vt 0.7500 1.0000 0.0000
vt 0.8409 1.0000 0.0000
vt 0.8864 1.0000 0.0000
vt 0.9318 1.0000 0.0000
vt 0.9773 1.0000 0.0000
vt 0.0227 1.0000 0.0000
vt -0.0227 1.0000 0.0000
vt 0.0682 1.0000 0.0000
vt 0.1136 1.0000 0.0000
vt 0.1591 1.0000 0.0000
vt 0.2045 1.0000 0.0000
vt 0.2500 1.0000 0.0000
vt 0.2955 1.0000 0.0000
vt 0.3409 1.0000 0.0000
vt 0.3864 1.0000 0.0000
vt 0.4318 1.0000 0.0000
vt 0.4773 1.0000 0.0000
vt 0.5227 1.0000 0.0000
vt 0.5682 1.0000 0.0000
vt 0.6136 1.0000 0.0000
vt 0.6591 1.0000 0.0000
vt 0.7045 1.0000 0.0000
vt 0.5000 1.0000 0.0000
v 0.05613 0.023615 -0.011328
v 0.057767 0.023615 0.000057
v 0.017357 0.023615 0.000057
v 0.051352 0.023615 -0.021791
v 0.04382 0.023615 -0.030483
v 0.034144 0.023615 -0.036702
v 0.023108 0.023615 -0.039942
v 0.011606 0.023615 -0.039942
v 0.000571 0.023615 -0.036702
v -0.009105 0.023615 -0.030483
v -0.016637 0.023615 -0.021791
v -0.021415 0.023615 -0.011328
v -0.023052 0.023615 0.000057
v -0.021415 0.023615 0.011441
v -0.016637 0.023615 0.021904
v -0.009105 0.023615 0.030596
v 0.000571 0.023615 0.036814
v 0.011606 0.023615 0.040055
v 0.023108 0.023615 0.040055
v 0.034144 0.023615 0.036814
v 0.04382 0.023615 0.030596
v 0.051352 0.023615 0.021904
v 0.05613 0.023615 0.011441
v 0.05613 0.036063 -0.011328
v 0.057767 0.036063 0.000057
v 0.051352 0.036063 -0.021791
v 0.04382 0.036063 -0.030483
v 0.034144 0.036063 -0.036702
v 0.023108 0.036063 -0.039942
v 0.011606 0.036063 -0.039942
v 0.000571 0.036063 -0.036702
v -0.009105 0.036063 -0.030483
v -0.016637 0.036063 -0.021791
v -0.021415 0.036063 -0.011328
v -0.023052 0.036063 0.000057
v -0.021415 0.036063 0.011441
v -0.016637 0.036063 0.021904
v -0.009105 0.036063 0.030596
v 0.000571 0.036063 0.036814
v 0.011606 0.036063 0.040055
v 0.023108 0.036063 0.040055
v 0.034144 0.036063 0.036814
v 0.04382 0.036063 0.030596
v 0.051352 0.036063 0.021904
v 0.05613 0.036063 0.011441
v 0.05613 0.048511 -0.011328
v 0.057767 0.048511 0.000057
v 0.051352 0.048511 -0.021791
v 0.04382 0.048511 -0.030483
v 0.034144 0.048511 -0.036702
v 0.023108 0.048511 -0.039942
v 0.011606 0.048511 -0.039942
v 0.000571 0.048511 -0.036702
v -0.009105 0.048511 -0.030483
v -0.016637 0.048511 -0.021791
v -0.021415 0.048511 -0.011328
v -0.023052 0.048511 0.000057
v -0.021415 0.048511 0.011441
v -0.016637 0.048511 0.021904
v -0.009105 0.048511 0.030596
v 0.000571 0.048511 0.036814
v 0.011606 0.048511 0.040055
v 0.023108 0.048511 0.040055
v 0.034144 0.048511 0.036814
v 0.04382 0.048511 0.030596
v 0.051352 0.048511 0.021904
v 0.05613 0.048511 0.011441
v 0.05613 0.060959 -0.011328
v 0.057767 0.060959 0.000057
v 0.051352 0.060959 -0.021791
v 0.04382 0.060959 -0.030483
v 0.034144 0.060959 -0.036702
v 0.023108 0.060959 -0.039942
v 0.011606 0.060959 -0.039942
v 0.000571 0.060959 -0.036702
v -0.009105 0.060959 -0.030483
v -0.016637 0.060959 -0.021791
v -0.021415 0.060959 -0.011328
v -0.023052 0.060959 0.000057
v -0.021415 0.060959 0.011441
v -0.016637 0.060959 0.021904
v -0.009105 0.060959 0.030596
v 0.000571 0.060959 0.036814
v 0.011606 0.060959 0.040055
v 0.023108 0.060959 0.040055
v 0.034144 0.060959 0.036814
v 0.04382 0.060959 0.030596
v 0.051352 0.060959 0.021904
v 0.05613 0.060959 0.011441
v 0.05613 0.073406 -0.011328
v 0.057767 0.073406 0.000057
v 0.051352 0.073406 -0.021791
v 0.04382 0.073406 -0.030483
v 0.034144 0.073406 -0.036702
v 0.023108 0.073406 -0.039942
v 0.011606 0.073406 -0.039942
v 0.000571 0.073406 -0.036702
v -0.009105 0.073406 -0.030483
v -0.016637 0.073406 -0.021791
v -0.021415 0.073406 -0.011328
v -0.023052 0.073406 0.000057
v -0.021415 0.073406 0.011441
v -0.016637 0.073406 0.021904
v -0.009105 0.073406 0.030596
v 0.000571 0.073406 0.036814
v 0.011606 0.073406 0.040055
v 0.023108 0.073406 0.040055
v 0.034144 0.073406 0.036814
v 0.04382 0.073406 0.030596
v 0.051352 0.073406 0.021904
v 0.05613 0.073406 0.011441
v 0.05613 0.085854 -0.011328
v 0.057767 0.085854 0.000057
v 0.051352 0.085854 -0.021791
v 0.04382 0.085854 -0.030483
v 0.034144 0.085854 -0.036702
v 0.023108 0.085854 -0.039942
v 0.011606 0.085854 -0.039942
v 0.000571 0.085854 -0.036702
v -0.009105 0.085854 -0.030483
v -0.016637 0.085854 -0.021791
v -0.021415 0.085854 -0.011328
v -0.023052 0.085854 0.000057
v -0.021415 0.085854 0.011441
v -0.016637 0.085854 0.021904
v -0.009105 0.085854 0.030596
v 0.000571 0.085854 0.036814
v 0.011606 0.085854 0.040055
v 0.023108 0.085854 0.040055
v 0.034144 0.085854 0.036814
v 0.04382 0.085854 0.030596
v 0.051352 0.085854 0.021904
v 0.05613 0.085854 0.011441
v 0.017357 0.085854 0.000057
vn 0.0000 -1.0000 -0.0000
vn 0.9595 0.0000 -0.2817
vn 1.0000 0.0000 0.0000
vn 0.8413 0.0000 -0.5406
vn 0.6549 0.0000 -0.7557
vn 0.4154 0.0000 -0.9096
vn 0.1423 0.0000 -0.9898
vn -0.1423 0.0000 -0.9898
vn -0.4154 0.0000 -0.9096
vn -0.6549 0.0000 -0.7557
vn -0.8413 0.0000 -0.5406
vn -0.9595 0.0000 -0.2817
vn -1.0000 0.0000 -0.0000
vn -1.0000 0.0000 0.0000
vn -0.9595 0.0000 0.2817
vn -0.8413 0.0000 0.5406
vn -0.6549 0.0000 0.7557
vn -0.4154 0.0000 0.9096
vn -0.1423 0.0000 0.9898
vn 0.1423 0.0000 0.9898
vn 0.4154 0.0000 0.9096
vn 0.6549 0.0000 0.7558
vn 0.8413 0.0000 0.5406
vn 0.9595 0.0000 0.2817
vn 0.0000 1.0000 -0.0000
vt 0.7955 0.0000 0.0000
vt 0.7500 0.0000 0.0000
vt 0.5000 0.0000 0.0000
vt 0.8409 0.0000 0.0000
vt 0.8864 0.0000 0.0000
vt 0.9318 0.0000 0.0000
vt 0.9773 0.0000 0.0000
vt 0.0227 0.0000 0.0000
vt 0.0682 0.0000 0.0000
vt 0.1136 0.0000 0.0000
vt 0.1591 0.0000 0.0000
vt 0.2045 0.0000 0.0000
vt 0.2500 0.0000 0.0000
vt 0.2955 0.0000 0.0000
vt 0.3409 0.0000 0.0000
vt 0.3864 0.0000 0.0000
vt 0.4318 0.0000 0.0000
vt 0.4773 0.0000 0.0000
vt 0.5227 0.0000 0.0000
vt 0.5682 0.0000 0.0000
vt 0.6136 0.0000 0.0000
vt 0.6591 0.0000 0.0000
vt 0.7045 0.0000 0.0000
vt 0.7955 0.2000 0.0000
vt 0.7500 0.2000 0.0000
vt 0.8409 0.2000 0.0000
vt 0.8864 0.2000 0.0000
vt 0.9318 0.2000 0.0000
vt 0.9773 0.2000 0.0000
vt 0.0227 0.2000 0.0000
vt -0.0227 0.2000 0.0000
vt -0.0227 0.0000 0.0000
vt 0.0682 0.2000 0.0000
vt 0.1136 0.2000 0.0000
vt 0.1591 0.2000 0.0000
vt 0.2045 0.2000 0.0000
vt 0.2500 0.2000 0.0000
vt 0.2955 0.2000 0.0000
vt 0.3409 0.2000 0.0000
vt 0.3864 0.2000 0.0000
vt 0.4318 0.2000 0.0000
vt 0.4773 0.2000 0.0000
vt 0.5227 0.2000 0.0000
vt 0.5682 0.2000 0.0000
vt 0.6136 0.2000 0.0000
vt 0.6591 0.2000 0.0000
vt 0.7045 0.2000 0.0000
vt 0.7955 0.4000 0.0000
vt 0.7500 0.4000 0.0000
vt 0.8409 0.4000 0.0000
vt 0.8864 0.4000 0.0000
vt 0.9318 0.4000 0.0000
vt 0.9773 0.4000 0.0000
vt 0.0227 0.4000 0.0000
vt -0.0227 0.4000 0.0000
vt 0.0682 0.4000 0.0000
vt 0.1136 0.4000 0.0000
vt 0.1591 0.4000 0.0000
vt 0.2045 0.4000 0.0000
vt 0.2500 0.4000 0.0000
vt 0.2955 0.4000 0.0000
vt 0.3409 0.4000 0.0000
vt 0.3864 0.4000 0.0000
vt 0.4318 0.4000 0.0000
vt 0.4773 0.4000 0.0000
vt 0.5227 0.4000 0.0000
vt 0.5682 0.4000 0.0000
vt 0.6136 0.4000 0.0000
vt 0.6591 0.4000 0.0000
vt 0.7045 0.4000 0.0000
vt 0.7955 0.6000 0.0000
vt 0.7500 0.6000 0.0000
vt 0.8409 0.6000 0.0000
vt 0.8864 0.6000 0.0000
vt 0.9318 0.6000 0.0000
vt 0.9773 0.6000 0.0000
vt 0.0227 0.6000 0.0000
vt -0.0227 0.6000 0.0000
vt 0.0682 0.6000 0.0000
vt 0.1136 0.6000 0.0000
vt 0.1591 0.6000 0.0000
vt 0.2045 0.6000 0.0000
vt 0.2500 0.6000 0.0000
vt 0.2955 0.6000 0.0000
vt 0.3409 0.6000 0.0000
vt 0.3864 0.6000 0.0000
vt 0.4318 0.6000 0.0000
vt 0.4773 0.6000 0.0000
vt 0.5227 0.6000 0.0000
vt 0.5682 0.6000 0.0000
vt 0.6136 0.6000 0.0000
vt 0.6591 0.6000 0.0000
vt 0.7045 0.6000 0.0000
vt 0.7955 0.8000 0.0000
vt 0.7500 0.8000 0.0000
vt 0.8409 0.8000 0.0000
vt 0.8864 0.8000 0.0000
vt 0.9318 0.8000 0.0000
vt 0.9773 0.8000 0.0000
vt 0.0227 0.8000 0.0000
vt -0.0227 0.8000 0.0000
vt 0.0682 0.8000 0.0000
vt 0.1136 0.8000 0.0000
vt 0.1591 0.8000 0.0000
vt 0.2045 0.8000 0.0000
vt 0.2500 0.8000 0.0000
vt 0.2955 0.8000 0.0000
vt 0.3409 0.8000 0.0000
vt 0.3864 0.8000 0.0000
vt 0.4318 0.8000 0.0000
vt 0.4773 0.8000 0.0000
vt 0.5227 0.8000 0.0000
vt 0.5682 0.8000 0.0000
vt 0.6136 0.8000 0.0000
vt 0.6591 0.8000 0.0000
vt 0.7045 0.8000 0.0000
vt 0.7955 1.0000 0.0000
vt 0.7500 1.0000 0.0000
vt 0.8409 1.0000 0.0000
vt 0.8864 1.0000 0.0000
vt 0.9318 1.0000 0.0000
vt 0.9773 1.0000 0.0000
vt 0.0227 1.0000 0.0000
vt -0.0227 1.0000 0.0000
vt 0.0682 1.0000 0.0000
vt 0.1136 1.0000 0.0000
vt 0.1591 1.0000 0.0000
vt 0.2045 1.0000 0.0000
vt 0.2500 1.0000 0.0000
vt 0.2955 1.0000 0.0000
vt 0.3409 1.0000 0.0000
vt 0.3864 1.0000 0.0000
vt 0.4318 1.0000 0.0000
vt 0.4773 1.0000 0.0000
vt 0.5227 1.0000 0.0000
vt 0.5682 1.0000 0.0000
vt 0.6136 1.0000 0.0000
vt 0.6591 1.0000 0.0000
vt 0.7045 1.0000 0.0000
vt 0.5000 1.0000 0.0000
f 2955/1347/2760 2956/1348/2760 2957/1349/2760 2958/1350/2760
f 2959/1351/2760 2958/1350/2760 2957/1349/2760 2960/1352/2760
f 2961/1353/2760 2960/1352/2760 2957/1349/2760 2962/1354/2760
f 2963/1355/2760 2962/1354/2760 2957/1349/2760 2964/1356/2760
f 2965/1357/2760 2964/1356/2760 2957/1349/2760 2966/1358/2760
f 2967/1359/2760 2966/1358/2760 2957/1349/2760 2968/1360/2760
f 2969/1361/2760 2968/1360/2760 2957/1349/2760 2970/1362/2760
f 2971/1363/2760 2970/1362/2760 2957/1349/2760 2972/1364/2760
f 2973/1365/2760 2972/1364/2760 2957/1349/2760 2974/1366/2760
f 2975/1367/2760 2974/1366/2760 2957/1349/2760 2976/1368/2760
f 2977/1369/2760 2976/1368/2760 2957/1349/2760 2956/1348/2760
f 2978/1370/2761 2979/1371/2762 2956/1348/2762 2955/1347/2761
f 2980/1372/2763 2978/1370/2761 2955/1347/2761 2958/1350/2763
f 2981/1373/2764 2980/1372/2763 2958/1350/2763 2959/1351/2764
f 2982/1374/2765 2981/1373/2764 2959/1351/2764 2960/1352/2765
f 2983/1375/2766 2982/1374/2765 2960/1352/2765 2961/1353/2766
f 2984/1376/2767 2983/1377/2766 2961/1378/2766 2962/1354/2767
f 2985/1379/2768 2984/1376/2767 2962/1354/2767 2963/1355/2768
f 2986/1380/2769 2985/1379/2768 2963/1355/2768 2964/1356/2769
f 2987/1381/2770 2986/1380/2769 2964/1356/2769 2965/1357/2770
f 2988/1382/2771 2987/1381/2770 2965/1357/2770 2966/1358/2771
f 2989/1383/2772 2988/1382/2771 2966/1358/2771 2967/1359/2773
f 2990/1384/2774 2989/1383/2772 2967/1359/2773 2968/1360/2774
f 2991/1385/2775 2990/1384/2774 2968/1360/2774 2969/1361/2775
f 2992/1386/2776 2991/1385/2775 2969/1361/2775 2970/1362/2776
f 2993/1387/2777 2992/1386/2776 2970/1362/2776 2971/1363/2777
f 2994/1388/2778 2993/1387/2777 2971/1363/2777 2972/1364/2778
f 2995/1389/2779 2994/1388/2778 2972/1364/2778 2973/1365/2779
f 2996/1390/2780 2995/1389/2779 2973/1365/2779 2974/1366/2780
f 2997/1391/2781 2996/1390/2780 2974/1366/2780 2975/1367/2781
f 2998/1392/2782 2997/1391/2781 2975/1367/2781 2976/1368/2782
f 2999/1393/2783 2998/1392/2782 2976/1368/2782 2977/1369/2783
f 2979/1371/2762 2999/1393/2783 2977/1369/2783 2956/1348/2762
f 3000/1394/2761 3001/1395/2762 2979/1371/2762 2978/1370/2761
f 3002/1396/2763 3000/1394/2761 2978/1370/2761 2980/1372/2763
f 3003/1397/2764 3002/1396/2763 2980/1372/2763 2981/1373/2764
f 3004/1398/2765 3003/1397/2764 2981/1373/2764 2982/1374/2765
f 3005/1399/2766 3004/1398/2765 2982/1374/2765 2983/1375/2766
f 3006/1400/2767 3005/1401/2766 2983/1377/2766 2984/1376/2767
f 3007/1402/2768 3006/1400/2767 2984/1376/2767 2985/1379/2768
f 3008/1403/2769 3007/1402/2768 2985/1379/2768 2986/1380/2769
f 3009/1404/2770 3008/1403/2769 2986/1380/2769 2987/1381/2770
f 3010/1405/2771 3009/1404/2770 2987/1381/2770 2988/1382/2771
f 3011/1406/2772 3010/1405/2771 2988/1382/2771 2989/1383/2772
f 3012/1407/2774 3011/1406/2772 2989/1383/2772 2990/1384/2774
f 3013/1408/2775 3012/1407/2774 2990/1384/2774 2991/1385/2775
f 3014/1409/2776 3013/1408/2775 2991/1385/2775 2992/1386/2776
f 3015/1410/2777 3014/1409/2776 2992/1386/2776 2993/1387/2777
f 3016/1411/2778 3015/1410/2777 2993/1387/2777 2994/1388/2778
f 3017/1412/2779 3016/1411/2778 2994/1388/2778 2995/1389/2779
f 3018/1413/2780 3017/1412/2779 2995/1389/2779 2996/1390/2780
f 3019/1414/2781 3018/1413/2780 2996/1390/2780 2997/1391/2781
f 3020/1415/2782 3019/1414/2781 2997/1391/2781 2998/1392/2782
f 3021/1416/2783 3020/1415/2782 2998/1392/2782 2999/1393/2783
f 3001/1395/2762 3021/1416/2783 2999/1393/2783 2979/1371/2762
f 3022/1417/2761 3023/1418/2762 3001/1395/2762 3000/1394/2761
f 3024/1419/2763 3022/1417/2761 3000/1394/2761 3002/1396/2763
f 3025/1420/2764 3024/1419/2763 3002/1396/2763 3003/1397/2764
f 3026/1421/2765 3025/1420/2764 3003/1397/2764 3004/1398/2765
f 3027/1422/2766 3026/1421/2765 3004/1398/2765 3005/1399/2766
f 3028/1423/2767 3027/1424/2766 3005/1401/2766 3006/1400/2767
f 3029/1425/2768 3028/1423/2767 3006/1400/2767 3007/1402/2768
f 3030/1426/2769 3029/1425/2768 3007/1402/2768 3008/1403/2769
f 3031/1427/2770 3030/1426/2769 3008/1403/2769 3009/1404/2770
f 3032/1428/2771 3031/1427/2770 3009/1404/2770 3010/1405/2771
f 3033/1429/2773 3032/1428/2771 3010/1405/2771 3011/1406/2772
f 3034/1430/2774 3033/1429/2773 3011/1406/2772 3012/1407/2774
f 3035/1431/2775 3034/1430/2774 3012/1407/2774 3013/1408/2775
f 3036/1432/2776 3035/1431/2775 3013/1408/2775 3014/1409/2776
f 3037/1433/2777 3036/1432/2776 3014/1409/2776 3015/1410/2777
f 3038/1434/2778 3037/1433/2777 3015/1410/2777 3016/1411/2778
f 3039/1435/2779 3038/1434/2778 3016/1411/2778 3017/1412/2779
f 3040/1436/2780 3039/1435/2779 3017/1412/2779 3018/1413/2780
f 3041/1437/2781 3040/1436/2780 3018/1413/2780 3019/1414/2781
f 3042/1438/2782 3041/1437/2781 3019/1414/2781 3020/1415/2782
f 3043/1439/2783 3042/1438/2782 3020/1415/2782 3021/1416/2783
f 3023/1418/2762 3043/1439/2783 3021/1416/2783 3001/1395/2762
f 3044/1440/2761 3045/1441/2762 3023/1418/2762 3022/1417/2761
f 3046/1442/2763 3044/1440/2761 3022/1417/2761 3024/1419/2763
f 3047/1443/2764 3046/1442/2763 3024/1419/2763 3025/1420/2764
f 3048/1444/2765 3047/1443/2764 3025/1420/2764 3026/1421/2765
f 3049/1445/2766 3048/1444/2765 3026/1421/2765 3027/1422/2766
f 3050/1446/2767 3049/1447/2766 3027/1424/2766 3028/1423/2767
f 3051/1448/2768 3050/1446/2767 3028/1423/2767 3029/1425/2768
f 3052/1449/2769 3051/1448/2768 3029/1425/2768 3030/1426/2769
f 3053/1450/2770 3052/1449/2769 3030/1426/2769 3031/1427/2770
f 3054/1451/2771 3053/1450/2770 3031/1427/2770 3032/1428/2771
f 3055/1452/2772 3054/1451/2771 3032/1428/2771 3033/1429/2773
f 3056/1453/2774 3055/1452/2772 3033/1429/2773 3034/1430/2774
f 3057/1454/2775 3056/1453/2774 3034/1430/2774 3035/1431/2775
f 3058/1455/2776 3057/1454/2775 3035/1431/2775 3036/1432/2776
f 3059/1456/2777 3058/1455/2776 3036/1432/2776 3037/1433/2777
f 3060/1457/2778 3059/1456/2777 3037/1433/2777 3038/1434/2778
f 3061/1458/2779 3060/1457/2778 3038/1434/2778 3039/1435/2779
f 3062/1459/2780 3061/1458/2779 3039/1435/2779 3040/1436/2780
f 3063/1460/2781 3062/1459/2780 3040/1436/2780 3041/1437/2781
f 3064/1461/2782 3063/1460/2781 3041/1437/2781 3042/1438/2782
f 3065/1462/2783 3064/1461/2782 3042/1438/2782 3043/1439/2783
f 3045/1441/2762 3065/1462/2783 3043/1439/2783 3023/1418/2762
f 3066/1463/2761 3067/1464/2762 3045/1441/2762 3044/1440/2761
f 3068/1465/2763 3066/1463/2761 3044/1440/2761 3046/1442/2763
f 3069/1466/2764 3068/1465/2763 3046/1442/2763 3047/1443/2764
f 3070/1467/2765 3069/1466/2764 3047/1443/2764 3048/1444/2765
f 3071/1468/2766 3070/1467/2765 3048/1444/2765 3049/1445/2766
f 3072/1469/2767 3071/1470/2766 3049/1447/2766 3050/1446/2767
f 3073/1471/2768 3072/1469/2767 3050/1446/2767 3051/1448/2768
f 3074/1472/2769 3073/1471/2768 3051/1448/2768 3052/1449/2769
f 3075/1473/2770 3074/1472/2769 3052/1449/2769 3053/1450/2770
f 3076/1474/2771 3075/1473/2770 3053/1450/2770 3054/1451/2771
f 3077/1475/2773 3076/1474/2771 3054/1451/2771 3055/1452/2772
f 3078/1476/2774 3077/1475/2773 3055/1452/2772 3056/1453/2774
f 3079/1477/2775 3078/1476/2774 3056/1453/2774 3057/1454/2775
f 3080/1478/2776 3079/1477/2775 3057/1454/2775 3058/1455/2776
f 3081/1479/2777 3080/1478/2776 3058/1455/2776 3059/1456/2777
f 3082/1480/2778 3081/1479/2777 3059/1456/2777 3060/1457/2778
f 3083/1481/2779 3082/1480/2778 3060/1457/2778 3061/1458/2779
f 3084/1482/2780 3083/1481/2779 3061/1458/2779 3062/1459/2780
f 3085/1483/2781 3084/1482/2780 3062/1459/2780 3063/1460/2781
f 3086/1484/2782 3085/1483/2781 3063/1460/2781 3064/1461/2782
f 3087/1485/2783 3086/1484/2782 3064/1461/2782 3065/1462/2783
f 3067/1464/2762 3087/1485/2783 3065/1462/2783 3045/1441/2762
f 3067/1464/2784 3066/1463/2784 3088/1486/2784 3087/1485/2784
f 3086/1484/2784 3087/1485/2784 3088/1486/2784 3085/1483/2784
f 3084/1482/2784 3085/1483/2784 3088/1486/2784 3083/1481/2784
f 3082/1480/2784 3083/1481/2784 3088/1486/2784 3081/1479/2784
f 3080/1478/2784 3081/1479/2784 3088/1486/2784 3079/1477/2784
f 3078/1476/2784 3079/1477/2784 3088/1486/2784 3077/1475/2784
f 3076/1474/2784 3077/1475/2784 3088/1486/2784 3075/1473/2784
f 3074/1472/2784 3075/1473/2784 3088/1486/2784 3073/1471/2784
f 3072/1469/2784 3073/1471/2784 3088/1486/2784 3071/1470/2784
f 3070/1467/2784 3071/1468/2784 3088/1486/2784 3069/1466/2784
f 3068/1465/2784 3069/1466/2784 3088/1486/2784 3066/1463/2784
