# Blender 5.2.2 LTS
# www.blender.org
mtllib Sketchfab_2021_04_22_01_54_40.mtl
o Motorhome
v 0.699775 0.301845 2.109118
v 0.699775 0.301845 2.564104
v 0.699775 0.926340 2.503141
v 0.699775 0.343045 -2.745311
v 0.599289 0.926340 -2.744651
v 0.699775 0.301845 1.322395
v 0.699775 0.301845 -1.026536
v 0.699775 0.301845 -1.753580
v 0.699775 2.298533 1.700909
v 0.699775 0.648841 1.995411
v 0.566763 0.819822 -2.744651
v 0.628159 0.703010 2.526208
v 0.699775 0.648841 1.490294
v 0.699775 0.628245 -1.097250
v 0.699775 0.628245 -1.682866
v 1.176273 0.812911 -0.282731
v 0.699775 0.301845 1.735932
v 0.699775 0.754107 1.735932
v 1.176273 0.926340 -0.402320
v 0.699775 0.301845 -1.387092
v 0.699775 0.747433 -1.387092
v 0.599289 0.878510 -2.744651
v 0.665010 0.843820 2.516954
v 0.699775 0.481632 2.089900
v 0.699775 0.484454 -2.742363
v 0.592652 0.515898 2.558238
v 0.699775 0.481632 1.395806
v 0.699775 0.481632 -1.026536
v 0.699775 0.481632 -1.753580
v 0.699775 0.481632 1.735932
v 0.699775 0.481632 -1.387092
v 0.487372 0.301845 2.109118
v 0.487372 0.301845 1.376587
v 0.487372 0.301845 -1.026536
v 0.487372 0.301845 -1.753580
v 0.487372 0.301845 1.735932
v 0.487372 0.301845 -1.387092
v 0.699775 0.301845 2.163310
v 0.699775 0.301845 1.376587
v 0.699775 0.301845 -0.972344
v 0.699775 0.266165 -1.807431
v 0.433180 0.301845 2.163310
v 0.433180 0.301845 1.322395
v 0.433180 0.301845 -0.972344
v 0.433180 0.266165 -1.807431
v 0.433180 0.301845 -1.387092
v 0.433180 0.301845 1.735932
v 1.176273 0.481632 2.141248
v 1.176273 0.301845 2.163310
v 1.176273 0.926340 1.735932
v 1.176273 0.926340 2.163310
v 1.176273 0.484454 -2.742363
v 1.176273 0.343045 -2.745311
v 1.176273 0.266165 -1.807431
v 0.950705 1.840145 1.452868
v 1.059055 0.481632 2.481734
v 1.059055 0.301845 2.481734
v 1.181712 0.926340 1.322395
v 1.176273 0.481632 1.344457
v 1.176273 0.301845 1.322395
v 1.176273 0.301845 -0.972344
v 1.176273 0.926340 -1.387092
v 1.176273 0.926340 -0.972344
v 1.176273 0.481632 -0.972344
v 1.058195 1.845863 -2.707458
v 1.176273 0.926340 -1.807772
v 1.176273 0.557894 -2.140179
v 1.176273 0.878510 2.163310
v 1.176273 0.703033 2.032779
v 1.176273 0.878510 -2.744651
v 1.176273 0.686811 -2.744651
v 1.059055 0.878510 2.432305
v 1.059055 0.703010 2.443838
v 1.188607 0.878510 1.322395
v 1.177100 0.703033 1.452926
v 1.176273 0.878510 -0.972344
v 1.176273 0.682437 -1.053600
v 1.176273 0.803289 -2.140179
v 1.176273 0.683986 -2.114702
v 1.176273 0.801624 -1.387092
v 1.176273 0.808299 1.735932
v 1.176273 0.878510 1.735932
v 1.176273 0.878510 -1.387092
v 1.201917 0.481632 2.089900
v 1.201917 0.301845 2.109118
v 1.201917 0.481632 1.395806
v 1.201917 0.301845 1.376587
v 1.201917 0.481632 -1.026536
v 1.201917 0.301845 -1.026536
v 1.201917 0.481632 -1.753580
v 1.201917 0.301845 -1.753580
v 1.201917 0.747433 -1.387092
v 1.201917 0.628245 -1.097250
v 1.201917 0.754107 1.735932
v 1.201917 0.648841 1.995411
v 1.201917 0.648841 1.490294
v 1.201917 0.628245 -1.682866
v 1.059055 0.926340 2.420771
v 0.699775 1.840145 1.452868
v 0.696101 1.844036 -2.707458
v 1.176273 0.926340 -2.744651
v 1.015812 1.838249 1.189761
v 1.015812 1.838249 1.309700
v 1.031855 1.878340 -1.446087
v 1.060501 1.840145 -0.945296
v 1.015812 1.838249 1.012309
v 1.050110 1.206707 2.144498
v 0.699775 1.206707 2.170610
v 0.626562 1.279457 -2.691290
v 1.140557 1.206707 -2.730016
v 1.140557 1.206707 1.732396
v 1.140557 1.206707 2.013913
v 1.102112 1.326821 -1.446087
v 1.140557 1.207784 -0.955797
v 1.102115 1.326821 -1.785666
v 1.140557 1.206707 1.289348
v 0.699775 0.301845 0.626016
v 0.433180 0.301845 0.626016
v 1.176273 0.926340 0.626016
v 1.176273 0.301845 0.626016
v 1.176273 0.814147 -0.076201
v 1.176273 0.878510 0.626016
v 1.176273 0.481632 0.628849
v 1.060284 1.841849 0.298713
v 1.155875 1.086462 -0.076022
v 0.433180 0.301845 0.735790
v 1.176273 0.926340 0.735790
v 1.176273 0.698145 0.770487
v 1.176273 0.878510 0.735790
v 1.176273 0.481632 0.741654
v 1.015812 1.838249 0.751380
v 0.699775 0.301845 0.735790
v 1.176273 0.301845 0.735790
v 1.140557 1.206707 0.727005
v 0.958820 1.788840 1.510903
v 0.623350 1.792502 -2.669149
v 1.036241 1.787183 1.256596
v 1.038390 1.827036 -1.446087
v 1.036241 1.790736 1.036498
v 0.699775 1.764139 1.538845
v 1.067037 1.789635 -2.707458
v 1.036241 1.790736 1.368762
v 1.067037 1.788840 -0.945296
v 1.066825 1.790504 0.296747
v 1.036241 1.790736 0.732373
v 0.699775 1.968265 1.735484
v 0.623350 1.899149 -2.669148
v 0.696101 2.138714 -2.707458
v 1.060501 1.968265 -1.785666
v 1.054111 1.966370 1.423906
v 0.699775 2.398261 1.629306
v 1.054111 1.966370 1.012309
v 1.054111 1.966370 1.189816
v 1.031855 1.928921 -1.446087
v 1.060501 1.968265 -0.945296
v 1.024202 1.968265 1.735484
v 1.058195 1.973984 -2.707458
v 1.054111 1.966370 0.751380
v 1.060473 1.872235 0.257995
v 0.433180 0.301845 -0.402320
v 0.696101 2.305271 -2.707458
v 1.155875 1.086462 -0.279093
v 1.060501 2.301379 -1.785666
v 1.054111 2.299484 1.423906
v 1.176273 0.301845 -0.402320
v 1.054111 2.299484 1.150362
v 1.060501 2.301379 -1.368548
v 1.060501 2.301379 -0.945296
v 1.024202 2.298533 1.700909
v 1.058195 2.307098 -2.707458
v 1.054111 2.299484 0.789505
v 0.699775 0.301845 -0.402320
v 1.060501 2.301379 0.571213
v 0.699775 2.398261 -1.368548
v 0.699775 2.398261 -0.945296
v 0.696463 2.401769 -2.616674
v 0.699775 2.398261 -1.785666
v 1.036051 2.372794 -1.785666
v 1.054111 2.396365 1.423906
v 1.054111 2.391740 1.150362
v 1.036051 2.372794 -1.368548
v 1.036051 2.372794 -0.945296
v 1.034395 2.397615 1.629306
v 1.033972 2.377949 -2.616674
v 1.054111 2.395489 0.789505
v 1.054111 2.132927 0.751380
v 1.060501 2.398261 0.643359
v 1.176273 0.878510 -0.402320
v 1.176273 0.481632 -0.401309
v 1.060501 1.840145 -0.378732
v 1.067112 1.788247 -0.258597
v 1.060451 1.872235 -0.217178
v 1.060501 2.301379 -0.378732
v 0.699775 2.398261 -0.378732
v 1.060501 2.398261 -0.378732
v 0.699775 2.597626 1.140717
v 0.699775 2.592134 1.269796
v 0.699775 2.567419 1.451868
v 0.699775 2.597626 0.992863
v 1.031945 2.564477 1.269796
v 0.699775 2.594880 0.760420
v 1.031945 2.569970 0.992863
v 1.031945 2.569970 1.140717
v 1.012228 2.541012 1.451868
v 1.031945 2.567224 0.760420
v 0.699775 2.553689 -0.165799
v 0.699775 2.593507 0.647103
v 1.038335 2.527928 -0.165799
v 1.038335 2.567746 0.647103
v 1.054111 2.132927 1.189816
v 1.054111 2.132927 1.012309
v 0.699775 2.132763 1.769760
v 1.060501 2.134822 -1.785666
v 1.058195 2.140541 -2.707458
v 1.060501 2.134822 -1.368548
v 1.060501 2.134822 0.643359
v 1.060501 2.134822 -0.945296
v 1.024202 2.132763 1.769760
v 1.054111 2.132927 1.423906
v 1.060501 2.134822 -0.378732
v 1.054111 2.071460 1.189816
v 0.699775 2.072056 1.770267
v 1.060501 2.073355 -1.785666
v 1.060501 2.073355 0.643359
v 1.024202 2.072056 1.770267
v 1.054111 2.071460 0.751380
v 0.696101 2.077246 -2.707458
v 1.054111 2.071460 1.012309
v 1.058195 2.079073 -2.707458
v 1.060501 2.073355 -1.368548
v 1.060501 2.073355 -0.945296
v 1.054111 2.071460 1.423906
v 1.060501 2.073355 -0.378732
v 0.699775 0.333378 -2.531974
v 1.176273 0.333378 -2.531974
v 1.176273 0.926340 -2.531541
v 1.176273 0.685816 -2.513058
v 1.176273 0.803289 -2.446414
v 1.176273 0.558795 -2.446414
v 1.058720 1.844562 -2.497780
v 1.102113 1.326821 -2.422454
v 1.067037 1.789454 -2.497780
v 1.030267 1.932857 -2.420241
v 1.058720 2.305797 -2.497780
v 0.697216 2.400971 -2.427646
v 1.034445 2.376776 -2.427646
v 1.058720 2.139240 -2.497780
v 1.058720 2.077773 -2.497780
v 0.699775 0.336844 -2.608453
v 1.176273 0.336844 -2.608453
v 1.140557 1.207167 -2.591291
v 1.067037 1.789519 -2.572948
v 1.176273 0.926340 -2.607939
v 1.176273 0.686173 -2.596082
v 1.176273 0.878510 -2.607939
v 1.176273 0.484042 -2.605985
v 1.058532 1.845029 -2.572948
v 1.058532 1.973149 -2.572948
v 1.058532 2.306263 -2.572948
v 0.696946 2.401257 -2.495411
v 1.034275 2.377197 -2.495411
v 1.058532 2.139706 -2.572948
v 1.058532 2.078239 -2.572948
v 0.967576 0.301845 2.502707
v 1.074063 0.301845 -1.026536
v 0.967576 0.926340 2.441744
v 1.074063 0.481632 -1.026536
v 1.074063 0.301845 1.376587
v 1.054949 0.266165 -1.807431
v 1.054949 0.926340 -2.744651
v 1.054949 0.301845 1.322395
v 1.074063 0.481632 1.395806
v 1.054949 0.343045 -2.745311
v 1.054949 0.484454 -2.742363
v 1.074063 0.481632 2.089900
v 1.074063 0.628245 -1.682866
v 1.054949 0.301845 2.163310
v 1.074063 0.301845 2.109118
v 1.074063 0.648841 1.490294
v 1.074063 0.648841 1.995411
v 1.074063 0.754107 1.735932
v 0.967576 0.878510 2.453277
v 1.074063 0.628245 -1.097250
v 1.074063 0.747433 -1.387092
v 1.054949 0.686811 -2.744651
v 1.054949 0.878510 -2.744651
v 1.074063 0.481632 -1.753580
v 1.074063 0.301845 -1.753580
v 1.054949 0.301845 -0.972344
v 0.967576 0.703010 2.464811
v 0.967576 0.481632 2.502707
v 0.886814 1.840145 1.452868
v 0.966000 1.845398 -2.707458
v 1.028327 1.206707 -2.730016
v 0.960909 1.206707 2.145208
v 1.054949 0.301845 0.626016
v 1.054949 0.301845 0.735790
v 0.845928 1.755336 1.546341
v 0.972590 1.790423 -2.707458
v 0.941598 1.968265 1.735484
v 0.966000 1.973519 -2.707458
v 0.941598 2.298533 1.700909
v 0.966000 2.306633 -2.707458
v 0.968654 2.398261 -1.785666
v 0.968654 2.398261 -1.368548
v 0.968654 2.398261 -0.945296
v 0.949195 2.397779 1.629306
v 0.966261 2.402997 -2.616674
v 0.968654 2.398261 -0.378732
v 1.054949 0.301845 -0.402320
v 0.963891 2.590721 1.269796
v 0.963891 2.596213 0.992863
v 0.963891 2.596213 1.140717
v 0.949195 2.566937 1.451868
v 0.968654 2.593507 0.647103
v 0.963891 2.593467 0.760420
v 0.968654 2.553689 -0.165799
v 0.941598 2.132763 1.769760
v 0.966000 2.140076 -2.707458
v 0.966000 2.078608 -2.707458
v 0.941598 2.072056 1.770267
v 0.966806 2.401919 -2.427646
v 1.054949 0.333378 -2.531974
v 0.966610 2.402306 -2.495411
v 1.054949 0.336844 -2.608453
v 1.054949 0.484054 -2.777727
v 1.201394 0.484172 -2.767255
v 0.699775 0.686411 -2.780015
v 0.699775 0.484054 -2.777727
v 1.054949 0.686411 -2.780015
v 1.201155 0.686527 -2.769782
v 1.211639 0.686173 -2.596082
v 1.211639 0.484042 -2.605985
v 0.699775 0.301845 2.363707
v 1.125822 0.923784 2.292331
v 1.117664 0.301845 2.322522
v 1.121900 0.702587 2.308125
v 1.125822 0.875953 2.298098
v 1.117664 0.481632 2.311491
v 0.983258 1.839197 1.381284
v 1.095334 1.206707 2.079206
v 0.997530 1.789788 1.439832
v 1.039157 1.967318 1.579695
v 1.039157 2.298372 1.578322
v 1.044253 2.396990 1.526606
v 0.699775 2.579776 1.360832
v 1.022087 2.552745 1.360832
v 1.039157 2.132845 1.579009
v 1.039157 2.071758 1.579262
v 0.956543 2.578829 1.360832
v 1.011263 0.301845 2.333008
v 0.705453 0.880137 2.539443
v 0.705453 0.704637 2.550977
v 0.973255 0.880137 2.478046
v 0.973255 0.704637 2.489580
v 1.075117 0.879636 2.452031
v 1.074725 0.704163 2.463876
v 1.144853 0.703009 2.319141
v 1.148775 0.876376 2.309114
v 1.054111 2.254330 0.789505
v 0.696101 2.221992 -2.707458
v 1.054111 2.216206 1.012309
v 1.058195 2.223819 -2.707458
v 1.060501 2.218101 -1.368548
v 1.060501 2.218101 -0.945296
v 1.054111 2.216206 1.423906
v 1.060501 2.218101 -0.378732
v 1.054111 2.254330 1.150362
v 0.699775 2.215012 1.769073
v 1.060501 2.218101 -1.785666
v 1.060501 2.218101 0.511798
v 1.024202 2.215012 1.769073
v 1.058720 2.222518 -2.497780
v 1.058532 2.222985 -2.572948
v 0.941598 2.215012 1.769073
v 0.966000 2.223354 -2.707458
v 1.039157 2.215609 1.578665
v 1.054111 2.412674 0.790295
v 0.699775 2.441204 -0.319901
v 1.054111 2.413324 1.150362
v 1.054111 2.413324 1.006993
v 0.699775 2.444998 1.580281
v 1.060501 2.451145 0.680467
v 1.060501 2.441204 -0.319901
v 1.034395 2.444352 1.580281
v 1.054111 2.449931 1.381327
v 0.949195 2.444516 1.580281
v 0.968654 2.441204 -0.319901
v 1.044253 2.447142 1.480804
v 1.054111 2.216206 0.751380
v 1.054111 2.299484 0.751380
v 1.054111 2.396365 0.751380
v 1.054111 2.396365 1.189816
v 1.054111 2.299484 1.189816
v 1.054111 2.451448 1.188331
v 1.054111 2.216206 1.189816
v 1.054111 2.254330 1.012309
v 1.054111 2.450690 0.753878
v 1.054111 2.451448 1.006936
v 0.699775 0.878510 2.514674
v 0.699775 0.703010 2.526208
v 0.699775 0.481632 2.564104
v 0.699775 0.346762 -2.771206
v 1.211474 0.301845 0.626016
v 1.211474 0.301845 -0.402320
v 0.703733 0.481632 2.599081
v 0.703733 0.301845 2.599081
v 0.975442 0.301845 2.537017
v 1.082454 0.302052 2.508031
v 1.054949 0.346762 -2.771206
v 0.975442 0.481632 2.537017
v 1.082454 0.481838 2.508031
v 1.208517 0.484658 2.155042
v 1.208763 0.303248 2.176783
v 1.200922 0.346161 -2.763913
v 1.211474 0.336844 -2.608453
v 1.150821 0.302556 2.334319
v 1.209910 0.484350 1.334445
v 1.210697 0.302684 1.315091
v 1.210147 0.483327 -0.962922
v 1.210618 0.301845 -0.964628
v 1.210149 0.483326 -1.817188
v 1.210563 0.265768 -1.815378
v 1.208836 0.814994 -1.387061
v 1.208794 0.692371 -1.044500
v 1.208758 0.821856 1.735843
v 1.208516 0.713788 2.041932
v 1.208499 0.713753 1.443671
v 1.208800 0.692383 -1.735582
v 1.150821 0.482369 2.323288
v 1.211474 0.483812 -2.529774
v 1.211474 0.481632 0.741654
v 1.233600 0.486570 2.104423
v 1.233538 0.303609 2.124484
v 1.233600 0.486570 1.381283
v 1.233538 0.303609 1.361221
v 1.233940 0.484931 -1.012298
v 1.233735 0.301845 -1.011479
v 1.233940 0.484931 -1.767818
v 1.233735 0.301845 -1.768637
v 1.234480 0.760802 -1.387043
v 1.234425 0.637787 -1.087697
v 1.234402 0.767664 1.735791
v 1.234118 0.659118 2.005237
v 1.234098 0.659057 1.480340
v 1.234432 0.637811 -1.692374
v 1.211474 0.301845 0.735790
v 1.211474 0.481632 -0.401309
v 1.211474 0.481632 0.628849
v 1.211474 0.333378 -2.531974
v 1.067037 1.788840 -1.368548
v 1.060501 1.840145 -1.368548
v 1.140557 1.207707 -1.379677
v 1.140557 1.207919 -1.795072
v 1.060501 1.968265 -1.368548
v 1.058720 1.972683 -2.497780
v 1.031854 1.928921 -1.785907
v 1.140557 1.207672 -2.511745
v 1.030199 1.882762 -2.420241
v 1.038439 1.827485 -2.420241
v 0.696101 1.792732 -2.707458
v 0.623350 1.844036 -2.669148
v 0.566763 1.073877 -2.736950
v 0.696101 1.972157 -2.707458
v 0.433180 0.301845 0.787614
v 1.180441 0.926340 0.787614
v 1.186778 0.698577 0.830778
v 1.186134 0.878510 0.787614
v 1.176273 0.481632 0.794910
v 1.015812 1.838249 0.774432
v 0.699775 0.301845 0.787614
v 1.176273 0.301845 0.787614
v 1.140557 1.206707 0.776686
v 1.036241 1.790736 0.759241
v 1.054111 1.966370 0.774432
v 1.054111 2.132927 0.774432
v 1.054111 2.071460 0.774432
v 1.054949 0.301845 0.787614
v 1.054111 2.216206 0.774432
v 1.054111 2.254330 0.809188
v 1.211336 0.481872 0.794025
v 1.211405 0.301919 0.786969
v 0.699775 1.261131 2.109046
v 1.135185 1.236527 1.979697
v 1.136771 1.237736 -0.953933
v 1.123316 1.438863 0.256442
v 1.135185 1.236527 0.726290
v 1.045409 1.236429 2.110877
v 1.135185 1.236527 1.705822
v 1.136771 1.237677 -1.377663
v 1.135185 1.236527 1.275335
v 1.123321 1.438864 -0.217732
v 0.917083 1.261131 2.087008
v 1.090297 1.236478 2.045287
v 1.098831 1.352581 -1.446087
v 1.135185 1.236527 0.774796
v 0.699775 0.301845 1.688138
v 0.699775 0.481632 1.690694
v 0.433180 0.301845 1.680930
v 0.699775 0.740106 1.703261
v 0.487372 0.301845 1.688138
v 1.175240 0.926340 1.680930
v 1.176273 0.794298 1.698291
v 1.179732 0.878510 1.680930
v 1.201917 0.740106 1.703261
v 1.015812 1.838249 1.166159
v 1.140557 1.206707 1.673468
v 1.036241 1.790736 1.209147
v 1.054111 1.966370 1.166207
v 1.054111 2.132927 1.166207
v 1.054111 2.071460 1.166207
v 1.074063 0.740106 1.703261
v 1.054111 2.216206 1.166207
v 1.054111 2.254330 1.132001
v 1.208724 0.807478 1.696983
v 1.234362 0.753219 1.701814
v 1.135185 1.236527 1.648565
v 0.699775 1.788840 1.510903
v 0.880424 1.780037 1.518398
v 0.957405 1.236429 2.111764
v 0.699775 1.236429 2.136989
v 0.699775 1.746969 1.523666
v 0.699775 1.243961 2.093868
v 0.845928 1.738166 1.531162
v 0.917083 1.243961 2.071830
v 1.119523 1.233705 1.705822
v 1.020578 1.784361 1.256596
v 1.021220 1.785842 1.366834
v 0.986700 1.780241 1.433137
v 1.122596 1.228318 1.974461
v 1.079466 1.226931 2.038592
v 1.116042 1.233078 1.275335
v 1.017098 1.787287 1.036498
v 1.017098 1.787287 1.209147
v 1.017098 1.787287 0.759241
v 1.116042 1.233078 0.774796
v 1.116042 1.233078 1.648565
v 0.349887 0.926340 -2.744651
v 0.349887 0.343045 -2.745311
v 0.349887 0.787297 -2.744651
v 0.349887 0.878510 -2.744651
v 0.349887 0.484454 -2.742363
v 0.349887 1.106358 -2.735254
v 0.349887 0.346762 -2.771206
v 0.349887 0.484254 -2.777645
v 0.313281 1.279457 -2.691290
v 0.349887 0.686610 -2.762475
v 0.349887 0.484252 -2.760186
v 1.060501 1.840145 0.643359
v 1.060501 1.968265 0.643359
v 1.067037 1.788840 0.640142
v 1.060501 1.968265 -0.378732
v 1.060579 1.839536 -0.257897
v 1.067037 1.788840 -0.379880
v 1.136771 1.236429 0.621726
v 1.136771 1.237776 -0.387893
v 1.060192 1.842616 0.257995
v 1.060501 1.912954 0.298713
v 1.066730 1.791247 0.256028
v 1.060501 1.912954 -0.257897
v 1.060608 1.839263 -0.217178
v 1.067147 1.787982 -0.217878
v 1.129781 1.398661 0.297208
v 1.129781 1.398661 -0.258434
v 1.025030 1.837021 -0.217185
v 1.024610 1.840433 0.257987
v 1.031444 1.786174 0.256030
v 1.031863 1.782895 -0.217876
v 1.024824 1.872306 0.257980
v 1.024802 1.872306 -0.217193
v 1.088119 1.433205 0.256446
v 1.088124 1.433206 -0.217728
v 1.079560 1.841354 -0.945296
v 1.079599 1.968265 -0.945296
v 1.192097 0.492324 -0.972328
v 1.222343 0.498023 -0.962924
v 1.195371 0.878510 -0.972344
v 1.195371 0.682437 -1.053600
v 1.195333 0.927539 -0.972344
v 1.176273 0.282748 -0.402320
v 1.176273 0.282748 -0.972344
v 1.223166 0.287449 -0.964653
v 1.159502 1.210212 -0.955680
v 1.141762 1.353374 -0.834880
v 1.159502 1.210247 -0.389664
v 1.099934 1.681723 -0.834880
v 1.099934 1.681723 -0.490236
v 1.195332 0.927554 -0.402320
v 1.195371 0.690948 -0.407087
v 1.195371 0.878510 -0.402320
v 1.189484 0.495422 -0.401288
v 1.079561 1.841345 -0.378732
v 1.079599 1.968265 -0.378732
v 1.141762 1.353374 -0.490057
v 1.225017 0.288381 -0.402346
v 1.224800 0.495312 -0.401315
v 1.085981 1.791254 -0.379880
v 1.085981 1.791254 -0.945296
v 1.155716 1.240165 -0.953799
v 1.155716 1.240206 -0.387756
v 1.095715 1.714842 -0.456867
v 1.095715 1.714842 -0.868267
v 1.145982 1.320254 -0.868267
v 1.145982 1.320254 -0.456652
v 1.077131 1.678818 -0.490236
v 1.077131 1.678818 -0.834880
v 1.118959 1.350469 -0.834880
v 1.118959 1.350469 -0.490057
v 1.169754 1.172382 -0.915700
v 1.167254 1.193685 -0.893501
v 1.167254 1.195694 -0.863864
v 1.168504 1.186729 -0.850023
v 1.169519 1.182307 -0.795187
v 1.171004 1.171561 -0.779936
v 1.172723 1.156962 -0.795352
v 1.172098 1.158299 -0.849885
v 1.173113 1.149025 -0.868311
v 1.172723 1.150027 -0.899136
v 1.190462 1.174990 -0.916057
v 1.187962 1.196289 -0.893890
v 1.187962 1.198297 -0.864257
v 1.189212 1.189334 -0.850401
v 1.190228 1.184915 -0.795533
v 1.191713 1.174172 -0.780258
v 1.193432 1.159574 -0.795667
v 1.192806 1.160908 -0.850226
v 1.193822 1.151636 -0.868642
v 1.193431 1.152637 -0.899467
v 0.900277 0.363382 1.400933
v 0.900277 0.530882 1.445814
v 0.900277 0.653500 1.568432
v 0.900277 0.698382 1.735932
v 0.900277 0.653500 1.903432
v 0.900277 0.530882 2.026051
v 0.900277 0.363382 2.070932
v 0.900277 0.195882 2.026051
v 0.900277 0.073263 1.903433
v 0.900277 0.028382 1.735933
v 0.900277 0.073263 1.568433
v 0.900277 0.195882 1.445814
v 1.141047 0.363382 1.606642
v 1.141047 0.428027 1.623964
v 1.141047 0.475350 1.671287
v 1.141047 0.492672 1.735932
v 1.141047 0.475350 1.800578
v 1.141047 0.428027 1.847901
v 1.141047 0.363382 1.865223
v 1.141047 0.298737 1.847901
v 1.141047 0.251413 1.800578
v 1.141047 0.234092 1.735932
v 1.141047 0.251413 1.671287
v 1.141047 0.298737 1.623964
v 1.171850 0.530882 1.445814
v 1.171850 0.363382 1.400933
v 1.171850 0.653500 1.568432
v 1.171850 0.698382 1.735932
v 1.171850 0.653500 1.903432
v 1.171850 0.530882 2.026051
v 1.171850 0.363382 2.070932
v 1.171850 0.195882 2.026051
v 1.171850 0.073263 1.903433
v 1.171850 0.028382 1.735933
v 1.171850 0.073263 1.568433
v 1.171850 0.195882 1.445814
v 1.171850 0.469697 1.551789
v 1.171850 0.363382 1.523302
v 1.171850 0.547525 1.629617
v 1.171850 0.576012 1.735932
v 1.171850 0.547525 1.842248
v 1.171850 0.469697 1.920076
v 1.171850 0.363382 1.948563
v 1.171850 0.257067 1.920076
v 1.171850 0.179238 1.842248
v 1.171850 0.150751 1.735933
v 1.171850 0.179238 1.629617
v 1.171850 0.257066 1.551789
v 1.141047 0.441782 1.600139
v 1.141047 0.363382 1.579132
v 1.141047 0.499175 1.657532
v 1.141047 0.520183 1.735932
v 1.141047 0.499175 1.814333
v 1.141047 0.441782 1.871726
v 1.141047 0.363382 1.892733
v 1.141047 0.284981 1.871726
v 1.141047 0.227588 1.814333
v 1.141047 0.206581 1.735933
v 1.141047 0.227588 1.657532
v 1.141047 0.284981 1.600139
v 1.181718 0.363382 1.665346
v 1.181718 0.398675 1.674803
v 1.181718 0.424512 1.700639
v 1.181718 0.433969 1.735933
v 1.181718 0.424512 1.771226
v 1.181718 0.398675 1.797063
v 1.181718 0.363382 1.806520
v 1.181718 0.328088 1.797063
v 1.181718 0.302252 1.771226
v 1.181718 0.292795 1.735933
v 1.181718 0.302252 1.700639
v 1.181718 0.328088 1.674803
v 0.900277 0.363382 -1.056141
v 0.900277 0.530882 -1.101023
v 0.900277 0.653500 -1.223641
v 0.900277 0.698382 -1.391141
v 0.900277 0.653500 -1.558641
v 0.900277 0.530882 -1.681260
v 0.900277 0.363382 -1.726141
v 0.900277 0.195882 -1.681260
v 0.900277 0.073263 -1.558641
v 0.900277 0.028382 -1.391141
v 0.900277 0.073263 -1.223642
v 0.900277 0.195882 -1.101023
v 1.141047 0.363382 -1.261851
v 1.141047 0.428027 -1.279173
v 1.141047 0.475350 -1.326496
v 1.141047 0.492672 -1.391141
v 1.141047 0.475350 -1.455786
v 1.141047 0.428027 -1.503110
v 1.141047 0.363382 -1.520432
v 1.141047 0.298737 -1.503110
v 1.141047 0.251413 -1.455786
v 1.141047 0.234092 -1.391141
v 1.141047 0.251413 -1.326496
v 1.141047 0.298737 -1.279173
v 1.171850 0.530882 -1.101023
v 1.171850 0.363382 -1.056141
v 1.171850 0.653500 -1.223641
v 1.171850 0.698382 -1.391141
v 1.171850 0.653500 -1.558641
v 1.171850 0.530882 -1.681260
v 1.171850 0.363382 -1.726141
v 1.171850 0.195882 -1.681260
v 1.171850 0.073263 -1.558641
v 1.171850 0.028382 -1.391141
v 1.171850 0.073263 -1.223642
v 1.171850 0.195882 -1.101023
v 1.171850 0.469697 -1.206998
v 1.171850 0.363382 -1.178511
v 1.171850 0.547525 -1.284826
v 1.171850 0.576012 -1.391141
v 1.171850 0.547525 -1.497457
v 1.171850 0.469697 -1.575285
v 1.171850 0.363382 -1.603772
v 1.171850 0.257067 -1.575285
v 1.171850 0.179238 -1.497457
v 1.171850 0.150751 -1.391141
v 1.171850 0.179238 -1.284826
v 1.171850 0.257066 -1.206998
v 1.141047 0.441782 -1.255348
v 1.141047 0.363382 -1.234340
v 1.141047 0.499175 -1.312741
v 1.141047 0.520183 -1.391141
v 1.141047 0.499175 -1.469542
v 1.141047 0.441782 -1.526935
v 1.141047 0.363382 -1.547942
v 1.141047 0.284981 -1.526935
v 1.141047 0.227588 -1.469542
v 1.141047 0.206581 -1.391141
v 1.141047 0.227588 -1.312741
v 1.141047 0.284981 -1.255348
v 1.181718 0.363382 -1.320554
v 1.181718 0.398675 -1.330011
v 1.181718 0.424512 -1.355848
v 1.181718 0.433969 -1.391141
v 1.181718 0.424512 -1.426435
v 1.181718 0.398675 -1.452271
v 1.181718 0.363382 -1.461728
v 1.181718 0.328088 -1.452271
v 1.181718 0.302252 -1.426435
v 1.181718 0.292795 -1.391141
v 1.181718 0.302252 -1.355848
v 1.181718 0.328088 -1.330011
v 0.699775 0.301845 0.716697
v 1.176273 0.301845 0.716697
v 1.140557 1.206707 0.708702
v 0.433180 0.301845 0.716697
v 1.176273 0.926340 0.716697
v 1.176273 0.697986 0.748275
v 1.176273 0.878510 0.716697
v 1.176273 0.481632 0.722034
v 1.023585 1.838579 0.732592
v 1.041597 1.790406 0.716332
v 1.055223 1.966700 0.732592
v 1.055223 2.299814 0.720044
v 1.055223 2.396695 0.732592
v 0.699775 2.594641 0.740711
v 1.033057 2.567314 0.740711
v 1.055223 2.133257 0.732592
v 1.055223 2.071789 0.732592
v 0.964720 2.593474 0.740711
v 1.054949 0.301845 0.716697
v 1.055223 2.216535 0.709710
v 1.055223 2.450769 0.741109
v 1.211474 0.301845 0.716697
v 1.211474 0.481632 0.722034
v 1.135461 1.236510 0.708104
v 1.159962 0.925296 0.716697
v 1.159961 0.925316 0.735790
v 1.159928 0.697986 0.748275
v 1.159928 0.698145 0.770487
v 1.159928 0.878510 0.716697
v 1.159928 0.878510 0.735790
v 1.165186 0.469622 0.722034
v 1.164258 0.470551 0.741654
v 1.008733 1.834676 0.726994
v 1.000960 1.834346 0.745782
v 1.119146 1.233681 0.724949
v 1.124396 1.204266 0.726946
v 1.020870 1.787264 0.728034
v 1.199809 0.470183 0.722034
v 1.200038 0.469954 0.741654
v 1.199798 0.313283 0.735790
v 1.176273 0.318190 0.735790
v 1.176273 0.318190 0.716697
v 1.124398 1.204253 0.708641
v 1.026060 1.787105 0.712478
v 1.200027 0.313512 0.716697
v 1.119424 1.233664 0.706734
v 0.699775 0.301845 1.766060
v 0.699775 0.481632 1.764509
v 0.433180 0.301845 1.770435
v 0.699775 0.745609 1.756881
v 0.487372 0.301845 1.766060
v 1.176273 0.926340 1.763655
v 1.176273 0.799801 1.759897
v 1.176273 0.878510 1.764012
v 1.201917 0.745609 1.756881
v 1.015812 1.838249 1.199444
v 1.140557 1.206707 1.755123
v 1.036241 1.787470 1.265652
v 1.054111 1.966370 1.208714
v 1.054111 2.299484 1.208714
v 1.054111 2.396365 1.208714
v 0.699775 2.597182 1.151138
v 1.031945 2.569526 1.151138
v 1.054111 2.132927 1.208714
v 1.054111 2.071460 1.208714
v 0.963891 2.595769 1.151138
v 1.074063 0.745609 1.756881
v 1.054111 2.216206 1.208714
v 1.054111 2.451326 1.203912
v 1.208739 0.813132 1.760554
v 1.234379 0.758901 1.757544
v 1.135185 1.236527 1.727932
v 1.020630 1.784481 1.265496
v 1.119771 1.233270 1.727509
v 1.162771 0.878510 1.735932
v 1.162771 0.808299 1.735932
v 1.162798 0.925482 1.735932
v 1.127222 1.204591 1.732396
v 1.127196 1.204764 1.755123
v 1.121897 1.234133 1.705822
v 1.121897 1.234133 1.727932
v 1.162797 0.925496 1.763655
v 1.162771 0.799801 1.759897
v 1.162771 0.878510 1.764012
v 1.159577 1.180784 0.927996
v 1.159577 1.180784 0.830016
v 1.160944 1.170054 0.819287
v 1.162383 1.158756 0.830585
v 1.162383 1.158756 0.927217
v 1.161186 1.168155 0.936616
v 1.182638 1.183721 0.927996
v 1.182638 1.183721 0.830016
v 1.184005 1.172992 0.819287
v 1.185444 1.161693 0.830585
v 1.185444 1.161693 0.927217
v 1.184247 1.171092 0.936616
v 1.140557 1.206707 0.621772
v 1.140557 1.207819 -0.389783
v 1.176273 0.690948 -0.407087
v 1.176273 0.697231 0.642780
v 1.176354 0.925703 -0.052892
v 1.176273 0.876287 -0.052892
v 1.176349 0.925742 -0.304897
v 1.176273 0.877272 -0.304897
v 1.152869 1.110065 -0.052130
v 1.152869 1.110094 -0.302359
v 1.176273 0.788971 -0.307141
v 1.176273 0.790496 -0.052221
v 1.176348 0.925752 -0.076686
v 1.176273 0.876194 -0.076686
v 1.176368 0.925596 -0.281103
v 1.176273 0.876970 -0.281103
v 1.158790 1.110820 -0.052130
v 1.158790 1.110849 -0.302351
v 1.182243 0.788971 -0.307141
v 1.182243 0.790496 -0.052221
v 1.182312 0.926077 -0.052892
v 1.182243 0.876282 -0.052892
v 1.182307 0.926114 -0.304898
v 1.182243 0.877267 -0.304898
v 1.161797 1.087216 -0.076022
v 1.161797 1.087216 -0.279093
v 1.182243 0.812911 -0.282731
v 1.182243 0.814147 -0.076201
v 1.182306 0.926125 -0.076686
v 1.182242 0.876189 -0.076686
v 1.182326 0.925968 -0.281104
v 1.182243 0.876964 -0.281104
v 1.174913 0.946397 -0.258903
v 1.173533 0.957226 -0.258903
v 1.172618 0.964408 -0.251720
v 1.172618 0.964408 -0.239179
v 1.173655 0.956268 -0.231039
v 1.175001 0.945708 -0.231039
v 1.176105 0.937041 -0.239705
v 1.176105 0.937161 -0.251868
v 1.181307 0.947213 -0.258902
v 1.179927 0.958042 -0.258902
v 1.179012 0.965224 -0.251720
v 1.179012 0.965224 -0.239179
v 1.180049 0.957084 -0.231038
v 1.181394 0.946524 -0.231038
v 1.182498 0.937857 -0.239704
v 1.182498 0.937977 -0.251867
v 1.176273 0.878510 -1.807772
v 1.176273 0.682437 -1.726517
v 1.176273 0.878510 -2.531541
v 1.176273 0.481632 -1.807772
v 1.176273 0.483812 -2.529774
v 1.176273 0.686143 -2.471892
v 1.176273 0.828766 -2.114702
v 1.176273 0.683986 -2.140179
v 1.176273 0.828766 -2.471892
v 1.176273 0.532341 -2.114702
v 1.176273 0.533392 -2.471892
v 1.176273 0.686143 -2.446414
v 1.190486 0.828766 -2.114702
v 1.190486 0.683986 -2.114702
v 1.190486 0.828766 -2.471892
v 1.190486 0.532341 -2.114702
v 1.190486 0.533392 -2.471892
v 1.190486 0.686143 -2.471892
v 1.190486 0.803289 -2.140179
v 1.190486 0.683986 -2.140179
v 1.190486 0.803289 -2.446414
v 1.190486 0.557894 -2.140179
v 1.190486 0.558795 -2.446414
v 1.190486 0.686143 -2.446414
v 1.176273 0.776573 -2.281330
v 1.176273 0.776573 -2.297478
v 1.176273 0.767502 -2.305620
v 1.176273 0.754591 -2.305387
v 1.176273 0.745252 -2.298491
v 1.176273 0.745252 -2.281219
v 1.176273 0.754738 -2.272605
v 1.176273 0.766711 -2.272605
v 1.184065 0.776573 -2.281330
v 1.184065 0.776573 -2.297478
v 1.184065 0.767502 -2.305620
v 1.184065 0.754591 -2.305387
v 1.184065 0.745252 -2.298491
v 1.184065 0.745252 -2.281219
v 1.184065 0.754738 -2.272605
v 1.184065 0.766711 -2.272605
v 0.000000 0.301845 2.163310
v -0.699775 0.301845 2.109118
v -0.699775 0.301845 2.564104
v -0.699775 0.926340 2.503141
v -0.699775 0.343045 -2.745311
v -0.699775 0.926340 -2.744651
v 0.000000 0.343045 -2.745311
v 0.100486 0.926340 -2.744651
v 0.000000 0.301845 2.564104
v 0.000000 0.926340 2.503141
v -0.699775 0.301845 1.322395
v 0.000000 0.301845 1.322395
v -0.699775 0.301845 -1.026536
v 0.000000 2.298533 1.700909
v 0.000000 0.301845 -0.972344
v -0.699775 0.301845 -1.753580
v -0.699775 2.298533 1.700909
v 0.000000 0.266165 -1.807431
v -0.699775 0.648841 1.995411
v -0.699775 0.686811 -2.744651
v -0.628159 0.703010 2.526208
v 0.000000 0.703010 2.526208
v 0.133011 0.819822 -2.744651
v -0.699775 0.648841 1.490294
v -0.699775 0.628245 -1.097250
v -0.699775 0.628245 -1.682866
v -1.176273 0.812911 -0.282731
v 0.000000 0.301845 1.735932
v -0.699775 0.301845 1.735932
v -0.699775 0.754107 1.735932
v -1.176273 0.926340 -0.402320
v 0.000000 0.301845 -1.387092
v -0.699775 0.301845 -1.387092
v -0.699775 0.747433 -1.387092
v -0.699775 0.878510 -2.744651
v -0.665010 0.843820 2.516954
v 0.000000 0.878510 2.514674
v 0.100486 0.878510 -2.744651
v -0.699775 0.481632 2.089900
v -0.699775 0.484454 -2.742363
v -0.592652 0.515898 2.558238
v 0.000000 0.515898 2.558238
v 0.000000 0.484454 -2.742363
v -0.699775 0.481632 1.395806
v -0.699775 0.481632 -1.026536
v -0.699775 0.481632 -1.753580
v -0.699775 0.481632 1.735932
v -0.699775 0.481632 -1.387092
v -0.487372 0.301845 2.109118
v -0.487372 0.301845 1.376587
v -0.487372 0.301845 -1.026536
v -0.487372 0.301845 -1.753580
v -0.487372 0.301845 1.735932
v -0.487372 0.301845 -1.387092
v -0.699775 0.301845 2.163310
v -0.699775 0.301845 1.376587
v -0.699775 0.301845 -0.972344
v -0.699775 0.266165 -1.807431
v -0.433180 0.301845 2.163310
v -0.433180 0.301845 1.322395
v -0.433180 0.301845 -0.972344
v -0.433180 0.266165 -1.807431
v -0.433180 0.301845 -1.387092
v -0.433180 0.301845 1.735932
v -1.176273 0.481632 2.141248
v -1.176273 0.301845 2.163310
v -1.176273 0.926340 1.735932
v -1.176273 0.926340 2.163310
v -1.176273 0.484454 -2.742363
v -1.176273 0.343045 -2.745311
v -1.176273 0.266165 -1.807431
v -0.950705 1.840145 1.452868
v -1.059055 0.481632 2.481734
v -1.059055 0.301845 2.481734
v -1.181712 0.926340 1.322395
v -1.176273 0.481632 1.344457
v -1.176273 0.301845 1.322395
v -1.176273 0.301845 -0.972344
v -1.176273 0.926340 -1.387092
v -1.176273 0.926340 -0.972344
v -1.176273 0.481632 -0.972344
v -1.058195 1.845863 -2.707458
v -1.176273 0.926340 -1.807772
v -1.176273 0.557894 -2.140179
v -1.176273 0.878510 2.163310
v -1.176273 0.703033 2.032779
v -1.176273 0.878510 -2.744651
v -1.176273 0.686811 -2.744651
v -1.059055 0.878510 2.432305
v -1.059055 0.703010 2.443838
v -1.188607 0.878510 1.322395
v -1.177100 0.703033 1.452926
v -1.176273 0.878510 -0.972344
v -1.176273 0.682437 -1.053600
v -1.176273 0.803289 -2.140179
v -1.176273 0.683986 -2.114702
v -1.176273 0.801624 -1.387092
v -1.176273 0.808299 1.735932
v -1.176273 0.878510 1.735932
v -1.176273 0.878510 -1.387092
v -1.201917 0.481632 2.089900
v -1.201917 0.301845 2.109118
v -1.201917 0.481632 1.395806
v -1.201917 0.301845 1.376587
v -1.201917 0.481632 -1.026536
v -1.201917 0.301845 -1.026536
v -1.201917 0.481632 -1.753580
v -1.201917 0.301845 -1.753580
v -1.201917 0.747433 -1.387092
v -1.201917 0.628245 -1.097250
v -1.201917 0.754107 1.735932
v -1.201917 0.648841 1.995411
v -1.201917 0.648841 1.490294
v -1.201917 0.628245 -1.682866
v -1.059055 0.926340 2.420771
v -0.699775 1.840145 1.452868
v -0.696101 1.844036 -2.707458
v -1.176273 0.926340 -2.744651
v 0.000000 1.840145 1.452868
v -1.015812 1.838249 1.189761
v -1.015812 1.838249 1.309700
v -1.031855 1.878340 -1.446087
v -1.060501 1.840145 -0.945296
v -1.015812 1.838249 1.012309
v -1.050110 1.206707 2.144498
v -0.699775 1.206707 2.170610
v -0.626562 1.279457 -2.691290
v -1.140557 1.206707 -2.730016
v 0.000000 1.279457 -2.691290
v 0.000000 1.211708 2.203311
v -1.140557 1.206707 1.732396
v -1.140557 1.206707 2.013913
v -1.102112 1.326821 -1.446087
v -1.140557 1.207784 -0.955797
v -1.102115 1.326821 -1.785666
v -1.140557 1.206707 1.289348
v 0.000000 0.301845 0.626016
v -0.699775 0.301845 0.626016
v -0.433180 0.301845 0.626016
v -1.176273 0.926340 0.626016
v -1.176273 0.301845 0.626016
v -1.176273 0.814147 -0.076201
v -1.176273 0.878510 0.626016
v -1.176273 0.481632 0.628849
v -1.060284 1.841849 0.298713
v -1.155875 1.086462 -0.076022
v 0.000000 0.301845 0.735790
v -0.433180 0.301845 0.735790
v -1.176273 0.926340 0.735790
v -1.176273 0.698145 0.770487
v -1.176273 0.878510 0.735790
v -1.176273 0.481632 0.741654
v -1.015812 1.838249 0.751380
v -0.699775 0.301845 0.735790
v -1.176273 0.301845 0.735790
v -1.140557 1.206707 0.727005
v -0.958820 1.788840 1.510903
v -0.623350 1.792502 -2.669149
v -1.036241 1.787183 1.256596
v -1.038390 1.827036 -1.446087
v -1.036241 1.790736 1.036498
v -0.699775 1.764139 1.538845
v -1.067037 1.789635 -2.707458
v 0.000000 1.764139 1.538845
v -1.036241 1.790736 1.368762
v -1.067037 1.788840 -0.945296
v -1.066825 1.790504 0.296747
v -1.036241 1.790736 0.732373
v 0.000000 2.398261 -0.945296
v 0.000000 2.398261 -1.368548
v -0.699775 1.968265 1.735484
v 0.000000 1.968265 1.735484
v 0.000000 2.398261 1.629306
v 0.000000 1.969710 -2.707458
v -0.623350 1.899149 -2.669148
v -0.696101 2.138714 -2.707458
v -1.060501 1.968265 -1.785666
v -1.054111 1.966370 1.423906
v -0.699775 2.398261 1.629306
v -1.054111 1.966370 1.012309
v -1.054111 1.966370 1.189816
v -1.031855 1.928921 -1.446087
v -1.060501 1.968265 -0.945296
v -1.024202 1.968265 1.735484
v -1.058195 1.973984 -2.707458
v -1.054111 1.966370 0.751380
v -1.060473 1.872235 0.257995
v -0.433180 0.301845 -0.402320
v 0.000000 0.301845 -0.402320
v 0.000000 2.302824 -2.707458
v -0.696101 2.305271 -2.707458
v -1.155875 1.086462 -0.279093
v -1.060501 2.301379 -1.785666
v -1.054111 2.299484 1.423906
v -1.176273 0.301845 -0.402320
v -1.054111 2.299484 1.150362
v -1.060501 2.301379 -1.368548
v -1.060501 2.301379 -0.945296
v -1.024202 2.298533 1.700909
v -1.058195 2.307098 -2.707458
v -1.054111 2.299484 0.789505
v -0.699775 0.301845 -0.402320
v -1.060501 2.301379 0.571213
v -0.699775 2.398261 -1.368548
v -0.699775 2.398261 -0.945296
v 0.000000 2.399564 -2.616674
v 0.000000 2.398261 -1.785666
v -0.696463 2.401769 -2.616674
v -0.699775 2.398261 -1.785666
v -1.036051 2.372794 -1.785666
v -1.054111 2.396365 1.423906
v 0.000000 2.136267 -2.707458
v -1.054111 2.391740 1.150362
v -1.036051 2.372794 -1.368548
v -1.036051 2.372794 -0.945296
v -1.034395 2.397615 1.629306
v -1.033972 2.377949 -2.616674
v -1.054111 2.395489 0.789505
v -1.054111 2.132927 0.751380
v -1.060501 2.398261 0.643359
v -1.176273 0.878510 -0.402320
v -1.176273 0.481632 -0.401309
v -1.060501 1.840145 -0.378732
v -1.067112 1.788247 -0.258597
v -1.060451 1.872235 -0.217178
v -1.060501 2.301379 -0.378732
v 0.000000 2.398261 -0.378732
v -0.699775 2.398261 -0.378732
v -1.060501 2.398261 -0.378732
v 0.000000 2.597626 1.140717
v 0.000000 2.592134 1.269796
v -0.699775 2.597626 1.140717
v -0.699775 2.592134 1.269796
v -0.699775 2.567419 1.451868
v 0.000000 2.567419 1.451868
v 0.000000 2.597626 0.992863
v -0.699775 2.597626 0.992863
v -1.028351 2.553095 1.269796
v 0.000000 2.594880 0.760420
v -0.699775 2.594880 0.760420
v -1.028351 2.558587 0.992863
v -1.028351 2.558587 1.140717
v -1.008634 2.529630 1.451868
v -1.028351 2.555841 0.760420
v 0.000000 2.553689 -0.165799
v 0.000000 2.593507 0.647103
v -0.699775 2.553689 -0.165799
v -0.699775 2.593507 0.647103
v -1.034740 2.516545 -0.165799
v -1.034740 2.556363 0.647103
v -1.054111 2.132927 1.189816
v -1.054111 2.132927 1.012309
v -0.699775 2.132763 1.769760
v -1.060501 2.134822 -1.785666
v -1.058195 2.140541 -2.707458
v 0.000000 2.132763 1.769760
v -1.060501 2.134822 -1.368548
v -1.060501 2.134822 0.643359
v -1.060501 2.134822 -0.945296
v -1.024202 2.132763 1.769760
v -1.054111 2.132927 1.423906
v -1.060501 2.134822 -0.378732
v -1.054111 2.071460 1.189816
v -0.699775 2.072056 1.770267
v -1.060501 2.073355 -1.785666
v -1.060501 2.073355 0.643359
v -1.024202 2.072056 1.770267
v -1.054111 2.071460 0.751380
v 0.000000 2.074800 -2.707458
v -0.696101 2.077246 -2.707458
v -1.054111 2.071460 1.012309
v -1.058195 2.079073 -2.707458
v 0.000000 2.072056 1.770267
v -1.060501 2.073355 -1.368548
v -1.060501 2.073355 -0.945296
v -1.054111 2.071460 1.423906
v -1.060501 2.073355 -0.378732
v -0.699775 0.333378 -2.531974
v -1.176273 0.333378 -2.531974
v -1.176273 0.926340 -2.531541
v -1.176273 0.685816 -2.513058
v -1.176273 0.803289 -2.446414
v -1.176273 0.558795 -2.446414
v -1.058720 1.844562 -2.497780
v -1.102113 1.326821 -2.422454
v -1.067037 1.789454 -2.497780
v -1.030267 1.932857 -2.420241
v -1.058720 2.305797 -2.497780
v 0.000000 2.399267 -2.427646
v -0.697216 2.400971 -2.427646
v -1.034445 2.376776 -2.427646
v -1.058720 2.139240 -2.497780
v -1.058720 2.077773 -2.497780
v -0.699775 0.336844 -2.608453
v -1.176273 0.336844 -2.608453
v -1.140557 1.207167 -2.591291
v -1.067037 1.789519 -2.572948
v -1.176273 0.926340 -2.607939
v -1.176273 0.686173 -2.596082
v -1.176273 0.878510 -2.607939
v -1.176273 0.484042 -2.605985
v -1.058532 1.845029 -2.572948
v -1.058532 1.973149 -2.572948
v -1.058532 2.306263 -2.572948
v 0.000000 2.399374 -2.495411
v -0.696946 2.401257 -2.495411
v -1.034275 2.377197 -2.495411
v -1.058532 2.139706 -2.572948
v -1.058532 2.078239 -2.572948
v -0.967576 0.301845 2.502707
v -1.074063 0.301845 -1.026536
v -0.967576 0.926340 2.441744
v -1.074063 0.481632 -1.026536
v -1.074063 0.301845 1.376587
v -1.054949 0.266165 -1.807431
v -1.054949 0.926340 -2.744651
v -1.054949 0.301845 1.322395
v -1.074063 0.481632 1.395806
v -1.054949 0.343045 -2.745311
v -1.054949 0.484454 -2.742363
v -1.074063 0.481632 2.089900
v -1.074063 0.628245 -1.682866
v -1.054949 0.301845 2.163310
v -1.074063 0.301845 2.109118
v -1.074063 0.648841 1.490294
v -1.074063 0.648841 1.995411
v -1.074063 0.754107 1.735932
v -0.967576 0.878510 2.453277
v -1.074063 0.628245 -1.097250
v -1.074063 0.747433 -1.387092
v -1.054949 0.686811 -2.744651
v -1.054949 0.878510 -2.744651
v -1.074063 0.481632 -1.753580
v -1.074063 0.301845 -1.753580
v -1.054949 0.301845 -0.972344
v -0.967576 0.703010 2.464811
v -0.967576 0.481632 2.502707
v -0.886814 1.840145 1.452868
v -0.966000 1.845398 -2.707458
v -1.028327 1.206707 -2.730016
v -0.960909 1.206707 2.145208
v -1.054949 0.301845 0.626016
v -1.054949 0.301845 0.735790
v -0.845928 1.755336 1.546341
v -0.972590 1.790423 -2.707458
v -0.941598 1.968265 1.735484
v -0.966000 1.973519 -2.707458
v -0.941598 2.298533 1.700909
v -0.966000 2.306633 -2.707458
v -0.968654 2.398261 -1.785666
v -0.968654 2.398261 -1.368548
v -0.968654 2.398261 -0.945296
v -0.949195 2.397779 1.629306
v -0.966261 2.402997 -2.616674
v -0.968654 2.398261 -0.378732
v -1.054949 0.301845 -0.402320
v -0.963891 2.590721 1.269796
v -0.963891 2.596213 0.992863
v -0.963891 2.596213 1.140717
v -0.949195 2.566937 1.451868
v -0.968654 2.593507 0.647103
v -0.963891 2.593467 0.760420
v -0.968654 2.553689 -0.165799
v -0.941598 2.132763 1.769760
v -0.966000 2.140076 -2.707458
v -0.966000 2.078608 -2.707458
v -0.941598 2.072056 1.770267
v -0.966806 2.401919 -2.427646
v -1.054949 0.333378 -2.531974
v -0.966610 2.402306 -2.495411
v -1.054949 0.336844 -2.608453
v -1.054949 0.484054 -2.777727
v -1.201394 0.484172 -2.767255
v -0.699775 0.686411 -2.780015
v -0.699775 0.484054 -2.777727
v -1.054949 0.686411 -2.780015
v -1.201155 0.686527 -2.769782
v -1.211639 0.686173 -2.596082
v -1.211639 0.484042 -2.605985
v -0.699775 0.301845 2.363707
v -1.125822 0.923784 2.292331
v -1.117664 0.301845 2.322522
v -1.121900 0.702587 2.308125
v -1.125822 0.875953 2.298098
v -1.117664 0.481632 2.311491
v -0.983258 1.839197 1.381284
v -1.095334 1.206707 2.079206
v -0.997530 1.789788 1.439832
v -1.039157 1.967318 1.579695
v -1.039157 2.298372 1.578322
v -1.044253 2.396990 1.526606
v -0.699775 2.579776 1.360832
v 0.000000 2.579776 1.360832
v -1.018492 2.541362 1.360832
v -1.039157 2.132845 1.579009
v -1.039157 2.071758 1.579262
v -0.956543 2.578829 1.360832
v -1.011263 0.301845 2.333008
v -0.705453 0.880137 2.539443
v -0.705453 0.704637 2.550977
v -0.973255 0.880137 2.478046
v -0.973255 0.704637 2.489580
v -1.075117 0.879636 2.452031
v -1.074725 0.704163 2.463876
v -1.144853 0.703009 2.319141
v -1.148775 0.876376 2.309114
v -1.054111 2.254330 0.789505
v 0.000000 2.219546 -2.707458
v -0.696101 2.221992 -2.707458
v -1.054111 2.216206 1.012309
v -1.058195 2.223819 -2.707458
v 0.000000 2.215012 1.769073
v -1.060501 2.218101 -1.368548
v -1.060501 2.218101 -0.945296
v -1.054111 2.216206 1.423906
v -1.060501 2.218101 -0.378732
v -1.054111 2.254330 1.150362
v -0.699775 2.215012 1.769073
v -1.060501 2.218101 -1.785666
v -1.060501 2.218101 0.511798
v -1.024202 2.215012 1.769073
v -1.058720 2.222518 -2.497780
v -1.058532 2.222985 -2.572948
v -0.941598 2.215012 1.769073
v -0.966000 2.223354 -2.707458
v -1.039157 2.215609 1.578665
v -1.054111 2.412674 0.790295
v -0.699775 2.441204 -0.319901
v 0.000000 2.441204 -0.319901
v -1.054111 2.413324 1.150362
v -1.054111 2.413324 1.006993
v -0.699775 2.444998 1.580281
v 0.000000 2.444998 1.580281
v -1.060501 2.451145 0.680467
v -1.060501 2.441204 -0.319901
v -1.034395 2.444352 1.580281
v -1.054111 2.449931 1.381327
v -0.949195 2.444516 1.580281
v -0.968654 2.441204 -0.319901
v -1.044253 2.447142 1.480804
v -1.054111 2.216206 0.751380
v -1.054111 2.299484 0.751380
v -1.054111 2.396365 0.751380
v -1.054111 2.396365 1.189816
v -1.054111 2.299484 1.189816
v -1.054111 2.451448 1.188331
v -1.054111 2.216206 1.189816
v -1.054111 2.254330 1.012309
v -1.054111 2.450690 0.753878
v -1.054111 2.451448 1.006936
v -0.699775 0.878510 2.514674
v -0.699775 0.703010 2.526208
v -0.699775 0.481632 2.564104
v 0.000000 0.843820 2.516954
v 0.000000 0.481632 2.564104
v -0.699775 0.346762 -2.771206
v -1.211474 0.301845 0.626016
v -1.211474 0.301845 -0.402320
v -0.703733 0.481632 2.599081
v -0.703733 0.301845 2.599081
v 0.000000 0.481632 2.599304
v 0.000000 0.301845 2.599304
v 0.000000 0.484454 -2.777564
v 0.000000 0.346762 -2.771206
v -0.975442 0.301845 2.537017
v -1.082454 0.302052 2.508031
v -1.054949 0.346762 -2.771206
v -0.975442 0.481632 2.537017
v -1.082454 0.481838 2.508031
v -1.208517 0.484658 2.155042
v -1.208763 0.303248 2.176783
v -1.200922 0.346161 -2.763913
v -1.211474 0.336844 -2.608453
v -1.150821 0.302556 2.334319
v -1.209910 0.484350 1.334445
v -1.210697 0.302684 1.315091
v -1.210147 0.483327 -0.962922
v -1.210618 0.301845 -0.964628
v -1.210149 0.483326 -1.817188
v -1.210563 0.265768 -1.815378
v -1.208836 0.814994 -1.387061
v -1.208794 0.692371 -1.044500
v -1.208758 0.821856 1.735843
v -1.208516 0.713788 2.041932
v -1.208499 0.713753 1.443671
v -1.208800 0.692383 -1.735582
v -1.150821 0.482369 2.323288
v -1.211474 0.483812 -2.529774
v -1.211474 0.481632 0.741654
v -1.233600 0.486570 2.104423
v -1.233538 0.303609 2.124484
v -1.233600 0.486570 1.381283
v -1.233538 0.303609 1.361221
v -1.233940 0.484931 -1.012298
v -1.233735 0.301845 -1.011479
v -1.233940 0.484931 -1.767818
v -1.233735 0.301845 -1.768637
v -1.234480 0.760802 -1.387043
v -1.234425 0.637787 -1.087697
v -1.234402 0.767664 1.735791
v -1.234118 0.659118 2.005237
v -1.234098 0.659057 1.480340
v -1.234432 0.637811 -1.692374
v -1.211474 0.301845 0.735790
v -1.211474 0.481632 -0.401309
v -1.211474 0.481632 0.628849
v -1.211474 0.333378 -2.531974
v -1.067037 1.788840 -1.368548
v -1.060501 1.840145 -1.368548
v -1.140557 1.207707 -1.379677
v -1.140557 1.207919 -1.795072
v -1.060501 1.968265 -1.368548
v -1.058720 1.972683 -2.497780
v -1.031854 1.928921 -1.785907
v -1.140557 1.207672 -2.511745
v -1.030199 1.882762 -2.420241
v -1.038439 1.827485 -2.420241
v -0.696101 1.792732 -2.707458
v -0.623350 1.844036 -2.669148
v -0.699775 1.206707 -2.730016
v 0.133011 1.073877 -2.736950
v -0.696101 1.972157 -2.707458
v 0.000000 1.896959 -2.669148
v 0.000000 0.301845 0.787614
v -0.433180 0.301845 0.787614
v -1.180441 0.926340 0.787614
v -1.186778 0.698577 0.830778
v -1.186134 0.878510 0.787614
v -1.176273 0.481632 0.794910
v -1.015812 1.838249 0.774432
v -0.699775 0.301845 0.787614
v -1.176273 0.301845 0.787614
v -1.140557 1.206707 0.776686
v -1.036241 1.790736 0.759241
v -1.054111 1.966370 0.774432
v -1.054111 2.132927 0.774432
v -1.054111 2.071460 0.774432
v -1.054949 0.301845 0.787614
v -1.054111 2.216206 0.774432
v -1.054111 2.254330 0.809188
v -1.211336 0.481872 0.794025
v -1.211405 0.301919 0.786969
v -0.699775 1.261131 2.109046
v 0.000000 1.266131 2.141748
v -1.135185 1.236527 1.979697
v -1.136771 1.237736 -0.953933
v -1.123316 1.438863 0.256442
v -1.135185 1.236527 0.726290
v -1.045409 1.236429 2.110877
v -1.135185 1.236527 1.705822
v -1.136771 1.237677 -1.377663
v -1.135185 1.236527 1.275335
v -1.123321 1.438864 -0.217732
v -0.917083 1.261131 2.087008
v -1.090297 1.236478 2.045287
v -1.098831 1.352581 -1.446087
v -1.135185 1.236527 0.774796
v -0.699775 0.301845 1.688138
v 0.000000 0.301845 1.680930
v -0.699775 0.481632 1.690694
v -0.433180 0.301845 1.680930
v -0.699775 0.740106 1.703261
v -0.487372 0.301845 1.688138
v -1.175240 0.926340 1.680930
v -1.176273 0.794298 1.698291
v -1.179732 0.878510 1.680930
v -1.201917 0.740106 1.703261
v -1.015812 1.838249 1.166159
v -1.140557 1.206707 1.673468
v -1.036241 1.790736 1.209147
v -1.054111 1.966370 1.166207
v -1.054111 2.132927 1.166207
v -1.054111 2.071460 1.166207
v -1.074063 0.740106 1.703261
v -1.054111 2.216206 1.166207
v -1.054111 2.254330 1.132001
v -1.208724 0.807478 1.696983
v -1.234362 0.753219 1.701814
v -1.135185 1.236527 1.648565
v 0.000000 1.788840 1.510903
v -0.699775 1.788840 1.510903
v -0.880424 1.780037 1.518398
v -0.957405 1.236429 2.111764
v -0.699775 1.236429 2.136989
v 0.000000 1.241430 2.169690
v -0.699775 1.746969 1.523666
v -0.699775 1.243961 2.093868
v 0.000000 1.746969 1.523666
v 0.000000 1.248961 2.126569
v -0.845928 1.738166 1.531162
v -0.917083 1.243961 2.071830
v -1.119523 1.233705 1.705822
v -1.020578 1.784361 1.256596
v -1.021220 1.785842 1.366834
v -0.986700 1.780241 1.433137
v -1.122596 1.228318 1.974461
v -1.079466 1.226931 2.038592
v -1.116042 1.233078 1.275335
v -1.017098 1.787287 1.036498
v -1.017098 1.787287 1.209147
v -1.017098 1.787287 0.759241
v -1.116042 1.233078 0.774796
v -1.116042 1.233078 1.648565
v -0.349887 0.926340 -2.744651
v -0.349887 0.343045 -2.745311
v -0.349887 0.686811 -2.744651
v -0.349887 0.878510 -2.744651
v -0.349887 0.484454 -2.742363
v -0.349887 1.206707 -2.730016
v -0.349887 0.346762 -2.771206
v -0.349887 0.484254 -2.777645
v -0.313281 1.279457 -2.691290
v 0.000000 0.686610 -2.762475
v 0.000000 0.484252 -2.760186
v -0.349887 0.686610 -2.762475
v -0.349887 0.484252 -2.760186
v -1.060501 1.840145 0.643359
v -1.060501 1.968265 0.643359
v -1.067037 1.788840 0.640142
v -1.060501 1.968265 -0.378732
v -1.060579 1.839536 -0.257897
v -1.067037 1.788840 -0.379880
v -1.136771 1.236429 0.621726
v -1.136771 1.237776 -0.387893
v -1.060192 1.842616 0.257995
v -1.060501 1.912954 0.298713
v -1.066730 1.791247 0.256028
v -1.060501 1.912954 -0.257897
v -1.060608 1.839263 -0.217178
v -1.067147 1.787982 -0.217878
v -1.129781 1.398661 0.297208
v -1.129781 1.398661 -0.258434
v -1.025030 1.837021 -0.217185
v -1.024610 1.840433 0.257987
v -1.031444 1.786174 0.256030
v -1.031863 1.782895 -0.217876
v -1.024824 1.872306 0.257980
v -1.024802 1.872306 -0.217193
v -1.088119 1.433205 0.256446
v -1.088124 1.433206 -0.217728
v -1.176273 0.282748 -0.402320
v -1.176273 0.282748 -0.972344
v -0.900277 0.363382 1.400933
v -0.900277 0.530882 1.445814
v -0.900277 0.653500 1.568432
v -0.900277 0.698382 1.735932
v -0.900277 0.653500 1.903432
v -0.900277 0.530882 2.026051
v -0.900277 0.363382 2.070932
v -0.900277 0.195882 2.026051
v -0.900277 0.073263 1.903433
v -0.900277 0.028382 1.735933
v -0.900277 0.073263 1.568433
v -0.900277 0.195882 1.445814
v -1.141047 0.363382 1.606642
v -1.141047 0.428027 1.623964
v -1.141047 0.475350 1.671287
v -1.141047 0.492672 1.735932
v -1.141047 0.475350 1.800578
v -1.141047 0.428027 1.847901
v -1.141047 0.363382 1.865223
v -1.141047 0.298737 1.847901
v -1.141047 0.251413 1.800578
v -1.141047 0.234092 1.735932
v -1.141047 0.251413 1.671287
v -1.141047 0.298737 1.623964
v -1.171850 0.530882 1.445814
v -1.171850 0.363382 1.400933
v -1.171850 0.653500 1.568432
v -1.171850 0.698382 1.735932
v -1.171850 0.653500 1.903432
v -1.171850 0.530882 2.026051
v -1.171850 0.363382 2.070932
v -1.171850 0.195882 2.026051
v -1.171850 0.073263 1.903433
v -1.171850 0.028382 1.735933
v -1.171850 0.073263 1.568433
v -1.171850 0.195882 1.445814
v -1.171850 0.469697 1.551789
v -1.171850 0.363382 1.523302
v -1.171850 0.547525 1.629617
v -1.171850 0.576012 1.735932
v -1.171850 0.547525 1.842248
v -1.171850 0.469697 1.920076
v -1.171850 0.363382 1.948563
v -1.171850 0.257067 1.920076
v -1.171850 0.179238 1.842248
v -1.171850 0.150751 1.735933
v -1.171850 0.179238 1.629617
v -1.171850 0.257066 1.551789
v -1.141047 0.441782 1.600139
v -1.141047 0.363382 1.579132
v -1.141047 0.499175 1.657532
v -1.141047 0.520183 1.735932
v -1.141047 0.499175 1.814333
v -1.141047 0.441782 1.871726
v -1.141047 0.363382 1.892733
v -1.141047 0.284981 1.871726
v -1.141047 0.227588 1.814333
v -1.141047 0.206581 1.735933
v -1.141047 0.227588 1.657532
v -1.141047 0.284981 1.600139
v -1.181718 0.363382 1.665346
v -1.181718 0.398675 1.674803
v -1.181718 0.424512 1.700639
v -1.181718 0.433969 1.735933
v -1.181718 0.424512 1.771226
v -1.181718 0.398675 1.797063
v -1.181718 0.363382 1.806520
v -1.181718 0.328088 1.797063
v -1.181718 0.302252 1.771226
v -1.181718 0.292795 1.735933
v -1.181718 0.302252 1.700639
v -1.181718 0.328088 1.674803
v -0.900277 0.363382 -1.056141
v -0.900277 0.530882 -1.101023
v -0.900277 0.653500 -1.223641
v -0.900277 0.698382 -1.391141
v -0.900277 0.653500 -1.558641
v -0.900277 0.530882 -1.681260
v -0.900277 0.363382 -1.726141
v -0.900277 0.195882 -1.681260
v -0.900277 0.073263 -1.558641
v -0.900277 0.028382 -1.391141
v -0.900277 0.073263 -1.223642
v -0.900277 0.195882 -1.101023
v -1.141047 0.363382 -1.261851
v -1.141047 0.428027 -1.279173
v -1.141047 0.475350 -1.326496
v -1.141047 0.492672 -1.391141
v -1.141047 0.475350 -1.455786
v -1.141047 0.428027 -1.503110
v -1.141047 0.363382 -1.520432
v -1.141047 0.298737 -1.503110
v -1.141047 0.251413 -1.455786
v -1.141047 0.234092 -1.391141
v -1.141047 0.251413 -1.326496
v -1.141047 0.298737 -1.279173
v -1.171850 0.530882 -1.101023
v -1.171850 0.363382 -1.056141
v -1.171850 0.653500 -1.223641
v -1.171850 0.698382 -1.391141
v -1.171850 0.653500 -1.558641
v -1.171850 0.530882 -1.681260
v -1.171850 0.363382 -1.726141
v -1.171850 0.195882 -1.681260
v -1.171850 0.073263 -1.558641
v -1.171850 0.028382 -1.391141
v -1.171850 0.073263 -1.223642
v -1.171850 0.195882 -1.101023
v -1.171850 0.469697 -1.206998
v -1.171850 0.363382 -1.178511
v -1.171850 0.547525 -1.284826
v -1.171850 0.576012 -1.391141
v -1.171850 0.547525 -1.497457
v -1.171850 0.469697 -1.575285
v -1.171850 0.363382 -1.603772
v -1.171850 0.257067 -1.575285
v -1.171850 0.179238 -1.497457
v -1.171850 0.150751 -1.391141
v -1.171850 0.179238 -1.284826
v -1.171850 0.257066 -1.206998
v -1.141047 0.441782 -1.255348
v -1.141047 0.363382 -1.234340
v -1.141047 0.499175 -1.312741
v -1.141047 0.520183 -1.391141
v -1.141047 0.499175 -1.469542
v -1.141047 0.441782 -1.526935
v -1.141047 0.363382 -1.547942
v -1.141047 0.284981 -1.526935
v -1.141047 0.227588 -1.469542
v -1.141047 0.206581 -1.391141
v -1.141047 0.227588 -1.312741
v -1.141047 0.284981 -1.255348
v -1.181718 0.363382 -1.320554
v -1.181718 0.398675 -1.330011
v -1.181718 0.424512 -1.355848
v -1.181718 0.433969 -1.391141
v -1.181718 0.424512 -1.426435
v -1.181718 0.398675 -1.452271
v -1.181718 0.363382 -1.461728
v -1.181718 0.328088 -1.452271
v -1.181718 0.302252 -1.426435
v -1.181718 0.292795 -1.391141
v -1.181718 0.302252 -1.355848
v -1.181718 0.328088 -1.330011
v -0.699775 0.301845 0.716697
v -1.176273 0.301845 0.716697
v -1.140557 1.206707 0.708702
v 0.000000 0.301845 0.716697
v -0.433180 0.301845 0.716697
v -1.176273 0.926340 0.716697
v -1.176273 0.697986 0.748275
v -1.176273 0.878510 0.716697
v -1.176273 0.481632 0.722034
v -1.023585 1.838579 0.732592
v -1.041597 1.790406 0.716332
v -1.055223 1.966700 0.732592
v -1.055223 2.299814 0.720044
v -1.055223 2.396695 0.732592
v 0.000000 2.594641 0.740711
v -0.699775 2.594641 0.740711
v -1.029462 2.555932 0.740711
v -1.055223 2.133257 0.732592
v -1.055223 2.071789 0.732592
v -0.964720 2.593474 0.740711
v -1.054949 0.301845 0.716697
v -1.055223 2.216535 0.709710
v -1.055223 2.450769 0.741109
v -1.211474 0.301845 0.716697
v -1.211474 0.481632 0.722034
v -1.135461 1.236510 0.708104
v -1.159962 0.925296 0.716697
v -1.159961 0.925316 0.735790
v -1.159928 0.697986 0.748275
v -1.159928 0.698145 0.770487
v -1.159928 0.878510 0.716697
v -1.159928 0.878510 0.735790
v -1.165186 0.469622 0.722034
v -1.164258 0.470551 0.741654
v -1.008733 1.834676 0.726994
v -1.000960 1.834346 0.745782
v -1.119146 1.233681 0.724949
v -1.124396 1.204266 0.726946
v -1.020870 1.787264 0.728034
v -1.199809 0.470183 0.722034
v -1.200038 0.469954 0.741654
v -1.199798 0.313283 0.735790
v -1.176273 0.318190 0.735790
v -1.176273 0.318190 0.716697
v -1.124398 1.204253 0.708641
v -1.026060 1.787105 0.712478
v -1.200027 0.313512 0.716697
v -1.119424 1.233664 0.706734
v 0.000000 0.301845 1.770435
v -0.699775 0.301845 1.766060
v -0.699775 0.481632 1.764509
v -0.433180 0.301845 1.770435
v -0.699775 0.745609 1.756881
v -0.487372 0.301845 1.766060
v -1.176273 0.926340 1.763655
v -1.176273 0.799801 1.759897
v -1.176273 0.878510 1.764012
v -1.201917 0.745609 1.756881
v -1.015812 1.838249 1.199444
v -1.140557 1.206707 1.755123
v -1.036241 1.787470 1.265652
v -1.054111 1.966370 1.208714
v -1.054111 2.299484 1.208714
v -1.054111 2.396365 1.208714
v 0.000000 2.597182 1.151138
v -0.699775 2.597182 1.151138
v -1.028351 2.558144 1.151138
v -1.054111 2.132927 1.208714
v -1.054111 2.071460 1.208714
v -0.963891 2.595769 1.151138
v -1.074063 0.745609 1.756881
v -1.054111 2.216206 1.208714
v -1.054111 2.451326 1.203912
v -1.208739 0.813132 1.760554
v -1.234379 0.758901 1.757544
v -1.135185 1.236527 1.727932
v -1.020630 1.784481 1.265496
v -1.119771 1.233270 1.727509
v -1.162771 0.878510 1.735932
v -1.162771 0.808299 1.735932
v -1.162798 0.925482 1.735932
v -1.127222 1.204591 1.732396
v -1.127196 1.204764 1.755123
v -1.121897 1.234133 1.705822
v -1.121897 1.234133 1.727932
v -1.162797 0.925496 1.763655
v -1.162771 0.799801 1.759897
v -1.162771 0.878510 1.764012
v -1.159577 1.180784 0.927996
v -1.159577 1.180784 0.830016
v -1.160944 1.170054 0.819287
v -1.162383 1.158756 0.830585
v -1.162383 1.158756 0.927217
v -1.161186 1.168155 0.936616
v -1.182638 1.183721 0.927996
v -1.182638 1.183721 0.830016
v -1.184005 1.172992 0.819287
v -1.185444 1.161693 0.830585
v -1.185444 1.161693 0.927217
v -1.184247 1.171092 0.936616
v -1.140557 1.206707 0.621772
v -1.140557 1.207819 -0.389783
v -1.176273 0.690948 -0.407087
v -1.176273 0.697231 0.642780
v -1.176354 0.925703 -0.052892
v -1.176273 0.876287 -0.052892
v -1.176349 0.925742 -0.304897
v -1.176273 0.877272 -0.304897
v -1.152869 1.110065 -0.052130
v -1.152869 1.110094 -0.302359
v -1.176273 0.788971 -0.307141
v -1.176273 0.790496 -0.052221
v -1.176348 0.925752 -0.076686
v -1.176273 0.876194 -0.076686
v -1.176368 0.925596 -0.281103
v -1.176273 0.876970 -0.281103
v -1.158790 1.110820 -0.052130
v -1.158790 1.110849 -0.302351
v -1.182243 0.788971 -0.307141
v -1.182243 0.790496 -0.052221
v -1.182312 0.926077 -0.052892
v -1.182243 0.876282 -0.052892
v -1.182307 0.926114 -0.304898
v -1.182243 0.877267 -0.304898
v -1.161797 1.087216 -0.076022
v -1.161797 1.087216 -0.279093
v -1.182243 0.812911 -0.282731
v -1.182243 0.814147 -0.076201
v -1.182306 0.926125 -0.076686
v -1.182242 0.876189 -0.076686
v -1.182326 0.925968 -0.281104
v -1.182243 0.876964 -0.281104
v -1.174913 0.946397 -0.258903
v -1.173533 0.957226 -0.258903
v -1.172618 0.964408 -0.251720
v -1.172618 0.964408 -0.239179
v -1.173655 0.956268 -0.231039
v -1.175001 0.945708 -0.231039
v -1.176105 0.937041 -0.239705
v -1.176105 0.937161 -0.251868
v -1.181307 0.947213 -0.258902
v -1.179927 0.958042 -0.258902
v -1.179012 0.965224 -0.251720
v -1.179012 0.965224 -0.239179
v -1.180049 0.957084 -0.231038
v -1.181394 0.946524 -0.231038
v -1.182498 0.937857 -0.239704
v -1.182498 0.937977 -0.251867
v -1.176273 0.878510 -1.807772
v -1.176273 0.682437 -1.726517
v -1.176273 0.878510 -2.531541
v -1.176273 0.481632 -1.807772
v -1.176273 0.483812 -2.529774
v -1.176273 0.686143 -2.471892
v -1.176273 0.828766 -2.114702
v -1.176273 0.683986 -2.140179
v -1.176273 0.828766 -2.471892
v -1.176273 0.532341 -2.114702
v -1.176273 0.533392 -2.471892
v -1.176273 0.686143 -2.446414
v -1.190486 0.828766 -2.114702
v -1.190486 0.683986 -2.114702
v -1.190486 0.828766 -2.471892
v -1.190486 0.532341 -2.114702
v -1.190486 0.533392 -2.471892
v -1.190486 0.686143 -2.471892
v -1.190486 0.803289 -2.140179
v -1.190486 0.683986 -2.140179
v -1.190486 0.803289 -2.446414
v -1.190486 0.557894 -2.140179
v -1.190486 0.558795 -2.446414
v -1.190486 0.686143 -2.446414
v -1.176273 0.776573 -2.281330
v -1.176273 0.776573 -2.297478
v -1.176273 0.767502 -2.305620
v -1.176273 0.754591 -2.305387
v -1.176273 0.745252 -2.298491
v -1.176273 0.745252 -2.281219
v -1.176273 0.754738 -2.272605
v -1.176273 0.766711 -2.272605
v -1.184065 0.776573 -2.281330
v -1.184065 0.776573 -2.297478
v -1.184065 0.767502 -2.305620
v -1.184065 0.754591 -2.305387
v -1.184065 0.745252 -2.298491
v -1.184065 0.745252 -2.281219
v -1.184065 0.754738 -2.272605
v -1.184065 0.766711 -2.272605
v 0.577639 0.301845 2.564104
v 0.577639 0.926340 2.503141
v 0.518524 0.703010 2.526208
v 0.577639 0.878510 2.514674
v 0.577639 0.481632 2.564104
v 0.577639 1.840145 1.452868
v 0.577639 1.207580 2.176317
v 0.577639 1.788840 1.510903
v 0.574607 1.971730 -2.707458
v 0.577639 1.968265 1.735484
v 0.574607 2.304844 -2.707458
v 0.577639 2.298533 1.700909
v 0.577639 2.398261 -0.945296
v 0.577639 2.398261 -1.785666
v 0.577639 2.398261 -1.368548
v 0.574905 2.401384 -2.616674
v 0.577639 2.398261 1.629306
v 0.577639 2.398261 -0.378732
v 0.577639 2.592134 1.269796
v 0.577639 2.597626 0.992863
v 0.577639 2.597626 1.140717
v 0.577639 2.567419 1.451868
v 0.577639 2.593507 0.647103
v 0.577639 2.594880 0.760420
v 0.577639 2.553689 -0.165799
v 0.574607 2.138287 -2.707458
v 0.577639 2.132763 1.769760
v 0.577639 2.072056 1.770267
v 0.574607 2.076819 -2.707458
v 0.575527 2.400674 -2.427646
v 0.575304 2.400928 -2.495411
v 0.577639 2.579776 1.360832
v 0.574607 2.221565 -2.707458
v 0.577639 2.215012 1.769073
v 0.577639 2.441204 -0.319901
v 0.577639 2.444998 1.580281
v 0.548943 0.843820 2.516954
v 0.489213 0.515898 2.558238
v 0.580907 0.301845 2.599120
v 0.580907 0.481632 2.599120
v 0.514553 1.898767 -2.669148
v 0.577639 1.237302 2.142696
v 0.577639 1.764139 1.538845
v 0.577639 1.262003 2.114754
v 0.577639 1.746969 1.523666
v 0.577639 1.244833 2.099575
v 0.577639 2.594641 0.740711
v 0.577639 2.597182 1.151138
v -0.572369 0.301845 2.564104
v -0.572369 0.926340 2.503141
v -0.513793 0.703010 2.526208
v -0.572369 0.878510 2.514674
v -0.572369 0.481632 2.564104
v -0.572369 1.840145 1.452868
v -0.572369 1.207618 2.176564
v -0.572369 1.788840 1.510903
v -0.569364 1.971711 -2.707458
v -0.572369 1.968265 1.735484
v -0.569364 2.304825 -2.707458
v -0.572369 2.298533 1.700909
v -0.572369 2.398261 -0.945296
v -0.572369 2.398261 -1.785666
v -0.572369 2.398261 -1.368548
v -0.569660 2.401367 -2.616674
v -0.572369 2.398261 1.629306
v -0.572369 2.398261 -0.378732
v -0.572369 2.592134 1.269796
v -0.572369 2.597626 0.992863
v -0.572369 2.597626 1.140717
v -0.572369 2.567419 1.451868
v -0.572369 2.593507 0.647103
v -0.572369 2.594880 0.760420
v -0.572369 2.553689 -0.165799
v -0.569364 2.138268 -2.707458
v -0.572369 2.132763 1.769760
v -0.572369 2.072056 1.770267
v -0.569364 2.076801 -2.707458
v -0.570276 2.400661 -2.427646
v -0.570055 2.400914 -2.495411
v -0.572369 2.579776 1.360832
v -0.569364 2.221547 -2.707458
v -0.572369 2.215012 1.769073
v -0.572369 2.441204 -0.319901
v -0.572369 2.444998 1.580281
v -0.543934 0.843820 2.516954
v -0.484750 0.515898 2.558238
v -0.575607 0.301845 2.599122
v -0.575607 0.481632 2.599122
v -0.509859 1.898750 -2.669148
v -0.572369 1.237339 2.142942
v -0.572369 1.764139 1.538845
v -0.572369 1.262041 2.115000
v -0.572369 1.746969 1.523666
v -0.572369 1.244871 2.099822
v -0.572369 2.594641 0.740711
v -0.572369 2.597182 1.151138
v 0.666943 2.441236 -1.369070
v 0.666943 2.441236 -0.977229
v 0.665696 2.442496 -2.349195
v 0.666915 2.441236 -1.755046
v 0.610126 2.441236 -0.977229
v 0.610097 2.441236 -1.755046
v 0.610126 2.441236 -1.369070
v 0.666943 2.441236 -0.452714
v 0.610126 2.441236 -0.452714
v 0.609086 2.442358 -2.349195
v -0.665535 2.441235 -1.369070
v -0.665535 2.441235 -0.977229
v -0.664288 2.442496 -2.349196
v -0.665506 2.441235 -1.755047
v -0.606265 2.441235 -0.977229
v -0.606237 2.441235 -1.755046
v -0.606265 2.441235 -1.369070
v -0.665535 2.441235 -0.452714
v -0.606265 2.441235 -0.452714
v -0.605235 2.442351 -2.349196
v 1.006569 0.718767 -2.795689
v 1.006569 2.068767 -2.752893
v 1.016733 0.718767 -2.790794
v 1.016733 2.068767 -2.747998
v 1.019243 0.718767 -2.779796
v 1.019243 2.068767 -2.737000
v 1.012210 0.718767 -2.770976
v 1.012210 2.068767 -2.728181
v 1.000929 0.718767 -2.770976
v 1.000929 2.068767 -2.728181
v 0.993895 0.718767 -2.779796
v 0.993895 2.068767 -2.737000
v 0.996406 0.718767 -2.790794
v 0.996406 2.068767 -2.747998
v 1.006569 1.847281 -2.753698
v 1.016733 1.847281 -2.748803
v 1.019243 1.847281 -2.737805
v 1.012210 1.847281 -2.728985
v 1.000929 1.847281 -2.728985
v 0.993895 1.847281 -2.737805
v 0.996406 1.847281 -2.748803
v 1.016733 0.927101 -2.788735
v 1.019243 0.927101 -2.777737
v 1.012210 0.927101 -2.768917
v 1.000929 0.927101 -2.768917
v 0.993895 0.927101 -2.777737
v 0.996406 0.927101 -2.788735
v 1.006569 0.927101 -2.793630
v 0.770948 0.718767 -2.795689
v 0.770948 2.068767 -2.752893
v 0.781112 0.718767 -2.790794
v 0.781112 2.068767 -2.747998
v 0.783622 0.718767 -2.779796
v 0.783622 2.068767 -2.737000
v 0.776588 0.718767 -2.770976
v 0.776588 2.068767 -2.728181
v 0.765307 0.718767 -2.770976
v 0.765307 2.068767 -2.728181
v 0.758274 0.718767 -2.779796
v 0.758274 2.068767 -2.737000
v 0.760784 0.718767 -2.790794
v 0.760784 2.068767 -2.747998
v 0.770948 1.847281 -2.753698
v 0.781112 1.847281 -2.748803
v 0.783622 1.847281 -2.737805
v 0.776588 1.847281 -2.728985
v 0.765307 1.847281 -2.728985
v 0.758274 1.847281 -2.737805
v 0.760784 1.847281 -2.748803
v 0.781112 0.927101 -2.788735
v 0.783622 0.927101 -2.777737
v 0.776588 0.927101 -2.768917
v 0.765307 0.927101 -2.768917
v 0.758274 0.927101 -2.777737
v 0.760784 0.927101 -2.788735
v 0.770948 0.927101 -2.793630
v 0.778975 1.970300 -2.748760
v 0.778975 1.977130 -2.745471
v 0.778975 1.978817 -2.738081
v 0.778975 1.974090 -2.732155
v 0.778975 1.966510 -2.732155
v 0.778975 1.961784 -2.738081
v 0.778975 1.963471 -2.745471
v 0.997265 1.970300 -2.749301
v 0.997265 1.977130 -2.746012
v 0.997265 1.978817 -2.738622
v 0.997265 1.974090 -2.732696
v 0.997265 1.966510 -2.732696
v 0.997265 1.961784 -2.738622
v 0.997265 1.963471 -2.746012
v 0.778975 1.864462 -2.749633
v 0.778975 1.871291 -2.746344
v 0.778975 1.872978 -2.738954
v 0.778975 1.868252 -2.733027
v 0.778975 1.860672 -2.733027
v 0.778975 1.855945 -2.738954
v 0.778975 1.857632 -2.746344
v 0.997265 1.864461 -2.750173
v 0.997265 1.871291 -2.746884
v 0.997265 1.872978 -2.739494
v 0.997265 1.868252 -2.733568
v 0.997265 1.860672 -2.733568
v 0.997265 1.855945 -2.739494
v 0.997265 1.857632 -2.746884
v 0.778975 1.758581 -2.753354
v 0.778975 1.765410 -2.750065
v 0.778975 1.767097 -2.742675
v 0.778975 1.762371 -2.736749
v 0.778975 1.754791 -2.736749
v 0.778975 1.750064 -2.742675
v 0.778975 1.751751 -2.750065
v 0.997265 1.758581 -2.753895
v 0.997265 1.765410 -2.750606
v 0.997265 1.767097 -2.743216
v 0.997265 1.762371 -2.737289
v 0.997265 1.754791 -2.737289
v 0.997265 1.750064 -2.743216
v 0.997265 1.751751 -2.750606
v 0.778975 1.651769 -2.758122
v 0.778975 1.658599 -2.754833
v 0.778975 1.660285 -2.747443
v 0.778975 1.655559 -2.741517
v 0.778975 1.647979 -2.741517
v 0.778975 1.643253 -2.747443
v 0.778975 1.644940 -2.754833
v 0.997265 1.651769 -2.758663
v 0.997265 1.658599 -2.755374
v 0.997265 1.660285 -2.747984
v 0.997265 1.655559 -2.742058
v 0.997265 1.647979 -2.742058
v 0.997265 1.643253 -2.747984
v 0.997265 1.644940 -2.755374
v 0.778975 1.545656 -2.762774
v 0.778975 1.552485 -2.759485
v 0.778975 1.554172 -2.752095
v 0.778975 1.549446 -2.746169
v 0.778975 1.541866 -2.746169
v 0.778975 1.537140 -2.752095
v 0.778975 1.538826 -2.759485
v 0.997265 1.545656 -2.763314
v 0.997265 1.552485 -2.760026
v 0.997265 1.554172 -2.752636
v 0.997265 1.549446 -2.746709
v 0.997265 1.541866 -2.746709
v 0.997265 1.537140 -2.752636
v 0.997265 1.538826 -2.760026
v 0.778975 1.439833 -2.767194
v 0.778975 1.446663 -2.763905
v 0.778975 1.448349 -2.756515
v 0.778975 1.443623 -2.750588
v 0.778975 1.436043 -2.750588
v 0.778975 1.431317 -2.756515
v 0.778975 1.433004 -2.763905
v 0.997265 1.439833 -2.767734
v 0.997265 1.446663 -2.764445
v 0.997265 1.448349 -2.757055
v 0.997265 1.443623 -2.751129
v 0.997265 1.436043 -2.751129
v 0.997265 1.431317 -2.757055
v 0.997265 1.433004 -2.764445
v 0.778975 1.333022 -2.772078
v 0.778975 1.339851 -2.768789
v 0.778975 1.341538 -2.761399
v 0.778975 1.336812 -2.755473
v 0.778975 1.329232 -2.755473
v 0.778975 1.324506 -2.761399
v 0.778975 1.326192 -2.768789
v 0.997265 1.333022 -2.772618
v 0.997265 1.339851 -2.769330
v 0.997265 1.341538 -2.761940
v 0.997265 1.336812 -2.756013
v 0.997265 1.329232 -2.756013
v 0.997265 1.324506 -2.761940
v 0.997265 1.326192 -2.769330
v 0.778975 1.226327 -2.776381
v 0.778975 1.233156 -2.773092
v 0.778975 1.234843 -2.765702
v 0.778975 1.230117 -2.759776
v 0.778975 1.222537 -2.759776
v 0.778975 1.217811 -2.765702
v 0.778975 1.219497 -2.773092
v 0.997265 1.226327 -2.776922
v 0.997265 1.233156 -2.773633
v 0.997265 1.234843 -2.766243
v 0.997265 1.230117 -2.760316
v 0.997265 1.222537 -2.760316
v 0.997265 1.217811 -2.766243
v 0.997265 1.219497 -2.773633
v 0.778974 1.119574 -2.780219
v 0.778974 1.126403 -2.776930
v 0.778974 1.128090 -2.769540
v 0.778974 1.123364 -2.763614
v 0.778974 1.115784 -2.763614
v 0.778974 1.111058 -2.769540
v 0.778974 1.112744 -2.776930
v 0.997265 1.119574 -2.780759
v 0.997265 1.126403 -2.777470
v 0.997265 1.128090 -2.770080
v 0.997265 1.123364 -2.764154
v 0.997265 1.115784 -2.764154
v 0.997265 1.111058 -2.770080
v 0.997265 1.112744 -2.777470
v 0.778974 1.010844 -2.786092
v 0.778974 1.017673 -2.782803
v 0.778974 1.019360 -2.775413
v 0.778974 1.014634 -2.769487
v 0.778974 1.007054 -2.769487
v 0.778974 1.002328 -2.775413
v 0.778974 1.004014 -2.782803
v 0.997265 1.010844 -2.786632
v 0.997265 1.017673 -2.783343
v 0.997265 1.019360 -2.775953
v 0.997265 1.014634 -2.770027
v 0.997265 1.007054 -2.770027
v 0.997265 1.002328 -2.775953
v 0.997265 1.004014 -2.783343
v 0.778974 0.906300 -2.789697
v 0.778974 0.913130 -2.786408
v 0.778974 0.914816 -2.779018
v 0.778974 0.910090 -2.773092
v 0.778974 0.902510 -2.773092
v 0.778974 0.897784 -2.779018
v 0.778974 0.899471 -2.786408
v 0.997265 0.906300 -2.790237
v 0.997265 0.913130 -2.786949
v 0.997265 0.914816 -2.779559
v 0.997265 0.910090 -2.773632
v 0.997265 0.902510 -2.773632
v 0.997265 0.897784 -2.779559
v 0.997265 0.899471 -2.786949
v 0.778974 0.801059 -2.790744
v 0.778974 0.807888 -2.787455
v 0.778974 0.809575 -2.780065
v 0.778974 0.804849 -2.774138
v 0.778974 0.797269 -2.774138
v 0.778974 0.792543 -2.780065
v 0.778974 0.794230 -2.787455
v 0.997265 0.801059 -2.791284
v 0.997265 0.807888 -2.787995
v 0.997265 0.809575 -2.780605
v 0.997265 0.804849 -2.774679
v 0.997265 0.797269 -2.774679
v 0.997265 0.792543 -2.780605
v 0.997265 0.794230 -2.787995
v 1.004721 1.978318 -2.732187
v 0.998795 1.966012 -2.732187
v 1.004721 1.961286 -2.732187
v 1.012111 1.962972 -2.732187
v 1.015940 1.969802 -2.703720
v 1.005262 1.978318 -2.703720
v 0.999335 1.973592 -2.703720
v 0.779606 1.969802 -2.732187
v 0.776317 1.976631 -2.732187
v 0.768927 1.978318 -2.732187
v 0.763001 1.966012 -2.732187
v 0.780147 1.969802 -2.703720
v 0.776858 1.976631 -2.703720
v 0.763541 1.973592 -2.703720
v 0.769468 1.961286 -2.703720
v 0.776858 1.962972 -2.703720
v 1.015400 1.969802 -2.732187
v 1.012111 1.976631 -2.732187
v 0.998795 1.973592 -2.732187
v 1.012652 1.976631 -2.703720
v 0.999335 1.966012 -2.703720
v 1.005262 1.961286 -2.703720
v 1.012652 1.962972 -2.703720
v 0.763001 1.973592 -2.732187
v 0.768927 1.961286 -2.732187
v 0.776317 1.962972 -2.732187
v 0.769468 1.978318 -2.703720
v 0.763541 1.966012 -2.703720
v 1.015400 1.332721 -2.752477
v 1.012111 1.339547 -2.752266
v 1.004721 1.341233 -2.752213
v 0.998795 1.336509 -2.752360
v 0.998795 1.328933 -2.752594
v 1.004721 1.324209 -2.752741
v 1.012111 1.325895 -2.752688
v 1.015940 1.331840 -2.724025
v 1.012652 1.338666 -2.723813
v 1.005262 1.340352 -2.723761
v 0.999335 1.335628 -2.723907
v 0.999335 1.328052 -2.724142
v 1.005262 1.323328 -2.724288
v 1.012652 1.325014 -2.724236
v 0.779606 1.332721 -2.752477
v 0.776317 1.339547 -2.752266
v 0.768927 1.341233 -2.752213
v 0.763001 1.336509 -2.752360
v 0.763001 1.328933 -2.752594
v 0.768927 1.324209 -2.752741
v 0.776317 1.325895 -2.752688
v 0.780147 1.331840 -2.724025
v 0.776858 1.338666 -2.723813
v 0.769468 1.340352 -2.723761
v 0.763541 1.335628 -2.723907
v 0.763541 1.328052 -2.724142
v 0.769468 1.323328 -2.724288
v 0.776858 1.325014 -2.724236
v 1.015400 0.800418 -2.771407
v 1.012111 0.807247 -2.771385
v 1.004721 0.808934 -2.771380
v 0.998795 0.804208 -2.771395
v 0.998795 0.796628 -2.771420
v 1.004721 0.791902 -2.771435
v 1.012111 0.793588 -2.771430
v 1.015940 0.800325 -2.742942
v 1.012652 0.807154 -2.742919
v 1.005262 0.808841 -2.742913
v 0.999335 0.804115 -2.742929
v 0.999335 0.796534 -2.742954
v 1.005262 0.791809 -2.742969
v 1.012652 0.793495 -2.742964
v 0.779606 0.800418 -2.771407
v 0.776317 0.807247 -2.771385
v 0.768927 0.808934 -2.771380
v 0.763001 0.804208 -2.771395
v 0.763001 0.796628 -2.771420
v 0.768927 0.791902 -2.771435
v 0.776317 0.793588 -2.771430
v 0.780147 0.800325 -2.742942
v 0.776858 0.807154 -2.742919
v 0.769468 0.808841 -2.742913
v 0.763541 0.804115 -2.742929
v 0.763541 0.796534 -2.742954
v 0.769468 0.791809 -2.742969
v 0.776858 0.793495 -2.742964
v 0.000000 0.796883 2.520039
v 0.000000 0.749946 2.523123
v 0.652727 0.796883 2.520039
v 0.640443 0.749946 2.523123
v -0.652727 0.796883 2.520039
v -0.640443 0.749946 2.523123
v 0.538803 0.796883 2.520039
v 0.528663 0.749946 2.523123
v -0.523840 0.749946 2.523123
v -0.533887 0.796883 2.520039
v 0.000000 0.656232 2.534215
v 0.000000 0.609454 2.542223
v 0.000000 0.562676 2.550230
v 0.619283 0.656232 2.534215
v 0.610406 0.609454 2.542223
v 0.601529 0.562676 2.550231
v -0.619283 0.656232 2.534215
v -0.610406 0.609454 2.542223
v -0.601529 0.562676 2.550231
v 0.511196 0.656232 2.534215
v 0.503869 0.609454 2.542223
v 0.496541 0.562676 2.550231
v -0.492011 0.562676 2.550231
v -0.499271 0.609454 2.542223
v -0.506532 0.656232 2.534215
v -0.000000 0.750965 2.538618
v -0.000000 0.704028 2.541703
v -0.000000 0.565296 2.565536
v -0.000000 0.518518 2.573544
v 0.518524 0.704028 2.541703
v 0.640443 0.750965 2.538618
v 0.628159 0.704028 2.541703
v 0.601529 0.565296 2.565536
v 0.592652 0.518518 2.573544
v 0.548943 0.844838 2.532449
v 0.000000 0.844838 2.532449
v 0.489213 0.518518 2.573544
v -0.513793 0.704028 2.541703
v -0.640443 0.750965 2.538618
v -0.628159 0.704028 2.541703
v -0.601529 0.565296 2.565536
v -0.592652 0.518518 2.573544
v -0.543934 0.844838 2.532449
v -0.484750 0.518518 2.573544
v 0.665010 0.844838 2.532449
v 0.528663 0.750965 2.538618
v 0.496541 0.565296 2.565536
v -0.665010 0.844838 2.532449
v -0.533887 0.797902 2.535533
v 0.000000 0.797902 2.535533
v 0.652727 0.797902 2.535533
v -0.652727 0.797902 2.535533
v 0.538803 0.797902 2.535533
v -0.523840 0.750965 2.538618
v 0.000000 0.658852 2.549521
v 0.000000 0.612074 2.557528
v 0.619283 0.658852 2.549521
v 0.610406 0.612074 2.557528
v -0.619283 0.658852 2.549521
v -0.610406 0.612074 2.557528
v 0.511196 0.658852 2.549521
v 0.503869 0.612074 2.557528
v -0.492011 0.565296 2.565536
v -0.499271 0.612074 2.557529
v -0.506532 0.658852 2.549521
v -0.372881 1.156636 -2.718865
v -0.417763 1.324136 -2.718865
v -0.540381 1.446755 -2.718865
v -0.707882 1.491636 -2.718865
v -0.875382 1.446755 -2.718865
v -0.998000 1.324136 -2.718865
v -1.042881 1.156636 -2.718865
v -0.998000 0.989136 -2.718865
v -0.875382 0.866518 -2.718865
v -0.707882 0.821636 -2.718865
v -0.540381 0.866518 -2.718865
v -0.417763 0.989136 -2.718865
v -0.578591 1.156636 -2.959635
v -0.595913 1.221281 -2.959635
v -0.643236 1.268605 -2.959635
v -0.707882 1.285927 -2.959635
v -0.772526 1.268605 -2.959635
v -0.819850 1.221282 -2.959635
v -0.837172 1.156636 -2.959635
v -0.819850 1.091991 -2.959635
v -0.772527 1.044668 -2.959635
v -0.707882 1.027346 -2.959635
v -0.643236 1.044668 -2.959635
v -0.595913 1.091991 -2.959635
v -0.417763 1.324136 -2.990438
v -0.372881 1.156636 -2.990438
v -0.540381 1.446755 -2.990438
v -0.707882 1.491636 -2.990438
v -0.875382 1.446755 -2.990438
v -0.998000 1.324136 -2.990438
v -1.042881 1.156636 -2.990438
v -0.998000 0.989136 -2.990438
v -0.875382 0.866518 -2.990438
v -0.707882 0.821636 -2.990438
v -0.540381 0.866518 -2.990438
v -0.417763 0.989136 -2.990438
v -0.523738 1.262952 -2.990438
v -0.495251 1.156636 -2.990438
v -0.601566 1.340780 -2.990438
v -0.707882 1.369267 -2.990438
v -0.814197 1.340780 -2.990438
v -0.892025 1.262952 -2.990438
v -0.920512 1.156636 -2.990438
v -0.892025 1.050321 -2.990438
v -0.814197 0.972493 -2.990438
v -0.707882 0.944006 -2.990438
v -0.601566 0.972493 -2.990438
v -0.523738 1.050321 -2.990438
v -0.572088 1.235037 -2.959635
v -0.551081 1.156636 -2.959635
v -0.629481 1.292430 -2.959635
v -0.707882 1.313437 -2.959635
v -0.786282 1.292430 -2.959635
v -0.843675 1.235037 -2.959635
v -0.864682 1.156636 -2.959635
v -0.843675 1.078236 -2.959635
v -0.786282 1.020843 -2.959635
v -0.707882 0.999835 -2.959635
v -0.629481 1.020843 -2.959635
v -0.572088 1.078236 -2.959635
v -0.637295 1.156636 -3.000306
v -0.646751 1.191930 -3.000306
v -0.672588 1.217766 -3.000306
v -0.707882 1.227223 -3.000306
v -0.743175 1.217766 -3.000306
v -0.769012 1.191930 -3.000306
v -0.778468 1.156636 -3.000306
v -0.769012 1.121343 -3.000306
v -0.743175 1.095506 -3.000306
v -0.707882 1.086049 -3.000306
v -0.672588 1.095506 -3.000306
v -0.646751 1.121343 -3.000306
v 0.699775 0.878510 -2.744651
v 0.699775 0.686811 -2.744651
v 0.000000 0.878510 -2.744651
v 0.000000 0.686811 -2.744651
v 0.699775 0.926340 -2.744651
v 0.000000 0.926340 -2.744651
v 0.349887 0.686811 -2.744651
v 0.699775 1.206707 -2.730016
v 0.000000 1.206707 -2.730016
v 0.349887 1.206707 -2.730016
v 0.566763 0.878510 -2.744651
v 0.599289 0.787297 -2.744651
v 0.133011 0.878510 -2.744651
v 0.100486 0.787297 -2.744651
v 0.566763 0.926340 -2.744651
v 0.133011 0.926340 -2.744651
v 0.349887 0.819822 -2.744651
v 0.599289 1.106358 -2.735254
v 0.100486 1.106358 -2.735254
v 0.349887 1.073877 -2.736950
v 0.599289 0.878510 -2.765805
v 0.599289 0.787297 -2.765805
v 0.100486 0.878510 -2.765805
v 0.100486 0.787297 -2.765805
v 0.599289 0.926892 -2.765797
v 0.100486 0.926892 -2.765797
v 0.349887 0.787297 -2.765805
v 0.599289 1.107461 -2.756378
v 0.100486 1.107461 -2.756378
v 0.349887 1.107461 -2.756378
v 0.566763 0.878510 -2.765805
v 0.566763 0.819822 -2.765805
v 0.133011 0.878510 -2.765805
v 0.133011 0.819822 -2.765805
v 0.566763 0.926892 -2.765797
v 0.133011 0.926892 -2.765797
v 0.349887 0.819822 -2.765805
v 0.566763 1.074980 -2.758074
v 0.133011 1.074980 -2.758074
v 0.349887 1.074980 -2.758074
v 0.350033 1.053509 -2.733183
v 0.350033 1.009450 -2.735483
v 0.368589 1.041345 -2.733818
v 0.368589 1.021613 -2.734848
v 0.330764 1.022081 -2.734823
v 0.330764 1.040965 -2.733838
v 0.350033 1.054550 -2.753120
v 0.350033 1.010491 -2.755420
v 0.368590 1.042386 -2.753755
v 0.368590 1.022654 -2.754785
v 0.330763 1.023122 -2.754761
v 0.330763 1.042006 -2.753775
vn -0.0000 -1.0000 -0.0000
vn -0.0000 -0.0000 -1.0000
vn 1.0000 -0.0000 -0.0025
vn -0.0000 0.2344 0.9721
vn -1.0000 -0.0000 -0.0000
vn -0.0000 -0.1063 0.9943
vn 1.0000 -0.0000 -0.0000
vn 0.8329 -0.5238 0.1784
vn -0.0000 -0.8336 0.5523
vn -0.0000 -0.1063 -0.9943
vn 0.0056 -0.9966 -0.0817
vn -0.0000 0.1687 0.9857
vn -0.0000 -0.0113 -0.9999
vn -0.0000 -0.4344 0.9007
vn -0.0017 -0.0146 0.9999
vn 0.2175 0.2288 0.9489
vn -0.0000 -0.4344 -0.9007
vn 0.9581 -0.2864 -0.0000
vn -0.0000 -0.9990 -0.0453
vn -0.0000 -0.9857 0.1687
vn 0.0011 -1.0000 0.0007
vn -0.3584 0.8807 -0.3095
vn -0.0000 -0.4920 0.8706
vn -0.0000 -0.4920 -0.8706
vn -0.0000 -0.9275 0.3738
vn -0.0000 0.3828 -0.9238
vn -0.0000 -0.9964 0.0846
vn -0.0000 -0.9192 0.3939
vn -0.0000 -0.9266 -0.3759
vn -0.0000 -0.9108 0.4129
vn 0.0143 -0.9980 0.0623
vn -0.0000 -0.9249 -0.3803
vn 0.9667 -0.1194 0.2265
vn -0.0000 -0.0000 1.0000
vn 0.2204 0.1646 0.9614
vn 0.2929 -0.9552 0.0433
vn 0.8891 0.0815 0.4504
vn 0.9914 0.1305 -0.0035
vn 0.9292 0.0255 0.3688
vn 0.9987 0.0469 0.0220
vn 0.9990 -0.0179 0.0400
vn 0.9996 -0.0286 0.0084
vn -0.0111 0.9983 -0.0564
vn -0.0004 0.0348 -0.9994
vn 0.9996 -0.0275 0.0063
vn -0.3662 0.8725 -0.3235
vn -0.0243 0.9997 0.0018
vn -0.0000 1.0000 -0.0000
vn -0.0143 0.9999 -0.0036
vn 0.1740 -0.8396 0.5145
vn -0.3076 0.3505 -0.8846
vn -0.3726 0.8749 0.3094
vn -0.3081 0.3504 0.8845
vn -0.0017 1.0000 -0.0025
vn -0.3588 0.8789 0.3143
vn -0.3359 0.4092 -0.8484
vn 0.1084 0.7427 0.6608
vn -0.0000 0.0521 -0.9986
vn -0.0147 0.0521 -0.9985
vn 0.0183 0.7416 0.6706
vn 0.9920 0.1264 -0.0000
vn 0.7795 0.4410 0.4448
vn 0.9920 0.1259 -0.0000
vn 0.9922 0.1244 -0.0090
vn 0.9941 0.1084 -0.0014
vn 0.9842 0.1773 -0.0000
vn 0.9921 0.1254 -0.0000
vn 0.6497 0.6144 0.4476
vn 0.0363 0.7487 0.6619
vn 0.0001 0.0387 -0.9993
vn 0.0644 0.7485 0.6600
vn 0.9920 0.1259 0.0002
vn 0.9914 0.1309 0.0002
vn 1.0000 -0.0017 -0.0000
vn 0.0030 0.0358 -0.9994
vn 0.2263 -0.9710 0.0766
vn -0.0020 -1.0000 -0.0000
vn 0.0041 0.7426 0.6697
vn -0.0000 0.7492 0.6623
vn 0.9260 0.3775 -0.0058
vn 0.7273 0.5823 0.3633
vn 0.9155 0.4018 0.0201
vn 0.9187 0.3950 -0.0000
vn -0.0000 0.6323 0.7747
vn 0.9954 0.0002 0.0963
vn 0.9988 -0.0192 0.0440
vn -0.0000 0.5832 0.8123
vn -0.0023 0.6847 -0.7288
vn 0.9461 0.3239 -0.0000
vn -0.0033 0.6855 -0.7281
vn 0.0006 0.5854 0.8108
vn 0.9461 0.3239 -0.0004
vn 0.9893 0.1437 -0.0246
vn 0.9954 -0.0005 0.0961
vn 0.9995 -0.0127 0.0303
vn -0.0000 0.7238 0.6900
vn 0.9827 0.1853 -0.0013
vn -0.0012 1.0000 0.0027
vn 0.3535 0.9354 -0.0000
vn -0.0000 0.8077 -0.5896
vn 0.3509 0.9364 0.0046
vn 0.9830 0.1838 -0.0000
vn 0.1337 0.7596 0.6365
vn 0.9763 0.2164 -0.0059
vn 0.9405 0.3172 0.1215
vn 0.1579 0.9871 -0.0256
vn 0.0365 -0.9993 -0.0084
vn -0.0025 0.0585 -0.9983
vn 0.0014 -0.0631 0.9980
vn 0.0004 -0.0007 1.0000
vn -0.0003 0.0001 1.0000
vn -0.0000 0.9999 -0.0118
vn -0.0000 0.9909 0.1345
vn -0.0000 0.9991 0.0425
vn 0.3705 0.9160 0.1539
vn 0.3595 0.9323 0.0397
vn 0.3598 0.9330 -0.0000
vn 0.3598 0.9330 -0.0110
vn 0.3464 0.9370 -0.0459
vn -0.0000 0.9988 -0.0489
vn 0.3586 0.9333 0.0200
vn -0.0000 0.9999 -0.0121
vn 0.9783 0.1959 0.0680
vn 0.9826 0.1857 0.0040
vn 0.9983 -0.0000 0.0590
vn 0.9954 0.0002 0.0959
vn -0.0000 0.0083 1.0000
vn -0.0000 -0.3178 0.9482
vn 0.9954 0.0002 0.0957
vn 0.3482 0.9374 0.0046
vn -0.0026 1.0000 0.0027
vn 0.9886 0.1503 -0.0007
vn 0.9921 0.1253 -0.0004
vn 0.9920 0.1261 -0.0004
vn -0.0000 -0.9899 -0.1421
vn -0.0000 -0.9957 -0.0924
vn -0.0053 -1.0000 -0.0016
vn -0.0000 1.0000 0.0030
vn 0.9920 0.1263 -0.0002
vn 0.9921 0.1252 -0.0002
vn 0.9882 0.1534 -0.0007
vn -0.0029 1.0000 0.0027
vn 0.3474 0.9377 0.0046
vn -0.0042 1.0000 0.0050
vn -0.0037 1.0000 0.0050
vn 0.0049 1.0000 -0.0058
vn 0.0053 0.9999 -0.0118
vn 0.0053 1.0000 -0.0000
vn 0.0053 0.9991 0.0425
vn 0.0028 0.9912 0.1321
vn 0.0014 0.7238 0.6900
vn -0.0018 1.0000 0.0050
vn 0.1334 0.8367 -0.5312
vn 0.0006 0.5841 0.8117
vn 0.1135 0.7382 -0.6649
vn -0.0107 0.7426 0.6697
vn 0.0060 0.7487 0.6629
vn 0.0001 0.0385 -0.9993
vn 0.0835 0.7132 0.6959
vn 0.0112 -0.9983 0.0566
vn -0.0000 -0.9267 -0.3759
vn -0.3822 0.4078 0.8292
vn -0.0000 -0.0489 0.9988
vn 0.0706 -0.0118 -0.9974
vn 0.9981 0.0017 -0.0618
vn 0.0059 1.0000 0.0029
vn -0.0000 -0.9999 0.0113
vn -0.0000 0.9999 -0.0113
vn 0.0045 0.9912 0.1322
vn 0.9962 -0.0142 0.0860
vn 0.9969 0.0005 0.0781
vn 0.3604 0.9201 0.1534
vn 0.9271 0.3542 0.1229
vn 0.9939 -0.0086 0.1095
vn 0.9947 0.0392 0.0951
vn 0.6774 0.6532 0.3384
vn 0.6454 0.6211 0.4446
vn 0.8333 0.3651 0.4151
vn 0.9646 -0.0958 0.2458
vn 0.9680 0.0528 0.2455
vn 0.9337 0.0216 0.3575
vn 0.7298 -0.6652 0.1580
vn 0.2463 0.0641 0.9671
vn 0.8945 0.0170 0.4468
vn 0.2230 0.0639 0.9727
vn 0.0263 -0.9995 0.0181
vn -0.0165 0.9994 -0.0294
vn -0.9748 0.0146 0.2225
vn -0.0143 0.9980 -0.0623
vn 0.4328 -0.0618 -0.8994
vn 0.9969 0.0005 0.0782
vn 0.9987 0.0344 0.0371
vn 0.9954 0.0002 0.0961
vn 0.9906 0.0956 0.0976
vn 0.9971 -0.0298 0.0698
vn 0.9917 0.0832 0.0976
vn -0.0000 0.0656 0.9978
vn 0.2614 -0.0000 0.9652
vn 1.0000 0.0022 0.0020
vn -0.0001 -0.0471 -0.9989
vn 0.0605 -0.0358 -0.9975
vn 0.0003 -0.0000 1.0000
vn 0.9343 0.0109 0.3564
vn 1.0000 0.0011 0.0016
vn 0.8984 0.0505 0.4363
vn 0.8924 0.0502 -0.4484
vn 0.8989 -0.0004 0.4382
vn 0.8986 -0.0006 -0.4388
vn 0.9159 0.3748 0.1436
vn 0.8943 0.4185 0.1583
vn 0.9155 0.3738 -0.1489
vn 0.9159 0.3757 -0.1412
vn 0.8952 0.2073 0.3944
vn 0.8940 0.2078 -0.3971
vn 0.9064 0.1699 0.3867
vn 0.9064 0.1699 -0.3867
vn -0.0501 0.1281 -0.9905
vn 0.0004 -0.0009 1.0000
vn 1.0000 -0.0006 0.0011
vn 0.9978 -0.0024 -0.0656
vn -0.0000 -0.0474 -0.9989
vn 0.2227 -0.0000 0.9749
vn 0.9419 0.0310 0.3346
vn -0.0434 0.9991 -0.0023
vn 0.4333 -0.0971 -0.8960
vn 0.0351 -0.9979 -0.0542
vn 0.4333 -0.0971 0.8960
vn 0.0019 -0.9886 -0.1508
vn 0.4171 -0.0023 -0.9088
vn 0.0017 -1.0000 0.0025
vn 0.4171 -0.0023 0.9088
vn 0.0289 -0.9995 0.0085
vn 0.0137 -0.9999 0.0037
vn 0.3567 -0.8641 -0.3552
vn 0.0003 1.0000 -0.0085
vn 0.3604 -0.8649 -0.3494
vn 0.3724 -0.8537 0.3641
vn -0.0530 0.9985 -0.0115
vn 0.3562 -0.8667 0.3492
vn 0.4097 -0.4522 -0.7922
vn 0.4107 -0.4518 0.7919
vn 0.3861 -0.4050 -0.8288
vn -0.0163 -0.9955 -0.0931
vn 0.3857 -0.4051 0.8289
vn 0.0419 -0.9990 0.0165
vn 0.9490 0.1209 -0.2911
vn 0.9516 0.3074 0.0001
vn 0.9380 -0.0000 -0.3465
vn 0.9452 0.1227 -0.3025
vn 0.8084 -0.5886 -0.0057
vn 0.8084 -0.5886 -0.0000
vn 0.9516 0.3074 -0.0001
vn 0.9495 0.1424 0.2797
vn 0.9547 0.1169 0.2735
vn 0.9387 -0.0004 0.3448
vn 0.9932 0.1165 -0.0001
vn -0.4659 -0.0000 -0.8848
vn -0.0000 0.4699 -0.8827
vn -0.4535 0.0334 -0.8906
vn 0.0016 -0.4659 -0.8848
vn -0.0034 1.0000 -0.0023
vn 1.0000 0.0001 0.0020
vn 0.9904 0.1321 -0.0407
vn 0.9833 -0.0368 -0.1785
vn 0.9957 -0.0104 -0.0921
vn 0.9892 0.0589 -0.1339
vn 0.0132 -0.9999 0.0007
vn 0.9844 0.1758 -0.0000
vn 0.9426 0.1306 -0.3073
vn -0.1110 0.6162 0.7797
vn -0.0049 0.7362 0.6768
vn 0.0011 -0.0445 0.9990
vn -0.0000 -0.1889 -0.9820
vn -0.0000 0.0004 1.0000
vn -0.0303 0.6620 -0.7489
vn -0.0781 -0.6603 0.7469
vn 0.2478 -0.9686 0.0212
vn 0.6934 0.5795 0.4284
vn 0.9921 0.1255 -0.0000
vn 0.9834 0.1811 0.0061
vn -0.1773 0.9842 -0.0000
vn 0.1091 -0.6055 -0.7883
vn 0.3612 -0.8577 0.3659
vn 0.8944 0.4156 -0.1654
vn 0.9909 0.1346 0.0086
vn -0.3782 0.8678 -0.3224
vn 0.9987 -0.0446 0.0228
vn 0.9928 0.1182 0.0212
vn 0.0097 0.7462 0.6656
vn 0.0287 0.7393 0.6728
vn 0.0652 0.7524 0.6555
vn 0.0447 0.7448 0.6658
vn 0.0178 0.7624 0.6469
vn -0.9953 -0.0640 0.0724
vn -0.0000 -0.6623 0.7492
vn -0.0758 0.6604 -0.7471
vn 0.6773 0.5934 0.4350
vn 0.9853 0.1706 -0.0079
vn 0.7221 -0.4520 -0.5237
vn 0.4306 -0.8828 0.1875
vn -0.4694 0.8270 -0.3093
vn -0.1921 0.9813 0.0108
vn -0.0049 0.0272 0.9996
vn 0.1773 -0.9842 -0.0000
vn 0.0003 1.0000 -0.0028
vn -0.0001 -0.0465 -0.9989
vn 0.0147 0.0521 -0.9985
vn 1.0000 -0.0011 -0.0002
vn 1.0000 0.0004 -0.0002
vn 0.9901 0.1387 0.0234
vn 0.9883 0.1396 -0.0620
vn 0.9991 0.0432 -0.0000
vn 1.0000 -0.0049 0.0009
vn 0.9920 0.1263 0.0001
vn 1.0000 -0.0010 -0.0000
vn 0.9920 0.1264 0.0001
vn 1.0000 0.0022 0.0014
vn 0.9873 0.1586 0.0002
vn 0.9873 0.1588 -0.0000
vn 0.9873 0.1587 -0.0000
vn 0.9898 0.1427 -0.0001
vn 0.0003 -0.0001 -1.0000
vn -0.1587 0.9873 -0.0000
vn 0.0001 -0.0012 -1.0000
vn 0.0013 -0.0130 0.9999
vn -0.0037 0.0367 -0.9993
vn 1.0000 -0.0003 -0.0000
vn 0.1074 -0.9942 0.0006
vn 0.9919 0.1271 -0.0000
vn 1.0000 0.0008 -0.0000
vn 0.9997 -0.0232 0.0024
vn 0.9528 0.3037 -0.0003
vn 1.0000 0.0025 -0.0038
vn -0.0849 0.9964 -0.0004
vn 0.0001 -0.0005 -1.0000
vn -0.0012 0.0088 -1.0000
vn 0.1174 -0.3821 -0.9166
vn 0.0015 0.0157 -0.9999
vn 0.3008 -0.3315 -0.8942
vn 0.0012 -0.0053 1.0000
vn -0.0129 0.0288 0.9995
vn -0.0000 -0.0254 0.9997
vn 0.1820 0.0689 -0.9809
vn -0.0014 0.0622 -0.9981
vn 0.0021 -0.0224 0.9997
vn 0.9920 0.1259 -0.0028
vn 0.9920 0.1259 0.0031
vn 0.9927 0.1207 -0.0000
vn 0.1264 -0.9920 -0.0000
vn -0.1264 0.9920 -0.0000
vn -0.0944 0.8318 0.5470
vn 0.9938 0.1108 0.0003
vn 0.9921 0.1254 -0.0084
vn 0.0609 -0.5893 -0.8056
vn 0.1246 -0.9919 -0.0257
vn -0.1230 0.9890 0.0820
vn -0.1021 0.7118 -0.6950
vn 0.1188 -0.8842 0.4517
vn -0.0927 0.8099 0.5792
vn -0.1257 0.9898 -0.0671
vn 0.1244 -0.9916 -0.0338
vn 0.1010 -0.7167 0.6901
vn 0.8126 0.1508 0.5630
vn -0.0000 0.7071 0.7071
vn -0.0000 -0.2588 -0.9659
vn -0.0000 0.7071 -0.7071
vn -0.0000 -0.9659 0.2588
vn -0.0000 0.2588 0.9659
vn -0.0000 0.9659 -0.2588
vn -0.0000 -0.9659 -0.2588
vn -0.0000 -0.2588 0.9659
vn -0.0000 0.9659 0.2588
vn -0.0000 -0.7071 -0.7071
vn -0.0000 0.2588 -0.9659
vn -0.0000 -0.7071 0.7071
vn 0.8683 -0.1284 0.4791
vn 0.8683 -0.3507 0.3507
vn 0.8683 -0.4791 0.1284
vn 0.8683 -0.4791 -0.1284
vn 0.8683 -0.3507 -0.3507
vn 0.8683 -0.1284 -0.4791
vn 0.8683 0.1284 -0.4791
vn 0.8683 0.3507 -0.3507
vn 0.8683 0.4791 -0.1284
vn 0.8683 0.4791 0.1284
vn 0.8683 0.3507 0.3507
vn 0.8683 0.1284 0.4791
vn 0.8126 0.5630 -0.1509
vn 0.8126 -0.5630 -0.1508
vn 0.8126 -0.1508 0.5630
vn 0.8126 0.5630 0.1509
vn 0.8126 -0.4121 -0.4121
vn 0.8126 0.1509 -0.5630
vn 0.8126 -0.4121 0.4121
vn 0.8126 0.4121 0.4121
vn 0.8126 -0.1509 -0.5630
vn 0.8126 0.4121 -0.4121
vn 0.8126 -0.5630 0.1509
vn 0.8126 0.1508 -0.5630
vn 0.8126 -0.5630 0.1508
vn 0.8126 -0.1508 -0.5630
vn 0.8126 0.1509 0.5630
vn 0.8126 -0.1509 0.5630
vn 0.8126 -0.5630 -0.1509
vn 0.9771 0.1407 0.1594
vn 0.9975 -0.0071 0.0702
vn 0.9993 0.0051 0.0368
vn 0.0022 1.0000 -0.0058
vn 0.9804 0.1847 0.0681
vn 0.3520 0.9358 0.0196
vn 0.9995 -0.0019 0.0304
vn 0.9990 -0.0029 0.0443
vn 0.9237 0.1598 0.3482
vn 0.9890 0.1477 0.0074
vn 0.9415 -0.2570 0.2181
vn 0.0005 0.9998 -0.0178
vn 0.9851 0.1717 0.0074
vn 0.9920 0.1265 -0.0000
vn 0.9996 0.0184 0.0217
vn 1.0000 -0.0007 -0.0000
vn 0.9079 0.2399 0.3438
vn 1.0000 -0.0001 -0.0000
vn 0.9734 0.1673 0.1567
vn -0.1987 -0.9800 -0.0071
vn 0.1878 0.4243 -0.8859
vn 0.0510 -0.1165 0.9919
vn 0.1703 0.0385 -0.9846
vn -0.0000 0.1723 0.9850
vn -0.1557 -0.0388 0.9870
vn -0.0049 0.0281 0.9996
vn 0.0494 -0.0368 -0.9981
vn -0.1965 -0.3650 0.9100
vn -0.0003 -0.0317 0.9995
vn -0.0499 0.0337 0.9982
vn 0.0051 -0.0309 -0.9995
vn -0.3808 0.9246 0.0113
vn 0.1825 -0.9830 0.0217
vn 0.3704 -0.8613 -0.3480
vn 0.9146 0.3782 0.1432
vn 0.9818 0.1899 0.0041
vn 0.9306 0.3660 -0.0056
vn -0.1104 0.6518 0.7503
vn -0.0014 0.0125 0.9999
vn -0.3659 0.8774 0.3103
vn 0.0031 -0.0301 -0.9995
vn -0.0000 0.9425 0.3342
vn 0.9841 0.1774 -0.0001
vn 0.9920 0.1265 0.0001
vn 1.0000 -0.0006 -0.0000
vn -0.0000 0.0522 -0.9986
vn 0.1077 -0.6620 -0.7417
vn 0.0002 -0.0075 -1.0000
vn 0.8618 0.5073 0.0012
vn -0.0709 0.5562 0.8280
vn -0.0890 0.6986 -0.7100
vn 0.0890 -0.6986 0.7099
vn 0.0890 -0.6986 -0.7099
vn 0.9921 0.1253 0.0001
vn 1.0000 -0.0008 0.0001
vn 1.0000 -0.0008 -0.0004
vn 0.9920 0.1260 0.0006
vn -0.0004 0.0041 -1.0000
vn -0.0000 0.0078 1.0000
vn -0.0000 1.0000 -0.0060
vn 0.0004 -0.0041 1.0000
vn -0.0000 -1.0000 0.0060
vn 0.0013 -0.0123 0.9999
vn -0.1265 0.9920 0.0001
vn 0.9920 0.1263 -0.0000
vn 1.0000 -0.0013 -0.0001
vn 1.0000 -0.0015 -0.0004
vn 0.0001 -0.0000 1.0000
vn -0.0000 -0.0078 -1.0000
vn -0.0002 -0.0000 -1.0000
vn -0.0001 -0.0000 -1.0000
vn -0.0001 0.0254 -0.9997
vn 0.0002 -0.0000 1.0000
vn -0.0007 0.0137 -0.9999
vn 0.0001 -0.0254 0.9997
vn 0.9920 0.1266 0.0001
vn 0.9978 0.0666 -0.0030
vn -0.0892 0.6986 0.7100
vn -0.0891 0.6986 -0.7099
vn 0.1266 -0.9919 -0.0098
vn -0.0001 -0.0000 1.0000
vn -0.1266 0.9920 -0.0000
vn 0.0001 -0.0000 -1.0000
vn 0.0764 -0.5979 -0.7979
vn 0.0891 -0.6986 0.7099
vn -0.0000 1.0000 0.0029
vn -0.0000 -1.0000 -0.0029
vn -0.0000 -0.0180 -0.9998
vn -0.0000 0.6626 0.7490
vn -0.0000 -0.6723 0.7403
vn -0.0000 -0.5940 -0.8044
vn -0.0000 0.6679 -0.7442
vn -1.0000 -0.0000 -0.0025
vn -0.8329 -0.5238 0.1784
vn -0.0056 -0.9966 -0.0817
vn -0.2175 0.2288 0.9489
vn -0.9581 -0.2864 -0.0000
vn -0.0000 0.9978 -0.0656
vn -0.0011 -1.0000 0.0007
vn 0.3584 0.8807 -0.3095
vn -0.0143 -0.9980 0.0623
vn -0.9667 -0.1194 0.2265
vn -0.2204 0.1646 0.9614
vn -0.2929 -0.9552 0.0433
vn -0.8891 0.0815 0.4504
vn -0.9914 0.1305 -0.0035
vn -0.9292 0.0255 0.3688
vn -0.9987 0.0469 0.0220
vn -0.9990 -0.0179 0.0400
vn -0.9996 -0.0286 0.0084
vn 0.0111 0.9983 -0.0564
vn 0.0004 0.0348 -0.9994
vn -0.9996 -0.0275 0.0063
vn 0.3662 0.8725 -0.3235
vn 0.0243 0.9997 0.0018
vn 0.0143 0.9999 -0.0036
vn -0.1740 -0.8396 0.5145
vn 0.3076 0.3505 -0.8846
vn 0.3726 0.8749 0.3094
vn 0.3081 0.3504 0.8845
vn 0.0017 1.0000 -0.0025
vn 0.3588 0.8789 0.3143
vn 0.3359 0.4092 -0.8484
vn -0.1084 0.7427 0.6608
vn -0.0183 0.7415 0.6707
vn -0.9920 0.1264 -0.0000
vn -0.7795 0.4410 0.4448
vn -0.9920 0.1259 -0.0000
vn -0.9922 0.1244 -0.0090
vn -0.9941 0.1084 -0.0014
vn -0.9842 0.1773 -0.0000
vn -0.9921 0.1254 -0.0000
vn -0.6497 0.6144 0.4476
vn -0.0363 0.7487 0.6619
vn -0.0001 0.0387 -0.9993
vn -0.0644 0.7485 0.6600
vn -0.9920 0.1259 0.0002
vn -0.9914 0.1309 0.0002
vn -1.0000 -0.0017 -0.0000
vn -0.0030 0.0358 -0.9994
vn -0.2263 -0.9710 0.0766
vn 0.0020 -1.0000 -0.0000
vn -0.0041 0.7426 0.6697
vn -0.9260 0.3775 -0.0058
vn -0.7273 0.5823 0.3633
vn -0.9155 0.4018 0.0201
vn -0.9187 0.3950 -0.0000
vn -0.9954 0.0002 0.0963
vn -0.9988 -0.0192 0.0440
vn 0.0023 0.6847 -0.7288
vn -0.9461 0.3239 -0.0000
vn 0.0033 0.6855 -0.7281
vn -0.0006 0.5854 0.8108
vn -0.9461 0.3239 -0.0004
vn -0.9893 0.1437 -0.0246
vn -0.9954 -0.0005 0.0961
vn -0.9995 -0.0127 0.0303
vn -0.9718 0.2358 -0.0017
vn 0.0012 1.0000 0.0027
vn -0.3535 0.9354 -0.0000
vn -0.3509 0.9364 0.0046
vn -0.9723 0.2338 -0.0000
vn -0.1999 0.7716 0.6039
vn -0.9602 0.2791 -0.0077
vn -0.9149 0.3842 0.1240
vn -0.1579 0.9871 -0.0256
vn -0.0365 -0.9993 -0.0084
vn 0.0003 0.0001 1.0000
vn -0.5179 0.8407 0.1580
vn -0.5038 0.8631 0.0367
vn -0.5041 0.8636 -0.0000
vn -0.5041 0.8636 -0.0102
vn -0.4895 0.8710 -0.0427
vn -0.5027 0.8640 0.0269
vn -0.9665 0.2475 0.0674
vn -0.9716 0.2364 0.0051
vn -0.9983 -0.0000 0.0590
vn -0.9954 0.0002 0.0959
vn -0.9954 0.0002 0.0957
vn -0.3482 0.9374 0.0046
vn 0.0026 1.0000 0.0027
vn -0.9886 0.1503 -0.0007
vn -0.9921 0.1253 -0.0004
vn -0.9920 0.1261 -0.0004
vn 0.0053 -1.0000 -0.0016
vn -0.9920 0.1263 -0.0002
vn -0.9921 0.1252 -0.0002
vn -0.9882 0.1534 -0.0007
vn 0.0029 1.0000 0.0027
vn -0.3474 0.9377 0.0046
vn 0.0042 1.0000 0.0050
vn 0.0037 1.0000 0.0050
vn -0.0049 1.0000 -0.0058
vn -0.0053 0.9999 -0.0118
vn -0.0053 1.0000 -0.0000
vn -0.0053 0.9991 0.0425
vn -0.0028 0.9912 0.1321
vn -0.0014 0.7238 0.6900
vn 0.0018 1.0000 0.0050
vn -0.1985 0.8442 -0.4979
vn -0.0006 0.5841 0.8117
vn -0.1135 0.7382 -0.6649
vn 0.0107 0.7426 0.6697
vn -0.0060 0.7487 0.6629
vn -0.0001 0.0385 -0.9993
vn -0.0835 0.7132 0.6959
vn -0.0112 -0.9983 0.0566
vn 0.3822 0.4078 0.8292
vn -0.0706 -0.0118 -0.9974
vn -0.9981 0.0017 -0.0618
vn -0.0059 1.0000 0.0029
vn -0.0045 0.9912 0.1322
vn -0.9962 -0.0142 0.0860
vn -0.9969 0.0005 0.0781
vn -0.5043 0.8490 0.1578
vn -0.8941 0.4300 0.1253
vn -0.9939 -0.0086 0.1095
vn -0.9947 0.0392 0.0951
vn -0.6774 0.6532 0.3384
vn -0.6454 0.6211 0.4446
vn -0.8333 0.3651 0.4151
vn -0.9646 -0.0958 0.2458
vn -0.9680 0.0528 0.2455
vn -0.9337 0.0216 0.3575
vn -0.7298 -0.6652 0.1580
vn -0.2463 0.0641 0.9671
vn -0.8945 0.0170 0.4468
vn -0.2230 0.0639 0.9727
vn -0.0263 -0.9995 0.0181
vn 0.0165 0.9994 -0.0294
vn 0.9748 0.0146 0.2225
vn 0.0143 0.9980 -0.0623
vn -0.4328 -0.0618 -0.8994
vn -0.9969 0.0005 0.0782
vn -0.9987 0.0344 0.0371
vn -0.9954 0.0002 0.0961
vn -0.9906 0.0956 0.0976
vn -0.9971 -0.0298 0.0698
vn -0.9917 0.0832 0.0976
vn -0.2614 -0.0000 0.9652
vn -1.0000 0.0022 0.0020
vn 0.0001 -0.0471 -0.9989
vn -0.0605 -0.0358 -0.9975
vn -0.0003 -0.0000 1.0000
vn -0.9343 0.0109 0.3564
vn -1.0000 0.0011 0.0016
vn -0.8984 0.0505 0.4363
vn -0.8924 0.0502 -0.4484
vn -0.8989 -0.0004 0.4382
vn -0.8986 -0.0006 -0.4388
vn -0.9159 0.3748 0.1436
vn -0.8943 0.4185 0.1583
vn -0.9155 0.3738 -0.1489
vn -0.9159 0.3757 -0.1412
vn -0.8952 0.2073 0.3944
vn -0.8940 0.2078 -0.3971
vn -0.9064 0.1699 0.3867
vn -0.9064 0.1699 -0.3867
vn 0.0501 0.1281 -0.9905
vn -1.0000 -0.0006 0.0011
vn -0.9978 -0.0024 -0.0656
vn -0.2227 -0.0000 0.9749
vn -0.9419 0.0310 0.3346
vn 0.0434 0.9991 -0.0023
vn -0.4333 -0.0971 -0.8960
vn -0.0351 -0.9979 -0.0542
vn -0.4333 -0.0971 0.8960
vn -0.0019 -0.9886 -0.1508
vn -0.4171 -0.0023 -0.9088
vn -0.0017 -1.0000 0.0025
vn -0.4171 -0.0023 0.9088
vn -0.0289 -0.9995 0.0085
vn -0.0137 -0.9999 0.0037
vn -0.3567 -0.8641 -0.3552
vn -0.0003 1.0000 -0.0085
vn -0.3604 -0.8649 -0.3494
vn -0.3724 -0.8537 0.3641
vn 0.0530 0.9985 -0.0115
vn -0.3562 -0.8667 0.3492
vn -0.4097 -0.4522 -0.7922
vn -0.4107 -0.4518 0.7919
vn -0.3861 -0.4050 -0.8288
vn 0.0163 -0.9955 -0.0931
vn -0.3857 -0.4051 0.8289
vn -0.0419 -0.9990 0.0165
vn -0.9490 0.1209 -0.2911
vn -0.9516 0.3074 0.0001
vn -0.9380 -0.0000 -0.3466
vn -0.9452 0.1227 -0.3025
vn -0.8084 -0.5886 -0.0057
vn -0.8084 -0.5886 -0.0000
vn -0.9516 0.3074 -0.0001
vn -0.9495 0.1424 0.2797
vn -0.9547 0.1169 0.2735
vn -0.9387 -0.0004 0.3448
vn -0.9932 0.1165 -0.0001
vn 0.4659 -0.0000 -0.8848
vn 0.4535 0.0334 -0.8906
vn -0.0016 -0.4659 -0.8848
vn 0.0034 1.0000 -0.0023
vn -1.0000 0.0001 0.0020
vn -0.9904 0.1321 -0.0407
vn -0.9833 -0.0368 -0.1785
vn -0.9957 -0.0104 -0.0921
vn -0.9892 0.0589 -0.1339
vn -0.0132 -0.9999 0.0007
vn -0.9844 0.1758 -0.0000
vn -0.9426 0.1306 -0.3073
vn 0.1110 0.6162 0.7797
vn 0.0049 0.7362 0.6768
vn 0.0303 0.6620 -0.7489
vn 0.0781 -0.6603 0.7469
vn -0.2478 -0.9686 0.0212
vn -0.6934 0.5795 0.4284
vn -0.9921 0.1255 -0.0000
vn -0.9834 0.1811 0.0061
vn 0.1773 0.9842 -0.0000
vn -0.1091 -0.6055 -0.7883
vn -0.3612 -0.8577 0.3659
vn -0.8944 0.4156 -0.1654
vn -0.9909 0.1346 0.0086
vn 0.3782 0.8678 -0.3224
vn -0.9987 -0.0446 0.0228
vn -0.9928 0.1182 0.0212
vn -0.0097 0.7462 0.6656
vn -0.0287 0.7393 0.6728
vn -0.0652 0.7524 0.6555
vn -0.0447 0.7448 0.6658
vn -0.0178 0.7625 0.6468
vn 0.9953 -0.0640 0.0724
vn 0.0758 0.6604 -0.7471
vn -0.6773 0.5934 0.4350
vn -0.9853 0.1706 -0.0079
vn -0.7221 -0.4520 -0.5237
vn -0.4306 -0.8828 0.1875
vn 0.4694 0.8270 -0.3093
vn 0.1921 0.9813 0.0108
vn 0.0049 0.0272 0.9996
vn -0.1773 -0.9842 -0.0000
vn -0.0003 1.0000 -0.0028
vn 0.0001 -0.0465 -0.9989
vn -1.0000 -0.0011 -0.0002
vn -1.0000 0.0004 -0.0002
vn -0.9901 0.1387 0.0234
vn -0.9883 0.1396 -0.0620
vn -0.9991 0.0432 -0.0000
vn -1.0000 -0.0049 0.0009
vn -0.9920 0.1263 0.0001
vn -1.0000 -0.0010 -0.0000
vn -0.9920 0.1264 0.0001
vn -1.0000 0.0022 0.0014
vn -0.9873 0.1586 0.0002
vn -0.9873 0.1588 -0.0000
vn -0.9873 0.1587 -0.0000
vn -0.9898 0.1427 -0.0001
vn -0.0003 -0.0001 -1.0000
vn 0.1587 0.9873 -0.0000
vn -0.0001 -0.0012 -1.0000
vn -0.0013 -0.0130 0.9999
vn 0.0037 0.0367 -0.9993
vn -1.0000 0.0013 -0.0019
vn 0.0247 0.9997 0.0015
vn -0.8126 0.1508 0.5630
vn -0.8683 -0.1284 0.4791
vn -0.8683 -0.3507 0.3507
vn -0.8683 -0.4791 0.1284
vn -0.8683 -0.4791 -0.1284
vn -0.8683 -0.3507 -0.3507
vn -0.8683 -0.1284 -0.4791
vn -0.8683 0.1284 -0.4791
vn -0.8683 0.3507 -0.3507
vn -0.8683 0.4791 -0.1284
vn -0.8683 0.4791 0.1284
vn -0.8683 0.3507 0.3507
vn -0.8683 0.1284 0.4791
vn -0.8126 0.5630 -0.1509
vn -0.8126 -0.5630 -0.1508
vn -0.8126 -0.1508 0.5630
vn -0.8126 0.5630 0.1509
vn -0.8126 -0.4121 -0.4121
vn -0.8126 0.1509 -0.5630
vn -0.8126 -0.4121 0.4121
vn -0.8126 0.4121 0.4121
vn -0.8126 -0.1509 -0.5630
vn -0.8126 0.4121 -0.4121
vn -0.8126 -0.5630 0.1509
vn -0.8126 0.1508 -0.5630
vn -0.8126 -0.5630 0.1508
vn -0.8126 -0.1508 -0.5630
vn -0.8126 0.1509 0.5630
vn -0.8126 -0.1509 0.5630
vn -0.8126 -0.5630 -0.1509
vn -0.9771 0.1407 0.1594
vn -0.9975 -0.0071 0.0702
vn -0.9993 0.0051 0.0368
vn -0.0022 1.0000 -0.0058
vn -0.9983 -0.0000 0.0591
vn -0.9695 0.2355 0.0676
vn -0.4956 0.8681 0.0265
vn -0.9995 -0.0019 0.0304
vn -0.9990 -0.0029 0.0443
vn -0.9237 0.1598 0.3482
vn -0.9890 0.1477 0.0074
vn -0.9415 -0.2570 0.2181
vn -0.0005 0.9998 -0.0178
vn -0.9851 0.1717 0.0074
vn -0.9920 0.1265 -0.0000
vn -0.9996 0.0184 0.0217
vn -1.0000 -0.0007 -0.0000
vn -0.9079 0.2399 0.3438
vn -1.0000 -0.0001 -0.0000
vn -0.9734 0.1673 0.1567
vn 0.1987 -0.9800 -0.0071
vn -0.1878 0.4243 -0.8859
vn -0.0510 -0.1165 0.9919
vn -0.1703 0.0385 -0.9846
vn 0.1557 -0.0388 0.9870
vn 0.0049 0.0281 0.9996
vn -0.0494 -0.0368 -0.9981
vn 0.1965 -0.3650 0.9100
vn 0.0003 -0.0317 0.9995
vn 0.0499 0.0337 0.9982
vn -0.0051 -0.0309 -0.9995
vn 0.3808 0.9246 0.0113
vn -0.1825 -0.9830 0.0217
vn -0.3704 -0.8613 -0.3480
vn -0.9146 0.3782 0.1432
vn -0.9702 0.2422 0.0053
vn -0.9306 0.3660 -0.0056
vn 0.1104 0.6518 0.7503
vn 0.0014 0.0125 0.9999
vn 0.3659 0.8774 0.3103
vn -0.0031 -0.0301 -0.9995
vn -0.9841 0.1774 -0.0001
vn -0.9920 0.1265 0.0001
vn -1.0000 -0.0006 -0.0000
vn -0.1077 -0.6620 -0.7417
vn -0.0002 -0.0075 -1.0000
vn -0.8618 0.5073 0.0012
vn 0.0709 0.5562 0.8280
vn -0.1264 -0.9920 -0.0000
vn 0.0890 0.6986 -0.7100
vn -0.0890 -0.6986 0.7099
vn -0.0890 -0.6986 -0.7099
vn 0.1264 0.9920 -0.0000
vn -0.9921 0.1253 0.0001
vn -1.0000 -0.0008 0.0001
vn -1.0000 -0.0008 -0.0004
vn -0.9920 0.1260 0.0006
vn 0.0004 0.0041 -1.0000
vn -0.0004 -0.0041 1.0000
vn -0.0013 -0.0123 0.9999
vn 0.1265 0.9920 0.0001
vn -0.9920 0.1263 -0.0000
vn -1.0000 -0.0013 -0.0001
vn -1.0000 -0.0015 -0.0004
vn 0.0002 -0.0000 -1.0000
vn 0.0001 0.0254 -0.9997
vn -0.0002 -0.0000 1.0000
vn 0.0007 0.0137 -0.9999
vn -0.0001 -0.0254 0.9997
vn -0.9920 0.1266 0.0001
vn -0.9978 0.0666 -0.0030
vn 0.0892 0.6986 0.7099
vn 0.0891 0.6986 -0.7099
vn -0.1266 -0.9919 -0.0098
vn 0.1266 0.9920 -0.0000
vn -0.0764 -0.5979 -0.7979
vn -0.0891 -0.6986 0.7099
vn 0.0181 0.7517 0.6592
vn -0.0029 1.0000 0.0040
vn -0.0026 1.0000 0.0040
vn 0.7852 0.6193 -0.0000
vn -0.7824 0.6227 -0.0004
vn -0.7979 0.6029 -0.0000
vn 0.7783 0.6279 0.0037
vn -0.0023 0.6851 -0.7284
vn 0.0179 0.7612 0.6483
vn 0.9676 -0.2521 0.0166
vn -0.0181 0.7518 0.6592
vn 0.0029 1.0000 0.0040
vn 0.0026 1.0000 0.0040
vn -0.0000 0.8647 0.5023
vn -0.7821 0.6231 -0.0000
vn 0.7946 0.6071 -0.0000
vn 0.7853 0.6191 -0.0000
vn 0.0023 0.6851 -0.7284
vn -0.0179 0.7610 0.6485
vn -0.9830 -0.1812 0.0310
vn -0.0012 1.0000 0.0020
vn 0.0012 1.0000 0.0020
vn -0.7909 0.6119 0.0037
vn 0.7951 0.6064 -0.0005
vn -0.7820 0.6233 -0.0000
vn -0.7977 0.6030 -0.0000
vn 0.7945 0.6072 -0.0000
vn -0.0022 0.8835 -0.4685
vn 0.0022 0.8834 -0.4685
vn 0.4339 0.0033 -0.9010
vn 0.9749 0.0008 -0.2225
vn 0.7818 -0.0023 0.6235
vn -0.0000 -0.0036 1.0000
vn -0.7818 -0.0023 0.6235
vn -0.9749 0.0008 -0.2225
vn -0.4339 0.0033 -0.9010
vn -0.4336 0.0391 -0.9003
vn -0.9749 0.0097 -0.2225
vn -0.7815 -0.0270 0.6233
vn -0.0000 -0.0434 0.9991
vn 0.7815 -0.0270 0.6233
vn 0.9749 0.0097 -0.2225
vn 0.4336 0.0391 -0.9003
vn 0.4339 0.0089 -0.9009
vn 0.9749 0.0022 -0.2225
vn 0.7818 -0.0062 0.6235
vn -0.0000 -0.0099 1.0000
vn -0.7818 -0.0062 0.6235
vn -0.9749 0.0022 -0.2225
vn -0.4339 0.0089 -0.9009
vn -0.0022 0.4339 -0.9010
vn -0.0006 0.9749 -0.2225
vn 0.0015 0.7818 0.6235
vn 0.0025 -0.0000 1.0000
vn 0.0015 -0.7818 0.6235
vn -0.0006 -0.9749 -0.2225
vn -0.0022 -0.4339 -0.9010
vn -0.0022 0.4339 -0.9009
vn 0.9008 0.4338 -0.0171
vn 0.2225 0.9749 -0.0042
vn -0.6234 0.7818 0.0118
vn -0.9998 -0.0000 0.0190
vn -0.6234 -0.7818 0.0118
vn 0.2225 -0.9749 -0.0042
vn 0.9008 -0.4338 -0.0171
vn 0.9008 0.4341 -0.0037
vn 0.2225 0.9746 0.0260
vn -0.6234 0.7810 0.0360
vn -0.9998 -0.0006 0.0190
vn -0.6234 -0.7818 -0.0124
vn -0.0000 0.0309 -0.9995
vn 0.2225 -0.9743 -0.0344
vn 0.9008 -0.4331 -0.0305
vn -0.0000 -0.0310 0.9995
vn 0.9008 0.4339 -0.0157
vn 0.2225 0.9749 -0.0010
vn -0.6234 0.7817 0.0144
vn -0.9998 -0.0001 0.0190
vn -0.6234 -0.7818 0.0093
vn -0.0000 0.0033 -1.0000
vn 0.2225 -0.9749 -0.0074
vn 0.9008 -0.4337 -0.0185
vn -0.0000 -0.0033 1.0000
vn -0.0000 0.9857 -0.1687
vn -0.0000 -0.9978 0.0656
vn -0.9676 -0.2521 0.0166
vn 0.9830 -0.1812 0.0310
vn -0.5630 0.1509 -0.8126
vn -0.7071 0.7071 -0.0000
vn 0.9659 -0.2588 -0.0000
vn 0.7071 0.7071 -0.0000
vn -0.2588 -0.9659 -0.0000
vn -0.9659 0.2588 -0.0000
vn 0.2588 0.9659 -0.0000
vn 0.2588 -0.9659 -0.0000
vn -0.9659 -0.2588 -0.0000
vn -0.2588 0.9659 -0.0000
vn 0.7071 -0.7071 -0.0000
vn 0.9659 0.2588 -0.0000
vn -0.7071 -0.7071 -0.0000
vn -0.4791 -0.1284 -0.8683
vn -0.3507 -0.3507 -0.8683
vn -0.1284 -0.4791 -0.8683
vn 0.1284 -0.4791 -0.8683
vn 0.3507 -0.3507 -0.8683
vn 0.4791 -0.1284 -0.8683
vn 0.4791 0.1284 -0.8683
vn 0.3507 0.3507 -0.8683
vn 0.1284 0.4791 -0.8683
vn -0.1284 0.4791 -0.8683
vn -0.3507 0.3507 -0.8683
vn -0.4791 0.1284 -0.8683
vn 0.1508 0.5630 -0.8126
vn 0.1508 -0.5630 -0.8126
vn -0.5630 -0.1509 -0.8126
vn -0.1508 0.5630 -0.8126
vn 0.4121 -0.4121 -0.8126
vn 0.5630 0.1508 -0.8126
vn -0.4121 -0.4121 -0.8126
vn -0.4121 0.4121 -0.8126
vn 0.5630 -0.1508 -0.8126
vn 0.4121 0.4121 -0.8126
vn -0.1508 -0.5630 -0.8126
vn -0.0000 0.9986 0.0521
vn -0.0000 -0.9986 -0.0521
vn -0.0000 0.0001 -1.0000
vn 0.5487 -0.8349 -0.0436
vn 0.5487 0.8349 0.0436
vn -0.5461 0.8366 0.0437
vn -0.5487 -0.8349 -0.0436
vt 0.566675 0.582484
vt 0.566772 0.582306
vt 0.566772 0.582670
vt 0.566718 0.582624
vt 0.566586 0.582569
vt 0.566572 0.582569
vt 0.566373 0.582670
vt 0.566599 0.582569
vt 0.566598 0.582569
vt 0.566473 0.582570
vt 0.566572 0.582470
vt 0.566672 0.582570
vt 0.566734 0.582632
vt 0.566449 0.582594
vt 0.566391 0.582285
vt 0.566576 0.582303
vt 0.566572 0.582670
vt 0.566763 0.582532
vt 0.566690 0.582309
vt 0.566572 0.582290
vt 0.566455 0.582309
vt 0.566442 0.582348
vt 0.566382 0.582532
vt 0.566373 0.582271
vt 0.566772 0.582271
vt 0.566598 0.582340
vt 0.566605 0.582507
vt 0.437036 0.726202
vt 0.437436 0.726202
vt 0.566572 0.582569
vt 0.566559 0.582569
vt 0.566572 0.582271
vt 0.566572 0.582471
vt 0.566557 0.582569
vt 0.566573 0.582569
vt 0.566651 0.582633
vt 0.566729 0.582595
vt 0.566767 0.582426
vt 0.566659 0.582290
vt 0.566486 0.582290
vt 0.566378 0.582426
vt 0.566416 0.582595
vt 0.566590 0.582303
vt 0.566759 0.582289
vt 0.572448 0.916132
vt 0.580709 0.916132
vt 0.580709 0.926132
vt 0.572448 0.926132
vt 0.694348 0.920386
vt 0.694422 0.920382
vt 0.694464 0.920679
vt 0.694380 0.920679
vt 0.566590 0.582617
vt 0.566628 0.582472
vt 0.566373 0.582470
vt 0.566568 0.582422
vt 0.566576 0.582617
vt 0.566534 0.582408
vt 0.568723 0.576185
vt 0.572747 0.576185
vt 0.572747 0.580209
vt 0.568723 0.580209
vt 0.566420 0.582616
vt 0.566568 0.582569
vt 0.566740 0.582271
vt 0.566740 0.582441
vt 0.566572 0.582569
vt 0.566721 0.582621
vt 0.553624 0.914307
vt 0.563624 0.914307
vt 0.563624 0.924307
vt 0.553624 0.924307
vt 0.566533 0.582594
vt 0.579826 0.916132
vt 0.579826 0.926132
vt 0.570709 0.916132
vt 0.570709 0.926132
vt 0.566390 0.582288
vt 0.566408 0.582670
vt 0.566573 0.582569
vt 0.566572 0.582306
vt 0.566373 0.582617
vt 0.566750 0.582639
vt 0.566373 0.582303
vt 0.566620 0.582455
vt 0.566426 0.582670
vt 0.566740 0.582670
vt 0.566703 0.582470
vt 0.539499 0.690578
vt 0.539696 0.690876
vt 0.566580 0.582271
vt 0.566442 0.582468
vt 0.566569 0.582569
vt 0.566570 0.582569
vt 0.566572 0.582470
vt 0.566673 0.582570
vt 0.566536 0.582303
vt 0.566606 0.582470
vt 0.566521 0.582311
vt 0.566774 0.582309
vt 0.566772 0.582473
vt 0.566522 0.582473
vt 0.566597 0.582306
vt 0.566595 0.582484
vt 0.566573 0.582471
vt 0.566536 0.582617
vt 0.566745 0.582644
vt 0.566688 0.582311
vt 0.566714 0.582384
vt 0.566724 0.582384
vt 0.566730 0.582388
vt 0.566730 0.582398
vt 0.566723 0.582403
vt 0.566688 0.582473
vt 0.566373 0.582306
vt 0.566582 0.582306
vt 0.415295 0.608960
vt 0.415090 0.608858
vt 0.579379 0.916132
vt 0.575673 0.926132
vt 0.571516 0.916132
vt 0.575733 0.926132
vt 0.566570 0.582271
vt 0.566737 0.582471
vt 0.566474 0.582474
vt 0.566671 0.582479
vt 0.566620 0.582413
vt 0.566715 0.582441
vt 0.566634 0.582456
vt 0.566635 0.582450
vt 0.566630 0.582437
vt 0.566625 0.582428
vt 0.566442 0.582466
vt 0.566405 0.582271
vt 0.566572 0.582470
vt 0.566719 0.582506
vt 0.566408 0.582449
vt 0.566443 0.582447
vt 0.566451 0.582447
vt 0.566491 0.582431
vt 0.566492 0.582427
vt 0.433917 0.080877
vt 0.434137 0.081077
vt 0.434282 0.081098
vt 0.433917 0.080877
vt 0.432406 0.068108
vt 0.442406 0.068108
vt 0.442406 0.078108
vt 0.432406 0.078108
vt 0.566373 0.582650
vt 0.566572 0.582650
vt 0.436351 0.068108
vt 0.433213 0.078108
vt 0.566607 0.582650
vt 0.566772 0.582650
vt 0.566671 0.582481
vt 0.566474 0.582474
vt 0.566572 0.582650
vt 0.566573 0.582650
vt 0.566571 0.582650
vt 0.566420 0.582442
vt 0.566500 0.582441
vt 0.566508 0.582661
vt 0.566438 0.582653
vt 0.566438 0.582639
vt 0.566435 0.582627
vt 0.566429 0.582628
vt 0.566426 0.582638
vt 0.566421 0.582670
vt 0.566628 0.582317
vt 0.566757 0.582318
vt 0.566651 0.582396
vt 0.566602 0.582397
vt 0.823579 0.994397
vt 0.863638 0.957321
vt 0.851558 0.904091
vt 0.825489 0.896015
vt 0.799420 0.887938
vt 0.759362 0.925013
vt 0.769333 0.968952
vt 0.771441 0.978243
vt 0.566671 0.582470
vt 0.566563 0.582601
vt 0.566737 0.582636
vt 0.566772 0.582601
vt 0.566538 0.582436
vt 0.566572 0.582601
vt 0.566703 0.582670
vt 0.432600 0.082579
vt 0.432471 0.082570
vt 0.566570 0.582271
vt 0.566474 0.582477
vt 0.566570 0.582271
vt 0.566442 0.582670
vt 0.433213 0.068108
vt 0.433213 0.078108
vt 0.434079 0.080698
vt 0.434282 0.080698
vt 0.433917 0.080880
vt 0.565207 0.575742
vt 0.565407 0.575942
vt 0.565337 0.575741
vt 0.566573 0.582470
vt 0.566442 0.582471
vt 0.566474 0.582471
vt 0.566474 0.582471
vt 0.550898 0.929472
vt 0.550800 0.929470
vt 0.551000 0.929670
vt 0.550898 0.929473
vt 0.566572 0.582470
vt 0.550800 0.929471
vt 0.550800 0.929470
vt 0.566671 0.582478
vt 0.566538 0.582271
vt 0.566426 0.582470
vt 0.550669 0.929514
vt 0.551000 0.929271
vt 0.550669 0.929513
vt 0.565407 0.575542
vt 0.565337 0.575742
vt 0.566442 0.582471
vt 0.566424 0.582620
vt 0.550898 0.929472
vt 0.550800 0.929470
vt 0.550967 0.929470
vt 0.566580 0.582381
vt 0.566573 0.582381
vt 0.566573 0.582670
vt 0.566560 0.582381
vt 0.566578 0.582381
vt 0.566442 0.582470
vt 0.566442 0.582471
vt 0.566442 0.582471
vt 0.566573 0.582569
vt 0.566568 0.582475
vt 0.566572 0.582381
vt 0.566423 0.582620
vt 0.566573 0.582569
vt 0.566564 0.582381
vt 0.566526 0.582381
vt 0.566541 0.582381
vt 0.566684 0.582513
vt 0.566530 0.582381
vt 0.566721 0.582620
vt 0.566576 0.582381
vt 0.566619 0.582381
vt 0.566573 0.582526
vt 0.566482 0.582381
vt 0.566573 0.582671
vt 0.550967 0.929498
vt 0.566623 0.582420
vt 0.695055 0.930852
vt 0.699079 0.930852
vt 0.699079 0.934876
vt 0.695055 0.934876
vt 0.432612 0.082476
vt 0.566442 0.582470
vt 0.566507 0.582405
vt 0.566456 0.582289
vt 0.566772 0.582303
vt 0.566442 0.582470
vt 0.566645 0.582595
vt 0.566572 0.582569
vt 0.566569 0.582569
vt 0.566598 0.582670
vt 0.566573 0.582569
vt 0.566571 0.582569
vt 0.566571 0.582569
vt 0.566574 0.582670
vt 0.566579 0.582465
vt 0.566578 0.582381
vt 0.566536 0.582381
vt 0.563392 0.929044
vt 0.563792 0.929044
vt 0.563792 0.929444
vt 0.563392 0.929444
vt 0.563759 0.929044
vt 0.563759 0.929444
vt 0.563461 0.929044
vt 0.563461 0.929444
vt 0.563592 0.929244
vt 0.563592 0.929244
vt 0.563690 0.929244
vt 0.563690 0.929244
vt 0.563445 0.929044
vt 0.563445 0.929444
vt 0.563493 0.929244
vt 0.563461 0.929044
vt 0.563461 0.929444
vt 0.563756 0.929044
vt 0.563756 0.929444
vt 0.563722 0.929044
vt 0.563722 0.929444
vt 0.566703 0.582670
vt 0.566737 0.582670
vt 0.566442 0.582271
vt 0.566671 0.582470
vt 0.566572 0.582470
vt 0.566442 0.582670
vt 0.566573 0.582569
vt 0.566442 0.582471
vt 0.575709 0.916132
vt 0.575709 0.926132
vt 0.566389 0.582287
vt 0.566472 0.582370
vt 0.550600 0.929271
vt 0.550600 0.929670
vt 0.550800 0.929470
vt 0.566599 0.582650
vt 0.415091 0.608858
vt 0.414895 0.608960
vt 0.578964 0.916132
vt 0.578964 0.926132
vt 0.447306 0.599330
vt 0.457306 0.599330
vt 0.457306 0.609330
vt 0.447306 0.609330
vt 0.433658 0.714079
vt 0.443658 0.714079
vt 0.443658 0.724079
vt 0.433658 0.724079
vt 0.566601 0.582569
vt 0.415095 0.608760
vt 0.539899 0.690578
vt 0.539695 0.690876
vt 0.566671 0.582471
vt 0.566671 0.582472
vt 0.566442 0.582270
vt 0.566572 0.582470
vt 0.566426 0.582271
vt 0.566737 0.582271
vt 0.566703 0.582271
vt 0.550800 0.929526
vt 0.550757 0.929381
vt 0.550912 0.929513
vt 0.550800 0.929381
vt 0.550768 0.929381
vt 0.550763 0.929381
vt 0.550803 0.929381
vt 0.550805 0.929381
vt 0.550709 0.929381
vt 0.858750 0.957166
vt 0.858945 0.927999
vt 0.841959 0.904288
vt 0.814279 0.895090
vt 0.786480 0.903917
vt 0.769178 0.927399
vt 0.768983 0.956566
vt 0.785970 0.980277
vt 0.789651 0.981501
vt 0.813649 0.989476
vt 0.838992 0.981428
vt 0.841448 0.980648
vt 0.565207 0.575652
vt 0.565215 0.575652
vt 0.803305 0.911920
vt 0.803228 0.912212
vt 0.803163 0.912120
vt 0.803363 0.912320
vt 0.803307 0.911919
vt 0.803363 0.911920
vt 0.803049 0.912320
vt 0.803045 0.911911
vt 0.802963 0.912320
vt 0.802963 0.911920
vt 0.803081 0.911955
vt 0.803132 0.912031
vt 0.803112 0.912212
vt 0.803163 0.912120
vt 0.803107 0.912212
vt 0.803163 0.912121
vt 0.803214 0.912212
vt 0.803072 0.912212
vt 0.803264 0.911954
vt 0.803169 0.912031
vt 0.803025 0.911954
vt 0.803151 0.912031
vt 0.566693 0.582290
vt 0.566715 0.582297
vt 0.566738 0.582304
vt 0.566760 0.582311
vt 0.566678 0.582316
vt 0.566597 0.582321
vt 0.566516 0.582327
vt 0.566434 0.582332
vt 0.566693 0.582357
vt 0.566434 0.582391
vt 0.566434 0.582670
vt 0.566373 0.582340
vt 0.570709 0.917015
vt 0.580709 0.917015
vt 0.570709 0.921132
vt 0.580709 0.921132
vt 0.570709 0.917877
vt 0.580709 0.917877
vt 0.579902 0.916132
vt 0.572039 0.916132
vt 0.571593 0.916132
vt 0.571593 0.926132
vt 0.579902 0.916132
vt 0.579902 0.926132
vt 0.572454 0.916132
vt 0.572454 0.926132
vt 0.572039 0.916132
vt 0.572039 0.926132
vt 0.411722 0.080649
vt 0.411470 0.080649
vt 0.411796 0.080649
vt 0.411796 0.081049
vt 0.411796 0.080996
vt 0.411722 0.080996
vt 0.411396 0.081049
vt 0.411470 0.080807
vt 0.411396 0.080649
vt 0.411722 0.080978
vt 0.411796 0.081028
vt 0.411796 0.080807
vt 0.411752 0.080807
vt 0.411439 0.080996
vt 0.411752 0.080651
vt 0.411440 0.080649
vt 0.812733 0.919795
vt 0.792650 0.933214
vt 0.784720 0.954708
vt 0.784290 0.955875
vt 0.790846 0.979122
vt 0.809814 0.994075
vt 0.833949 0.995023
vt 0.854032 0.981604
vt 0.862392 0.958944
vt 0.855836 0.935697
vt 0.836868 0.920743
vt 0.411754 0.080649
vt 0.411438 0.080650
vt 0.411575 0.080999
vt 0.411754 0.080999
vt 0.411596 0.081049
vt 0.411438 0.080822
vt 0.411500 0.080822
vt 0.411796 0.080822
vt 0.411466 0.081049
vt 0.433882 0.080698
vt 0.433882 0.081098
vt 0.434082 0.081077
vt 0.432410 0.082786
vt 0.432282 0.082481
vt 0.434833 0.069360
vt 0.439902 0.069360
vt 0.439902 0.079360
vt 0.438157 0.079360
vt 0.429902 0.069360
vt 0.429902 0.079360
vt 0.433213 0.078108
vt 0.434168 0.081077
vt 0.434228 0.080973
vt 0.434047 0.080698
vt 0.434228 0.080933
vt 0.434905 0.069360
vt 0.438157 0.079360
vt 0.431647 0.079360
vt 0.761786 0.886982
vt 0.862207 0.886982
vt 0.862207 0.987403
vt 0.761786 0.987403
vt 0.779313 0.886982
vt 0.779313 0.987403
vt 0.769893 0.886982
vt 0.769893 0.987403
vt 0.441599 0.078108
vt 0.411396 0.080999
vt 0.566468 0.582441
vt 0.566622 0.582438
vt 0.566626 0.582450
vt 0.566487 0.582632
vt 0.566533 0.582347
vt 0.566449 0.582347
vt 0.694177 0.708288
vt 0.718114 0.708288
vt 0.718114 0.732225
vt 0.694177 0.732225
vt 0.566751 0.582257
vt 0.566394 0.582498
vt 0.566751 0.582269
vt 0.566751 0.582498
vt 0.566751 0.582269
vt 0.566394 0.582271
vt 0.566586 0.582612
vt 0.566558 0.582612
vt 0.432613 0.082467
vt 0.432256 0.082707
vt 0.432612 0.082467
vt 0.432587 0.082478
vt 0.432613 0.082479
vt 0.432612 0.082707
vt 0.432256 0.082480
vt 0.432612 0.082478
vt 0.432456 0.082786
vt 0.432447 0.082821
vt 0.432419 0.082821
vt 0.858656 0.935964
vt 0.841738 0.902013
vt 0.805768 0.889970
vt 0.771818 0.906888
vt 0.759774 0.942858
vt 0.776692 0.976808
vt 0.812662 0.988852
vt 0.846612 0.971934
vt 0.570382 0.577477
vt 0.570267 0.577310
vt 0.569865 0.577196
vt 0.569763 0.577055
vt 0.569553 0.577055
vt 0.569404 0.577336
vt 0.437104 0.069108
vt 0.437105 0.071522
vt 0.572199 0.576747
vt 0.569271 0.576747
vt 0.569271 0.579647
vt 0.572199 0.579647
vt 0.434652 0.069108
vt 0.434415 0.068865
vt 0.437342 0.068865
vt 0.434652 0.071522
vt 0.434414 0.071765
vt 0.437342 0.071765
vt 0.758267 0.888431
vt 0.863739 0.888431
vt 0.863739 0.993903
vt 0.758267 0.993903
vt 0.432540 0.059710
vt 0.432642 0.059850
vt 0.569526 0.577670
vt 0.569744 0.577713
vt 0.569874 0.577599
vt 0.570271 0.577670
vt 0.432181 0.059991
vt 0.432331 0.059710
vt 0.433044 0.059964
vt 0.433159 0.060131
vt 0.433048 0.060324
vt 0.432651 0.060254
vt 0.432522 0.060368
vt 0.432303 0.060324
vt 0.940174 0.977963
vt 0.942674 0.977293
vt 0.944504 0.975463
vt 0.945174 0.972963
vt 0.944504 0.970463
vt 0.942674 0.968633
vt 0.940174 0.967963
vt 0.937674 0.968633
vt 0.935843 0.970463
vt 0.935174 0.972963
vt 0.935843 0.975463
vt 0.937674 0.977293
vt 0.433396 0.918282
vt 0.443396 0.918282
vt 0.443396 0.928282
vt 0.433396 0.928282
vt 0.935174 0.967963
vt 0.945174 0.967963
vt 0.945174 0.977963
vt 0.935174 0.977963
vt 0.438396 0.928282
vt 0.440896 0.927612
vt 0.442726 0.925782
vt 0.443396 0.923282
vt 0.442726 0.920782
vt 0.440896 0.918952
vt 0.438396 0.918282
vt 0.435896 0.918952
vt 0.434065 0.920782
vt 0.433396 0.923282
vt 0.434065 0.925782
vt 0.435896 0.927612
vt 0.928218 0.913314
vt 0.938218 0.913314
vt 0.938218 0.923314
vt 0.928218 0.923314
vt 0.566703 0.582446
vt 0.566573 0.582650
vt 0.580709 0.924393
vt 0.570709 0.924392
vt 0.550805 0.929381
vt 0.566571 0.582601
vt 0.566372 0.582601
vt 0.566703 0.582473
vt 0.578970 0.916132
vt 0.578970 0.926132
vt 0.566573 0.582650
vt 0.432434 0.078307
vt 0.437252 0.075525
vt 0.437252 0.069962
vt 0.432434 0.067180
vt 0.427616 0.069962
vt 0.427616 0.075525
vt 0.566485 0.582425
vt 0.566444 0.582443
vt 0.426870 0.067180
vt 0.437997 0.067180
vt 0.437997 0.078307
vt 0.426870 0.078307
vt 0.566509 0.582408
vt 0.566411 0.582408
vt 0.566581 0.582308
vt 0.566583 0.582406
vt 0.566518 0.582660
vt 0.566638 0.582406
vt 0.566410 0.582671
vt 0.566770 0.582308
vt 0.432406 0.070612
vt 0.442406 0.070612
vt 0.442406 0.080612
vt 0.432406 0.080612
vt 0.429895 0.084368
vt 0.433430 0.082903
vt 0.434895 0.079368
vt 0.433430 0.075832
vt 0.429895 0.074368
vt 0.426359 0.075832
vt 0.424895 0.079368
vt 0.426359 0.082903
vt 0.566426 0.582654
vt 0.566429 0.582667
vt 0.566435 0.582666
vt 0.424895 0.074368
vt 0.434895 0.074368
vt 0.434895 0.084368
vt 0.424895 0.084368
vt 0.566772 0.582486
vt 0.566670 0.582486
vt 0.566669 0.582297
vt 0.566471 0.582486
vt 0.566471 0.582297
vt 0.566773 0.582296
vt 0.422391 0.076871
vt 0.432391 0.076871
vt 0.432391 0.086871
vt 0.422391 0.086871
vt 0.566714 0.582403
vt 0.566707 0.582400
vt 0.566707 0.582389
vt 0.419887 0.073116
vt 0.429887 0.073116
vt 0.429887 0.083116
vt 0.419887 0.083116
vt 0.424887 0.083116
vt 0.428423 0.081651
vt 0.429887 0.078116
vt 0.428423 0.074580
vt 0.424887 0.073116
vt 0.421352 0.074580
vt 0.419887 0.078116
vt 0.421352 0.081651
vt 0.566442 0.582349
vt 0.566598 0.582343
vt 0.566606 0.582510
vt 0.694347 0.920389
vt 0.694420 0.920385
vt 0.566573 0.582271
vt 0.566700 0.582470
vt 0.566445 0.582464
vt 0.566609 0.582650
vt 0.769242 0.968552
vt 0.566445 0.582670
vt 0.565207 0.575742
vt 0.565334 0.575741
vt 0.566445 0.582471
vt 0.565334 0.575742
vt 0.566445 0.582471
vt 0.566580 0.582381
vt 0.566573 0.582670
vt 0.566445 0.582470
vt 0.566445 0.582471
vt 0.566445 0.582471
vt 0.566564 0.582381
vt 0.566445 0.582470
vt 0.566509 0.582407
vt 0.566458 0.582290
vt 0.566581 0.582466
vt 0.563464 0.929044
vt 0.563464 0.929444
vt 0.563719 0.929044
vt 0.563719 0.929444
vt 0.566700 0.582670
vt 0.566445 0.582271
vt 0.566445 0.582471
vt 0.578888 0.916132
vt 0.578888 0.926132
vt 0.566700 0.582271
vt 0.565215 0.575652
vt 0.566693 0.582360
vt 0.566434 0.582393
vt 0.566373 0.582343
vt 0.570709 0.917952
vt 0.580709 0.917952
vt 0.572530 0.916132
vt 0.572530 0.926132
vt 0.411503 0.080822
vt 0.411469 0.081049
vt 0.434835 0.069360
vt 0.438081 0.079360
vt 0.434905 0.069360
vt 0.431723 0.079360
vt 0.780069 0.886982
vt 0.780069 0.987403
vt 0.566350 0.581998
vt 0.566693 0.582670
vt 0.565007 0.575542
vt 0.565249 0.575652
vt 0.566614 0.582381
vt 0.565007 0.575942
vt 0.694370 0.920325
vt 0.694452 0.920320
vt 0.694370 0.920325
vt 0.576477 0.941135
vt 0.586477 0.941135
vt 0.586477 0.951135
vt 0.576477 0.951135
vt 0.581477 0.951135
vt 0.585386 0.949253
vt 0.586351 0.945023
vt 0.583646 0.941630
vt 0.579307 0.941630
vt 0.576602 0.945023
vt 0.577568 0.949253
vt 0.857143 0.896270
vt 0.857143 1.000000
vt 0.714286 1.000000
vt 0.714286 0.896270
vt 0.571429 1.000000
vt 0.571429 0.896270
vt 0.142857 0.896270
vt 1.000000 0.896270
vt 0.428571 0.896270
vt 0.285714 0.896270
vt 0.694430 0.920313
vt 0.694409 0.920379
vt 0.694397 0.920374
vt 0.694407 0.920305
vt 0.694430 0.920313
vt 0.694407 0.920306
vt 0.694397 0.920371
vt 0.694410 0.920376
vt 0.694171 0.920679
vt 0.694278 0.920679
vt 0.694208 0.920335
vt 0.694200 0.920397
vt 0.694273 0.920393
vt 0.694289 0.920330
vt 0.694208 0.920335
vt 0.694289 0.920330
vt 0.694274 0.920390
vt 0.694200 0.920395
vt 0.694211 0.920679
vt 0.694295 0.920679
vt 0.566580 0.582613
vt 0.566430 0.582613
vt 0.566430 0.582328
vt 0.566580 0.582328
vt 0.566744 0.582642
vt 0.566459 0.582642
vt 0.566726 0.582403
vt 0.566441 0.582403
vt 0.566608 0.582378
vt 0.431611 0.069934
vt 0.431298 0.069905
vt 0.431440 0.069763
vt 0.431401 0.069887
vt 0.431476 0.069670
vt 0.431594 0.069695
vt 0.431448 0.069620
vt 0.431298 0.069620
vt 0.431354 0.069925
vt 0.431316 0.069639
vt 0.431447 0.069905
vt 0.431316 0.069887
vt 0.431602 0.069925
vt 0.431309 0.069695
vt 0.431583 0.069733
vt 0.431488 0.069705
vt 0.431401 0.069639
vt 0.431326 0.069934
vt 0.431335 0.069733
vt 0.440185 0.074164
vt 0.440190 0.074173
vt 0.440194 0.074186
vt 0.440194 0.074192
vt 0.440186 0.074186
vt 0.440182 0.074174
s 0
usemtl Submission_Diffuse_Shader
f 478/1/1 472/2/1 60/3/1 271/4/1
f 265/5/2 267/6/2 88/3/2 89/7/2
f 351/8/1 277/9/1 49/3/1 336/10/1
f 541/11/2 538/12/2 2506/13/2 2502/14/2
f 823/15/1 819/16/1 1/3/1 32/7/1
f 957/17/1 42/18/1 38/19/1 334/20/1 2/21/1 1931/22/1 965/23/1
f 257/24/3 65/25/3 157/3/3 258/7/3
f 1934/26/4 1932/27/4 966/3/4 993/7/4
f 25/28/5 2493/29/5 328/29/5 329/28/5
f 272/30/6 268/31/6 87/3/6 86/7/6
f 37/24/1 20/25/1 7/3/1 34/7/1
f 105/24/7 452/25/7 455/3/7 155/7/7
f 340/32/8 103/25/8 150/3/8 343/33/8
f 288/31/9 269/34/9 54/3/9 91/7/9
f 31/24/7 21/25/7 14/3/7 28/7/7
f 278/5/10 275/35/10 84/3/10 85/7/10
f 963/17/11 539/36/11 4/37/11 249/38/11 234/39/11 41/40/11 45/41/11 974/42/11
f 820/43/7 822/44/7 10/3/7 24/7/7
f 774/45/1 120/46/1 404/47/1 794/48/1
f 2374/49/12 1933/50/12 978/51/12 2365/52/12
f 498/53/7 500/54/7 18/3/7 30/7/7
f 542/55/13 2498/11/13 2493/3/13 25/7/13
f 501/56/1 497/57/1 17/3/1 36/7/1
f 276/6/14 287/35/14 90/3/14 97/7/14
f 29/24/7 15/25/7 21/3/7 31/7/7
f 35/24/1 8/25/1 20/3/1 37/7/1
f 289/58/1 265/5/1 89/3/1 61/7/1
f 554/59/15 556/60/15 600/61/15 597/62/15
f 266/63/16 282/64/16 72/3/16 98/7/16
f 267/6/17 283/6/17 93/3/17 88/7/17
f 268/31/1 271/4/1 60/3/1 87/7/1
f 828/65/18 102/25/18 153/3/18 831/66/18
f 325/35/19 273/67/19 53/3/19 250/7/19
f 286/6/2 270/68/2 101/3/2 70/7/2
f 2366/69/20 2375/70/20 2416/71/20 2410/72/20
f 8/24/7 29/25/7 31/3/7 20/7/7
f 497/57/7 498/53/7 30/3/7 17/7/7
f 2508/11/2 541/11/2 2502/14/2 11/73/2
f 472/74/21 133/46/21 447/47/21 482/75/21
f 819/16/7 820/43/7 24/3/7 1/7/7
f 918/76/22 80/46/22 424/47/22 429/77/22
f 279/6/23 272/30/23 86/3/23 96/7/23
f 20/24/7 31/25/7 28/3/7 7/7/7
f 465/78/1 43/25/1 968/3/1 1480/79/1
f 120/76/1 165/46/1 405/47/1 404/77/1
f 275/35/24 280/80/24 95/3/24 84/7/24
f 284/30/25 276/6/25 97/3/25 92/7/25
f 77/59/26 76/60/26 577/61/26 578/62/26
f 465/78/1 471/81/1 6/3/1 43/7/1
f 974/24/27 45/25/27 46/3/27 988/7/27
f 1515/82/1 499/83/1 47/3/1 984/7/1
f 988/24/1 46/25/1 44/3/1 971/7/1
f 1791/84/1 821/85/1 42/3/1 957/7/1
f 277/9/1 278/5/1 85/3/1 49/7/1
f 512/6/28 279/6/28 96/3/28 505/86/28
f 839/6/29 281/6/29 94/3/29 827/87/29
f 1936/32/30 99/25/30 146/3/30 1940/88/30
f 401/89/31 290/90/31 355/90/31 353/89/31
f 283/6/32 284/30/32 92/3/32 93/7/32
f 781/91/33 549/25/33 550/3/33 783/92/33
f 285/30/2 286/6/2 70/3/2 71/7/2
f 287/35/34 288/31/34 91/3/34 90/7/34
f 290/93/35 291/94/35 56/3/35 73/7/35
f 32/24/1 1/25/1 38/3/1 42/7/1
f 39/24/1 33/25/1 43/3/1 6/7/1
f 34/24/1 7/25/1 40/3/1 44/7/1
f 8/24/9 35/25/9 45/3/9 41/7/9
f 35/24/36 37/25/36 46/3/36 45/7/36
f 501/56/1 36/25/1 47/3/1 499/83/1
f 37/24/1 34/25/1 44/3/1 46/7/1
f 823/15/1 32/25/1 42/3/1 821/85/1
f 338/95/37 335/96/37 98/3/37 72/7/37
f 826/97/7 824/98/7 51/3/7 68/7/7
f 83/24/7 62/25/7 63/3/7 76/7/7
f 919/24/7 236/25/7 66/3/7 917/7/7
f 239/99/7 928/100/7 924/101/7 67/102/7
f 468/103/38 466/104/38 58/3/38 74/7/38
f 339/105/39 337/95/39 73/3/39 56/7/39
f 504/106/40 502/107/40 50/3/40 82/7/40
f 917/24/7 66/25/7 62/3/7 83/7/7
f 918/24/7 917/25/7 83/3/7 80/7/7
f 503/82/41 504/106/41 82/3/41 81/7/41
f 928/100/7 238/108/7 943/109/7 944/110/7 945/111/7 946/112/7 947/113/7 78/114/7 924/101/7
f 80/24/7 83/25/7 76/3/7 77/7/7
f 469/115/42 467/116/42 75/3/42 59/7/42
f 825/84/7 826/97/7 68/3/7 69/7/7
f 72/117/43 282/118/43 354/118/43 356/117/43
f 432/46/44 447/76/44 812/76/44 811/46/44
f 467/116/45 468/103/45 74/3/45 75/7/45
f 503/119/46 81/46/46 426/47/46 515/120/46
f 921/76/47 920/46/47 422/47/47 431/77/47
f 291/76/48 402/46/48 406/47/48 411/77/48
f 339/76/49 56/46/49 412/47/49 430/77/49
f 91/76/50 54/46/50 423/47/50 440/77/50
f 2/76/1 264/46/1 408/47/1 407/77/1
f 920/76/51 918/46/51 429/47/51 422/77/51
f 825/121/52 69/46/52 427/47/52 842/122/52
f 77/76/53 64/46/53 420/47/53 425/77/53
f 56/76/54 291/46/54 411/47/54 412/77/54
f 80/76/55 77/46/55 425/47/55 424/77/55
f 59/76/56 75/46/56 428/47/56 418/77/56
f 470/123/18 131/25/18 158/3/18 475/124/18
f 295/125/57 108/25/57 3/3/57 266/63/57
f 294/126/58 110/25/58 101/3/58 270/68/58
f 2511/127/59 463/128/59 2506/13/59 538/12/59 2533/129/59 2535/130/59 2534/131/59 2532/132/59
f 1937/133/60 1086/25/60 966/3/60 1932/27/60
f 829/134/61 112/25/61 51/3/61 824/98/61
f 341/135/62 107/25/62 98/3/62 335/96/62
f 453/24/63 114/25/63 63/3/63 62/7/63
f 458/24/63 454/25/63 66/3/63 236/7/63
f 507/136/64 111/25/64 50/3/64 502/107/64
f 454/24/63 453/25/63 62/3/63 66/7/63
f 473/137/65 859/138/65 860/139/65 861/140/65 862/141/65 116/25/65 58/3/65 466/104/65
f 496/142/66 491/143/66 116/144/66 473/145/66
f 517/146/66 489/147/66 111/148/66 507/149/66
f 490/150/67 485/151/67 114/3/67 453/7/67
f 494/146/68 488/147/68 107/148/68 341/149/68
f 844/152/66 484/147/66 112/148/66 829/153/66
f 1972/154/69 1541/155/69 1086/3/69 1937/133/69
f 299/156/70 141/25/70 110/3/70 294/126/70
f 520/157/71 521/158/71 108/3/71 295/125/71
f 556/159/72 555/160/72 869/3/72 870/7/72
f 162/161/73 125/162/73 881/163/73 906/164/73 905/165/73 904/166/73 903/167/73 902/168/73 883/169/73
f 16/170/7 884/171/7 882/172/7 121/173/7
f 189/24/7 871/25/7 872/3/7 123/7/7
f 884/171/74 883/169/74 881/163/74 882/172/74
f 160/24/1 172/25/1 117/3/1 118/7/1
f 160/24/1 118/25/1 1093/3/1 1145/7/1
f 61/76/1 89/46/1 438/47/1 421/77/1
f 462/174/75 136/175/75 109/176/75 546/177/75 1085/178/75 1479/179/75 1971/180/75 147/181/75
f 310/182/1 165/25/1 120/3/1 296/182/1
f 447/47/2 133/46/2 813/46/2 812/47/2
f 779/183/34 777/184/34 797/184/34 801/183/34
f 133/3/7 774/185/7 814/185/7 813/3/7
f 127/25/2 129/24/2 802/24/2 798/25/2
f 774/45/34 794/48/34 817/48/34 814/45/34
f 776/186/1 773/187/1 132/3/1 126/7/1
f 776/186/1 126/25/1 1103/3/1 1746/188/1
f 235/76/19 250/46/19 416/47/19 450/77/19
f 791/182/1 774/185/1 133/3/1 297/182/1
f 781/91/76 131/24/76 806/24/76 805/91/76
f 192/189/77 159/190/77 569/190/77 570/189/77
f 292/191/78 99/25/78 518/3/78 519/192/78
f 293/193/2 65/25/2 141/3/2 299/156/2
f 1936/32/79 1075/25/79 1536/3/79 1938/194/79
f 828/195/80 103/147/80 142/148/80 830/196/80
f 340/146/81 55/147/81 135/148/81 342/149/81
f 452/24/61 105/25/61 143/3/61 451/7/61
f 506/146/82 102/147/82 137/148/82 508/149/82
f 470/197/83 106/198/83 139/144/83 474/199/83
f 1964/200/84 369/200/84 9/201/84 1942/202/84
f 1963/203/2 1364/105/2 1146/3/2 1941/204/2
f 364/11/7 370/203/7 163/3/7 167/7/7
f 376/205/2 361/135/2 161/3/2 303/206/2
f 375/207/84 372/208/84 169/209/84 302/210/84
f 374/211/3 363/135/3 170/3/3 259/7/3
f 365/11/7 364/11/7 167/3/7 168/7/7
f 367/11/7 365/11/7 168/3/7 193/7/7
f 377/212/85 366/213/85 164/209/85 344/208/85
f 292/191/30 55/25/30 156/3/30 300/214/30
f 506/215/18 106/25/18 152/3/18 509/216/18
f 293/193/2 100/25/2 464/3/2 301/205/2
f 784/217/86 173/218/86 187/209/86 785/219/86
f 1942/202/87 9/220/87 151/201/87 1947/221/87
f 1941/204/88 1146/25/88 1162/3/88 1946/222/88
f 167/24/89 163/25/89 178/3/89 181/7/89
f 303/206/90 161/25/90 176/3/90 308/223/90
f 302/210/91 169/218/91 183/209/91 307/224/91
f 259/24/92 170/25/92 184/3/92 261/7/92
f 168/24/89 167/25/89 181/3/89 182/7/89
f 193/24/93 168/25/93 182/3/93 195/7/93
f 344/208/94 164/218/94 179/209/94 345/212/94
f 792/225/95 371/208/95 173/209/95 784/217/95
f 840/208/7 396/208/7 394/209/7 832/226/7
f 1966/227/96 382/228/96 198/3/96 1952/229/96
f 399/230/97 398/231/97 205/3/97 202/7/97
f 1945/232/48 1126/25/48 1125/3/48 1943/232/48
f 1960/233/98 1245/25/98 1163/3/98 1944/234/98
f 304/235/99 305/6/99 181/3/99 178/7/99
f 388/236/100 379/237/100 206/3/100 317/238/100
f 322/239/101 304/235/101 178/3/101 246/7/101
f 1944/234/48 1163/25/48 1126/3/48 1945/232/48
f 1965/240/100 1385/241/100 1201/3/100 1955/232/100
f 395/242/102 399/230/102 202/3/102 203/7/102
f 305/6/99 306/6/99 182/3/99 181/7/99
f 387/243/103 385/244/103 204/3/103 314/245/103
f 383/246/104 384/247/104 208/3/104 209/7/104
f 389/248/105 386/249/105 200/3/105 347/250/105
f 832/226/7 394/218/7 393/209/7 833/251/7
f 1943/232/48 1125/25/48 1183/3/48 1948/232/48
f 306/6/106 309/252/106 195/3/106 182/7/106
f 173/24/7 193/25/7 195/3/7 187/7/7
f 371/11/7 367/11/7 193/3/7 173/7/7
f 105/59/2 155/60/2 574/61/2 573/62/2
f 289/58/1 61/25/1 165/3/1 310/182/1
f 87/76/107 60/46/107 419/47/107 436/77/107
f 44/24/1 160/25/1 1145/3/1 971/7/1
f 44/24/1 40/25/1 172/3/1 160/7/1
f 552/59/34 190/60/34 592/61/34 593/62/34
f 63/59/108 114/60/108 583/61/108 579/62/108
f 143/59/2 105/60/2 573/61/2 598/62/2
f 556/59/109 870/60/109 585/61/109 600/62/109
f 405/253/110 165/254/110 580/255/110 595/256/110
f 561/257/111 192/189/111 570/189/111 565/257/111
f 1954/232/112 1195/25/112 1192/3/112 1950/258/112
f 1962/259/113 1349/12/113 1191/3/113 1952/229/113
f 1978/260/114 1807/261/114 1187/3/114 1949/262/114
f 1950/258/48 1192/25/48 1186/3/48 1951/232/48
f 350/263/115 314/245/115 204/3/115 347/250/115
f 838/264/116 311/265/116 200/3/116 835/266/116
f 312/35/117 313/267/117 203/3/117 202/7/117
f 316/268/118 312/35/118 202/3/118 205/7/118
f 317/238/119 315/269/119 209/3/119 208/7/119
f 1955/232/120 1201/25/120 1202/3/120 1953/262/120
f 790/268/121 316/268/121 205/3/121 787/270/121
f 1977/271/122 1757/185/122 1195/3/122 1954/232/122
f 793/272/123 383/246/123 209/3/123 787/270/123
f 841/273/124 395/242/124 203/3/124 835/266/124
f 224/274/7 233/275/7 220/276/7 216/277/7
f 837/278/7 221/275/7 210/276/7 836/279/7
f 789/280/125 224/275/125 216/276/125 788/281/125
f 349/282/126 232/275/126 219/276/126 348/283/126
f 233/274/7 231/275/7 217/276/7 220/277/7
f 231/274/7 230/275/7 215/276/7 217/277/7
f 263/274/3 229/275/3 214/276/3 262/277/3
f 321/284/127 225/275/127 218/276/127 318/285/127
f 511/286/7 228/275/7 211/276/7 510/287/7
f 320/288/2 227/275/2 148/276/2 319/288/2
f 230/274/7 223/275/7 213/276/7 215/277/7
f 1959/289/2 1225/275/2 1168/276/2 1956/290/2
f 477/291/7 226/275/7 186/276/7 476/292/7
f 1958/293/127 222/275/127 212/276/127 1957/294/127
f 1940/88/128 146/25/128 222/3/128 1958/295/128
f 475/124/7 158/25/7 226/3/7 477/296/7
f 1939/297/2 1130/25/2 1225/3/2 1959/194/2
f 455/24/7 149/25/7 223/3/7 230/7/7
f 301/205/2 464/25/2 227/3/2 320/205/2
f 509/216/7 152/25/7 228/3/7 511/86/7
f 300/214/128 156/25/128 225/3/128 321/298/128
f 258/24/3 157/25/3 229/3/3 263/7/3
f 155/24/7 455/25/7 230/3/7 231/7/7
f 552/24/7 155/25/7 231/3/7 233/7/7
f 343/33/129 150/25/129 232/3/129 349/299/129
f 783/92/125 550/25/125 224/3/125 789/300/125
f 831/66/7 153/25/7 221/3/7 837/87/7
f 550/24/7 552/25/7 233/3/7 224/7/7
f 149/24/3 456/25/3 248/3/3 223/7/3
f 223/274/3 248/275/3 247/276/3 213/277/3
f 324/301/130 322/239/130 246/3/130 261/7/130
f 1961/302/131 1261/25/131 1245/3/131 1960/233/131
f 163/24/92 244/25/92 246/3/92 178/7/92
f 370/203/3 373/11/3 244/3/3 163/7/3
f 257/24/132 240/25/132 242/3/132 252/7/132
f 252/24/133 242/25/133 458/3/133 251/7/133
f 251/24/134 458/25/134 236/3/134 253/7/134
f 539/303/135 963/46/135 1420/47/135 544/304/135
f 254/24/7 255/25/7 919/3/7 237/7/7
f 256/24/7 254/25/7 237/3/7 921/7/7
f 255/24/7 253/25/7 236/3/7 919/7/7
f 269/34/136 323/6/136 235/3/136 54/7/136
f 70/24/7 101/25/7 253/3/7 255/7/7
f 256/76/137 52/46/137 327/47/137 333/77/137
f 71/24/7 70/25/7 255/3/7 254/7/7
f 256/76/138 921/46/138 431/47/138 333/77/138
f 110/24/139 251/25/139 253/3/139 101/7/139
f 141/24/140 252/25/140 251/3/140 110/7/140
f 65/24/141 257/25/141 252/3/141 141/7/141
f 1946/222/142 1162/25/142 1261/3/142 1961/302/142
f 308/223/143 324/301/143 261/3/143 184/7/143
f 456/24/3 258/25/3 263/3/3 248/7/3
f 248/274/3 263/275/3 262/276/3 247/277/3
f 244/24/92 259/25/92 261/3/92 246/7/92
f 373/11/3 374/211/3 259/3/3 244/7/3
f 323/6/19 325/35/19 250/3/19 235/7/19
f 240/24/3 257/25/3 258/3/3 456/7/3
f 234/24/19 249/25/19 325/35/19 323/6/19
f 176/24/144 260/25/144 324/301/144 308/223/144
f 41/24/136 234/25/136 323/6/136 269/34/136
f 260/24/145 245/25/145 322/239/145 324/301/145
f 146/24/128 300/214/128 321/298/128 222/7/128
f 157/24/2 301/205/2 320/205/2 229/7/2
f 229/274/2 320/288/2 319/288/2 214/277/2
f 222/274/127 321/284/127 318/285/127 212/277/127
f 786/186/146 201/25/146 316/268/146 790/268/146
f 206/24/120 207/25/120 315/269/120 317/238/120
f 201/24/147 199/25/147 312/35/147 316/268/147
f 199/24/148 196/25/148 313/267/148 312/35/148
f 834/305/149 197/25/149 311/265/149 838/264/149
f 346/306/150 198/25/150 314/245/150 350/263/150
f 40/24/1 289/58/1 310/182/1 172/7/1
f 175/24/48 194/25/48 309/252/48 306/6/48
f 382/228/151 387/243/151 314/245/151 198/7/151
f 174/24/48 175/25/48 306/6/48 305/6/48
f 245/24/152 177/25/152 304/235/152 322/239/152
f 384/247/153 388/236/153 317/238/153 208/7/153
f 177/24/48 174/25/48 305/6/48 304/235/48
f 9/307/154 302/210/154 307/224/154 151/308/154
f 170/24/155 303/206/155 308/223/155 184/7/155
f 65/24/2 293/193/2 301/205/2 157/7/2
f 99/24/30 292/191/30 300/214/30 146/7/30
f 369/309/84 375/207/84 302/210/84 9/308/84
f 363/135/2 376/205/2 303/206/2 170/7/2
f 100/24/2 293/193/2 299/156/2 461/7/2
f 55/24/156 292/191/156 519/192/156 135/7/156
f 773/187/1 791/182/1 297/182/1 132/7/1
f 172/24/1 310/182/1 296/182/1 117/7/1
f 488/310/157 520/157/157 295/125/157 107/7/157
f 461/24/158 299/156/158 294/126/158 2499/7/158
f 2499/24/58 294/126/58 270/68/58 2496/7/58
f 107/24/159 295/125/159 266/63/159 98/7/159
f 401/24/35 402/25/35 291/94/35 290/93/35
f 29/24/34 8/25/34 288/31/34 287/35/34
f 2493/24/2 2492/25/2 286/6/2 285/30/2
f 14/24/32 21/25/32 284/30/32 283/6/32
f 290/311/160 73/312/160 357/312/160 355/311/160
f 822/44/161 18/25/161 281/6/161 839/6/161
f 500/54/28 13/25/28 279/6/28 512/6/28
f 38/24/1 1/25/1 278/5/1 277/9/1
f 21/24/25 15/25/25 276/6/25 284/30/25
f 24/24/24 10/25/24 280/80/24 275/35/24
f 1931/313/1 2/46/1 407/47/1 1969/314/1
f 13/24/23 27/25/23 272/30/23 279/6/23
f 2492/24/2 2496/25/2 270/68/2 286/6/2
f 249/24/19 4/25/19 273/67/19 325/35/19
f 39/24/1 6/25/1 271/4/1 268/31/1
f 28/24/17 14/25/17 283/6/17 267/6/17
f 3/24/16 400/25/16 282/64/16 266/63/16
f 40/24/1 7/25/1 265/5/1 289/58/1
f 15/24/14 29/25/14 287/35/14 276/6/14
f 69/76/162 48/46/162 413/47/162 427/77/162
f 1/24/10 24/25/10 275/35/10 278/5/10
f 8/24/9 41/25/9 269/34/9 288/31/9
f 27/24/6 39/25/6 268/31/6 272/30/6
f 254/315/163 256/316/163 333/317/163 332/318/163
f 334/20/1 38/25/1 277/9/1 351/8/1
f 7/24/2 28/25/2 267/6/2 265/5/2
f 471/81/1 478/1/1 271/4/1 6/7/1
f 326/315/164 330/316/164 331/317/164 327/318/164
f 327/315/165 331/316/165 332/317/165 333/318/165
f 329/319/13 328/320/13 330/321/13 326/322/13
f 71/315/166 254/316/166 332/317/166 331/318/166
f 52/76/167 274/46/167 326/47/167 327/77/167
f 2493/319/168 285/320/168 330/321/168 328/322/168
f 285/315/168 71/316/168 331/317/168 330/318/168
f 274/76/167 25/46/167 329/47/167 326/77/167
f 2/24/1 334/20/1 351/8/1 264/323/1
f 197/24/169 346/306/169 350/263/169 311/265/169
f 156/24/170 343/33/170 349/299/170 225/7/170
f 225/274/171 349/282/171 348/283/171 218/277/171
f 311/265/172 350/263/172 347/250/172 200/7/172
f 1949/262/113 1187/25/113 1349/12/113 1962/259/113
f 385/244/173 389/248/173 347/250/173 204/7/173
f 169/307/174 344/208/174 345/212/174 183/308/174
f 372/208/175 377/212/175 344/208/175 169/308/175
f 103/146/176 340/147/176 342/148/176 142/149/176
f 484/146/177 494/147/177 341/148/177 112/149/177
f 112/24/178 341/135/178 335/96/178 51/7/178
f 69/24/179 68/25/179 338/95/179 337/95/179
f 48/24/180 69/25/180 337/95/180 339/105/180
f 68/24/181 51/25/181 335/96/181 338/95/181
f 55/24/182 340/32/182 343/33/182 156/7/182
f 264/323/1 351/8/1 336/10/1 57/7/1
f 354/118/183 355/311/183 357/117/183 356/312/183
f 358/324/184 359/324/184 356/117/184 357/312/184
f 352/89/185 353/325/185 355/90/185 354/326/185
f 73/117/186 337/324/186 358/324/186 357/117/186
f 338/324/187 72/312/187 356/312/187 359/324/187
f 400/325/188 401/89/188 353/89/188 352/325/188
f 282/326/189 400/325/189 352/325/189 354/326/189
f 337/324/190 338/324/190 359/324/190 358/324/190
f 218/24/191 348/105/191 377/105/191 372/11/191
f 214/24/2 319/205/2 376/205/2 363/135/2
f 212/24/127 318/327/127 375/328/127 369/95/127
f 247/24/3 262/25/3 374/211/3 373/11/3
f 213/24/3 247/25/3 373/11/3 370/203/3
f 216/24/7 220/25/7 367/11/7 371/11/7
f 836/65/7 210/25/7 396/11/7 840/11/7
f 788/329/192 216/25/192 371/11/192 792/330/192
f 348/105/193 219/25/193 366/203/193 377/105/193
f 220/24/7 217/25/7 365/11/7 367/11/7
f 217/24/7 215/25/7 364/11/7 365/11/7
f 262/24/3 214/25/3 363/135/3 374/211/3
f 318/327/127 218/25/127 372/11/127 375/328/127
f 510/331/7 211/25/7 362/11/7 513/11/7
f 319/205/2 148/25/2 361/135/2 376/205/2
f 215/24/7 213/25/7 370/203/7 364/11/7
f 1956/297/2 1168/25/2 1364/105/2 1963/203/2
f 476/332/7 186/25/7 390/95/7 479/95/7
f 1957/333/127 212/25/127 369/95/127 1964/95/127
f 183/307/194 345/212/194 389/334/194 385/335/194
f 195/24/100 309/252/100 388/236/100 384/247/100
f 151/307/151 307/224/151 387/336/151 382/337/151
f 833/251/7 393/218/7 395/338/7 841/339/7
f 785/219/195 187/218/195 383/340/195 793/341/195
f 345/212/196 179/218/196 386/342/196 389/334/196
f 187/24/7 195/25/7 384/247/7 383/246/7
f 307/224/151 183/218/151 385/335/151 387/336/151
f 171/343/7 185/344/7 378/345/7 381/346/7 380/347/7 180/348/7 166/349/7 368/350/7 514/351/7 397/352/7 480/353/7 360/354/7
f 1948/232/100 1183/25/100 1385/241/100 1965/240/100
f 309/252/100 194/25/100 379/237/100 388/236/100
f 1947/221/96 151/220/96 382/355/96 1966/356/96
f 171/357/7 360/358/7 390/359/7 391/360/7
f 185/361/7 171/357/7 391/362/7 392/360/7
f 166/363/7 180/364/7 393/365/7 394/366/7
f 180/364/7 380/367/7 395/368/7 393/366/7
f 368/369/7 166/363/7 394/365/7 396/370/7
f 514/371/7 368/369/7 396/370/7 513/372/7
f 480/373/7 397/374/7 362/370/7 479/370/7
f 378/375/7 185/361/7 392/362/7 398/376/7
f 380/367/7 381/377/7 399/378/7 395/368/7
f 381/377/7 378/375/7 398/376/7 399/378/7
f 23/379/197 2357/380/197 2358/381/197 12/382/197 401/24/197 400/25/197
f 12/382/12 2368/383/12 2369/384/12 2370/385/12 26/386/12 402/24/12 401/25/12
f 1967/387/197 23/379/197 400/25/197 1934/26/197
f 1968/388/12 998/389/12 1411/7/12 1935/390/12
f 411/76/198 408/46/198 409/47/198 412/77/198
f 482/391/199 481/392/199 418/47/199 419/77/199
f 544/393/200 545/394/200 329/47/200 403/77/200
f 410/76/201 326/46/201 327/47/201 415/77/201
f 1969/395/202 1970/396/202 1417/47/202 1418/77/202
f 417/76/203 430/46/203 412/47/203 409/77/203
f 450/76/204 431/46/204 422/47/204 423/77/204
f 434/76/205 433/46/205 413/47/205 414/77/205
f 435/76/206 436/46/206 419/47/206 418/77/206
f 438/76/207 437/46/207 420/47/207 421/77/207
f 439/76/208 440/46/208 423/47/208 422/77/208
f 442/76/209 441/46/209 424/47/209 425/77/209
f 843/397/210 443/46/210 426/47/210 842/122/210
f 516/398/211 445/46/211 428/47/211 515/120/211
f 441/76/212 446/46/212 429/47/212 424/77/212
f 433/76/213 444/46/213 427/47/213 413/77/213
f 445/76/214 435/46/214 418/47/214 428/77/214
f 437/76/215 442/46/215 425/47/215 420/77/215
f 446/76/216 439/46/216 422/47/216 429/77/216
f 405/76/7 448/46/7 449/47/7 404/77/7
f 128/25/217 130/24/217 804/24/217 800/25/217
f 189/253/218 448/254/218 596/255/218 591/256/218
f 416/76/219 333/46/219 431/47/219 450/77/219
f 415/76/220 327/46/220 333/47/220 416/77/220
f 403/76/221 329/46/221 326/47/221 410/77/221
f 406/76/222 407/46/222 408/47/222 411/77/222
f 414/76/223 413/46/223 430/47/223 417/77/223
f 469/399/224 59/46/224 418/47/224 481/400/224
f 85/76/225 84/46/225 433/47/225 434/77/225
f 250/76/226 53/46/226 415/47/226 416/77/226
f 86/76/227 87/46/227 436/47/227 435/77/227
f 165/59/5 61/60/5 581/61/5 580/62/5
f 189/76/48 123/46/48 449/47/48 448/77/48
f 53/76/228 273/46/228 410/47/228 415/77/228
f 89/76/229 88/46/229 437/47/229 438/77/229
f 264/76/230 57/46/230 409/47/230 408/77/230
f 90/76/231 91/46/231 440/47/231 439/77/231
f 336/76/232 49/46/232 414/47/232 417/77/232
f 57/76/233 336/46/233 417/47/233 409/77/233
f 93/76/234 92/46/234 441/47/234 442/77/234
f 542/303/235 25/46/235 329/47/235 545/304/235
f 827/401/236 94/46/236 443/47/236 843/402/236
f 1935/403/48 1411/46/48 1417/47/48 1970/404/48
f 505/405/237 96/46/237 445/47/237 516/406/237
f 48/76/238 339/46/238 430/47/238 413/77/238
f 92/76/239 97/46/239 446/47/239 441/77/239
f 84/76/240 95/46/240 444/47/240 433/77/240
f 96/76/241 86/46/241 435/47/241 445/77/241
f 88/76/242 93/46/242 442/47/242 437/77/242
f 54/76/243 235/46/243 450/47/243 423/77/243
f 97/76/244 90/46/244 439/47/244 446/77/244
f 49/76/245 85/46/245 434/47/245 414/77/245
f 273/76/135 4/46/135 403/47/135 410/77/135
f 138/407/246 104/408/246 452/409/246 451/410/246
f 115/411/247 113/412/247 453/410/247 454/413/247
f 104/408/248 154/414/248 455/413/248 452/415/248
f 495/416/249 138/407/249 451/409/249 490/417/249
f 457/418/250 243/419/250 456/410/250 149/413/250
f 154/414/251 457/418/251 149/410/251 455/413/251
f 241/420/252 115/411/252 454/410/252 458/413/252
f 459/421/253 460/422/253 242/413/253 240/415/253
f 460/422/254 241/420/254 458/413/254 242/415/254
f 243/419/255 459/421/255 240/409/255 456/410/255
f 104/423/256 138/424/256 495/425/256 113/426/256 115/427/256 241/428/256 460/429/256 459/430/256 243/431/256 457/432/256 154/433/256
f 136/434/257 462/435/257 100/409/257 461/410/257
f 546/436/258 109/437/258 2499/410/258 2501/438/258
f 462/435/257 147/439/257 464/413/257 100/415/257
f 109/437/259 136/434/259 461/409/259 2499/410/259
f 1971/440/260 1479/441/260 1130/410/260 1939/442/260
f 130/76/261 469/399/261 481/400/261 432/77/261
f 447/76/262 432/46/262 481/392/262 482/391/262
f 360/358/7 480/373/7 479/370/7 390/359/7
f 211/24/7 476/332/7 479/95/7 362/11/7
f 132/24/1 297/182/1 478/1/1 471/81/1
f 152/24/7 475/124/7 477/296/7 228/7/7
f 228/274/7 477/291/7 476/292/7 211/277/7
f 131/443/83 470/197/83 474/199/83 145/444/83
f 487/445/66 496/142/66 473/145/66 134/444/66
f 134/24/263 473/137/263 466/104/263 127/7/263
f 106/24/18 470/123/18 475/124/18 152/7/18
f 128/24/264 129/25/264 468/103/264 467/116/264
f 130/24/265 128/25/265 467/116/265 469/115/265
f 129/24/266 127/25/266 466/104/266 468/103/266
f 126/24/1 132/25/1 471/81/1 465/78/1
f 126/24/1 465/78/1 1480/79/1 1103/7/1
f 60/76/267 472/74/267 482/75/267 419/77/267
f 297/182/1 133/25/1 472/2/1 478/1/1
f 145/443/268 474/199/268 496/142/268 487/445/268
f 113/412/269 495/416/269 490/417/269 453/410/269
f 489/146/270 137/147/270 527/148/270 526/149/270
f 135/24/271 519/192/271 520/157/271 488/310/271
f 870/59/272 19/60/272 588/61/272 585/62/272
f 129/25/273 128/24/273 800/24/273 802/25/273
f 492/446/274 562/447/274 568/447/274 572/446/274
f 1974/448/275 483/449/275 523/450/275 1976/451/275
f 298/452/276 140/449/276 522/450/276 524/453/276
f 830/195/277 142/147/277 528/148/277 845/454/277
f 342/146/278 135/147/278 488/148/278 494/149/278
f 451/24/279 143/25/279 485/151/279 490/150/279
f 508/146/280 137/147/280 489/148/280 517/149/280
f 517/455/281 491/143/281 532/143/281 537/455/281
f 508/456/282 517/455/282 537/455/282 534/456/282
f 94/76/283 505/405/283 516/406/283 443/77/283
f 443/76/284 516/398/284 515/120/284 426/77/284
f 397/374/7 514/371/7 513/372/7 362/370/7
f 210/24/7 510/331/7 513/11/7 396/11/7
f 18/24/28 500/54/28 512/6/28 281/6/28
f 153/24/7 509/216/7 511/86/7 221/7/7
f 221/274/7 511/286/7 510/287/7 210/277/7
f 102/24/18 506/215/18 509/216/18 153/7/18
f 106/443/83 506/457/83 508/456/83 139/444/83
f 491/143/66 517/455/66 507/458/66 116/444/66
f 116/24/285 507/136/285 502/107/285 58/7/285
f 75/76/286 503/119/286 515/120/286 428/77/286
f 75/24/287 74/25/287 504/106/287 503/82/287
f 74/24/288 58/25/288 502/107/288 504/106/288
f 33/24/1 501/56/1 499/83/1 43/7/1
f 281/6/28 512/6/28 505/86/28 94/7/28
f 968/24/1 43/25/1 499/83/1 1515/82/1
f 39/24/7 27/25/7 498/53/7 497/57/7
f 33/24/1 39/25/1 497/57/1 501/56/1
f 27/24/7 13/25/7 500/54/7 498/53/7
f 1973/459/79 140/449/79 518/450/79 1938/460/79
f 140/452/289 298/449/289 519/450/289 518/453/289
f 298/452/290 493/449/290 520/450/290 519/453/290
f 493/452/291 483/449/291 521/450/291 520/453/291
f 1974/448/69 1500/449/69 1541/450/69 1972/461/69
f 524/462/292 522/463/292 523/464/292 525/465/292
f 1975/466/293 1544/463/293 1545/464/293 1976/467/293
f 493/452/294 298/449/294 524/450/294 525/453/294
f 1973/459/295 1120/449/295 1544/450/295 1975/461/295
f 483/452/296 493/449/296 525/450/296 523/453/296
f 528/462/297 529/463/297 531/464/297 530/465/297
f 845/468/298 528/463/298 530/464/298 846/469/298
f 342/146/299 494/147/299 531/148/299 529/149/299
f 142/146/300 342/147/300 529/148/300 528/149/300
f 494/146/301 484/147/301 530/148/301 531/149/301
f 844/152/302 489/147/302 526/148/302 846/470/302
f 535/462/268 533/463/268 532/464/268 536/465/268
f 533/462/268 534/463/268 537/464/268 532/465/268
f 496/142/303 474/199/303 535/199/303 536/142/303
f 491/143/281 496/142/281 536/142/281 532/143/281
f 474/199/304 139/144/304 533/144/304 535/199/304
f 139/444/304 508/456/304 534/456/304 533/444/304
f 1085/471/258 546/436/258 2501/438/258 2500/413/258
f 999/76/305 542/303/305 545/304/305 1419/77/305
f 1420/76/306 1419/46/306 545/394/306 544/393/306
f 4/76/135 539/303/135 544/304/135 403/77/135
f 1477/472/307 2511/127/307 2532/132/307 2537/473/307 2536/474/307 2533/129/307 538/12/307 2507/475/307
f 979/476/2 2504/477/2 541/11/2 2508/11/2
f 542/478/167 999/479/167 1570/480/167 548/481/167
f 2504/477/2 2507/475/2 538/12/2 541/11/2
f 1570/478/13 1569/479/13 547/480/13 548/481/13
f 2498/478/7 542/479/7 548/480/7 547/481/7
f 2495/478/168 2498/479/168 547/480/168 1569/481/168
f 124/482/308 558/483/308 550/7/308 549/24/308
f 144/484/61 124/482/61 549/25/61 551/3/61
f 558/483/7 560/485/7 552/3/7 550/7/7
f 553/486/61 191/487/61 554/7/61 190/24/61
f 560/485/309 553/486/309 190/25/309 552/3/309
f 563/488/310 144/484/310 551/25/310 555/160/310
f 191/487/311 564/489/311 556/159/311 554/24/311
f 564/489/312 563/488/312 555/160/312 556/159/312
f 557/490/313 159/190/313 558/491/313 124/492/313
f 559/493/314 557/490/314 124/492/314 144/494/314
f 159/190/315 192/189/315 560/495/315 558/491/315
f 561/257/316 562/447/316 191/496/316 553/497/316
f 192/189/317 561/257/317 553/497/317 560/495/317
f 486/498/318 559/493/318 144/494/318 563/499/318
f 562/447/319 492/446/319 564/500/319 191/496/319
f 492/446/320 486/498/320 563/499/320 564/500/320
f 565/501/321 570/502/321 569/503/321 566/504/321 567/505/321 571/506/321 572/507/321 568/508/321
f 159/190/322 557/490/322 566/490/322 569/190/322
f 486/498/323 492/446/323 572/446/323 571/498/323
f 559/493/324 486/498/324 571/498/324 567/493/324
f 562/447/325 561/257/325 565/257/325 568/447/325
f 557/490/326 559/493/326 567/493/326 566/490/326
f 592/59/327 573/60/327 574/61/327 593/62/327
f 580/253/328 581/254/328 582/255/328 595/256/328
f 573/59/329 592/60/329 597/61/329 598/62/329
f 577/59/330 579/60/330 588/61/330 590/62/330
f 575/59/331 578/60/331 589/61/331 591/62/331
f 578/59/7 577/60/7 590/61/7 589/62/7
f 583/59/332 585/60/332 614/509/332 613/510/332 612/511/332 611/512/332 610/513/332 609/514/332
f 599/59/67 600/60/67 585/61/67 583/62/67
f 582/253/333 576/254/333 596/255/333 595/256/333
f 575/253/334 591/254/334 596/255/334 576/256/334
f 587/515/335 594/516/335 608/516/335 605/515/335
f 421/253/336 420/254/336 576/255/336 582/256/336
f 64/59/337 77/60/337 578/61/337 575/62/337
f 485/59/338 143/60/338 598/61/338 599/62/338
f 420/253/339 64/254/339 575/255/339 576/256/339
f 76/59/2 63/60/2 579/61/2 577/62/2
f 19/59/34 188/60/34 590/61/34 588/62/34
f 448/253/340 405/254/340 595/255/340 596/256/340
f 155/59/48 552/60/48 593/61/48 574/62/48
f 871/59/341 189/60/341 591/61/341 589/62/341
f 188/59/342 871/60/342 589/61/342 590/62/342
f 61/253/343 421/254/343 582/255/343 581/256/343
f 114/59/344 485/60/344 599/61/344 583/62/344
f 190/59/345 554/60/345 597/61/345 592/62/345
f 601/517/61 602/518/61 598/59/61 597/60/61
f 602/518/346 603/519/346 599/62/346 598/59/346
f 604/520/347 601/517/347 597/60/347 600/61/347
f 603/519/348 604/520/348 600/61/348 599/62/348
f 587/515/61 586/521/61 602/522/61 601/523/61
f 586/521/61 584/524/61 603/525/61 602/522/61
f 594/516/61 587/515/61 601/523/61 604/526/61
f 584/524/61 594/516/61 604/526/61 603/525/61
f 606/527/61 605/528/61 608/529/61 607/530/61
f 586/521/349 587/515/349 605/515/349 606/521/349
f 594/516/350 584/524/350 607/524/350 608/516/350
f 584/524/34 586/521/34 606/521/34 607/524/34
f 611/531/351 612/532/351 622/532/351 621/531/351
f 618/533/352 617/534/352 616/535/352 615/536/352 614/509/352 585/60/352 588/61/352 579/62/352 583/59/352 609/514/352
f 619/537/353 620/538/353 621/531/353 622/532/353 623/539/353 624/540/353 625/541/353 626/542/353 627/543/353 628/544/353
f 618/544/354 609/537/354 619/537/354 628/544/354
f 615/541/355 616/542/355 626/542/355 625/541/355
f 612/532/356 613/539/356 623/539/356 622/532/356
f 609/537/357 610/538/357 620/538/357 619/537/357
f 616/542/358 617/543/358 627/543/358 626/542/358
f 613/539/359 614/540/359 624/540/359 623/539/359
f 610/538/360 611/531/360 621/531/360 620/538/360
f 617/543/361 618/544/361 628/544/361 627/543/361
f 614/540/362 615/541/362 625/541/362 624/540/362
f 630/545/5 629/546/5 640/547/5 639/548/5 638/549/5 637/550/5 636/551/5 635/552/5 634/553/5 633/554/5 632/555/5 631/556/5
f 646/557/363 647/558/363 695/559/363 694/560/363
f 633/561/364 634/562/364 658/563/364 657/564/364
f 640/561/365 629/562/365 654/563/365 664/564/365
f 630/561/366 631/562/366 655/563/366 653/564/366
f 637/561/367 638/562/367 662/563/367 661/564/367
f 634/561/368 635/562/368 659/563/368 658/564/368
f 631/561/369 632/562/369 656/563/369 655/564/369
f 638/561/370 639/562/370 663/563/370 662/564/370
f 635/561/371 636/562/371 660/563/371 659/564/371
f 632/561/372 633/562/372 657/563/372 656/564/372
f 639/561/373 640/562/373 664/563/373 663/564/373
f 629/561/374 630/562/374 653/563/374 654/564/374
f 636/561/375 637/562/375 661/563/375 660/564/375
f 665/561/7 666/562/7 654/563/7 653/564/7
f 667/561/7 665/562/7 653/563/7 655/564/7
f 668/561/7 667/562/7 655/563/7 656/564/7
f 669/561/7 668/562/7 656/563/7 657/564/7
f 670/561/7 669/562/7 657/563/7 658/564/7
f 671/561/7 670/562/7 658/563/7 659/564/7
f 672/561/7 671/562/7 659/563/7 660/564/7
f 673/561/7 672/562/7 660/563/7 661/564/7
f 674/561/7 673/562/7 661/563/7 662/564/7
f 675/561/7 674/562/7 662/563/7 663/564/7
f 676/561/7 675/562/7 663/563/7 664/564/7
f 666/561/7 676/562/7 664/563/7 654/564/7
f 677/561/376 678/562/376 666/563/376 665/564/376
f 679/561/377 677/562/377 665/563/377 667/564/377
f 680/561/378 679/562/378 667/563/378 668/564/378
f 681/561/379 680/562/379 668/563/379 669/564/379
f 682/561/380 681/562/380 669/563/380 670/564/380
f 683/561/381 682/562/381 670/563/381 671/564/381
f 684/561/382 683/562/382 671/563/382 672/564/382
f 685/561/383 684/562/383 672/563/383 673/564/383
f 686/561/384 685/562/384 673/563/384 674/564/384
f 687/561/385 686/562/385 674/563/385 675/564/385
f 688/561/386 687/562/386 675/563/386 676/564/386
f 678/561/387 688/562/387 676/563/387 666/564/387
f 642/557/7 641/558/7 678/559/7 677/560/7
f 643/557/7 642/558/7 677/559/7 679/560/7
f 644/557/7 643/558/7 679/559/7 680/560/7
f 645/557/7 644/558/7 680/559/7 681/560/7
f 646/557/7 645/558/7 681/559/7 682/560/7
f 647/557/7 646/558/7 682/559/7 683/560/7
f 648/557/7 647/558/7 683/559/7 684/560/7
f 649/557/7 648/558/7 684/559/7 685/560/7
f 650/557/7 649/558/7 685/559/7 686/560/7
f 651/557/7 650/558/7 686/559/7 687/560/7
f 652/557/7 651/558/7 687/559/7 688/560/7
f 641/557/7 652/558/7 688/559/7 678/560/7
f 690/565/7 691/566/7 692/567/7 693/568/7 694/569/7 695/570/7 696/571/7 697/572/7 698/573/7 699/574/7 700/575/7 689/576/7
f 643/577/388 644/578/388 692/579/388 691/580/388
f 650/557/389 651/558/389 699/559/389 698/560/389
f 647/577/390 648/578/390 696/579/390 695/580/390
f 644/557/391 645/558/391 693/559/391 692/560/391
f 651/577/392 652/578/392 700/579/392 699/580/392
f 641/577/393 642/578/393 690/579/393 689/580/393
f 648/557/394 649/558/394 697/559/394 696/560/394
f 645/577/395 646/578/395 694/579/395 693/580/395
f 652/557/396 641/558/396 689/559/396 700/560/396
f 642/557/397 643/558/397 691/559/397 690/560/397
f 649/577/398 650/578/398 698/579/398 697/580/398
f 702/545/5 703/556/5 704/555/5 705/554/5 706/553/5 707/552/5 708/551/5 709/550/5 710/549/5 711/548/5 712/547/5 701/546/5
f 718/557/399 766/560/399 767/559/399 719/558/399
f 705/561/366 729/564/366 730/563/366 706/562/366
f 712/561/371 736/564/371 726/563/371 701/562/371
f 702/561/364 725/564/364 727/563/364 703/562/364
f 709/561/370 733/564/370 734/563/370 710/562/370
f 706/561/374 730/564/374 731/563/374 707/562/374
f 703/561/372 727/564/372 728/563/372 704/562/372
f 710/561/367 734/564/367 735/563/367 711/562/367
f 707/561/365 731/564/365 732/563/365 708/562/365
f 704/561/369 728/564/369 729/563/369 705/562/369
f 711/561/375 735/564/375 736/563/375 712/562/375
f 701/561/368 726/564/368 725/563/368 702/562/368
f 708/561/373 732/564/373 733/563/373 709/562/373
f 737/561/7 725/564/7 726/563/7 738/562/7
f 739/561/7 727/564/7 725/563/7 737/562/7
f 740/561/7 728/564/7 727/563/7 739/562/7
f 741/561/7 729/564/7 728/563/7 740/562/7
f 742/561/7 730/564/7 729/563/7 741/562/7
f 743/561/7 731/564/7 730/563/7 742/562/7
f 744/561/7 732/564/7 731/563/7 743/562/7
f 745/561/7 733/564/7 732/563/7 744/562/7
f 746/561/7 734/564/7 733/563/7 745/562/7
f 747/561/7 735/564/7 734/563/7 746/562/7
f 748/561/7 736/564/7 735/563/7 747/562/7
f 738/561/7 726/564/7 736/563/7 748/562/7
f 749/561/381 737/564/381 738/563/381 750/562/381
f 751/561/380 739/564/380 737/563/380 749/562/380
f 752/561/379 740/564/379 739/563/379 751/562/379
f 753/561/378 741/564/378 740/563/378 752/562/378
f 754/561/377 742/564/377 741/563/377 753/562/377
f 755/561/376 743/564/376 742/563/376 754/562/376
f 756/561/387 744/564/387 743/563/387 755/562/387
f 757/561/386 745/564/386 744/563/386 756/562/386
f 758/561/385 746/564/385 745/563/385 757/562/385
f 759/561/384 747/564/384 746/563/384 758/562/384
f 760/561/383 748/564/383 747/563/383 759/562/383
f 750/561/382 738/564/382 748/563/382 760/562/382
f 714/557/7 749/560/7 750/559/7 713/558/7
f 715/557/7 751/560/7 749/559/7 714/558/7
f 716/557/7 752/560/7 751/559/7 715/558/7
f 717/557/7 753/560/7 752/559/7 716/558/7
f 718/557/7 754/560/7 753/559/7 717/558/7
f 719/557/7 755/560/7 754/559/7 718/558/7
f 720/557/7 756/560/7 755/559/7 719/558/7
f 721/557/7 757/560/7 756/559/7 720/558/7
f 722/557/7 758/560/7 757/559/7 721/558/7
f 723/557/7 759/560/7 758/559/7 722/558/7
f 724/557/7 760/560/7 759/559/7 723/558/7
f 713/557/7 750/560/7 760/559/7 724/558/7
f 762/565/7 761/576/7 772/575/7 771/574/7 770/573/7 769/572/7 768/571/7 767/570/7 766/569/7 765/568/7 764/567/7 763/566/7
f 715/577/391 763/580/391 764/579/391 716/578/391
f 722/557/400 770/560/400 771/559/400 723/558/400
f 719/577/401 767/580/401 768/579/401 720/578/401
f 716/557/388 764/560/388 765/559/388 717/558/388
f 723/577/394 771/580/394 772/579/394 724/578/394
f 713/577/402 761/580/402 762/579/402 714/578/402
f 720/557/392 768/560/392 769/559/392 721/558/392
f 717/577/397 765/580/397 766/579/397 718/578/397
f 724/557/403 772/560/403 761/559/403 713/558/403
f 714/557/395 762/560/395 763/559/395 715/558/395
f 721/577/404 769/580/404 770/579/404 722/578/404
f 551/24/405 782/581/405 796/582/405 555/160/405
f 404/76/7 449/46/7 795/583/7 794/584/7
f 392/307/406 785/219/406 793/341/406 398/585/406
f 186/24/407 788/329/407 792/330/407 390/95/407
f 117/24/1 296/182/1 791/182/1 773/187/1
f 207/24/408 786/186/408 790/268/408 315/269/408
f 158/24/125 783/92/125 789/300/125 226/7/125
f 226/274/125 789/280/125 788/281/125 186/277/125
f 398/231/409 793/272/409 787/270/409 205/7/409
f 1953/262/122 1202/25/122 1757/185/122 1977/271/122
f 315/269/410 790/268/410 787/270/410 209/7/410
f 390/309/411 792/225/411 784/217/411 391/308/411
f 391/307/412 784/217/412 785/219/412 392/308/412
f 549/24/413 781/91/413 782/581/413 551/7/413
f 296/182/1 120/25/1 774/185/1 791/182/1
f 118/24/1 776/186/1 1746/188/1 1093/7/1
f 118/24/1 117/25/1 773/187/1 776/186/1
f 122/24/7 119/25/7 777/184/7 779/183/7
f 123/24/7 872/25/7 778/586/7 780/587/7
f 872/24/7 122/25/7 779/183/7 778/586/7
f 869/24/61 775/588/61 777/184/61 119/7/61
f 555/160/414 796/582/414 775/588/414 869/7/414
f 123/76/48 780/589/48 795/590/48 449/77/48
f 131/24/415 781/91/415 783/92/415 158/7/415
f 795/590/34 780/589/34 803/589/34 810/590/34
f 803/589/416 804/46/416 811/47/416 810/590/416
f 818/582/417 807/591/417 808/3/417 815/588/417
f 815/588/418 808/25/418 798/3/418 797/184/418
f 799/586/7 801/183/7 802/3/7 800/7/7
f 803/587/419 799/586/419 800/3/419 804/7/419
f 801/183/420 797/184/420 798/3/420 802/7/420
f 805/91/421 806/25/421 809/3/421 816/581/421
f 817/584/422 810/583/422 811/47/422 812/77/422
f 816/581/423 809/25/423 807/591/423 818/582/423
f 813/76/424 814/45/424 817/48/424 812/77/424
f 131/443/425 145/444/425 809/444/425 806/443/425
f 780/587/426 778/586/426 799/586/426 803/587/426
f 145/443/427 487/445/427 807/445/427 809/443/427
f 778/586/428 779/183/428 801/183/428 799/586/428
f 796/582/429 782/581/429 816/581/429 818/582/429
f 777/184/430 775/588/430 815/588/430 797/184/430
f 487/445/431 134/444/431 808/444/431 807/445/431
f 782/581/432 781/91/432 805/91/432 816/581/432
f 130/76/2 432/77/2 811/77/2 804/76/2
f 794/584/433 795/583/433 810/583/433 817/584/433
f 775/588/434 796/582/434 818/582/434 815/588/434
f 134/24/435 127/7/435 798/7/435 808/24/435
f 484/146/436 844/152/436 846/470/436 530/149/436
f 527/462/298 845/468/298 846/469/298 526/465/298
f 137/146/437 830/195/437 845/454/437 527/149/437
f 95/76/438 827/401/438 843/402/438 444/77/438
f 444/76/439 843/397/439 842/122/439 427/77/439
f 179/307/7 833/251/7 841/339/7 386/342/7
f 219/24/7 836/65/7 840/11/7 366/203/7
f 10/24/29 822/44/29 839/6/29 280/80/29
f 196/24/149 834/305/149 838/264/149 313/267/149
f 150/24/7 831/66/7 837/87/7 232/7/7
f 232/274/7 837/278/7 836/279/7 219/277/7
f 386/249/440 841/273/440 835/266/440 200/7/440
f 313/267/116 838/264/116 835/266/116 203/7/116
f 1951/232/114 1186/25/114 1807/261/114 1978/260/114
f 164/307/7 832/226/7 833/251/7 179/308/7
f 366/213/7 840/208/7 832/226/7 164/308/7
f 102/146/441 828/195/441 830/196/441 137/149/441
f 111/148/442 489/147/442 852/147/442 850/148/442
f 50/3/443 111/25/443 850/25/443 849/3/443
f 81/76/444 825/121/444 842/122/444 426/77/444
f 829/134/445 824/98/445 854/98/445 851/134/445
f 825/121/446 81/76/446 848/76/446 855/121/446
f 36/24/1 823/15/1 821/85/1 47/7/1
f 280/80/29 839/6/29 827/87/29 95/7/29
f 984/24/1 47/25/1 821/85/1 1791/84/1
f 17/24/7 30/25/7 820/43/7 819/16/7
f 103/24/18 828/65/18 831/66/18 150/7/18
f 30/24/7 18/25/7 822/44/7 820/43/7
f 36/24/1 17/25/1 819/16/1 823/15/1
f 852/146/447 853/152/447 851/153/447 850/149/447
f 850/24/448 851/134/448 854/98/448 849/7/448
f 848/24/7 847/25/7 856/97/7 855/84/7
f 847/24/449 849/25/449 854/98/449 856/97/449
f 489/147/304 844/152/304 853/152/304 852/147/304
f 826/97/450 825/84/450 855/84/450 856/97/450
f 844/152/451 829/153/451 851/153/451 853/152/451
f 82/7/34 50/3/34 849/3/34 847/7/34
f 824/98/452 826/97/452 856/97/452 854/98/452
f 81/7/34 82/3/34 847/3/34 848/7/34
f 864/592/61 863/593/61 868/594/61 867/595/61 866/596/61 865/597/61
f 116/25/453 862/141/453 857/598/453 858/599/453 859/138/453 473/137/453
f 857/600/454 862/601/454 868/602/454 863/603/454
f 861/600/349 860/601/349 866/602/349 867/603/349
f 859/600/455 858/601/455 864/602/455 865/603/455
f 862/600/456 861/601/456 867/602/456 868/603/456
f 860/600/457 859/601/457 865/602/457 866/603/457
f 858/600/350 857/601/350 863/602/350 864/603/350
f 877/604/458 878/605/458 870/24/458 869/25/458
f 879/606/7 880/607/7 872/7/7 871/24/7
f 873/608/61 877/604/61 869/25/61 119/3/61
f 880/607/7 874/609/7 122/3/7 872/7/7
f 874/609/459 873/608/459 119/3/459 122/7/459
f 875/610/460 876/611/460 188/24/460 19/25/460
f 876/611/7 879/606/7 871/24/7 188/25/7
f 878/605/461 875/610/461 19/7/461 870/24/461
f 881/612/462 125/613/462 893/614/462 897/615/462
f 874/612/463 880/613/463 888/614/463 890/615/463
f 16/612/464 121/613/464 896/614/464 895/615/464
f 877/612/465 873/613/465 889/614/465 885/615/465
f 125/612/349 162/613/349 894/614/349 893/615/349
f 880/612/466 879/613/466 887/614/466 888/615/466
f 162/612/467 883/613/467 899/614/467 894/615/467
f 878/612/468 877/613/468 885/614/468 886/615/468
f 893/612/469 894/613/469 886/614/469 885/615/469
f 895/612/7 896/613/7 888/614/7 887/615/7
f 897/612/469 893/613/469 885/614/469 889/615/469
f 896/612/7 898/613/7 890/614/7 888/615/7
f 898/612/470 897/613/470 889/614/470 890/615/470
f 899/612/471 900/613/471 892/614/471 891/615/471
f 900/612/7 895/613/7 887/614/7 892/615/7
f 894/612/469 899/613/469 891/614/469 886/615/469
f 873/612/472 874/613/472 890/614/472 889/615/472
f 121/612/473 882/613/473 898/614/473 896/615/473
f 876/612/474 875/613/474 891/614/474 892/615/474
f 882/612/475 881/613/475 897/614/475 898/615/475
f 879/612/476 876/613/476 892/614/476 887/615/476
f 883/612/477 884/613/477 900/614/477 899/615/477
f 875/612/478 878/613/478 886/614/478 891/615/478
f 884/612/479 16/613/479 895/614/479 900/615/479
f 915/616/480 916/617/480 909/618/480 910/619/480 911/620/480 912/621/480 913/622/480 914/623/480
f 883/169/481 902/168/481 901/624/481 908/625/481 907/626/481 906/164/481 881/163/481
f 904/627/482 905/628/482 913/629/482 912/630/482
f 902/627/483 903/628/483 911/629/483 910/630/483
f 907/627/484 908/628/484 916/629/484 915/630/484
f 905/627/485 906/628/485 914/629/485 913/630/485
f 903/627/486 904/628/486 912/629/486 911/630/486
f 901/627/487 902/628/487 910/629/487 909/630/487
f 908/627/488 901/628/488 909/629/488 916/630/488
f 906/627/489 907/628/489 915/629/489 914/630/489
f 79/631/7 923/632/7 917/3/7 918/7/7
f 923/632/7 925/633/7 919/25/7 917/3/7
f 926/634/7 79/631/7 918/3/7 920/7/7
f 927/635/7 926/634/7 920/7/7 921/24/7
f 925/633/7 922/636/7 237/24/7 919/25/7
f 922/636/7 927/635/7 921/24/7 237/25/7
f 79/637/34 926/638/34 932/639/34 930/640/34
f 924/637/2 78/638/2 935/639/2 936/640/2
f 927/637/2 922/638/2 934/639/2 933/640/2
f 239/637/490 67/638/490 938/639/490 939/640/490
f 925/637/48 923/638/48 929/639/48 931/640/48
f 922/637/2 925/638/2 931/639/2 934/640/2
f 936/637/7 935/638/7 929/639/7 930/640/7
f 935/637/7 937/638/7 931/639/7 929/640/7
f 938/637/7 936/638/7 930/639/7 932/640/7
f 939/637/7 938/638/7 932/639/7 933/640/7
f 937/637/7 940/638/7 934/639/7 931/640/7
f 940/637/7 939/638/7 933/639/7 934/640/7
f 238/637/34 928/638/34 940/639/34 937/640/34
f 78/637/1 238/638/1 937/639/1 935/640/1
f 926/637/491 927/638/491 933/639/491 932/640/491
f 928/637/34 239/638/34 939/639/34 940/640/34
f 923/637/34 79/638/34 930/639/34 929/640/34
f 67/637/2 924/638/2 936/639/2 938/640/2
f 78/114/7 947/113/7 948/641/7 941/642/7 942/643/7 943/109/7 238/108/7
f 948/644/34 947/645/34 955/646/34 956/647/34
f 950/648/7 949/649/7 956/650/7 955/651/7 954/652/7 953/653/7 952/654/7 951/655/7
f 946/644/1 945/645/1 953/646/1 954/647/1
f 944/644/492 943/645/492 951/646/492 952/647/492
f 942/644/48 941/645/48 949/646/48 950/647/48
f 941/644/493 948/645/493 956/646/493 949/647/493
f 947/644/494 946/645/494 954/646/494 955/647/494
f 945/644/495 944/645/495 952/646/495 953/647/495
f 943/644/496 942/645/496 950/646/496 951/647/496
f 1494/1/1 1273/4/1 1033/3/1 1488/2/1
f 1267/5/2 1062/7/2 1061/3/2 1269/6/2
f 1354/8/1 1338/10/1 1022/3/1 1279/9/1
f 1563/11/2 991/7/2 962/3/2 1560/12/2
f 1796/15/1 1005/7/1 958/3/1 1792/16/1
f 957/17/1 965/23/1 1979/656/1 959/21/1 1336/20/1 1011/19/1 1015/18/1
f 1258/24/497 1259/7/497 1141/3/497 1038/25/497
f 1982/657/4 993/7/4 966/3/4 1980/658/4
f 996/28/7 1331/28/7 1330/29/7 976/29/7
f 1274/30/6 1059/7/6 1060/3/6 1270/31/6
f 1010/24/1 1007/7/1 969/3/1 989/25/1
f 1079/24/5 1139/7/5 1468/3/5 1465/25/5
f 1342/32/498 1345/33/498 1134/3/498 1077/25/498
f 1290/31/9 1064/7/9 1027/3/9 1271/34/9
f 1004/24/5 1001/7/5 981/3/5 990/25/5
f 1280/5/10 1058/7/10 1057/3/10 1277/35/10
f 963/17/499 974/42/499 1018/41/499 1014/40/499 1234/39/499 1250/38/499 961/37/499 1561/36/499
f 1793/43/5 995/7/5 975/3/5 1795/44/5
f 1744/45/1 1766/48/1 1413/47/1 1097/46/1
f 2379/659/12 2365/52/12 978/51/12 1981/660/12
f 1516/53/5 1003/7/5 986/3/5 1518/54/5
f 1564/55/13 996/7/13 976/3/13 1562/11/13
f 1519/56/1 1009/7/1 985/3/1 1514/57/1
f 1278/6/14 1070/7/14 1063/3/14 1289/35/14
f 1002/24/5 1004/7/5 990/3/5 982/25/5
f 1008/24/1 1010/7/1 989/3/1 972/25/1
f 1291/58/1 1034/7/1 1062/3/1 1267/5/1
f 1268/63/500 1071/7/500 1045/3/500 1284/64/500
f 1269/6/17 1061/7/17 1066/3/17 1285/6/17
f 1270/31/1 1060/7/1 1033/3/1 1273/4/1
f 1801/65/501 1804/66/501 1137/3/501 1076/25/501
f 1327/35/19 1251/7/19 1026/3/19 1275/67/19
f 1288/6/2 1043/7/2 1074/3/2 1272/68/2
f 2362/69/502 2356/70/502 2380/71/502 2400/72/502
f 972/24/5 989/7/5 1004/3/5 1002/25/5
f 1514/57/5 985/7/5 1003/3/5 1516/53/5
f 1562/11/2 976/7/2 991/3/2 1563/11/2
f 1488/74/503 1498/75/503 1460/47/503 1111/46/503
f 1792/16/5 958/7/5 995/3/5 1793/43/5
f 1892/76/504 1442/77/504 1437/47/504 1053/46/504
f 1281/6/23 1069/7/23 1059/3/23 1274/30/23
f 989/24/5 969/7/5 1001/3/5 1004/25/5
f 1481/78/1 1480/79/1 968/3/1 1016/25/1
f 1097/76/1 1413/77/1 1414/47/1 1151/46/1
f 1277/35/24 1057/7/24 1068/3/24 1282/80/24
f 1286/30/25 1065/7/25 1070/3/25 1278/6/25
f 1481/78/1 1016/7/1 967/3/1 1487/81/1
f 974/24/27 988/7/27 1019/3/27 1018/25/27
f 1515/82/1 984/7/1 1020/3/1 1517/83/1
f 988/24/1 971/7/1 1017/3/1 1019/25/1
f 1791/84/1 957/7/1 1015/3/1 1794/85/1
f 1279/9/1 1022/7/1 1058/3/1 1280/5/1
f 1530/6/28 1523/86/28 1069/3/28 1281/6/28
f 1813/6/29 1800/87/29 1067/3/29 1283/6/29
f 1984/661/30 1988/662/30 1127/3/30 1072/25/30
f 1408/89/505 1356/89/505 1358/90/505 1292/90/505
f 1285/6/32 1066/7/32 1065/3/32 1286/30/32
f 1752/91/506 1754/92/506 1574/3/506 1573/25/506
f 1287/30/2 1044/7/2 1043/3/2 1288/6/2
f 1289/35/34 1063/7/34 1064/3/34 1290/31/34
f 1292/93/507 1046/7/507 1029/3/507 1293/94/507
f 1005/24/1 1015/7/1 1011/3/1 958/25/1
f 1012/24/1 967/7/1 1016/3/1 1006/25/1
f 1007/24/1 1017/7/1 1013/3/1 969/25/1
f 972/24/9 1014/7/9 1018/3/9 1008/25/9
f 1008/24/508 1018/7/508 1019/3/508 1010/25/508
f 1519/56/1 1517/83/1 1020/3/1 1009/25/1
f 1010/24/1 1019/7/1 1017/3/1 1007/25/1
f 1796/15/1 1794/85/1 1015/3/1 1005/25/1
f 1340/95/509 1045/7/509 1071/3/509 1337/96/509
f 1799/97/5 1041/7/5 1024/3/5 1797/98/5
f 1056/24/5 1049/7/5 1036/3/5 1035/25/5
f 1893/24/5 1891/7/5 1039/3/5 1236/25/5
f 1239/99/5 1040/102/5 1898/101/5 1902/100/5
f 1484/103/510 1047/7/510 1031/3/510 1482/104/510
f 1341/105/511 1029/7/511 1046/3/511 1339/95/511
f 1522/106/512 1055/7/512 1023/3/512 1520/107/512
f 1891/24/5 1056/7/5 1035/3/5 1039/25/5
f 1892/24/5 1053/7/5 1056/3/5 1891/25/5
f 1521/82/513 1054/7/513 1055/3/513 1522/106/513
f 1902/100/5 1898/101/5 1051/114/5 1921/113/5 1920/112/5 1919/111/5 1918/110/5 1917/109/5 1238/108/5
f 1053/24/5 1050/7/5 1049/3/5 1056/25/5
f 1485/115/514 1032/7/514 1048/3/514 1483/116/514
f 1798/84/5 1042/7/5 1041/3/5 1799/97/5
f 1045/117/515 1359/117/515 1357/118/515 1284/118/515
f 1445/46/516 1783/46/516 1784/76/516 1460/76/516
f 1483/116/517 1048/7/517 1047/3/517 1484/103/517
f 1521/119/518 1533/120/518 1439/47/518 1054/46/518
f 1895/76/519 1444/77/519 1435/47/519 1894/46/519
f 1293/76/48 1424/77/48 1415/47/48 1409/46/48
f 1341/76/520 1443/77/520 1425/47/520 1029/46/520
f 1064/76/521 1453/77/521 1436/47/521 1027/46/521
f 959/76/1 1416/77/1 1421/47/1 1266/46/1
f 1894/76/522 1435/77/522 1442/47/522 1892/46/522
f 1798/121/523 1816/122/523 1440/47/523 1042/46/523
f 1050/76/524 1438/77/524 1433/47/524 1037/46/524
f 1029/76/525 1425/77/525 1424/47/525 1293/46/525
f 1053/76/526 1437/77/526 1438/47/526 1050/46/526
f 1032/76/527 1431/77/527 1441/47/527 1048/46/527
f 1486/123/501 1491/124/501 1142/3/501 1109/25/501
f 1297/125/528 1268/63/528 960/3/528 1082/25/528
f 1296/126/58 1272/68/58 1074/3/58 1084/25/58
f 1565/32/58 1560/12/58 962/3/58 1476/25/58
f 1985/663/529 1980/658/529 966/3/529 1086/25/529
f 1802/134/530 1797/98/530 1024/3/530 1088/25/530
f 1343/135/531 1337/96/531 1071/3/531 1081/25/531
f 1466/24/532 1035/7/532 1036/3/532 1090/25/532
f 1471/24/532 1236/7/532 1039/3/532 1467/25/532
f 1525/136/533 1520/107/533 1023/3/533 1087/25/533
f 1467/24/532 1039/7/532 1035/3/532 1466/25/532
f 1489/137/534 1482/104/534 1031/3/534 1092/25/534 1836/141/534 1835/140/534 1834/139/534 1833/138/534
f 1513/142/535 1489/145/535 1092/144/535 1508/143/535
f 1535/146/535 1525/149/535 1087/148/535 1506/147/535
f 1507/150/536 1466/7/536 1090/3/536 1502/151/536
f 1511/146/537 1343/149/537 1081/148/537 1505/147/537
f 1818/152/535 1802/153/535 1088/148/535 1501/147/535
f 2020/664/538 1985/663/538 1086/3/538 1541/155/538
f 1301/156/539 1296/126/539 1084/3/539 1119/25/539
f 1539/157/540 1297/125/540 1082/3/540 1540/158/540
f 1580/159/541 1844/7/541 1843/3/541 1579/160/541
f 1148/161/542 1857/169/542 1876/168/542 1877/167/542 1878/166/542 1879/165/542 1880/164/542 1855/163/542 1102/162/542
f 983/170/5 1098/173/5 1856/172/5 1858/171/5
f 1178/24/5 1100/7/5 1846/3/5 1845/25/5
f 1858/171/543 1856/172/543 1855/163/543 1857/169/543
f 1144/24/1 1095/7/1 1094/3/1 1158/25/1
f 1144/24/1 1145/7/1 1093/3/1 1095/25/1
f 1034/76/1 1434/77/1 1451/47/1 1062/46/1
f 1475/174/544 1131/181/544 2019/665/544 1479/179/544 1085/178/544 1568/177/544 1083/176/544 1114/175/544
f 1312/182/1 1298/182/1 1097/3/1 1151/25/1
f 1460/47/2 1784/47/2 1785/46/2 1111/46/2
f 1750/183/34 1773/183/34 1769/184/34 1748/184/34
f 1111/3/5 1785/3/5 1786/185/5 1744/185/5
f 1105/25/2 1770/25/2 1774/24/2 1107/24/2
f 1744/45/34 1786/45/34 1789/48/34 1766/48/34
f 1747/186/1 1104/7/1 1110/3/1 1743/187/1
f 1747/186/1 1746/188/1 1103/3/1 1104/25/1
f 1235/76/19 1463/77/19 1429/47/19 1251/46/19
f 1763/182/1 1299/182/1 1111/3/1 1744/185/1
f 1752/91/545 1777/91/545 1778/24/545 1109/24/545
f 1181/189/546 1594/189/546 1593/190/546 1143/190/546
f 1294/191/547 1538/192/547 1537/3/547 1072/25/547
f 1295/193/2 1301/156/2 1119/3/2 1038/25/2
f 1984/661/79 1986/666/79 1536/3/79 1075/25/79
f 1801/195/548 1803/196/548 1121/148/548 1077/147/548
f 1342/146/549 1344/149/549 1113/148/549 1028/147/549
f 1465/24/530 1464/7/530 1122/3/530 1079/25/530
f 1524/146/550 1526/149/550 1115/148/550 1076/147/550
f 1486/197/551 1490/199/551 1117/144/551 1080/198/551
f 2012/667/84 1990/668/84 973/201/84 1374/200/84
f 2011/135/2 1989/669/2 1146/3/2 1364/105/2
f 1369/11/5 1153/7/5 1149/3/5 1375/203/5
f 1381/205/2 1305/206/2 1147/3/2 1365/135/2
f 1380/207/84 1304/210/84 1155/209/84 1377/208/84
f 1379/211/497 1260/7/497 1156/3/497 1367/135/497
f 1370/11/5 1154/7/5 1153/3/5 1369/11/5
f 1372/11/5 1182/7/5 1154/3/5 1370/11/5
f 1382/212/552 1346/208/552 1150/209/552 1371/213/552
f 1294/191/30 1302/214/30 1140/3/30 1028/25/30
f 1524/215/501 1527/216/501 1136/3/501 1080/25/501
f 1295/193/2 1303/205/2 1478/3/2 1073/25/2
f 1755/217/553 1756/219/553 1176/209/553 1159/218/553
f 1990/668/87 1995/670/87 1135/201/87 973/220/87
f 1989/669/554 1994/671/554 1162/3/554 1146/25/554
f 1153/24/555 1170/7/555 1166/3/555 1149/25/555
f 1305/206/556 1310/223/556 1164/3/556 1147/25/556
f 1304/210/557 1309/224/557 1172/209/557 1155/218/557
f 1260/24/558 1263/7/558 1173/3/558 1156/25/558
f 1154/24/555 1171/7/555 1170/3/555 1153/25/555
f 1182/24/559 1185/7/559 1171/3/559 1154/25/559
f 1346/208/560 1347/212/560 1167/209/560 1150/218/560
f 1764/225/561 1755/217/561 1159/209/561 1376/208/561
f 1814/208/5 1805/226/5 1401/209/5 1403/208/5
f 2014/672/96 2000/673/96 1190/3/96 1388/228/96
f 1406/230/562 1197/7/562 1200/3/562 1405/231/562
f 1993/674/48 1991/674/48 1125/3/48 1126/25/48
f 2008/675/563 1992/676/563 1163/3/563 1245/25/563
f 1306/235/564 1166/7/564 1170/3/564 1307/6/564
f 1395/236/100 1319/238/100 1203/3/100 1384/237/100
f 1324/239/565 1247/7/565 1166/3/565 1306/235/565
f 1992/676/48 1993/674/48 1126/3/48 1163/25/48
f 2013/677/100 2003/674/100 1201/3/100 1385/241/100
f 1402/242/566 1198/7/566 1197/3/566 1406/230/566
f 1307/6/564 1170/7/564 1171/3/564 1308/6/564
f 1394/243/567 1316/245/567 1199/3/567 1392/244/567
f 1390/246/568 1206/7/568 1205/3/568 1391/247/568
f 1396/248/569 1350/250/569 1194/3/569 1393/249/569
f 1805/226/5 1806/251/5 1400/209/5 1401/218/5
f 1991/674/48 1996/674/48 1183/3/48 1125/25/48
f 1308/6/570 1171/7/570 1185/3/570 1311/252/570
f 1159/24/5 1176/7/5 1185/3/5 1182/25/5
f 1376/11/5 1159/7/5 1182/3/5 1372/11/5
f 1291/58/1 1312/182/1 1151/3/1 1034/25/1
f 1060/76/571 1449/77/571 1432/47/571 1033/46/571
f 1017/24/1 971/7/1 1145/3/1 1144/25/1
f 1017/24/1 1144/7/1 1158/3/1 1013/25/1
f 1585/257/572 1589/257/572 1594/189/572 1181/189/572
f 2002/674/112 1998/678/112 1192/3/112 1195/25/112
f 2010/679/113 2000/673/113 1191/3/113 1349/12/113
f 2026/680/114 1997/676/114 1187/3/114 1807/261/114
f 1998/678/48 1999/674/48 1186/3/48 1192/25/48
f 1353/263/573 1350/250/573 1199/3/573 1316/245/573
f 1812/264/574 1809/266/574 1194/3/574 1313/265/574
f 1314/35/575 1197/7/575 1198/3/575 1315/267/575
f 1318/268/576 1200/7/576 1197/3/576 1314/35/576
f 1319/238/577 1205/7/577 1206/3/577 1317/269/577
f 2003/674/120 2001/676/120 1202/3/120 1201/25/120
f 1762/268/578 1759/270/578 1200/3/578 1318/268/578
f 2025/681/122 2002/674/122 1195/3/122 1757/185/122
f 1765/272/579 1759/270/579 1206/3/579 1390/246/579
f 1815/273/580 1809/266/580 1198/3/580 1402/242/580
f 1222/274/5 1214/277/5 1218/276/5 1233/275/5
f 1811/278/5 1810/279/5 1207/276/5 1219/275/5
f 1761/280/581 1760/281/581 1214/276/581 1222/275/581
f 1352/282/582 1351/283/582 1217/276/582 1232/275/582
f 1233/274/5 1218/277/5 1215/276/5 1231/275/5
f 1231/274/5 1215/277/5 1213/276/5 1230/275/5
f 1265/274/497 1264/277/497 1211/276/497 1228/275/497
f 1323/284/127 1320/285/127 1216/276/127 1223/275/127
f 1529/286/5 1528/287/5 1208/276/5 1227/275/5
f 1322/288/2 1321/288/2 1132/276/2 1226/275/2
f 1230/274/5 1213/277/5 1210/276/5 1221/275/5
f 2007/682/2 2004/683/2 1168/276/2 1225/275/2
f 1493/291/5 1492/292/5 1175/276/5 1224/275/5
f 2006/684/127 2005/685/127 1209/276/127 1220/275/127
f 1988/662/128 2006/686/128 1220/3/128 1127/25/128
f 1491/124/5 1493/296/5 1224/3/5 1142/25/5
f 1987/687/2 2007/666/2 1225/3/2 1130/25/2
f 1468/24/5 1230/7/5 1221/3/5 1133/25/5
f 1303/205/2 1322/205/2 1226/3/2 1478/25/2
f 1527/216/5 1529/86/5 1227/3/5 1136/25/5
f 1302/214/128 1323/298/128 1223/3/128 1140/25/128
f 1259/24/497 1265/7/497 1228/3/497 1141/25/497
f 1139/24/5 1231/7/5 1230/3/5 1468/25/5
f 1576/24/5 1233/7/5 1231/3/5 1139/25/5
f 1345/33/583 1352/299/583 1232/3/583 1134/25/583
f 1754/92/581 1761/300/581 1222/3/581 1574/25/581
f 1804/66/5 1811/87/5 1219/3/5 1137/25/5
f 1574/24/5 1222/7/5 1233/3/5 1576/25/5
f 1133/24/497 1221/7/497 1249/3/497 1469/25/497
f 1221/274/497 1210/277/497 1248/276/497 1249/275/497
f 1326/301/584 1263/7/584 1247/3/584 1324/239/584
f 2009/688/585 2008/675/585 1245/3/585 1261/25/585
f 1149/24/558 1166/7/558 1247/3/558 1244/25/558
f 1375/203/497 1149/7/497 1244/3/497 1378/11/497
f 1258/24/586 1253/7/586 1242/3/586 1240/25/586
f 1253/24/587 1252/7/587 1471/3/587 1242/25/587
f 1252/24/588 1254/7/588 1236/3/588 1471/25/588
f 1561/303/135 1566/304/135 1420/47/135 963/46/135
f 1255/24/5 1237/7/5 1893/3/5 1256/25/5
f 1257/24/5 1895/7/5 1237/3/5 1255/25/5
f 1256/24/5 1893/7/5 1236/3/5 1254/25/5
f 1271/34/136 1027/7/136 1235/3/136 1325/6/136
f 1043/24/5 1256/7/5 1254/3/5 1074/25/5
f 1257/76/589 1335/77/589 1329/47/589 1025/46/589
f 1044/24/5 1255/7/5 1256/3/5 1043/25/5
f 1257/76/138 1335/77/138 1444/47/138 1895/46/138
f 1084/24/590 1074/7/590 1254/3/590 1252/25/590
f 1119/24/591 1084/7/591 1252/3/591 1253/25/591
f 1038/24/592 1119/7/592 1253/3/592 1258/25/592
f 1994/671/593 2009/688/593 1261/3/593 1162/25/593
f 1310/223/594 1173/7/594 1263/3/594 1326/301/594
f 1469/24/497 1249/7/497 1265/3/497 1259/25/497
f 1249/274/497 1248/277/497 1264/276/497 1265/275/497
f 1244/24/558 1247/7/558 1263/3/558 1260/25/558
f 1378/11/497 1244/7/497 1260/3/497 1379/211/497
f 1325/6/19 1235/7/19 1251/3/19 1327/35/19
f 1240/24/497 1469/7/497 1259/3/497 1258/25/497
f 1234/24/19 1325/6/19 1327/35/19 1250/25/19
f 1164/24/595 1310/223/595 1326/301/595 1262/25/595
f 1014/24/136 1271/34/136 1325/6/136 1234/25/136
f 1262/24/596 1326/301/596 1324/239/596 1246/25/596
f 1127/24/128 1220/7/128 1323/298/128 1302/214/128
f 1141/24/2 1228/7/2 1322/205/2 1303/205/2
f 1228/274/2 1211/277/2 1321/288/2 1322/288/2
f 1220/274/127 1209/277/127 1320/285/127 1323/284/127
f 1758/186/597 1762/268/597 1318/268/597 1196/25/597
f 1203/24/120 1319/238/120 1317/269/120 1204/25/120
f 1196/24/598 1318/268/598 1314/35/598 1193/25/598
f 1193/24/599 1314/35/599 1315/267/599 1188/25/599
f 1808/305/600 1812/264/600 1313/265/600 1189/25/600
f 1348/306/601 1353/263/601 1316/245/601 1190/25/601
f 1013/24/1 1158/7/1 1312/182/1 1291/58/1
f 1161/24/48 1308/6/48 1311/252/48 1184/25/48
f 1388/228/602 1190/7/602 1316/245/602 1394/243/602
f 1160/24/48 1307/6/48 1308/6/48 1161/25/48
f 1246/24/603 1324/239/603 1306/235/603 1165/25/603
f 1391/247/604 1205/7/604 1319/238/604 1395/236/604
f 1165/24/48 1306/235/48 1307/6/48 1160/25/48
f 973/307/605 1135/308/605 1309/224/605 1304/210/605
f 1156/24/606 1173/7/606 1310/223/606 1305/206/606
f 1038/24/2 1141/7/2 1303/205/2 1295/193/2
f 1072/24/30 1127/7/30 1302/214/30 1294/191/30
f 1374/309/84 973/308/84 1304/210/84 1380/207/84
f 1367/135/2 1156/7/2 1305/206/2 1381/205/2
f 1073/24/2 1474/7/2 1301/156/2 1295/193/2
f 1028/24/607 1113/7/607 1538/192/607 1294/191/607
f 1743/187/1 1110/7/1 1299/182/1 1763/182/1
f 1158/24/1 1094/7/1 1298/182/1 1312/182/1
f 1505/310/608 1081/7/608 1297/125/608 1539/157/608
f 1474/24/609 1476/7/609 1296/126/609 1301/156/609
f 1476/24/58 962/7/58 1272/68/58 1296/126/58
f 1081/24/610 1071/7/610 1268/63/610 1297/125/610
f 1408/24/507 1292/93/507 1293/94/507 1409/25/507
f 1002/24/34 1289/35/34 1290/31/34 972/25/34
f 976/24/2 1287/30/2 1288/6/2 991/25/2
f 981/24/32 1285/6/32 1286/30/32 990/25/32
f 1292/311/611 1358/311/611 1360/312/611 1046/312/611
f 1795/44/161 1813/6/161 1283/6/161 986/25/161
f 1518/54/28 1530/6/28 1281/6/28 980/25/28
f 1011/24/1 1279/9/1 1280/5/1 958/25/1
f 990/24/25 1286/30/25 1278/6/25 982/25/25
f 995/24/24 1277/35/24 1282/80/24 975/25/24
f 1979/689/1 2017/690/1 1416/47/1 959/46/1
f 980/24/23 1281/6/23 1274/30/23 1000/25/23
f 991/24/2 1288/6/2 1272/68/2 962/25/2
f 1250/24/19 1327/35/19 1275/67/19 961/25/19
f 1012/24/1 1270/31/1 1273/4/1 967/25/1
f 1001/24/17 1269/6/17 1285/6/17 981/25/17
f 960/24/500 1268/63/500 1284/64/500 1407/25/500
f 1013/24/1 1291/58/1 1267/5/1 969/25/1
f 982/24/14 1278/6/14 1289/35/14 1002/25/14
f 1042/76/612 1440/77/612 1426/47/612 1021/46/612
f 958/24/10 1280/5/10 1277/35/10 995/25/10
f 972/24/9 1290/31/9 1271/34/9 1014/25/9
f 1000/24/6 1274/30/6 1270/31/6 1012/25/6
f 1255/315/163 1334/318/163 1335/317/163 1257/316/163
f 1336/20/1 1354/8/1 1279/9/1 1011/25/1
f 969/24/2 1267/5/2 1269/6/2 1001/25/2
f 1487/81/1 967/7/1 1273/4/1 1494/1/1
f 1328/315/613 1329/318/613 1333/317/613 1332/316/613
f 1329/315/614 1335/318/614 1334/317/614 1333/316/614
f 1331/319/13 1328/322/13 1332/321/13 1330/320/13
f 1044/315/615 1333/318/615 1334/317/615 1255/316/615
f 1025/76/167 1329/77/167 1328/47/167 1276/46/167
f 976/319/168 1330/322/168 1332/321/168 1287/320/168
f 1287/315/168 1332/318/168 1333/317/168 1044/316/168
f 1276/76/167 1328/77/167 1331/47/167 996/46/167
f 959/24/1 1266/323/1 1354/8/1 1336/20/1
f 1189/24/616 1313/265/616 1353/263/616 1348/306/616
f 1140/24/617 1223/7/617 1352/299/617 1345/33/617
f 1223/274/618 1216/277/618 1351/283/618 1352/282/618
f 1313/265/619 1194/7/619 1350/250/619 1353/263/619
f 1997/676/113 2010/679/113 1349/12/113 1187/25/113
f 1392/244/620 1199/7/620 1350/250/620 1396/248/620
f 1155/307/621 1172/308/621 1347/212/621 1346/208/621
f 1377/208/622 1155/308/622 1346/208/622 1382/212/622
f 1077/146/623 1121/149/623 1344/148/623 1342/147/623
f 1501/146/624 1088/149/624 1343/148/624 1511/147/624
f 1088/24/625 1024/7/625 1337/96/625 1343/135/625
f 1042/24/626 1339/95/626 1340/95/626 1041/25/626
f 1021/24/627 1341/105/627 1339/95/627 1042/25/627
f 1041/24/628 1340/95/628 1337/96/628 1024/25/628
f 1028/24/629 1140/7/629 1345/33/629 1342/32/629
f 1266/323/1 1030/7/1 1338/10/1 1354/8/1
f 1357/118/630 1359/312/630 1360/117/630 1358/311/630
f 1361/324/631 1360/312/631 1359/117/631 1362/324/631
f 1355/89/632 1357/326/632 1358/90/632 1356/325/632
f 1046/117/633 1360/117/633 1361/324/633 1339/324/633
f 1340/324/634 1362/324/634 1359/312/634 1045/312/634
f 1407/325/635 1355/325/635 1356/89/635 1408/89/635
f 1284/326/636 1357/326/636 1355/325/636 1407/325/636
f 1339/324/637 1361/324/637 1362/324/637 1340/324/637
f 1216/24/638 1377/11/638 1382/105/638 1351/105/638
f 1211/24/2 1367/135/2 1381/205/2 1321/205/2
f 1209/24/127 1374/95/127 1380/328/127 1320/327/127
f 1248/24/497 1378/11/497 1379/211/497 1264/25/497
f 1210/24/497 1375/203/497 1378/11/497 1248/25/497
f 1214/24/5 1376/11/5 1372/11/5 1218/25/5
f 1810/65/5 1814/11/5 1403/11/5 1207/25/5
f 1760/329/639 1764/330/639 1376/11/639 1214/25/639
f 1351/105/640 1382/105/640 1371/203/640 1217/25/640
f 1218/24/5 1372/11/5 1370/11/5 1215/25/5
f 1215/24/5 1370/11/5 1369/11/5 1213/25/5
f 1264/24/497 1379/211/497 1367/135/497 1211/25/497
f 1320/327/127 1380/328/127 1377/11/127 1216/25/127
f 1528/331/5 1531/11/5 1366/11/5 1208/25/5
f 1321/205/2 1381/205/2 1365/135/2 1132/25/2
f 1213/24/5 1369/11/5 1375/203/5 1210/25/5
f 2004/687/2 2011/135/2 1364/105/2 1168/25/2
f 1492/332/5 1495/95/5 1397/95/5 1175/25/5
f 2005/691/127 2012/95/127 1374/95/127 1209/25/127
f 1172/307/641 1392/335/641 1396/334/641 1347/212/641
f 1185/24/100 1391/247/100 1395/236/100 1311/252/100
f 1135/307/602 1388/337/602 1394/336/602 1309/224/602
f 1806/251/5 1815/339/5 1402/338/5 1400/218/5
f 1756/219/642 1765/341/642 1390/340/642 1176/218/642
f 1347/212/643 1396/334/643 1393/342/643 1167/218/643
f 1176/24/5 1390/246/5 1391/247/5 1185/25/5
f 1309/224/602 1394/336/602 1392/335/602 1172/218/602
f 1157/343/5 1363/354/5 1496/353/5 1404/352/5 1532/351/5 1373/350/5 1152/349/5 1169/348/5 1386/347/5 1387/346/5 1383/345/5 1174/344/5
f 1996/674/100 2013/677/100 1385/241/100 1183/25/100
f 1311/252/100 1395/236/100 1384/237/100 1184/25/100
f 1995/670/96 2014/692/96 1388/355/96 1135/220/96
f 1157/357/5 1398/360/5 1397/359/5 1363/358/5
f 1174/361/5 1399/360/5 1398/362/5 1157/357/5
f 1152/363/5 1401/366/5 1400/365/5 1169/364/5
f 1169/364/5 1400/366/5 1402/368/5 1386/367/5
f 1373/369/5 1403/370/5 1401/365/5 1152/363/5
f 1532/371/5 1531/372/5 1403/370/5 1373/369/5
f 1496/373/5 1495/370/5 1366/370/5 1404/374/5
f 1383/375/5 1405/376/5 1399/362/5 1174/361/5
f 1386/367/5 1402/368/5 1406/378/5 1387/377/5
f 1387/377/5 1406/378/5 1405/376/5 1383/375/5
f 992/379/197 1407/25/197 1408/24/197 977/382/197 2360/381/197 2359/380/197
f 977/382/12 1408/25/12 1409/24/12 997/386/12 2373/385/12 2372/384/12 2371/383/12
f 2015/693/197 1982/657/197 1407/25/197 992/379/197
f 2016/694/12 1983/695/12 1411/7/12 998/389/12
f 1424/76/644 1425/77/644 1422/47/644 1421/46/644
f 1498/391/645 1432/77/645 1431/47/645 1497/392/645
f 1566/393/646 1412/77/646 1331/47/646 1567/394/646
f 1423/76/647 1428/77/647 1329/47/647 1328/46/647
f 2017/696/648 1418/77/648 1417/47/648 2018/697/648
f 1430/76/649 1422/77/649 1425/47/649 1443/46/649
f 1463/76/650 1436/77/650 1435/47/650 1444/46/650
f 1447/76/651 1427/77/651 1426/47/651 1446/46/651
f 1448/76/652 1431/77/652 1432/47/652 1449/46/652
f 1451/76/653 1434/77/653 1433/47/653 1450/46/653
f 1452/76/654 1435/77/654 1436/47/654 1453/46/654
f 1455/76/655 1438/77/655 1437/47/655 1454/46/655
f 1817/397/656 1816/122/656 1439/47/656 1456/46/656
f 1534/398/657 1533/120/657 1441/47/657 1458/46/657
f 1454/76/658 1437/77/658 1442/47/658 1459/46/658
f 1446/76/659 1426/77/659 1440/47/659 1457/46/659
f 1458/76/660 1441/77/660 1431/47/660 1448/46/660
f 1450/76/661 1433/77/661 1438/47/661 1455/46/661
f 1459/76/662 1442/77/662 1435/47/662 1452/46/662
f 1414/76/5 1413/77/5 1462/47/5 1461/46/5
f 1106/25/663 1772/25/663 1776/24/663 1108/24/663
f 1429/76/664 1463/77/664 1444/47/664 1335/46/664
f 1428/76/665 1429/77/665 1335/47/665 1329/46/665
f 1412/76/221 1423/77/221 1328/47/221 1331/46/221
f 1415/76/666 1424/77/666 1421/47/666 1416/46/666
f 1427/76/667 1430/77/667 1443/47/667 1426/46/667
f 1485/399/668 1497/400/668 1431/47/668 1032/46/668
f 1058/76/669 1447/77/669 1446/47/669 1057/46/669
f 1251/76/670 1429/77/670 1428/47/670 1026/46/670
f 1059/76/671 1448/77/671 1449/47/671 1060/46/671
f 1151/46/1 1414/47/1 1434/77/1 1034/76/1
f 1178/76/48 1461/77/48 1462/47/48 1100/46/48
f 1026/76/672 1428/77/672 1423/47/672 1275/46/672
f 1062/76/673 1451/77/673 1450/47/673 1061/46/673
f 1266/76/674 1421/77/674 1422/47/674 1030/46/674
f 1063/76/675 1452/77/675 1453/47/675 1064/46/675
f 1338/76/676 1430/77/676 1427/47/676 1022/46/676
f 1030/76/677 1422/77/677 1430/47/677 1338/46/677
f 1066/76/678 1455/77/678 1454/47/678 1065/46/678
f 1564/303/679 1567/304/679 1331/47/679 996/46/679
f 1800/401/680 1817/402/680 1456/47/680 1067/46/680
f 1983/698/48 2018/699/48 1417/47/48 1411/46/48
f 1523/405/681 1534/406/681 1458/47/681 1069/46/681
f 1021/76/682 1426/77/682 1443/47/682 1341/46/682
f 1065/76/683 1454/77/683 1459/47/683 1070/46/683
f 1057/76/684 1446/77/684 1457/47/684 1068/46/684
f 1069/76/685 1458/77/685 1448/47/685 1059/46/685
f 1061/76/686 1450/77/686 1455/47/686 1066/46/686
f 1027/76/687 1436/77/687 1463/47/687 1235/46/687
f 1070/76/688 1459/77/688 1452/47/688 1063/46/688
f 1022/76/689 1427/77/689 1447/47/689 1058/46/689
f 1275/76/135 1423/77/135 1412/47/135 961/46/135
f 1116/407/690 1464/410/690 1465/409/690 1078/408/690
f 1091/411/691 1467/413/691 1466/410/691 1089/412/691
f 1078/408/692 1465/415/692 1468/413/692 1138/414/692
f 1512/416/693 1507/417/693 1464/409/693 1116/407/693
f 1470/418/694 1133/413/694 1469/410/694 1243/419/694
f 1138/414/695 1468/413/695 1133/410/695 1470/418/695
f 1241/420/696 1471/413/696 1467/410/696 1091/411/696
f 1472/421/697 1240/415/697 1242/413/697 1473/422/697
f 1473/422/698 1242/415/698 1471/413/698 1241/420/698
f 1243/419/699 1469/410/699 1240/409/699 1472/421/699
f 1078/423/700 1138/433/700 1470/432/700 1243/431/700 1472/430/700 1473/429/700 1241/428/700 1091/427/700 1089/426/700 1512/425/700 1116/424/700
f 1114/434/701 1474/410/701 1073/409/701 1475/435/701
f 1568/436/258 1565/438/258 1476/410/258 1083/437/258
f 1475/435/701 1073/415/701 1478/413/701 1131/439/701
f 1083/437/702 1476/410/702 1474/409/702 1114/434/702
f 2019/700/703 1987/701/703 1130/410/703 1479/441/703
f 1108/76/704 1445/77/704 1497/400/704 1485/399/704
f 1460/76/705 1498/391/705 1497/392/705 1445/46/705
f 1363/358/5 1397/359/5 1495/370/5 1496/373/5
f 1208/24/5 1366/11/5 1495/95/5 1492/332/5
f 1110/24/1 1487/81/1 1494/1/1 1299/182/1
f 1136/24/5 1227/7/5 1493/296/5 1491/124/5
f 1227/274/5 1208/277/5 1492/292/5 1493/291/5
f 1109/443/551 1124/444/551 1490/199/551 1486/197/551
f 1504/445/535 1112/444/535 1489/145/535 1513/142/535
f 1112/24/706 1105/7/706 1482/104/706 1489/137/706
f 1080/24/501 1136/7/501 1491/124/501 1486/123/501
f 1106/24/707 1483/116/707 1484/103/707 1107/25/707
f 1108/24/708 1485/115/708 1483/116/708 1106/25/708
f 1107/24/709 1484/103/709 1482/104/709 1105/25/709
f 1104/24/1 1481/78/1 1487/81/1 1110/25/1
f 1104/24/1 1103/7/1 1480/79/1 1481/78/1
f 1033/76/710 1432/77/710 1498/75/710 1488/74/710
f 1299/182/1 1494/1/1 1488/2/1 1111/25/1
f 1124/443/711 1504/445/711 1513/142/711 1490/199/711
f 1089/412/712 1466/410/712 1507/417/712 1512/416/712
f 1506/146/713 1548/149/713 1549/148/713 1115/147/713
f 1113/24/714 1505/310/714 1539/157/714 1538/192/714
f 1107/25/273 1774/25/273 1772/24/273 1106/24/273
f 1509/446/274 1596/446/274 1592/447/274 1586/447/274
f 2022/702/715 2024/703/715 1543/450/715 1499/449/715
f 1300/452/716 1546/453/716 1542/450/716 1118/449/716
f 1803/195/717 1819/454/717 1550/148/717 1121/147/717
f 1344/146/718 1511/149/718 1505/148/718 1113/147/718
f 1464/24/719 1507/150/719 1502/151/719 1122/25/719
f 1526/146/720 1535/149/720 1506/148/720 1115/147/720
f 1535/455/721 1559/455/721 1554/143/721 1508/143/721
f 1526/456/722 1556/456/722 1559/455/722 1535/455/722
f 1067/76/723 1456/77/723 1534/406/723 1523/405/723
f 1456/76/724 1439/77/724 1533/120/724 1534/398/724
f 1404/374/5 1366/370/5 1531/372/5 1532/371/5
f 1207/24/5 1403/11/5 1531/11/5 1528/331/5
f 986/24/28 1283/6/28 1530/6/28 1518/54/28
f 1137/24/5 1219/7/5 1529/86/5 1527/216/5
f 1219/274/5 1207/277/5 1528/287/5 1529/286/5
f 1076/24/501 1137/7/501 1527/216/501 1524/215/501
f 1080/443/551 1117/444/551 1526/456/551 1524/457/551
f 1508/143/535 1092/444/535 1525/458/535 1535/455/535
f 1092/24/725 1031/7/725 1520/107/725 1525/136/725
f 1048/76/726 1441/77/726 1533/120/726 1521/119/726
f 1048/24/727 1521/82/727 1522/106/727 1047/25/727
f 1047/24/728 1522/106/728 1520/107/728 1031/25/728
f 1006/24/1 1016/7/1 1517/83/1 1519/56/1
f 1283/6/28 1067/7/28 1523/86/28 1530/6/28
f 968/24/1 1515/82/1 1517/83/1 1016/25/1
f 1012/24/5 1514/57/5 1516/53/5 1000/25/5
f 1006/24/1 1519/56/1 1514/57/1 1012/25/1
f 1000/24/5 1516/53/5 1518/54/5 980/25/5
f 2021/704/79 1986/703/79 1537/450/79 1118/449/79
f 1118/452/729 1537/453/729 1538/450/729 1300/449/729
f 1300/452/730 1538/453/730 1539/450/730 1510/449/730
f 1510/452/731 1539/453/731 1540/450/731 1499/449/731
f 2022/702/538 2020/705/538 1541/450/538 1500/449/538
f 1546/462/732 1547/465/732 1543/464/732 1542/463/732
f 2023/706/733 2024/707/733 1545/464/733 1544/463/733
f 1510/452/734 1547/453/734 1546/450/734 1300/449/734
f 2021/704/295 2023/705/295 1544/450/295 1120/449/295
f 1499/452/735 1543/453/735 1547/450/735 1510/449/735
f 1550/462/736 1552/465/736 1553/464/736 1551/463/736
f 1819/468/737 1820/469/737 1552/464/737 1550/463/737
f 1344/146/738 1551/149/738 1553/148/738 1511/147/738
f 1121/146/739 1550/149/739 1551/148/739 1344/147/739
f 1511/146/740 1553/149/740 1552/148/740 1501/147/740
f 1818/152/741 1820/470/741 1548/148/741 1506/147/741
f 1557/462/711 1558/465/711 1554/464/711 1555/463/711
f 1555/462/711 1554/465/711 1559/464/711 1556/463/711
f 1513/142/742 1558/142/742 1557/199/742 1490/199/742
f 1508/143/721 1554/143/721 1558/142/721 1513/142/721
f 1490/199/743 1557/199/743 1555/144/743 1117/144/743
f 1117/444/743 1555/444/743 1556/456/743 1526/456/743
f 1085/471/258 2500/413/258 1565/438/258 1568/436/258
f 999/76/744 1419/77/744 1567/304/744 1564/303/744
f 1420/76/745 1566/393/745 1567/394/745 1419/46/745
f 961/76/135 1412/77/135 1566/304/135 1561/303/135
f 2500/24/58 2497/7/58 1560/12/58 1565/32/58
f 2495/24/2 1562/11/2 1563/11/2 2494/25/2
f 1564/478/167 1572/481/167 1570/480/167 999/479/167
f 2494/24/2 1563/11/2 1560/12/2 2497/25/2
f 1570/478/13 1572/481/13 1571/480/13 1569/479/13
f 1562/478/5 1571/481/5 1572/480/5 1564/479/5
f 2495/478/168 1569/481/168 1571/480/168 1562/479/168
f 1101/482/746 1573/24/746 1574/7/746 1582/483/746
f 1123/484/530 1575/3/530 1573/25/530 1101/482/530
f 1582/483/5 1574/7/5 1576/3/5 1584/485/5
f 1577/486/530 1179/24/530 1578/7/530 1180/487/530
f 1584/485/747 1576/3/747 1179/25/747 1577/486/747
f 1587/488/748 1579/160/748 1575/25/748 1123/484/748
f 1180/487/749 1578/24/749 1580/159/749 1588/489/749
f 1588/489/750 1580/159/750 1579/160/750 1587/488/750
f 1581/490/751 1101/492/751 1582/491/751 1143/190/751
f 1583/493/752 1123/494/752 1101/492/752 1581/490/752
f 1143/190/753 1582/491/753 1584/495/753 1181/189/753
f 1585/257/754 1577/497/754 1180/496/754 1586/447/754
f 1181/189/755 1584/495/755 1577/497/755 1585/257/755
f 1503/498/756 1587/499/756 1123/494/756 1583/493/756
f 1586/447/757 1180/496/757 1588/500/757 1509/446/757
f 1509/446/758 1588/500/758 1587/499/758 1503/498/758
f 1589/501/759 1592/508/759 1596/507/759 1595/506/759 1591/505/759 1590/504/759 1593/503/759 1594/502/759
f 1143/190/760 1593/190/760 1590/490/760 1581/490/760
f 1503/498/761 1595/498/761 1596/446/761 1509/446/761
f 1583/493/762 1591/493/762 1595/498/762 1503/498/762
f 1586/447/763 1592/447/763 1589/257/763 1585/257/763
f 1581/490/764 1590/490/764 1591/493/764 1583/493/764
f 1502/151/719 1580/159/719 1578/24/719 1122/25/719
f 1434/77/765 1414/47/765 1461/46/765 1433/47/765
f 1139/25/5 1079/25/5 1179/25/5 1576/24/5
f 1050/708/5 1845/708/5 1177/708/5 1049/708/5
f 1090/25/536 1844/24/536 1580/159/536 1502/151/536
f 1037/708/5 1178/708/5 1845/708/5 1050/708/5
f 1036/3/532 987/25/532 1844/24/532 1090/25/532
f 1122/25/530 1578/24/530 1179/24/530 1079/25/530
f 1433/47/766 1461/46/766 1178/76/766 1037/46/766
f 1049/3/5 1177/25/5 987/25/5 1036/3/5
f 1600/545/7 1601/556/7 1602/555/7 1603/554/7 1604/553/7 1605/552/7 1606/551/7 1607/550/7 1608/549/7 1609/548/7 1610/547/7 1599/546/7
f 1616/557/767 1664/560/767 1665/559/767 1617/558/767
f 1603/561/364 1627/564/364 1628/563/364 1604/562/364
f 1610/561/365 1634/564/365 1624/563/365 1599/562/365
f 1600/561/366 1623/564/366 1625/563/366 1601/562/366
f 1607/561/367 1631/564/367 1632/563/367 1608/562/367
f 1604/561/368 1628/564/368 1629/563/368 1605/562/368
f 1601/561/369 1625/564/369 1626/563/369 1602/562/369
f 1608/561/370 1632/564/370 1633/563/370 1609/562/370
f 1605/561/371 1629/564/371 1630/563/371 1606/562/371
f 1602/561/372 1626/564/372 1627/563/372 1603/562/372
f 1609/561/373 1633/564/373 1634/563/373 1610/562/373
f 1599/561/374 1624/564/374 1623/563/374 1600/562/374
f 1606/561/375 1630/564/375 1631/563/375 1607/562/375
f 1635/561/5 1623/564/5 1624/563/5 1636/562/5
f 1637/561/5 1625/564/5 1623/563/5 1635/562/5
f 1638/561/5 1626/564/5 1625/563/5 1637/562/5
f 1639/561/5 1627/564/5 1626/563/5 1638/562/5
f 1640/561/5 1628/564/5 1627/563/5 1639/562/5
f 1641/561/5 1629/564/5 1628/563/5 1640/562/5
f 1642/561/5 1630/564/5 1629/563/5 1641/562/5
f 1643/561/5 1631/564/5 1630/563/5 1642/562/5
f 1644/561/5 1632/564/5 1631/563/5 1643/562/5
f 1645/561/5 1633/564/5 1632/563/5 1644/562/5
f 1646/561/5 1634/564/5 1633/563/5 1645/562/5
f 1636/561/5 1624/564/5 1634/563/5 1646/562/5
f 1647/561/768 1635/564/768 1636/563/768 1648/562/768
f 1649/561/769 1637/564/769 1635/563/769 1647/562/769
f 1650/561/770 1638/564/770 1637/563/770 1649/562/770
f 1651/561/771 1639/564/771 1638/563/771 1650/562/771
f 1652/561/772 1640/564/772 1639/563/772 1651/562/772
f 1653/561/773 1641/564/773 1640/563/773 1652/562/773
f 1654/561/774 1642/564/774 1641/563/774 1653/562/774
f 1655/561/775 1643/564/775 1642/563/775 1654/562/775
f 1656/561/776 1644/564/776 1643/563/776 1655/562/776
f 1657/561/777 1645/564/777 1644/563/777 1656/562/777
f 1658/561/778 1646/564/778 1645/563/778 1657/562/778
f 1648/561/779 1636/564/779 1646/563/779 1658/562/779
f 1612/557/5 1647/560/5 1648/559/5 1611/558/5
f 1613/557/5 1649/560/5 1647/559/5 1612/558/5
f 1614/557/5 1650/560/5 1649/559/5 1613/558/5
f 1615/557/5 1651/560/5 1650/559/5 1614/558/5
f 1616/557/5 1652/560/5 1651/559/5 1615/558/5
f 1617/557/5 1653/560/5 1652/559/5 1616/558/5
f 1618/557/5 1654/560/5 1653/559/5 1617/558/5
f 1619/557/5 1655/560/5 1654/559/5 1618/558/5
f 1620/557/5 1656/560/5 1655/559/5 1619/558/5
f 1621/557/5 1657/560/5 1656/559/5 1620/558/5
f 1622/557/5 1658/560/5 1657/559/5 1621/558/5
f 1611/557/5 1648/560/5 1658/559/5 1622/558/5
f 1660/565/5 1659/576/5 1670/575/5 1669/574/5 1668/573/5 1667/572/5 1666/571/5 1665/570/5 1664/569/5 1663/568/5 1662/567/5 1661/566/5
f 1613/577/780 1661/580/780 1662/579/780 1614/578/780
f 1620/557/781 1668/560/781 1669/559/781 1621/558/781
f 1617/577/782 1665/580/782 1666/579/782 1618/578/782
f 1614/557/783 1662/560/783 1663/559/783 1615/558/783
f 1621/577/784 1669/580/784 1670/579/784 1622/578/784
f 1611/577/785 1659/580/785 1660/579/785 1612/578/785
f 1618/557/786 1666/560/786 1667/559/786 1619/558/786
f 1615/577/787 1663/580/787 1664/579/787 1616/578/787
f 1622/557/788 1670/560/788 1659/559/788 1611/558/788
f 1612/557/789 1660/560/789 1661/559/789 1613/558/789
f 1619/577/790 1667/580/790 1668/579/790 1620/578/790
f 1672/545/7 1671/546/7 1682/547/7 1681/548/7 1680/549/7 1679/550/7 1678/551/7 1677/552/7 1676/553/7 1675/554/7 1674/555/7 1673/556/7
f 1688/557/791 1689/558/791 1737/559/791 1736/560/791
f 1675/561/366 1676/562/366 1700/563/366 1699/564/366
f 1682/561/371 1671/562/371 1696/563/371 1706/564/371
f 1672/561/364 1673/562/364 1697/563/364 1695/564/364
f 1679/561/370 1680/562/370 1704/563/370 1703/564/370
f 1676/561/374 1677/562/374 1701/563/374 1700/564/374
f 1673/561/372 1674/562/372 1698/563/372 1697/564/372
f 1680/561/367 1681/562/367 1705/563/367 1704/564/367
f 1677/561/365 1678/562/365 1702/563/365 1701/564/365
f 1674/561/369 1675/562/369 1699/563/369 1698/564/369
f 1681/561/375 1682/562/375 1706/563/375 1705/564/375
f 1671/561/368 1672/562/368 1695/563/368 1696/564/368
f 1678/561/373 1679/562/373 1703/563/373 1702/564/373
f 1707/561/5 1708/562/5 1696/563/5 1695/564/5
f 1709/561/5 1707/562/5 1695/563/5 1697/564/5
f 1710/561/5 1709/562/5 1697/563/5 1698/564/5
f 1711/561/5 1710/562/5 1698/563/5 1699/564/5
f 1712/561/5 1711/562/5 1699/563/5 1700/564/5
f 1713/561/5 1712/562/5 1700/563/5 1701/564/5
f 1714/561/5 1713/562/5 1701/563/5 1702/564/5
f 1715/561/5 1714/562/5 1702/563/5 1703/564/5
f 1716/561/5 1715/562/5 1703/563/5 1704/564/5
f 1717/561/5 1716/562/5 1704/563/5 1705/564/5
f 1718/561/5 1717/562/5 1705/563/5 1706/564/5
f 1708/561/5 1718/562/5 1706/563/5 1696/564/5
f 1719/561/773 1720/562/773 1708/563/773 1707/564/773
f 1721/561/772 1719/562/772 1707/563/772 1709/564/772
f 1722/561/771 1721/562/771 1709/563/771 1710/564/771
f 1723/561/770 1722/562/770 1710/563/770 1711/564/770
f 1724/561/769 1723/562/769 1711/563/769 1712/564/769
f 1725/561/768 1724/562/768 1712/563/768 1713/564/768
f 1726/561/779 1725/562/779 1713/563/779 1714/564/779
f 1727/561/778 1726/562/778 1714/563/778 1715/564/778
f 1728/561/777 1727/562/777 1715/563/777 1716/564/777
f 1729/561/776 1728/562/776 1716/563/776 1717/564/776
f 1730/561/775 1729/562/775 1717/563/775 1718/564/775
f 1720/561/774 1730/562/774 1718/563/774 1708/564/774
f 1684/557/5 1683/558/5 1720/559/5 1719/560/5
f 1685/557/5 1684/558/5 1719/559/5 1721/560/5
f 1686/557/5 1685/558/5 1721/559/5 1722/560/5
f 1687/557/5 1686/558/5 1722/559/5 1723/560/5
f 1688/557/5 1687/558/5 1723/559/5 1724/560/5
f 1689/557/5 1688/558/5 1724/559/5 1725/560/5
f 1690/557/5 1689/558/5 1725/559/5 1726/560/5
f 1691/557/5 1690/558/5 1726/559/5 1727/560/5
f 1692/557/5 1691/558/5 1727/559/5 1728/560/5
f 1693/557/5 1692/558/5 1728/559/5 1729/560/5
f 1694/557/5 1693/558/5 1729/559/5 1730/560/5
f 1683/557/5 1694/558/5 1730/559/5 1720/560/5
f 1732/565/5 1733/566/5 1734/567/5 1735/568/5 1736/569/5 1737/570/5 1738/571/5 1739/572/5 1740/573/5 1741/574/5 1742/575/5 1731/576/5
f 1685/577/783 1686/578/783 1734/579/783 1733/580/783
f 1692/557/792 1693/558/792 1741/559/792 1740/560/792
f 1689/577/793 1690/578/793 1738/579/793 1737/580/793
f 1686/557/780 1687/558/780 1735/559/780 1734/560/780
f 1693/577/786 1694/578/786 1742/579/786 1741/580/786
f 1683/577/794 1684/578/794 1732/579/794 1731/580/794
f 1690/557/784 1691/558/784 1739/559/784 1738/560/784
f 1687/577/789 1688/578/789 1736/579/789 1735/580/789
f 1694/557/795 1683/558/795 1731/559/795 1742/560/795
f 1684/557/787 1685/558/787 1733/559/787 1732/560/787
f 1691/577/796 1692/578/796 1740/579/796 1739/580/796
f 1575/24/797 1579/160/797 1768/582/797 1753/581/797
f 1413/76/5 1766/584/5 1767/583/5 1462/46/5
f 1399/307/798 1405/585/798 1765/341/798 1756/219/798
f 1175/24/799 1397/95/799 1764/330/799 1760/329/799
f 1094/24/1 1743/187/1 1763/182/1 1298/182/1
f 1204/24/800 1317/269/800 1762/268/800 1758/186/800
f 1142/24/801 1224/7/801 1761/300/801 1754/92/801
f 1224/274/801 1175/277/801 1760/281/801 1761/280/801
f 1405/231/802 1200/7/802 1759/270/802 1765/272/802
f 2001/676/122 2025/681/122 1757/185/122 1202/25/122
f 1317/269/803 1206/7/803 1759/270/803 1762/268/803
f 1397/309/804 1398/308/804 1755/217/804 1764/225/804
f 1398/307/805 1399/308/805 1756/219/805 1755/217/805
f 1573/24/806 1575/7/806 1753/581/806 1752/91/806
f 1298/182/1 1763/182/1 1744/185/1 1097/25/1
f 1095/24/1 1093/7/1 1746/188/1 1747/186/1
f 1095/24/1 1747/186/1 1743/187/1 1094/25/1
f 1099/24/5 1750/183/5 1748/184/5 1096/25/5
f 1100/24/5 1751/587/5 1749/586/5 1846/25/5
f 1846/24/5 1749/586/5 1750/183/5 1099/25/5
f 1843/24/530 1096/7/530 1748/184/530 1745/588/530
f 1579/160/807 1843/7/807 1745/588/807 1768/582/807
f 1100/76/48 1462/77/48 1767/590/48 1751/589/48
f 1109/24/808 1142/7/808 1754/92/808 1752/91/808
f 1767/590/34 1782/590/34 1775/589/34 1751/589/34
f 1775/589/809 1782/590/809 1783/47/809 1776/46/809
f 1790/582/810 1787/588/810 1780/3/810 1779/591/810
f 1787/588/811 1769/184/811 1770/3/811 1780/25/811
f 1771/586/5 1772/7/5 1774/3/5 1773/183/5
f 1775/587/812 1776/7/812 1772/3/812 1771/586/812
f 1773/183/813 1774/7/813 1770/3/813 1769/184/813
f 1777/91/814 1788/581/814 1781/3/814 1778/25/814
f 1789/584/815 1784/77/815 1783/47/815 1782/583/815
f 1788/581/816 1790/582/816 1779/591/816 1781/25/816
f 1785/76/817 1784/77/817 1789/48/817 1786/45/817
f 1109/443/818 1778/443/818 1781/444/818 1124/444/818
f 1751/587/819 1775/587/819 1771/586/819 1749/586/819
f 1124/443/820 1781/443/820 1779/445/820 1504/445/820
f 1749/586/428 1771/586/428 1773/183/428 1750/183/428
f 1768/582/821 1790/582/821 1788/581/821 1753/581/821
f 1748/184/822 1769/184/822 1787/588/822 1745/588/822
f 1504/445/823 1779/445/823 1780/444/823 1112/444/823
f 1753/581/824 1788/581/824 1777/91/824 1752/91/824
f 1108/76/2 1776/76/2 1783/77/2 1445/77/2
f 1766/584/825 1789/584/825 1782/583/825 1767/583/825
f 1745/588/826 1787/588/826 1790/582/826 1768/582/826
f 1112/24/827 1780/24/827 1770/7/827 1105/7/827
f 1501/146/828 1552/149/828 1820/470/828 1818/152/828
f 1549/462/737 1548/465/737 1820/469/737 1819/468/737
f 1115/146/829 1549/149/829 1819/454/829 1803/195/829
f 1068/76/830 1457/77/830 1817/402/830 1800/401/830
f 1457/76/831 1440/77/831 1816/122/831 1817/397/831
f 1167/307/5 1393/342/5 1815/339/5 1806/251/5
f 1217/24/5 1371/203/5 1814/11/5 1810/65/5
f 975/24/29 1282/80/29 1813/6/29 1795/44/29
f 1188/24/600 1315/267/600 1812/264/600 1808/305/600
f 1134/24/5 1232/7/5 1811/87/5 1804/66/5
f 1232/274/5 1217/277/5 1810/279/5 1811/278/5
f 1393/249/832 1194/7/832 1809/266/832 1815/273/832
f 1315/267/574 1198/7/574 1809/266/574 1812/264/574
f 1999/674/114 2026/680/114 1807/261/114 1186/25/114
f 1150/307/5 1167/308/5 1806/251/5 1805/226/5
f 1371/213/5 1150/308/5 1805/226/5 1814/208/5
f 1076/146/833 1115/149/833 1803/196/833 1801/195/833
f 1087/148/834 1824/148/834 1826/147/834 1506/147/834
f 1023/3/835 1823/3/835 1824/25/835 1087/25/835
f 1054/76/836 1439/77/836 1816/122/836 1798/121/836
f 1802/134/837 1825/134/837 1828/98/837 1797/98/837
f 1798/121/446 1829/121/446 1822/76/446 1054/76/446
f 1009/24/1 1020/7/1 1794/85/1 1796/15/1
f 1282/80/29 1068/7/29 1800/87/29 1813/6/29
f 984/24/1 1791/84/1 1794/85/1 1020/25/1
f 985/24/5 1792/16/5 1793/43/5 1003/25/5
f 1077/24/501 1134/7/501 1804/66/501 1801/65/501
f 1003/24/5 1793/43/5 1795/44/5 986/25/5
f 1009/24/1 1796/15/1 1792/16/1 985/25/1
f 1826/146/838 1824/149/838 1825/153/838 1827/152/838
f 1824/24/839 1823/7/839 1828/98/839 1825/134/839
f 1822/24/5 1829/84/5 1830/97/5 1821/25/5
f 1821/24/840 1830/97/840 1828/98/840 1823/25/840
f 1506/147/743 1826/147/743 1827/152/743 1818/152/743
f 1799/97/450 1830/97/450 1829/84/450 1798/84/450
f 1818/152/841 1827/152/841 1825/153/841 1802/153/841
f 1055/7/34 1821/7/34 1823/3/34 1023/3/34
f 1797/98/842 1828/98/842 1830/97/842 1799/97/842
f 1054/7/34 1822/7/34 1821/3/34 1055/3/34
f 1838/592/530 1839/597/530 1840/596/530 1841/595/530 1842/594/530 1837/593/530
f 1092/25/843 1489/137/843 1833/138/843 1832/599/843 1831/598/843 1836/141/843
f 1831/600/844 1837/603/844 1842/602/844 1836/601/844
f 1835/600/845 1841/603/845 1840/602/845 1834/601/845
f 1833/600/846 1839/603/846 1838/602/846 1832/601/846
f 1836/600/847 1842/603/847 1841/602/847 1835/601/847
f 1834/600/848 1840/603/848 1839/602/848 1833/601/848
f 1832/600/849 1838/603/849 1837/602/849 1831/601/849
f 1851/604/850 1843/25/850 1844/24/850 1852/605/850
f 1853/606/5 1845/24/5 1846/7/5 1854/607/5
f 1847/608/530 1096/3/530 1843/25/530 1851/604/530
f 1854/607/5 1846/7/5 1099/3/5 1848/609/5
f 1848/609/851 1099/7/851 1096/3/851 1847/608/851
f 1849/610/852 987/25/852 1177/24/852 1850/611/852
f 1850/611/5 1177/25/5 1845/24/5 1853/606/5
f 1852/605/853 1844/24/853 987/7/853 1849/610/853
f 1855/612/854 1871/615/854 1867/614/854 1102/613/854
f 1848/612/463 1864/615/463 1862/614/463 1854/613/463
f 983/612/464 1869/615/464 1870/614/464 1098/613/464
f 1851/612/855 1859/615/855 1863/614/855 1847/613/855
f 1102/612/845 1867/615/845 1868/614/845 1148/613/845
f 1854/612/466 1862/615/466 1861/614/466 1853/613/466
f 1148/612/856 1868/615/856 1873/614/856 1857/613/856
f 1852/612/857 1860/615/857 1859/614/857 1851/613/857
f 1867/612/858 1859/615/858 1860/614/858 1868/613/858
f 1869/612/5 1861/615/5 1862/614/5 1870/613/5
f 1871/612/858 1863/615/858 1859/614/858 1867/613/858
f 1870/612/5 1862/615/5 1864/614/5 1872/613/5
f 1872/612/859 1864/615/859 1863/614/859 1871/613/859
f 1873/612/860 1865/615/860 1866/614/860 1874/613/860
f 1874/612/5 1866/615/5 1861/614/5 1869/613/5
f 1868/612/858 1860/615/858 1865/614/858 1873/613/858
f 1847/612/485 1863/615/485 1864/614/485 1848/613/485
f 1098/612/473 1870/615/473 1872/614/473 1856/613/473
f 1850/612/861 1866/615/861 1865/614/861 1849/613/861
f 1856/612/487 1872/615/487 1871/614/487 1855/613/487
f 1853/612/862 1861/615/862 1866/614/862 1850/613/862
f 1857/612/863 1873/615/863 1874/614/863 1858/613/863
f 1849/612/864 1865/615/864 1860/614/864 1852/613/864
f 1858/612/865 1874/615/865 1869/614/865 983/613/865
f 1889/616/866 1888/623/866 1887/622/866 1886/621/866 1885/620/866 1884/619/866 1883/618/866 1890/617/866
f 1857/169/867 1855/163/867 1880/164/867 1881/626/867 1882/625/867 1875/624/867 1876/168/867
f 1878/627/868 1886/630/868 1887/629/868 1879/628/868
f 1876/627/869 1884/630/869 1885/629/869 1877/628/869
f 1881/627/870 1889/630/870 1890/629/870 1882/628/870
f 1879/627/472 1887/630/472 1888/629/472 1880/628/472
f 1877/627/871 1885/630/871 1886/629/871 1878/628/871
f 1875/627/475 1883/630/475 1884/629/475 1876/628/475
f 1882/627/872 1890/630/872 1883/629/872 1875/628/872
f 1880/627/873 1888/630/873 1889/629/873 1881/628/873
f 1052/631/5 1892/7/5 1891/3/5 1897/632/5
f 1897/632/5 1891/3/5 1893/25/5 1899/633/5
f 1900/634/5 1894/7/5 1892/3/5 1052/631/5
f 1901/635/5 1895/24/5 1894/7/5 1900/634/5
f 1899/633/5 1893/25/5 1237/24/5 1896/636/5
f 1896/636/5 1237/25/5 1895/24/5 1901/635/5
f 1052/637/34 1904/640/34 1906/639/34 1900/638/34
f 1898/637/2 1910/640/2 1909/639/2 1051/638/2
f 1901/637/2 1907/640/2 1908/639/2 1896/638/2
f 1239/637/490 1913/640/490 1912/639/490 1040/638/490
f 1899/637/48 1905/640/48 1903/639/48 1897/638/48
f 1896/637/2 1908/640/2 1905/639/2 1899/638/2
f 1910/637/5 1904/640/5 1903/639/5 1909/638/5
f 1909/637/5 1903/640/5 1905/639/5 1911/638/5
f 1912/637/5 1906/640/5 1904/639/5 1910/638/5
f 1913/637/5 1907/640/5 1906/639/5 1912/638/5
f 1911/637/5 1905/640/5 1908/639/5 1914/638/5
f 1914/637/5 1908/640/5 1907/639/5 1913/638/5
f 1238/637/34 1911/640/34 1914/639/34 1902/638/34
f 1051/637/1 1909/640/1 1911/639/1 1238/638/1
f 1900/637/491 1906/640/491 1907/639/491 1901/638/491
f 1902/637/34 1914/640/34 1913/639/34 1239/638/34
f 1897/637/34 1903/640/34 1904/639/34 1052/638/34
f 1040/637/2 1912/640/2 1910/639/2 1898/638/2
f 1051/114/5 1238/108/5 1917/109/5 1916/643/5 1915/642/5 1922/641/5 1921/113/5
f 1922/644/34 1930/647/34 1929/646/34 1921/645/34
f 1924/648/5 1925/655/5 1926/654/5 1927/653/5 1928/652/5 1929/651/5 1930/650/5 1923/649/5
f 1920/644/1 1928/647/1 1927/646/1 1919/645/1
f 1918/644/492 1926/647/492 1925/646/492 1917/645/492
f 1916/644/48 1924/647/48 1923/646/48 1915/645/48
f 1915/644/493 1923/647/493 1930/646/493 1922/645/493
f 1921/644/494 1929/647/494 1928/646/494 1920/645/494
f 1919/644/495 1927/647/495 1926/646/495 1918/645/495
f 1917/644/496 1925/647/496 1924/646/496 1916/645/496
f 196/24/114 1951/232/114 1978/260/114 834/305/114
f 207/24/122 1953/262/122 1977/271/122 786/186/122
f 140/452/295 1973/459/295 1975/461/295 522/453/295
f 522/462/874 1975/466/874 1976/467/874 523/465/874
f 483/452/69 1974/448/69 1972/461/69 521/453/69
f 1120/452/79 1973/459/79 1938/460/79 1536/453/79
f 1500/452/275 1974/448/275 1976/451/275 1545/453/275
f 147/439/260 1971/440/260 1939/442/260 464/413/260
f 402/76/48 1935/403/48 1970/404/48 406/77/48
f 407/76/202 406/46/202 1970/396/202 1969/395/202
f 26/386/12 1968/388/12 1935/390/12 402/24/12
f 1410/709/197 1967/387/197 1934/26/197 993/3/197
f 1129/710/96 1947/221/96 1966/356/96 1389/711/96
f 194/24/100 1948/232/100 1965/240/100 379/237/100
f 1212/24/127 1957/333/127 1964/95/127 1368/135/127
f 148/24/2 1956/297/2 1963/203/2 361/135/2
f 197/24/113 1949/262/113 1962/259/113 346/306/113
f 965/76/1 1931/313/1 1969/314/1 1418/77/1
f 176/24/875 1946/222/875 1961/302/875 260/7/875
f 260/24/876 1961/302/876 1960/233/876 245/7/876
f 464/24/2 1939/297/2 1959/194/2 227/7/2
f 1128/24/128 1940/88/128 1958/295/128 1229/7/128
f 1229/274/127 1958/293/127 1957/294/127 1212/277/127
f 227/274/2 1959/289/2 1956/290/2 148/277/2
f 786/186/122 1977/271/122 1954/232/122 201/7/122
f 206/24/120 1955/232/120 1953/262/120 207/7/120
f 199/24/48 1950/258/48 1951/232/48 196/7/48
f 834/305/114 1978/260/114 1949/262/114 197/7/114
f 346/306/113 1962/259/113 1952/229/113 198/7/113
f 201/24/112 1954/232/112 1950/258/112 199/7/112
f 1991/674/877 1993/674/877 2043/674/877 2041/674/877
f 379/237/100 1965/240/100 1955/232/100 206/7/100
f 1246/24/878 1165/25/878 2040/25/878 2039/24/878
f 1944/234/879 1945/232/879 2033/232/879 2032/234/879
f 1992/676/880 2008/675/880 2046/675/880 2042/676/880
f 1389/712/96 1966/227/96 1952/229/96 1191/7/96
f 161/24/881 1941/204/881 1946/222/881 176/7/881
f 970/710/87 1942/202/87 1947/221/87 1129/713/87
f 361/135/2 1963/203/2 1941/204/2 161/7/2
f 1368/667/84 1964/200/84 1942/202/84 970/713/84
f 99/24/79 1936/32/79 1938/194/79 518/7/79
f 521/158/69 1972/154/69 1937/133/69 108/7/69
f 108/24/882 1937/133/882 1932/27/882 3/7/882
f 1075/24/30 1936/32/30 1940/88/30 1128/7/30
f 2357/69/883 23/70/883 2399/71/883 2405/72/883
f 2368/714/12 12/715/12 1933/50/12 2374/49/12
f 400/24/4 3/25/4 1932/27/4 1934/26/4
f 1188/24/114 1808/305/114 2026/680/114 1999/674/114
f 1204/24/122 1758/186/122 2025/681/122 2001/676/122
f 1118/452/295 1542/453/295 2023/705/295 2021/704/295
f 1542/462/884 1543/465/884 2024/707/884 2023/706/884
f 1499/452/538 1540/453/538 2020/705/538 2022/702/538
f 1120/452/79 1536/453/79 1986/703/79 2021/704/79
f 1500/452/715 1545/453/715 2024/703/715 2022/702/715
f 1131/439/703 1478/413/703 1987/701/703 2019/700/703
f 1409/76/48 1415/77/48 2018/699/48 1983/698/48
f 1416/76/648 2017/696/648 2018/697/648 1415/46/648
f 997/386/12 1409/24/12 1983/695/12 2016/694/12
f 1410/709/197 993/3/197 1982/657/197 2015/693/197
f 1129/710/96 1389/711/96 2014/692/96 1995/670/96
f 1184/24/100 1384/237/100 2013/677/100 1996/674/100
f 1212/24/127 1368/135/127 2012/95/127 2005/691/127
f 1132/24/2 1365/135/2 2011/135/2 2004/687/2
f 1189/24/113 1348/306/113 2010/679/113 1997/676/113
f 965/76/1 1418/77/1 2017/690/1 1979/689/1
f 1164/24/885 1262/7/885 2009/688/885 1994/671/885
f 1262/24/886 1246/7/886 2008/675/886 2009/688/886
f 1478/24/2 1226/7/2 2007/666/2 1987/687/2
f 1128/24/128 1229/7/128 2006/686/128 1988/662/128
f 1229/274/127 1212/277/127 2005/685/127 2006/684/127
f 1226/274/2 1132/277/2 2004/683/2 2007/682/2
f 1758/186/122 1196/7/122 2002/674/122 2025/681/122
f 1203/24/120 1204/7/120 2001/676/120 2003/674/120
f 1193/24/48 1188/7/48 1999/674/48 1998/678/48
f 1808/305/114 1189/7/114 1997/676/114 2026/680/114
f 1348/306/113 1190/7/113 2000/673/113 2010/679/113
f 1196/24/112 1193/7/112 1998/678/112 2002/674/112
f 1948/232/887 194/24/887 2034/24/887 2035/232/887
f 1384/237/100 1203/7/100 2003/674/100 2013/677/100
f 1160/24/888 1161/25/888 2038/25/888 2037/24/888
f 175/25/889 174/24/889 2027/24/889 2028/25/889
f 1993/674/890 1992/676/890 2042/676/890 2043/674/890
f 1389/712/96 1191/7/96 2000/673/96 2014/672/96
f 1147/24/891 1164/7/891 1994/671/891 1989/669/891
f 970/710/87 1129/713/87 1995/670/87 1990/668/87
f 1365/135/2 1147/7/2 1989/669/2 2011/135/2
f 1368/667/84 970/713/84 1990/668/84 2012/667/84
f 1072/24/79 1537/7/79 1986/666/79 1984/661/79
f 1540/158/538 1082/7/538 1985/663/538 2020/664/538
f 1082/24/892 960/7/892 1980/658/892 1985/663/892
f 1075/24/30 1128/7/30 1988/662/30 1984/661/30
f 2373/69/893 997/70/893 2396/71/893 2395/72/893
f 2371/716/12 2379/659/12 1981/660/12 977/715/12
f 1407/24/4 1982/657/4 1980/658/4 960/25/4
f 2028/717/48 2031/718/48 2035/719/48 2034/720/48
f 2030/717/48 2032/718/48 2033/719/48 2027/720/48
f 2029/717/894 2036/718/894 2032/719/894 2030/720/894
f 2027/717/48 2033/718/48 2031/719/48 2028/720/48
f 2038/717/48 2044/718/48 2045/719/48 2041/720/48
f 2040/717/48 2037/718/48 2043/719/48 2042/720/48
f 2039/717/895 2040/718/895 2042/719/895 2046/720/895
f 2037/717/48 2038/718/48 2041/719/48 2043/720/48
f 1960/233/896 1944/234/896 2032/234/896 2036/233/896
f 177/25/897 245/24/897 2029/24/897 2030/25/897
f 1165/24/898 1160/25/898 2037/25/898 2040/24/898
f 1945/232/899 1943/232/899 2031/232/899 2033/232/899
f 1161/24/888 1184/25/888 2044/25/888 2038/24/888
f 174/25/900 177/24/900 2030/24/900 2027/25/900
f 1996/674/877 1991/674/877 2041/674/877 2045/674/877
f 245/7/901 1960/233/901 2036/233/901 2029/7/901
f 2008/675/902 1246/7/902 2039/7/902 2046/675/902
f 194/25/889 175/24/889 2028/24/889 2034/25/889
f 1184/24/887 1996/674/887 2045/674/887 2044/24/887
f 1943/232/899 1948/232/899 2035/232/899 2031/232/899
f 2061/717/903 2048/718/903 2050/719/903 2062/720/903
f 2062/717/904 2050/718/904 2052/719/904 2063/720/904
f 2063/717/905 2052/718/905 2054/719/905 2064/720/905
f 2064/717/906 2054/718/906 2056/719/906 2065/720/906
f 2065/717/907 2056/718/907 2058/719/907 2066/720/907
f 2050/721/48 2048/722/48 2060/723/48 2058/724/48 2056/725/48 2054/726/48 2052/727/48
f 2066/717/908 2058/718/908 2060/719/908 2067/720/908
f 2067/717/909 2060/718/909 2048/719/909 2061/720/909
f 2047/721/1 2049/722/1 2051/723/1 2053/724/1 2055/725/1 2057/726/1 2059/727/1
f 2073/717/910 2067/718/910 2061/719/910 2074/720/910
f 2072/717/911 2066/718/911 2067/719/911 2073/720/911
f 2071/717/912 2065/718/912 2066/719/912 2072/720/912
f 2070/717/913 2064/718/913 2065/719/913 2071/720/913
f 2069/717/914 2063/718/914 2064/719/914 2070/720/914
f 2068/717/915 2062/718/915 2063/719/915 2069/720/915
f 2074/717/916 2061/718/916 2062/719/916 2068/720/916
f 2047/717/917 2074/718/917 2068/719/917 2049/720/917
f 2049/717/918 2068/718/918 2069/719/918 2051/720/918
f 2051/717/919 2069/718/919 2070/719/919 2053/720/919
f 2053/717/920 2070/718/920 2071/719/920 2055/720/920
f 2055/717/921 2071/718/921 2072/719/921 2057/720/921
f 2057/717/922 2072/718/922 2073/719/922 2059/720/922
f 2059/717/923 2073/718/923 2074/719/923 2047/720/923
f 2089/717/903 2076/718/903 2078/719/903 2090/720/903
f 2090/717/904 2078/718/904 2080/719/904 2091/720/904
f 2091/717/905 2080/718/905 2082/719/905 2092/720/905
f 2092/717/906 2082/718/906 2084/719/906 2093/720/906
f 2093/717/907 2084/718/907 2086/719/907 2094/720/907
f 2078/721/48 2076/722/48 2088/723/48 2086/724/48 2084/725/48 2082/726/48 2080/727/48
f 2094/717/908 2086/718/908 2088/719/908 2095/720/908
f 2095/717/909 2088/718/909 2076/719/909 2089/720/909
f 2075/721/1 2077/722/1 2079/723/1 2081/724/1 2083/725/1 2085/726/1 2087/727/1
f 2101/717/910 2095/718/910 2089/719/910 2102/720/910
f 2100/717/911 2094/718/911 2095/719/911 2101/720/911
f 2099/717/912 2093/718/912 2094/719/912 2100/720/912
f 2098/717/913 2092/718/913 2093/719/913 2099/720/913
f 2097/717/914 2091/718/914 2092/719/914 2098/720/914
f 2096/717/915 2090/718/915 2091/719/915 2097/720/915
f 2102/717/916 2089/718/916 2090/719/916 2096/720/916
f 2075/717/917 2102/718/917 2096/719/917 2077/720/917
f 2077/717/918 2096/718/918 2097/719/918 2079/720/918
f 2079/717/919 2097/718/919 2098/719/919 2081/720/919
f 2081/717/920 2098/718/920 2099/719/920 2083/720/920
f 2083/717/921 2099/718/921 2100/719/921 2085/720/921
f 2085/717/922 2100/718/922 2101/719/922 2087/720/922
f 2087/717/923 2101/718/923 2102/719/923 2075/720/923
f 2110/717/924 2103/718/924 2104/719/924 2111/720/924
f 2111/717/925 2104/718/925 2105/719/925 2112/720/925
f 2112/717/926 2105/718/926 2106/719/926 2113/720/926
f 2113/717/927 2106/718/927 2107/719/927 2114/720/927
f 2114/717/928 2107/718/928 2108/719/928 2115/720/928
f 2104/721/5 2103/722/5 2109/723/5 2108/724/5 2107/725/5 2106/726/5 2105/727/5
f 2115/717/929 2108/718/929 2109/719/929 2116/720/929
f 2116/717/930 2109/718/930 2103/719/930 2110/720/930
f 2116/721/7 2110/722/7 2111/723/7 2112/724/7 2113/725/7 2114/726/7 2115/727/7
f 2124/717/924 2117/718/924 2118/719/924 2125/720/924
f 2125/717/925 2118/718/925 2119/719/925 2126/720/925
f 2126/717/926 2119/718/926 2120/719/926 2127/720/926
f 2127/717/927 2120/718/927 2121/719/927 2128/720/927
f 2128/717/928 2121/718/928 2122/719/928 2129/720/928
f 2118/721/5 2117/722/5 2123/723/5 2122/724/5 2121/725/5 2120/726/5 2119/727/5
f 2129/717/929 2122/718/929 2123/719/929 2130/720/929
f 2130/717/930 2123/718/930 2117/719/930 2124/720/930
f 2130/721/7 2124/722/7 2125/723/7 2126/724/7 2127/725/7 2128/726/7 2129/727/7
f 2138/717/924 2131/718/924 2132/719/924 2139/720/924
f 2139/717/925 2132/718/925 2133/719/925 2140/720/925
f 2140/717/926 2133/718/926 2134/719/926 2141/720/926
f 2141/717/927 2134/718/927 2135/719/927 2142/720/927
f 2142/717/928 2135/718/928 2136/719/928 2143/720/928
f 2132/721/5 2131/722/5 2137/723/5 2136/724/5 2135/725/5 2134/726/5 2133/727/5
f 2143/717/929 2136/718/929 2137/719/929 2144/720/929
f 2144/717/930 2137/718/930 2131/719/930 2138/720/930
f 2144/721/7 2138/722/7 2139/723/7 2140/724/7 2141/725/7 2142/726/7 2143/727/7
f 2152/717/924 2145/718/924 2146/719/924 2153/720/924
f 2153/717/925 2146/718/925 2147/719/925 2154/720/925
f 2154/717/926 2147/718/926 2148/719/926 2155/720/926
f 2155/717/927 2148/718/927 2149/719/927 2156/720/927
f 2156/717/928 2149/718/928 2150/719/928 2157/720/928
f 2146/721/5 2145/722/5 2151/723/5 2150/724/5 2149/725/5 2148/726/5 2147/727/5
f 2157/717/929 2150/718/929 2151/719/929 2158/720/929
f 2158/717/930 2151/718/930 2145/719/930 2152/720/930
f 2158/721/7 2152/722/7 2153/723/7 2154/724/7 2155/725/7 2156/726/7 2157/727/7
f 2166/717/924 2159/718/924 2160/719/924 2167/720/924
f 2167/728/925 2160/729/925 2161/730/925 2168/731/925
f 2168/731/926 2161/730/926 2162/732/926 2169/733/926
f 2169/717/927 2162/718/927 2163/719/927 2170/720/927
f 2170/717/928 2163/718/928 2164/719/928 2171/720/928
f 2160/721/5 2159/722/5 2165/723/5 2164/724/5 2163/725/5 2162/726/5 2161/727/5
f 2171/717/929 2164/718/929 2165/719/929 2172/720/929
f 2172/717/930 2165/718/930 2159/719/930 2166/720/930
f 2172/734/7 2166/735/7 2167/728/7 2168/731/7 2169/733/7 2170/736/7 2171/737/7
f 2180/717/924 2173/718/924 2174/719/924 2181/720/924
f 2181/717/925 2174/718/925 2175/719/925 2182/720/925
f 2182/717/926 2175/718/926 2176/719/926 2183/720/926
f 2183/717/927 2176/718/927 2177/719/927 2184/720/927
f 2184/717/928 2177/718/928 2178/719/928 2185/720/928
f 2174/721/5 2173/722/5 2179/723/5 2178/724/5 2177/725/5 2176/726/5 2175/727/5
f 2185/717/929 2178/718/929 2179/719/929 2186/720/929
f 2186/717/930 2179/718/930 2173/719/930 2180/720/930
f 2186/721/7 2180/722/7 2181/723/7 2182/724/7 2183/725/7 2184/726/7 2185/727/7
f 2194/717/924 2187/718/924 2188/719/924 2195/720/924
f 2195/717/925 2188/718/925 2189/719/925 2196/720/925
f 2196/717/926 2189/718/926 2190/719/926 2197/720/926
f 2197/717/927 2190/718/927 2191/719/927 2198/720/927
f 2198/717/928 2191/718/928 2192/719/928 2199/720/928
f 2188/721/5 2187/722/5 2193/723/5 2192/724/5 2191/725/5 2190/726/5 2189/727/5
f 2199/717/929 2192/718/929 2193/719/929 2200/720/929
f 2200/717/930 2193/718/930 2187/719/930 2194/720/930
f 2200/721/7 2194/722/7 2195/723/7 2196/724/7 2197/725/7 2198/726/7 2199/727/7
f 2208/717/931 2201/718/931 2202/719/931 2209/720/931
f 2209/717/925 2202/718/925 2203/719/925 2210/720/925
f 2210/717/926 2203/718/926 2204/719/926 2211/720/926
f 2211/717/927 2204/718/927 2205/719/927 2212/720/927
f 2212/717/928 2205/718/928 2206/719/928 2213/720/928
f 2202/721/5 2201/722/5 2207/723/5 2206/724/5 2205/725/5 2204/726/5 2203/727/5
f 2213/717/929 2206/718/929 2207/719/929 2214/720/929
f 2214/717/930 2207/718/930 2201/719/930 2208/720/930
f 2214/721/7 2208/722/7 2209/723/7 2210/724/7 2211/725/7 2212/726/7 2213/727/7
f 2222/717/924 2215/718/924 2216/719/924 2223/720/924
f 2223/717/925 2216/718/925 2217/719/925 2224/720/925
f 2224/717/926 2217/718/926 2218/719/926 2225/720/926
f 2225/717/927 2218/718/927 2219/719/927 2226/720/927
f 2226/717/928 2219/718/928 2220/719/928 2227/720/928
f 2216/721/5 2215/722/5 2221/723/5 2220/724/5 2219/725/5 2218/726/5 2217/727/5
f 2227/717/929 2220/718/929 2221/719/929 2228/720/929
f 2228/717/930 2221/718/930 2215/719/930 2222/720/930
f 2228/721/7 2222/722/7 2223/723/7 2224/724/7 2225/725/7 2226/726/7 2227/727/7
f 2236/717/931 2229/718/931 2230/719/931 2237/720/931
f 2237/717/925 2230/718/925 2231/719/925 2238/720/925
f 2238/717/926 2231/718/926 2232/719/926 2239/720/926
f 2239/717/927 2232/718/927 2233/719/927 2240/720/927
f 2240/717/928 2233/718/928 2234/719/928 2241/720/928
f 2230/721/5 2229/722/5 2235/723/5 2234/724/5 2233/725/5 2232/726/5 2231/727/5
f 2241/717/929 2234/718/929 2235/719/929 2242/720/929
f 2242/717/930 2235/718/930 2229/719/930 2236/720/930
f 2242/721/7 2236/722/7 2237/723/7 2238/724/7 2239/725/7 2240/726/7 2241/727/7
f 2250/717/924 2243/718/924 2244/719/924 2251/720/924
f 2251/717/925 2244/718/925 2245/719/925 2252/720/925
f 2252/717/926 2245/718/926 2246/719/926 2253/720/926
f 2253/717/927 2246/718/927 2247/719/927 2254/720/927
f 2254/717/928 2247/718/928 2248/719/928 2255/720/928
f 2244/721/5 2243/722/5 2249/723/5 2248/724/5 2247/725/5 2246/726/5 2245/727/5
f 2255/717/929 2248/718/929 2249/719/929 2256/720/929
f 2256/717/930 2249/718/930 2243/719/930 2250/720/930
f 2256/721/7 2250/722/7 2251/723/7 2252/724/7 2253/725/7 2254/726/7 2255/727/7
f 2264/717/924 2257/718/924 2258/719/924 2265/720/924
f 2265/717/925 2258/718/925 2259/719/925 2266/720/925
f 2266/717/926 2259/718/926 2260/719/926 2267/720/926
f 2267/717/927 2260/718/927 2261/719/927 2268/720/927
f 2268/717/928 2261/718/928 2262/719/928 2269/720/928
f 2258/721/5 2257/722/5 2263/723/5 2262/724/5 2261/725/5 2260/726/5 2259/727/5
f 2269/717/929 2262/718/929 2263/719/929 2270/720/929
f 2270/717/930 2263/718/930 2257/719/930 2264/720/930
f 2270/721/7 2264/722/7 2265/723/7 2266/724/7 2267/725/7 2268/726/7 2269/727/7
f 2275/717/932 2287/718/932 2288/719/932 2290/720/932
f 2290/717/933 2288/718/933 2271/719/933 2276/720/933
f 2276/717/934 2271/718/934 2289/719/934 2277/720/934
f 2277/717/935 2289/718/935 2272/719/935 2291/720/935
f 2291/717/936 2272/718/936 2273/719/936 2292/720/936
f 2288/721/2 2287/722/2 2274/723/2 2273/724/2 2272/725/2 2289/726/2 2271/727/2
f 2292/717/937 2273/718/937 2274/719/937 2293/720/937
f 2293/717/938 2274/718/938 2287/719/938 2275/720/938
f 2293/721/34 2275/722/34 2290/723/34 2276/724/34 2277/725/34 2291/726/34 2292/727/34
f 2282/717/932 2278/718/932 2279/719/932 2283/720/932
f 2283/717/933 2279/718/933 2280/719/933 2297/720/933
f 2297/717/934 2280/718/934 2294/719/934 2284/720/934
f 2284/717/935 2294/718/935 2281/719/935 2298/720/935
f 2298/717/936 2281/718/936 2295/719/936 2285/720/936
f 2279/721/2 2278/722/2 2296/723/2 2295/724/2 2281/725/2 2294/726/2 2280/727/2
f 2285/717/937 2295/718/937 2296/719/937 2286/720/937
f 2286/717/938 2296/718/938 2278/719/938 2282/720/938
f 2286/721/34 2282/722/34 2283/723/34 2297/724/34 2284/725/34 2298/726/34 2285/727/34
f 2306/717/939 2299/718/939 2300/719/939 2307/720/939
f 2307/717/940 2300/718/940 2301/719/940 2308/720/940
f 2308/717/941 2301/718/941 2302/719/941 2309/720/941
f 2309/717/942 2302/718/942 2303/719/942 2310/720/942
f 2310/717/943 2303/718/943 2304/719/943 2311/720/943
f 2300/721/944 2299/722/944 2305/723/944 2304/724/944 2303/725/944 2302/726/944 2301/727/944
f 2311/717/945 2304/718/945 2305/719/945 2312/720/945
f 2312/717/946 2305/718/946 2299/719/946 2306/720/946
f 2312/721/947 2306/722/947 2307/723/947 2308/724/947 2309/725/947 2310/726/947 2311/727/947
f 2320/717/939 2313/718/939 2314/719/939 2321/720/939
f 2321/717/940 2314/718/940 2315/719/940 2322/720/940
f 2322/717/941 2315/718/941 2316/719/941 2323/720/941
f 2323/717/942 2316/718/942 2317/719/942 2324/720/942
f 2324/717/943 2317/718/943 2318/719/943 2325/720/943
f 2314/721/944 2313/722/944 2319/723/944 2318/724/944 2317/725/944 2316/726/944 2315/727/944
f 2325/717/945 2318/718/945 2319/719/945 2326/720/945
f 2326/717/946 2319/718/946 2313/719/946 2320/720/946
f 2326/721/947 2320/722/947 2321/723/947 2322/724/947 2323/725/947 2324/726/947 2325/727/947
f 2334/717/948 2327/718/948 2328/719/948 2335/720/948
f 2335/717/949 2328/718/949 2329/719/949 2336/720/949
f 2336/717/950 2329/718/950 2330/719/950 2337/720/950
f 2337/717/951 2330/718/951 2331/719/951 2338/720/951
f 2338/717/952 2331/718/952 2332/719/952 2339/720/952
f 2328/721/953 2327/722/953 2333/723/953 2332/724/953 2331/725/953 2330/726/953 2329/727/953
f 2339/717/954 2332/718/954 2333/719/954 2340/720/954
f 2340/717/955 2333/718/955 2327/719/955 2334/720/955
f 2340/721/956 2334/722/956 2335/723/956 2336/724/956 2337/725/956 2338/726/956 2339/727/956
f 2348/717/948 2341/718/948 2342/719/948 2349/720/948
f 2349/717/949 2342/718/949 2343/719/949 2350/720/949
f 2350/717/950 2343/718/950 2344/719/950 2351/720/950
f 2351/717/951 2344/718/951 2345/719/951 2352/720/951
f 2352/717/952 2345/718/952 2346/719/952 2353/720/952
f 2342/721/953 2341/722/953 2347/723/953 2346/724/953 2345/725/953 2344/726/953 2343/727/953
f 2353/717/954 2346/718/954 2347/719/954 2354/720/954
f 2354/717/955 2347/718/955 2341/719/955 2348/720/955
f 2354/721/956 2348/722/956 2349/723/956 2350/724/956 2351/725/956 2352/726/956 2353/727/956
f 2376/69/957 2367/70/957 2382/71/957 2401/72/957
f 2360/738/197 2363/739/197 2364/740/197 2359/741/197
f 2364/69/958 2355/70/958 2404/71/958 2403/72/958
f 2358/742/197 2357/743/197 2361/744/197 2362/745/197
f 2360/69/959 977/70/959 2394/71/959 2393/72/959
f 2363/739/197 2356/746/197 2355/747/197 2364/740/197
f 2365/69/957 2379/70/957 2419/71/957 2409/72/957
f 2362/745/197 2361/744/197 2355/747/197 2356/746/197
f 2356/69/502 2363/70/502 2408/71/502 2380/72/502
f 2373/748/12 2377/749/12 2378/750/12 2372/751/12
f 997/69/20 2016/70/20 2398/71/20 2396/72/20
f 2378/69/20 2366/70/20 2410/71/20 2418/72/20
f 2370/752/12 2369/753/12 2375/754/12 2376/755/12
f 2361/69/958 2357/70/958 2405/71/958 2407/72/958
f 2015/69/502 992/70/502 2402/71/502 2397/72/502
f 2377/749/12 2367/756/12 2366/757/12 2378/750/12
f 998/69/20 1968/70/20 2391/71/20 2383/72/20
f 1968/69/20 26/70/20 2388/71/20 2391/72/20
f 2376/755/12 2375/754/12 2366/757/12 2367/756/12
f 2367/69/957 2377/70/957 2417/71/957 2382/72/957
f 2407/69/197 2389/70/197 2390/71/197 2404/72/197
f 2403/69/197 2404/70/197 2390/71/197 2397/72/197
f 2405/69/197 2399/70/197 2389/71/197 2407/72/197
f 2406/69/197 2403/70/197 2397/71/197 2402/72/197
f 2394/69/197 2392/70/197 2408/71/197 2393/72/197
f 2386/69/197 2385/70/197 2400/71/197 2384/72/197
f 2392/69/197 2381/70/197 2380/71/197 2408/72/197
f 2384/69/197 2400/70/197 2380/71/197 2381/72/197
f 2396/69/12 2398/70/12 2417/71/12 2395/72/12
f 2414/69/12 2418/70/12 2419/71/12 2413/72/12
f 2388/69/12 2387/70/12 2401/71/12 2391/72/12
f 2412/69/12 2411/70/12 2415/71/12 2416/72/12
f 2398/69/12 2383/70/12 2382/71/12 2417/72/12
f 2418/69/12 2410/70/12 2409/71/12 2419/72/12
f 2391/69/12 2401/70/12 2382/71/12 2383/72/12
f 2416/69/12 2415/70/12 2409/71/12 2410/72/12
f 1981/69/958 978/70/958 2381/71/958 2392/72/958
f 1410/69/502 2015/70/502 2397/71/502 2390/72/502
f 2355/69/958 2361/70/958 2407/71/958 2404/72/958
f 2374/69/957 2365/70/957 2409/71/957 2415/72/957
f 2016/69/20 998/70/20 2383/71/20 2398/72/20
f 992/69/959 2359/70/959 2406/71/959 2402/72/959
f 1933/69/958 12/70/958 2386/71/958 2384/72/958
f 977/69/958 1981/70/958 2392/71/958 2394/72/958
f 2377/69/957 2373/70/957 2395/71/957 2417/72/957
f 2372/69/20 2378/70/20 2418/71/20 2414/72/20
f 2379/69/957 2371/70/957 2413/71/957 2419/72/957
f 2369/69/960 2368/70/960 2411/71/960 2412/72/960
f 978/69/958 1933/70/958 2384/71/958 2381/72/958
f 2370/69/957 2376/70/957 2401/71/957 2387/72/957
f 12/69/883 2358/70/883 2385/71/883 2386/72/883
f 2363/69/502 2360/70/502 2393/71/502 2408/72/502
f 2375/69/20 2369/70/20 2412/71/20 2416/72/20
f 26/69/960 2370/70/960 2387/71/960 2388/72/960
f 2359/69/958 2364/70/958 2403/71/958 2406/72/958
f 2368/69/957 2374/70/957 2415/71/957 2411/72/957
f 23/69/502 1967/70/502 2389/71/502 2399/72/502
f 1967/69/502 1410/70/502 2390/71/502 2389/72/502
f 2371/69/893 2372/70/893 2414/71/893 2413/72/893
f 2358/69/502 2362/70/502 2400/71/502 2385/72/502
f 2421/545/34 2422/556/34 2423/555/34 2424/554/34 2425/553/34 2426/552/34 2427/551/34 2428/550/34 2429/549/34 2430/548/34 2431/547/34 2420/546/34
f 2437/557/961 2485/560/961 2486/559/961 2438/558/961
f 2424/561/962 2448/564/962 2449/563/962 2425/562/962
f 2431/561/963 2455/564/963 2445/563/963 2420/562/963
f 2421/561/964 2444/564/964 2446/563/964 2422/562/964
f 2428/561/965 2452/564/965 2453/563/965 2429/562/965
f 2425/561/966 2449/564/966 2450/563/966 2426/562/966
f 2422/561/967 2446/564/967 2447/563/967 2423/562/967
f 2429/561/968 2453/564/968 2454/563/968 2430/562/968
f 2426/561/969 2450/564/969 2451/563/969 2427/562/969
f 2423/561/970 2447/564/970 2448/563/970 2424/562/970
f 2430/561/971 2454/564/971 2455/563/971 2431/562/971
f 2420/561/972 2445/564/972 2444/563/972 2421/562/972
f 2427/561/973 2451/564/973 2452/563/973 2428/562/973
f 2456/561/2 2444/564/2 2445/563/2 2457/562/2
f 2458/561/2 2446/564/2 2444/563/2 2456/562/2
f 2459/561/2 2447/564/2 2446/563/2 2458/562/2
f 2460/561/2 2448/564/2 2447/563/2 2459/562/2
f 2461/561/2 2449/564/2 2448/563/2 2460/562/2
f 2462/561/2 2450/564/2 2449/563/2 2461/562/2
f 2463/561/2 2451/564/2 2450/563/2 2462/562/2
f 2464/561/2 2452/564/2 2451/563/2 2463/562/2
f 2465/561/2 2453/564/2 2452/563/2 2464/562/2
f 2466/561/2 2454/564/2 2453/563/2 2465/562/2
f 2467/561/2 2455/564/2 2454/563/2 2466/562/2
f 2457/561/2 2445/564/2 2455/563/2 2467/562/2
f 2468/561/974 2456/564/974 2457/563/974 2469/562/974
f 2470/561/975 2458/564/975 2456/563/975 2468/562/975
f 2471/561/976 2459/564/976 2458/563/976 2470/562/976
f 2472/561/977 2460/564/977 2459/563/977 2471/562/977
f 2473/561/978 2461/564/978 2460/563/978 2472/562/978
f 2474/561/979 2462/564/979 2461/563/979 2473/562/979
f 2475/561/980 2463/564/980 2462/563/980 2474/562/980
f 2476/561/981 2464/564/981 2463/563/981 2475/562/981
f 2477/561/982 2465/564/982 2464/563/982 2476/562/982
f 2478/561/983 2466/564/983 2465/563/983 2477/562/983
f 2479/561/984 2467/564/984 2466/563/984 2478/562/984
f 2469/561/985 2457/564/985 2467/563/985 2479/562/985
f 2433/557/2 2468/560/2 2469/559/2 2432/558/2
f 2434/557/2 2470/560/2 2468/559/2 2433/558/2
f 2435/557/2 2471/560/2 2470/559/2 2434/558/2
f 2436/557/2 2472/560/2 2471/559/2 2435/558/2
f 2437/557/2 2473/560/2 2472/559/2 2436/558/2
f 2438/557/2 2474/560/2 2473/559/2 2437/558/2
f 2439/557/2 2475/560/2 2474/559/2 2438/558/2
f 2440/557/2 2476/560/2 2475/559/2 2439/558/2
f 2441/557/2 2477/560/2 2476/559/2 2440/558/2
f 2442/557/2 2478/560/2 2477/559/2 2441/558/2
f 2443/557/2 2479/560/2 2478/559/2 2442/558/2
f 2432/557/2 2469/560/2 2479/559/2 2443/558/2
f 2481/565/2 2480/576/2 2491/575/2 2490/574/2 2489/573/2 2488/572/2 2487/571/2 2486/570/2 2485/569/2 2484/568/2 2483/567/2 2482/566/2
f 2434/577/986 2482/580/986 2483/579/986 2435/578/986
f 2441/557/987 2489/560/987 2490/559/987 2442/558/987
f 2438/577/988 2486/580/988 2487/579/988 2439/578/988
f 2435/557/989 2483/560/989 2484/559/989 2436/558/989
f 2442/577/990 2490/580/990 2491/579/990 2443/578/990
f 2432/577/991 2480/580/991 2481/579/991 2433/578/991
f 2439/557/992 2487/560/992 2488/559/992 2440/558/992
f 2436/577/993 2484/580/993 2485/579/993 2437/578/993
f 2443/557/994 2491/560/994 2480/559/994 2432/558/994
f 2433/557/995 2481/560/995 2482/559/995 2434/558/995
f 2440/577/996 2488/580/996 2489/579/996 2441/578/996
f 2503/758/2 22/759/2 2492/3/2 2493/7/2
f 994/760/2 2505/761/2 2495/24/2 2494/25/2
f 22/759/2 5/762/2 2496/3/2 2492/7/2
f 964/763/2 994/760/2 2494/24/2 2497/25/2
f 540/11/2 2503/758/2 2493/7/2 2498/11/2
f 5/762/58 2509/764/58 2499/25/58 2496/3/58
f 2510/765/58 964/763/58 2497/7/58 2500/24/58
f 543/766/58 2510/765/58 2500/24/58 2501/32/58
f 2505/761/2 540/11/2 2498/11/2 2495/24/2
f 2509/764/58 543/766/58 2501/32/58 2499/25/58
f 5/767/7 22/768/7 2512/768/7 2516/767/7
f 2508/769/48 11/770/48 2523/770/48 2528/769/48
f 543/771/997 2509/772/997 2519/772/997 2521/771/997
f 2505/773/5 994/774/5 2514/774/5 2515/773/5
f 2507/775/7 2504/776/7 2524/776/7 2527/775/7
f 540/769/1 2505/773/1 2515/773/1 2518/769/1
f 22/768/7 2503/777/7 2513/777/7 2512/768/7
f 2502/778/5 2506/779/5 2526/779/5 2522/778/5
f 2510/780/997 543/771/997 2521/771/997 2520/780/997
f 463/781/998 2511/782/998 2531/782/998 2529/781/998
f 2523/770/2 2522/778/2 2512/768/2 2513/777/2
f 2524/776/2 2525/783/2 2515/773/2 2514/774/2
f 2522/778/999 2526/779/999 2516/767/999 2512/768/999
f 2527/775/999 2524/776/999 2514/774/999 2517/784/999
f 2528/769/2 2523/770/2 2513/777/2 2518/769/2
f 2526/779/58 2529/781/58 2519/772/58 2516/767/58
f 2530/785/58 2527/775/58 2517/784/58 2520/780/58
f 2531/782/58 2530/785/58 2520/780/58 2521/771/58
f 2525/783/2 2528/769/2 2518/769/2 2515/773/2
f 2529/781/58 2531/782/58 2521/771/58 2519/772/58
f 2506/779/5 463/781/5 2529/781/5 2526/779/5
f 994/774/5 964/784/5 2517/784/5 2514/774/5
f 1477/785/7 2507/775/7 2527/775/7 2530/785/7
f 2503/777/1 540/769/1 2518/769/1 2513/777/1
f 2511/782/998 1477/785/998 2530/785/998 2531/782/998
f 2509/772/7 5/767/7 2516/767/7 2519/772/7
f 11/770/5 2502/778/5 2522/778/5 2523/770/5
f 979/783/48 2508/769/48 2528/769/48 2525/783/48
f 964/784/5 2510/780/5 2520/780/5 2517/784/5
f 2504/776/7 979/783/7 2525/783/7 2524/776/7
f 2538/786/58 2540/787/58 2541/788/58 2539/789/58
f 2535/788/1000 2533/789/1000 2539/789/1000 2541/788/1000
f 2536/790/5 2537/791/5 2543/791/5 2542/790/5
f 2539/789/58 2542/790/58 2543/791/58 2538/786/58
f 2532/786/1001 2534/787/1001 2540/787/1001 2538/786/1001
f 2537/791/1002 2532/786/1002 2538/786/1002 2543/791/1002
f 2533/789/1003 2536/790/1003 2542/790/1003 2539/789/1003
f 2534/787/7 2535/788/7 2541/788/7 2540/787/7
l 1597 1151
l 1034 1598
