# Generated from model.obj, faces matching '\| (mat13|mat18)$', metres, origin at bottom centre
v -0.008533 0.744084 0.040842
v -0.084627 0.738259 0.082246
v -0.094671 0.733278 0.039429
v -0.054407 0.740799 0.114485
v -0.012109 0.740219 0.127506
v 0.030933 0.736673 0.117822
v 0.063187 0.731112 0.088026
v 0.07601 0.725026 0.046103
v 0.065966 0.720045 0.003286
v 0.035746 0.717505 -0.028953
v -0.006552 0.718085 -0.041974
v -0.049594 0.721631 -0.03229
v -0.081848 0.727192 -0.002494
v -0.153136 0.703272 0.122504
v -0.172013 0.693911 0.042034
v -0.096342 0.708046 0.183093
v -0.016848 0.706955 0.207566
v 0.064045 0.700291 0.189365
v 0.124662 0.68984 0.133367
v 0.148761 0.678401 0.054578
v 0.129884 0.669041 -0.025892
v 0.07309 0.664266 -0.086481
v -0.006404 0.665357 -0.110954
v -0.087297 0.672021 -0.092753
v -0.147914 0.682472 -0.036755
v -0.205799 0.643342 0.156761
v -0.231232 0.630731 0.048344
v -0.129281 0.649775 0.238392
v -0.022179 0.648305 0.271364
v 0.086808 0.639327 0.246842
v 0.168478 0.625245 0.171397
v 0.200946 0.609834 0.065244
v 0.175513 0.597223 -0.043173
v 0.098994 0.59079 -0.124804
v -0.008107 0.59226 -0.157776
v -0.117094 0.601238 -0.133254
v -0.198764 0.61532 -0.057809
v -0.236264 0.565699 0.180884
v -0.265185 0.551358 0.057596
v -0.14925 0.573014 0.273711
v -0.027458 0.571343 0.311205
v 0.096478 0.561133 0.28332
v 0.189349 0.54512 0.197527
v 0.22627 0.527596 0.076814
v 0.197349 0.513254 -0.046473
v 0.110335 0.505939 -0.1393
v -0.011457 0.507611 -0.176795
v -0.135392 0.517821 -0.148909
v -0.228263 0.533833 -0.063116
v -0.240855 0.479707 0.191963
v -0.269776 0.465366 0.068676
v -0.153841 0.487022 0.284791
v -0.032049 0.485351 0.322285
v 0.091887 0.475141 0.2944
v 0.184757 0.459129 0.208607
v 0.221679 0.441604 0.087894
v 0.192758 0.427263 -0.035393
v 0.105744 0.419948 -0.12822
v -0.016048 0.421619 -0.165715
v -0.139983 0.431829 -0.137829
v -0.232854 0.447841 -0.052036
v -0.219019 0.395739 0.188664
v -0.244451 0.383127 0.080247
v -0.1425 0.402171 0.270295
v -0.035398 0.400702 0.303267
v 0.073589 0.391723 0.278745
v 0.155258 0.377642 0.2033
v 0.187726 0.362231 0.097147
v 0.162294 0.34962 -0.01127
v 0.085775 0.343187 -0.092901
v -0.021327 0.344657 -0.125873
v -0.130314 0.353635 -0.101351
v -0.211983 0.367716 -0.025906
v -0.17339 0.323921 0.171383
v -0.192267 0.314561 0.090913
v -0.116595 0.328696 0.231971
v -0.037102 0.327605 0.256444
v 0.043792 0.320941 0.238243
v 0.104409 0.310489 0.182246
v 0.128508 0.299051 0.103456
v 0.109631 0.28969 0.022986
v 0.052837 0.284916 -0.037603
v -0.026657 0.286007 -0.062075
v -0.107551 0.292671 -0.043874
v -0.168168 0.303122 0.012123
v -0.109471 0.272917 0.142204
v -0.119515 0.267936 0.099387
v -0.079251 0.275457 0.174443
v -0.036954 0.274877 0.187465
v 0.006089 0.271331 0.17778
v 0.038342 0.26577 0.147985
v 0.051165 0.259684 0.106062
v 0.041121 0.254703 0.063244
v 0.010901 0.252162 0.031006
v -0.031396 0.252743 0.017984
v -0.074439 0.256289 0.027669
v -0.106692 0.26185 0.057464
v -0.034972 0.248877 0.104648
v 0.015339 1.012864 0.001731
v -0.01537 1.014333 0.048019
v -0.034204 1.013153 0.026893
v 0.011385 1.012586 0.057157
v 0.038893 1.00838 0.051859
v 0.059782 1.002843 0.033545
v 0.068455 0.997457 0.007122
v 0.062588 0.993666 -0.02033
v 0.043753 0.992486 -0.041456
v 0.016998 0.994232 -0.050594
v -0.010509 0.998438 -0.045296
v -0.031398 1.003976 -0.026982
v -0.040071 1.009362 -0.000559
v -0.044668 0.996716 0.091825
v -0.080065 0.994498 0.052122
v 0.005615 0.993433 0.108999
v 0.057312 0.985529 0.099042
v 0.09657 0.975122 0.064623
v 0.11287 0.964999 0.014964
v 0.101844 0.957875 -0.036629
v 0.066447 0.955656 -0.076332
v 0.016164 0.958939 -0.093506
v -0.035533 0.966843 -0.083549
v -0.074791 0.977251 -0.04913
v -0.091091 0.987373 0.000529
v -0.069023 0.962138 0.127866
v -0.116713 0.959149 0.074374
v -0.001276 0.957715 0.151004
v 0.068375 0.947066 0.13759
v 0.121268 0.933044 0.091217
v 0.143228 0.919406 0.024312
v 0.128373 0.909807 -0.0452
v 0.080683 0.906819 -0.098691
v 0.012936 0.911241 -0.12183
v -0.056715 0.921891 -0.108415
v -0.109607 0.935912 -0.062042
v -0.131568 0.94955 0.004863
v -0.085496 0.914769 0.151794
v -0.139727 0.91137 0.090966
v -0.008456 0.909739 0.178106
v 0.070748 0.89763 0.162852
v 0.130895 0.881684 0.110119
v 0.155867 0.866176 0.034037
v 0.138975 0.855261 -0.045008
v 0.084743 0.851862 -0.105837
v 0.007704 0.856892 -0.132149
v -0.0715 0.869001 -0.116894
v -0.131647 0.884947 -0.064161
v -0.15662 0.900455 0.011921
v -0.0921 0.860323 0.160724
v -0.146332 0.856924 0.099896
v -0.015061 0.855293 0.187037
v 0.064143 0.843184 0.171782
v 0.12429 0.827238 0.119049
v 0.149263 0.81173 0.042967
v 0.13237 0.800815 -0.036078
v 0.078139 0.797416 -0.096906
v 0.0011 0.802446 -0.123219
v -0.078105 0.814555 -0.107964
v -0.138251 0.830501 -0.055231
v -0.163224 0.846009 0.020851
v -0.08804 0.805366 0.153579
v -0.13573 0.802378 0.100088
v -0.020293 0.800944 0.176717
v 0.049359 0.790294 0.163303
v 0.102251 0.776273 0.11693
v 0.124211 0.762635 0.050025
v 0.109356 0.753036 -0.019486
v 0.061666 0.750047 -0.072978
v -0.006081 0.75447 -0.096116
v -0.075732 0.765119 -0.082702
v -0.128624 0.779141 -0.036329
v -0.150585 0.792779 0.030576
v -0.073804 0.756529 0.13122
v -0.109201 0.75431 0.091517
v -0.02352 0.753246 0.148394
v 0.028177 0.745342 0.138437
v 0.067435 0.734934 0.104018
v 0.083735 0.724812 0.054359
v 0.072709 0.717687 0.002766
v 0.037312 0.715469 -0.036937
v -0.012972 0.718752 -0.054111
v -0.064669 0.726656 -0.044154
v -0.103927 0.737063 -0.009735
v -0.120227 0.747186 0.039924
v -0.05111 0.719699 0.096344
v -0.069945 0.718519 0.075218
v -0.024355 0.717953 0.105482
v 0.003153 0.713747 0.100184
v 0.024041 0.708209 0.08187
v 0.032714 0.702823 0.055447
v 0.026848 0.699032 0.027995
v 0.008013 0.697852 0.006869
v -0.018742 0.699599 -0.002269
v -0.04625 0.703805 0.003029
v -0.067138 0.709342 0.021343
v -0.075811 0.714728 0.047766
v -0.022695 0.699321 0.053157
v -0.098514 0.899893 -0.09766
v -0.076591 0.896139 -0.0785
v -0.103742 0.912291 -0.077818
v -0.103689 0.87458 -0.09885
v -0.081821 0.87084 -0.079743
v -0.120218 0.860808 -0.084495
v -0.099151 0.85727 -0.066162
v -0.135654 0.868947 -0.065405
v -0.115531 0.865647 -0.047984
v -0.138373 0.892869 -0.055956
v -0.118626 0.889663 -0.038897
v -0.126329 0.914559 -0.063262
v -0.106106 0.911234 -0.045744
v -0.130056 0.890755 -0.08741
v -0.086964 0.911144 -0.066939
v -0.006961 0.47844 0.049436
v -0.09625 0.462237 0.073055
v -0.09591 0.461215 0.025266
v -0.072644 0.463239 0.114609
v -0.031418 0.463952 0.138794
v 0.016382 0.464185 0.139129
v 0.057947 0.463876 0.115524
v 0.082141 0.463108 0.074304
v 0.082481 0.462086 0.026515
v 0.058875 0.461084 -0.015039
v 0.017649 0.460371 -0.039224
v -0.030151 0.460138 -0.039559
v -0.071716 0.460447 -0.015954
v -0.174615 0.41543 0.094523
v -0.173976 0.413509 0.004708
v -0.13025 0.417312 0.172619
v -0.052771 0.418652 0.218071
v 0.037064 0.419091 0.2187
v 0.115181 0.41851 0.174337
v 0.160651 0.417066 0.09687
v 0.161289 0.415145 0.007055
v 0.116925 0.413263 -0.071041
v 0.039445 0.411923 -0.116493
v -0.050389 0.411485 -0.117122
v -0.128507 0.412065 -0.072759
v -0.232604 0.343664 0.111249
v -0.231744 0.341077 -0.009758
v -0.172832 0.346201 0.216468
v -0.068444 0.348006 0.277705
v 0.052589 0.348597 0.278553
v 0.157837 0.347815 0.218783
v 0.219098 0.345869 0.114412
v 0.219958 0.343281 -0.006595
v 0.160186 0.340745 -0.111814
v 0.055798 0.33894 -0.173052
v -0.065235 0.338349 -0.173899
v -0.170483 0.339131 -0.114129
v -0.263223 0.255597 0.121218
v -0.262246 0.252654 -0.016386
v -0.195253 0.258481 0.240868
v -0.076548 0.260534 0.310505
v 0.061086 0.261206 0.311468
v 0.18077 0.260316 0.243501
v 0.250434 0.258104 0.124814
v 0.251411 0.255161 -0.01279
v 0.183441 0.252277 -0.132441
v 0.064735 0.250224 -0.202077
v -0.072899 0.249552 -0.203041
v -0.192582 0.250442 -0.135073
v -0.26278 0.161849 0.123226
v -0.261802 0.158907 -0.014379
v -0.19481 0.164733 0.242876
v -0.076104 0.166787 0.312512
v 0.06153 0.167458 0.313476
v 0.181213 0.166569 0.245508
v 0.250877 0.164356 0.126822
v 0.251855 0.161414 -0.010783
v 0.183884 0.15853 -0.130433
v 0.065179 0.156477 -0.200069
v -0.072455 0.155805 -0.201033
v -0.192138 0.156694 -0.133065
v -0.200549 0.135653 0.122727
v -0.171555 0.076266 0.222249
v -0.067167 0.078071 0.283487
v 0.053866 0.078662 0.284334
v 0.159114 0.077879 0.224564
v 0.220375 0.075934 0.120193
v 0.221235 0.073346 -0.000814
v 0.161463 0.07081 -0.106033
v 0.057075 0.069005 -0.16727
v -0.159578 0.130611 -0.096663
v -0.206444 0.127132 0.002134
v -0.140475 0.06495 0.109129
v -0.14485 0.058625 0.019622
v -0.146954 0.070876 0.156556
v -0.068623 0.079533 0.199683
v 0.032687 0.10835 0.230843
v 0.109178 0.107606 0.183732
v 0.146529 0.089145 0.114567
v 0.151802 0.084996 0.02498
v 0.111928 0.079729 -0.069153
v 0.03433 0.078933 -0.114416
v -0.037787 0.061146 -0.093811
v -0.055752 0.12638 -0.158731
v -0.114849 0.064286 -0.047742
v -0.082383 0.048125 0.06829
v -0.083311 0.042658 0.020811
v -0.085683 0.067977 0.093953
v -0.045876 0.027565 0.125019
v 0.011359 0.054664 0.15698
v 0.052058 0.054268 0.131913
v 0.068588 0.042612 0.091058
v 0.071394 0.040404 0.04339
v 0.05304 0.03815 -0.009183
v 0.011751 0.037727 -0.033267
v -0.033717 0.05761 -0.021682
v -0.075141 0.061777 0.001807
v 0.00713 0.136295 0.042799
v -0.068079 0.822508 -0.075668
v -0.037836 0.826494 -0.091258
v -0.099257 0.822351 -0.138701
v -0.030416 0.849983 -0.09682
v -0.067641 0.848044 -0.15385
v -0.046122 0.87109 -0.091138
v -0.07769 0.867751 -0.148135
v -0.074207 0.86725 -0.078107
v -0.102947 0.861742 -0.137894
v -0.082245 0.843728 -0.070116
v -0.11109 0.841 -0.132852
v -0.049089 0.847511 -0.068224
v -0.128867 0.857761 -0.186776
v -0.112427 0.853607 -0.194949
v -0.104164 0.840292 -0.199505
v -0.110697 0.825496 -0.197336
v -0.125492 0.824015 -0.190611
v -0.141488 0.835394 -0.20949
v -0.138908 0.843275 -0.216291
v -0.128921 0.844301 -0.221742
v -0.122774 0.834991 -0.2242
v -0.126613 0.824657 -0.221207
v -0.1366 0.823632 -0.215757
v -0.136379 0.838836 -0.179014
v -0.159051 0.841092 -0.261859
v -0.076729 0.830983 -0.16443
v -0.089576 0.809899 -0.102061
v -0.083408 0.813325 -0.092698
v -0.101529 0.821957 -0.082517
v -0.08431 0.80207 -0.105129
v -0.07727 0.805735 -0.096484
v -0.086634 0.791749 -0.100052
v -0.079517 0.795446 -0.091311
v -0.090239 0.795116 -0.085361
v -0.096985 0.791131 -0.094337
v -0.112284 0.799006 -0.084184
v -0.105701 0.802756 -0.074864
v -0.117976 0.806011 -0.07984
v -0.111501 0.809477 -0.070187
v -0.116477 0.816984 -0.083715
v -0.110071 0.820422 -0.074166
v -0.107594 0.818583 -0.092102
v -0.044129 0.800466 -0.119016
v -0.041847 0.803705 -0.107981
v -0.063567 0.803076 -0.102116
v -0.035717 0.795819 -0.121482
v -0.032599 0.799735 -0.110867
v -0.034811 0.784495 -0.118541
v -0.031657 0.788445 -0.107809
v -0.04237 0.783129 -0.105081
v -0.04503 0.779096 -0.115971
v -0.063916 0.778762 -0.10946
v -0.06138 0.782451 -0.098314
v -0.072649 0.782233 -0.105994
v -0.070168 0.785552 -0.094595
v -0.074796 0.793606 -0.107931
v -0.072344 0.796897 -0.096653
v -0.065731 0.799968 -0.113328
v -0.124811 0.830422 -0.074588
v -0.116586 0.832457 -0.066485
v -0.130514 0.844799 -0.053827
v -0.121908 0.821639 -0.078176
v -0.112913 0.823719 -0.070931
v -0.125486 0.812067 -0.072408
v -0.116394 0.814161 -0.065081
v -0.125798 0.816154 -0.057462
v -0.134633 0.813699 -0.065069
v -0.146008 0.824694 -0.052869
v -0.137323 0.826956 -0.044887
v -0.149283 0.832766 -0.047923
v -0.140707 0.834774 -0.039585
v -0.146161 0.843154 -0.052398
v -0.137674 0.84515 -0.04415
v -0.138665 0.842792 -0.062168
v 0.008527 0.813285 -0.128501
v 0.007139 0.817508 -0.117653
v -0.014228 0.810539 -0.116463
v 0.018251 0.811321 -0.128619
v 0.017544 0.816426 -0.118075
v 0.021655 0.800938 -0.124341
v 0.020945 0.806092 -0.113679
v 0.011881 0.797883 -0.112709
v 0.013111 0.792795 -0.123411
v -0.005859 0.786996 -0.12103
v -0.007165 0.791728 -0.110068
v -0.015778 0.787782 -0.119879
v -0.017088 0.792157 -0.108643
v -0.020584 0.797875 -0.12345
v -0.021885 0.80221 -0.112334
v -0.012728 0.80647 -0.127473
v -0.082514 0.649823 -0.121182
v -0.07697 0.64259 -0.104588
v -0.109727 0.647251 -0.08955
v -0.072825 0.642159 -0.131385
v -0.065623 0.63573 -0.115077
v -0.078366 0.625043 -0.137334
v -0.071086 0.61853 -0.120854
v -0.090311 0.614801 -0.117873
v -0.096906 0.621112 -0.13481
v -0.125238 0.624137 -0.119677
v -0.119037 0.61723 -0.102647
v -0.136115 0.629593 -0.109019
v -0.130218 0.622026 -0.091944
v -0.132384 0.646469 -0.101251
v -0.12655 0.638993 -0.084349
v -0.115017 0.65475 -0.106312
v -0.099844 0.568553 -0.156059
v -0.093315 0.565258 -0.138597
v -0.126477 0.567263 -0.12386
v -0.089012 0.560852 -0.165007
v -0.080971 0.558549 -0.148001
v -0.091746 0.542312 -0.167805
v -0.083617 0.539969 -0.150618
v -0.102026 0.533849 -0.146615
v -0.109445 0.536023 -0.164233
v -0.137979 0.537147 -0.149221
v -0.130856 0.534347 -0.131399
v -0.149638 0.542594 -0.139419
v -0.14271 0.539112 -0.121433
v -0.148663 0.560931 -0.134748
v -0.141811 0.5575 -0.116947
v -0.132796 0.570827 -0.141539
v -0.110901 0.484835 -0.163966
v -0.103769 0.484878 -0.146429
v -0.136711 0.48516 -0.13108
v -0.099367 0.477221 -0.17207
v -0.090857 0.478346 -0.155174
v -0.099924 0.458281 -0.172118
v -0.091319 0.459403 -0.15504
v -0.108811 0.451846 -0.149626
v -0.116696 0.450578 -0.167129
v -0.144936 0.450566 -0.151528
v -0.137266 0.451216 -0.133725
v -0.157011 0.455995 -0.142234
v -0.149453 0.455975 -0.124165
v -0.158149 0.474804 -0.140247
v -0.150674 0.474798 -0.122366
v -0.143671 0.485374 -0.148875
v -0.196393 0.652703 0.156608
v -0.191077 0.667468 0.139792
v -0.16813 0.658868 0.120122
v -0.169049 0.641698 0.135399
v -0.197754 0.663196 0.118201
v -0.179332 0.657071 0.100114
v -0.209747 0.64416 0.113425
v -0.191454 0.638105 0.095384
v -0.215063 0.629395 0.130241
v -0.192373 0.620935 0.110661
v -0.208386 0.633667 0.151832
v -0.181171 0.622731 0.130669
v -0.234776 0.644173 0.147976
v -0.231674 0.650574 0.169849
v -0.226291 0.657049 0.130911
v -0.214704 0.676328 0.135719
v -0.211602 0.68273 0.157592
v -0.220087 0.669853 0.174657
v -0.260454 0.638084 0.159036
v -0.260559 0.646233 0.180545
v -0.251254 0.650571 0.142052
v -0.242159 0.671207 0.146577
v -0.242264 0.679356 0.168085
v -0.251464 0.666869 0.185069
v -0.291799 0.639944 0.16356
v -0.294417 0.649414 0.184357
v -0.27938 0.650738 0.147489
v -0.26958 0.671003 0.152213
v -0.272198 0.680474 0.173009
v -0.284616 0.669679 0.189081
v -0.31571 0.659646 0.169626
v -0.320621 0.670555 0.189271
v -0.300339 0.668587 0.155038
v -0.28988 0.688439 0.160094
v -0.294791 0.699348 0.179738
v -0.310162 0.690407 0.194326
v -0.340252 0.680039 0.169775
v -0.346791 0.69145 0.186031
v -0.324272 0.686724 0.158062
v -0.314831 0.70482 0.162606
v -0.321371 0.71623 0.178862
v -0.33735 0.709546 0.190574
v -0.367428 0.695272 0.16519
v -0.375177 0.707689 0.180123
v -0.349796 0.700582 0.155284
v -0.339912 0.71831 0.160312
v -0.347662 0.730727 0.175245
v -0.365294 0.725416 0.18515
v -0.386371 0.717534 0.160141
v -0.394127 0.729559 0.172363
v -0.369105 0.720793 0.153403
v -0.359594 0.736077 0.158887
v -0.36735 0.748103 0.17111
v -0.384616 0.744844 0.177848
v -0.40424 0.737772 0.152015
v -0.41192 0.749589 0.161026
v -0.388212 0.739695 0.147627
v -0.379865 0.753434 0.15225
v -0.387546 0.765251 0.161261
v -0.403573 0.763329 0.165648
v -0.421206 0.752131 0.147688
v -0.395815 0.763492 0.143267
v -0.410246 0.762598 0.145544
v -0.388465 0.775423 0.147491
v -0.395545 0.786461 0.153992
v -0.409977 0.785567 0.156269
v -0.417327 0.773636 0.152045
v -0.412057 0.787501 0.139502
v -0.417232 0.795771 0.143261
v -0.401631 0.787748 0.138771
v -0.396379 0.796266 0.1418
v -0.401554 0.804536 0.145559
v -0.41198 0.804289 0.14629
v -0.409527 0.806675 0.134797
v -0.414718 0.81522 0.137854
v -0.399076 0.806529 0.135073
v -0.393818 0.814928 0.138407
v -0.399009 0.823472 0.141465
v -0.409459 0.823618 0.141188
v -0.426124 0.772285 0.142419
v -0.432188 0.775986 0.15306
v -0.429966 0.762886 0.157038
v 0.185089 0.620099 -0.009405
v 0.196667 0.608325 -0.01168
v 0.172711 0.594896 0.001571
v 0.160543 0.605911 0.004477
v 0.197115 0.596276 -0.02319
v 0.174604 0.584702 -0.011482
v 0.186095 0.593025 -0.035267
v 0.164795 0.583007 -0.024852
v 0.171906 0.60102 -0.038817
v 0.150671 0.591086 -0.028472
v 0.165232 0.614241 -0.031167
v 0.142868 0.602856 -0.019615
v 0.1711 0.622732 -0.018078
v 0.147261 0.609454 -0.004952
v 0.187933 0.619967 -0.043073
v 0.19507 0.630125 -0.031949
v 0.194155 0.606152 -0.050022
v 0.209049 0.599083 -0.047565
v 0.221401 0.604084 -0.037551
v 0.221909 0.617388 -0.027521
v 0.210191 0.628978 -0.025028
v 0.208233 0.633413 -0.049647
v 0.216036 0.644858 -0.040374
v 0.214641 0.619957 -0.057114
v 0.230433 0.614624 -0.057152
v 0.243719 0.621429 -0.049733
v 0.244493 0.635247 -0.040443
v 0.232173 0.645674 -0.036277
v 0.229342 0.65135 -0.058081
v 0.235733 0.661549 -0.052916
v 0.234291 0.64038 -0.063248
v 0.246853 0.636899 -0.064527
v 0.257568 0.64353 -0.060954
v 0.258368 0.655278 -0.055221
v 0.24865 0.663298 -0.051644
v 0.250849 0.660121 -0.072153
v 0.257144 0.67106 -0.068653
v 0.255799 0.649145 -0.077306
v 0.268266 0.646397 -0.080233
v 0.278862 0.653947 -0.078729
v 0.279608 0.666109 -0.073927
v 0.269943 0.673725 -0.069443
v 0.266102 0.665747 -0.086388
v 0.272205 0.677069 -0.083919
v 0.2711 0.654674 -0.091282
v 0.283436 0.652189 -0.094915
v 0.293819 0.660162 -0.094552
v 0.294432 0.672591 -0.090466
v 0.287563 0.678788 -0.065236
v 0.284813 0.680115 -0.085734
v 0.276393 0.682398 -0.096325
v 0.282288 0.693976 -0.09467
v 0.281455 0.671247 -0.100968
v 0.293662 0.668919 -0.105103
v 0.303822 0.677168 -0.105616
v 0.304285 0.689781 -0.102121
v 0.294701 0.697262 -0.097249
v 0.288232 0.6994 -0.105907
v 0.293322 0.710147 -0.105298
v 0.293007 0.689121 -0.109554
v 0.30405 0.687049 -0.113493
v 0.313046 0.694745 -0.114758
v 0.313221 0.706414 -0.112396
v 0.304443 0.713268 -0.108186
v 0.301412 0.711564 -0.12013
v 0.305556 0.721416 -0.120899
v 0.306055 0.702169 -0.122369
v 0.315989 0.700307 -0.12593
v 0.323733 0.707379 -0.128132
v 0.323456 0.71806 -0.127316
v 0.315366 0.724307 -0.124097
v 0.315218 0.70249 -0.137013
v 0.317421 0.707978 -0.137698
v 0.317768 0.697275 -0.138334
v 0.323151 0.69626 -0.140665
v 0.327314 0.70021 -0.142252
v 0.327121 0.706149 -0.141899
v 0.322718 0.709607 -0.139872
v 0.324218 0.703204 -0.156439
v 0.326972 0.698032 -0.157494
v 0.332301 0.697105 -0.159979
v 0.336193 0.701119 -0.162023
v 0.335717 0.707053 -0.162086
v 0.331231 0.710438 -0.160122
v 0.326113 0.708725 -0.157608
v 0.285904 0.687421 -0.068916
v 0.293903 0.693079 -0.07611
v 0.299159 0.686449 -0.073503
v 0.142322 0.943449 0.101669
v 0.071162 1.009024 0.179884
v 0.158995 0.979668 0.115618
v 0.057386 0.96923 0.165005
v -0.043531 1.026895 0.180118
v -0.04177 0.982519 0.16887
v -0.127604 1.027212 0.131327
v -0.10192 0.97484 0.117835
v -0.14502 1.001888 0.083503
v -0.151899 0.977462 0.024329
v -0.131474 0.998581 -0.095801
v -0.179997 1.020778 0.027206
v -0.123189 0.965009 -0.084721
v -0.046183 0.978675 -0.172082
v -0.056837 0.947518 -0.138269
v 0.065741 0.959307 -0.176399
v 0.054775 0.933329 -0.137164
v 0.156245 0.95112 -0.107892
v 0.134431 0.9269 -0.075048
v 0.201517 0.961552 -0.007783
v 0.16648 0.926948 0.00484
v 0.134625 1.180343 0.004632
v 0.131051 1.171743 -0.047132
v 0.107534 0.972896 -0.01247
v 0.111108 0.981496 0.039294
v 0.101896 1.167594 -0.090709
v 0.078379 0.968748 -0.056047
v 0.054973 1.16901 -0.114425
v 0.031456 0.970163 -0.079762
v 0.002854 1.17561 -0.111923
v -0.020663 0.976763 -0.077261
v -0.040496 1.185626 -0.083874
v -0.064012 0.986779 -0.049212
v -0.06346 1.196374 -0.037795
v -0.086977 0.997528 -0.003133
v -0.059886 1.204975 0.013969
v -0.083403 1.006128 0.048631
v -0.030732 1.209123 0.057546
v -0.054249 1.010276 0.092209
v 0.016192 1.207708 0.081262
v -0.007325 1.008861 0.115924
v 0.068311 1.201107 0.07876
v 0.044794 1.002261 0.113422
v 0.11166 1.191091 0.050711
v 0.088143 0.992245 0.085374
v 0.124721 1.03833 0.049082
v 0.124161 0.963748 -0.006334
v 0.122465 0.969081 0.051624
v 0.130415 1.032228 -0.008544
v 0.096673 0.961943 -0.057633
v 0.106531 1.029669 -0.061585
v 0.047367 0.964149 -0.088528
v 0.059468 1.031342 -0.09583
v -0.010545 0.969775 -0.09074
v 0.001837 1.036795 -0.102102
v -0.061547 0.977314 -0.063677
v -0.05092 1.044569 -0.078721
v -0.091972 0.984746 -0.01459
v -0.084667 1.052581 -0.031952
v -0.093668 0.990078 0.043367
v -0.090361 1.058683 0.025675
v -0.06618 0.991883 0.094667
v -0.066477 1.061241 0.078716
v -0.016875 0.989677 0.125561
v -0.019414 1.059569 0.112961
v 0.041038 0.984051 0.127774
v 0.038217 1.054116 0.119233
v 0.09204 0.976512 0.100711
v 0.090974 1.046342 0.095852
v 0.156732 0.706476 0.041981
v 0.1165 0.670611 -0.063751
v 0.158811 0.67611 0.015267
v 0.127603 0.708291 -0.042946
v 0.040269 0.668576 -0.111174
v 0.060357 0.716097 -0.101949
v -0.049457 0.67055 -0.114295
v -0.026988 0.727804 -0.119219
v -0.128635 0.676006 -0.072278
v -0.104823 0.748352 -0.089437
v -0.176049 0.68348 0.003619
v -0.155726 0.754396 -0.015001
v -0.178996 0.69097 0.093059
v -0.166521 0.740187 0.102151
v -0.136684 0.696469 0.172077
v -0.127535 0.756975 0.145598
v -0.060453 0.698504 0.2195
v -0.0594 0.747288 0.201466
v 0.029273 0.69653 0.222622
v 0.015025 0.749217 0.202992
v 0.108451 0.691074 0.180605
v 0.096255 0.744981 0.173186
v 0.155865 0.6836 0.104708
v 0.127548 0.729945 0.109426
v 0.16837 0.586145 -0.122655
v 0.197582 0.551539 -0.188045
v 0.169186 0.563933 -0.123981
v 0.105351 0.573138 -0.154056
v 0.08535 0.618858 -0.132878
v 0.15033 0.617114 -0.103919
v 0.133747 0.560743 -0.21812
v 0.101123 0.583993 -0.155705
v 0.131457 0.661554 -0.07348
v 0.134857 0.664212 -0.082339
v 0.084544 0.6271 -0.142415
v 0.066683 0.657329 -0.098863
v 0.097233 0.70064 -0.044143
v 0.103821 0.703433 -0.054306
v 0.032042 0.695132 -0.072141
v 0.037029 0.702661 -0.079298
v 0.127164 0.690818 -0.090409
v 0.069774 0.701542 -0.023795
v 0.117819 0.7133 -0.085711
v 0.060915 0.687927 -0.134685
v 0.087333 0.648161 -0.171637
v 0.1467 0.665424 -0.122061
v 0.01287 0.676169 -0.072768
v 0.06141 0.675787 -0.139591
v 0.1816 0.630829 -0.162373
v 0.176368 0.624651 -0.154965
v 0.147126 0.664838 -0.122535
v 0.081453 0.635695 -0.168834
v 0.123277 0.621214 -0.212676
v 0.148404 0.662256 -0.118276
v 0.148913 0.661572 -0.118943
v 0.082509 0.635572 -0.168679
v 0.20545 0.600465 -0.216443
v 0.200748 0.593792 -0.205265
v 0.144047 0.591085 -0.265656
v 0.143062 0.580651 -0.258251
v 0.020793 0.889216 -0.142365
v 0.02787 0.894056 -0.114287
v 0.000992 0.896163 -0.130771
v 0.028319 0.864488 -0.141467
v 0.035378 0.86932 -0.113466
v 0.014292 0.843567 -0.135594
v 0.021106 0.848286 -0.108692
v -0.010724 0.842207 -0.129169
v -0.0042 0.846793 -0.103562
v -0.027891 0.861432 -0.12703
v -0.021483 0.865965 -0.101938
v -0.024284 0.886766 -0.130787
v -0.017729 0.891366 -0.105043
v -0.003851 0.866031 -0.148569
v 0.007741 0.901732 -0.112754
v -0.087449 0.380311 -0.144772
v -0.080753 0.377711 -0.127255
v -0.113504 0.382117 -0.112128
v -0.077154 0.37161 -0.153433
v -0.068911 0.369902 -0.136454
v -0.080796 0.353091 -0.155111
v -0.072462 0.35135 -0.13795
v -0.091056 0.346344 -0.133306
v -0.098696 0.34786 -0.150898
v -0.126861 0.351183 -0.135519
v -0.119542 0.349069 -0.117682
v -0.13807 0.357724 -0.125862
v -0.130974 0.354948 -0.107818
v -0.136159 0.376231 -0.122274
v -0.129141 0.373498 -0.104416
v -0.119982 0.384963 -0.129879
v -0.109698 0.306676 -0.186603
v -0.102007 0.303719 -0.169559
v -0.134359 0.303447 -0.153
v -0.098898 0.299759 -0.196206
v -0.089792 0.297893 -0.179691
v -0.100563 0.281095 -0.199024
v -0.091355 0.279195 -0.182333
v -0.109073 0.27185 -0.177381
v -0.117586 0.273633 -0.194543
v -0.145255 0.272785 -0.177972
v -0.136984 0.270358 -0.160597
v -0.156682 0.277394 -0.167493
v -0.148553 0.274273 -0.149949
v -0.156653 0.295729 -0.16271
v -0.148612 0.292654 -0.145345
v -0.141871 0.306688 -0.17027
v 0.222505 0.188087 0.065516
v 0.420291 0.004923 0.140355
v 0.283274 0 0.172345
v 0.42193 0.136944 0.040836
v 0.534212 0.029228 -0.025901
v 0.477684 0.140395 -0.031649
v 0.50952 0.036491 -0.164316
v 0.465795 0.145054 -0.122267
v 0.394051 0.040585 -0.244762
v 0.393228 0.148193 -0.177933
v 0.255445 0.039112 -0.220113
v 0.259721 0.152279 -0.17383
v 0.174896 0.032936 -0.104809
v 0.174841 0.158379 -0.121402
v 0.199588 0.025673 0.033607
v 0.211161 0.222921 -0.026832
v 0.335772 0.149757 -0.174766
v 0.167129 0.217682 -0.079664
v 0.324042 0.178756 -0.055423
v -0.219939 0.243383 -0.004765
v -0.301252 0.013736 0.205109
v -0.351694 0.040083 -0.053334
v -0.191158 0.240684 0.232665
v -0.095191 0.002336 0.420286
v -0.069549 0.193332 0.311125
v 0.207357 0.00191 0.385471
v 0.133745 0.250513 0.278059
v 0.369068 0.007571 0.110228
v 0.215771 0.221322 0.103447
v 0.275302 0.037527 -0.17597
v 0.190807 0.239369 -0.065785
v 0.055991 0.056905 -0.322797
v 0.05285 0.253306 -0.167577
v -0.20372 0.057964 -0.271999
v -0.117287 0.254969 -0.142302
v 0.136243 0.155134 -0.090291
v 0.267086 0.024503 -0.051587
v 0.114038 0.027675 -0.024491
v 0.206003 0.125906 -0.05764
v 0.356352 0.030189 -0.178736
v 0.289535 0.152894 -0.133956
v 0.329547 0.041403 -0.331456
v 0.285314 0.162147 -0.283273
v 0.202372 0.051576 -0.420286
v 0.205418 0.169249 -0.344731
v 0.049325 0.054748 -0.393191
v 0.105261 0.172217 -0.331665
v -0.0892 0.062933 -0.267183
v 0.012639 0.159183 -0.258599
v -0.013137 0.037848 -0.113321
v 0.056347 0.162235 -0.151749
v 0.096295 0.158685 -0.12102
v 0.175474 0.201866 -0.213381
v -0.279484 0.133521 0.350564
v -0.146569 0.003283 0.383028
v -0.299136 0.003905 0.412869
v -0.179549 0.132083 0.335672
v -0.05964 0.013788 0.254572
v -0.090634 0.11376 0.25082
v -0.089273 0.029265 0.102749
v -0.133948 0.148002 0.155314
v -0.218108 0.040649 0.016495
v -0.214994 0.156034 0.095499
v -0.370675 0.041271 0.046337
v -0.31493 0.157471 0.110391
v -0.457604 0.030766 0.174793
v -0.375213 0.151473 0.191266
v -0.427971 0.015289 0.326615
v -0.360531 0.141552 0.29075
v -0.246123 0.187852 0.223325
v -0.126607 0.143042 0.205055
v -0.386726 0.11658 0.090791
v -0.294092 0.036487 0.108353
v -0.420596 0.03556 0.126846
v -0.322693 0.118694 0.090923
v -0.192798 0.041373 0.043915
v -0.249315 0.144353 0.011323
v -0.262962 0.047647 -0.098803
v -0.24185 0.145826 -0.070576
v -0.356563 0.050966 -0.164013
v -0.353334 0.121323 -0.110035
v -0.468918 0.049772 -0.144032
v -0.433639 0.127503 -0.089976
v -0.534212 0.044765 -0.050565
v -0.475976 0.135219 -0.041442
v -0.514197 0.038878 0.061636
v -0.466339 0.131442 0.032013
v -0.350287 0.163055 -0.033664
vn -0.1226183 0.9886995 -0.08624499
vn -0.07884536 0.9968761 -0.004647238
vn -7.588013E-06 0.9990069 0.04455692
vn 0.09277041 0.994521 0.0481848
vn 0.1746289 0.9846203 0.005264318
vn 0.2236339 0.9719577 -0.0727052
vn 0.2266547 0.9599262 -0.1648312
vn 0.1828818 0.9517495 -0.246429
vn 0.104044 0.9496188 -0.2956332
vn 0.01126607 0.9541048 -0.2992609
vn -0.07059245 0.9640054 -0.2563404
vn -0.1195975 0.9766681 -0.1783701
vn -0.4535439 0.8912298 0.002721871
vn -0.3284858 0.9145902 0.2358432
vn -0.1032484 0.9206779 0.3764201
vn 0.161816 0.9078617 0.3867851
vn 0.3956835 0.8795758 0.264161
vn 0.5356897 0.8433992 0.04140517
vn 0.54432 0.8090256 -0.2217961
vn 0.4192618 0.7856652 -0.4549174
vn 0.1940245 0.7795776 -0.5954943
vn -0.07103986 0.7923937 -0.6058594
vn -0.3049075 0.8206797 -0.4832353
vn -0.4449137 0.8568562 -0.2604793
vn -0.7221919 0.685861 0.0896308
vn -0.5328278 0.7212334 0.4426251
vn -0.1917715 0.7304516 0.6554878
vn 0.2095911 0.7110451 0.6711828
vn 0.5637153 0.6682143 0.4855046
vn 0.775714 0.6134355 0.1482053
vn 0.7887819 0.5613868 -0.2503361
vn 0.5994179 0.5260141 -0.6033303
vn 0.2583617 0.5167962 -0.816193
vn -0.143001 0.5362025 -0.831888
vn -0.4971253 0.5790333 -0.6462097
vn -0.7091238 0.6338122 -0.3089103
vn -0.8998906 0.4040665 0.164095
vn -0.6699356 0.4470213 0.5927548
vn -0.2557725 0.4582152 0.8512457
vn 0.2316238 0.434649 0.8703049
vn 0.6616559 0.3826373 0.6448257
vn 0.9190972 0.3161165 0.235225
vn 0.9349664 0.2529105 -0.2487452
vn 0.7050113 0.209956 -0.6774051
vn 0.2908483 0.198762 -0.9358958
vn -0.1965479 0.2223281 -0.954955
vn -0.6265802 0.2743399 -0.7294757
vn -0.8840215 0.3408609 -0.319875
vn -0.9724743 0.08011253 0.2188052
vn -0.728722 0.1256445 0.6731849
vn -0.2897091 0.13751 0.9471852
vn 0.2269311 0.1125299 0.967388
vn 0.6827652 0.05739737 0.72838
vn 0.955653 -0.01311477 0.2942031
vn 0.9724743 -0.08011279 -0.2188054
vn 0.7287219 -0.1256448 -0.6731849
vn 0.2897091 -0.1375104 -0.947185
vn -0.226931 -0.1125302 -0.9673879
vn -0.6827652 -0.05739775 -0.7283798
vn -0.9556531 0.01311446 -0.2942029
vn -0.9349664 -0.2529105 0.248745
vn -0.7050113 -0.209956 0.6774051
vn -0.2908483 -0.198762 0.9358958
vn 0.1965479 -0.2223281 0.954955
vn 0.6265802 -0.2743397 0.7294759
vn 0.8840215 -0.3408608 0.319875
vn 0.8998906 -0.4040666 -0.1640951
vn 0.6699355 -0.4470213 -0.592755
vn 0.2557726 -0.4582151 -0.8512457
vn -0.2316238 -0.4346491 -0.8703049
vn -0.6616559 -0.3826371 -0.6448258
vn -0.9190973 -0.3161163 -0.2352249
vn -0.7887821 -0.5613866 0.250336
vn -0.5994179 -0.5260142 0.6033303
vn -0.2583617 -0.5167962 0.816193
vn 0.143001 -0.5362025 0.831888
vn 0.4971253 -0.5790333 0.6462097
vn 0.7091238 -0.6338122 0.3089103
vn 0.7221918 -0.6858611 -0.08963093
vn 0.5328277 -0.7212334 -0.4426252
vn 0.1917716 -0.7304515 -0.6554878
vn -0.2095912 -0.7110451 -0.6711828
vn -0.5637154 -0.6682143 -0.4855045
vn -0.775714 -0.6134356 -0.1482051
vn -0.5443199 -0.8090256 0.2217961
vn -0.4192618 -0.7856652 0.4549174
vn -0.1940244 -0.7795776 0.5954943
vn 0.07103989 -0.7923937 0.6058593
vn 0.3049074 -0.8206796 0.4832354
vn 0.4449136 -0.8568562 0.2604792
vn 0.4535438 -0.8912299 -0.002721816
vn 0.3284857 -0.9145902 -0.2358432
vn 0.1032484 -0.9206778 -0.3764201
vn -0.1618159 -0.9078617 -0.3867852
vn -0.3956835 -0.8795757 -0.2641612
vn -0.5356897 -0.8433992 -0.04140476
vn -0.2266546 -0.9599263 0.1648308
vn -0.1828817 -0.9517496 0.2464285
vn -0.104044 -0.9496189 0.295633
vn -0.01126606 -0.9541048 0.299261
vn 0.07059237 -0.9640054 0.2563404
vn 0.1195974 -0.976668 0.1783706
vn 0.1226182 -0.9886994 0.08624545
vn 0.07884525 -0.9968761 0.004647647
vn 7.585026E-06 -0.9990069 -0.04455685
vn -0.09277037 -0.994521 -0.04818473
vn -0.1746288 -0.9846203 -0.005264013
vn -0.2236339 -0.9719577 0.07270548
vn -0.01550163 0.9989977 -0.04199159
vn 0.06194071 0.9980354 0.009415991
vn 0.154116 0.9879242 0.01593977
vn 0.2363255 0.9713733 -0.02416889
vn 0.2865414 0.9528177 -0.1001632
vn 0.2913083 0.937229 -0.1916803
vn 0.2493489 0.9287845 -0.2741981
vn 0.1719064 0.9297467 -0.325606
vn 0.0797315 0.9398581 -0.3321291
vn -0.002478094 0.9564089 -0.2920205
vn -0.05269415 0.9749646 -0.2160266
vn -0.05746084 0.9905533 -0.1245092
vn -0.2763151 0.9413329 0.1937584
vn -0.05506394 0.9385837 0.3406297
vn 0.208278 0.9096962 0.3592674
vn 0.4431482 0.8624109 0.2446776
vn 0.5866137 0.8093978 0.02756459
vn 0.6002328 0.7648615 -0.2338963
vn 0.4803564 0.7407358 -0.469647
vn 0.2591052 0.7434849 -0.6165182
vn -0.004236589 0.7723725 -0.6351559
vn -0.2391068 0.8196579 -0.5205659
vn -0.3825723 0.872671 -0.3034531
vn -0.3961914 0.9172073 -0.04199197
vn -0.4980405 0.7688261 0.4010762
vn -0.1630202 0.7646632 0.6234698
vn 0.2357344 0.7209217 0.6516911
vn 0.5913771 0.6493217 0.4781783
vn 0.8086138 0.5690486 0.149424
vn 0.829236 0.5016116 -0.2464824
vn 0.647718 0.4650803 -0.6034582
vn 0.3126976 0.469243 -0.8258518
vn -0.08605688 0.5129848 -0.8540731
vn -0.4416995 0.5845847 -0.6805604
vn -0.6589362 0.6648576 -0.3518061
vn -0.6795585 0.7322947 0.04410066
vn -0.6562575 0.5094025 0.5566285
vn -0.2494242 0.5043473 0.8266931
vn 0.234805 0.4512295 0.8609638
vn 0.666681 0.3642818 0.6502578
vn 0.9304832 0.2668018 0.2510338
vn 0.9555258 0.1849096 -0.2297367
vn 0.7350988 0.1405475 -0.6632317
vn 0.3282655 0.1456027 -0.9332961
vn -0.1559636 0.1987205 -0.9675668
vn -0.5878395 0.2856681 -0.756861
vn -0.8516417 0.383148 -0.3576368
vn -0.8766844 0.4650403 0.1231339
vn -0.737419 0.195493 0.646526
vn -0.3061756 0.1901346 0.9327944
vn 0.2071074 0.1338295 0.9691214
vn 0.6648959 0.04166517 0.7457731
vn 0.9445263 -0.06166338 0.3225955
vn 0.9710715 -0.1484695 -0.1870214
vn 0.7374188 -0.1954935 -0.646526
vn 0.3061754 -0.1901349 -0.9327944
vn -0.2071074 -0.13383 -0.9691213
vn -0.664896 -0.04166558 -0.7457731
vn -0.9445263 0.06166315 -0.3225954
vn -0.9710715 0.1484692 0.1870215
vn -0.7350989 -0.1405474 0.6632316
vn -0.3282655 -0.1456026 0.9332961
vn 0.1559635 -0.1987204 0.9675668
vn 0.5878396 -0.285668 0.7568609
vn 0.8516417 -0.383148 0.3576368
vn 0.8766844 -0.4650403 -0.1231338
vn 0.6562574 -0.5094023 -0.5566288
vn 0.249424 -0.5043473 -0.8266932
vn -0.2348049 -0.4512294 -0.8609639
vn -0.6666811 -0.3642817 -0.6502579
vn -0.9304832 -0.2668017 -0.2510339
vn -0.9555258 -0.1849094 0.2297368
vn -0.6477181 -0.4650803 0.6034581
vn -0.3126977 -0.4692431 0.8258518
vn 0.08605676 -0.5129848 0.8540731
vn 0.4416995 -0.5845847 0.6805604
vn 0.6589361 -0.6648577 0.351806
vn 0.6795584 -0.7322948 -0.04410046
vn 0.4980404 -0.7688261 -0.4010763
vn 0.16302 -0.7646633 -0.6234698
vn -0.2357343 -0.7209217 -0.6516911
vn -0.5913771 -0.6493219 -0.4781782
vn -0.8086137 -0.5690487 -0.149424
vn -0.8292359 -0.5016116 0.2464825
vn -0.4803565 -0.7407358 0.4696468
vn -0.2591052 -0.7434849 0.6165182
vn 0.00423663 -0.7723724 0.6351559
vn 0.2391068 -0.8196579 0.520566
vn 0.3825723 -0.872671 0.3034531
vn 0.3961914 -0.9172072 0.04199204
vn 0.276315 -0.9413329 -0.1937586
vn 0.05506389 -0.9385837 -0.3406297
vn -0.2082779 -0.9096963 -0.3592674
vn -0.4431482 -0.8624108 -0.2446777
vn -0.5866137 -0.8093977 -0.0275648
vn -0.6002327 -0.7648616 0.2338963
vn -0.2493489 -0.9287845 0.2741977
vn -0.1719064 -0.9297467 0.3256059
vn -0.07973127 -0.939858 0.3321294
vn 0.002477984 -0.9564089 0.2920203
vn 0.05269396 -0.9749646 0.2160265
vn 0.0574607 -0.9905533 0.1245094
vn 0.01550158 -0.9989977 0.04199198
vn -0.06194093 -0.9980354 -0.009416109
vn -0.1541157 -0.9879242 -0.01593906
vn -0.2363253 -0.9713734 0.02416926
vn -0.2865411 -0.9528177 0.1001635
vn -0.2913081 -0.9372291 0.1916801
vn 0.4665157 0.8001317 -0.3770309
vn 0.6455538 -0.09631364 -0.7576174
vn 0.2769049 -0.8327491 -0.4794295
vn -0.2975593 -0.9407072 0.1628755
vn -0.6459678 -0.3422086 0.6823627
vn -0.511007 0.5152631 0.6880232
vn 0.1265944 0.9910654 0.04198995
vn -0.3931826 0.7296293 -0.5595075
vn 0.6892134 -0.1770191 0.7026017
vn -0.3384444 0.695734 -0.633569
vn -0.8787751 0.4006473 -0.2592993
vn -0.9668805 -0.009162152 -0.2550651
vn -0.7993841 -0.3125477 -0.5131267
vn -0.5094402 -0.2475765 -0.8241217
vn -0.3364716 0.1127252 -0.9349224
vn 0.04473355 0.9983431 0.03619705
vn 0.4127783 0.7175651 -0.5609942
vn 0.7421229 -0.003373977 0.6702553
vn -0.184226 0.9826304 -0.02232165
vn -0.1608057 0.9846674 0.06761409
vn -0.0955442 0.9863935 0.1337882
vn -0.005928633 0.987346 0.1584701
vn 0.08402884 0.9872699 0.1350457
vn 0.1502241 0.9861855 0.06979167
vn 0.1749201 0.9843834 -0.01980669
vn 0.1514997 0.9823464 -0.1097424
vn 0.0862383 0.9806204 -0.1759165
vn -0.003377236 0.9796678 -0.2005985
vn -0.09333477 0.9797438 -0.177174
vn -0.15953 0.9808283 -0.11192
vn -0.5170952 0.8556459 -0.02197118
vn -0.4501838 0.8614655 0.234972
vn -0.2637337 0.8663967 0.42403
vn -0.007704378 0.8691182 0.4945444
vn 0.2493016 0.8689008 0.4276216
vn 0.4384196 0.8658027 0.241193
vn 0.5089755 0.860654 -0.01478778
vn 0.442064 0.8548344 -0.2717308
vn 0.255614 0.8499032 -0.4607886
vn -0.0004153983 0.8471817 -0.5313031
vn -0.2574213 0.8473991 -0.4643804
vn -0.4465394 0.8504972 -0.2779515
vn -0.7798207 0.6257169 -0.01892107
vn -0.6785028 0.634529 0.3701444
vn -0.3961786 0.641996 0.6564173
vn -0.008496653 0.6461169 0.7631912
vn 0.3806639 0.6457876 0.661856
vn 0.667028 0.6410965 0.3795643
vn 0.7738643 0.6333004 -0.008043987
vn 0.6725464 0.6244882 -0.3971094
vn 0.3902223 0.6170214 -0.6833822
vn 0.002540311 0.6129004 -0.7901561
vn -0.3866204 0.6132295 -0.688821
vn -0.6729844 0.6179208 -0.4065292
vn -0.9449306 0.3269839 -0.01370614
vn -0.8218947 0.337685 0.458757
vn -0.4790532 0.3467523 0.8063937
vn -0.008270116 0.3517566 0.936055
vn 0.4643086 0.3513569 0.8129982
vn 0.8120558 0.3456602 0.4701962
vn 0.9417931 0.3361927 -0.0004975031
vn 0.8187572 0.3254919 -0.4729607
vn 0.4759158 0.3164244 -0.8205972
vn 0.005132683 0.3114201 -0.9502585
vn -0.4674461 0.31182 -0.8272016
vn -0.8151934 0.3175165 -0.4843996
vn -0.9999636 -0.004880817 -0.007000679
vn -0.8695456 0.006462126 0.4938104
vn -0.5061336 0.01607374 0.8623053
vn -0.007103447 0.02137829 0.9997463
vn 0.49383 0.02095451 0.869306
vn 0.8624421 0.01491583 0.5059358
vn 0.9999636 0.004880561 0.007000467
vn 0.8695456 -0.006462539 -0.4938104
vn 0.5061336 -0.01607393 -0.8623053
vn 0.00710355 -0.02137848 -0.9997463
vn -0.49383 -0.02095478 -0.869306
vn -0.8624422 -0.01491617 -0.5059357
vn -0.3878073 -0.9215846 0.01695152
vn -0.8187572 -0.325492 0.4729604
vn -0.4759157 -0.3164245 0.8205972
vn -0.005132667 -0.3114201 0.9502585
vn 0.4674461 -0.3118198 0.8272017
vn 0.8151934 -0.3175167 0.4843996
vn 0.9449306 -0.3269838 0.01370595
vn 0.8218947 -0.337685 -0.4587571
vn 0.4790532 -0.3467525 -0.8063937
vn 0.008270013 -0.3517568 -0.9360549
vn -0.241262 -0.8780309 -0.4133454
vn -0.4298233 -0.871514 -0.236041
vn -0.7515053 -0.6544879 0.08297864
vn 0.1757001 -0.9736069 0.1456675
vn 0.02779496 -0.9994532 -0.01791462
vn 0.007674867 -0.8730435 -0.487582
vn -0.2228933 -0.8974134 -0.3807465
vn -0.1695207 -0.9821764 -0.0811925
vn -0.1582066 -0.9872038 0.01998611
vn -0.112745 -0.9897279 0.08790468
vn -0.07280244 -0.9862303 0.1484912
vn 0.308788 -0.9018191 0.3022787
vn -0.3863271 -0.7019114 -0.5983911
vn -0.651697 -0.6744897 -0.3469216
vn -0.2515656 -0.9609138 0.1155828
vn 0.5396871 -0.6308868 0.5574223
vn -0.1942706 -0.8318905 0.5198241
vn 0.06576557 -0.8160917 0.5741684
vn 0.3013841 -0.8105798 0.5021236
vn 0.3811009 -0.8368639 0.3929643
vn 0.4958988 -0.8656126 0.06927747
vn 0.4798571 -0.8676117 -0.1303346
vn 0.2350498 -0.8914946 -0.3872841
vn -0.4507332 -0.7390278 -0.500677
vn -0.1233795 -0.991485 -0.04165302
vn -0.1574693 -0.6615084 -0.733219
vn 0.7097725 -0.7012488 0.06688163
vn 0.6747018 -0.5392908 0.5039276
vn 0.006780531 -0.6052369 -0.7960165
vn 0.5808709 -0.6518416 -0.4875363
vn -0.3392998 -0.7711275 -0.5387375
vn -0.7895955 -0.5950935 -0.1496754
vn -0.8304137 -0.5566684 -0.02309724
vn -0.7933703 -0.529856 0.2996936
vn -0.4098959 -0.5692312 0.712714
vn -0.06653529 -0.6115458 0.7884065
vn 0.3015333 -0.6930912 0.6547537
vn 0.7185592 -0.6200804 -0.3149177
vn -0.4408389 -0.8090521 -0.3887106
vn -0.3079686 -0.8337189 -0.4583319
vn -0.4004725 -0.6994201 -0.5919741
vn -0.4330118 -0.8699362 -0.2360333
vn -0.6499295 -0.6834652 -0.3323659
vn -0.04795873 -0.9987755 -0.01214109
vn 0.02671288 -0.9970544 -0.07189561
vn 0.2227572 -0.9730088 -0.060276
vn -0.5150329 -0.8529016 0.08543945
vn -0.3584419 -0.8439137 -0.3991606
vn -0.7675254 -0.6235802 -0.1485007
vn -0.2252517 -0.9710416 0.07962299
vn -0.2169228 -0.971862 0.09180862
vn 0.05381278 -0.9933643 0.1016449
vn 0.2796672 -0.959854 -0.02159938
vn 0.05225492 -0.8121102 0.5811595
vn -0.2501778 -0.8851924 -0.3922315
vn -0.4912161 -0.8704147 -0.03294094
vn 0.3811413 -0.8210489 0.4249825
vn -0.1785763 -0.9833024 0.03502779
vn -0.1252523 -0.9862028 0.1082397
vn 0.4546559 -0.8790464 -0.1434066
vn -0.4649194 -0.7799745 -0.4189149
vn 0.1053004 -0.9932023 -0.04960884
vn 0.7848647 -0.36625 -0.4998483
vn 0.7416904 0.5058842 -0.4404276
vn -0.2244226 0.9743233 0.01813067
vn -0.834798 0.4125109 0.3646191
vn -0.7301833 -0.5796153 0.3617714
vn -0.4321223 -0.02202808 -0.9015459
vn -0.02435888 -0.2682322 0.9630463
vn -0.8164499 0.4174567 0.3989227
vn -0.265828 0.9595577 -0.09265225
vn 0.5949419 0.5648408 -0.5718383
vn 0.7458379 -0.4066388 -0.5276085
vn 0.06924614 -0.9953545 -0.06689239
vn -0.7358118 -0.5776837 0.3533589
vn -0.4244123 0.05492197 -0.9038019
vn -0.9105495 0.397121 0.1148681
vn -0.2092167 0.9564746 -0.2034321
vn 0.6019975 0.559916 -0.5692917
vn 0.7649853 -0.4166044 -0.4911601
vn 0.08883967 -0.9957529 -0.02416065
vn -0.644806 -0.7048895 0.2955608
vn -0.4712639 -0.07927497 -0.8784223
vn -0.7830649 0.5329302 0.3206162
vn -0.103217 0.9946569 -0.002022683
vn 0.6396852 0.5611273 -0.525299
vn 0.6179326 -0.4217087 -0.663567
vn -0.07761411 -0.944288 -0.319838
vn -0.8479727 -0.4762961 0.2325603
vn 0.7453828 0.4139814 0.5225168
vn 0.834751 -0.1374177 0.5332048
vn 0.4395568 -0.5461615 0.7130901
vn -0.09301499 0.3486119 0.9326404
vn 0.2395862 0.6609555 0.7111514
vn -0.863634 -0.4639561 0.1971829
vn -0.876815 -0.1157293 -0.4666929
vn -0.7805025 0.4759973 0.4052685
vn -0.5951397 -0.7186149 0.3597238
vn -0.7254627 0.005666357 -0.6882382
vn -0.9084001 0.4042768 0.1066274
vn 0.1633264 0.9725398 -0.1658036
vn 0.006684035 0.8967824 -0.4424213
vn 0.1887649 -0.9689357 -0.1597852
vn 0.8659131 -0.169355 -0.4706522
vn -0.6858956 0.6107223 -0.3956837
vn 0.6865348 0.08232402 -0.7224215
vn 0.2532705 -0.9621073 -0.1010127
vn -0.1293112 0.9915119 0.01352327
vn -0.3887621 0.06819626 -0.9188108
vn 0.6206472 0.4932041 -0.6095464
vn 0.6551229 0.608144 -0.4483022
vn 0.1743218 0.882103 -0.4376143
vn 0.4252973 0.6553335 -0.6242278
vn 0.7851674 -0.406489 -0.4672033
vn 0.1736598 -0.9497912 0.2602673
vn -0.1478533 -0.8769316 0.4573078
vn -0.4133867 -0.7328524 0.5404062
vn -0.8409371 0.2786269 0.4638878
vn -0.3049101 0.942219 -0.1387564
vn -0.611621 -0.2340272 -0.7557454
vn 0.6071595 0.2471103 0.755178
vn -0.5848871 -0.4128305 -0.6981962
vn 0.5507836 0.5984356 -0.5818182
vn -0.5740392 -0.06626271 -0.8161423
vn 0.4655281 -0.06388651 0.8827243
vn 0.6278207 0.3331747 0.7034457
vn 0.2029777 -0.9424248 0.2657736
vn -0.4842089 0.1667119 -0.8589231
vn -0.4198636 -0.6996558 0.5780973
vn -0.4944956 0.1310524 -0.8592435
vn 0.4976073 -0.1633672 0.8518792
vn 0.4806854 -0.1922974 0.8555485
vn -0.592703 -0.1950107 -0.7814562
vn -0.3003785 0.9437423 -0.1382867
vn 0.6106198 0.1988773 0.7665451
vn 0.1880109 0.8831038 -0.4298598
vn -0.1116559 -0.8744757 0.4720437
vn -0.09842476 0.9601787 -0.2614756
vn 0.2535957 0.8809685 -0.3994796
vn 0.9591057 0.003286902 -0.2830292
vn 0.473493 -0.8625647 0.1782881
vn 0.1161306 -0.9505338 0.2880958
vn -0.1954743 -0.929375 0.3131326
vn -0.9585515 -0.1385924 0.2489399
vn -0.613214 0.7837057 -0.09886398
vn -0.3028629 -0.2621604 -0.9162675
vn 0.2938654 0.2726686 0.9161304
vn -0.2208241 -0.4284675 -0.8761577
vn 0.3797635 0.8634691 -0.3319652
vn -0.3222814 -0.0829585 -0.943002
vn 0.262082 -0.08791444 0.9610329
vn 0.2893909 0.369579 0.882986
vn 0.4958034 -0.8468512 0.1924109
vn -0.3238757 0.1700685 -0.9306887
vn -0.2219669 -0.9095129 0.35145
vn -0.3191175 0.1340323 -0.9381894
vn 0.3360372 -0.1608344 0.9280147
vn 0.3313954 -0.1939023 0.9233521
vn -0.2958561 -0.2144184 -0.9308566
vn -0.6098377 0.7865681 -0.0969976
vn 0.3134798 0.2274043 0.9219641
vn -0.08811633 0.9641671 -0.2502348
vn 0.1446439 -0.9389109 0.3122893
vn 0.2817649 0.8232993 -0.4927342
vn 0.4443707 0.5475777 -0.7090088
vn 0.5922697 -0.5665321 -0.5729381
vn 0.009486459 -0.9645002 0.2639115
vn -0.2519001 -0.8239079 0.5076635
vn -0.4632729 -0.6259782 0.6273193
vn -0.6736022 0.4536448 0.5834952
vn -0.1172519 0.9855165 -0.1225121
vn -0.764424 -0.09826678 -0.6371809
vn 0.7628031 0.1120022 0.6368572
vn -0.7669521 -0.2785445 -0.5780981
vn 0.5602342 0.4650996 -0.6854343
vn -0.7027693 0.05739844 -0.7090986
vn 0.5818015 -0.161069 0.7972226
vn 0.7923074 0.1915295 0.5792802
vn 0.04019733 -0.9636005 0.2643073
vn -0.5740568 0.2655439 -0.7745613
vn -0.4562046 -0.5921053 0.6642957
vn -0.5915667 0.2329295 -0.7718762
vn 0.586495 -0.2651692 0.7653162
vn 0.5646843 -0.2897789 0.7727611
vn -0.7422264 -0.06427088 -0.6670602
vn -0.1124871 0.9860308 -0.1228414
vn 0.7578161 0.06417131 0.6493049
vn 0.2964513 0.8213461 -0.4873472
vn -0.2140667 -0.829268 0.5162268
vn -0.3059335 0.8733174 -0.3791062
vn 0.07606933 0.8994348 -0.4303843
vn 0.9561894 0.2834496 -0.07319941
vn 0.6457904 -0.6696786 0.3667225
vn 0.313395 -0.8576741 0.4076504
vn 0.01199157 -0.9313186 0.3640082
vn -0.9088761 -0.4134368 0.05490307
vn -0.7715132 0.5553343 -0.3104374
vn 0.007946132 -0.3787301 -0.9254731
vn -0.0192887 0.3859886 0.9223019
vn 0.1225219 -0.5104308 -0.8511456
vn 0.1825289 0.9238949 -0.3363055
vn -0.05528116 -0.2151656 -0.9750116
vn 0.04418619 0.03495469 0.9984117
vn -0.04351673 0.4755196 0.8786282
vn 0.6587074 -0.6473646 0.3834366
vn -0.132261 0.02566426 -0.9908827
vn -0.02727268 -0.9189237 0.3934915
vn -0.1157455 -0.007489035 -0.9932507
vn 0.1415335 -0.01328429 0.9898443
vn 0.1478015 -0.04635721 0.9879301
vn 0.004161151 -0.331751 -0.9433578
vn -0.7696342 0.5591612 -0.3082238
vn 0.01056163 0.3491118 0.9370216
vn -0.3001278 0.8807042 -0.3664471
vn 0.3308956 -0.8369585 0.4358997
vn 0.2708184 0.9123061 0.3071726
vn 0.5653213 0.8215245 0.07422524
vn 0.8862717 -0.1325618 -0.4437903
vn 0.1125301 -0.9061008 -0.4078214
vn -0.2505518 -0.9254707 -0.2841265
vn -0.5306343 -0.8275022 -0.1834871
vn -0.9373584 0.04829362 0.3450029
vn -0.2710386 0.8438691 0.4630584
vn -0.3874368 0.4120504 -0.8246862
vn 0.3830955 -0.40117 0.832046
vn -0.3742534 0.2369501 -0.8965429
vn 0.675999 0.7310359 0.09280041
vn -0.337676 0.5701391 -0.7489436
vn 0.2173315 -0.6924066 0.6879973
vn 0.4154231 -0.3069465 0.8562754
vn 0.1392521 -0.9089651 -0.3929268
vn -0.2430955 0.7570373 -0.6064644
vn -0.5472891 -0.8258709 -0.1356904
vn -0.2524221 0.7322796 -0.6324949
vn 0.2578271 -0.752211 0.6063859
vn 0.2409528 -0.7734126 0.586323
vn -0.3629735 0.4546459 -0.8133556
vn -0.2668133 0.8439595 0.4653419
vn 0.3841289 -0.4451114 0.808901
vn 0.2819645 0.9058104 0.3162333
vn -0.2195562 -0.9390774 -0.2644406
vn 0.1216024 0.9826658 0.139932
vn 0.4279879 0.9001974 -0.08044179
vn 0.8984359 -0.06692345 -0.433975
vn 0.2564793 -0.9340268 -0.2486211
vn -0.09963314 -0.9883071 -0.1154231
vn -0.3922103 -0.9194818 -0.02691355
vn -0.9350365 -0.04010718 0.3522757
vn -0.4034535 0.8582525 0.3172191
vn -0.443285 0.1973501 -0.8743863
vn 0.4372396 -0.1861764 0.8798636
vn -0.4022133 0.01671557 -0.9153934
vn 0.5514743 0.8327477 -0.04906631
vn -0.4195366 0.3719694 -0.8280265
vn 0.3203529 -0.5202471 0.7916546
vn 0.4541413 -0.08530077 0.8868368
vn 0.2832384 -0.9300516 -0.2340517
vn -0.3564409 0.5931655 -0.7218759
vn -0.4091682 -0.9122342 0.02025086
vn -0.3615989 0.5631276 -0.7430569
vn 0.3702249 -0.5861796 0.7206436
vn 0.3570202 -0.6129088 0.7048967
vn -0.4259213 0.2445601 -0.8710806
vn -0.3993078 0.859397 0.319359
vn 0.4453275 -0.2327474 0.8645878
vn 0.1335865 0.9796619 0.1497241
vn -0.06698205 -0.9932799 -0.09438532
vn 0.006247824 0.9999682 -0.004960548
vn 0.3169376 0.922334 -0.221022
vn 0.8934698 -0.02504594 -0.4484244
vn 0.3617344 -0.9243298 -0.1215018
vn 0.0165979 -0.9994326 0.02931103
vn -0.2807274 -0.9527019 0.1164098
vn -0.9183281 -0.0961808 0.3839567
vn -0.4976448 0.8428555 0.2048035
vn -0.4765334 0.01628755 -0.8790055
vn 0.4692876 -0.005210627 0.8830301
vn -0.4149396 -0.1624306 -0.8952326
vn 0.4480065 0.8748216 -0.1843298
vn -0.4729789 0.1973394 -0.8586898
vn 0.391554 -0.3597521 0.8469144
vn 0.4742057 0.0968805 0.8750675
vn 0.3880469 -0.9152305 -0.108503
vn -0.434994 0.4373531 -0.7870849
vn -0.2977211 -0.9407067 0.1625824
vn -0.4368672 0.4041735 -0.8036112
vn 0.4478321 -0.4290777 0.7844354
vn 0.4376584 -0.4591465 0.7730716
vn -0.4648452 0.06516202 -0.8829909
vn -0.4936327 0.8447677 0.2066262
vn 0.4826143 -0.05225658 0.8742727
vn 0.01864807 0.9998147 0.004772706
vn 0.04991791 -0.9975114 0.04979261
vn 0.6606013 0.4640687 0.590124
vn 0.1546094 0.9659694 -0.2073622
vn -0.5165828 0.5014197 -0.6940609
vn -0.6860641 -0.4447078 -0.5758047
vn -0.1908193 -0.9563051 0.2215142
vn 0.4205128 -0.4621471 0.7807619
vn -0.852612 0.4956037 0.1656196
vn 0.8097148 -0.4136816 -0.4162085
vn -0.3903584 -0.8699136 0.3014477
vn -0.7725715 -0.3001002 -0.5595294
vn -0.441908 0.4639898 -0.767744
vn 0.3798635 0.8749345 -0.3003221
vn 0.7313692 0.351315 0.5845313
vn 0.3409643 -0.4201763 0.8409491
vn -0.8532087 0.5206244 -0.03138912
vn 0.2888441 -0.9135193 0.2864466
vn -0.07913291 -0.7793089 -0.6216235
vn -0.4286074 0.4102848 -0.8049609
vn -0.2429117 0.9246301 -0.2933481
vn 0.1366773 0.7591013 0.6364625
vn 0.3465863 -0.3800838 0.857563
vn -0.8883096 0.4280029 -0.1664922
vn -0.02242019 -0.9234172 0.3831425
vn -0.1311486 -0.7681027 -0.6267523
vn -0.1868122 0.2979867 -0.9361117
vn -0.05659609 0.9203587 -0.3869585
vn 0.1367177 0.765592 0.6286312
vn 0.08916141 -0.258691 0.9618364
vn -0.8221875 0.4718437 -0.3183886
vn -0.5676477 -0.7728171 0.2837779
vn -0.5472791 -0.3843868 -0.7434598
vn -0.1099563 0.2874922 -0.9514504
vn 0.5599575 0.7770895 -0.2873666
vn 0.525614 0.4142523 0.7430512
vn -0.0006437195 -0.236552 0.9716187
vn -0.7307646 0.5026626 -0.4618587
vn -0.6187513 -0.7402876 0.262909
vn -0.4210101 -0.4655655 -0.7784595
vn 0.04645466 0.2220112 -0.9739369
vn 0.5035352 0.7965384 -0.3346328
vn 0.3289612 0.5861712 0.7403972
vn -0.2225337 -0.1277929 0.9665132
vn -0.6399546 0.4837667 -0.5970159
vn -0.5102289 -0.7800525 0.3621942
vn -0.2465388 -0.6324782 -0.7342955
vn 0.1836954 0.160042 -0.9698673
vn 0.4751349 0.7905757 -0.3863118
vn 0.2386503 0.6429063 0.727817
vn -0.2592005 -0.1163515 0.9587896
vn -0.53426 0.4926748 -0.6869045
vn -0.7703223 -0.6256219 0.123292
vn -0.3063451 -0.4156442 -0.8563835
vn 0.2403629 0.1634735 -0.9568188
vn 0.6637916 0.7034157 -0.2541399
vn 0.2577673 0.5252585 0.8109621
vn -0.4107573 -0.04860169 0.9104485
vn -0.3940657 0.5176992 -0.7594075
vn -0.7731434 -0.6199047 0.1340429
vn -0.2054124 -0.4940958 -0.8447929
vn 0.3745441 0.09088086 -0.9227445
vn 0.6858057 0.6784819 -0.2633116
vn 0.1535557 0.6364248 0.7558995
vn -0.5213938 0.02376472 0.8529853
vn -0.2854567 0.4568735 -0.8424851
vn -0.6575548 -0.6779489 0.3286444
vn -0.1830619 -0.262306 -0.9474618
vn 0.4908007 0.0001518173 -0.8712719
vn 0.8816071 0.405845 0.240954
vn 0.1606231 0.3991254 0.9027177
vn -0.6441188 0.1343424 0.7530359
vn -0.166765 0.4187751 -0.8926461
vn -0.7989597 -0.207092 -0.5646029
vn -0.10691 -0.2242118 -0.9686585
vn 0.5331528 -0.02868427 -0.8455326
vn 0.8713936 0.4096842 0.269874
vn 0.08573459 0.4607288 0.8833904
vn -0.7515073 0.2460176 0.6121374
vn -0.07369541 0.3740903 -0.9244596
vn -0.6622502 -0.1076603 -0.7415079
vn -0.02021581 -0.2135518 -0.9767226
vn 0.7404253 -0.2213499 -0.6346453
vn 0.6248426 0.06996178 0.7776099
vn 0.02004099 0.2310946 0.9727249
vn -0.7693343 0.2582415 0.5843254
vn 0.02968772 0.3527089 -0.9352621
vn 0.0422141 -0.2427111 -0.9691797
vn 0.509537 0.6552977 -0.5576352
vn 0.1215995 0.3711559 0.9205742
vn -0.8464355 -0.3181476 -0.4270001
vn -0.608695 -0.741393 0.2825364
vn 0.002975757 0.2909779 0.9567252
vn 0.1338171 0.957196 -0.2566492
vn -0.8738367 -0.2708525 -0.4037926
vn 0.3887832 0.2006661 0.8992112
vn 0.6052312 -0.5605277 0.5652469
vn 0.382244 -0.9141202 -0.1351808
vn -0.1232571 -0.5771793 -0.8072619
vn -0.525669 0.235422 -0.8174648
vn -0.5515345 0.8013127 -0.2317493
vn -0.1693348 0.8263763 0.5370548
vn 0.4976234 0.6087288 -0.6179161
vn -0.5255008 -0.7058259 0.4750355
vn -0.4412213 0.8097829 -0.3867499
vn -0.4878106 0.22308 -0.8439645
vn -0.2024494 -0.6741436 -0.7103132
vn 0.3009073 -0.9529126 0.03758266
vn 0.5651799 -0.5349109 0.6280463
vn 0.4413282 0.2650952 0.8572946
vn -0.08088033 0.9235301 0.3749007
vn 0.3824072 0.5468717 -0.7447793
vn -0.6108219 0.7243182 -0.3197808
vn -0.4511162 0.2448032 -0.858234
vn -0.08750699 -0.3949153 -0.9145406
vn 0.521096 -0.8284243 -0.2053587
vn 0.6773754 -0.4477727 0.5836627
vn 0.3837796 0.1431459 0.9122623
vn -0.2243735 0.7186278 0.6582026
vn 0.1809481 0.5417172 -0.8208534
vn -0.7013692 0.6520177 -0.2880175
vn -0.4955138 0.2060737 -0.8438008
vn -0.1113177 -0.2130532 -0.9706785
vn 0.5859917 -0.6188732 -0.5230772
vn 0.8545626 -0.3012167 0.4230736
vn 0.5034853 0.2550246 0.825509
vn -0.185917 0.7304599 0.6571631
vn 0.02946758 0.4367705 -0.8990902
vn -0.6156803 0.5855684 -0.5273021
vn -0.5770984 0.1196195 -0.8078668
vn -0.2745289 -0.5910317 -0.7584956
vn 0.5192559 -0.8388534 0.163396
vn 0.7039464 -0.3240147 0.6320395
vn 0.5465493 0.2685789 0.7931894
vn -0.165267 0.9257995 0.3399739
vn -0.1339523 0.3710425 -0.9189039
vn -0.6899695 0.5194091 -0.5041392
vn -0.682988 0.02451441 -0.7300181
vn -0.3155151 -0.7188445 -0.6194456
vn 0.5625465 -0.7897089 0.2447475
vn 0.7592381 -0.2579442 0.5975135
vn -0.04263747 -0.5465342 0.8363507
vn -0.1965283 0.9616338 0.1914085
vn -0.2092849 0.314709 -0.9258283
vn -0.8752205 0.475013 -0.09138848
vn -0.6885319 -0.0004685868 -0.725206
vn -0.3421135 -0.3165433 -0.8847365
vn 0.5141507 -0.6562217 -0.5522882
vn 0.8594729 -0.1815785 0.4778448
vn 0.5650597 0.2130023 0.7970807
vn 0.01001658 0.5430998 0.8396084
vn -0.2632267 0.2665687 -0.9271746
vn -0.8613468 0.4481111 -0.2393285
vn -0.6263368 0.01405212 -0.7794259
vn -0.3561586 -0.2120733 -0.9100417
vn 0.4118986 -0.5737985 -0.7078806
vn 0.8390473 -0.1482989 0.5234569
vn 0.5573635 0.2040609 0.8048014
vn 0.05109754 0.5330087 0.8445655
vn -0.2971676 0.1937366 -0.9349639
vn -0.8303279 0.3689595 -0.4176416
vn -0.6669468 -0.09826042 -0.7385979
vn -0.3743816 -0.4319908 -0.8205013
vn 0.6215294 -0.7542287 -0.2117554
vn 0.8313241 -0.07452211 0.5507692
vn 0.6051826 0.383607 0.697567
vn -0.08719457 0.842168 0.5321187
vn -0.3261799 0.06359033 -0.9431664
vn -0.6971816 0.2239096 -0.6810304
vn -0.8124022 -0.2746874 -0.5143438
vn -0.09628882 -0.9699821 0.2233009
vn 0.6751125 -0.5671391 0.4717801
vn 0.9712002 0.01071854 0.2380236
vn 0.3671879 0.7614522 -0.5341945
vn -0.4210097 0.5486495 -0.722312
vn -0.3904382 0.04197063 -0.919672
vn -0.8696731 0.3001955 -0.3918563
vn -0.8521724 -0.3099692 -0.42157
vn -0.2437403 -0.9571924 -0.1561203
vn 0.7145696 -0.6358579 0.2916762
vn 0.919939 0.006551669 0.3920068
vn 0.6634068 0.6810691 0.3098973
vn -0.3493935 0.9301217 -0.1131276
vn -0.428484 -0.04402694 -0.9024761
vn -0.8957458 0.226503 -0.3825388
vn -0.83957 -0.3650067 -0.4023583
vn 0.756054 -0.5631383 0.333553
vn 0.9081569 0.07731123 0.4114292
vn -0.6201335 0.7334401 -0.2783884
vn 0.04685438 0.5740305 -0.8174923
vn 0.6733405 -0.6543921 0.3440693
vn 0.2440949 0.5163012 0.8208842
vn -0.3065292 0.3227865 0.8954601
vn 0.421975 0.422945 0.8019069
vn -0.6977044 0.6724997 -0.2468862
vn 0.7540592 0.3898579 -0.5285884
vn 0.4050339 -0.4849555 0.7750909
vn -0.05019584 -0.3344871 0.9410626
vn -0.4888388 -0.2325273 0.8408137
vn -0.7107574 -0.4808336 0.5134422
vn -0.8231696 -0.5186235 -0.2311309
vn -0.6647968 -0.3769324 -0.6449552
vn -0.1485436 -0.7034811 -0.6950173
vn 0.2828165 -0.8342565 -0.473319
vn 0.591513 -0.7846106 -0.185738
vn 0.7940642 -0.499126 0.3468936
vn -0.1615423 -0.9787263 0.1264868
vn 0.1491903 0.9605151 -0.2348467
vn 0.6321146 -0.7323567 -0.2531503
vn 0.7234739 -0.6276569 0.2874586
vn 0.2774662 -0.8519846 -0.4439986
vn -0.09822656 -0.8169151 -0.568332
vn -0.6271226 -0.464301 -0.6254134
vn -0.9305916 -0.2992503 -0.2108283
vn -0.6807113 -0.6458358 0.3457287
vn -0.5439338 -0.4493206 0.7086939
vn 0.004878638 -0.245526 0.9693778
vn 0.4447658 -0.4446706 0.7774649
vn 0.1300025 0.9834511 -0.1261874
vn 0.07684121 0.9890514 -0.1259876
vn 0.2633073 -0.9500811 -0.167377
vn -0.2124006 -0.9756063 0.05548383
vn 0.1675054 0.9834297 -0.06933858
vn 0.136324 0.9801381 -0.1440318
vn 0.1850345 0.9743596 -0.1280067
vn 0.05295723 0.9904674 -0.1271609
vn 0.1868116 0.9741876 -0.1267287
vn -0.7877683 -0.5316681 0.3110468
vn -0.8573688 -0.2548633 0.4471727
vn -0.1093343 -0.9869955 0.1178382
vn -0.126379 -0.9848867 0.118434
vn -0.162229 -0.9809893 0.1064979
vn -0.1977562 -0.9769878 0.07992121
vn -0.1203519 -0.9653498 0.2315499
vn 0.9909542 -0.1254885 -0.04756657
vn 0.8242164 -0.1904387 -0.5332921
vn 0.4366305 -0.204361 -0.8761224
vn -0.06794992 -0.163525 -0.9841963
vn -0.5543236 -0.07887254 -0.8285557
vn -0.8921666 0.02691374 -0.4509041
vn -0.9909541 0.1254885 0.04756685
vn -0.8242164 0.1904387 0.5332921
vn -0.4366305 0.204361 0.8761224
vn 0.06794998 0.163525 0.9841963
vn 0.5543236 0.07887255 0.8285557
vn 0.8921666 -0.02691376 0.4509041
vn 0.1157269 0.9785256 -0.1705727
vn -0.1157269 -0.9785256 0.1705727
vn 0.9989918 -0.03136875 0.03211794
vn 0.8788143 -0.09534711 -0.4675406
vn 0.5227544 -0.1252931 -0.8432257
vn 0.02698323 -0.1128032 -0.993251
vn -0.4748845 -0.06110299 -0.8779244
vn -0.8487843 0.01589594 -0.5285003
vn -0.9945216 0.09735749 -0.03805833
vn -0.8722702 0.1611196 0.4617198
vn -0.5151796 0.1899986 0.8357574
vn -0.02042762 0.1766665 0.9840588
vn 0.4794158 0.1251799 0.8686142
vn 0.8493782 -0.00830541 0.5277194
vn 0.1039829 0.9900728 -0.09456996
vn -0.09965912 -0.9910982 0.0882746
vn 0.4127417 0.06949057 0.9081935
vn 0.8140699 0.05266593 0.5783739
vn -0.09654473 0.1166015 0.9884752
vn -0.5809481 0.1239209 0.8044519
vn -0.9097812 0.08933285 0.4053612
vn -0.9946823 0.02199685 -0.1006147
vn -0.8143265 -0.06005395 -0.577292
vn -0.4180234 -0.1348995 -0.8983644
vn 0.08929224 -0.182495 -0.9791438
vn 0.5732452 -0.1898587 -0.7970845
vn 0.9036009 -0.154826 -0.3994176
vn 0.9904373 -0.08699983 0.1070752
vn 0.7758065 0.4458809 -0.4464465
vn 0.4976877 0.3022456 -0.8129911
vn 0.03807271 0.1748911 -0.9838514
vn -0.4605157 0.1049287 -0.881428
vn -0.8322908 0.1471795 -0.5344439
vn -0.9635622 0.2620416 -0.05368669
vn -0.8771658 0.137326 0.4601323
vn -0.4895058 0.4106608 0.7692475
vn -0.02497159 0.3471161 0.9374897
vn 0.4484648 0.4160118 0.7910838
vn 0.8309748 0.255976 0.4939203
vn 0.9986619 0.04259277 0.02933092
vn 0.1378671 0.9901061 -0.02612905
vn -0.02479987 -0.9962729 0.0826161
vn 0.8285585 0.4762979 0.2943314
vn 0.8458924 0.4972044 0.1930124
vn 0.3465793 0.2044003 0.9154798
vn -0.02812588 0.3423051 0.9391678
vn -0.580905 0.2932449 0.7593133
vn -0.7599978 0.3535711 0.5453356
vn -0.9651162 0.2553253 -0.05796356
vn -0.8191363 0.08583477 -0.5671405
vn -0.3773823 -0.09429128 -0.9212447
vn 0.1721797 -0.1512786 -0.9733802
vn 0.6458444 -0.1268603 -0.7528555
vn 0.9407219 -0.09787282 -0.324751
vn -0.4555208 0.8877975 0.06569974
vn 0.1783502 0.9828395 -0.04709262
vn -0.02679218 0.9986406 0.04471282
vn 0.04721787 0.9987967 -0.01325466
vn 0.1524744 0.9760244 -0.1553313
vn 0.1908746 0.9497937 -0.2479089
vn 0.1478477 0.988791 0.02082129
vn 0.2126125 0.9704739 -0.1139138
vn 0.9148607 0.009527792 0.4036573
vn -0.3985621 -0.4819598 0.7802968
vn -0.868847 -0.385606 -0.3105043
vn 0.2904123 0.8933084 -0.3430173
vn -0.1900463 -0.9761848 0.104622
vn 0.3324988 0.6223677 -0.7085924
vn 0.9137025 0.1226607 0.3874302
vn -0.3317237 -0.624929 0.7066988
vn -0.9379161 -0.2976947 -0.1780203
vn 0.4375428 0.5537147 -0.7084888
vn -0.6007321 0.7993965 0.009280408
vn 0.7791961 0.2513069 0.5741937
vn -0.228928 -0.7045907 0.6716725
vn -0.8102242 -0.02019403 -0.5857722
vn 0.2481652 0.6855485 -0.6844248
vn -0.3116093 0.7549185 0.5770596
vn -0.9256194 -0.371518 -0.07213273
vn 0.1140675 0.949011 -0.2938824
vn 0.3310761 0.6171207 -0.7138281
vn -0.9351731 -0.3032312 -0.1830359
vn 0.3927004 0.4055063 -0.8254399
vn -0.2189208 -0.7037976 0.6758274
vn 0.1496145 0.8399507 -0.5216304
vn -0.2241676 -0.6911119 0.6871049
vn -0.6075376 -0.7471905 0.2694519
vn 0.2586363 0.7098733 -0.6551238
vn 0.8325105 0.3544277 0.425802
vn -0.08965374 0.9736847 0.2095243
vn 0.7067156 -0.01625388 0.707311
vn 0.4874295 -0.2262788 0.8433329
vn 0.7590567 0.1851024 0.6241555
vn 0.2816123 0.7139102 -0.6411137
vn -0.79206 0.2007328 -0.5764957
vn 0.1660813 -0.9410821 0.294587
vn -0.341835 0.935671 -0.08757139
vn -0.2055051 -0.821359 0.5321063
vn 0.7845058 0.07399736 0.6156906
vn 0.2034395 0.8230829 -0.530233
vn -0.6860986 0.1641925 -0.708738
vn -0.1801294 -0.7522758 0.6337464
vn 0.0038299 -0.7693504 -0.6388155
vn 0.9181636 0.01623844 0.3958687
vn 0.1953724 0.8893967 -0.4132834
vn -0.8620178 -0.2367377 -0.4481972
vn -0.2033556 -0.8754193 0.4385062
vn 0.5853719 -0.5052755 -0.6340634
vn -0.6197894 0.2722243 -0.7360402
vn 0.1429667 -0.9836547 0.1094715
vn -0.2122465 -0.8184767 0.5338984
vn -0.6908154 0.1676336 -0.70333
vn -0.3475583 -0.6597394 0.6662937
vn 0.2037021 0.8906859 -0.4064285
vn -0.06347681 -0.9640895 0.2578801
vn 0.2148195 0.8827745 -0.4178059
vn -0.3234562 0.7624516 -0.5603961
vn -0.1662018 -0.8867434 0.4313504
vn 0.8580769 -0.1313067 0.4964501
vn 0.465858 -0.8321637 -0.3007989
vn 0.8999069 0.3099793 0.3067255
vn 0.8353604 0.5439724 0.07916483
vn 0.8353623 0.5439689 0.07916932
vn -0.1801316 -0.7522746 0.6337473
vn 0.2077013 0.9538701 -0.2167762
vn 0.9214736 0.2703619 -0.2789101
vn 0.8118562 -0.5742962 -0.105231
vn 0.09058198 -0.9843096 0.151425
vn -0.6965621 -0.6539131 0.2952945
vn -0.9619439 0.1686601 0.2149832
vn -0.3473597 0.9344375 -0.07853606
vn -0.2877775 0.5209181 -0.8036346
vn 0.1927173 0.09095253 0.97703
vn -0.1934891 0.5218214 -0.8308215
vn -0.6655244 -0.01589051 -0.7462069
vn -0.5596091 -0.4202284 -0.7143149
vn -0.1700858 -0.5922642 -0.7875875
vn 0.1823759 -0.3771506 -0.9080179
vn 0.2168718 0.03057297 -0.9757212
vn -0.4067196 0.9046424 -0.1272841
vn 0.3034473 0.8723481 -0.3833124
vn 0.175773 0.2719391 0.9461253
vn 0.1695289 0.9821928 0.08097695
vn 0.4675818 0.8729262 -0.1391661
vn 0.8860751 -0.1339022 -0.4437806
vn 0.2082912 -0.957741 -0.1983606
vn -0.147388 -0.9874614 -0.05653966
vn -0.4347558 -0.8999603 0.03254205
vn -0.929114 0.02424309 0.3689978
vn -0.3572995 0.893025 0.2735751
vn -0.4500158 0.1679752 -0.8770805
vn 0.4445976 -0.1562346 0.8819999
vn -0.4181199 -0.01643969 -0.9082431
vn 0.5883834 0.8016123 -0.1059382
vn -0.4173501 0.3436331 -0.84127
vn 0.310749 -0.4888882 0.8151217
vn 0.4662749 -0.05603714 0.8828633
vn 0.2354742 -0.9542117 -0.1844774
vn -0.3421096 0.5672847 -0.7490989
vn -0.450472 -0.889246 0.07947586
vn -0.3490481 0.5363671 -0.7684243
vn 0.3561764 -0.5610395 0.7472437
vn 0.3414564 -0.5879679 0.7332812
vn -0.430428 0.2144235 -0.8767864
vn -0.3530659 0.8940923 0.2755784
vn 0.4502346 -0.2039298 0.8693109
vn 0.1815429 0.9791884 0.09073211
vn -0.1146127 -0.9927658 -0.03577777
vn 0.06453402 0.9877212 0.1422753
vn 0.3629477 0.9269131 -0.09539971
vn 0.8753896 -0.005017722 -0.4833922
vn 0.3029242 -0.9136266 -0.2711521
vn -0.04091471 -0.9920428 -0.1190672
vn -0.332003 -0.9431754 -0.01393946
vn -0.9093802 -0.1037199 0.4028273
vn -0.4405786 0.8279293 0.3470211
vn -0.5031561 0.1727343 -0.8467568
vn 0.4967051 -0.1620154 0.8526635
vn -0.4526776 -0.004558437 -0.8916626
vn 0.4921405 0.8675739 -0.07150725
vn -0.4883625 0.3482689 -0.8001319
vn 0.3972412 -0.5025523 0.7678807
vn 0.5073215 -0.06028669 0.8596456
vn 0.3301333 -0.9079795 -0.2580414
vn -0.4340973 0.5725275 -0.6955371
vn -0.3467528 -0.9373346 0.03415322
vn -0.4384447 0.5423378 -0.7166841
vn 0.4473041 -0.5646408 0.6936136
vn 0.435025 -0.5920912 0.6783667
vn -0.4887665 0.2209668 -0.8439675
vn -0.4364043 0.8293323 0.3489402
vn 0.5069662 -0.2078626 0.8365276
vn 0.07721466 0.9854577 0.1513639
vn -0.006889697 -0.9949729 -0.09990684
vn 0.1749792 0.5283927 0.8307728
vn 0.7234126 0.4098412 0.5556118
vn 0.886039 0.4435851 -0.1347861
vn 0.5123707 0.4817274 -0.7109255
vn -0.1548701 0.5203564 -0.8397884
vn -0.7994071 0.2530535 -0.5448965
vn -0.9839905 0.02294682 0.1767379
vn -0.8546066 0.01863217 0.5189416
vn 0.2719959 0.9109335 0.310191
vn 0.001252188 -0.9986139 -0.05261947
vn -0.9525016 0.1389231 0.2710001
vn -0.9811808 0.1068496 0.1608334
vn -0.5280174 -0.1115907 -0.8418701
vn -0.03940852 0.4032956 -0.9142208
vn 0.5582578 0.4407906 -0.7028884
vn 0.909273 0.4043761 -0.09850235
vn 0.7189515 0.3951609 0.5718011
vn 0.245147 0.5816324 0.7756332
vn -0.4359992 0.4793664 -0.7616512
vn 0.2743066 0.9073395 -0.3185764
vn 0.2395061 0.9707188 0.01848987
vn 0.2071471 0.9566193 0.2048647
vn 0.1596518 0.9752249 -0.1531265
vn 0.02936035 0.971965 -0.2332853
vn 0.2761391 0.8950667 -0.3501467
vn 0.01351412 0.9719408 -0.234837
vn 0.3701349 0.9285873 0.02694298
vn -0.006275334 -0.9839573 -0.1782938
vn -0.01728944 -0.9875703 -0.1562243
vn -0.6426594 -0.4950916 0.5846994
vn 0.001157623 0.3785078 -0.9255974
vn -0.8422142 0.4945089 0.2147934
vn -0.6918915 0.2535592 0.6760132
vn 0.1007434 0.483457 0.8695517
vn 0.7746094 0.4298141 0.4639396
vn 0.798829 0.5664768 -0.2024262
vn 0.4923494 0.5667331 -0.6606101
vn -0.1494648 0.6116179 -0.7769065
vn -0.7062121 0.5608982 -0.432039
vn 0.02492667 0.994434 0.1023705
vn -0.02294967 -0.9950352 -0.0968417
vn -0.1140734 0.5807229 -0.8060696
vn -0.6699004 0.5903375 -0.4502613
vn 0.5381441 0.5278956 -0.6570596
vn 0.9009596 0.4249709 -0.08758722
vn 0.7781653 0.5666707 0.2708196
vn 0.03468307 0.4050227 0.9136487
vn -0.3223442 0.5019734 0.802569
vn -0.8992326 0.4224081 0.1138083
vn -0.006753459 -0.9988976 -0.04645401
vn -0.01320126 -0.999512 -0.028312
vn -0.3028001 0.9066346 -0.2938126
vn 0.1493842 0.9317965 0.3308168
vn 0.04923222 0.9987729 0.005388462
vn 0.1660651 0.4293574 0.8877357
vn 0.7158162 0.4624266 0.5232294
vn 0.8547571 0.506617 -0.1128257
vn 0.5292409 0.4745548 -0.7033504
vn -0.1361572 0.537754 -0.8320348
vn -0.5303671 0.5775838 -0.6205706
vn -0.6413766 0.6410197 0.4215801
vn -0.4809831 0.4668845 0.7420743
vn 0.03810839 0.9971129 0.06567792
vn -0.03261973 -0.9971861 -0.06749647
vn -0.7874085 0.5346448 0.3068272
vn -0.5003765 0.4982625 0.7080663
vn -0.5378515 0.620023 -0.5712156
vn -0.09766567 0.4978541 -0.861744
vn 0.5737013 0.4319672 -0.695896
vn 0.9383049 0.3457716 -0.005100645
vn 0.6570803 0.08443424 0.7490771
vn -0.4939053 -0.2477619 0.8334697
vn -0.002767292 0.9703737 -0.2415933
vn 0.3661223 0.9293668 0.04724258
vn 0.2276439 0.9559169 -0.1854754
vn 0.03457537 0.9969298 0.07025315
vn -0.4433013 0.8955386 0.03866084
vn 0.05749033 0.8845717 0.4628476
vn 0.1460669 0.8715255 0.4680895
vn -0.1224621 0.9922348 0.0217526
vn -0.1410286 -0.9858139 -0.09100455
vn 0.1771445 0.4044382 0.8972456
vn 0.7477896 0.3892362 0.5378717
vn 0.9452091 0.2872127 -0.1552052
vn 0.5115011 0.5013824 -0.6978412
vn -0.1567222 0.5608487 -0.8129495
vn -0.7004972 0.5715955 -0.4272965
vn -0.8201375 0.5305744 0.214162
vn -0.4727564 0.4389622 0.7640769
vn -0.1668643 0.9218178 0.349869
vn -0.02301752 -0.9950237 -0.09694374
vn -0.8469145 0.5020855 0.17506
vn -0.493089 0.4711225 0.7313733
vn -0.6940567 0.538893 -0.4773675
vn -0.1183346 0.5222959 -0.844514
vn 0.5565451 0.4590981 -0.6924496
vn 0.9167109 0.3876905 -0.09662984
vn 0.6955674 0.2410432 0.6768192
vn 0.1419812 0.3734101 0.9167367
vn -0.2440775 0.9634428 -0.1104728
vn -0.3003383 0.9437331 0.1384371
vn 0.02847765 0.9950674 0.09502656
vn -0.02282964 0.9688188 -0.2467164
vn 0.4104917 0.8796632 0.240186
vn 0.07388096 0.9100111 0.407948
vn 0.3263957 0.9328161 -0.1527092
vn 0.3721003 0.9001716 0.2263457
vn 0.7992809 0.5250887 -0.2922876
vn 0.1325974 0.3561887 0.9249582
vn 0.4927754 0.3411739 0.8004828
vn 0.8500913 0.3389883 -0.4030283
vn 0.5707425 0.111166 -0.8135694
vn -0.14546 0.6064155 -0.78173
vn -0.6676626 0.6048606 -0.4340165
vn -0.8356285 0.5202127 0.1763628
vn -0.4772469 0.516046 0.711289
vn -0.06888155 0.941027 0.3312454
vn 0.0008663037 -0.9986001 -0.05288837
vn -0.8610522 0.489396 0.1381333
vn -0.4622056 0.4780038 0.7469126
vn -0.6281523 0.4671819 -0.6222266
vn -0.1477856 0.6090061 -0.779276
vn 0.1475118 0.5977673 -0.7879814
vn 0.9689388 -0.2325497 0.08413246
vn 0.544463 0.5096459 0.666199
vn -0.008775151 0.2044914 0.9788291
vn -0.02348799 0.8776823 -0.478667
vn -0.1870807 0.9317071 -0.3113239
vn -0.05171565 0.877223 -0.4772897
vn -0.2202083 0.972258 0.07888411
vn -0.0317237 0.9393471 0.3414977
vn 0.02782653 0.9436291 0.3298332
vn 0.1677842 0.9852707 0.03301719
vn 0.01541521 -0.9985552 -0.0514774
vt -0.100158 -0.02037343
vt -0.1018931 -0.02888071
vt -0.09747408 -0.0286306
vt -0.08375396 -0.02643115
vt -0.08922935 -0.03316943
vt -0.08519637 -0.03499291
vt -0.06985869 -0.03893473
vt -0.07784375 -0.042344
vt -0.07512566 -0.04583715
vt -0.06234271 -0.05530813
vt -0.07098752 -0.05450102
vt -0.07026211 -0.05886724
vt -0.06423767 -0.07102861
vt -0.07133377 -0.06602567
vt -0.07287788 -0.07017367
vt -0.07648386 -0.08054383
vt -0.07986633 -0.07254738
vt -0.08336856 -0.07525374
vt -0.09582 -0.07946689
vt -0.09420028 -0.0709369
vt -0.09861548 -0.07124682
vt -0.1147737 -0.06835962
vt -0.1086704 -0.06218432
vt -0.1125074 -0.05997818
vt -0.1268709 -0.05291938
vt -0.1184095 -0.05097291
vt -0.1204684 -0.04705488
vt -0.1303031 -0.03854326
vt -0.1220151 -0.04113023
vt -0.1218168 -0.03670861
vt -0.1259389 -0.02759969
vt -0.1199126 -0.03385014
vt -0.1176145 -0.0300674
vt -0.1152256 -0.02112737
vt -0.1128228 -0.02947069
vt -0.1090223 -0.02720218
vt -0.1007479 0.03145425
vt -0.1051677 0.03121931
vt -0.1066619 0.02266644
vt -0.09835535 0.02310799
vt -0.05894362 0.0228912
vt -0.06302885 0.02459442
vt -0.06808121 0.01753341
vt -0.06040348 0.01433241
vt -0.02099114 -0.005914881
vt -0.02400465 -0.002673148
vt -0.03152702 -0.007008831
vt -0.02586348 -0.0131013
vt 0.00423473 -0.04789111
vt 0.002756555 -0.04371917
vt -0.005869057 -0.04471068
vt -0.003090996 -0.05255136
vt 0.01028441 -0.09250924
vt 0.0106872 -0.08810154
vt 0.002437909 -0.0853935
vt 0.001680924 -0.09367727
vt -0.01576095 -0.1281999
vt -0.01310342 -0.1246604
vt -0.01870141 -0.1180236
vt -0.02369593 -0.1246756
vt -0.09031615 -0.1235675
vt -0.08591695 -0.1230806
vt -0.08491354 -0.1144564
vt -0.09318134 -0.1153715
vt -0.1532863 -0.06275149
vt -0.1500829 -0.06580572
vt -0.1428355 -0.0610246
vt -0.1488559 -0.05528451
vt -0.1684306 -0.0203174
vt -0.1675298 -0.02465084
vt -0.1588493 -0.02483418
vt -0.1605422 -0.01668999
vt -0.1670307 -0.001906875
vt -0.1680981 -0.006202321
vt -0.1603556 -0.01013146
vt -0.1583497 -0.002058662
vt -0.1567565 0.01052286
vt -0.1594424 0.007004937
vt -0.1538981 0.0003232991
vt -0.1488501 0.006934832
vt -0.1352175 0.02356257
vt -0.1391064 0.02144916
vt -0.136776 0.01308533
vt -0.1294673 0.01705724
vt -0.1015358 0.07732994
vt -0.1098407 0.07685851
vt -0.1107977 0.068229
vt -0.0996085 0.06886414
vt -0.03415032 0.07481053
vt -0.0417715 0.07814393
vt -0.04652574 0.07087885
vt -0.03625776 0.06638776
vt 0.02451253 0.03474981
vt 0.01874055 0.04073965
vt 0.01157336 0.0358391
vt 0.01934991 0.02776901
vt 0.06381343 -0.02252271
vt 0.06012205 -0.01506834
vt 0.0518088 -0.01757315
vt 0.05678217 -0.0276164
vt 0.08624512 -0.07805076
vt 0.08465061 -0.06988673
vt 0.07597107 -0.07011019
vt 0.07811935 -0.08110955
vt 0.08821134 -0.1259046
vt 0.08924811 -0.1176511
vt 0.0809335 -0.1151509
vt 0.07953665 -0.1262707
vt -0.05269222 -0.16607
vt -0.04485513 -0.1632819
vt -0.04636389 -0.1547316
vt -0.05692277 -0.1584881
vt -0.1786055 0.02827967
vt -0.1766447 0.02019581
vt -0.167984 0.02081025
vt -0.1706259 0.03170161
vt -0.1764205 0.0392659
vt -0.1774866 0.03101621
vt -0.1691809 0.02848643
vt -0.1677446 0.03960121
vt -0.1765742 0.03018432
vt -0.1797794 0.02250834
vt -0.1724356 0.01787656
vt -0.1681173 0.02821838
vt -0.1713325 0.03109059
vt -0.1766163 0.02466596
vt -0.1709214 0.01811215
vt -0.1638026 0.02676802
vt -0.1501997 0.05144478
vt -0.157447 0.04736182
vt -0.1545031 0.0391937
vt -0.1447389 0.04469466
vt -0.1035486 0.1116802
vt -0.1147288 0.1109022
vt -0.1148951 0.1022214
vt -0.1021815 0.1031061
vt -0.004775555 0.1197061
vt -0.01470083 0.1249109
vt -0.01939793 0.1176087
vt -0.008111328 0.11169
vt 0.06827533 0.06907351
vt 0.06085587 0.07747309
vt 0.05386529 0.0723237
vt 0.06230239 0.06277206
vt 0.1113797 0.006398729
vt 0.1057958 0.01611578
vt 0.09791441 0.01247321
vt 0.1042642 0.001423373
vt 0.1406818 -0.04012526
vt 0.1360592 -0.02991584
vt 0.1278638 -0.03278286
vt 0.1331204 -0.04439259
vt 0.1672507 -0.04526102
vt 0.1622315 -0.03524061
vt 0.1541547 -0.03842665
vt 0.1598624 -0.04982143
vt 0.1423936 0.1141412
vt 0.1315932 0.1171332
vt 0.1285437 0.1090039
vt 0.1408255 0.1056015
vt -0.1057538 0.1427263
vt -0.1113394 0.1330102
vt -0.1042248 0.1280337
vt -0.09787308 0.1390824
vt -0.1479122 0.08509169
vt -0.1524584 0.07484797
vt -0.1448653 0.07063732
vt -0.1396956 0.08228604
vt -0.16544 0.04439273
vt -0.1707172 0.03450577
vt -0.1634496 0.02975542
vt -0.1574486 0.04099846
vt -0.1734424 0.0299288
vt -0.1803522 0.02110521
vt -0.1740171 0.01516796
vt -0.1661595 0.02520178
vt -0.1628201 0.05659844
vt -0.1721489 0.05038766
vt -0.167996 0.04276288
vt -0.1573876 0.04982552
vt -0.108923 0.1298393
vt -0.1215978 0.1285092
vt -0.1206916 0.1198742
vt -0.1080169 0.1212043
vt 0.03801946 0.1475863
vt 0.0278741 0.1552993
vt 0.02261943 0.1483875
vt 0.0327648 0.1406746
vt 0.1115814 0.08557475
vt 0.1042494 0.0959988
vt 0.09714778 0.09100372
vt 0.1044797 0.08057966
vt 0.1468297 0.02743761
vt 0.1403744 0.03842615
vt 0.1328882 0.03402833
vt 0.1393435 0.02303979
vt 0.1697747 -0.002776566
vt 0.1627916 0.007884322
vt 0.1555286 0.003126898
vt 0.1625117 -0.007533989
vt 0.1808767 0.02263185
vt 0.1716001 0.03137048
vt 0.1656467 0.02505058
vt 0.1749233 0.01631195
vt 0.1215977 0.1285093
vt 0.108923 0.1298394
vt 0.1080168 0.1212044
vt 0.1206916 0.1198743
vt -0.02787406 0.1552993
vt -0.03801943 0.1475863
vt -0.03276477 0.1406745
vt -0.0226194 0.1483875
vt -0.1042494 0.0959988
vt -0.1115813 0.08557475
vt -0.1044797 0.08057967
vt -0.09714772 0.09100372
vt -0.1403744 0.03842612
vt -0.1468297 0.02743759
vt -0.1393435 0.02303977
vt -0.1328882 0.03402831
vt -0.1627915 0.007884284
vt -0.1697747 -0.002776619
vt -0.1625117 -0.007534036
vt -0.1555285 0.003126862
vt -0.1716001 0.03137045
vt -0.1808767 0.02263183
vt -0.1749233 0.01631193
vt -0.1656467 0.02505056
vt -0.1305685 0.1163126
vt -0.1428503 0.1129102
vt -0.1398007 0.1047809
vt -0.1290003 0.107773
vt 0.1107997 0.1318135
vt 0.1044481 0.1428622
vt 0.09733344 0.1378857
vt 0.102919 0.1281696
vt 0.1517974 0.07371374
vt 0.1466277 0.08536247
vt 0.1390346 0.08115181
vt 0.1435807 0.07090809
vt 0.1701402 0.03332657
vt 0.1641392 0.04456962
vt 0.1568715 0.03981926
vt 0.1621488 0.0299323
vt 0.1799881 0.0198439
vt 0.1721306 0.02987771
vt 0.1657955 0.02394046
vt 0.1727053 0.01511687
vt 0.1721989 0.04907581
vt 0.1615905 0.05613846
vt 0.1574376 0.04851368
vt 0.1667664 0.0423029
vt 0.1154216 0.1097871
vt 0.102708 0.1106719
vt 0.1028743 0.1019911
vt 0.1140545 0.101213
vt 0.01587571 0.1243253
vt 0.004589109 0.1184066
vt 0.009286212 0.1111044
vt 0.01921148 0.1163092
vt -0.05954938 0.07734456
vt -0.06798647 0.06779291
vt -0.06099591 0.06264353
vt -0.05357645 0.0710431
vt -0.10449 0.0162519
vt -0.1108398 0.005202067
vt -0.1029585 0.001559486
vt -0.09737456 0.01127654
vt -0.1347726 -0.02965466
vt -0.1400293 -0.04126439
vt -0.1318339 -0.04413142
vt -0.1272112 -0.03392198
vt -0.1609357 -0.03503001
vt -0.1666434 -0.04642478
vt -0.1585667 -0.04961083
vt -0.1535474 -0.03959043
vt 0.04404608 -0.1612459
vt 0.05460495 -0.1650024
vt 0.05611373 -0.1564521
vt 0.04827664 -0.1536639
vt 0.1747034 0.0191803
vt 0.1773453 0.03007166
vt 0.1686847 0.0306861
vt 0.1667238 0.02260224
vt 0.1760382 0.02937259
vt 0.1746019 0.04048736
vt 0.1662962 0.03795759
vt 0.1673622 0.0297079
vt 0.178816 0.02054075
vt 0.1744977 0.03088257
vt 0.1671539 0.02625079
vt 0.1703591 0.01857481
vt 0.1762616 0.02250408
vt 0.1691429 0.03115995
vt 0.163448 0.02460613
vt 0.1687317 0.01818152
vt 0.157897 0.04521775
vt 0.1481327 0.05071871
vt 0.1451889 0.04255059
vt 0.1524362 0.03846762
vt 0.1111895 0.07513215
vt 0.1000003 0.07576729
vt 0.1009573 0.06713779
vt 0.1092622 0.06666636
vt 0.04375494 0.07721365
vt 0.03348697 0.07272257
vt 0.0382412 0.06545749
vt 0.04586238 0.06879089
vt -0.01655218 0.04063685
vt -0.02432874 0.03256676
vt -0.01716155 0.02766621
vt -0.01138957 0.03365605
vt -0.05800498 -0.01450485
vt -0.06297834 -0.0245481
vt -0.0546651 -0.02705291
vt -0.05097374 -0.01959854
vt -0.08275712 -0.06878482
vt -0.0849054 -0.07978418
vt -0.07622588 -0.08000764
vt -0.07463136 -0.07184361
vt -0.08779382 -0.1160127
vt -0.08639696 -0.1271325
vt -0.07808235 -0.1246322
vt -0.07911914 -0.1163788
vt 0.08414391 -0.1214098
vt 0.0924117 -0.1223249
vt 0.0914083 -0.1137007
vt 0.08700911 -0.1132138
vt 0.147663 -0.06608794
vt 0.1536835 -0.06034785
vt 0.146436 -0.05556672
vt 0.1432326 -0.05862096
vt 0.1656988 -0.02625795
vt 0.1673917 -0.01811375
vt 0.1587112 -0.01829709
vt 0.1578105 -0.02263053
vt 0.167145 -0.008444422
vt 0.1651391 -0.0003716212
vt 0.1573966 -0.004300764
vt 0.158464 -0.00859621
vt 0.1594585 0.004568756
vt 0.1544106 0.01118028
vt 0.1488663 0.004498645
vt 0.1515522 0.0009807257
vt 0.1401165 0.01923219
vt 0.1328077 0.02320411
vt 0.1304774 0.01484028
vt 0.1343663 0.01272687
vt 0.1070333 0.02965249
vt 0.09872671 0.03009403
vt 0.1002209 0.02154117
vt 0.1046408 0.02130622
vt 0.06538905 0.0239906
vt 0.05771133 0.0207896
vt 0.06276369 0.01372858
vt 0.06684892 0.0154318
vt 0.02640309 -0.00224563
vt 0.02073955 -0.008338093
vt 0.02826193 -0.01267378
vt 0.03127543 -0.009432049
vt -0.0007252094 -0.04237422
vt -0.003503261 -0.0502149
vt 0.005122352 -0.05120641
vt 0.006600525 -0.04703448
vt -0.009404839 -0.08603011
vt -0.008647862 -0.09431389
vt -0.0003985731 -0.09160584
vt -0.0008013505 -0.08719814
vt 0.01310702 -0.1222242
vt 0.01810155 -0.1288762
vt 0.02369954 -0.1222394
vt 0.021042 -0.1187
vt 0.09365316 -0.07873001
vt 0.09806836 -0.07903993
vt 0.09644864 -0.07050995
vt 0.1125643 -0.06895699
vt 0.1164013 -0.06675086
vt 0.1102981 -0.06057556
vt 0.125325 -0.05460705
vt 0.1273839 -0.05068903
vt 0.1189225 -0.04874255
vt 0.1298195 -0.04078021
vt 0.1296212 -0.03635859
vt 0.1213332 -0.03894555
vt 0.1265893 -0.02979394
vt 0.1242913 -0.02601121
vt 0.118265 -0.03226165
vt 0.116827 -0.02276253
vt 0.1130264 -0.02049403
vt 0.1106237 -0.02883734
vt 0.1023346 -0.02108091
vt 0.09791559 -0.02083081
vt 0.09965067 -0.02933808
vt 0.08601086 -0.02605098
vt 0.08197788 -0.02787446
vt 0.08745326 -0.03461273
vt 0.07167813 -0.0375464
vt 0.06896005 -0.04103954
vt 0.0769451 -0.04444881
vt 0.06328087 -0.05322062
vt 0.06255546 -0.05758683
vt 0.07120027 -0.05677972
vt 0.06401237 -0.06875111
vt 0.06555647 -0.0728991
vt 0.07265258 -0.06789616
vt 0.07508948 -0.07872905
vt 0.07859172 -0.0814354
vt 0.08197419 -0.07343896
vt -0.084814 -0.03478837
vt -0.0882365 -0.03916603
vt -0.08563389 -0.04028429
vt -0.06840122 -0.04882567
vt -0.07345375 -0.05113855
vt -0.07165715 -0.0533286
vt -0.05907943 -0.06717039
vt -0.06462532 -0.06682327
vt -0.06407581 -0.06960215
vt -0.06058398 -0.08503518
vt -0.06522493 -0.0819792
vt -0.06612831 -0.08466397
vt -0.07456916 -0.09621355
vt -0.07687296 -0.09115689
vt -0.07906623 -0.09294955
vt -0.0976614 -0.09522198
vt -0.09671628 -0.08974621
vt -0.0995383 -0.08999182
vt -0.1206589 -0.08221509
vt -0.11677 -0.07824599
vt -0.1192318 -0.07684473
vt -0.1352417 -0.064069
vt -0.1298217 -0.06284367
vt -0.13113 -0.06033118
vt -0.1392542 -0.04746457
vt -0.1339594 -0.04915036
vt -0.1338164 -0.04632129
vt -0.1340171 -0.03518039
vt -0.1301714 -0.03919135
vt -0.128694 -0.03677449
vt -0.1214449 -0.02822973
vt -0.1198899 -0.03356444
vt -0.1174622 -0.03210473
vt -0.1039151 -0.0277667
vt -0.1049662 -0.03322313
vt -0.1021399 -0.03303228
vt -0.05748721 0.02540215
vt -0.06013066 0.02642013
vt -0.06323906 0.02181413
vt -0.058271 0.01990097
vt -0.01214333 -0.006298799
vt -0.01415932 -0.004308858
vt -0.01884999 -0.007287955
vt -0.01506116 -0.01102782
vt 0.01992795 -0.05220469
vt 0.0188335 -0.04959198
vt 0.01335745 -0.05053549
vt 0.01541433 -0.05544578
vt 0.03158474 -0.1020149
vt 0.03164395 -0.09918283
vt 0.02625582 -0.0978244
vt 0.02614453 -0.1031469
vt 0.006922563 -0.1463346
vt 0.008434786 -0.1439394
vt 0.004520585 -0.1399952
vt 0.001678537 -0.1444968
vt -0.08589254 -0.1497783
vt -0.08309059 -0.1493621
vt -0.08265423 -0.1438226
vt -0.08792016 -0.1446047
vt -0.1711076 -0.07417865
vt -0.1691386 -0.07621511
vt -0.1643797 -0.07334633
vt -0.1680802 -0.06951904
vt -0.1894189 -0.02260731
vt -0.1889795 -0.0254057
vt -0.1834365 -0.02579607
vt -0.1842624 -0.02053681
vt -0.1870768 -0.0008704898
vt -0.187867 -0.003590746
vt -0.1830139 -0.006297335
vt -0.181529 -0.001184927
vt -0.1738573 0.01362706
vt -0.175635 0.01142166
vt -0.1722005 0.007053409
vt -0.1688595 0.01119819
vt -0.1474136 0.0278705
vt -0.1499167 0.02654425
vt -0.1484818 0.02117596
vt -0.1437776 0.0236685
vt -0.1065267 0.03559604
vt -0.109354 0.03542166
vt -0.1102638 0.02993991
vt -0.1049502 0.03026762
vt -0.03161498 0.08768832
vt -0.03656889 0.08963783
vt -0.03943562 0.08487766
vt -0.03276124 0.08225109
vt 0.03744314 0.04470633
vt 0.03354131 0.04832815
vt 0.02913609 0.0449412
vt 0.03439301 0.04006154
vt 0.08619633 -0.01577127
vt 0.08351103 -0.01117442
vt 0.07831354 -0.01313997
vt 0.08193142 -0.01933328
vt 0.1174997 -0.07262854
vt 0.1160116 -0.06751706
vt 0.1104923 -0.06816109
vt 0.1124972 -0.07504777
vt 0.132624 -0.117738
vt 0.1324798 -0.1124163
vt 0.1269775 -0.1116406
vt 0.1271718 -0.1188106
vt 0.02090175 -0.1980692
vt 0.02504292 -0.1947237
vt 0.02231872 -0.1898805
vt 0.01673933 -0.1943879
vt -0.2001976 0.05240325
vt -0.1998096 0.04709371
vt -0.1942776 0.04657103
vt -0.1948003 0.05372456
vt -0.201048 0.05251203
vt -0.2021867 0.04731153
vt -0.1970319 0.04523652
vt -0.1954978 0.05224314
vt -0.2018358 0.04123676
vt -0.2041781 0.03645603
vt -0.1996644 0.0332151
vt -0.1965086 0.03965616
vt -0.1939647 0.04344044
vt -0.1975212 0.039479
vt -0.1940615 0.03513063
vt -0.1892699 0.04046787
vt -0.1665519 0.06584095
vt -0.1712491 0.06333535
vt -0.1694859 0.05806576
vt -0.1631574 0.06144155
vt -0.1089904 0.09187214
vt -0.1143032 0.09153147
vt -0.1148751 0.08600423
vt -0.1077172 0.08646322
vt -0.002127306 0.1410919
vt -0.008650362 0.1440745
vt -0.01139932 0.1392453
vt -0.00398158 0.1358536
vt 0.08370072 0.08771417
vt 0.07859596 0.09275278
vt 0.0743577 0.08915911
vt 0.08016262 0.0834294
vt 0.1365018 0.02234438
vt 0.1324808 0.0282839
vt 0.1276217 0.02558833
vt 0.1321942 0.01883416
vt 0.1721285 -0.02197826
vt 0.1686139 -0.01572575
vt 0.1635479 -0.01800909
vt 0.1675446 -0.02511919
vt 0.1998514 -0.01345468
vt 0.1958668 -0.007490714
vt 0.1909913 -0.01015657
vt 0.1955224 -0.01693854
vt 0.1468825 0.1491388
vt 0.1398977 0.1507692
vt 0.1381605 0.145491
vt 0.1461034 0.1436369
vt -0.107859 0.174594
vt -0.1123737 0.1690205
vt -0.1083824 0.1651544
vt -0.1032485 0.1714924
vt -0.1698406 0.1058514
vt -0.1733499 0.09959593
vt -0.1687633 0.0964589
vt -0.1647727 0.1035724
vt -0.1926948 0.06086339
vt -0.1965065 0.0547875
vt -0.1920793 0.05142935
vt -0.1877447 0.05833861
vt -0.2001176 0.04801222
vt -0.2048611 0.04263207
vt -0.2010347 0.0386027
vt -0.1956406 0.04472077
vt -0.1827583 0.07886327
vt -0.1888836 0.07513134
vt -0.1864238 0.07014868
vt -0.1794584 0.07439248
vt -0.1124759 0.1343735
vt -0.1196279 0.1338297
vt -0.1196987 0.1282734
vt -0.1115658 0.1288918
vt 0.03953119 0.1756263
vt 0.03262873 0.1799718
vt 0.0296683 0.1752693
vt 0.03657075 0.1709239
vt 0.1292996 0.1098986
vt 0.1240745 0.1161615
vt 0.1198077 0.1126018
vt 0.1250328 0.1063388
vt 0.1728539 0.04836198
vt 0.1682157 0.05507125
vt 0.1636449 0.0519114
vt 0.168283 0.04520214
vt 0.1979571 0.0205291
vt 0.1930005 0.02700665
vt 0.1885875 0.02362984
vt 0.1935441 0.01715229
vt 0.2023816 0.05377387
vt 0.1960652 0.0589343
vt 0.1925495 0.05463111
vt 0.1988659 0.04947069
vt 0.1272487 0.1569068
vt 0.1191396 0.1577843
vt 0.1185418 0.1522599
vt 0.1266508 0.1513823
vt -0.03262869 0.1799717
vt -0.03953113 0.1756263
vt -0.0365707 0.1709238
vt -0.02966825 0.1752692
vt -0.1240745 0.1161615
vt -0.1292996 0.1098985
vt -0.1250328 0.1063388
vt -0.1198077 0.1126018
vt -0.1682157 0.05507123
vt -0.1728538 0.04836196
vt -0.168283 0.04520211
vt -0.1636448 0.05191138
vt -0.1930005 0.0270066
vt -0.1979571 0.02052905
vt -0.1935441 0.01715225
vt -0.1885875 0.0236298
vt -0.1960652 0.05893428
vt -0.2023816 0.05377385
vt -0.1988659 0.04947066
vt -0.1925495 0.0546311
vt -0.1191396 0.1577844
vt -0.1272487 0.1569068
vt -0.1266508 0.1513823
vt -0.1185418 0.1522599
vt 0.112154 0.1682096
vt 0.1070201 0.1745475
vt 0.1030288 0.1706814
vt 0.1075435 0.1651079
vt 0.1729965 0.09883368
vt 0.1690059 0.1059472
vt 0.1644193 0.1028101
vt 0.1679286 0.09655464
vt 0.196191 0.05400884
vt 0.1918564 0.0609181
vt 0.1874291 0.05755996
vt 0.1912409 0.05148406
vt 0.2046755 0.04181264
vt 0.1992814 0.04793071
vt 0.195455 0.04390134
vt 0.2001984 0.03852119
vt 0.1889493 0.07429373
vt 0.1819838 0.07853751
vt 0.1795241 0.07355486
vt 0.1856494 0.06982294
vt 0.1200667 0.1331132
vt 0.1119338 0.1337316
vt 0.1120046 0.1281753
vt 0.1191566 0.1276315
vt 0.009380882 0.1436596
vt 0.001963141 0.1402678
vt 0.004712101 0.1354387
vt 0.01123516 0.1384213
vt -0.07776744 0.09261352
vt -0.08357237 0.08688382
vt -0.0793341 0.08329014
vt -0.07422934 0.08832876
vt -0.1316411 0.02830941
vt -0.1362135 0.02155523
vt -0.1313544 0.01885967
vt -0.1273334 0.02479919
vt -0.1677791 -0.0156307
vt -0.1717757 -0.02274079
vt -0.1667098 -0.02502413
vt -0.1631952 -0.01877163
vt -0.1950271 -0.007460084
vt -0.1995583 -0.01424207
vt -0.1946828 -0.01690792
vt -0.1906982 -0.01094394
vt -0.1392637 0.1502178
vt -0.1472066 0.1483638
vt -0.1454694 0.1430855
vt -0.1384846 0.144716
vt 0.1986909 0.04624851
vt 0.1992136 0.05340204
vt 0.1936815 0.05287936
vt 0.1932935 0.04756982
vt 0.2013546 0.046183
vt 0.1998205 0.05318962
vt 0.1946657 0.05111462
vt 0.1958044 0.04591412
vt 0.2036382 0.03516205
vt 0.2004824 0.04160312
vt 0.1959687 0.03836219
vt 0.198311 0.03358146
vt 0.1973543 0.03808686
vt 0.1925627 0.04342409
vt 0.189103 0.03907572
vt 0.1926595 0.03511429
vt 0.1715686 0.06197013
vt 0.1652401 0.06534591
vt 0.1634769 0.06007633
vt 0.1681741 0.05757073
vt 0.1151583 0.09042027
vt 0.1080004 0.09087925
vt 0.1085723 0.08535203
vt 0.1138851 0.08501135
vt 0.03781513 0.0889954
vt 0.03114075 0.08636883
vt 0.03400748 0.08160866
vt 0.03896139 0.08355818
vt -0.03214663 0.04818441
vt -0.03740354 0.04330475
vt -0.03299832 0.03991781
vt -0.02909649 0.04353962
vt -0.08213447 -0.0109079
vt -0.08575236 -0.01710121
vt -0.08055486 -0.01906676
vt -0.07786957 -0.01446991
vt -0.114741 -0.06692416
vt -0.1167459 -0.07381084
vt -0.1112266 -0.07445487
vt -0.1097385 -0.06934338
vt -0.1314009 -0.1115207
vt -0.1315952 -0.1186907
vt -0.1260929 -0.117915
vt -0.1259487 -0.1125933
vt -0.02509936 -0.1933227
vt -0.01951998 -0.1978301
vt -0.01679579 -0.192987
vt -0.02093696 -0.1896414
vt 0.1675985 -0.0764586
vt 0.171299 -0.07263131
vt 0.1665401 -0.06976252
vt 0.1645711 -0.07179898
vt 0.1878597 -0.02649063
vt 0.1886856 -0.02123138
vt 0.1831425 -0.02162175
vt 0.1827031 -0.02442014
vt 0.1873136 -0.00504844
vt 0.1858287 6.397086E-05
vt 0.1809757 -0.002642621
vt 0.1817658 -0.005362875
vt 0.1756865 0.009863341
vt 0.1723454 0.01400813
vt 0.1689109 0.009639869
vt 0.1706887 0.007434475
vt 0.1505781 0.02513229
vt 0.1458739 0.02762483
vt 0.144439 0.02225655
vt 0.146942 0.02093029
vt 0.1105394 0.03440882
vt 0.1052258 0.03473654
vt 0.1061356 0.02925478
vt 0.1089629 0.0290804
vt 0.06163 0.02599242
vt 0.05666193 0.02407926
vt 0.05977035 0.01947326
vt 0.06241379 0.02049124
vt 0.01570465 -0.004101451
vt 0.01191582 -0.007841313
vt 0.01660649 -0.01082041
vt 0.01862248 -0.008830473
vt -0.01748714 -0.04880557
vt -0.01954403 -0.05371587
vt -0.01406797 -0.05465938
vt -0.01297353 -0.05204667
vt -0.03073225 -0.09791799
vt -0.03062097 -0.1032405
vt -0.02523283 -0.1018821
vt -0.02529205 -0.09905003
vt -0.008306646 -0.1423854
vt -0.005464601 -0.146887
vt -0.001550389 -0.1429429
vt -0.003062615 -0.1405476
vt 0.08199643 -0.1482514
vt 0.08726236 -0.1490335
vt 0.086826 -0.1434939
vt 0.08402406 -0.1430778
vt 0.1192432 -0.08259128
vt 0.121705 -0.08119002
vt 0.1178161 -0.07722092
vt 0.1342564 -0.06515282
vt 0.1355647 -0.06264034
vt 0.1301447 -0.061415
vt 0.1389529 -0.0488979
vt 0.1388099 -0.04606883
vt 0.1335151 -0.04775462
vt 0.1344373 -0.03658357
vt 0.1329598 -0.03416671
vt 0.1291141 -0.03817767
vt 0.1224663 -0.02927958
vt 0.1200387 -0.02781987
vt 0.1184836 -0.03315458
vt 0.1053031 -0.02823465
vt 0.1024768 -0.0280438
vt 0.1035279 -0.03350022
vt 0.08626276 -0.03457227
vt 0.08366015 -0.03569054
vt 0.08708265 -0.04006819
vt 0.06958813 -0.04796747
vt 0.06779154 -0.05015752
vt 0.07284407 -0.0524704
vt 0.05972059 -0.06585335
vt 0.05917109 -0.06863222
vt 0.06471698 -0.06828511
vt 0.06048624 -0.0835737
vt 0.06138962 -0.08625846
vt 0.06603057 -0.0832025
vt 0.07370888 -0.09502809
vt 0.07590215 -0.09682076
vt 0.07820596 -0.09176409
vt 0.09628276 -0.09472723
vt 0.09910476 -0.09497284
vt 0.09815965 -0.08949707
vt -0.1297411 -0.1090143
vt -0.1317337 -0.1068584
vt -0.1319207 -0.1100129
vt -0.09884074 0.1567698
vt -0.09748583 0.1545668
vt -0.09507906 0.1562341
vt -0.09642731 0.1584413
vt -0.01009019 0.04501711
vt -0.009211957 0.04258443
vt -0.006615215 0.04367118
vt -0.007386168 0.04613996
vt 0.07639652 -0.1024067
vt 0.07779374 -0.1045831
vt 0.08004042 -0.1031183
vt 0.07875694 -0.1008729
vt 0.1817161 0.09149071
vt 0.1840217 0.09266253
vt 0.182938 0.09505789
vt 0.1806088 0.09393351
vt 0.04629467 0.1167433
vt 0.04725827 0.1191435
vt 0.04482375 0.1203019
vt 0.0439228 0.1178776
vt -0.04535223 -0.07010017
vt -0.04487054 -0.06744693
vt -0.04775402 -0.0688753
vt -0.1756339 0.0254301
vt -0.173614 0.02253154
vt -0.1732951 0.02595682
vt 0.2003754 0.0422828
vt 0.1983096 0.04072651
vt 0.1982384 0.03814113
vt 0.2002154 0.03647351
vt 0.2027518 0.03697938
vt 0.2039377 0.03927782
vt -0.1847157 0.02015228
vt -0.1813593 0.01954308
vt -0.1833376 0.02247017
vt -0.1675737 0.08821814
vt -0.1709147 0.08890687
vt -0.1702799 0.08639961
vt -0.1956768 0.05977776
vt -0.1979023 0.05739505
vt -0.1954288 0.05663928
vt -0.1882231 -0.01816812
vt -0.1867025 -0.02092481
vt -0.1851356 -0.01886713
vt -0.1804774 0.01053837
vt -0.1773598 0.009988649
vt -0.1778476 0.0125286
vt -0.1967162 0.03963766
vt -0.1940258 0.04154512
vt -0.1961436 0.04302976
vt -0.05584057 -0.05362668
vt -0.05292924 -0.05225598
vt -0.0545499 -0.05107899
vt -0.1794256 -0.05520539
vt -0.1782574 -0.05226923
vt -0.1801369 -0.05333302
vt 0.2029121 0.02659717
vt 0.2015542 0.0291097
vt 0.1994977 0.02976918
vt -0.09158613 -0.01303243
vt -0.09102167 -0.02239242
vt -0.08648112 -0.02089799
vt -0.07735945 -0.01417371
vt -0.08126593 -0.02269824
vt -0.07655628 -0.02351626
vt -0.06362693 -0.0218134
vt -0.07108927 -0.02749157
vt -0.06732067 -0.03043224
vt -0.05395241 -0.03471703
vt -0.06321678 -0.036166
vt -0.06129877 -0.04054448
vt -0.05134641 -0.04963357
vt -0.06014288 -0.04638544
vt -0.06060104 -0.05114359
vt -0.05745946 -0.06199353
vt -0.06337798 -0.05472033
vt -0.06619418 -0.05858283
vt -0.07135385 -0.06719136
vt -0.07246735 -0.05788071
vt -0.07691223 -0.05963938
vt -0.08842625 -0.06305257
vt -0.08424605 -0.05465887
vt -0.08892675 -0.05368893
vt -0.1024312 -0.05195878
vt -0.0943756 -0.04715917
vt -0.0977882 -0.04381193
vt -0.1096405 -0.03870996
vt -0.1002637 -0.03876388
vt -0.1014555 -0.03413469
vt -0.1095648 -0.02673873
vt -0.1014317 -0.03140578
vt -0.1001879 -0.02679028
vt -0.103076 -0.017721
vt -0.09816158 -0.02570702
vt -0.09486353 -0.02224686
vt -0.1019797 0.02829605
vt -0.1065368 0.02685299
vt -0.1057818 0.01750644
vt -0.09721717 0.0202185
vt -0.06712428 0.03140824
vt -0.07183827 0.03220078
vt -0.07542613 0.02353732
vt -0.06656672 0.02204782
vt -0.0310809 0.01565997
vt -0.03494986 0.01846728
vt -0.04201786 0.01230517
vt -0.03474659 0.007029162
vt -0.004057573 -0.01666103
vt -0.006397662 -0.01249284
vt -0.01539509 -0.01513376
vt -0.01099716 -0.0229674
vt 0.008085542 -0.05622465
vt 0.007667311 -0.05146284
vt -0.001619944 -0.05016863
vt -0.0008339325 -0.05911793
vt -0.0007358073 -0.09313271
vt 0.001092277 -0.08871593
vt -0.006547677 -0.08327908
vt -0.00998334 -0.09157992
vt -0.04238605 -0.1122123
vt -0.0382669 -0.1097869
vt -0.04109243 -0.1008458
vt -0.0488339 -0.105404
vt -0.1058101 -0.08603066
vt -0.101237 -0.08742222
vt -0.09656595 -0.07929146
vt -0.1051606 -0.07667618
vt -0.1380802 -0.04069198
vt -0.1355333 -0.04473715
vt -0.1266802 -0.04164687
vt -0.1314667 -0.03404443
vt -0.1441445 -0.01431987
vt -0.1439275 -0.0190951
vt -0.1347031 -0.02077988
vt -0.1351109 -0.0118054
vt -0.1398176 0.0008300431
vt -0.1416195 -0.003597486
vt -0.1339475 -0.008989022
vt -0.130561 -0.0006679897
vt -0.126625 0.01496906
vt -0.1300926 0.0116789
vt -0.1253274 0.003602963
vt -0.1188103 0.009786444
vt -0.1118145 0.05826739
vt -0.1203032 0.05532635
vt -0.1187502 0.04607884
vt -0.1073134 0.05004129
vt -0.0565217 0.07539429
vt -0.06535537 0.07702953
vt -0.06857235 0.06822161
vt -0.05667078 0.06601846
vt 0.001928832 0.05549074
vt -0.005198335 0.06095986
vt -0.01206492 0.05457408
vt -0.002462511 0.04720556
vt 0.04236015 0.008798954
vt 0.03766377 0.01645739
vt 0.02896596 0.0129536
vt 0.03529339 0.002635422
vt 0.06462948 -0.04409173
vt 0.06238873 -0.03539192
vt 0.05304552 -0.03618746
vt 0.05606448 -0.04790868
vt 0.07005965 -0.09233271
vt 0.07054219 -0.08336194
vt 0.061393 -0.08130753
vt 0.06074287 -0.09339383
vt 0.0329984 -0.1376664
vt 0.03803036 -0.1302241
vt 0.03124439 -0.1237528
vt 0.02446484 -0.1337797
vt -0.14117 -0.06076572
vt -0.1339102 -0.06605761
vt -0.127203 -0.05950463
vt -0.136984 -0.05237488
vt -0.1556815 0.01541012
vt -0.1541788 0.006552961
vt -0.1448018 0.00656164
vt -0.1468265 0.01849486
vt -0.1541855 0.02017342
vt -0.1556745 0.01131392
vt -0.1468146 0.008243024
vt -0.1448085 0.0201794
vt -0.1516782 0.01904459
vt -0.1556421 0.01098262
vt -0.1480328 0.005502919
vt -0.1426922 0.01636477
vt -0.1415312 0.03112119
vt -0.1479553 0.02484124
vt -0.1426074 0.0171388
vt -0.1339521 0.02559974
vt -0.123748 0.07048941
vt -0.1348327 0.06562814
vt -0.1318415 0.05674101
vt -0.1192365 0.06226904
vt -0.04301485 0.1125146
vt -0.0547941 0.1152986
vt -0.05775023 0.1063997
vt -0.04435537 0.1032339
vt 0.03863262 0.08666065
vt 0.02976606 0.09489991
vt 0.02279996 0.08862283
vt 0.03288265 0.07925349
vt 0.08348708 0.03056628
vt 0.07732399 0.04098346
vt 0.06886265 0.03694195
vt 0.07587104 0.02509598
vt 0.1087826 -0.02209919
vt 0.1043529 -0.01083515
vt 0.09535693 -0.01348099
vt 0.1003942 -0.02628999
vt 0.1270979 -0.05533694
vt 0.1235682 -0.04375928
vt 0.1143919 -0.04568911
vt 0.1184058 -0.05885475
vt 0.14855 -0.04476535
vt 0.1440188 -0.03354173
vt 0.1350471 -0.03626863
vt 0.1401998 -0.04903165
vt -0.06893112 0.1414995
vt -0.07561938 0.1314114
vt -0.06829336 0.1255584
vt -0.06068774 0.1370301
vt -0.1270071 0.08282781
vt -0.1304886 0.07123556
vt -0.1217819 0.06775396
vt -0.1178228 0.08093618
vt -0.1405943 0.04585816
vt -0.1446652 0.03445952
vt -0.1361483 0.03053641
vt -0.1315191 0.04349846
vt -0.1484033 0.02232727
vt -0.1539584 0.01157359
vt -0.1460411 0.00654933
vt -0.139724 0.01877796
vt -0.1490286 0.02661024
vt -0.1569837 0.0174879
vt -0.1504898 0.01072351
vt -0.1414436 0.02109706
vt -0.1400755 0.05286814
vt -0.1513354 0.0449524
vt -0.1459427 0.03728129
vt -0.1346827 0.04519702
vt -0.01789556 0.1395903
vt -0.03073812 0.1445414
vt -0.03411119 0.1357921
vt -0.02126864 0.130841
vt 0.08242214 0.09709229
vt 0.07431021 0.1082117
vt 0.06673484 0.1026853
vt 0.07484676 0.09156584
vt 0.1182641 0.0404027
vt 0.1120807 0.05269948
vt 0.1037032 0.0484869
vt 0.1098866 0.03619013
vt 0.1381059 -0.001356013
vt 0.1321275 0.0110417
vt 0.1236813 0.00696877
vt 0.1296597 -0.005428957
vt 0.1531174 -0.01153764
vt 0.1458329 0.0001405872
vt 0.1378768 -0.004822173
vt 0.1451613 -0.01650039
vt 0.1513354 0.04495247
vt 0.1400755 0.0528682
vt 0.1346827 0.04519708
vt 0.1459426 0.03728136
vt 0.03073814 0.1445414
vt 0.01789558 0.1395902
vt 0.02126866 0.1308409
vt 0.03411122 0.135792
vt -0.07431019 0.1082117
vt -0.08242212 0.09709231
vt -0.07484673 0.09156585
vt -0.06673481 0.1026853
vt -0.1120807 0.05269949
vt -0.1182641 0.04040272
vt -0.1098866 0.03619014
vt -0.1037032 0.04848691
vt -0.1321275 0.0110417
vt -0.1381059 -0.00135603
vt -0.1296597 -0.005428971
vt -0.1236813 0.006968762
vt -0.1458329 0.000140547
vt -0.1531174 -0.01153767
vt -0.1451613 -0.01650042
vt -0.1378768 -0.004822211
vt 0.04142183 -0.1069165
vt 0.05378585 -0.1129643
vt 0.05661725 -0.1068344
vt 0.07512001 0.1300845
vt 0.06751439 0.1415562
vt 0.06018837 0.1357032
vt 0.1296265 0.07010993
vt 0.1256675 0.08329215
vt 0.1169608 0.07981056
vt 0.1204423 0.06821831
vt 0.1438619 0.03329122
vt 0.1392327 0.04625328
vt 0.1307158 0.04233016
vt 0.1347867 0.03093152
vt 0.1533182 0.01030857
vt 0.1470011 0.0225372
vt 0.1390837 0.01751294
vt 0.1446388 0.006759266
vt 0.156663 0.01610684
vt 0.1476167 0.02648039
vt 0.1411228 0.01971601
vt 0.1490779 0.01059365
vt 0.1351312 0.06424213
vt 0.1225262 0.06977015
vt 0.119535 0.06088302
vt 0.1306197 0.05602176
vt 0.05586628 0.1143709
vt 0.04247141 0.1112051
vt 0.04542755 0.1023062
vt 0.05720679 0.1050902
vt -0.02837555 0.09462292
vt -0.03845822 0.0852536
vt -0.03149213 0.07897653
vt -0.02262556 0.08721577
vt -0.07591204 0.04111256
vt -0.08292045 0.0292666
vt -0.06829602 0.03564226
vt -0.01876253 -0.04612112
vt -0.01983643 -0.05984307
vt -0.01433474 -0.05921989
vt -0.01403969 -0.08970484
vt -0.008654973 -0.1023717
vt -0.00329071 -0.09853852
vt -0.00984616 -0.1365909
vt -0.001254808 -0.1451167
vt 0.004150941 -0.1374547
vt -0.002225796 -0.1311266
vt 0.1132209 -0.04115545
vt 0.1074784 -0.03709062
vt 0.1030169 -0.03525796
vt 0.08858598 -0.0584648
vt 0.09788938 -0.05072219
vt 0.08995686 -0.04801157
vt 0.03097589 -0.03589433
vt 0.036885 -0.02533101
vt 0.03050768 -0.02421653
vt 0.03353725 -0.06237569
vt 0.03422207 -0.05029132
vt 0.02739591 -0.05225331
vt 0.08214032 -0.05200963
vt 0.07512362 -0.04214723
vt 0.07150242 -0.04874126
vt 0.08866562 -0.03994181
vt 0.07739183 -0.03553693
vt 0.07731073 -0.04303448
vt 0.0872824 -0.02909781
vt 0.07541557 -0.03148098
vt 0.07739781 -0.03739753
vt 0.08352586 -0.02597658
vt 0.07476113 -0.03432402
vt 0.07928328 -0.03801782
vt 0.08576734 -0.03179979
vt 0.09870301 0.004595024
vt 0.1037723 -0.006307787
vt 0.1035893 0.001398335
vt -0.05516162 -0.04098719
vt -0.05788713 -0.05278011
vt -0.048527 -0.05334223
vt -0.04650404 -0.04458921
vt -0.06235714 -0.09802814
vt -0.05336512 -0.09536888
vt -0.05517243 -0.08819719
vt 0.07519062 -0.07798035
vt 0.08178256 -0.07346858
vt 0.07724574 -0.07196286
vt 0.1453641 -0.005461877
vt 0.1400945 0.001541613
vt 0.1368404 0.001758007
vt 0.1388386 -0.03866166
vt 0.1433018 -0.03086497
vt 0.1343267 -0.02814909
vt 0.1505139 -0.006185984
vt 0.1413749 -0.00828489
vt 0.1371774 -0.01400314
vt 0.1486042 -0.0008226744
vt 0.1448466 0.007337453
vt 0.1374251 0.001605997
vt 0.1394245 -0.00273592
vt 0.133635 0.01320571
vt 0.1287431 0.00520587
vt 0.1327468 0.003025782
vt 0.1133815 0.02385415
vt 0.1049136 0.02685431
vt 0.1038429 0.01753863
vt 0.1083486 0.01594228
vt 0.07584967 0.03153912
vt 0.07949295 0.02289882
vt 0.08506562 0.02295907
vt 0.03763134 0.01555093
vt 0.03036153 0.0102729
vt 0.03743125 0.004112757
vt 0.04129943 0.006921136
vt -0.03922815 -0.05178428
vt -0.03650694 -0.06316154
vt -0.03339496 -0.05912609
vt 0.05345784 -0.0518024
vt 0.06089626 -0.05887727
vt 0.06030477 -0.05413385
vt -0.04295155 -0.02747628
vt -0.03857538 -0.02286292
vt -0.04042003 -0.02073401
vt 0.1058446 0.02659808
vt 0.1104763 0.02541613
vt 0.1123212 0.03810307
vt 0.1371377 0.005945531
vt 0.1403915 0.005725095
vt 0.1404381 0.01833379
vt -0.03457627 -0.0003869448
vt -0.02814955 0.0003377279
vt -0.03699167 0.01198833
vt 0.04920015 0.0499452
vt 0.05375895 0.05537976
vt 0.04163315 0.06246159
vt -0.01495758 -0.05924635
vt -0.01425434 -0.05451821
vt -0.02689399 -0.05184977
vt -0.05023809 -0.1121908
vt -0.04995046 -0.1076411
vt -0.06214077 -0.1071701
vt -0.05192749 -0.1159219
vt -0.05326264 -0.111332
vt -0.06411 -0.1152802
vt 0.0942357 -0.09441029
vt 0.08868556 -0.09491443
vt 0.09349035 -0.1059297
vt 0.1297196 0.02699111
vt 0.1293295 0.0222269
vt 0.1415284 0.02476056
vt 0.1304673 0.01416634
vt 0.1335346 0.01009679
vt 0.1427965 0.0159614
vt 0.1315711 0.002660543
vt 0.1338785 -0.001525834
vt 0.14132 0.007674282
vt 0.06487908 0.05705797
vt 0.06646039 0.05472677
vt 0.07124738 0.06703104
vt -0.03729437 -0.06443052
vt -0.03206142 -0.06583018
vt -0.02343589 -0.05652701
vt -0.02779016 -0.06157779
vt -0.02634257 -0.04956089
vt -0.03160789 -0.04828839
vt -0.04643131 -0.03408704
vt -0.05597233 -0.04244872
vt -0.04732588 -0.04607738
vt -0.003726219 -0.0988179
vt -0.008970911 -0.08921655
vt -0.0144573 -0.0899625
vt -0.05262543 -0.08987305
vt -0.06197216 -0.0891204
vt -0.05965813 -0.0998133
vt 0.06080845 -0.04366479
vt 0.06242872 -0.05250122
vt 0.06846207 -0.05050628
vt 0.06461181 -0.04144915
vt 0.05855169 -0.04336128
vt 0.06377064 -0.04860171
vt 0.06687006 -0.005022402
vt 0.06641437 -0.01271721
vt 0.07335292 -0.01475993
vt 0.05683268 -0.1199403
vt 0.04581139 -0.1149371
vt 0.04163737 -0.1200406
vt -0.0009489898 -0.09134345
vt -0.01231515 -0.08766487
vt -0.01684755 -0.09266978
vt -0.05258011 -0.1194128
vt -0.06038711 -0.1246069
vt -0.05027685 -0.1309712
vt 0.07130101 -0.07620234
vt 0.07987579 -0.07888203
vt 0.07798804 -0.07183277
vt 0.08009197 -0.07057085
vt 0.08206075 -0.07759792
vt 0.08633412 -0.07983451
vt 0.1051449 -0.04409555
vt 0.09871826 -0.05037292
vt 0.1043369 -0.05460727
vt 0.1058737 -0.009713273
vt 0.09962513 -0.01874687
vt 0.1076195 -0.02126933
vt 0.1374728 -0.0138164
vt 0.1465702 -0.01608934
vt 0.1507758 -0.005942275
vt 0.0228289 -0.05488061
vt 0.0224685 -0.06385712
vt 0.02882392 -0.06509034
vt 0.05098084 -0.09070305
vt 0.0546711 -0.09788496
vt 0.06120444 -0.09509906
vt 0.1345201 0.003610134
vt 0.1420192 0.009239663
vt 0.1353522 0.01379479
vt 0.07823567 -0.04527114
vt 0.08642821 -0.04895757
vt 0.08957578 -0.04212477
vt 0.07934199 -0.03841644
vt 0.08953768 -0.03750241
vt 0.08914024 -0.03001496
vt 0.08285405 0.02073222
vt 0.0838344 0.03005784
vt 0.07362597 0.02929922
vt -0.01647912 -0.08288182
vt -0.02288271 -0.08378841
vt -0.02259719 -0.09254832
vt 0.06284256 -0.02073904
vt 0.06240444 -0.01734139
vt 0.05585442 -0.02152501
vt 0.01174126 0.1601351
vt 0.01099403 0.1625474
vt 0.004491367 0.1605142
vt -0.193102 -0.02957563
vt -0.189975 -0.0353015
vt -0.1879178 -0.03430778
vt -0.07567553 0.0003020882
vt -0.06907819 -0.0005833518
vt -0.06892657 0.00220346
vt -0.04901882 0.1554517
vt -0.04963811 0.1529152
vt -0.04278212 0.1520506
vt -0.04246055 0.1543125
vt 0.1442848 -0.1226526
vt 0.1430422 -0.1203561
vt 0.1370256 -0.1239964
vt 0.1382115 -0.1259492
vt -0.1845615 0.03329646
vt -0.1853914 0.03756256
vt -0.1882826 0.03464279
vt -0.1868102 0.03289678
vt 0.1912434 0.05488846
vt 0.1904238 0.05812892
vt 0.1886851 0.05541069
vt -0.02749842 0.1532037
vt -0.0329234 0.1543617
vt -0.03331687 0.1521111
vt -0.0850087 0.003573006
vt -0.0905944 0.005759642
vt -0.09081884 0.002977748
vt -0.1875334 -0.02602496
vt -0.1860636 -0.02531583
vt -0.1886785 -0.02002942
vt -0.008397974 0.151338
vt -0.008083934 0.1497366
vt -0.003115926 0.1539617
vt 0.0443446 -0.02628742
vt 0.04445662 -0.02791548
vt 0.05024192 -0.0272925
vt 0.1268763 -0.1323834
vt 0.1329879 -0.1313995
vt 0.1318746 -0.1294045
vt -0.1876416 0.03613436
vt -0.1870757 0.03766496
vt -0.1881183 0.0389204
vt -0.1897268 0.03864525
vt -0.1908942 0.03716872
vt -0.096049 0.1356869
vt -0.09564631 0.1366809
vt -0.09900146 0.13743
vt -0.09832515 -0.01079758
vt -0.09804885 -0.009689155
vt -0.1011637 -0.008657925
vt -0.1859883 -0.02741095
vt -0.1849914 -0.02685322
vt -0.1864897 -0.02409686
vt -0.1879658 -0.02479276
vt -0.0008616403 0.1502373
vt -0.0005205006 0.1491472
vt 0.002223128 0.1499904
vt 0.00196353 0.1516015
vt 0.05074117 -0.02545897
vt 0.05092147 -0.02658698
vt 0.05366267 -0.02637691
vt 0.05352279 -0.02475101
vt 0.08171959 -0.1483584
vt 0.08547087 -0.1496776
vt 0.08440756 -0.1477813
vt -0.1832756 0.02912014
vt -0.1828911 0.03019584
vt -0.1836304 0.03106663
vt -0.1847543 0.03086173
vt -0.1851387 0.02978602
vt -0.0359007 0.1331977
vt -0.04086236 0.133699
vt -0.04143891 0.1327946
vt -0.05161437 -0.02554254
vt -0.0563888 -0.02396774
vt -0.05658106 -0.02509378
vt -0.1807152 -0.04499997
vt -0.1820098 -0.03989714
vt -0.1829746 -0.04050884
vt -0.05405322 0.1325722
vt -0.04868931 0.133561
vt -0.04918986 0.1345878
vt -0.0238132 -0.03450204
vt -0.01840211 -0.03475384
vt -0.01843205 -0.0336119
vt -0.1110625 -0.1511476
vt -0.1070896 -0.1550271
vt -0.1063485 -0.1538163
vt 0.1676381 -0.03431246
vt 0.1696988 -0.03173333
vt 0.1671312 -0.03092598
vt 0.194876 0.04730882
vt 0.1931288 0.05025371
vt 0.1916791 0.0481859
vt 0.189407 0.03831346
vt 0.1861817 0.03907998
vt 0.187323 0.03584991
vt 0.1269316 0.07330526
vt 0.1284088 0.07030691
vt 0.1301154 0.07228301
vt 0.1021143 -0.004394935
vt 0.1052934 -0.005431693
vt 0.104718 -0.002365377
vt -0.1492373 -0.1128975
vt -0.1503095 -0.1138276
vt -0.1496077 -0.1168566
vt -0.1919989 0.02696258
vt -0.1916335 0.02595425
vt -0.190221 0.02609453
vt -0.03030701 0.1437399
vt -0.02514249 0.142701
vt -0.02447832 0.1447765
vt 0.1147913 -0.1259702
vt 0.1161674 -0.1276533
vt 0.1209613 -0.1254693
vt -0.1938375 0.03166208
vt -0.192672 0.02982084
vt -0.1906172 0.03053112
vt -0.1002202 0.1359758
vt -0.1003366 0.1337998
vt -0.09725966 0.1342466
vt -0.08126125 -0.07534625
vt -0.07582775 -0.07646354
vt -0.0754665 -0.07461615
vt -0.1359802 -0.03659989
vt -0.1367296 -0.03832664
vt -0.1333585 -0.0390004
vt 0.04817009 0.004119021
vt 0.03992197 0.003203964
vt 0.04153701 6.837897E-05
vt 0.008148704 0.1813099
vt 0.007234857 0.1793047
vt 0.01539251 0.1808284
vt -0.1586102 0.06033016
vt -0.1569958 0.06346608
vt -0.1588411 0.06467047
vt -0.1223529 0.1441987
vt -0.1196472 0.1481162
vt -0.1200185 0.1502883
vt 0.05619327 0.008491854
vt 0.05453302 0.01160373
vt 0.05028786 0.009448186
vt -0.06387256 -0.01579893
vt -0.07029383 -0.01464528
vt -0.07060753 -0.01774931
vt -0.1883197 0.04233108
vt -0.1905964 0.04214055
vt -0.1912204 0.03942028
vt -0.1928536 0.01856462
vt -0.195083 0.01806528
vt -0.1929435 0.01246137
vt -0.1662352 -0.0802374
vt -0.1708107 -0.07518931
vt -0.1725741 -0.07722278
vt -0.1400759 -0.05793551
vt -0.1411301 -0.05742247
vt -0.1422145 -0.05939464
vt -0.1820887 -0.02785923
vt -0.1828569 -0.02697195
vt -0.1837372 -0.02753866
vt 0.01867337 0.1511526
vt 0.01923809 0.150124
vt 0.02023282 0.1507704
vt 0.01965695 0.1517928
vt 0.11695 -0.01521655
vt 0.1183576 -0.01586502
vt 0.118012 -0.014688
vt 0.1436962 -0.05257962
vt 0.1448085 -0.05423927
vt 0.1458668 -0.05367128
vt 0.1684313 -0.0599434
vt 0.1694037 -0.05921848
vt 0.1686195 -0.05859252
vt -0.01938223 0.1660584
vt -0.0188755 0.1671167
vt -0.01991709 0.1677129
vt -0.0204353 0.1666602
vt -0.1040005 0.005995846
vt -0.1051229 0.006371091
vt -0.1056845 0.005305653
vt -0.1785075 0.002587959
vt -0.1748487 0.004722436
vt -0.1756463 0.005583016
vt 0.1745661 0.004417016
vt 0.1737635 0.003561015
vt 0.176518 0.0005487875
vt -0.1588295 -0.01625324
vt -0.1603303 -0.01790855
vt -0.1605177 -0.0191262
vt -0.1870999 -0.02577172
vt -0.1863393 -0.0266639
vt -0.1854717 -0.02618275
vt -0.1843899 0.02313696
vt -0.1853582 0.02292051
vt -0.1873839 0.02027465
vt 0.1902679 0.03279465
vt 0.1885843 0.03428826
vt 0.1875863 0.03460471
vt 0.1709 -0.01157966
vt 0.1706658 -0.01039824
vt 0.1681478 -0.008366771
vt 0.1189785 -0.01039543
vt 0.1193054 -0.01153336
vt 0.1203889 -0.01103774
vt -0.1917843 0.03351019
vt -0.1902512 0.03479133
vt -0.1897787 0.03587693
vt 0.176491 -0.0460268
vt 0.1755837 -0.04681394
vt 0.1764047 -0.04738799
vt -0.1920711 0.03205486
vt -0.191122 0.03237533
vt -0.1891226 0.03474732
vt 0.1907824 0.03487962
vt 0.1923124 0.03356236
vt 0.1932522 0.03321055
vt 0.1906204 0.03689502
vt 0.1911401 0.03578385
vt 0.1936124 0.03411859
vt -0.1805395 0.008008879
vt -0.1796467 0.00724749
vt -0.1768594 0.01010647
vt -0.1053801 0.004522842
vt -0.1042517 0.004113893
vt -0.1036964 0.005213617
vt 0.1802033 0.005738812
vt 0.1810939 0.006502785
vt 0.178181 0.009570739
vt -0.1406195 -0.06213222
vt -0.1395447 -0.06262739
vt -0.1384925 -0.06065624
vt 0.1486548 -0.04740497
vt 0.1475012 -0.04574806
vt 0.1464693 -0.04634359
vt -0.1135699 -0.02287515
vt -0.1147423 -0.02287887
vt -0.1148471 -0.02512706
vt -0.1302828 -0.06750118
vt -0.1314459 -0.0673451
vt -0.1317302 -0.06835273
vt 0.08474295 0.1709608
vt 0.08491366 0.1697999
vt 0.08607133 0.170059
vt 0.08588801 0.1712179
vt 0.1167625 0.03959587
vt 0.117842 0.03848391
vt 0.1179437 0.03970638
vt 0.1182743 -0.01970642
vt 0.1185307 -0.0216878
vt 0.1197313 -0.02165078
vt 0.1135241 -0.07065771
vt 0.114737 -0.07064979
vt 0.114476 -0.06968089
vt -0.1105933 0.1581893
vt -0.1106602 0.1593608
vt -0.1118602 0.1593805
vt -0.1118061 0.1582083
vt -0.1132943 0.06391773
vt -0.1144774 0.06389301
vt -0.1146473 0.06270067
vt -0.1591183 0.02929624
vt -0.1565328 0.03265158
vt -0.1575958 0.03314836
vt 0.1562529 0.03330874
vt 0.1551894 0.03281314
vt 0.1566241 0.02899187
vt -0.1357702 0.02819337
vt -0.1366683 0.02614746
vt -0.1364597 0.02493325
vt -0.1143649 -0.09482192
vt -0.1131925 -0.09481634
vt -0.1130004 -0.09384295
vt -0.1729131 0.04103414
vt -0.1737079 0.04044024
vt -0.1744728 0.03719696
vt 0.1833094 0.04567639
vt 0.1824204 0.04774397
vt 0.1816515 0.04845462
vt 0.1472535 0.02212748
vt 0.1474504 0.02331568
vt 0.145809 0.02610373
vt 0.1199831 0.04274948
vt 0.1198732 0.04157062
vt 0.1210628 0.0416377
vt -0.1855713 0.04191244
vt -0.1847633 0.04373965
vt -0.1848198 0.04492227
vt 0.1218341 -0.07047431
vt 0.1206339 -0.07052092
vt 0.1209153 -0.07148231
vt -0.1849229 0.04139768
vt -0.1842098 0.04210118
vt -0.1834502 0.04510896
vt 0.1852226 0.0434367
vt 0.1860118 0.04157837
vt 0.1866988 0.04084703
vt 0.1862356 0.04477089
vt 0.1862054 0.04354458
vt 0.187676 0.04095175
vt -0.1631695 0.03298757
vt -0.1620531 0.03262636
vt -0.1605739 0.03633507
vt -0.1141497 0.06224085
vt -0.1129495 0.06223483
vt -0.112796 0.06345723
vt 0.1617834 0.03013462
vt 0.1628996 0.03049642
vt 0.1613938 0.03444988
vt -0.1125354 -0.02703715
vt -0.1113523 -0.02701037
vt -0.111272 -0.02477744
vt 0.1246192 -0.01654726
vt 0.1243266 -0.01454963
vt 0.1231373 -0.01462189
vt -0.1549816 -0.06559822
vt -0.1558338 -0.06479311
vt -0.1574589 -0.06635018
vt -0.1949197 0.009133792
vt -0.1952343 0.01026444
vt -0.1962724 0.01012899
vt -0.01169993 0.1170105
vt -0.01106633 0.1160229
vt -0.01011803 0.1167357
vt -0.01076232 0.1177163
vt 0.1137056 -0.0463882
vt 0.1152151 -0.04673919
vt 0.1146391 -0.04565615
vt 0.1573628 -0.06045526
vt 0.1589159 -0.06171204
vt 0.1597591 -0.06085662
vt 0.1919238 -0.0257746
vt 0.1924845 -0.02469911
vt 0.1915062 -0.02447618
vt 0.01317143 0.1374147
vt 0.01375498 0.1384327
vt 0.01276029 0.1391042
vt 0.01216571 0.1380926
vt -0.09415566 -0.03038654
vt -0.09519634 -0.02982315
vt -0.09593348 -0.03077561
vt -0.1956137 0.01066249
vt -0.1915536 0.01186989
vt -0.1921248 0.01289487
vt 0.1916429 0.01126317
vt 0.1910642 0.01024238
vt 0.19445 0.007962676
vt -0.1836307 -0.01311864
vt -0.1854588 -0.01440334
vt -0.1859094 -0.01554997
vt -0.1951774 0.03789923
vt -0.1949889 0.0367421
vt -0.1939975 0.03670421
vt -0.1947672 0.02751406
vt -0.1957592 0.02753303
vt -0.1983538 0.02544206
vt 0.1982702 0.03193598
vt 0.1962871 0.0330003
vt 0.195243 0.03307766
vt 0.1925853 -0.002168013
vt 0.1920782 -0.00107558
vt 0.189151 0.0003023052
vt 0.11494 -0.04131388
vt 0.1154892 -0.04236278
vt 0.1164508 -0.04165933
vt -0.1972269 0.03328121
vt -0.1954336 0.03416197
vt -0.194717 0.03510442
vt 0.1951316 -0.008902885
vt 0.1946577 -0.01000655
vt 0.1956467 -0.01016581
vt -0.1983445 0.0325258
vt -0.1973465 0.03261271
vt -0.1948429 0.03444454
vt 0.1957254 0.03489076
vt 0.1975251 0.03397556
vt 0.1985215 0.03385753
vt 0.1948462 0.03602077
vt 0.1956155 0.0350653
vt 0.1984132 0.03403661
vt -0.1961765 0.01442546
vt -0.1954871 0.01347592
vt -0.1921071 0.01560146
vt -0.09574101 -0.03163577
vt -0.09470018 -0.03223335
vt -0.09396334 -0.031246
vt 0.1960244 0.01364174
vt 0.1967076 0.01459571
vt 0.1931484 0.01688237
vt -0.1566157 -0.06877393
vt -0.1557406 -0.06957056
vt -0.1541424 -0.06800916
vt 0.1607969 -0.05577224
vt 0.1592145 -0.0545183
vt 0.1583981 -0.05538607
vt -0.1393557 0.01737169
vt -0.1404952 0.01709607
vt -0.1400756 0.0148849
vt -0.1384271 -0.0346778
vt -0.1395834 -0.03487847
vt -0.1395517 -0.03592497
vt 0.1860985 0.04234199
vt 0.1854551 0.04136073
vt 0.1864927 0.04078551
vt 0.1871254 0.0417737
vt 0.1527217 0.06414478
vt 0.1535128 0.06281215
vt 0.1538961 0.06397741
vt 0.1431672 0.01886833
vt 0.1429451 0.01688281
vt 0.1441201 0.01663331
vt 0.1281581 -0.02996792
vt 0.1293313 -0.03027586
vt 0.1293314 -0.02927243
vt -0.1766086 -0.05041034
vt -0.1776663 -0.04990224
vt -0.1782639 -0.05094307
vt -0.1772118 -0.05146263
vt -0.154526 0.0783675
vt -0.155669 0.07806121
vt -0.1555496 0.07686274
vt -0.1260013 0.06169545
vt -0.1241038 0.06548257
vt -0.1252421 0.06576733
vt 0.1235184 0.06672308
vt 0.1223806 0.06643633
vt 0.1230712 0.06241342
vt -0.09689576 0.07067407
vt -0.09748395 0.0685185
vt -0.09709946 0.06734805
vt -0.1200627 -0.05988701
vt -0.1189449 -0.05953319
vt -0.1190508 -0.05854668
vt -0.1486212 0.06596253
vt -0.1492614 0.06520455
vt -0.1492745 0.06187231
vt 0.1664545 0.06656577
vt 0.1661156 0.06879074
vt 0.1655508 0.06967231
vt 0.1095712 0.05948254
vt 0.1099633 0.06062133
vt 0.1088095 0.06364392
vt 0.1555903 0.06500906
vt 0.1552041 0.06388985
vt 0.1563757 0.06367303
vt -0.171897 0.05893176
vt -0.1715994 0.06090736
vt -0.1719658 0.06203321
vt 0.133451 -0.03321088
vt 0.1322848 -0.03292308
vt 0.1322888 -0.03392478
vt -0.1694576 0.05940522
vt -0.168951 0.0602694
vt -0.1689963 0.06337129
vt 0.1716372 0.06023259
vt 0.1719107 0.05823225
vt 0.1723817 0.05734619
vt 0.1744672 0.06084412
vt 0.1741111 0.05967024
vt 0.1748373 0.05677918
vt -0.1322634 0.06379849
vt -0.1310973 0.06366786
vt -0.1303898 0.06759749
vt -0.155094 0.07683577
vt -0.1539268 0.07711529
vt -0.1540683 0.07833912
vt 0.1300394 0.06089027
vt 0.1312052 0.0610232
vt 0.1305145 0.06519695
vt -0.1380654 0.01379677
vt -0.13692 0.01409435
vt -0.1373544 0.01628611
vt 0.1484836 0.01973356
vt 0.1486844 0.02174252
vt 0.1475132 0.02196097
vt 0.02086511 -0.06510065
vt 0.01901479 -0.06550126
vt 0.01960615 -0.0690872
vt 0.01995168 -0.1221192
vt 0.01807535 -0.1223855
vt 0.01807428 -0.1240762
vt 0.02218595 0.164271
vt 0.02176349 0.1624239
vt 0.02365746 0.1621363
vt 0.02405982 0.1639879
vt -0.002638465 0.002906926
vt -0.001239439 0.000831904
vt -0.0007295528 0.002746038
vt -0.01472342 -0.06484378
vt -0.01496412 -0.06806103
vt -0.01305333 -0.06839402
vt -0.03831848 -0.1123677
vt -0.03642805 -0.11288
vt -0.03641498 -0.1112597
vt -0.05614301 0.1616726
vt -0.05696929 0.1633778
vt -0.05877064 0.1626627
vt -0.05796294 0.1609487
vt 0.001496618 0.03177962
vt -0.0003764374 0.03140083
vt -0.0003043235 0.02945727
vt -0.1790379 0.02604314
vt -0.1741745 0.03085314
vt -0.1757681 0.03187814
vt 0.1760716 0.03212164
vt 0.1744794 0.03109435
vt 0.1776171 0.02529775
vt -0.1766772 0.03357226
vt -0.178657 0.03055578
vt -0.178651 0.02856633
vt 0.0535432 -0.1290793
vt 0.05531542 -0.1284134
vt 0.05506058 -0.1268316
vt -0.1712137 0.02510408
vt -0.1725881 0.02428072
vt -0.1743502 0.01919641
vt 0.1686262 0.007894835
vt 0.1669376 0.01111311
vt 0.1656113 0.01216162
vt 0.1795537 0.02739952
vt 0.1795759 0.02934428
vt 0.1762712 0.03339076
vt 0.001863634 0.005966288
vt 0.001360302 0.004121832
vt 0.003271071 0.003896961
vt -0.1569977 0.002192498
vt -0.1555399 0.005070568
vt -0.1555308 0.006982447
vt -0.02939085 -0.1180536
vt -0.0312772 -0.1176023
vt -0.03125923 -0.1192198
vt -0.1611145 0.003776524
vt -0.1598962 0.004840589
vt -0.158377 0.009614224
vt 0.1566627 0.006762533
vt 0.1580943 0.003833423
vt 0.1592648 0.002712919
vt 0.1542245 0.005829011
vt 0.1542677 0.003848599
vt 0.1568343 -0.000223626
vt -0.1784014 0.02456841
vt -0.1766873 0.02376099
vt -0.1735577 0.02939824
vt 0.0003775272 0.02892941
vt 0.002286306 0.02926515
vt 0.002178564 0.03125168
vt 0.1769001 0.02421862
vt 0.1786135 0.02502759
vt 0.1753889 0.03105019
vt 0.02276825 -0.06966957
vt 0.0246263 -0.06922295
vt 0.02398984 -0.0656714
vt -0.005800019 -0.06577222
vt -0.005638157 -0.06251597
vt -0.007544748 -0.06225806
vt -0.02379585 -0.05538915
vt -0.02568445 -0.05552075
vt -0.02561255 -0.05915441
vt -0.03853445 -0.1078155
vt -0.04042641 -0.1077061
vt -0.0407613 -0.1093632
vt 0.0204219 0.1598149
vt 0.02042087 0.1579201
vt 0.02233136 0.158061
vt 0.0223118 0.1599557
vt 0.03157322 0.01149926
vt 0.03321203 0.009607893
vt 0.03348761 0.01156951
vt 0.02921106 -0.05370594
vt 0.02942362 -0.05692517
vt 0.03136221 -0.05698709
vt 0.01871637 -0.1050069
vt 0.02066914 -0.1051583
vt 0.02038026 -0.1035639
vt -0.0491407 0.1583143
vt -0.04953822 0.160167
vt -0.05145787 0.1599003
vt -0.0510805 0.1580435
vt -0.02943933 0.03807998
vt -0.03134426 0.03792822
vt -0.03150541 0.03599002
vt -0.1703311 0.02306634
vt -0.1657327 0.02813031
vt -0.1673791 0.02906834
vt 0.1672487 0.02906932
vt 0.1656021 0.02813173
vt 0.1684141 0.02217035
vt -0.1624087 0.02585513
vt -0.1641544 0.02269747
vt -0.163998 0.02071418
vt -0.01536496 -0.1266065
vt -0.01348375 -0.126394
vt -0.01334429 -0.1247979
vt -0.1680239 0.02900428
vt -0.1693703 0.02813592
vt -0.1709633 0.02299612
vt 0.169241 0.01943685
vt 0.1676089 0.02268413
vt 0.1663011 0.02375566
vt 0.1676171 0.0204204
vt 0.1677667 0.02235952
vt 0.1647343 0.02661391
vt 0.03537805 0.01490146
vt 0.03509703 0.01301032
vt 0.03702099 0.01301368
vt -0.1614297 0.01553356
vt -0.1599785 0.01841499
vt -0.1599739 0.02032689
vt 0.02865913 -0.1076211
vt 0.02672127 -0.1075394
vt 0.02704866 -0.1091235
vt -0.1642475 0.0159361
vt -0.163037 0.01700911
vt -0.161553 0.0217938
vt 0.1610138 0.01951822
vt 0.1624377 0.01658531
vt 0.1636052 0.0154617
vt 0.1596029 0.019824
vt 0.1596488 0.01784365
vt 0.1622211 0.01377503
vt -0.1708788 0.02363973
vt -0.169127 0.02291756
vt -0.1662784 0.02870188
vt -0.03092751 0.03543521
vt -0.02899224 0.03553956
vt -0.02886091 0.03752466
vt 0.1692918 0.02249958
vt 0.171043 0.02322313
vt 0.1681191 0.02939733
vt -0.02285158 -0.06043928
vt -0.02094846 -0.06026616
vt -0.02106445 -0.0566599
vt 0.03742287 -0.05297926
vt 0.03714044 -0.04973125
vt 0.03521649 -0.04973499
vt -0.05570707 -0.04402946
vt -0.05759838 -0.04394528
vt -0.05794045 -0.04756352
vt -0.07680468 -0.08613083
vt -0.07866157 -0.08575204
vt -0.07922991 -0.08734433
vt 0.01298802 0.1541703
vt 0.01341181 0.1523235
vt 0.01524208 0.1528891
vt 0.01479825 0.1547312
vt 0.05595785 0.01719431
vt 0.05777784 0.01547658
vt 0.05785557 0.01745594
vt 0.06022375 -0.04165502
vt 0.06079236 -0.04483076
vt 0.06272585 -0.04467709
vt 0.05891699 -0.08919992
vt 0.06087147 -0.0890725
vt 0.06035919 -0.08753525
vt -0.03151226 0.1559478
vt -0.03138439 0.1578383
vt -0.03330325 0.1581105
vt -0.03345167 0.1562215
vt -0.05160483 0.04084871
vt -0.05351532 0.04089141
vt -0.05387268 0.03897963
vt -0.1581063 0.01339103
vt -0.1537486 0.0186636
vt -0.1554369 0.01952396
vt 0.1549691 0.0193882
vt 0.1532794 0.01853068
vt 0.1558021 0.01244125
vt -0.1457625 0.01337001
vt -0.1472974 0.01010468
vt -0.1470113 0.008135923
vt -0.06309319 -0.1075286
vt -0.06120444 -0.1076581
vt -0.06077997 -0.1061132
vt -0.1603454 0.02437295
vt -0.1616665 0.02346647
vt -0.163112 0.01828324
vt 0.164655 0.02100354
vt 0.1630721 0.0242751
vt 0.1617807 0.02536627
vt 0.1526723 0.00804417
vt 0.1529328 0.009971545
vt 0.150149 0.01439262
vt 0.05909713 0.02058439
vt 0.05900427 0.01867474
vt 0.06091848 0.0188681
vt -0.1597451 0.01855311
vt -0.1583024 0.02143878
vt -0.1583034 0.02335068
vt 0.06835159 -0.08905171
vt 0.06642197 -0.08924799
vt 0.06697251 -0.09076901
vt -0.1615627 0.01795089
vt -0.1603598 0.01903236
vt -0.1589094 0.02382737
vt 0.1592693 0.02203651
vt 0.1606838 0.01909904
vt 0.1618476 0.01797167
vt 0.1586488 0.02341196
vt 0.1586949 0.02143162
vt 0.1612675 0.01736319
vt -0.1596762 0.0154662
vt -0.1578953 0.01481904
vt -0.1552948 0.02071904
vt -0.05339371 0.03843709
vt -0.05145788 0.03834388
vt -0.05112514 0.0403053
vt 0.1579641 0.01369947
vt 0.1597447 0.01434746
vt 0.1570875 0.02064106
vt -0.05564616 -0.04917441
vt -0.05373578 -0.04922158
vt -0.05343574 -0.04562594
vt 0.06758975 -0.04019734
vt 0.06695963 -0.03699855
vt 0.06504724 -0.03720919
vt 0.143908 -0.06408893
vt 0.1451638 -0.06216242
vt 0.1435886 -0.0594437
vt 0.1419344 -0.06104115
vt -0.1117197 -0.0837806
vt -0.1094216 -0.0838467
vt -0.108076 -0.08156094
vt -0.1103 -0.08097809
vt -0.1903099 0.01655986
vt -0.1887473 0.01487213
vt -0.1868643 0.01672206
vt -0.1884169 0.018419
vt -0.1485906 -0.06106002
vt -0.1473721 -0.06301009
vt -0.1457669 -0.06034206
vt -0.1473877 -0.05871094
vt 0.110726 -0.08976074
vt 0.1130242 -0.08968659
vt 0.1115186 -0.08639848
vt 0.1092977 -0.08699403
vt 0.192514 0.011956
vt 0.1940718 0.0136482
vt 0.1914512 0.01616194
vt 0.1899041 0.01446
vt -0.1084034 0.100829
vt -0.1061061 0.1007151
vt -0.1048589 0.1026477
vt -0.1059089 0.1046941
vt -0.1082062 0.104808
vt -0.1094534 0.1028754
vt 0.05348072 0.1310152
vt 0.05188803 0.1326746
vt 0.04965458 0.132125
vt 0.04901383 0.1299159
vt 0.05060653 0.1282565
vt 0.05283997 0.1288061
vt 0.1230359 -0.1102431
vt 0.1207429 -0.1104223
vt 0.1223168 -0.1130179
vt 0.1246046 -0.1132542
vt -0.1697887 -0.04450173
vt -0.1707435 -0.04241099
vt -0.1727632 -0.04424648
vt -0.172114 -0.0464513
vt -0.1909585 0.01338906
vt -0.1925178 0.01507981
vt -0.1948943 0.01365917
vt -0.1933064 0.0119952
vt -0.1207964 -0.1089779
vt -0.1230894 -0.1087986
vt -0.1246626 -0.1114883
vt -0.1223747 -0.1112527
vt 0.1643268 -0.04904785
vt 0.1632642 -0.05108634
vt 0.1658783 -0.05331649
vt 0.166631 -0.05114435
vt 0.1943267 0.01513758
vt 0.192785 0.01343067
vt 0.1956451 0.01160089
vt 0.1972179 0.01327914
vt -0.1416103 0.07653647
vt -0.139315 0.07668452
vt -0.1382955 0.07874633
vt -0.1395714 0.08066011
vt -0.1418667 0.08051207
vt -0.1428861 0.07845025
vt 0.1434306 -0.01990471
vt 0.1411365 -0.01980364
vt 0.1415417 -0.02263316
vt 0.1438102 -0.02298928
vt -0.04780949 -0.02862964
vt -0.04920331 -0.02680002
vt -0.04939986 -0.02960251
vt -0.04807004 -0.03147914
vt -0.1940324 0.01270504
vt -0.1956116 0.01437479
vt -0.1963713 0.01147762
vt -0.1946418 0.009964106
vt -0.1407485 -0.02348059
vt -0.1430431 -0.02357844
vt -0.1434036 -0.02681437
vt -0.1411361 -0.02644932
vt 0.05809512 -0.03235032
vt 0.05672277 -0.0341961
vt 0.05753626 -0.03741429
vt 0.0588432 -0.03552162
vt 0.1968555 0.01424998
vt 0.1952935 0.01256365
vt 0.196163 0.009578128
vt 0.1978888 0.01109651
vt -0.1652286 0.0626401
vt -0.1629587 0.06301145
vt -0.1621453 0.0651629
vt -0.1636019 0.06694303
vt -0.1658718 0.0665717
vt -0.1666852 0.06442023
vt 0.1494112 -0.06071264
vt 0.1471357 -0.06038469
vt 0.1471852 -0.06355588
vt 0.1494103 -0.06413385
vt -0.05511989 -0.03824176
vt -0.05643361 -0.03635385
vt -0.05756142 -0.03898717
vt -0.05657074 -0.0410629
vt -0.1907855 0.01969494
vt -0.1924741 0.02125649
vt -0.1935235 0.01866125
vt -0.1918832 0.017049
vt -0.1497563 -0.04825746
vt -0.1520333 -0.0485715
vt -0.152137 -0.05160427
vt -0.1499057 -0.05105174
vt 0.05715042 -0.03664793
vt 0.05583931 -0.03853767
vt 0.05747591 -0.04146203
vt 0.05846354 -0.03938483
vt 0.1897666 0.02785115
vt 0.1881128 0.02625274
vt 0.189688 0.02321494
vt 0.1912893 0.02486593
vt -0.1769748 0.04030912
vt -0.1747285 0.04080338
vt -0.1740333 0.0429959
vt -0.1755845 0.04469416
vt -0.1778309 0.04419991
vt -0.178526 0.04200739
vt 0.112051 -0.1442616
vt 0.1099895 -0.1432416
vt 0.1102536 -0.1463876
vt 0.1121682 -0.1476622
vt -0.1522351 -0.04457776
vt -0.152756 -0.0423397
vt -0.1552325 -0.04375589
vt -0.1550288 -0.04604473
vt -0.1901512 0.02190683
vt -0.1917725 0.02353815
vt -0.1942481 0.02225275
vt -0.1926756 0.02057439
vt -0.111723 -0.1415637
vt -0.1137942 -0.142564
vt -0.1141715 -0.1455602
vt -0.1122447 -0.1443041
vt 0.1496471 -0.04433252
vt 0.149087 -0.04656137
vt 0.1520377 -0.04810453
vt 0.1522743 -0.0458186
vt 0.1876357 0.03306711
vt 0.1860698 0.03138247
vt 0.1890602 0.02975919
vt 0.1905714 0.03149298
vt -0.1869973 0.02287101
vt -0.1847695 0.02344338
vt -0.1841514 0.02565882
vt -0.1857609 0.02730191
vt -0.1879886 0.02672954
vt -0.1886068 0.02451409
vt 0.09978619 -0.1588543
vt 0.09796028 -0.1574556
vt 0.09744284 -0.1606043
vt 0.09890322 -0.1621007
vt -0.1370088 -0.04186385
vt -0.1373224 -0.03958641
vt -0.1399637 -0.04104479
vt -0.139935 -0.04313433
vt -0.1850943 0.03604006
vt -0.1865806 0.03779539
vt -0.1890684 0.03612702
vt -0.1877111 0.03453642
vt -0.1303445 -0.1276485
vt -0.1323874 -0.1287046
vt -0.1322183 -0.1318499
vt -0.1305141 -0.1306389
vt 0.1133428 -0.04373207
vt 0.1129032 -0.04598917
vt 0.115923 -0.04742933
vt 0.1160494 -0.04534278
vt 0.1719038 0.06158708
vt 0.170578 0.05970753
vt 0.1736039 0.05823657
vt 0.1748164 0.05994006
vt -0.1959012 0.01055401
vt -0.1938902 0.01112686
vt -0.1933808 0.01315484
vt -0.1948824 0.01460997
vt -0.1968934 0.01403712
vt -0.1974028 0.01200915
vt 0.1407752 -0.1265479
vt 0.1390094 -0.1254286
vt 0.1385985 -0.1285505
vt 0.1402523 -0.1298296
vt -0.1004703 -0.04151349
vt -0.1006452 -0.03943028
vt -0.1031085 -0.04099322
vt -0.1032006 -0.04308172
vt -0.177397 0.05256037
vt -0.1786571 0.05422885
vt -0.1809282 0.05249544
vt -0.1797169 0.05079119
vt -0.1465705 -0.1157494
vt -0.1483818 -0.1167935
vt -0.1481812 -0.1198105
vt -0.1464734 -0.1186046
vt 0.09902465 -0.03977947
vt 0.09884106 -0.04186196
vt 0.1016902 -0.04344369
vt 0.1016055 -0.04135484
vt 0.1713746 0.0655066
vt 0.1701918 0.06378242
vt 0.1729294 0.06189853
vt 0.1740587 0.06365822
vt -0.2001634 0.002417153
vt -0.1981563 0.003003205
vt -0.1976602 0.005034495
vt -0.1991713 0.006479728
vt -0.2011785 0.005893676
vt -0.2016746 0.003862386
vt -0.02902902 -0.1939202
vt -0.02916713 -0.1918338
vt -0.03150793 -0.1936558
vt -0.03155119 -0.1955372
vt -0.1430037 -0.02389899
vt -0.1427926 -0.02182053
vt -0.1454892 -0.02257496
vt -0.1459255 -0.02440346
vt -0.1774134 0.05736456
vt -0.1786021 0.05908412
vt -0.1810486 0.05805286
vt -0.1800614 0.05645134
vt -0.08705182 -0.1715241
vt -0.08827548 -0.1732195
vt -0.08733587 -0.1757061
vt -0.08637096 -0.1740906
vt 0.1248079 -0.02772061
vt 0.1249587 -0.02980498
vt 0.1277305 -0.03039926
vt 0.1273285 -0.02856215
vt 0.1528776 0.09101759
vt 0.1519355 0.08915113
vt 0.1548674 0.08853559
vt 0.155611 0.090264
vt -0.2034368 -0.003395251
vt -0.2016294 -0.002871316
vt -0.2011793 -0.00104403
vt -0.2025368 0.0002593195
vt -0.2043443 -0.000264607
vt -0.2047943 -0.002091894
vt -0.02861124 -0.1966207
vt -0.02859405 -0.194739
vt -0.03099374 -0.1962189
vt -0.03123661 -0.1978739
vt -0.127761 -0.01948651
vt -0.1273563 -0.01764944
vt -0.1300246 -0.01830878
vt -0.13055 -0.01989601
vt -0.1626099 0.08074435
vt -0.1634349 0.08243573
vt -0.1659847 0.08140557
vt -0.1652302 0.07991265
vt -0.08809981 -0.1754846
vt -0.08907892 -0.1770913
vt -0.08760229 -0.1795013
vt -0.08692652 -0.1779715
vt 0.09914424 -0.027699
vt 0.0994934 -0.02954784
vt 0.1023724 -0.03000478
vt 0.1018806 -0.02840634
vt 0.1291886 0.1139179
vt 0.128657 0.1121127
vt 0.1315337 0.1116796
vt 0.1320323 0.1132763
vt -0.2074321 -0.002249015
vt -0.2058167 -0.001814407
vt -0.2053855 -0.000198173
vt -0.2065695 0.0009834386
vt -0.2081848 0.0005488248
vt -0.2086161 -0.0010674
vt 0.126951 -0.1560273
vt 0.1259621 -0.1546782
vt 0.1255608 -0.1569068
vt -0.1606013 0.003259864
vt -0.1600561 0.004839681
vt -0.1625412 0.005339942
vt -0.1631287 0.004001285
vt -0.1386809 0.1053999
vt -0.1392403 0.1069763
vt -0.1415996 0.1074608
vt -0.141125 0.1060762
vt 0.1846455 -0.07758389
vt 0.1860916 -0.07842444
vt 0.1883055 -0.07754968
vt 0.1869695 -0.07695194
vt 0.1427576 -0.001981981
vt 0.1432925 -0.003565748
vt 0.1456916 -0.002876231
vt 0.145096 -0.001540633
vt 0.08432309 0.138689
vt 0.08413472 0.1370269
vt 0.08646625 0.1382291
vt 0.08661275 0.1396854
vt -0.2094389 0.002513593
vt -0.2080171 0.002861375
vt -0.2076074 0.004266549
vt -0.2086195 0.005323943
vt -0.2100412 0.004976166
vt -0.2104509 0.003570984
vt -0.2001733 -0.03609928
vt -0.198776 -0.03566449
vt -0.2009693 -0.03432738
vt -0.2019886 -0.03455813
vt -0.1630172 0.01531971
vt -0.1624296 0.01665946
vt -0.1648698 0.01734312
vt -0.1653421 0.01641153
vt -0.1295949 0.1154057
vt -0.1299985 0.1168126
vt -0.1322349 0.1173542
vt -0.1319474 0.1163491
vt 0.1853428 -0.07806893
vt 0.1866699 -0.07868616
vt 0.1885232 -0.07773495
vt 0.187539 -0.07738241
vt 0.1302362 0.003269441
vt 0.130831 0.001932523
vt 0.1327477 0.002863046
vt 0.1322544 0.003784152
vt 0.0253137 0.1522374
vt 0.02548859 0.1507842
vt 0.02709286 0.1525441
vt 0.02696685 0.153582
vt -0.2098924 0.01007473
vt -0.2088701 0.01029393
vt -0.2085489 0.01128883
vt -0.2092499 0.01206453
vt -0.2102721 0.01184531
vt -0.2105934 0.01085041
vt -0.2021123 -0.02118544
vt -0.2010928 -0.02095513
vt -0.202631 -0.01969205
vt -0.2036614 -0.01986721
vt -0.1610987 0.02783598
vt -0.1606219 0.02876536
vt -0.1621654 0.02992501
vt -0.1626947 0.02902454
vt -0.0363601 0.1529658
vt -0.03627043 0.1540074
vt -0.03725476 0.1556488
vt -0.03737283 0.15461
vt 0.2021264 -0.01516747
vt 0.2031472 -0.01539136
vt 0.2046705 -0.01416791
vt 0.2036396 -0.01399593
vt 0.159732 0.02879745
vt 0.1602108 0.02786911
vt 0.1618249 0.02907434
vt 0.1612923 0.02997285
vt 0.01625881 0.1546912
vt 0.01642275 0.1536587
vt 0.01747527 0.1553995
vt 0.01728215 0.156427
vt -0.2096803 0.01833439
vt -0.2086528 0.01852738
vt -0.2083062 0.01951374
vt -0.2089871 0.0203071
vt -0.2100146 0.02011411
vt -0.2103612 0.01912776
vt -0.1481388 0.03319295
vt -0.1506609 0.03395585
vt -0.1523353 0.03308789
vt -0.1502854 0.03247198
vt -0.1953355 -0.0626839
vt -0.1966183 -0.06338878
vt -0.1958979 -0.0644841
vt 0.1464038 0.003768689
vt 0.1439178 0.002931561
vt 0.1473208 0.002571476
vt -0.1942799 -0.05675053
vt -0.1928297 -0.05591681
vt -0.1947837 -0.0550434
vt 0.103691 -0.1655534
vt 0.1044986 -0.1670184
vt 0.1051755 -0.1648446
vt 0.1462542 0.02446402
vt 0.1483617 0.0236025
vt 0.1496568 0.02409901
vt -0.1205471 -0.1019765
vt -0.1203577 -0.1034726
vt -0.1194044 -0.1026191
vt -0.2005105 -0.04353871
vt -0.2012956 -0.04454906
vt -0.2001129 -0.04527368
vt 0.1409974 0.0354412
vt 0.1394268 0.03599972
vt 0.1392946 0.03295329
vt 0.1408235 0.0322892
vt 0.1675783 0.05562498
vt 0.1659173 0.05549388
vt 0.1661673 0.05271669
vt 0.1678283 0.05258639
vt 0.07908065 0.04767983
vt 0.07757263 0.04697065
vt 0.07783716 0.04441055
vt 0.07942616 0.0449127
vt -0.07714432 0.03408607
vt -0.07862556 0.03332154
vt -0.07855345 0.03076001
vt -0.07706641 0.03151323
vt -0.1698457 0.04691001
vt -0.1714955 0.04667431
vt -0.1716301 0.04391513
vt -0.1700223 0.04435382
vt -0.1332905 0.05578104
vt -0.1348897 0.05624824
vt -0.1352639 0.05324393
vt -0.1336107 0.05303747
vt -3.409777E-05 0.04209965
vt -0.001487477 0.04291584
vt -0.001962795 0.03979503
vt -0.0004477093 0.03910005
vt -0.1738097 0.009524478
vt -0.172436 0.008580316
vt -0.1708413 0.009065674
vt -0.1702265 0.01061506
vt -0.1710545 0.01206177
vt -0.1727019 0.01231639
vt -0.1739281 0.01118719
vt 0.1574747 -0.04626609
vt 0.1566654 -0.04480884
vt 0.1550214 -0.04453304
vt 0.1537808 -0.04564636
vt 0.1538778 -0.04731046
vt 0.1552392 -0.04827222
vt 0.15684 -0.04780743
vt -0.1475887 0.04160594
vt -0.1459918 0.04113414
vt -0.1453953 0.0436908
vt -0.1469069 0.04438906
vt -0.1705776 0.04735283
vt -0.1689283 0.04759309
vt -0.1682774 0.05005164
vt -0.1699372 0.04989992
vt -0.06704573 0.009666519
vt -0.06557458 0.0104503
vt -0.06540839 0.01311876
vt -0.06679778 0.01219778
vt 0.09774114 0.02718049
vt 0.09923808 0.02791073
vt 0.09864207 0.03077614
vt 0.09728274 0.02981368
vt 0.1684918 0.05310779
vt 0.1701534 0.05322965
vt 0.1694249 0.05625767
vt 0.1677877 0.05594889
vt 0.1357213 0.02532326
vt 0.1372883 0.02475505
vt 0.136988 0.02782746
vt 0.1354318 0.02842464
vt -0.02343969 0.01315621
vt -0.02200098 0.01231492
vt -0.02169329 0.01516465
vt -0.02299105 0.01621032
vt -0.173489 0.04298338
vt -0.1722679 0.04184867
vt -0.1706194 0.04209588
vt -0.1697849 0.04353884
vt -0.1703927 0.04509098
vt -0.1719852 0.04558351
vt -0.1733632 0.04464553
vt -0.1464048 0.06309662
vt -0.1448932 0.06239605
vt -0.145105 0.06490861
vt -0.1465181 0.065791
vt -0.1700129 0.05138668
vt -0.1683531 0.0515393
vt -0.1686716 0.05408954
vt -0.1703262 0.05388912
vt -0.1019012 0.05696841
vt -0.1004979 0.05786481
vt -0.1009472 0.0606396
vt -0.1021817 0.05952206
vt 0.07419395 0.07593215
vt 0.07555039 0.07690071
vt 0.07514471 0.07995163
vt 0.07400281 0.0787375
vt 0.1684005 0.05903817
vt 0.1700387 0.05934476
vt 0.1701784 0.06249744
vt 0.1685568 0.06211197
vt 0.1440073 0.04343731
vt 0.1455699 0.04285944
vt 0.1460689 0.04579765
vt 0.1445778 0.04654068
vt 0.01835002 0.06826558
vt 0.01965587 0.0672301
vt 0.01993246 0.06991301
vt 0.0188735 0.07119989
vt -0.1739175 0.04993613
vt -0.1726885 0.04881002
vt -0.1710418 0.04906878
vt -0.1702174 0.05051757
vt -0.1708361 0.05206541
vt -0.172432 0.05254675
vt -0.1738034 0.05159913
vt -0.1477642 0.07528748
vt -0.1463492 0.0744091
vt -0.1466188 0.07729138
vt -0.1476032 0.07815254
vt -0.1698524 0.05175351
vt -0.1681983 0.05195682
vt -0.169157 0.05469326
vt -0.1704617 0.05458412
vt -0.1248806 0.06722567
vt -0.1236591 0.06835847
vt -0.1248978 0.07093994
vt -0.1257865 0.06997965
vt 0.02372808 0.1179649
vt 0.024752 0.1192799
vt 0.02377968 0.1219474
vt 0.02319105 0.1207778
vt 0.1676239 0.06690553
vt 0.1692418 0.06730425
vt 0.1694717 0.07014445
vt 0.1682499 0.06967466
vt 0.1399672 0.02587501
vt 0.1414502 0.02511389
vt 0.1422919 0.02784762
vt 0.1411407 0.02847198
vt 0.02106998 0.06472788
vt 0.02212789 0.06344002
vt 0.02285959 0.06621543
vt 0.02220883 0.06735166
vt -0.1721914 0.06465364
vt -0.1712789 0.06371404
vt -0.1699754 0.06384157
vt -0.1692624 0.0649402
vt -0.1696768 0.06618263
vt -0.1709066 0.0666333
vt -0.1720256 0.06595283
vt -0.1654396 0.06410776
vt -0.1644201 0.06328839
vt -0.1638034 0.06593224
vt -0.1647431 0.06684193
vt -0.1691004 0.04857244
vt -0.1677957 0.04868628
vt -0.1673944 0.05137134
vt -0.1686992 0.05125834
vt -0.08671563 0.01756331
vt -0.08585073 0.01854592
vt -0.08608171 0.02135644
vt -0.08682054 0.02027582
vt 0.1229003 0.06256404
vt 0.1236311 0.06364934
vt 0.1226719 0.06645207
vt 0.1221097 0.0652706
vt 0.1718525 0.06011714
vt 0.1730995 0.06051581
vt 0.1724509 0.06347581
vt 0.1712263 0.06301288
vt 0.1418954 0.02253151
vt 0.143048 0.02191046
vt 0.1430241 0.02487485
vt 0.1419095 0.02556179
vt -0.03332485 0.03286611
vt -0.03269928 0.03171549
vt -0.03202514 0.03445609
vt -0.03244418 0.03569693
vt -0.1711843 0.06763662
vt -0.1702793 0.06668986
vt -0.1689749 0.06680712
vt -0.1682532 0.06790009
vt -0.1686578 0.06914575
vt -0.169884 0.0696061
vt -0.1710084 0.06893447
vt -0.165918 0.07059788
vt -0.1649748 0.06969025
vt -0.1641814 0.07169978
vt -0.1650731 0.07265805
vt -0.1677041 0.04123596
vt -0.1664002 0.04135856
vt -0.165929 0.04345096
vt -0.1672344 0.04334518
vt -0.06493218 -0.006105508
vt -0.06424565 -0.004990236
vt -0.06460457 -0.00283077
vt -0.06522985 -0.003981497
vt 0.1333878 0.06826229
vt 0.1339571 0.06944121
vt 0.1329505 0.07146914
vt 0.1324722 0.07025044
vt 0.1714401 0.06085128
vt 0.172668 0.06130589
vt 0.171941 0.06350215
vt 0.1707311 0.06300154
vt 0.1727687 0.05593237
vt 0.1738453 0.05518643
vt 0.174089 0.05705156
vt -0.05835135 0.0308531
vt -0.0579647 0.02960179
vt -0.05707235 0.03164228
vt -0.05735356 0.03292141
vt -0.169658 0.06946828
vt -0.1687612 0.0685138
vt -0.1674558 0.06861988
vt -0.1667248 0.06970663
vt -0.1671187 0.07095571
vt -0.1683409 0.07142653
vt -0.169471 0.07076457
vt -0.1370594 0.1085423
vt -0.1363054 0.1074716
vt -0.1361994 0.1096642
vt -0.1368873 0.1107785
vt -0.1663563 0.04101073
vt -0.1650517 0.04112591
vt -0.1658765 0.04314496
vt -0.1671823 0.04304462
vt -0.126783 0.04316987
vt -0.1260217 0.04423533
vt -0.1271129 0.04615668
vt -0.1278481 0.04507304
vt 0.01356208 0.1150977
vt 0.01380484 0.1163847
vt 0.01278918 0.1184058
vt 0.01263797 0.1171049
vt 0.1703738 0.06231669
vt 0.1715764 0.06283502
vt 0.1720369 0.06508704
vt 0.1708531 0.06452717
vt 0.1475463 0.03187772
vt 0.1486663 0.03119875
vt 0.1497162 0.03323381
vt 0.1486008 0.0339203
vt 0.07748219 0.06649268
vt 0.07783955 0.06523291
vt 0.07901989 0.06714001
vt 0.07872503 0.06841584
vt -0.1694563 0.07048765
vt -0.1685647 0.06952831
vt -0.1672587 0.06962729
vt -0.1665218 0.07071006
vt -0.1669089 0.07196125
vt -0.1681285 0.07243872
vt -0.1692622 0.0717829
vt -0.152495 0.0964522
vt -0.1517203 0.09539655
vt -0.1518513 0.09767527
vt -0.1524902 0.09867956
vt -0.1659707 0.04684043
vt -0.164666 0.0469512
vt -0.1656166 0.04903973
vt -0.1668046 0.04896513
vt -0.1388134 0.05162685
vt -0.1380625 0.05269989
vt -0.1392272 0.05462689
vt -0.1399029 0.05364659
vt -0.02415216 0.1160122
vt -0.02409343 0.1173204
vt -0.0251581 0.119229
vt -0.02513343 0.1180387
vt 0.1714603 0.0594034
vt 0.1726615 0.05992423
vt 0.1732479 0.06199201
vt 0.17218 0.06146671
vt 0.1489964 0.03554168
vt 0.1501128 0.03485693
vt 0.151067 0.03680541
vt 0.1500459 0.03741767
vt 0.08349177 0.06392895
vt 0.08378667 0.06265302
vt 0.0848591 0.06460532
vt 0.08463289 0.0657741
vt -0.1677252 0.0717072
vt -0.1669216 0.07082856
vt -0.1657337 0.07090895
vt -0.1650559 0.07188783
vt -0.1653986 0.0730281
vt -0.1665038 0.0734711
vt -0.1675392 0.07288324
vt -0.1669684 0.08178803
vt -0.1662387 0.08084866
vt -0.1659113 0.08311355
vt -0.1664863 0.08401635
vt -0.1623658 0.03701525
vt -0.1611812 0.03712351
vt -0.1615925 0.03933159
vt -0.1626618 0.03928445
vt -0.1173581 0.03171538
vt -0.1167199 0.0327205
vt -0.1175086 0.03474727
vt -0.1180822 0.03384215
vt 0.07552946 0.1064307
vt 0.0757161 0.1076066
vt 0.07482138 0.1095369
vt 0.07476526 0.1084668
vt 0.1719146 0.05312543
vt 0.1730039 0.05360261
vt 0.1730052 0.05575352
vt 0.1720626 0.05524708
vt 0.1351312 0.009865141
vt 0.1361125 0.009191344
vt 0.1366972 0.01133628
vt 0.1357938 0.01191208
vt 0.009367323 0.04601165
vt 0.009554659 0.0448359
vt 0.01063034 0.04684669
vt 0.01052046 0.04791256
vt -0.1617663 0.07098203
vt -0.1610496 0.07018536
vt -0.1599799 0.07024893
vt -0.1593627 0.0711249
vt -0.1596627 0.07215364
vt -0.1606541 0.07256047
vt -0.1615902 0.07203906
vt -0.1742282 0.06466164
vt -0.1735475 0.06383423
vt -0.1716146 0.06519198
vt -0.1719831 0.06565923
vt -0.1577263 0.004116147
vt -0.1566578 0.004196567
vt -0.1555109 0.005883227
vt -0.1561041 0.005833182
vt 0.1051475 -0.02093923
vt 0.1050132 -0.01987611
vt 0.1037072 -0.01880736
vt 0.1038183 -0.0193922
vt 0.159878 0.07964435
vt 0.1601203 0.08068804
vt 0.1585577 0.08112878
vt 0.15845 0.08054356
vt 0.1710586 0.06130147
vt 0.1719322 0.06192199
vt 0.1700533 0.06230888
vt 0.1695732 0.06195696
vt -0.1560659 -0.01799619
vt -0.1566817 -0.01887313
vt -0.1545518 -0.01806427
vt -0.1541909 -0.01759091
vt -0.1717598 0.06671817
vt -0.1718904 0.06565482
vt -0.1696274 0.06661101
vt -0.1695329 0.06719831
vt -0.1603783 0.06741727
vt -0.1599801 0.06697467
vt -0.1593859 0.06701
vt -0.1590429 0.06749664
vt -0.1592096 0.06806816
vt -0.1597604 0.06829418
vt -0.1602805 0.06800451
vt -0.165623 0.08348925
vt -0.1653137 0.08298056
vt -0.1638855 0.08457711
vt -0.1558621 -0.005177901
vt -0.155269 -0.005126254
vt -0.1546915 -0.003079189
vt 0.02608641 -0.03905681
vt 0.02614433 -0.03846432
vt 0.02485073 -0.036761
vt 0.0248106 -0.03735496
vt 0.1433612 0.09063404
vt 0.1434424 0.09122382
vt 0.1418222 0.09266623
vt 0.1709076 0.0511638
vt 0.1714199 0.05146708
vt 0.1702522 0.05332688
vt 0.07964824 -0.06979454
vt 0.08003379 -0.0702481
vt 0.08057751 -0.06811829
vt 0.08018994 -0.06766645
vt -0.1055353 0.05154958
vt -0.105583 0.05095623
vt -0.1039132 0.05234801
vt -0.1038308 0.05293754
vt -0.1557797 0.06292569
vt -0.1553731 0.06249082
vt -0.1547796 0.06253755
vt -0.1544461 0.0630307
vt -0.1546237 0.06359892
vt -0.1551787 0.0638143
vt -0.1556932 0.06351469
vt -0.1660299 0.08024795
vt -0.1663238 0.08076565
vt -0.1677383 0.07911503
vt -0.1486903 -0.0147479
vt -0.1492815 -0.01481794
vt -0.1497371 -0.01691104
vt 0.1486845 0.09311686
vt 0.1486279 0.09252422
vt 0.1501793 0.09105185
vt 0.1694156 0.04112235
vt 0.1688971 0.04082978
vt 0.1699277 0.03892095
vt -0.141795 0.07472342
vt -0.1407654 0.07677609
vt -0.142599 0.07666753
vt -0.1731966 0.05269204
vt -0.17213 0.05345214
vt -0.1745893 0.0539142
vt 0.1494441 0.07980084
vt 0.1504584 0.07772137
vt 0.1518917 0.07869161
vt 0.1516314 0.08028756
vt 0.096779 0.03682648
vt 0.09794728 0.0383304
vt 0.09706632 0.03841779
vt 0.08015382 0.1181097
vt 0.08029553 0.1202088
vt 0.07941668 0.1198403
vt 0.1194698 0.02331762
vt 0.1203545 0.0236718
vt 0.1205774 0.02486676
vt -0.141397 0.08562234
vt -0.1429145 0.08668547
vt -0.1432305 0.08551168
vt -0.1458198 0.1045862
vt -0.1469372 0.1065286
vt -0.1477502 0.1061783
vt 0.2072749 0.05570213
vt 0.218347 0.05002574
vt 0.2106417 0.05825328
vt 0.2071987 0.07092965
vt 0.2162172 0.06344324
vt 0.2107256 0.07366977
vt 0.1821428 0.1197148
vt 0.1900665 0.1130096
vt 0.186163 0.121912
vt 0.2219374 0.0261103
vt 0.216125 0.02754627
vt 0.2182467 0.02178634
vt -0.16694 -0.09514834
vt -0.1698373 -0.08312546
vt -0.1719664 -0.09636349
vt -0.1817157 -0.01797214
vt -0.1797805 -0.00640747
vt -0.185124 -0.01671981
vt -0.0978741 0.008946581
vt -0.09433375 0.02134204
vt -0.1012069 0.01228844
vt -0.006282764 0.06265537
vt 0.0002109306 0.07117157
vt -0.009870438 0.06589161
vt 0.07641915 0.1011269
vt 0.08504219 0.1064091
vt 0.07408135 0.1051202
vt 0.1880393 0.08536975
vt 0.1912715 0.08808942
vt 0.1801552 0.09516552
vt 0.09504727 -0.0552359
vt 0.104729 -0.0805319
vt 0.1036364 -0.06057867
vt -0.1296163 -0.0536773
vt -0.1341704 -0.06398865
vt -0.1317646 -0.07534433
vt 0.06688307 0.1150545
vt 0.0754849 0.1153712
vt 0.07543276 0.1204546
vt 0.1669722 0.09416319
vt 0.1661585 0.0891451
vt 0.175239 0.08468822
vt -0.0008367721 0.05852666
vt 0.00816749 0.06314956
vt 0.005661403 0.06703945
vt -0.0653179 -0.003075083
vt -0.05881803 0.006109138
vt -0.0623008 0.009458018
vt -0.1691475 -0.03022651
vt -0.1652412 -0.02244833
vt -0.1679237 -0.0185651
vt -0.2097283 -0.01782319
vt -0.2046216 -0.007692398
vt -0.2076156 -0.005637961
vt 0.1465857 -0.1430911
vt 0.137061 -0.147756
vt 0.1434693 -0.1483795
vt 0.2123403 0.06593096
vt 0.2121083 0.05800873
vt 0.2180486 0.0572615
vt 0.2022426 0.07442077
vt 0.2071802 0.06571127
vt 0.2115013 0.0672335
vt 0.2076003 0.05693148
vt 0.2149285 0.04885685
vt 0.218683 0.05127579
vt -0.101044 -0.08212904
vt -0.08952718 -0.08403651
vt -0.07909484 -0.07561363
vt -0.1116557 -0.06494273
vt -0.104572 -0.07159951
vt -0.08256025 -0.06529895
vt 0.05740387 0.009196894
vt 0.06792803 0.01050918
vt 0.07480943 0.01444134
vt 0.0548077 -0.08126549
vt 0.05749632 -0.08954385
vt 0.06670433 -0.09617141
vt -0.06321248 -0.0822366
vt -0.05882801 -0.07148145
vt -0.06211613 -0.06060047
vt -0.1118373 -0.07647301
vt -0.08274206 -0.07684434
vt -0.08040259 -0.05530714
vt -0.1047374 -0.08655827
vt -0.07376872 -0.0647162
vt -0.0829886 -0.05804491
vt -0.09091651 -0.0323984
vt -0.1018565 -0.03094313
vt -0.1125804 -0.03860084
vt -0.1043022 -0.08694169
vt -0.08259206 -0.05839894
vt -0.1040852 -0.06516951
vt 0.1154055 -0.1743858
vt 0.1159 -0.1795333
vt 0.1216884 -0.1757928
vt 0.05776838 0.2178571
vt 0.0604793 0.2128603
vt 0.06704767 0.210774
vt 0.07639979 -0.0625558
vt 0.08925338 -0.07664485
vt 0.1063331 -0.07042074
vt 0.07877604 -0.05506698
vt 0.07541156 -0.06580376
vt 0.1053216 -0.07375668
vt 0.08220062 -0.0561493
vt 0.07384873 -0.06186716
vt 0.1000999 -0.08096817
vt 0.08252443 -0.06255883
vt 0.07392518 -0.06293927
vt 0.09114069 -0.08823727
vt 0.1305026 -0.06893276
vt 0.132256 -0.05907578
vt 0.1277689 -0.04913751
vt 0.1707175 0.1568068
vt 0.165684 0.1583321
vt 0.1597909 0.1388843
vt 0.1648243 0.1373591
vt -0.005532086 0.2161562
vt -0.0103332 0.2140087
vt -0.002036141 0.1954587
vt 0.002764964 0.1976061
vt -0.1279923 0.1554774
vt -0.1315697 0.1516219
vt -0.1166734 0.1378
vt -0.113096 0.1416555
vt -0.1838189 0.08560966
vt -0.1868481 0.08131006
vt -0.1702357 0.06960639
vt -0.1672066 0.07390598
vt -0.2134676 0.04549991
vt -0.2165526 0.04124025
vt -0.2000945 0.02932065
vt -0.1970095 0.03358031
vt -0.2226186 0.06192435
vt -0.2263897 0.05825825
vt -0.212225 0.0436875
vt -0.2084538 0.04735358
vt -0.1656839 0.1583322
vt -0.1707174 0.1568069
vt -0.1648243 0.1373591
vt -0.1597908 0.1388844
vt 0.0103332 0.2140088
vt 0.0055321 0.2161562
vt -0.002764957 0.1976061
vt 0.002036148 0.1954587
vt 0.1315697 0.1516219
vt 0.1279923 0.1554774
vt 0.113096 0.1416555
vt 0.1166734 0.1378
vt 0.1868481 0.08131007
vt 0.1838189 0.08560964
vt 0.1672066 0.07390598
vt 0.1702357 0.06960639
vt 0.2165526 0.04124024
vt 0.2134676 0.04549992
vt 0.1970095 0.03358031
vt 0.2000945 0.02932065
vt 0.2263897 0.05825825
vt 0.2226186 0.06192434
vt 0.2084539 0.04735358
vt 0.212225 0.04368749
vt -0.1132222 -0.05620547
vt -0.114843 -0.06120897
vt -0.1137449 -0.06635255
vt -0.1102222 -0.07025798
vt -0.1052187 -0.0718788
vt -0.1000751 -0.07078072
vt -0.09616967 -0.06725797
vt -0.09454884 -0.06225447
vt -0.09564693 -0.05711089
vt -0.09916968 -0.05320547
vt -0.1041732 -0.05158465
vt -0.1093168 -0.05268273
vt 0.1093168 -0.05268273
vt 0.1041732 -0.05158465
vt 0.09916968 -0.05320547
vt 0.09564693 -0.05711089
vt 0.09454885 -0.06225447
vt 0.09616967 -0.06725797
vt 0.1000751 -0.07078072
vt 0.1052187 -0.07187879
vt 0.1102222 -0.07025797
vt 0.1137449 -0.06635255
vt 0.114843 -0.06120898
vt 0.1132222 -0.05620547
vt 0.19136 0.1126755
vt 0.1824827 0.1099312
vt 0.1874744 0.1069333
vt 0.02141824 0.2110053
vt 0.01745285 0.2026892
vt 0.0230426 0.2043198
vt -0.1161219 0.1597346
vt -0.1155614 0.1505217
vt -0.111488 0.1546824
vt -0.1713957 0.09026924
vt -0.1693021 0.08116989
vt -0.1660293 0.08598579
vt -0.1996824 0.04462266
vt -0.1974089 0.03539496
vt -0.1942851 0.04030884
vt -0.2124162 0.04577516
vt -0.2112992 0.03615639
vt -0.2076451 0.04068979
vt -0.1793159 0.1243116
vt -0.1821299 0.1148942
vt -0.1770065 0.117661
vt -0.02115728 0.2039566
vt -0.02971749 0.1989776
vt -0.02408617 0.1974969
vt 0.1102191 0.1534739
vt 0.1003366 0.1531603
vt 0.1045627 0.1491548
vt 0.1675014 0.08196495
vt 0.1578352 0.08349293
vt 0.1611768 0.07872446
vt 0.1981074 0.03272797
vt 0.1886688 0.03460842
vt 0.1917429 0.02966327
vt 0.2129016 0.04322399
vt 0.2071589 0.03933926
vt 0.2107948 0.03479125
vt -0.09914343 -0.05562714
vt -0.09977266 -0.06141578
vt -0.09742326 -0.06674351
vt -0.09272477 -0.07018275
vt -0.08693615 -0.07081197
vt -0.08160841 -0.06846257
vt -0.07816918 -0.0637641
vt -0.07753995 -0.05797546
vt -0.07988934 -0.05264773
vt -0.08458783 -0.04920849
vt -0.09037647 -0.04857928
vt -0.09570418 -0.05092864
vt 0.09444702 -0.04946908
vt 0.0889742 -0.04748099
vt 0.08324055 -0.04849565
vt 0.07878241 -0.05224121
vt 0.07679432 -0.05771402
vt 0.07780899 -0.06344767
vt 0.08155455 -0.06790581
vt 0.08702736 -0.06989391
vt 0.092761 -0.06887923
vt 0.09721915 -0.06513368
vt 0.09920724 -0.05966087
vt 0.09819257 -0.05392722
vt 0.1998754 0.04277562
vt 0.1967335 0.04767794
vt 0.1904316 0.04462927
vt 0.2078692 0.02453275
vt 0.2138719 0.02813505
vt 0.210437 0.03283673
vt 0.1698132 0.09307007
vt 0.1664587 0.09782939
vt 0.1601543 0.09464277
vt 0.1093948 0.1652333
vt 0.1051503 0.1692193
vt 0.09951319 0.1648921
vt -0.0422904 0.2080745
vt -0.04801949 0.2091145
vt -0.05041542 0.202413
vt -0.1962138 0.1008321
vt -0.2009732 0.09747763
vt -0.1978035 0.09113268
vt -0.2117542 0.03287967
vt -0.2151707 0.02816465
vt -0.210034 0.02335027
vt -0.192925 0.0437062
vt -0.196033 0.03878227
vt -0.1905205 0.03451177
vt -0.1593097 0.0968952
vt -0.1627497 0.09219719
vt -0.1574689 0.08774136
vt -0.09397124 0.1683694
vt -0.09837277 0.1645575
vt -0.09415255 0.1591412
vt 0.05244951 0.2036415
vt 0.04670297 0.2027027
vt 0.04746956 0.1958902
vt 0.1953002 0.1055046
vt 0.1903879 0.1086309
vt 0.1863321 0.1030734
vt -0.1770771 0.06113022
vt -0.1720113 0.05039811
vt -0.1734871 0.05925618
vt -0.1594144 0.0993654
vt -0.1590168 0.08759944
vt -0.1563271 0.09616734
vt -0.1678554 0.06995775
vt -0.1679528 0.05800576
vt -0.1642264 0.06617627
vt -0.1795653 0.03765365
vt -0.179783 0.02531919
vt -0.1753627 0.03313611
vt -0.186678 0.0409179
vt -0.1880173 0.0275906
vt -0.182259 0.03448157
vt -0.1520251 0.102678
vt -0.1583588 0.09161914
vt -0.1501676 0.0952998
vt -0.03105443 0.1747548
vt -0.03943367 0.1721664
vt -0.03082752 0.1696016
vt 0.05150098 0.114591
vt 0.03998694 0.1157008
vt 0.04680555 0.109857
vt 0.1167029 0.05459888
vt 0.1074437 0.05940875
vt 0.112288 0.05184731
vt 0.1364362 -0.01332335
vt 0.1272815 -0.006820167
vt 0.130896 -0.01504075
vt 0.176588 -0.02584149
vt 0.1674849 -0.01973939
vt 0.1713787 -0.02783147
vt 0.1763011 0.07402758
vt 0.1722953 0.07343254
vt 0.1796156 0.06823096
vt -0.05781416 -0.06103141
vt -0.06248889 -0.05336394
vt -0.07037109 -0.04906108
vt -0.07934869 -0.04927579
vt 0.09371022 -0.02871285
vt 0.08487852 -0.03033906
vt 0.07804316 -0.03616324
vt 0.07503565 -0.04462482
vt 0.07666185 -0.05345651
vt 0.08248603 -0.06029188
vt 0.09094761 -0.0632994
vt 0.09977931 -0.06167318
vt 0.1066147 -0.055849
vt 0.1096222 -0.04738743
vt 0.107996 -0.03855573
vt 0.1021718 -0.03172036
vt 0.1444824 -0.08479032
vt 0.142276 -0.07787379
vt 0.1369197 -0.07685889
vt 0.1317158 -0.09262311
vt 0.1370344 -0.09381977
vt 0.1344746 -0.08654235
vt 0.1573244 0.02219121
vt 0.1533336 0.02988011
vt 0.1479602 0.02838897
vt 0.1171628 0.0553831
vt 0.1134662 0.06184738
vt 0.1079057 0.06019716
vt 0.05495822 0.1362418
vt 0.04739336 0.1408621
vt 0.04345546 0.1374629
vt -0.01098822 0.1479451
vt -0.01586142 0.1515708
vt -0.01954224 0.1460111
vt -0.1531892 0.1019048
vt -0.1626865 0.09481741
vt -0.1594474 0.09080312
vt -0.187944 0.03354497
vt -0.1933101 0.02627252
vt -0.1887589 0.02017536
vt -0.1675299 0.03445078
vt -0.1729141 0.0277661
vt -0.1675277 0.02211441
vt -0.1306419 0.09065682
vt -0.1363491 0.0837235
vt -0.1325541 0.0788584
vt -0.06570896 0.1573511
vt -0.07300791 0.1521195
vt -0.07149865 0.1471004
vt 0.08705263 0.1660335
vt 0.07807931 0.1663841
vt 0.07567986 0.1626422
vt -0.1001901 0.03038046
vt -0.09475712 0.0276645
vt -0.0840566 0.03275665
vt -0.08793695 -0.08270003
vt -0.08033128 -0.08725284
vt -0.06428883 -0.08432438
vt -0.08764916 -0.03760051
vt -0.08490375 -0.04452254
vt -0.06124309 -0.0459526
vt -0.09332411 -0.04347919
vt -0.09338335 -0.05214187
vt -0.06709509 -0.06085767
vt -0.1083896 -0.05571587
vt -0.1137235 -0.060641
vt -0.08868407 -0.0796936
vt -0.1180632 -0.05294358
vt -0.1242418 -0.05756289
vt -0.1061272 -0.0827641
vt -0.06977904 -0.05028824
vt -0.05263432 -0.07745054
vt -0.04765581 -0.06990745
vt -0.09117458 -0.0621351
vt -0.07059441 -0.08336733
vt -0.07015893 -0.074795
vt 0.1661132 0.03702601
vt 0.1592396 0.04102847
vt 0.1641854 0.0359119
vt 0.1620353 0.05227132
vt 0.1635793 0.04532897
vt 0.1689846 0.04499456
vt 0.1680143 0.05204005
vt -0.146932 -0.03353088
vt -0.1441507 -0.02698066
vt -0.1480795 -0.03327108
vt -0.1044382 -0.05469653
vt -0.1081563 -0.04862883
vt -0.1147743 -0.05304121
vt 0.06485166 -0.04946072
vt 0.07006371 -0.05430587
vt 0.07490887 -0.04909384
vt 0.06969683 -0.04424868
vt -0.1651565 0.01937914
vt -0.169012 0.01815805
vt -0.1685364 0.01105771
vt 0.1685594 0.01933151
vt 0.1741933 0.01841746
vt 0.173966 0.01937629
vt 0.1689142 0.01751528
vt 0.1684111 0.01041684
vt 0.1745346 0.01652195
vt -0.1660484 -0.01038898
vt -0.166527 -0.009220129
vt -0.1711276 -0.01240284
vt -0.1660987 0.03161436
vt -0.1754071 0.03027843
vt -0.17048 0.02314385
vt -0.1013084 0.07469019
vt -0.1020188 0.07400732
vt -0.09366976 0.07058789
vt 0.1605964 -0.002515548
vt 0.1659318 -0.005185562
vt 0.1657719 -0.00395296
vt 0.1699013 0.004214795
vt 0.1733554 -0.005694556
vt 0.1750584 0.001214914
vt -0.1693002 0.02907337
vt -0.1797469 0.02585227
vt -0.1795136 0.02472382
vt -0.1709013 0.007340298
vt -0.1760113 0.004740152
vt -0.1750424 -0.002325644
vt 0.007200798 0.0690117
vt 0.01229128 0.06403898
vt 0.01291274 0.06500935
vt -0.1560556 -0.03176354
vt -0.1571618 -0.03136273
vt -0.1613732 -0.03281817
vt -0.1102101 -0.03207894
vt -0.1056757 -0.03804801
vt -0.09983595 -0.03347606
vt -0.1687891 0.01259201
vt -0.164416 0.01344651
vt -0.1653407 0.02088529
vt -0.1654659 -0.01236661
vt -0.1611539 -0.01124365
vt -0.1659596 -0.0112041
vt -0.1654824 0.06151286
vt -0.1606766 0.06148297
vt -0.1594177 0.06887255
vt 0.1633473 -0.0001309505
vt 0.1686375 -0.001497663
vt 0.1700543 0.005326628
vt -0.1512017 -0.01953588
vt -0.1485358 -0.02597569
vt -0.1433261 -0.02393742
vt 0.1710759 0.007960344
vt 0.1697737 0.001113265
vt 0.1747201 -0.001880698
vt 0.08903974 -0.1276148
vt 0.08705207 -0.1221852
vt 0.08307093 -0.118255
vt -0.1723649 -0.00985951
vt -0.1621813 -0.005884163
vt -0.1685905 -4.45757E-05
vt 0.1600141 -0.028281
vt 0.154943 -0.02560558
vt 0.1549156 -0.0265906
vt -0.03801767 -0.006573652
vt -0.04293913 -0.001411912
vt -0.04363609 -0.002441045
vt 0.1624478 0.03422462
vt 0.160413 0.03332051
vt 0.1664014 0.03337293
vt 0.1738385 0.04896719
vt 0.1644654 0.04972506
vt 0.1684318 0.04893572
vt 0.166609 0.01065455
vt 0.1710744 0.003004616
vt 0.1690885 0.01067654
vt -0.1710511 -0.006224846
vt -0.1662379 -0.01251453
vt -0.1606207 -0.01031928
vt -0.1649026 -0.00365654
vt -0.1756118 0.05035656
vt -0.1790982 0.04323987
vt -0.1743514 0.0499987
vt 0.1227638 -0.008030877
vt 0.1291171 -0.003294033
vt 0.1235546 0.003599401
vt -0.09981678 0.01995182
vt -0.09533747 0.02648923
vt -0.1018749 0.03096855
vt -0.1063542 0.02443114
vt 0.1532924 -0.0240752
vt 0.1493226 -0.02194811
vt 0.1440276 -0.02784434
vt 0.1692128 0.02632693
vt 0.1637068 0.0295022
vt 0.1635651 0.02841403
vt 0.1691316 0.02635694
vt -0.1490276 -0.02207096
vt -0.1437191 -0.02795501
vt -0.1438912 -0.01832715
vt -0.1707872 0.04516914
vt -0.1700079 0.04399828
vt -0.1656848 0.04848408
vt 0.1659747 -0.003554786
vt 0.1618885 -0.001621351
vt 0.1617906 -0.001575031
vt 0.1566986 -0.008622199
vt 0.1567007 -0.008729584
vt -0.04090056 0.03299627
vt -0.04146284 0.03393862
vt -0.04727089 0.02574019
vt -0.04720003 0.02582091
vt 0.1674924 0.04247482
vt 0.1616731 0.04568103
vt 0.1617967 0.04430241
vt -0.1260336 -0.03287877
vt -0.114588 -0.03523918
vt -0.1202194 -0.02966335
vt -0.163703 0.001709499
vt -0.1544105 0.00957459
vt -0.1551427 0.01062846
vt 0.1304203 -0.03136779
vt 0.1248529 -0.02824172
vt 0.1189069 -0.03350709
vt -0.01390172 0.1276773
vt -0.02028115 0.1229757
vt -0.01932628 0.1221185
vt -0.1764727 0.04726063
vt -0.1752051 0.04692895
vt -0.1706833 0.04897236
vt 0.09539454 -0.001064866
vt 0.08873151 -0.006093648
vt 0.09380256 -0.01261278
vt 0.1443884 -0.02814983
vt 0.1484986 -0.0309298
vt 0.1536429 -0.02435554
vt -0.1708093 0.04544901
vt -0.1753022 0.04334298
vt -0.1700324 0.04427653
vt 0.1648528 -0.00289906
vt 0.1700125 -0.004320448
vt 0.1735025 0.003262727
vt -0.1234268 -0.04419675
vt -0.119118 -0.03990042
vt -0.1248565 -0.03467408
vt 0.1036483 -0.02486752
vt 0.09738443 -0.02945098
vt 0.1009642 -0.03454965
vt -0.1266759 -0.03481701
vt -0.1209964 -0.04010734
vt -0.1152398 -0.03722278
vt -0.1394537 0.03514686
vt -0.1455228 0.0329961
vt -0.1499453 0.0286082
vt 0.1178897 -0.02977801
vt 0.1275511 -0.03718529
vt 0.1275718 -0.03707991
vt 0.1294164 -0.02771152
vt 0.1612277 0.05572286
vt 0.1670172 0.0530303
vt 0.1669928 0.05412739
vt 0.03533597 0.07339578
vt 0.04225609 0.07729334
vt 0.04133628 0.07832765
vt 0.1669372 -0.01795233
vt 0.1694165 -0.01792099
vt 0.1632656 -0.01534402
vt 0.1110518 -0.09379056
vt 0.1144761 -0.09852543
vt 0.1145395 -0.09861319
vt 0.1149319 -0.09828085
vt 0.1145412 -0.09861153
vt 0.1171903 -0.1022745
vt 0.1149901 -0.0983447
vt 0.1149335 -0.09827919
vt 0.1617908 -0.001574975
vt 0.1565089 0.0009242155
vt 0.1566987 -0.008622151
vt -0.09332155 -0.07103948
vt -0.09625665 -0.07109897
vt -0.09402123 -0.0733325
vt 0.1101105 0.1668462
vt 0.1097396 0.1642866
vt 0.1126558 0.1640251
vt 0.1130344 0.1665836
vt 0.09688178 0.1249544
vt 0.09671453 0.1223735
vt 0.0995292 0.1223318
vt 0.09980921 0.124903
vt 0.09496664 -0.01870383
vt 0.09491722 -0.02128971
vt 0.09759904 -0.02132202
vt 0.09778136 -0.0187421
vt 0.09021815 -0.1499767
vt 0.09024112 -0.152563
vt 0.0928685 -0.1526588
vt 0.09289846 -0.1500726
vt -0.09848014 0.1629903
vt -0.0986882 0.1655682
vt -0.1013838 0.1655193
vt -0.1011089 0.1629476
vt -0.09596298 0.02601
vt -0.0967672 0.02858389
vt -0.09865891 0.0259808
vt -0.1928396 0.04136739
vt -0.189511 0.04018331
vt -0.1912429 0.04315567
vt 0.1735573 0.06051698
vt 0.1710088 0.06007595
vt 0.1697647 0.05780848
vt 0.1707617 0.05542205
vt 0.1732492 0.05471367
vt 0.1753539 0.05621677
vt -0.193712 0.03635459
vt -0.1906343 0.03782583
vt -0.1939519 0.0390405
vt -0.1903301 0.03546802
vt -0.1933982 0.03397686
vt -0.1913663 0.03237663
vt -0.1581532 -0.004064562
vt -0.158624 -0.00729081
vt -0.1561608 -0.006502142
vt -0.1127416 0.02405176
vt -0.1105078 0.02183327
vt -0.1095821 0.02424827
vt -0.116939 0.08904156
vt -0.1137797 0.08924316
vt -0.1148532 0.09159625
vt -0.1644856 0.0926789
vt -0.1627914 0.09550847
vt -0.1653278 0.09601431
vt -0.1098515 0.03503522
vt -0.1079421 0.03762536
vt -0.1099274 0.03789018
vt -0.1296603 -0.07628164
vt -0.1315207 -0.07372737
vt -0.1316235 -0.07588465
vt 0.1574909 0.05053293
vt 0.1572655 0.05337998
vt 0.1556514 0.05481502
vt -0.03458221 -0.06270485
vt -0.0364734 -0.06279178
vt -0.03648738 -0.06642612
vt -0.05098609 -0.103904
vt -0.0528713 -0.1037103
vt -0.05327975 -0.1053509
vt 0.02541165 0.1375413
vt 0.0254744 0.1356476
vt 0.02737906 0.1358527
vt 0.02729574 0.1377456
vt 0.04015642 -0.003962768
vt 0.04183935 -0.005814993
vt 0.04206862 -0.003847425
vt 0.03952188 -0.06088085
vt 0.03981921 -0.06409337
vt 0.04175877 -0.06410415
vt 0.03142504 -0.1052643
vt 0.03338125 -0.1053615
vt 0.03304831 -0.1037757
vt -0.0466265 0.1383227
vt -0.04689885 0.1401978
vt -0.04883206 0.1400606
vt -0.0485801 0.1381826
vt -0.03774807 0.01945988
vt -0.0396559 0.01935046
vt -0.03986005 0.01741632
vt -0.1535035 0.01514673
vt -0.1485674 0.01988205
vt -0.1501452 0.02093121
vt 0.1498853 0.02090142
vt 0.148307 0.01985306
vt 0.1515213 0.01409866
vt -0.1439311 0.01656898
vt -0.145877 0.0135306
vt -0.1458489 0.01154135
vt -0.02963594 -0.1222913
vt -0.02774882 -0.12214
vt -0.02755762 -0.1205492
vt -0.1525058 0.0222779
vt -0.1539104 0.02150705
vt -0.1558633 0.01649293
vt 0.1557976 0.01546266
vt 0.153935 0.01858349
vt 0.1525532 0.01955769
vt 0.1501187 0.01165042
vt 0.1501379 0.01359522
vt 0.1468271 0.01763667
vt 0.0434932 -0.0007737901
vt 0.04325967 -0.002671374
vt 0.04518293 -0.002619809
vt -0.1498705 0.01084157
vt -0.1482173 0.01361201
vt -0.1480761 0.0155187
vt 0.04130423 -0.1060834
vt 0.0393647 -0.1060685
vt 0.03974649 -0.1076404
vt -0.1521285 0.01116801
vt -0.1508444 0.01215163
vt -0.1490218 0.01681786
vt 0.1491546 0.01447961
vt 0.1507838 0.0116556
vt 0.1520284 0.01061802
vt 0.1481427 0.01508489
vt 0.1483295 0.01311283
vt 0.1511849 0.009237624
vt -0.1543574 0.01619688
vt -0.15266 0.01535488
vt -0.1494168 0.02092757
vt -0.03935478 0.01689517
vt -0.03741769 0.01695695
vt -0.03724276 0.01893869
vt 0.1528492 0.01470549
vt 0.154546 0.01554883
vt 0.1512007 0.02150523
vt -0.03393983 -0.06772722
vt -0.03203332 -0.0675968
vt -0.03206843 -0.06398884
vt 0.04724929 -0.06020521
vt 0.04687326 -0.0569667
vt 0.04495022 -0.05702596
vt -0.02884971 -0.04612276
vt -0.03074285 -0.04611101
vt -0.03094621 -0.0497397
vt -0.04617828 -0.08813493
vt -0.04805185 -0.08784986
vt -0.04853951 -0.08946869
vt 0.001429582 0.1375677
vt 0.001717193 0.1356948
vt 0.003583926 0.1361251
vt 0.003275979 0.1379947
vt 0.03119631 0.01088023
vt 0.03295588 0.009100654
vt 0.03310194 0.01107614
vt 0.03313257 -0.04441332
vt 0.03358002 -0.04760838
vt 0.03551795 -0.04752835
vt 0.02949628 -0.08858392
vt 0.03145459 -0.08854865
vt 0.03101524 -0.086989
vt -0.02248176 0.1397193
vt -0.02254566 0.141613
vt -0.02448222 0.1416898
vt -0.0244389 0.1397955
vt -0.02793938 0.03290331
vt -0.0298502 0.03287955
vt -0.03014087 0.0309565
vt -0.1463785 0.01047181
vt -0.1420368 0.01575747
vt -0.1437276 0.01661274
vt 0.1435839 0.01649895
vt 0.1418921 0.01564572
vt 0.1443994 0.009549925
vt -0.1387704 0.01213
vt -0.1403172 0.008870238
vt -0.1400381 0.006900459
vt -0.03146825 -0.105798
vt -0.02957515 -0.1058161
vt -0.0292424 -0.1042489
vt -0.1448816 0.01867262
vt -0.1461948 0.01775469
vt -0.1475952 0.01255911
vt 0.146626 0.01189828
vt 0.145085 0.0151898
vt 0.1438076 0.01629737
vt 0.1434837 0.00703658
vt 0.143743 0.008964107
vt 0.1409567 0.01338353
vt 0.03424576 0.01393511
vt 0.03408705 0.01202981
vt 0.0360068 0.012157
vt -0.1397426 0.009620497
vt -0.1383463 0.01252895
vt -0.1383779 0.01444059
vt 0.03830574 -0.08953717
vt 0.03636886 -0.08963955
vt 0.03684492 -0.09118551
vt -0.1421892 0.009293454
vt -0.1410026 0.01039279
vt -0.139624 0.01520892
vt 0.1393716 0.01338993
vt 0.140739 0.01043027
vt 0.1418848 0.009284483
vt 0.1382801 0.01437638
vt 0.1382928 0.01239554
vt 0.1407965 0.008284351
vt -0.1470313 0.01150528
vt -0.1452476 0.01086585
vt -0.1426727 0.01677709
vt -0.02967579 0.03045659
vt -0.02773789 0.0304307
vt -0.02747351 0.03240251
vt 0.145385 0.01033218
vt 0.1471683 0.0109726
vt 0.1445379 0.01727742
vt -0.02874127 -0.05101375
vt -0.02683048 -0.05098751
vt -0.02666876 -0.04738301
vt 0.04026975 -0.0438032
vt 0.03976021 -0.040583
vt 0.03784126 -0.04072167
vt 0.05140656 0.01644177
vt 0.02427438 0.02326367
vt 0.02979107 0.01031069
vt 0.08176313 -0.03118074
vt 0.06739156 -0.0222311
vt 0.06962585 -0.04240793
vt 0.08529095 -0.09059636
vt 0.0746123 -0.07717744
vt 0.07281826 -0.09114151
vt -0.1159835 0.07364226
vt -0.1044315 0.06033015
vt -0.1035693 0.07438256
vt -0.1226884 0.05670585
vt -0.114463 0.04061357
vt -0.1102998 0.05406281
vt -0.1267049 0.03782917
vt -0.1231031 0.02204794
vt -0.1151911 0.0336933
vt -0.1038335 0.08745055
vt -0.1145217 0.06989285
vt -0.1014138 0.07503045
vt -0.0311949 0.1407113
vt -0.04971619 0.127992
vt -0.03375621 0.124199
vt -0.01727841 -0.0430234
vt -0.03617626 -0.02864223
vt -0.02641119 -0.04693417
vt 0.08512347 0.013208
vt 0.07129596 0.01585631
vt 0.05964579 0.007951421
vt 0.05699749 -0.005876102
vt 0.06490238 -0.01752626
vt 0.07872989 -0.02017457
vt -0.08170588 0.1048367
vt -0.09244132 0.1102249
vt -0.09575215 0.08982956
vt -0.1130178 0.07105997
vt -0.1134347 0.09171812
vt -0.1212592 0.08559601
vt -0.106996 0.02452054
vt -0.1116832 0.01569247
vt -0.1005545 0.009670408
vt -0.1174451 0.06535337
vt -0.1193924 0.05993624
vt -0.1103262 0.04874189
vt -0.110434 0.08239724
vt -0.1116165 0.07332272
vt -0.1000514 0.06815426
vt 0.1050567 -0.06745448
vt 0.1041111 -0.05835221
vt 0.09180305 -0.05657136
vt 0.08340907 -0.02819681
vt 0.08144053 -0.0192598
vt 0.06895651 -0.01937854
vt 0.04785706 0.002073149
vt 0.03461575 0.01802994
vt 0.02075549 0.009015686
vt -0.1317721 0.03372383
vt -0.1266537 0.04230904
vt -0.1390401 0.03432433
vt -0.110639 -0.0385004
vt -0.1046359 -0.04189707
vt -0.1090294 -0.02615086
vt -0.06598061 -0.03666988
vt -0.06566589 -0.02064246
vt -0.07448121 -0.02309914
vt -0.04262511 -0.02854215
vt -0.05253263 -0.01596175
vt -0.05633127 -0.02428735
vt -0.09194027 -0.02328745
vt -0.08196495 -0.01290538
vt -0.08932804 -0.007471202
vt -0.09105536 -0.008700262
vt -0.09264725 -0.001258764
vt -0.1043361 -0.005206423
vt -0.1088524 -0.03899913
vt -0.09968166 -0.02746317
vt -0.1127068 -0.02311237
vt -0.09314076 0.0004808106
vt -0.09410121 0.006156627
vt -0.1048412 -0.003432272
vt -0.05236412 -0.06684456
vt -0.05532533 -0.05474774
vt -0.06873909 -0.04964551
vt 0.06430058 -0.01918465
vt 0.08058833 -0.01723099
vt 0.08316561 -0.003390066
vt 0.06629295 -0.0209619
vt 0.08505361 -0.005043487
vt 0.07418091 0.01209947
vt 0.1350591 0.04309267
vt 0.1365043 0.04983697
vt 0.127969 0.0413853
vt -0.117677 0.06257392
vt -0.1203015 0.05543096
vt -0.1088164 0.05121607
vt -0.07985862 0.0745943
vt -0.09537245 0.046429
vt -0.06953413 0.05214658
vt 0.002864143 0.1105427
vt -0.02714027 0.09996249
vt -0.001080753 0.08547701
vt 0.0593117 -0.00313908
vt 0.02745671 0.01004157
vt 0.0418685 -0.01678701
vt 0.1040844 -0.07494421
vt 0.07256493 -0.05415524
vt 0.07812044 -0.08559649
vt -0.03081093 -0.1390359
vt -0.0188227 -0.1072512
vt -0.04700149 -0.1182941
vt -0.1404094 0.03160918
vt -0.1145981 0.009047783
vt -0.1162151 0.03546169
vt -0.1380101 0.02040077
vt -0.1205663 -0.008661518
vt -0.1132399 0.01676748
vt -0.141021 0.01364869
vt -0.1251318 -0.005272933
vt -0.1084968 0.01530832
vt -0.04146194 -0.04495709
vt -0.04562642 -0.02826763
vt -0.06037239 -0.01941114
vt -0.07706185 -0.02357563
vt -0.05031843 -0.05970305
vt 0.04380004 -0.07027522
vt 0.06975754 -0.07542473
vt 0.08641762 -0.009803525
vt 0.05623205 -0.007608258
vt 0.03423607 -0.02232173
vt 0.02908656 -0.04827923
vt -0.1386921 0.02248519
vt -0.1434056 0.005942403
vt -0.1218257 -0.006916014
vt -0.1083422 0.01246709
vt -0.1304048 0.02447842
vt -0.1408673 0.01082496
vt -0.1386346 0.04094983
vt -0.1385339 0.02374894
vt -0.114557 0.01654684
vt 0.1151816 -0.08735796
vt 0.1161869 -0.07018618
vt 0.09334098 -0.06133938
vt 0.0720586 -0.1102186
vt 0.07015597 -0.09080005
vt 0.04468004 -0.08421723
vt 0.06588756 0.01265262
vt 0.06105926 0.03347577
vt 0.03404636 0.02586653
vt 0.02893601 0.04522602
vt 0.01505271 0.05148059
vt -0.001838427 0.03715508
vt -0.09876724 0.07243365
vt -0.1218587 0.066199
vt -0.1116467 0.04297042
vt 0.07728772 -0.07402267
vt 0.1047623 -0.06244364
vt 0.1122924 -0.03293482
vt 0.07934089 -0.07479042
vt 0.1140628 -0.03346335
vt 0.09393449 -0.008678937
vt -0.1306915 0.01582769
vt -0.1465763 0.004497592
vt -0.1444847 -0.01677543
vt -0.03604468 -0.03212821
vt -0.04042858 -0.06725653
vt -0.02669437 -0.07383204
vt -0.08848975 -0.02764413
vt -0.08648558 -0.0703363
vt -0.0632137 -0.06481297
vt 0.07018347 0.02295597
vt 0.05181616 0.02736775
vt 0.05907084 0.0136183
vt 0.08448796 -0.0413995
vt 0.07039154 -0.02510231
vt 0.07267027 -0.04048038
vt 0.05955822 -0.1027648
vt 0.05510981 -0.08016863
vt 0.04785403 -0.0939175
vt -0.1164304 0.05087063
vt -0.1043678 0.03559734
vt -0.1026994 0.05105354
vt -0.1192623 0.0382877
vt -0.1105421 0.0203378
vt -0.1056447 0.03509223
vt -0.1167463 0.03526918
vt -0.1155576 0.01207978
vt -0.1047157 0.02737007
vt -0.02635305 0.07202582
vt -0.04047038 0.05915628
vt -0.02314271 0.05835897
vt 0.01153233 0.08462454
vt 0.001370638 0.07426005
vt 0.01434879 0.06570169
vt -0.05211505 -0.0311628
vt -0.03717154 -0.01996847
vt -0.05646108 -0.02858613
vt 0.06708522 -0.02973236
vt 0.07023545 -0.01450889
vt 0.06169838 -0.001516729
vt 0.04647493 0.001633497
vt 0.03348276 -0.00690356
vt 0.03033254 -0.02212703
vt 0.05409305 -0.03826941
vt -0.04715061 0.08373864
vt -0.05867702 0.08445279
vt -0.06018459 0.06977299
vt 0.007440495 0.06509946
vt 0.01287893 0.0788178
vt 0.008526621 0.08138384
vt 0.004174309 0.08394988
vt -0.1140331 0.03554533
vt -0.1192269 0.02487299
vt -0.1128727 0.01235449
vt -0.1193948 0.04057171
vt -0.1226488 0.03100508
vt -0.111095 0.02242359
vt -0.1125569 0.06047993
vt -0.1143914 0.05054295
vt -0.1019413 0.04416763
vt 0.119388 -0.03206206
vt 0.115399 -0.01763716
vt 0.1016698 -0.01735008
vt 0.1152279 0.006213184
vt 0.1128563 0.01760077
vt 0.09831674 0.0195668
vt 0.1022765 0.08594646
vt 0.09654783 0.09186678
vt 0.0847474 0.09298582
vt -0.07474472 -0.01683302
vt -0.07564037 -0.006767894
vt -0.08818454 -0.01266508
vt -0.03113226 -0.04609147
vt -0.04468263 -0.05244572
vt -0.03184631 -0.05968423
vt -0.06265748 -0.03411828
vt -0.07067386 -0.02796633
vt -0.07470915 -0.04096593
vt -0.06205733 -0.009640707
vt -0.06041544 -0.02549653
vt -0.05606574 -0.028067
vt -0.05923208 0.03548803
vt -0.07282275 0.03913412
vt -0.07888614 0.02773762
vt -0.003449757 -0.01218385
vt 0.001579512 -0.0002947229
vt -0.01211593 0.005146041
vt -0.004874262 -0.004785388
vt -0.00755439 -0.01610435
vt -0.0003305839 -0.02006472
vt -0.0645831 -0.01271602
vt -0.05305203 -0.01335031
vt -0.04920917 -0.00212057
vt 0.02245454 -0.03286742
vt 0.02831859 -0.05067056
vt 0.04564375 -0.04982028
vt 0.08080959 -0.02786235
vt 0.06253847 -0.02306776
vt 0.06950428 -0.03696578
vt 0.1121034 -0.0860325
vt 0.09627119 -0.07609113
vt 0.09904514 -0.09138763
vt 0.1563714 0.005127356
vt 0.1399526 0.009719195
vt 0.1493627 -0.002655271
vt -0.1469427 0.03665948
vt -0.1343295 0.02183766
vt -0.1332276 0.03734454
vt -0.1514478 -0.004820273
vt -0.1424289 -0.02262199
vt -0.1377787 -0.007787796
vt -0.1446712 -0.002875942
vt -0.142476 -0.02289487
vt -0.1326752 -0.01082746
vt -0.09169239 0.05085609
vt -0.1018948 0.03375638
vt -0.08669601 0.03702377
vt 0.008354604 0.05637659
vt -0.002000482 0.04620532
vt 0.01081418 0.03740406
vt -0.04801901 -0.04774477
vt -0.04599229 -0.03382786
vt -0.05691483 -0.04295175
vt 0.08904254 -0.08311167
vt 0.09206846 -0.06786302
vt 0.08342569 -0.05494093
vt 0.06817704 -0.05191501
vt 0.05525496 -0.06055778
vt 0.05222903 -0.07580643
vt 0.0608718 -0.08872852
vt 0.07612046 -0.09175444
vt -0.09903827 0.05115034
vt -0.1087878 0.04849418
vt -0.1086964 0.03373747
vt 0.002023346 0.0364421
vt 0.007707065 0.05006064
vt -0.0009040578 0.0553481
vt -0.1476854 -0.005203136
vt -0.1538018 -0.01324664
vt -0.1452206 -0.02519067
vt -0.1509786 -0.001201602
vt -0.1540616 -0.01082469
vt -0.1423568 -0.01919899
vt -0.1418831 0.05021863
vt -0.1433066 0.0402145
vt -0.1306043 0.03435769
vt 0.1390802 -0.06950876
vt 0.138417 -0.06450003
vt 0.1247764 -0.06291665
vt 0.1265285 -0.06170254
vt 0.1202997 -0.05095001
vt 0.1100165 -0.05293645
vt 0.08268543 -0.02071272
vt 0.07791232 -0.01180619
vt 0.06441273 -0.01592417
vt -0.1048487 -0.05088307
vt -0.09878204 -0.04280192
vt -0.1117996 -0.03897355
vt -0.08557864 -0.03980932
vt -0.07571856 -0.03759845
vt -0.08311835 -0.02596248
vt -0.06146468 -0.06380101
vt -0.07011425 -0.05857668
vt -0.07501941 -0.05978768
vt -0.1082015 -0.06499427
vt -0.1089042 -0.05491384
vt -0.1211006 -0.06078379
vt -0.01716991 -0.1030408
vt -0.0236619 -0.1024808
vt -0.02495623 -0.1148396
vt -0.01937724 -0.06350024
vt -0.03357676 -0.06362952
vt -0.02992732 -0.07305239
vt -0.09567163 -0.09081506
vt -0.0938233 -0.1035761
vt -0.08255256 -0.09608074
vt -0.03292558 -0.1109171
vt -0.01872635 -0.1107595
vt -0.02477086 -0.09936987
vt -0.08751999 -0.1091329
vt -0.1019565 -0.1182021
vt -0.09664185 -0.1219722
vt 0.09476231 -0.02053029
vt 0.08303771 -0.01658361
vt 0.08886077 -0.02796574
vt 0.1107997 -0.04870402
vt 0.0983045 -0.03898385
vt 0.1020843 -0.05038915
vt -0.04562709 0.1368884
vt -0.04624996 0.1221822
vt -0.03421625 0.1325984
vt -0.09495706 0.07981664
vt -0.09503167 0.06224184
vt -0.08851583 0.07161136
vt -0.1381287 -0.02183971
vt -0.1323825 -0.03461985
vt -0.1294305 -0.02359578
vt -0.1258687 -0.007702808
vt -0.1242627 -0.02121423
vt -0.1169506 -0.01245199
vt -0.07286222 0.04883008
vt -0.08042277 0.0363196
vt -0.06925185 0.03865505
vt 0.01653299 0.04005435
vt 0.01162252 0.03193023
vt 0.02107704 0.02553836
vt -0.0179486 -0.0622861
vt -0.01658452 -0.0486498
vt -0.02688948 -0.05779179
vt 0.06515331 -0.08144358
vt 0.06794806 -0.0689676
vt 0.04968751 -0.05864166
vt 0.04024265 -0.0650478
vt 0.03809396 -0.07625616
vt 0.0445001 -0.08570102
vt 0.05570845 -0.08784971
vt -0.08013842 0.04970921
vt -0.08730579 0.04779691
vt -0.08729557 0.03696365
vt 0.02927559 0.02722584
vt 0.03385301 0.03704454
vt 0.02507224 0.04184413
vt -0.1387805 -0.01471252
vt -0.1431352 -0.01951994
vt -0.1366492 -0.02815109
vt -0.1380213 -0.02202122
vt -0.1410177 -0.02976171
vt -0.1322553 -0.03479241
vt -0.1416321 -0.00799679
vt -0.1396153 -0.01990451
vt -0.1309883 -0.02198204
vt 0.1290997 0.04315304
vt 0.1221974 0.04762662
vt 0.1146315 0.04044513
vt 0.09385552 -0.07101804
vt 0.09416433 -0.05989627
vt 0.08199058 -0.06053787
vt 0.1027478 0.00227591
vt 0.09978116 0.007954484
vt 0.09105623 0.006319481
vt -0.1133135 -0.05301164
vt -0.1187517 -0.04222798
vt -0.1220155 -0.05334228
vt -0.1024252 -0.05933342
vt -0.09834397 -0.05429169
vt -0.106107 -0.04697321
vt -0.1148846 -0.0592523
vt -0.1134146 -0.05108331
vt -0.1221167 -0.05140878
vt -0.06174169 -0.05424253
vt -0.05450004 -0.05263422
vt -0.05946044 -0.04072938
vt -0.02573864 -0.0561939
vt -0.0229215 -0.06194808
vt -0.01267885 -0.05273634
vt -0.01916398 -0.05400564
vt -0.02329902 -0.06433475
vt -0.01025632 -0.06081329
vt -0.0458174 -0.07752998
vt -0.05309721 -0.08135867
vt -0.04497126 -0.08908262
vt 0.06885022 -0.06734674
vt 0.06640594 -0.05558267
vt 0.0505603 -0.05707293
f 312/1335/366 311/1334/366 310/1333/366
f 314/1338/367 313/1337/367 311/1336/367
f 314/1341/368 316/1340/368 315/1339/368
f 316/1344/369 318/1343/369 317/1342/369
f 318/1348/370 320/1347/370 319/1346/370 317/1345/370
f 320/1352/371 312/1351/371 310/1350/371 319/1349/371
f 320/1356/372 318/1355/372 314/1354/372 312/1353/372
f 310/1359/373 321/1358/373 319/1357/373
f 320/1362/374 318/1361/374 322/1360/374
f 318/1365/375 316/1364/375 323/1363/375
f 314/1368/376 324/1367/376 323/1366/376
f 314/1371/377 325/1370/377 324/1369/377
f 312/1374/378 326/1373/378 325/1372/378
f 312/1377/379 320/1376/379 326/1375/379
f 322/1382/380 323/1381/380 324/1380/380 325/1379/380 326/1378/380
f 322/1385/381 328/1384/381 327/1383/381
f 323/1388/382 329/1387/382 328/1386/382
f 323/1392/383 324/1391/383 330/1390/383 329/1389/383
f 324/1396/384 325/1395/384 331/1394/384 330/1393/384
f 325/1400/385 326/1399/385 332/1398/385 331/1397/385
f 326/1403/386 333/1402/386 332/1401/386
f 328/1408/387 329/1407/387 330/1406/387 331/1405/387 332/1404/387
f 327/1411/388 328/1410/388 334/1409/388
f 328/1414/389 329/1413/389 334/1412/389
f 329/1417/390 330/1416/390 334/1415/390
f 330/1420/391 331/1419/391 334/1418/391
f 331/1423/392 332/1422/392 334/1421/392
f 332/1426/393 327/1425/393 334/1424/393
f 313/1429/394 315/1428/394 321/1427/394
f 311/1432/395 313/1431/395 321/1430/395
f 310/1435/396 311/1434/396 321/1433/396
f 317/1438/397 319/1437/397 321/1436/397
f 315/1441/398 317/1440/398 321/1439/398
f 333/1444/399 327/1443/399 332/1442/399
f 332/1447/400 327/1446/400 328/1445/400
f 322/1450/401 333/1449/401 320/1448/401
f 320/1453/402 333/1452/402 326/1451/402
f 326/1456/403 333/1455/403 322/1454/403
f 327/1459/404 333/1458/404 322/1457/404
f 323/1462/405 322/1461/405 318/1460/405
f 328/1465/406 322/1464/406 323/1463/406
f 312/1468/407 335/1467/407 311/1466/407
f 311/1471/408 335/1470/408 314/1469/408
f 314/1474/409 335/1473/409 312/1472/409
f 314/1477/410 335/1476/410 325/1475/410
f 325/1480/411 335/1479/411 312/1478/411
f 317/1483/412 315/1482/412 316/1481/412
f 318/1486/413 316/1485/413 314/1484/413
f 323/1489/414 316/1488/414 314/1487/414
f 315/1492/415 313/1491/415 314/1490/415
f 526/2417/682 525/2416/682 524/2415/682 523/2414/682 521/2413/682 522/2412/682
f 529/2442/690 528/2441/690 527/2440/690
f 613/2829/779 612/2828/779 611/2827/779 610/2826/779 609/2825/779 608/2824/779 614/2823/779
f 617/2854/787 616/2853/787 578/2852/787
f 616/2860/789 615/2859/789 578/2858/789
f 713/3263/904 712/3262/904 711/3261/904
f 718/3270/906 717/3269/906 714/3268/906
f 711/3273/907 712/3272/907 717/3271/907
f 712/3277/908 713/3276/908 714/3275/908 717/3274/908
f 717/3316/921 718/3315/921 711/3314/921
f 737/3376/940 736/3375/940 735/3374/940 732/3373/940
f 735/3379/941 731/3378/941 732/3377/941
f 739/3382/942 738/3381/942 731/3380/942
f 744/3394/945 743/3393/945 735/3392/945
f 743/3397/946 745/3396/946 735/3395/946
f 745/3400/947 746/3399/947 738/3398/947
f 746/3403/948 744/3402/948 736/3401/948
f 746/3406/949 745/3405/949 743/3404/949
f 735/3424/955 739/3423/955 731/3422/955
f 738/3427/956 739/3426/956 735/3425/956
f 745/3430/957 739/3429/957 735/3428/957
f 738/3433/958 739/3432/958 745/3431/958
f 736/3437/959 742/3436/959 738/3435/959 746/3434/959
f 735/3440/960 736/3439/960 744/3438/960
f 743/3443/961 744/3442/961 746/3441/961
f 737/3450/963 740/3449/963 741/3448/963 736/3447/963
f 742/3457/965 736/3456/965 741/3455/965
