# Blender 5.2.2 LTS
# www.blender.org
mtllib tree1_white.mtl
o cgaxis_models_98_14_03
v -63.430302 22.373987 42.127602
v -61.797218 23.634590 42.502247
v -62.207996 24.510078 40.336639
v -62.686604 23.967634 39.057167
v -59.305439 23.546518 38.055565
v -61.636463 23.950003 34.680099
v -60.507225 23.572229 33.519283
v -61.238018 24.005758 43.463699
v -62.909859 21.827450 41.919643
v -61.356270 24.301867 42.358261
v -59.293427 23.529690 41.357109
v -60.482269 24.456358 40.404465
v -61.116127 24.212343 39.876183
v -59.419754 24.426304 40.374290
v -61.537689 24.458900 39.000309
v -59.841095 22.358128 38.951691
v -60.881702 24.909649 37.676907
v -59.724213 23.839458 36.967812
v -60.347191 24.563515 35.870083
v -60.046783 23.387407 34.536392
v -61.038643 22.973261 34.045666
v -60.548389 23.949043 35.975067
v -60.581886 24.208168 39.057991
v -61.791210 23.733591 36.296093
v -62.393017 23.918344 37.018063
v -61.950157 24.147863 38.922184
v -61.319561 23.448933 43.227779
v -59.942608 22.521788 41.736954
v -58.831287 23.366964 42.524094
v -60.786098 23.799084 41.771225
v -61.558025 24.196224 38.136639
v -62.162094 24.762024 38.467583
v -62.159409 23.961523 40.615070
v -59.754269 21.750500 41.665413
v -62.571808 23.741198 40.905121
v -62.453373 23.285469 38.671177
v -63.003727 42.652122 52.708710
v -60.097252 42.890205 51.173130
v -61.229767 42.562370 51.794613
v -61.384293 42.664158 52.023930
v -60.834499 43.044395 51.984898
v -61.471821 41.164829 47.378468
v -59.854790 42.642834 50.012867
v -60.985203 41.996918 50.177414
v -60.700249 42.520969 53.533363
v -61.130108 43.661076 55.582829
v -61.241131 43.029068 49.373241
v -61.863373 42.727131 51.762188
v -62.871677 42.401367 47.509148
v -61.962399 42.160069 49.346432
v -60.179684 41.914345 48.218811
v -62.380920 42.931656 53.075207
v -61.056080 42.672653 53.367535
v -61.121044 42.217598 49.021843
v -61.128967 42.357468 49.411274
v -61.067741 41.807068 46.860638
v -60.143066 41.157837 49.403748
v -63.191212 42.163479 51.448853
v -61.461800 42.484898 50.607624
v -59.500271 41.887764 50.560936
v -62.312469 42.401493 50.570820
v -61.665154 42.245266 48.614685
v -60.817940 42.054054 53.489281
v -61.216259 42.043377 51.345673
v -61.643734 42.132870 48.790619
v -63.025501 41.731079 48.868259
v -61.775227 41.588211 48.785057
v -63.216007 41.308262 50.648804
v -61.734837 42.308712 53.240498
v -63.683357 41.638119 53.320164
v -60.605953 42.523216 51.779804
v -59.357975 42.526642 53.606281
v -62.736073 42.479794 54.795811
v -60.976261 43.204758 56.226204
v -60.637161 43.357723 53.315731
v -60.516056 41.733036 48.882103
v -59.350483 41.479103 49.231331
v -60.700916 41.242096 47.996487
v -63.820042 41.316456 47.319397
v -61.238415 61.865814 48.028381
v -61.676884 60.840916 47.674431
v -60.625946 61.014545 47.226681
v -60.330566 62.098953 49.964115
v -61.123768 61.870602 49.582569
v -60.724216 61.648838 48.052639
v -62.494328 61.291210 47.389072
v -60.541359 60.209778 46.973957
v -62.104797 60.585236 49.450630
v -64.240074 41.984600 49.040443
v -66.667267 42.271839 50.428780
v -62.535591 41.948124 49.399178
v -66.050865 42.730579 51.949909
v -62.854576 40.992065 46.950779
v -63.740715 41.097893 47.306065
v -62.086170 41.812256 48.475090
v -63.622608 41.461617 47.405254
v -63.175140 41.649616 49.639027
v -62.486065 41.131763 50.132374
v -64.298607 41.489342 48.828323
v -64.397491 42.085297 49.567562
v -67.296173 42.035107 52.085995
v -63.753075 42.065460 51.107452
v -65.958473 41.423771 49.363258
v -64.718430 42.420429 50.485466
v -63.658379 42.645836 51.163837
v -63.909866 42.560711 50.065552
v -63.143784 41.193916 47.470322
v -64.201332 41.784832 49.704865
v -63.441746 41.609066 48.145744
v -62.380566 41.186394 47.635933
v -61.703060 40.848831 47.914864
v -64.259888 41.845863 47.668476
v -64.396111 42.528797 47.967438
v -65.343246 41.835312 50.378288
v -65.854401 42.554050 52.418537
v -63.941090 42.330311 48.566219
v -62.897888 41.700092 48.790886
v -64.824837 41.821198 49.151611
v -62.086975 40.448578 46.764282
v -63.594090 41.809055 50.482548
v -64.987343 42.362560 52.660774
v -63.975533 42.663429 50.045189
v -64.555237 42.905239 51.787460
v -67.317863 42.241238 51.494930
v -66.163193 42.279346 52.121571
v -67.332024 42.395275 54.246017
v -66.205421 41.715893 49.985153
v -65.251747 42.256687 49.879730
v -63.238552 41.342457 47.357143
v -62.030235 68.176216 47.162136
v -62.206905 67.421608 46.954269
v -61.554356 67.475746 47.428047
v -62.018627 66.628159 46.720314
v -61.612873 66.414383 46.209488
v -60.518936 44.571159 47.235615
v -57.301491 46.129963 49.481514
v -60.293285 44.375237 49.934677
v -59.275208 45.947216 51.436169
v -57.984146 45.470318 51.381718
v -59.936241 44.734779 46.697712
v -56.066341 46.508396 51.759369
v -56.712654 45.714104 48.417126
v -58.897911 44.597546 46.581486
v -60.509640 45.053593 46.315975
v -56.491474 45.814545 50.063404
v -58.794403 45.612720 50.712376
v -55.366211 46.212997 50.715672
v -59.723362 43.856903 46.194744
v -58.353661 45.017025 46.798664
v -59.147713 44.835754 47.420681
v -61.486343 44.474640 48.032288
v -57.754433 45.497795 49.613602
v -60.056675 45.107819 48.818329
v -59.862019 44.531048 49.061913
v -59.412197 45.569759 47.254414
v -59.279873 45.053276 48.022293
v -59.821289 45.489151 49.925488
v -59.565594 44.862030 50.293125
v -57.083210 45.872910 52.153561
v -59.569275 44.543606 48.103573
v -56.392769 44.957130 47.208904
v -60.877056 44.036797 48.618324
v -60.726368 43.955666 47.118332
v -61.372765 68.275169 45.894291
v -61.167744 68.577782 47.148548
v -61.302341 68.914757 46.518871
v -54.938145 35.958492 53.355343
v -55.092644 35.951927 53.787529
v -55.090675 36.007725 53.768219
v -58.691093 37.223755 48.739155
v -57.712944 36.632877 48.320518
v -58.192013 37.238773 50.622574
v -58.296967 37.476257 49.641823
v -59.060852 37.088364 50.874962
v -58.706264 36.633186 51.038666
v -53.648571 35.146599 53.822544
v -59.800434 36.944324 50.538841
v -56.439804 37.412056 51.175068
v -55.180641 37.316174 50.898346
v -54.661125 36.868927 51.554142
v -54.396072 36.186222 52.860458
v -56.160717 36.108429 53.458412
v -53.569557 34.779209 54.656059
v -56.460514 37.311192 50.521103
v -61.065804 36.643875 47.377575
v -57.494949 37.605762 52.965488
v -55.599400 36.255974 54.016052
v -54.387909 35.799541 50.246887
v -55.922939 37.641674 50.461823
v -59.751755 37.076599 48.795624
v -55.119606 35.904137 53.794918
v -53.919338 35.388329 52.022408
v -55.362190 36.583359 52.170940
v -58.536308 37.028793 48.022678
v -58.530876 37.440620 49.534252
v -59.354504 37.691429 51.278309
v -57.092838 37.594051 48.938931
v -58.118637 37.474701 51.748138
v -55.615257 37.135082 51.549629
v -61.153912 36.756149 48.612850
v -56.229954 35.742107 48.396225
v -56.715706 37.809685 49.997963
v -56.933174 37.496262 51.826431
v -55.443565 37.115997 51.578247
v -55.665447 36.624737 51.074894
v -58.597431 37.451397 48.705269
v -59.426327 37.288250 48.319820
v -55.884781 37.085255 50.800201
v -58.823132 37.218773 48.586552
v -58.869324 37.288986 49.157345
v -58.568798 37.712059 49.327702
v -58.800041 37.713371 50.783115
v -59.398163 37.772602 50.581947
v -57.686161 35.982914 52.439754
v -56.776043 36.474110 52.408600
v -54.721886 36.422794 53.346882
v -53.643555 35.891846 53.362030
v -54.852970 35.198437 54.193722
v -59.744228 37.716034 48.063713
v -60.883812 37.211376 47.364914
v -59.441490 36.825272 47.275970
v -58.352451 37.678108 50.535225
v -57.419346 37.124722 48.614510
v -60.337482 39.944740 48.373127
v -59.060074 40.815712 50.057926
v -60.002563 40.704655 52.244804
v -58.040127 40.800968 51.774277
v -58.299221 40.848232 52.278900
v -58.202766 41.066822 53.831898
v -61.645466 39.219215 47.861935
v -57.265820 40.127438 55.757641
v -59.781921 40.206833 49.517216
v -58.363167 40.326279 50.488270
v -58.315063 40.499027 54.540733
v -57.370571 40.531013 52.034248
v -61.783604 40.059357 50.862698
v -60.464302 40.321640 49.456844
v -60.707092 38.989887 51.021801
v -59.831760 41.049713 50.308472
v -57.864510 40.636593 52.791065
v -59.348175 40.287647 52.472187
v -60.444500 39.745041 48.265846
v -60.328663 39.600071 48.729259
v -60.537251 40.611851 51.569901
v -58.639256 41.022270 51.301399
v -56.598812 39.774635 56.293404
v -61.248711 39.313877 50.107418
v -59.381611 39.331276 48.672432
v -59.246937 40.143078 54.141464
v -57.852276 39.969341 55.214645
v -56.530674 40.262600 56.962513
v -58.520130 39.080845 49.329105
v -60.544136 40.219078 47.538670
v -58.351963 40.664597 53.083424
v -60.373917 39.981934 48.430454
v -60.344456 39.929516 48.407375
v -60.277828 40.336834 50.560856
v -58.852024 41.317707 52.151867
v -56.840160 40.682667 54.466125
v -59.250057 39.689869 48.175251
v -61.801643 39.342411 49.345982
v -61.659275 39.796066 46.889221
v -61.248486 39.794502 48.312607
v -56.960243 40.744671 53.145683
v -56.909916 40.062080 53.753319
v -57.663574 40.256905 51.598022
v -57.554558 39.915775 52.116749
v -58.144432 40.620167 51.469868
v -65.188942 33.096462 48.857769
v -66.016525 33.148796 49.712353
v -70.180428 32.009605 53.705593
v -70.050346 31.814787 53.701534
v -65.220573 33.162712 48.839806
v -66.219513 33.257896 49.729244
v -67.148170 32.624012 49.795044
v -68.741722 32.536388 51.879406
v -67.032700 33.191635 52.419724
v -71.260521 30.844828 53.864670
v -66.506561 33.138783 49.466972
v -67.885437 32.897469 51.666054
v -64.372391 33.153511 49.384708
v -64.244064 32.297268 49.842266
v -64.523827 32.508812 50.014790
v -64.274612 32.569859 50.168316
v -65.287697 32.933270 49.249218
v -66.052788 32.574070 52.290970
v -67.640228 32.995121 52.389187
v -67.917038 33.026508 52.956699
v -70.013725 31.980293 52.322086
v -69.379478 32.481419 53.265381
v -65.677574 32.981979 50.174091
v -65.656250 33.244728 50.013546
v -69.402863 32.544521 51.601864
v -70.071266 31.858078 53.675083
v -65.570290 33.520401 49.639896
v -66.932060 33.092361 51.628002
v -64.902420 32.948944 48.410904
v -65.193977 32.993088 49.658440
v -62.750370 33.410900 49.598995
v -67.903717 33.038887 49.655731
v -63.549324 33.034813 49.589825
v -65.053085 32.082905 47.596733
v -63.885124 32.860786 50.501953
v -70.056122 31.779236 53.676296
v -70.772369 31.028292 53.047165
v -64.662872 32.626453 50.251583
v -66.420029 33.525730 50.296310
v -66.832664 33.110741 50.371796
v -70.075294 32.269497 52.618225
v -68.341072 32.580063 53.858089
v -70.237823 31.493208 54.455929
v -71.087662 31.171385 54.476601
v -68.320290 32.962009 52.239876
v -67.972351 33.340229 51.892025
v -66.740860 32.861473 51.920265
v -66.122490 33.398170 51.204868
v -65.287216 33.153755 50.741837
v -68.007805 33.411442 50.565243
v -68.811096 31.364889 54.318924
v -68.741226 31.708239 50.867031
v -64.585258 32.690659 51.668171
v -65.103889 31.459948 52.382797
v -64.464691 32.426136 50.738564
v -67.274582 32.921135 48.861881
v -63.883724 33.649364 49.561283
v -62.976429 33.002895 48.247093
v -62.095440 32.257263 47.322079
v -63.772034 32.846569 47.577236
v -65.068207 33.313797 48.526192
v -66.337952 32.961761 49.066238
v -66.048538 32.225658 47.993374
v -64.454857 32.870075 48.811916
v -67.452026 33.111488 52.728527
v -67.452164 32.342522 53.264889
v -70.700768 31.145096 53.069584
v -70.693863 31.155888 53.051132
v -62.588825 60.615261 48.479919
v -62.648335 60.150002 48.404854
v -62.836601 60.339325 48.224880
v -64.193314 30.631016 54.300854
v -65.214470 30.787449 54.927658
v -62.151783 32.434818 50.800446
v -63.596329 31.737120 50.295219
v -63.805809 31.196552 51.113449
v -62.662720 31.421549 52.901608
v -62.575531 31.158581 53.649334
v -63.793869 31.494247 53.374863
v -64.362251 31.521923 54.825256
v -64.164841 29.833977 53.976627
v -62.652390 30.718502 48.768242
v -61.632561 32.414227 49.622147
v -62.376003 31.595583 52.424709
v -62.139790 31.976168 52.408558
v -62.740170 30.807714 53.433010
v -64.125603 31.142012 53.839798
v -61.476852 31.987297 48.136990
v -63.324440 31.786921 49.970882
v -63.862156 31.278778 50.519234
v -61.025875 31.511776 52.009686
v -64.122147 31.889681 52.931786
v -61.662949 30.264416 53.863499
v -65.361893 30.134968 55.834881
v -65.204803 28.092701 55.598087
v -63.186245 30.047840 57.732365
v -65.695061 29.105135 57.370979
v -65.664902 27.511963 59.960262
v -64.867165 26.650242 60.148026
v -62.976734 30.403091 56.374901
v -65.180420 27.732986 59.365009
v -64.945213 27.059679 60.563911
v -65.548882 26.979729 60.956768
v -61.071949 31.898439 49.246342
v -63.402214 30.586655 48.575710
v -62.728260 30.979301 52.840878
v -62.291855 30.919176 53.421936
v -62.981018 27.681313 58.528694
v -63.508224 31.861210 49.543190
v -64.032898 32.046204 50.333916
v -61.217148 32.488667 50.920856
v -63.400658 31.629175 52.535713
v -66.084427 28.075264 58.013149
v -64.804161 28.260447 59.509781
v -65.853539 26.132757 59.742012
v -65.211182 30.148554 56.155819
v -65.038040 30.823463 53.810455
v -64.535828 30.347555 53.800632
v -65.565735 30.358603 55.857533
v -64.166283 30.110720 56.811054
v -63.972794 30.291519 58.042236
v -63.995083 28.601995 59.450333
v -62.598438 31.102726 55.424488
v -63.317966 31.451611 53.908413
v -61.718834 29.670731 54.142208
v -64.878769 30.230633 52.802147
v -62.092163 30.968266 52.583035
v -61.322182 31.113768 52.809345
v -64.817368 29.710735 51.135303
v -63.240608 32.145142 50.922668
v -62.407722 31.852228 48.738865
v -62.195835 31.934565 51.015247
v -62.146786 32.059364 48.004223
v -65.855972 30.814278 53.354134
v -65.806374 28.488771 52.562126
v -65.840790 26.387878 57.921860
v -62.829330 31.608797 54.898090
v -63.400848 29.201864 58.317322
v -59.352848 41.004612 48.654987
v -59.782906 41.270737 48.606815
v -59.646904 40.835239 48.373405
v -61.063419 68.076416 47.080322
v -61.238316 67.222954 47.280212
v -60.765240 67.854691 46.313232
v -62.013420 66.534943 46.628551
v -56.942406 43.091911 49.824986
v -56.613171 43.559044 50.084152
v -56.987411 43.028214 50.292614
v -59.637661 55.566296 50.171417
v -60.122414 55.487572 49.699150
v -60.148685 54.938206 50.357212
v -61.692657 37.898258 51.259232
v -61.511337 38.315899 51.137932
v -61.875126 38.097366 51.309803
v -65.440453 41.044758 48.419521
v -65.478035 41.030052 48.789715
v -65.303169 40.794445 48.673851
v -61.846695 68.007393 46.386814
v -62.181820 68.457016 46.658257
v -61.615520 68.313538 47.072159
v -60.064190 8.916068 38.551811
v -59.526688 8.662043 38.275558
v -59.198814 8.124755 38.887463
v -60.259434 42.172741 52.107719
v -60.245914 42.200653 51.559784
v -59.752239 41.725567 51.674351
v -60.044559 38.081848 50.254330
v -61.173325 39.293869 50.042892
v -60.631802 40.021519 51.793026
v -60.117020 39.570671 52.805008
v -62.815872 39.220665 53.948017
v -60.708805 39.129471 56.833302
v -61.399658 39.242043 57.582134
v -61.594643 39.719463 49.705475
v -62.063362 39.976868 51.898205
v -61.490536 39.774059 52.275291
v -62.829628 39.770954 51.579124
v -61.060566 39.978981 52.959274
v -62.457195 38.232952 53.157894
v -61.478725 40.353619 54.113503
v -62.368420 39.464142 54.807232
v -61.761078 39.555634 56.622997
v -61.595036 39.555225 55.550133
v -61.855324 39.770588 53.000912
v -60.598614 39.376156 55.168919
v -60.169041 39.529713 54.516464
v -60.712627 39.720467 52.985271
v -61.635574 39.139561 49.488312
v -62.638020 38.119469 50.917091
v -63.624836 39.071434 50.301876
v -61.940098 39.430584 50.741066
v -60.963108 39.760662 53.670658
v -60.495129 40.230919 53.340927
v -60.697933 39.565594 51.567623
v -60.384434 39.382477 51.289558
v -60.273590 39.003693 53.145580
v -60.003445 8.178209 37.285042
v -59.577038 7.790574 37.564274
v -60.365902 8.839679 38.095810
v -57.145218 37.098415 49.649387
v -57.686516 36.951962 49.648293
v -57.164600 36.874756 49.344814
v -58.529537 54.847843 44.914333
v -58.450260 55.370972 44.929756
v -58.303017 54.733452 45.523701
v -58.434021 34.054237 54.714569
v -58.516727 34.267944 54.768452
v -58.344601 34.190720 54.839417
v -56.376034 36.984184 49.819050
v -56.419682 36.545021 49.621056
v -55.596561 35.678818 49.005333
v -56.518703 36.939007 49.676399
v -56.274906 37.265388 49.753014
v -56.956738 37.188606 49.706837
v -56.433479 36.918636 50.229839
v -56.173340 36.928085 49.780865
v -56.231857 37.014938 49.414528
v -57.521580 37.556019 50.519516
v -57.507496 37.544258 50.449402
v -57.075333 37.338730 50.043583
v -57.044624 37.267471 50.063503
v -61.931637 40.874352 50.692036
v -62.730831 40.941036 48.909573
v -63.185360 41.129684 49.826950
v -63.317886 41.284199 50.500816
v -62.587746 40.631454 49.467972
v -61.616203 41.044132 51.861076
v -64.368813 40.978836 51.545704
v -62.625164 41.802605 52.879890
v -61.043983 40.209335 50.226597
v -63.586056 41.419636 49.296661
v -63.451874 40.686184 50.036129
v -62.915077 40.979092 50.768158
v -62.464947 41.654469 50.673630
v -62.136921 41.906693 52.047543
v -64.902199 41.698872 51.927090
v -63.667812 42.013416 53.594990
v -63.402660 41.778900 53.587097
v -63.615498 41.321266 53.757519
v -65.269905 41.271996 54.118900
v -64.202469 41.331657 56.124641
v -62.224545 41.343140 54.464291
v -63.983227 41.458210 51.425770
v -64.189110 40.692245 51.668774
v -63.118938 41.533730 49.905777
v -64.510475 40.559059 50.947613
v -61.933083 41.159149 49.555767
v -62.035416 41.961086 51.262035
v -65.189919 41.473152 52.398182
v -65.689590 40.899834 53.132076
v -62.302704 9.433149 34.826145
v -62.334293 9.511547 34.838371
v -62.319263 9.556776 34.731850
v -59.796215 42.874748 49.600491
v -57.371811 44.504395 49.332779
v -59.535229 44.106342 52.688885
v -56.999657 44.168953 51.648815
v -56.385769 44.342339 52.429436
v -57.879715 44.412777 53.235474
v -56.596432 44.940399 52.171989
v -59.249996 43.331062 50.509720
v -59.153557 42.541954 49.887138
v -59.917885 43.338406 51.946289
v -58.753742 44.311699 52.283432
v -57.215343 44.555805 51.442062
v -54.957577 44.703232 53.826962
v -55.896194 45.294796 54.697945
v -57.347557 44.293430 54.237907
v -56.520348 43.491890 52.084381
v -60.257111 43.374672 50.085556
v -60.362003 42.090919 51.554493
v -55.548569 44.156925 50.958729
v -57.308418 43.821022 51.634140
v -57.055000 42.456001 48.317539
v -57.818260 43.659210 49.396107
v -58.041733 43.756187 48.209282
v -59.070751 43.186554 54.010014
v -57.545834 43.845032 52.471886
v -63.586712 9.624127 34.642677
v -63.372898 9.657377 34.736134
v -63.442795 9.417937 34.585651
v -62.154598 60.332741 44.970730
v -60.114685 60.803165 46.642166
v -59.114883 60.760941 45.432964
v -59.376640 62.158550 44.026859
v -61.235703 61.419449 45.092880
v -61.184261 61.055264 46.405170
v -61.006916 60.996635 45.393829
v -56.932995 33.511826 55.996246
v -56.929394 33.339077 56.047123
v -57.048367 33.384014 55.928974
v -58.551315 40.050053 53.346596
v -58.808186 39.851948 53.571548
v -58.627087 39.674374 53.386662
v -59.785484 60.347221 46.323330
v -59.556648 60.192585 46.521130
v -59.631111 60.411854 46.650276
v -58.412262 45.119835 43.984951
v -57.723564 45.815659 45.020401
v -56.945686 45.332417 44.118065
v -58.663757 44.686855 46.242744
v -59.038082 44.851147 42.981960
v -57.763966 45.419800 43.899899
v -55.021465 45.308937 45.860313
v -55.463852 45.736614 43.774654
v -58.455414 44.498936 46.357025
v -58.907825 44.893837 46.219242
v -56.682972 45.579880 47.335461
v -57.992168 45.065300 47.062645
v -56.963680 45.339058 46.178635
v -56.683044 46.237175 43.865917
v -55.475945 46.170506 44.458096
v -56.195004 45.382183 45.395786
v -56.004787 36.153992 52.617718
v -56.262440 36.164761 52.629524
v -56.155998 36.019958 52.421520
v -60.650612 32.858425 53.598522
v -60.211300 33.362480 53.116344
v -60.334816 33.676128 53.239307
v -66.674629 32.362556 53.162521
v -66.540604 31.960823 52.940796
v -66.559837 31.966949 53.364182
v -62.129181 29.495346 57.177551
v -63.192505 29.658489 57.131813
v -62.748749 29.935804 56.817036
v -61.492599 27.732082 56.689472
v -69.104347 31.846676 51.963730
v -68.789864 31.957178 51.924950
v -68.962090 31.785568 52.114204
v -68.737038 31.736130 52.685825
v -68.687874 31.922956 52.768936
v -68.905930 31.794937 52.796368
v -68.399216 31.920631 53.685612
v -68.117729 31.781811 53.549900
v -68.354530 31.764412 53.438965
v -54.511532 35.279221 53.137852
v -54.357811 35.199108 52.928764
v -54.551079 35.125786 52.962986
v -64.847267 29.062254 57.076382
v -64.844521 28.866928 57.053669
v -64.659729 28.950151 57.091755
v -64.425308 9.748906 36.565926
v -64.302078 9.235961 36.876419
v -64.091492 9.558599 36.431084
v -52.352528 7.527203 40.203598
v -51.957169 7.934746 40.227818
v -52.460407 7.499784 39.344063
v -52.727230 5.592501 38.798393
v -61.871929 39.102947 53.702065
v -61.813202 38.903999 53.806450
v -61.898670 39.127567 53.930916
v -57.795280 35.247047 53.862648
v -58.281105 35.208809 53.143410
v -57.144871 35.400742 53.902168
v -57.302921 34.751820 53.313484
v -56.046024 33.881054 53.319138
v -57.744007 35.090488 54.406509
v -58.966888 34.341900 55.427921
v -57.261929 34.356739 55.801651
v -56.031998 33.161057 57.263325
v -56.393280 33.488682 58.097687
v -57.559532 35.059189 53.004295
v -59.405197 33.829540 54.279465
v -57.973919 35.049767 52.786964
v -59.058006 34.775047 54.277912
v -57.918549 33.062756 57.041630
v -56.569202 34.347660 56.396976
v -57.130516 33.310776 57.696877
v -58.470661 33.971298 56.349789
v -59.216122 35.533817 53.228668
v -58.469433 34.543079 56.405231
v -57.252365 34.604244 54.691132
v -56.441681 34.937309 54.635109
v -55.893642 33.544243 55.154472
v -57.450462 35.336823 52.343357
v -60.485538 35.115532 52.755615
v -59.340633 35.790993 52.485329
v -59.963203 35.642189 53.482529
v -56.631470 35.079903 53.119137
v -63.614826 37.037560 50.865051
v -63.609230 37.037601 50.720531
v -63.770096 37.112770 50.802700
v -64.680595 40.040611 50.001213
v -64.434708 39.931080 49.903606
v -64.429909 40.169518 49.855724
v -60.053913 9.795814 40.912178
v -63.681057 9.361317 40.846592
v -60.878216 10.236228 40.109375
v -61.883217 10.309322 40.596127
v -62.064735 10.705877 40.036228
v -61.777603 10.837295 39.317616
v -61.673328 10.456738 40.112507
v -62.701324 9.954403 40.487331
v -59.889935 9.966041 39.409534
v -61.293407 10.535248 39.132553
v -63.192139 10.508740 37.836601
v -60.943100 10.645291 37.297951
v -63.467255 10.397483 36.593880
v -62.116932 10.463493 36.607136
v -61.636127 10.596280 35.665352
v -62.724705 10.686187 36.348499
v -61.420506 10.249701 35.918503
v -62.309311 10.478969 35.919888
v -62.480499 11.183923 36.271515
v -62.635456 10.719341 35.694530
v -62.088417 10.697318 35.591606
v -64.592346 8.941495 35.556858
v -61.062103 10.196738 33.811890
v -60.606949 9.744010 34.249294
v -62.295879 10.475025 33.695305
v -62.085712 9.964886 34.114193
v -62.137226 10.226464 41.053097
v -63.802998 10.262890 41.094017
v -64.173111 9.833108 39.892456
v -64.861092 8.244284 38.623390
v -62.817493 10.803144 38.696075
v -60.244484 10.437660 38.148262
v -62.037968 10.513630 37.106129
v -63.086937 11.041968 37.214931
v -60.060772 11.196778 37.036743
v -60.071259 9.643613 35.311665
v -64.132866 10.528305 34.717106
v -63.053013 10.504041 34.456963
v -63.934994 9.074534 33.391048
v -60.415642 8.122168 32.197910
v -61.397720 9.622604 31.151999
v -62.343590 9.303625 31.098745
v -61.704193 9.584693 32.200356
v -62.894524 9.937062 31.959614
v -63.798256 10.576653 35.873711
v -62.850712 10.587693 37.254559
v -60.957527 9.306824 38.656166
v -61.980900 10.299359 39.284477
v -62.858917 10.301187 39.686161
v -61.942921 10.911555 40.611782
v -60.706982 10.686190 39.273903
v -63.592113 10.888905 39.324909
v -61.902214 10.585681 41.343956
v -61.527519 10.249651 41.236595
v -59.908459 10.634929 39.281773
v -62.949051 10.212867 36.391979
v -60.603695 8.605632 35.562603
v -60.263538 8.984942 36.667793
v -63.803558 10.081749 38.055725
v -58.665253 44.633633 46.217510
v -58.681427 44.599098 46.407101
v -51.680752 8.218001 42.820431
v -53.101944 8.178933 39.943874
v -50.923893 8.354304 43.333244
v -51.369587 6.218170 42.518562
v -50.147545 7.169349 42.182220
v -50.717464 7.856789 39.539810
v -49.498707 7.524281 40.625381
v -49.338459 7.658920 39.290230
v -47.677879 5.969248 38.981991
v -52.528397 8.297107 43.705322
v -52.555801 9.006869 41.887272
v -51.775784 8.462624 39.815067
v -49.338276 6.835066 41.959576
v -49.000275 7.748245 41.007397
v -48.554424 5.460207 41.031185
v -46.342651 6.483088 39.141987
v -47.121979 5.546672 40.018623
v -47.539516 6.525927 39.852146
v -50.150307 6.696446 39.095913
v -52.528809 8.365083 41.489563
v -51.361683 8.057010 41.619400
v -53.675236 8.890811 42.396397
v -61.538895 9.362529 35.243961
v -61.417759 9.520127 35.116047
v -61.343117 9.412711 35.350227
v -61.921947 68.777283 46.265400
v -62.472504 68.223267 46.521774
v -61.269650 68.476494 46.148865
v -60.815937 67.688202 46.556664
v -61.830257 67.959274 47.519863
v -61.333698 68.357231 47.047344
v -62.443584 68.163132 46.521965
v -62.340374 67.664291 47.230465
v -62.164528 67.822067 45.887554
v -61.155403 68.009827 46.129253
v -61.884163 67.493050 45.743107
v -60.748158 67.648918 46.778992
v -61.973949 69.334198 45.928337
v -61.661880 68.470070 45.914223
v -62.548431 68.532082 46.172569
v -61.582165 67.561462 46.248756
v -61.404392 67.316681 46.974323
v -61.993050 67.911278 47.720493
v -62.198563 67.072853 47.488682
v -61.160263 67.730171 47.707306
v -61.820145 66.562782 46.442043
v -61.071281 67.621422 46.974018
v -61.031624 67.214096 46.344097
v -61.483601 67.349037 47.418964
v -63.101463 68.244034 46.489853
v -61.602032 66.938736 46.808300
v -62.659061 67.159729 46.044346
v -63.061390 67.653297 46.923626
v -60.536789 67.918373 46.111202
v -60.709595 67.119789 46.492496
v -61.046551 67.731094 45.444607
v -61.847202 66.766624 46.818501
v -61.384449 65.379532 45.133663
v -61.171120 64.499779 45.592552
v -62.329937 65.172913 45.131451
v -61.674713 64.161812 46.843365
v -62.031017 65.306694 47.241821
v -63.469231 65.842636 47.639751
v -61.742710 64.399666 46.573540
v -63.140732 64.738152 46.805347
v -63.008499 65.213951 47.934799
v -60.060692 65.094330 47.181187
v -60.652100 64.275642 47.348850
v -59.984867 64.871536 46.233711
v -61.886578 64.087318 46.710979
v -60.637146 65.327278 47.977379
v -61.323872 66.231644 47.947517
v -61.723408 65.288002 47.751499
v -60.772560 65.305138 47.099606
v -62.247215 64.461739 47.751339
v -61.434570 64.339729 46.789242
v -61.981159 64.247093 46.302540
v -62.051395 65.015297 46.963840
v -63.002956 65.972916 46.158779
v -61.606720 63.998226 46.652596
v -62.457436 64.738274 45.749969
v -63.150932 65.286308 46.593784
v -63.701229 64.841354 46.150352
v -63.054375 63.854050 45.925949
v -63.726269 64.600143 47.270115
v -61.568188 63.594097 46.583031
v -59.918568 64.558746 48.012314
v -60.736675 63.671356 47.902088
v -59.484730 64.322182 46.967541
v -61.875103 63.643337 46.694275
v -62.260544 64.743195 44.489891
v -61.706627 63.839993 45.078365
v -63.268509 64.486237 44.993553
v -61.627510 63.761539 46.734638
v -61.236023 64.378723 45.126377
v -60.609001 64.964821 45.480999
v -61.922115 63.308811 46.931267
v -60.506580 63.862862 46.322823
v -61.393753 63.784885 46.019135
v -61.277786 64.869377 47.178268
v -61.742832 65.674179 48.790245
v -61.815632 63.769386 46.575474
v -62.432301 64.337296 48.065712
v -61.199551 64.886864 48.586349
v -59.880428 61.560570 46.317982
v -59.507046 61.166916 46.284542
v -59.946331 61.245190 46.195469
v -61.027046 62.804668 45.525600
v -60.959305 61.736404 45.996979
v -61.982819 61.895103 45.484802
v -60.130108 63.260464 43.624714
v -59.905113 62.970818 44.456806
v -61.322769 62.606808 45.094940
v -60.685196 62.130646 46.846592
v -62.183224 61.071720 45.508469
v -59.305855 61.649845 45.183357
v -63.166363 61.290180 47.679214
v -62.202454 61.749401 45.222328
v -63.664043 61.952286 44.687431
v -62.642712 61.736450 46.719814
v -64.678207 63.397415 45.556103
v -63.386208 62.501019 46.574818
v -62.037388 61.923328 46.320618
v -62.394272 61.302555 44.723015
v -62.644951 61.257622 44.975006
v -62.691395 61.496399 44.846115
v -63.452991 61.240459 45.872490
v -63.320827 61.239307 45.457233
v -63.690815 61.104416 45.583847
v -63.213936 62.674881 47.098682
v -62.791611 61.680923 46.649616
v -62.372890 61.862450 47.711128
v -65.175201 62.775604 47.975555
v -64.767303 62.584576 47.185604
v -63.233753 62.447781 47.608685
v -62.520153 62.161880 45.845013
v -62.073658 61.072887 47.786823
v -64.541756 61.326969 46.185848
v -60.076805 61.462208 46.119194
v -61.697323 61.914490 48.203808
v -60.449371 62.206203 49.109928
v -59.323219 63.770664 48.577766
v -60.338680 62.625488 46.905598
v -61.563187 62.058636 47.097042
v -60.549301 62.192642 47.205544
v -61.272007 61.509403 48.613663
v -61.487640 61.601864 48.859074
v -61.535275 61.455406 48.535389
v -62.273975 63.327530 48.076912
v -62.315971 62.493031 47.444443
v -61.454250 62.806068 47.835747
v -62.752441 63.211517 49.939960
v -63.072731 63.099392 49.199238
v -62.748344 62.967045 46.850376
v -61.095428 61.990166 47.523148
v -63.600319 62.025440 48.373928
v -63.211826 62.058239 47.433487
v -63.429741 62.080021 47.110229
v -63.541279 61.922024 47.426399
v -62.802292 63.709637 46.996422
v -62.547207 62.792637 46.557968
v -62.385345 62.969242 47.525589
v -64.613281 64.115379 47.515068
v -64.174614 63.925247 46.855354
v -62.103626 63.215919 45.934578
v -62.208923 62.043858 47.594151
v -64.053085 62.854984 45.879314
v -62.944286 62.770790 45.617859
v -63.191742 62.460407 45.335670
v -63.001068 62.477348 45.695618
v -62.238285 63.709641 45.600780
v -61.766376 62.792648 45.786789
v -62.698486 62.969250 46.092804
v -63.024250 64.115387 43.888783
v -62.305893 63.925247 44.222889
v -61.083191 63.215923 46.131233
v -62.739643 62.043861 46.277550
v -61.322693 62.854992 44.195751
v -61.039047 62.590916 45.137161
v -60.668415 62.593452 45.259953
v -60.770920 62.538513 44.908039
v -61.728577 61.722961 44.917133
v -60.499271 63.025421 46.909283
v -59.291393 63.339882 45.957603
v -61.401806 62.488293 45.754581
v -59.746956 64.363838 44.340351
v -61.054672 63.226830 45.052830
v -61.490185 62.823112 46.418488
v -59.887367 62.767109 47.120560
v -59.926224 62.629570 46.792038
v -59.860424 62.895882 46.768848
v -60.208542 62.064186 47.164059
v -62.243542 63.231159 47.671848
v -61.759514 63.512909 48.961807
v -61.012337 62.749901 47.215309
v -60.254963 64.430344 49.012646
v -60.507629 63.411613 47.702488
v -61.555096 63.049900 46.959339
v -62.239067 62.963329 48.185402
v -62.519585 62.924168 48.296814
v -62.539005 63.082027 48.120327
v -60.666889 58.040092 44.922680
v -60.491364 58.579288 48.016525
v -58.669724 58.817513 47.870995
v -60.755455 58.564083 46.202976
v -57.967468 60.609818 46.526562
v -60.222961 59.387848 45.816666
v -61.205700 58.783504 46.925556
v -59.111153 59.630966 46.631989
v -59.876942 58.133701 48.025520
v -59.828018 57.952164 48.377289
v -60.035706 58.179562 48.424187
v -63.189526 58.192772 48.692490
v -62.996426 58.060822 48.214542
v -63.448635 57.973488 48.284996
v -60.952080 59.613987 47.748989
v -61.912193 58.563496 47.757332
v -60.603287 58.749832 47.452946
v -61.266918 60.981876 50.847046
v -61.710342 60.012878 49.939453
v -60.907539 59.585480 48.300053
v -61.695217 60.280155 49.173782
v -63.298542 58.977234 47.888496
v -60.439922 57.783054 47.281342
v -62.796532 58.461864 49.732071
v -60.555355 59.852291 50.113293
v -61.805614 58.571613 46.601429
v -63.707375 57.110195 45.392925
v -61.792931 57.500885 45.636490
v -62.489304 58.173363 41.604359
v -62.730804 58.582333 44.742100
v -62.496952 57.897202 45.892426
v -63.083248 57.629372 42.740993
v -61.938194 57.914650 42.904762
v -60.235577 57.813576 44.954971
v -60.769840 56.736252 43.577023
v -61.414982 58.099983 45.057705
v -62.417164 57.056866 46.630508
v -60.475159 57.176472 44.749359
v -60.152653 56.686737 44.568508
v -60.412651 56.916821 45.017239
v -59.565277 57.961525 46.000534
v -59.373436 57.960178 46.474876
v -59.133991 57.801807 46.083099
v -61.381378 59.499985 45.033691
v -60.745522 58.478699 45.794014
v -61.919659 58.691837 45.148594
v -59.025021 60.336117 42.727886
v -59.361855 59.539719 43.828621
v -61.064892 59.379105 44.595852
v -59.838375 59.930862 44.355713
v -59.565830 58.887325 46.536777
v -62.246822 57.764771 45.304497
v -58.816250 58.063103 44.901188
v -60.145592 59.333481 42.972328
v -61.566647 58.678036 46.589985
v -61.722961 58.162346 47.282955
v -62.871750 59.011021 46.991051
v -64.320984 60.499668 45.954849
v -64.933441 60.448788 47.240913
v -63.467178 58.401089 48.380695
v -62.807247 58.938210 45.307709
v -62.944511 59.737743 47.262802
v -64.624893 59.028145 44.944641
v -65.024246 61.808846 46.395267
v -62.399685 58.303310 46.550907
v -63.278881 58.093010 44.950127
v -63.074207 58.269112 44.634438
v -63.392578 58.448845 44.910141
v -62.283253 60.242157 44.892147
v -61.771187 59.262325 45.432259
v -62.884613 59.466957 45.874954
v -63.247421 60.105934 42.849831
v -62.402729 59.974285 43.279137
v -62.812630 59.987442 44.908058
v -60.935123 59.818886 45.645012
v -62.933205 58.671890 46.276066
v -61.307266 58.713306 43.629494
v -60.953377 58.751816 44.770622
v -60.514133 58.777386 44.899380
v -60.650349 58.591892 44.530045
v -60.388840 58.401440 48.283577
v -62.993141 59.930725 47.404758
v -63.371304 60.299942 49.170254
v -61.311901 59.300053 47.771721
v -62.142040 61.337116 49.822010
v -61.458008 61.533638 50.644821
v -60.863918 60.023441 48.375885
v -61.729729 59.693188 47.105492
v -61.857479 60.615871 49.184864
v -62.976582 57.053764 48.346348
v -62.945763 57.606117 45.249992
v -64.787811 57.556545 45.223480
v -62.852211 57.604534 47.080345
v -65.416977 58.875717 46.159191
v -66.124146 59.196396 46.921165
v -63.508957 58.350761 47.397919
v -62.376522 57.902119 46.403477
v -64.595688 58.409733 46.498966
v -63.265095 57.024799 44.770592
v -63.434849 56.944393 45.146992
v -63.578754 57.205585 45.022285
v -63.421532 59.531910 48.008598
v -63.722191 59.760441 47.880962
v -63.457047 59.500053 47.683407
v -60.995853 60.690804 45.472580
v -60.897709 59.614113 46.060032
v -61.864315 59.617554 45.322990
v -59.748024 61.167202 43.646324
v -59.649918 60.943958 44.571358
v -61.190712 60.420811 44.988327
v -60.831253 60.111115 46.955925
v -61.980164 58.734924 45.377213
v -59.028088 59.687313 45.544518
v -59.797779 59.604698 46.586838
v -59.389549 59.236355 46.642174
v -59.856430 59.202072 46.582924
v -60.459351 60.690804 47.156620
v -61.025261 59.614117 47.342289
v -60.442501 59.617550 46.275528
v -58.465717 61.167210 48.114613
v -59.365360 60.943962 48.351170
v -60.010029 60.420815 46.890930
v -61.900867 60.111111 47.543133
v -60.513580 58.734932 46.169197
v -60.233551 59.687317 49.112717
v -61.195583 59.377258 48.474579
v -61.622581 59.380226 48.641445
v -61.266148 59.315720 48.882637
v -63.446835 58.744877 47.392452
v -61.988419 60.115082 45.408070
v -63.392822 60.445889 44.605164
v -62.758850 59.550011 46.743595
v -64.791122 61.630993 45.637665
v -63.428818 60.181889 46.953522
v -62.076469 59.902256 46.568047
v -63.816925 60.728951 45.893562
v -62.023571 59.843327 44.727970
v -62.328682 59.698639 44.895382
v -62.377235 59.978806 44.840332
v -63.007305 57.260185 45.243366
v -62.453728 57.144180 44.168068
v -64.180283 56.350895 47.958961
v -63.793941 57.808384 46.711842
v -64.117661 55.972458 43.936172
v -65.366219 57.410042 44.613941
v -66.855721 57.230259 45.022743
v -64.969528 58.174492 45.454243
v -62.958797 56.882126 46.316433
v -62.086132 56.253372 47.469795
v -62.737499 56.229053 44.448097
v -62.639816 55.986153 43.987297
v -62.657177 56.339336 44.004887
v -59.334908 56.656193 45.333050
v -59.113132 56.752827 45.736137
v -59.366249 56.297882 45.765232
v -60.721333 57.123219 45.629486
v -61.969273 58.351360 44.543175
v -61.630913 57.478981 45.234177
v -59.844547 59.392338 42.007111
v -59.869850 58.497852 43.198219
v -62.994095 56.378483 45.018654
v -60.891624 58.309101 42.325081
v -59.424061 57.595272 46.129398
v -61.686741 57.335377 46.456741
v -58.982121 56.835888 44.083477
v -60.684597 57.766357 45.556595
v -61.094814 57.405453 48.249699
v -62.161545 56.229641 47.948341
v -60.639957 56.461132 47.883675
v -62.055237 58.582584 51.800224
v -62.368279 57.602413 50.588905
v -61.150753 57.306755 48.867962
v -62.206375 57.995697 49.772015
v -63.741730 56.697319 47.877392
v -60.415646 55.388226 47.608135
v -63.530186 55.888786 49.963219
v -61.107891 57.386742 50.985100
v -61.819958 56.375969 46.683735
v -63.677841 55.928818 48.524685
v -63.716808 55.308540 48.403076
v -63.867104 55.560936 48.090038
v -64.433395 56.795338 45.853409
v -64.858376 56.260479 45.675121
v -64.251114 56.180973 45.777313
v -62.967819 58.374065 48.189659
v -63.234921 57.113476 46.995781
v -62.312332 57.376556 48.368328
v -66.857605 59.406120 49.385162
v -65.865097 58.423115 48.368439
v -63.562782 58.224861 48.490810
v -65.044052 58.905903 48.059982
v -64.108490 57.617851 45.513336
v -61.865231 56.232258 48.382504
v -65.856476 56.600494 46.883121
v -65.490097 58.168552 49.751297
v -61.883694 57.359520 46.587456
v -59.275440 56.896362 45.527912
v -61.061161 57.462852 48.842903
v -59.372498 57.749462 49.477974
v -60.827023 56.388783 45.599125
v -60.548058 57.337711 46.698227
v -58.613640 59.368172 48.623112
v -57.631779 60.151424 48.339684
v -59.858452 58.308445 46.575886
v -61.398262 57.552719 47.175190
v -59.198761 58.650848 47.981041
v -61.390205 56.647503 46.752838
v -60.619812 57.068501 49.202019
v -61.011036 56.792114 49.347595
v -60.654140 56.744114 49.033798
v -61.380318 58.810844 48.414444
v -62.266052 57.805771 47.865307
v -60.912067 58.038124 47.998344
v -62.618961 59.299274 51.608196
v -62.749905 58.614166 50.366692
v -61.488136 58.629105 48.936489
v -62.536728 59.087452 49.725239
v -63.679081 58.210644 47.711891
v -60.654186 57.135365 47.618912
v -63.672825 57.182381 49.442791
v -61.660828 58.378571 50.810604
v -61.841698 58.131172 46.812347
v -63.435749 57.226112 48.107098
v -63.811916 57.255150 47.748459
v -63.866779 57.044521 48.192055
v -62.063141 56.957569 43.936119
v -59.855247 58.732658 46.480366
v -58.765667 59.017601 45.042084
v -62.411819 56.671928 45.506767
v -61.571850 57.882271 45.380959
v -59.689034 60.190647 43.738930
v -59.802906 60.731815 42.576149
v -61.692142 58.683037 44.499397
v -61.497147 58.328663 46.270748
v -60.285553 59.376324 44.239120
v -61.638973 57.341324 46.325119
v -59.679989 55.593128 44.821888
v -60.200836 56.226646 48.540260
v -58.378372 56.124023 48.611897
v -61.205471 55.395420 45.373192
v -60.408733 56.178513 46.341846
v -57.584946 57.621872 47.607101
v -56.718269 57.985992 46.805759
v -59.637676 57.025814 46.039257
v -61.005970 56.516403 47.066910
v -58.485291 57.092773 47.151222
v -61.319614 55.664635 46.649765
v -60.141556 55.520252 48.992607
v -59.916748 55.428951 48.581184
v -59.764633 55.725521 48.734856
v -59.209301 58.253990 46.726841
v -59.353813 58.070625 46.310143
v -59.274776 58.425659 46.261116
v -63.076954 58.541748 46.839809
v -62.404503 58.179440 47.318115
v -63.800579 60.053497 49.313339
v -62.064297 57.669270 49.187805
v -64.211624 61.086727 48.625282
v -62.208271 59.223209 48.111160
v -61.339241 57.227730 47.869026
v -61.611717 58.174725 47.081284
v -64.094147 60.018417 47.919273
v -63.281788 58.810665 45.793079
v -64.949081 58.703438 47.101227
v -63.787521 57.895432 46.278622
v -64.088020 58.248028 46.156284
v -63.936649 57.915886 45.811131
v -63.043251 59.136715 45.985565
v -62.024189 58.205208 45.549641
v -63.167645 58.209118 46.322594
v -64.031586 60.664726 43.042564
v -63.173775 59.715179 43.667374
v -63.283596 59.121178 45.476460
v -62.937809 59.956089 44.420494
v -60.811161 58.810482 44.961117
v -63.151295 57.206940 46.466896
v -61.901222 58.288330 43.351002
v -64.308388 59.406322 43.903767
v -61.702888 58.159214 46.685127
v -61.262764 57.936268 44.495811
v -60.745037 57.939651 44.549759
v -60.979099 57.866402 44.120804
v -59.615086 57.207413 46.875256
v -62.052479 58.883522 48.338299
v -61.120876 59.138828 49.659592
v -60.647133 58.121601 47.171757
v -59.172344 60.484444 49.345821
v -59.861816 58.839069 47.308769
v -61.427082 58.521557 46.993584
v -60.022087 59.460236 48.580376
v -61.434914 57.636913 46.857704
v -61.967270 58.406139 48.785645
v -62.300713 58.353924 49.010910
v -62.376453 58.564384 48.786648
v -65.485962 51.937866 44.516918
v -64.924294 52.077618 44.557060
v -65.027199 51.299809 43.957272
v -63.768318 51.684284 49.999187
v -63.850208 52.242836 50.026215
v -64.297501 51.562141 49.549950
v -62.252708 55.639381 42.612690
v -61.967693 55.770271 43.056423
v -61.575623 55.041805 42.642742
v -65.355385 55.364113 47.008503
v -65.421593 55.887230 46.962261
v -65.315376 55.249714 46.359619
v -57.584442 51.513821 49.041470
v -58.206062 51.668770 48.983887
v -58.106003 50.806427 49.651108
v -59.542225 51.204361 43.318398
v -59.457401 51.779125 43.292366
v -59.007545 51.078671 43.792027
v -65.875298 50.576748 46.925404
v -66.143745 49.826366 46.296959
v -65.737617 49.795868 46.801746
v -61.829098 49.869518 50.997025
v -61.429855 50.540775 50.549194
v -62.029018 50.356876 50.415894
v -58.193058 49.622391 44.404114
v -58.486519 49.757088 44.860600
v -57.931694 49.007465 45.050713
v -63.578094 49.356415 43.420845
v -63.563122 49.894718 43.339100
v -62.953644 49.238693 43.180859
v -65.119698 48.620895 49.223969
v -64.663277 48.404602 49.123890
v -64.464622 49.051834 49.720856
v -58.990341 48.707027 49.418644
v -58.982994 49.260956 49.503845
v -59.544899 48.585896 49.826515
v -61.851131 45.787281 41.566219
v -64.780884 45.559528 41.686077
v -63.450577 45.980648 41.647808
v -61.764610 45.045170 43.116802
v -61.042038 44.979092 42.906998
v -65.404305 44.971275 42.892223
v -60.293114 45.810928 41.003429
v -63.943710 45.524075 40.692810
v -61.601578 44.821732 42.927109
v -62.305367 45.603062 43.426014
v -63.849155 46.204666 40.046803
v -61.982422 45.367481 40.849133
v -61.965981 45.384518 39.460930
v -63.463039 45.725697 38.690365
v -64.112465 45.614132 42.558392
v -61.790520 44.986469 43.117851
v -61.585007 44.958458 43.167854
v -56.543766 45.621292 44.642178
v -58.012630 43.767582 47.481331
v -56.097157 45.428238 47.542519
v -55.342648 44.924438 46.404877
v -60.558697 44.147408 45.167610
v -53.829815 46.021076 44.999466
v -57.771244 45.008270 43.977566
v -59.914509 43.843224 43.685741
v -61.240864 44.484200 45.421017
v -55.543652 45.288086 44.310658
v -56.417686 45.074875 46.682335
v -57.544914 43.766106 46.635284
v -54.287769 45.709011 43.753273
v -60.856651 43.220009 44.673538
v -60.397198 43.933903 46.106125
v -59.698673 44.649399 44.177811
v -58.757442 44.263477 42.744537
v -59.451302 44.254070 44.942013
v -60.245956 43.712906 47.550953
v -56.711861 44.953465 45.111401
v -58.820293 44.541481 46.586372
v -58.491241 43.932186 46.571075
v -59.757557 45.029488 45.064983
v -59.018932 44.483868 45.428295
v -57.727612 44.944344 47.072090
v -56.995148 44.702164 47.353146
v -54.123730 45.349743 46.113472
v -56.357265 45.248062 42.787189
v -59.128998 43.945450 45.726166
v -57.923004 44.382298 42.455135
v -59.459873 43.277359 47.126911
v -60.740265 43.371517 46.021072
v -60.066418 44.106678 44.744137
v -66.375732 44.720352 47.759666
v -66.583214 45.488144 46.403267
v -67.781258 44.954922 46.944305
v -65.073875 44.242588 45.617573
v -66.216087 44.423878 49.054359
v -66.834702 44.948280 46.788887
v -67.535843 45.169765 48.401703
v -68.896210 44.929012 44.305977
v -69.423706 45.400925 46.598637
v -65.229218 44.035149 45.406322
v -64.840607 44.470989 45.754650
v -66.547562 45.227978 43.602821
v -65.364494 44.660175 44.484756
v -66.804794 44.962254 44.890873
v -68.161339 45.953259 47.074440
v -69.093712 45.879692 45.920429
v -67.938057 45.009838 45.316650
v -65.084099 44.183865 45.643467
v -64.979790 44.145760 45.461269
v -62.500008 43.938568 45.635040
v -61.803604 43.989712 42.669952
v -61.576492 43.554653 44.606274
v -64.415260 45.453403 42.337849
v -61.454353 43.707092 43.186214
v -61.875221 45.275810 41.423882
v -63.035255 44.812366 40.942978
v -63.233852 44.097572 45.870358
v -64.570572 45.821163 39.824535
v -65.370193 45.049274 43.034588
v -64.196480 43.964211 45.547417
v -62.884937 44.407394 46.441650
v -64.890694 45.146881 41.493237
v -65.615105 45.534096 40.457462
v -63.627480 43.244465 46.226368
v -64.587120 44.371861 45.133072
v -63.632553 44.195698 44.910221
v -61.321140 43.844769 45.329304
v -63.962002 44.839066 42.406994
v -62.889427 45.102753 41.718029
v -62.258995 44.460083 44.050941
v -63.467602 44.909012 45.165096
v -63.269623 44.407085 44.434212
v -62.441345 43.753925 42.958488
v -62.020424 44.881535 42.714451
v -63.512993 45.203602 39.893734
v -62.816658 43.875141 44.337120
v -66.147041 44.313652 43.968262
v -61.708908 43.240219 44.307076
v -62.365250 43.340435 45.823360
v -58.144421 46.481987 49.694695
v -59.111267 47.249775 50.668407
v -57.963631 46.716553 51.309505
v -60.640720 46.004223 49.922668
v -57.198753 46.185509 48.796135
v -58.651680 46.709908 50.641136
v -56.938190 46.931393 50.245213
v -59.420979 46.690647 53.775276
v -57.264351 47.162552 52.835323
v -60.718113 45.796837 50.173195
v -60.669312 46.232616 49.653610
v -61.383419 46.989609 52.305790
v -61.378357 46.421810 50.830177
v -60.195072 46.723885 51.746262
v -57.632923 47.714890 51.537590
v -58.005817 47.641323 52.973549
v -59.178635 46.771465 52.403854
v -60.613800 45.945496 49.915470
v -60.822308 45.907394 49.940006
v -62.035587 45.700199 47.883530
v -63.546421 47.215031 51.384544
v -64.561195 45.509796 48.624615
v -65.792160 47.037434 49.886623
v -65.488594 46.573994 51.105137
v -61.409870 45.859207 48.333393
v -65.474190 47.582787 53.004578
v -62.418282 46.810905 51.737610
v -61.096771 45.725842 49.299255
v -61.158249 46.169014 47.713062
v -63.942463 46.908512 52.269161
v -65.009331 46.712379 50.203228
v -64.344040 47.295723 53.467628
v -60.889530 45.006084 48.437981
v -61.197414 46.133484 49.859753
v -61.944427 45.957325 49.225056
v -62.982685 45.606400 47.117863
v -63.760487 46.600697 50.979095
v -63.452255 46.221718 48.632217
v -63.646233 45.661228 48.865051
v -61.837704 46.670635 48.940849
v -62.542942 46.168716 49.216537
v -64.460434 46.592300 49.072178
v -64.760559 45.982861 49.387295
v -66.047745 46.965225 52.113354
v -62.676754 45.673420 48.956860
v -61.205643 46.075279 51.806568
v -63.421795 45.180904 47.812187
v -61.957161 45.103188 47.666283
v -67.641136 47.486816 48.438568
v -65.894783 46.372952 46.468861
v -66.622177 46.731888 45.267433
v -66.195709 46.453472 50.678200
v -67.325935 47.580246 46.381397
v -67.762993 46.930874 49.995686
v -68.293716 47.236988 44.654129
v -68.632866 46.289719 49.130836
v -69.855392 47.086899 47.345528
v -66.104500 46.110657 46.269218
v -65.661018 46.602764 46.500942
v -68.066185 47.051937 46.293934
v -69.216721 47.655090 48.998131
v -68.606453 46.730675 47.087517
v -69.957481 46.920212 49.053421
v -70.576767 46.451965 46.120735
v -71.143547 47.065575 48.226677
v -66.791824 46.806545 49.250793
v -65.894257 46.304253 46.499027
v -65.825432 46.272861 46.262341
v -62.726849 46.042679 45.867260
v -62.141418 45.523388 44.608715
v -65.262184 47.600235 43.308399
v -62.467873 45.852283 43.247955
v -63.176857 47.379917 41.633862
v -64.420364 46.916473 41.458855
v -63.378345 46.201683 46.278896
v -66.186897 47.925270 40.760685
v -65.471718 46.993591 44.437363
v -64.391174 46.068321 46.207378
v -62.897442 46.511497 46.744576
v -66.078819 47.250992 42.456364
v -67.039581 47.638203 41.635078
v -63.670246 45.348576 46.722164
v -64.873146 46.475967 45.904106
v -64.004852 46.299809 45.449249
v -61.662155 45.948879 45.275967
v -65.089798 46.982277 42.764107
v -64.085045 47.206860 42.172684
v -62.890335 46.564198 44.273289
v -63.033543 46.003708 44.006241
v -63.781288 47.013111 45.654659
v -63.772736 46.511196 44.897499
v -62.920593 46.934776 43.173729
v -63.100330 46.325340 42.777397
v -65.145714 47.307709 40.562756
v -63.341064 46.279675 43.675144
v -67.040833 47.254986 43.786858
v -63.481838 46.015903 44.870712
v -66.611351 46.394703 45.112740
v -65.386795 47.234417 43.023228
v -62.549210 45.444542 46.015823
v -62.549850 49.168331 41.982872
v -61.182152 49.936123 41.872128
v -61.636848 49.402897 40.638721
v -60.505474 48.690563 43.433384
v -63.852596 48.871861 42.050293
v -61.548954 49.396252 41.593918
v -63.107986 49.617741 40.780144
v -58.926079 49.376987 39.713699
v -61.175564 49.848896 39.024933
v -60.283730 48.483166 43.293419
v -60.658661 48.918964 43.656357
v -58.391277 49.675949 42.106312
v -59.354912 49.108154 43.223850
v -59.657841 49.410233 41.758373
v -61.739693 50.401237 40.250366
v -60.522461 50.327667 39.402199
v -60.002178 49.457809 40.597771
v -60.530594 48.631847 43.421329
v -60.356277 48.593731 43.538338
v -60.431400 48.386555 46.441990
v -56.618591 49.901386 46.395653
v -58.725784 48.196159 48.446667
v -57.071796 49.723793 49.056805
v -56.082615 49.260349 48.283199
v -60.275440 48.545555 45.687298
v -54.353771 50.269150 47.496307
v -56.755684 49.497261 45.221535
v -59.520878 48.412193 45.007900
v -60.944466 48.855381 45.710186
v -55.649361 49.594868 46.396999
v -57.101528 49.398735 48.212894
v -54.391254 49.982079 46.275555
v -60.391880 47.692444 45.169476
v -58.967995 48.819839 44.871487
v -59.243355 48.643681 45.812252
v -60.744873 48.292751 47.618828
v -56.901672 49.287052 46.756321
v -59.170563 48.908070 47.430824
v -58.878925 48.347584 47.513115
v -59.546391 49.356991 45.830563
v -59.007332 48.855068 46.362350
v -58.358082 49.278656 48.172329
v -57.948036 48.669216 48.318077
v -54.934074 49.651585 48.383160
v -59.189976 48.359776 46.590328
v -57.186684 48.761639 44.085983
v -59.931889 47.867260 47.737038
v -60.661755 47.789543 46.458870
v -58.947548 44.155151 49.463749
v -59.828117 44.801418 50.211147
v -58.911549 44.352592 50.830990
v -61.057457 43.753010 49.476208
v -58.090103 43.905605 48.777866
v -58.798901 44.433750 50.052555
v -60.206467 44.452747 52.196335
v -58.434334 44.728001 52.160721
v -61.140282 43.578426 49.680763
v -61.062206 43.945263 49.248524
v -61.850964 44.582428 51.421680
v -61.741058 44.104504 50.184486
v -60.814259 44.358765 51.037510
v -58.650513 45.192917 51.045963
v -59.066071 45.130993 52.223557
v -61.034325 43.703587 49.472111
v -61.210983 43.671497 49.477718
v -67.124352 44.419449 48.997150
v -65.068420 44.243511 51.628521
v -66.679214 44.160172 50.673668
v -66.518967 44.875763 51.177887
v -68.101242 44.063740 53.170918
v -65.626396 43.914543 48.632492
v -64.099777 44.372532 50.350613
v -63.932037 43.723148 52.636204
v -67.102280 45.020493 49.382729
v -68.263741 44.084415 49.792030
v -65.663918 44.314529 53.214619
v -66.959702 43.891911 52.130020
v -69.142357 44.069866 51.383377
v -65.927727 43.670376 48.493046
v -65.794189 43.817776 48.243484
v -68.839981 44.572098 48.177402
v -66.260490 44.511364 47.869549
v -67.947197 44.813885 52.442493
v -70.085190 43.347057 50.609520
v -69.444786 43.908192 53.044994
v -65.635338 43.865135 48.609928
v -65.689781 43.841244 48.359089
v -61.319923 43.802982 45.283699
v -60.776081 42.947235 46.116543
v -61.685242 42.979221 45.258057
v -59.261604 44.419865 43.737347
v -59.271790 44.210667 44.699200
v -60.918713 43.761692 44.970890
v -59.878895 44.467915 45.052044
v -60.777580 43.478844 47.029507
v -61.855919 42.079651 45.320229
v -58.806240 42.914764 45.789303
v -59.749233 42.882545 46.796581
v -59.331051 42.488174 46.922611
v -59.762459 42.525826 46.687889
v -63.363605 60.464462 47.619236
v -62.102966 60.959229 45.070480
v -63.622753 61.177826 44.361885
v -62.713268 60.945278 46.637497
v -64.322029 62.463947 44.988491
v -65.151077 62.856140 45.382671
v -63.278088 61.715752 46.703060
v -62.026768 61.146618 46.264618
v -63.831398 61.924252 45.550625
v -62.589279 60.550350 44.785118
v -62.469059 60.383778 44.482220
v -62.282310 60.592381 44.538986
v -61.345745 56.223274 50.511696
v -62.033863 55.625496 50.657040
v -61.717674 55.576622 50.178558
v -61.785412 66.945290 48.629791
v -61.597878 66.072594 46.668560
v -62.310177 65.959900 47.886868
v -61.331051 66.360718 48.367226
v -60.437256 66.682831 47.598255
v -60.982121 65.896721 47.580490
v -60.099125 66.490776 46.773033
v -61.899380 65.689728 46.667973
v -61.005436 67.083038 45.296455
v -60.929436 66.293587 45.831421
v -61.842384 66.842102 45.025036
v -61.748322 66.023613 46.818047
v -63.004417 66.771324 45.095032
v -61.866096 65.954697 46.732277
v -62.116924 65.798271 45.347736
v -63.175350 66.201126 45.607639
v -62.180836 67.159729 45.587959
v -61.621227 67.639984 45.533592
v -61.681980 66.183197 46.961628
v -61.312748 66.763206 45.950336
v -60.752213 65.408821 45.577599
v -60.923138 64.647934 46.129700
v -61.528801 64.933357 45.515045
v -59.736179 65.303032 44.148079
v -59.705585 65.200798 44.883247
v -60.749210 65.080132 46.776665
v -61.936375 64.189430 45.663876
v -59.526157 64.221588 45.758163
v -61.121655 67.411049 47.472240
v -61.452690 66.673882 47.467834
v -60.612701 67.203735 46.932037
v -61.914772 66.229813 46.565399
v -62.819096 66.736900 47.152039
v -62.675827 65.815849 46.483013
v -62.438923 66.242401 47.566761
v -61.886456 65.560387 46.913792
v -61.544044 65.478622 46.375767
v -60.655552 65.757210 46.669975
v -61.015949 64.921112 46.959843
v -60.837559 65.082130 46.083290
v -58.944523 66.127159 46.820229
v -59.533497 65.953796 47.238461
v -61.597233 65.307053 47.345547
v -60.965324 64.238380 45.967278
v -59.955864 64.977951 48.029583
v -61.591675 65.757217 47.673679
v -61.932610 64.921112 47.361145
v -61.039177 65.082130 47.405239
v -61.482056 66.127167 49.387794
v -61.984364 65.953804 48.868668
v -62.401611 65.307060 46.844719
v -60.943764 64.238380 47.261433
v -62.830158 64.977951 48.570503
v -62.855003 64.263954 45.788250
v -60.956837 65.327988 46.020958
v -60.947353 65.584877 44.764751
v -62.178207 66.505165 44.210735
v -62.551022 65.379898 45.633423
v -61.775673 65.162720 46.402504
v -62.151196 65.146309 45.651096
v -62.295300 63.923862 48.197559
v -62.690784 65.111427 46.100113
v -64.029922 65.398148 46.515537
v -64.202179 66.425278 48.012157
v -62.562843 65.169334 47.926662
v -62.007668 64.926971 46.841671
v -62.679562 64.908653 47.495544
v -61.771496 66.388840 46.788414
v -62.411568 66.439026 45.704102
v -63.123207 66.877975 46.202366
v -60.310413 67.408676 46.612717
v -60.728302 66.765938 46.889767
v -60.511410 67.244530 45.879974
v -61.828526 66.649719 46.739346
v -62.351345 67.540970 47.860672
v -61.601917 66.477058 46.610691
v -62.559647 66.590424 47.300198
v -61.947414 67.025047 47.919075
v -60.164146 64.251503 46.431751
v -60.084278 64.271355 46.778118
v -59.886028 64.127304 46.545425
v -63.262539 64.801735 46.039726
v -63.290470 64.979195 45.787628
v -63.055870 64.777000 45.892010
v -60.792835 65.083786 45.582344
v -60.517643 65.048080 45.579170
v -60.558609 65.192108 45.735851
v -60.829681 64.737183 47.829285
v -61.094273 64.739487 48.067455
v -60.769226 64.689392 48.145130
v -62.763996 64.737175 47.676468
v -63.039364 64.739487 47.450844
v -63.067093 64.689400 47.783890
v -57.259899 42.908344 42.677036
v -57.351562 42.350296 43.046513
v -56.923702 42.669193 42.983990
v -57.167988 41.952782 46.286327
v -57.654858 42.758335 45.489811
v -58.012444 43.404427 43.436405
v -56.572411 43.651619 43.812725
v -55.851097 43.417385 43.269180
v -54.212715 43.473518 44.289890
v -55.045223 42.982052 44.196747
v -55.433475 43.383968 43.090694
v -54.438129 43.839268 42.719330
v -59.132679 43.208893 43.404251
v -58.187698 42.190174 44.827919
v -56.403206 42.949226 46.068474
v -55.347218 43.417835 45.455231
v -54.266521 42.311695 45.943161
v -55.636642 43.977901 43.224304
v -54.915443 42.538635 42.817921
v -53.377300 43.088337 44.321007
v -52.816292 43.721703 43.556934
v -52.981560 43.290897 41.856506
v -56.268848 43.005013 43.118767
v -58.254578 42.809635 45.849686
v -55.828262 43.043015 43.683083
v -58.915375 42.079014 42.810902
v -55.918945 43.204308 41.632885
v -58.560787 42.301208 47.167912
v -55.397099 42.593449 47.912846
v -54.696495 42.463009 48.260868
v -56.729427 42.815834 47.796391
v -56.697327 42.836361 47.798565
v -56.477165 43.279404 47.404575
v -56.906998 42.884399 49.810658
v -55.493710 42.640995 48.106117
v -61.008442 41.421703 46.694004
v -58.008598 42.899712 45.948471
v -57.905453 42.177643 47.194927
v -56.906345 42.335754 47.447979
v -56.259087 43.094543 49.325233
v -59.037186 43.285942 47.076771
v -57.397820 42.801556 46.673859
v -55.760914 42.429138 48.647724
v -56.804058 42.791176 47.824806
v -61.306805 42.658241 48.067921
v -59.246952 42.453682 47.745232
v -55.029152 42.653744 47.022720
v -59.816978 42.171219 45.716148
v -56.484859 43.063034 46.768616
v -55.088409 43.466515 47.739883
v -54.498634 42.385246 49.910854
v -59.335892 42.474464 46.856136
v -58.945599 42.814514 46.742046
v -61.379993 42.063942 46.152355
v -58.676353 41.414707 46.039238
v -57.327114 41.781502 45.478737
v -58.219265 42.658371 48.459869
v -59.888454 42.502129 47.251854
v -54.984917 41.869343 48.158424
v -59.714218 42.389744 47.284527
v -60.057690 41.987953 48.625183
v -59.759258 41.845085 47.408203
v -58.417912 41.565136 49.344738
v -57.819416 42.307877 49.701111
v -57.968956 42.590679 47.852211
v -55.925941 42.509159 49.818836
v -53.235374 42.754559 48.417141
v -52.873379 42.881790 49.571388
v -59.286308 41.989906 46.237190
v -58.601250 41.735981 45.231617
v -60.186394 41.498970 46.145851
v -61.774223 41.573326 48.914635
v -56.493690 42.077461 46.965641
v -56.264206 42.613777 46.851475
v -56.473862 42.006584 46.319660
v -59.151375 41.261490 45.059731
v -59.327217 41.527607 45.455135
v -59.508636 41.092106 45.254963
v -62.350597 42.239891 45.219143
v -68.136040 43.157204 48.479313
v -67.889145 42.787006 48.069157
v -66.030098 43.438580 48.784801
v -66.746384 43.083729 47.722046
v -67.087685 43.274353 47.512691
v -62.378868 41.787949 47.062191
v -62.990929 42.370426 48.342571
v -64.967926 42.666599 48.699905
v -65.098373 42.528217 47.555202
v -66.425903 42.882774 47.958576
v -68.789330 42.643230 48.060654
v -70.731834 42.361324 47.422470
v -67.581161 43.118843 46.114231
v -66.835312 43.525635 47.926804
v -61.921211 42.379398 47.258530
v -66.721352 43.095921 47.592464
v -62.615158 42.889652 45.803425
v -64.798187 41.890141 45.759720
v -65.807251 41.904873 45.632587
v -66.633362 42.833893 48.046230
v -67.942619 42.723457 49.362919
v -64.359909 42.836597 47.300407
v -64.315331 43.132660 47.776527
v -64.213875 41.775696 48.550217
v -68.339943 42.406395 47.873970
v -66.633499 42.699768 45.754253
v -65.221878 43.158337 47.135193
v -64.666389 43.665428 48.296673
v -65.318001 42.466259 49.312130
v -63.779976 42.686131 47.210426
v -63.571789 42.998436 46.864780
v -64.231728 42.310986 45.782345
v -65.797951 42.853714 46.678860
v -68.401451 42.479023 46.130360
v -69.531647 42.089237 46.452297
v -68.577766 43.180088 48.112347
v -70.284492 42.116821 48.681915
v -63.748234 42.362865 48.129185
v -63.969139 42.099800 49.323399
v -64.137222 43.010429 46.873058
v -62.789688 41.848042 47.636440
v -66.756714 42.532856 48.503361
v -66.474289 42.300789 49.192799
v -66.522034 42.830170 48.800133
v -63.388550 41.638405 49.260853
v -63.389656 41.905769 48.828602
v -63.137371 41.474663 48.939064
v -60.089043 42.249580 47.031738
v -59.539207 43.175766 40.349285
v -59.336086 42.801987 40.787895
v -60.986858 43.459858 41.936932
v -59.692860 43.101582 41.939777
v -59.394711 43.237007 41.804527
v -61.613865 41.793266 45.964664
v -62.337761 42.381371 44.728092
v -61.767776 43.262970 42.851242
v -60.082150 42.624641 42.500534
v -59.343815 42.979698 43.307499
v -60.130199 42.954182 41.753643
v -58.819344 42.656826 40.040142
v -57.186073 42.372185 38.777485
v -60.691544 42.603336 43.281376
v -57.814384 42.977947 42.032646
v -60.856049 43.684593 44.036770
v -59.813702 43.547764 41.749508
v -62.037098 42.390442 46.236115
v -59.309475 43.303040 41.959305
v -60.427738 42.905624 46.479767
v -58.048752 42.664700 43.263969
v -58.620388 41.778328 44.729416
v -60.387417 42.737820 40.010746
v -60.691463 42.852062 44.173626
v -61.114735 43.150982 43.941338
v -61.819000 41.780888 43.588139
v -58.917686 42.417694 40.521526
v -60.308498 43.162941 43.429775
v -61.830879 42.478127 42.233711
v -60.944504 42.700142 44.709377
v -60.773434 43.015469 45.079117
v -59.453266 42.337029 45.117664
v -58.438122 41.854141 43.694710
v -57.425179 42.491020 41.457245
v -57.054466 42.097466 40.330120
v -58.982338 43.198875 40.187752
v -58.492249 42.125320 38.438442
v -61.730633 42.373737 44.215786
v -62.603935 42.108131 43.355003
v -60.460278 43.027534 44.601738
v -61.861359 41.853935 45.296108
v -60.340206 42.545380 41.488811
v -61.076481 42.311073 41.334599
v -60.721165 42.845573 41.516987
v -62.880352 41.642273 43.875801
v -62.518353 41.912228 44.119587
v -62.753529 41.476944 44.267971
v -63.262970 41.864189 41.354240
v -63.728363 41.571415 41.648975
v -63.136288 41.835857 41.800968
v -61.568005 41.612297 43.431030
v -60.663254 42.527767 40.987690
v -62.347301 42.560390 41.083103
v -62.503452 42.417942 40.531551
v -61.200062 42.645725 39.741394
v -61.499428 41.896725 42.492130
v -61.884411 41.280495 42.952168
v -63.159817 42.644405 42.373547
v -60.334274 41.801270 41.818443
v -62.797764 43.096622 40.308254
v -61.097511 42.310406 38.930618
v -61.777622 43.067093 37.874268
v -62.857307 42.595001 37.874619
v -62.506901 42.762852 39.803314
v -62.639877 41.787926 40.061192
v -61.000504 42.010067 43.270477
v -60.237900 40.797550 42.423832
v -63.853611 42.413033 40.308109
v -62.301331 42.136738 40.724384
v -63.878380 41.400558 43.138744
v -62.981075 42.301403 43.273109
v -59.926762 41.457081 39.990326
v -61.727814 42.091908 40.255936
v -63.667740 41.400085 42.564686
v -63.438175 41.583302 42.875351
v -63.609886 41.294327 42.946068
v -65.337845 43.088318 43.833767
v -62.696636 41.441406 46.588436
v -62.295109 42.199402 44.779514
v -63.084190 42.169197 45.014977
v -65.179649 41.898449 45.718311
v -65.476952 42.534428 41.385342
v -62.080055 41.543812 45.520584
v -62.623283 41.985870 45.318951
v -63.181633 42.292717 44.057480
v -64.152634 42.539459 43.813351
v -65.111481 42.173695 42.735470
v -67.058640 42.964512 43.208221
v -68.549522 42.340649 42.972565
v -65.575684 42.326893 43.815342
v -65.262169 42.762371 43.354408
v -64.060226 42.455795 43.986156
v -61.860107 41.685574 43.971020
v -66.527840 42.505184 44.639771
v -65.211418 43.019218 44.137821
v -62.569466 41.830002 45.120747
v -64.723755 42.190727 43.759090
v -65.296387 42.177238 44.756630
v -67.466171 42.310627 41.915066
v -66.507034 43.102230 44.010658
v -64.792503 42.280720 41.467937
v -67.279053 42.858067 42.016502
v -63.478321 42.460903 46.305767
v -63.360020 41.590359 46.223927
v -61.976093 41.157673 46.261177
v -63.967636 42.158569 44.683952
v -66.345894 42.074112 40.830627
v -64.311218 41.785099 42.230572
v -63.713715 42.933952 44.185703
v -64.459900 42.633080 45.104939
v -62.999210 43.408680 43.215233
v -63.613358 41.913895 45.400597
v -64.214607 42.414433 43.184464
v -65.027039 42.656265 42.260681
v -65.265335 43.077969 44.107029
v -67.190483 42.131424 40.263294
v -69.238815 41.941055 40.644066
v -62.456627 41.979412 45.028564
v -57.442986 40.731258 45.509628
v -57.847332 40.726677 45.693638
v -57.734653 40.580605 45.390736
v -61.634296 40.571163 46.100391
v -60.241405 41.113869 43.517193
v -55.908901 41.784626 43.943195
v -60.490646 41.071701 46.404675
v -60.868843 40.575569 46.270939
v -60.187279 41.395065 44.776814
v -59.682167 41.336468 46.234238
v -58.979515 41.542923 45.669525
v -58.549580 41.789665 44.765301
v -57.373016 41.508488 44.119133
v -54.603291 41.379654 42.539684
v -56.862335 41.590855 40.618893
v -57.841114 42.044807 43.436626
v -58.737160 41.706001 44.822006
v -58.305561 41.555473 43.270298
v -58.893845 41.755375 42.274101
v -60.142231 41.080204 46.061138
v -58.362465 41.437340 44.143566
v -55.701057 41.516808 41.666862
v -58.000340 42.363670 42.310474
v -59.205532 41.455608 43.228638
v -56.124199 41.530926 44.598133
v -60.818848 41.166367 45.737057
v -61.055542 40.852055 45.095512
v -59.498352 41.404045 45.257423
v -59.697285 41.396606 43.999691
v -56.401474 42.095863 42.088642
v -54.927765 41.056965 43.702507
v -56.966461 41.035297 44.920410
v -59.000832 42.184158 45.122639
v -59.755764 41.883278 44.210571
v -56.245289 41.578842 42.255768
v -58.189434 42.658882 46.013672
v -57.920769 41.664635 44.827946
v -60.078236 41.776031 45.270817
v -56.855518 41.906471 44.212593
v -58.431747 41.968361 43.972172
v -58.701443 42.276173 43.733025
v -58.619209 42.328171 43.616611
v -57.272186 42.317890 42.060883
v -55.845959 42.040947 41.996227
v -54.443844 41.191257 40.399937
v -59.223949 40.927986 46.790531
v -60.073978 41.229618 46.189877
v -65.101303 39.202091 43.853245
v -64.984009 39.378376 43.702347
v -65.100639 39.472153 43.937386
v -63.956467 40.365192 45.468193
v -64.272499 40.808041 45.001118
v -65.816391 40.169590 46.436794
v -64.832069 40.134277 45.254650
v -64.942612 40.282967 45.227901
v -65.220581 40.877464 45.316952
v -64.907379 40.176167 45.211357
v -65.540291 40.449848 44.817295
v -66.544601 40.299904 44.681927
v -66.981689 40.339367 46.765804
v -66.698357 40.274078 44.009712
v -68.012161 41.097847 45.768768
v -65.340660 39.504574 47.318970
v -65.903954 40.274330 45.454300
v -65.804192 40.949711 45.903294
v -67.174194 41.201931 46.247292
v -68.739349 41.308655 44.734501
v -68.707809 41.073399 45.015934
v -68.927582 40.616974 44.764545
v -69.281853 40.567234 43.138611
v -71.275055 40.626896 44.229321
v -69.589546 40.633797 46.193768
v -66.874008 40.835930 43.811985
v -66.102119 39.888481 43.762199
v -66.819328 39.987484 44.190834
v -64.563034 39.879520 45.924206
v -65.410950 40.071815 44.894314
v -64.680214 40.454384 46.422123
v -66.387550 41.256325 46.339638
v -67.619659 40.997711 43.190002
v -68.299988 40.195072 42.707478
v -57.647007 39.453899 47.794739
v -57.794811 39.339088 47.649708
v -57.549458 39.209412 47.825783
v -58.926281 40.731422 47.037273
v -58.009628 40.122353 45.156269
v -58.428329 40.088036 46.591339
v -58.319466 40.232521 46.572315
v -58.106285 40.810268 46.385139
v -58.344448 40.128746 46.600719
v -56.680260 40.248993 46.437607
v -57.098846 40.287346 44.411228
v -56.282593 40.223892 46.976990
v -55.793995 41.024422 44.900085
v -58.775623 39.476097 44.554653
v -59.080254 39.912178 46.667530
v -58.073334 40.267288 47.234829
v -57.550632 40.224140 45.997784
v -57.813629 40.880466 45.636387
v -56.726242 41.125580 44.798611
v -57.489788 40.733944 46.267265
v -54.744953 41.229290 45.539711
v -54.882195 41.000668 45.301159
v -54.588882 40.557121 45.439949
v -53.642712 40.508785 46.751400
v -52.289555 40.566757 45.006596
v -54.553219 40.573467 43.909718
v -55.946770 40.634983 47.374313
v -56.717907 39.849171 47.428741
v -56.245029 39.945385 46.768681
v -58.927704 39.840469 46.099033
v -57.715553 40.043007 46.661823
v -59.016365 40.399117 45.609909
v -57.463005 41.178440 45.021362
v -55.143776 40.927113 47.350155
v -54.350445 40.147114 47.516315
v -66.412941 38.298603 46.395824
v -66.300858 38.716244 46.582996
v -66.454315 38.497730 46.211067
v -68.819016 40.390472 49.467506
v -68.576599 40.195660 49.325428
v -68.845734 40.219795 49.150890
v -70.943298 40.555801 50.382751
v -63.598244 40.345093 47.893715
v -65.344849 41.216068 49.085243
v -67.481834 41.105015 48.034504
v -67.110092 41.201321 50.018032
v -67.601105 41.248585 49.734005
v -69.157005 41.467171 49.752644
v -63.022247 39.619572 46.612953
v -64.768707 40.607185 48.391342
v -65.809532 40.726627 49.759735
v -69.227158 40.608482 48.643314
v -70.418381 40.463188 49.715084
v -67.403236 40.931366 50.673733
v -66.012344 40.459709 46.324844
v -64.674263 40.721992 47.712837
v -66.225121 39.390236 47.392040
v -65.556473 41.450062 48.301979
v -68.134392 41.036945 50.142544
v -67.736275 40.688465 48.676350
v -63.485752 40.145405 47.792149
v -63.954376 40.000427 47.884701
v -66.781029 41.012203 47.534256
v -66.607826 41.422619 49.443298
v -71.695663 40.174995 51.231422
v -65.284775 39.714226 46.896862
v -63.945007 39.731632 48.833412
v -69.159836 40.870155 49.561050
v -72.367348 40.662952 51.265995
v -64.643959 39.481201 49.660961
v -62.754490 40.619431 47.729080
v -63.653690 40.382290 47.854465
v -63.632114 40.329868 47.885040
v -65.786224 40.737186 47.843845
v -67.458374 41.717350 49.192905
v -69.921478 41.058296 50.993690
v -63.455025 40.090214 48.989685
v -64.496628 39.742752 46.382706
v -62.050068 40.196411 46.647835
v -63.492241 40.194851 46.986885
v -68.533806 41.145020 51.027939
v -69.143204 40.462433 51.047794
v -66.952896 40.657253 50.402924
v -67.476418 40.316132 50.485844
v -66.800835 41.020515 49.929085
v -61.426758 38.539093 41.806278
v -61.119949 38.120945 41.747776
v -61.322342 38.440338 41.606102
v -64.380348 40.157143 39.074295
v -64.075493 39.938892 38.882195
v -64.281998 39.757298 39.073433
v -62.957127 40.455536 44.378704
v -62.404037 40.940983 41.149502
v -64.727707 40.917931 41.449348
v -64.724121 41.248722 39.804192
v -63.475426 38.952038 39.581417
v -64.192238 40.307056 37.776554
v -63.930485 41.006912 39.697540
v -61.897308 39.831608 43.046684
v -63.210007 40.724003 43.165344
v -64.162354 41.305973 42.626274
v -65.519997 40.467449 40.809429
v -63.388332 40.129871 38.529339
v -65.713867 40.668388 40.262470
v -64.751770 41.239662 41.134422
v -61.576160 40.070965 43.665913
v -64.927551 41.243435 38.134590
v -65.791603 40.909382 39.919838
v -62.933960 40.160221 44.648487
v -63.004803 39.991791 44.149109
v -64.143883 39.523682 43.851654
v -65.464531 40.169891 40.287647
v -62.230679 40.251842 44.525085
v -61.226551 40.531101 42.066654
v -63.172237 41.293968 43.148228
v -66.395821 39.666641 38.301956
v -65.145096 39.957035 36.798786
v -65.046120 39.527412 43.423721
v -62.026382 40.528313 45.467960
v -64.192497 39.998482 44.509502
v -63.247295 40.533665 45.370956
v -66.405441 39.449223 36.144619
v -66.514778 40.387939 38.885452
v -62.993748 40.407776 44.460239
v -63.026974 40.352036 44.482983
v -63.204300 40.912205 42.198486
v -62.337860 39.902531 42.012905
v -62.360638 39.041142 41.596874
v -63.005451 41.289680 40.623676
v -66.300171 39.822071 35.176182
v -61.971157 40.134800 46.357357
v -61.594303 39.458843 44.797764
v -65.217140 41.504948 39.952911
v -65.757202 40.747856 37.776783
v -65.491623 39.506802 35.667522
v -64.240303 40.963078 40.177063
v -64.904099 40.655369 42.084431
v -57.416740 37.524918 44.378471
v -57.126602 37.215828 44.693211
v -57.380104 37.104355 44.559517
v -56.598133 39.097931 40.507282
v -56.278225 38.879688 40.673111
v -56.547649 38.698097 40.591671
v -60.454273 39.396317 44.417885
v -57.388783 39.881775 43.261757
v -58.822697 39.858719 41.408867
v -57.401661 40.189518 40.579872
v -56.577923 37.892841 41.544407
v -55.383476 39.247852 40.013187
v -56.908260 39.947708 41.210575
v -58.769127 38.772400 44.658436
v -59.535419 39.664795 43.586029
v -59.552052 40.246761 42.491829
v -58.671383 39.408245 40.401726
v -55.626282 39.070667 41.087425
v -58.297592 39.609184 39.957836
v -58.563198 40.180454 41.228828
v -59.140881 39.011757 45.248672
v -56.064236 40.184227 39.559944
v -58.041325 39.850178 39.717487
v -60.675224 39.101021 44.574341
v -60.280296 38.932579 44.260620
v -60.599808 38.464474 43.127525
v -58.193199 39.110683 40.185665
v -60.213104 39.192635 45.118591
v -57.584435 39.471893 44.741402
v -59.501553 40.234760 43.609959
v -56.951233 38.607430 38.377960
v -55.021908 38.897823 38.696671
v -60.686974 38.468204 42.132759
v -60.923153 39.469109 45.771702
v -61.191895 38.939274 43.418312
v -61.456978 39.474457 44.669403
v -55.095039 38.390018 37.278542
v -57.514759 39.328732 38.570461
v -60.543102 39.348564 44.427517
v -60.579529 39.292824 44.410355
v -58.698448 39.852997 43.101948
v -58.100143 38.843327 43.755527
v -57.752754 37.981934 43.525459
v -57.239334 40.230473 42.476982
v -54.206360 38.762867 36.879547
v -61.662491 39.075592 46.269180
v -60.126469 38.399635 45.805481
v -57.779316 40.445740 40.229786
v -56.175182 39.688648 38.663261
v -54.221275 38.447598 37.825562
v -57.478615 39.903870 41.185841
v -59.459770 39.596165 41.577900
v -65.363503 38.081848 48.067631
v -65.092598 39.293865 46.951645
v -66.868958 40.021515 47.399734
v -67.906769 39.570675 47.860199
v -68.905266 39.220665 45.104607
v -71.898071 39.129467 47.055946
v -72.609276 39.242039 46.326405
v -64.733345 39.719463 46.548779
v -66.898178 39.976864 45.964611
v -67.305069 39.774055 46.516663
v -66.538979 39.770943 45.216305
v -68.010849 39.978977 46.909809
v -68.135246 38.232956 45.504631
v -69.141319 40.353615 46.431126
v -69.786972 39.464142 45.505943
v -71.632347 39.555630 46.016281
v -70.569778 39.555222 46.238907
v -68.010345 39.770584 46.113964
v -70.241867 39.376152 47.254108
v -69.613068 39.529705 47.717636
v -68.055244 39.720463 47.255890
v -64.514313 39.139561 46.519409
v -65.888008 38.119465 45.442715
v -65.221405 39.071430 44.489864
v -65.749184 39.430580 46.148975
v -68.726402 39.760658 46.969475
v -68.421913 40.230915 47.454247
v -66.640358 39.565590 47.345631
v -66.379288 39.382473 47.673409
v -68.238571 39.003693 47.685818
v -68.709633 39.102928 46.060223
v -68.816994 38.903999 46.113377
v -68.936829 39.127563 46.021461
v -65.707870 37.087143 44.309364
v -65.783142 37.032352 44.467007
v -65.646126 37.098999 44.515396
v -57.436241 38.115452 46.578896
v -58.121330 39.409554 47.595821
v -56.176567 40.186478 47.805901
v -54.966698 39.705109 47.729717
v -54.988808 39.331402 50.859043
v -51.521248 39.689457 49.750908
v -50.827053 39.354214 51.009277
v -59.081985 39.738937 47.822510
v -58.112873 40.001709 48.007381
v -57.795162 39.316467 50.017227
v -56.679504 40.138809 49.253662
v -56.067394 39.922260 48.851810
v -56.928082 40.112133 50.163605
v -55.214912 40.141064 48.719894
v -55.611462 38.276787 50.172977
v -54.260540 40.541073 49.618397
v -53.957169 39.591358 50.784176
v -52.864334 40.233902 50.538506
v -51.809467 39.190189 51.137756
v -51.136848 38.822678 50.422226
v -52.901569 39.688610 50.340580
v -55.510551 39.918556 49.516556
v -52.853413 39.497398 49.202488
v -53.311119 39.661366 48.505207
v -54.476334 39.907959 48.925518
v -55.042137 39.865047 48.389843
v -58.860626 39.244793 47.814159
v -57.884483 38.155617 49.401615
v -58.905281 39.172058 50.108471
v -57.761570 39.555531 48.642982
v -54.601444 40.410065 48.327206
v -56.425514 39.699680 47.775303
v -56.565369 39.504162 47.350292
v -54.699146 39.099728 48.027351
v -54.835457 39.069794 49.848850
v -54.573681 39.139439 49.771843
v -54.666454 39.203979 49.990639
v -58.472294 37.085815 50.458752
v -58.351280 36.994926 50.339645
v -58.488033 37.000668 50.270035
v -67.615540 37.311684 53.570526
v -67.597527 37.363476 53.570309
v -63.340370 38.492142 49.719051
v -62.851021 37.943714 50.576809
v -65.024422 38.506081 50.378204
v -64.131157 38.726498 50.177856
v -65.348915 38.366482 49.603683
v -65.585747 38.380669 49.718811
v -67.495308 36.564209 54.905853
v -65.117088 38.232788 48.886192
v -65.348808 38.666920 52.052322
v -64.960632 38.577923 53.184216
v -65.510483 38.162804 53.732548
v -66.687088 37.529144 54.114941
v -67.424873 37.456944 52.550869
v -68.255554 36.223217 55.066753
v -64.747963 38.573299 51.964161
v -62.335644 37.953926 47.385441
v -67.111267 38.846714 51.268459
v -67.879799 37.593895 53.127380
v -64.913292 37.717468 53.106693
v -64.636505 38.880043 52.453606
v -63.504478 38.355560 48.746944
v -67.625214 37.267330 53.546448
v -65.863937 36.788578 54.466034
v -66.652740 37.688889 53.403671
v -62.663334 38.311192 49.786098
v -64.056648 38.693436 49.950768
v -63.355766 38.835835 51.213966
v -66.054581 38.725063 50.564758
v -65.607101 38.409840 52.852234
v -63.484043 38.058132 47.434673
v -62.764183 37.116940 51.952328
v -64.292511 39.035980 51.673588
v -66.001556 38.745075 51.666180
v -65.615364 38.392128 53.013588
v -63.299232 38.703449 49.801872
v -63.031357 38.552006 48.996784
v -64.944504 38.363594 52.524540
v -63.213600 38.487522 49.581173
v -63.744823 38.552689 49.598873
v -63.870178 38.945370 49.893990
v -65.236702 38.946579 49.834480
v -65.114357 39.001568 49.261688
v -66.533157 37.615662 51.560181
v -67.170044 37.748726 53.865879
v -67.070129 37.255913 54.861839
v -67.964798 36.612309 53.834446
v -62.828762 38.949062 48.676575
v -62.304745 38.480656 47.551922
v -62.070389 38.122292 48.872536
v -64.960823 38.913860 50.221031
v -63.091095 38.400227 50.878609
v -66.429771 37.438271 52.540451
v -66.692581 37.581818 52.507084
v -66.583908 37.364906 52.373085
v -64.024925 38.298847 51.262997
v -64.112289 38.209862 50.789600
v -63.778740 38.328003 50.996243
v -64.067360 38.270245 51.946537
v -63.989174 37.956841 51.847439
v -63.900700 38.178295 51.934456
v -64.082916 38.547619 51.418388
v -64.240883 38.567886 51.841911
v -63.306389 37.048172 52.634598
v -63.740711 38.294884 52.113327
v -64.334572 37.916161 52.072754
v -64.372559 38.598835 51.346794
v -64.387703 38.532722 51.377216
v -66.955078 36.687305 54.037777
v -66.746025 36.612942 54.157436
v -66.797989 36.544884 53.982841
v -64.858543 38.800560 50.985523
v -64.792435 38.789627 50.991127
v -68.823845 36.031502 42.410732
v -68.821007 36.078724 42.426922
v -64.731934 37.107826 45.694500
v -65.432266 36.607780 46.260448
v -65.571640 37.120541 44.275410
v -65.375481 37.351379 45.200825
v -64.922096 36.993248 43.869995
v -65.060356 37.006195 43.673733
v -70.007988 35.349968 42.714390
v -67.125748 37.267185 44.228497
v -68.087601 37.186043 44.743511
v -68.661552 36.807541 44.328911
v -67.878281 36.163956 42.433102
v -70.264061 35.039055 42.053738
v -66.958466 37.181824 44.756332
v -62.484730 36.617092 46.257160
v -66.678261 37.431118 42.527637
v -68.463699 36.288818 42.108055
v -68.010887 36.401501 44.774769
v -67.382637 37.461514 44.928272
v -63.881096 36.983295 45.404537
v -68.803589 35.991062 42.398514
v -69.373390 35.554546 44.118183
v -68.532768 36.375427 43.252792
v -64.693184 36.942841 46.313622
v -65.045319 37.291363 45.083817
v -65.890297 37.320198 43.375599
v -67.883446 37.032787 44.113117
v -62.697117 36.712105 45.230854
v -66.657463 35.853939 46.539921
v -66.630295 37.603695 45.123692
v -66.873787 37.338448 43.584538
v -68.029854 37.016636 44.129303
v -64.800392 37.300480 45.743637
v -64.036690 37.162415 45.866894
v -67.491554 36.990616 44.661476
v -64.589302 37.103615 45.788422
v -64.682983 37.163033 45.312931
v -64.966934 37.521072 45.243309
v -65.113380 37.522175 44.004791
v -64.467239 37.242630 44.202274
v -66.856194 36.308670 43.090603
v -69.024429 36.429996 42.854893
v -69.535324 36.131340 43.233627
v -69.112480 35.393833 42.135056
v -63.718876 37.524441 46.002354
v -62.630028 37.097355 46.309341
v -63.784237 36.770599 46.713547
v -65.420876 37.492344 44.309647
v -65.739006 37.024017 46.088554
v -67.664017 36.054188 43.081772
v -67.809929 36.194469 43.169224
v -67.588776 36.256618 43.301617
v -66.221619 36.931587 45.304401
v -65.808365 36.850449 45.156502
v -65.945534 36.958172 45.486927
v -66.865776 36.905094 45.347542
v -66.735962 36.682934 45.409351
v -66.716766 36.866859 45.430912
v -66.932945 37.143059 45.424561
v -66.427139 37.168442 45.166023
v -66.801125 36.665134 45.097775
v -67.084190 36.836815 45.532471
v -66.890144 36.931114 45.710159
v -67.283630 35.764442 46.119396
v -66.347878 37.205128 45.003826
v -66.377525 37.144825 44.994637
v -69.154495 35.462791 43.078194
v -69.224770 35.394405 43.279167
v -69.068092 35.337906 43.194508
v -66.094002 37.389011 44.513527
v -66.089287 37.379070 44.573902
v -57.154392 37.226505 46.049770
v -57.177036 36.875526 43.418171
v -57.136036 37.536804 43.792561
v -58.265354 37.027229 46.206043
v -58.275654 37.057522 45.790657
v -59.078930 36.724049 42.321213
v -57.007015 37.764904 45.416096
v -57.540020 36.943871 42.092293
v -55.072338 36.669495 44.040607
v -56.274239 36.646660 43.488277
v -55.544514 36.919441 42.627487
v -58.180092 36.833328 45.865971
v -59.062668 37.472527 44.500835
v -55.830654 37.276211 46.567608
v -58.286018 37.002678 43.305214
v -55.019440 35.980061 42.754196
v -56.346844 36.949936 45.161983
v -54.706379 35.826191 44.994183
v -58.354107 37.008194 45.730999
v -58.354568 37.001728 45.938213
v -63.345425 36.032280 51.036705
v -60.994106 35.681305 52.218697
v -61.345882 36.342583 52.084141
v -62.976936 35.833015 49.977001
v -62.602741 35.863300 50.157635
v -59.149574 35.530334 51.027733
v -62.849056 36.570683 51.457272
v -59.648838 35.749649 52.501469
v -62.509243 35.475273 53.806622
v -61.468891 35.452438 52.989758
v -61.036484 35.725224 54.032108
v -62.713383 35.639111 50.208233
v -61.095840 36.278305 50.046730
v -64.410774 36.081993 51.977699
v -60.387035 35.808456 51.283779
v -61.389069 34.785839 54.441326
v -62.924580 35.755718 52.160618
v -63.524689 34.631973 53.696568
v -62.513821 35.813976 50.115082
v -62.697929 35.807510 50.020004
v -66.525497 36.351715 49.092491
v -66.690918 36.562893 48.824883
v -67.018799 36.588593 48.809734
v -62.373203 36.215202 47.194225
v -65.527412 36.874466 47.658928
v -64.423805 36.868038 48.310074
v -64.641418 36.982449 49.639290
v -65.001732 36.359505 48.549202
v -65.893585 36.215061 48.675301
v -68.062782 35.260406 49.593723
v -68.080765 36.329762 49.537609
v -68.001389 35.875736 49.423424
v -67.633797 35.751583 50.980759
v -70.519913 35.295368 49.242161
v -67.960373 36.381233 47.479656
v -64.619125 37.381645 48.538460
v -66.794632 36.973114 49.097668
v -68.498329 35.720486 47.449131
v -61.967140 36.830399 47.324856
v -67.085320 36.812057 48.237537
v -63.279091 37.557331 45.857761
v -65.978523 35.764870 46.408669
v -69.515991 35.233765 48.036037
v -63.858456 35.686039 49.035225
v -67.926003 35.900822 48.746758
v -66.918404 36.302052 46.824276
v -65.550865 36.996716 49.637379
v -64.886803 36.102005 50.054794
v -63.946720 36.696178 47.561768
v -63.998013 36.875118 47.506233
v -63.463531 36.249493 47.512367
v -62.944473 36.652485 48.771133
v -64.531525 36.251499 46.480408
v -63.570538 37.144676 47.168266
v -65.872169 36.473740 47.769344
v -69.531425 35.535069 50.161343
v -66.438805 36.719257 49.515438
v -63.602867 36.380127 48.592209
v -63.525703 36.005901 49.775127
v -64.326469 37.372723 47.817848
v -64.508667 37.623447 48.139507
v -62.731968 36.114677 48.112030
v -63.055931 36.472797 44.956543
v -66.204170 35.703457 49.693470
v -66.433868 36.333897 49.804329
v -65.972290 35.865414 50.149288
v -63.074722 35.854198 49.125183
v -62.870327 35.816460 49.526028
v -62.681179 35.588692 49.179798
v -62.826202 36.890812 39.269115
v -62.401833 36.589046 39.671032
v -63.447311 37.685501 41.371967
v -62.191792 37.208385 40.837711
v -61.928410 37.340153 40.456337
v -61.999817 37.630638 45.527458
v -61.981014 36.904831 45.553940
v -63.332081 37.345219 44.886860
v -63.465969 37.139526 42.693256
v -62.208843 37.041508 42.729057
v -62.481319 37.058670 41.196732
v -59.990910 37.291607 40.250648
v -62.266998 36.216671 38.762871
v -61.309444 35.489006 36.868668
v -60.914326 36.873848 40.160683
v -62.303234 38.419369 43.198353
v -62.419132 37.638866 40.607666
v -62.056072 37.236561 40.876369
v -60.498356 38.351444 45.410984
v -60.287212 36.569218 43.423229
v -60.017845 36.344334 42.373119
v -62.545967 36.949539 40.981133
v -63.786999 36.418037 39.475464
v -62.045071 37.568962 43.456120
v -62.576305 37.859051 43.370041
v -62.430065 37.814327 46.261658
v -63.368984 36.397041 43.730759
v -62.116016 36.089741 39.316780
v -60.069679 36.968998 41.290043
v -61.765121 37.705914 42.489296
v -63.938583 38.008732 42.536880
v -64.071289 36.797909 42.303417
v -62.019142 37.561172 44.113873
v -61.686966 37.967224 44.293602
v -60.404114 37.153095 43.907272
v -61.184074 37.273403 42.017033
v -60.230873 36.273655 39.443573
v -60.411789 35.562077 38.315067
v -62.372349 36.832401 38.844311
v -62.716667 35.251740 37.248585
v -63.000774 37.162941 44.119743
v -64.248184 36.745785 43.811821
v -61.621094 37.838287 43.696491
v -63.351368 36.342358 45.774254
v -59.429615 37.297649 45.918667
v -63.010395 36.569057 40.872639
v -63.781914 36.345264 41.145256
v -63.373672 36.920204 41.008045
v -64.239372 36.408199 44.547295
v -63.784084 36.720665 44.529366
v -63.919289 36.320961 44.891762
v -65.442146 47.807095 44.219524
v -64.649940 48.521175 43.218983
v -65.777306 48.025253 42.745930
v -63.158787 47.362755 43.749001
v -66.222610 47.531361 45.148407
v -65.071846 48.019073 43.292023
v -66.614243 48.225067 43.836288
v -64.687080 48.001156 40.315369
v -66.582405 48.440052 41.408550
v -63.113323 47.169868 43.509411
v -63.104374 47.575176 43.994709
v -62.720428 48.279202 41.469212
v -62.571518 47.751125 42.833504
v -63.760468 48.032070 42.110023
v -66.106697 48.953751 42.569553
v -65.911530 48.885330 41.203621
v -64.768311 48.076324 41.608067
v -61.521400 47.079079 45.460274
v -60.489483 48.487946 42.067371
v -59.264370 46.902000 44.512482
v -58.258057 48.322773 43.218006
v -58.665443 47.891747 42.123451
v -58.876465 48.829975 40.369476
v -61.568863 48.112087 41.858486
v -62.536400 47.102928 44.249573
v -62.314491 47.515102 45.709137
v -60.215538 48.202866 41.208580
v -59.014507 48.020454 43.006882
v -59.969147 48.562988 40.059166
v -62.638283 46.433537 45.067127
v -62.501736 47.482056 43.721088
v -61.745285 47.318214 44.229927
v -60.566406 46.991840 46.069328
v -60.249443 47.916584 42.419815
v -60.290035 47.564114 44.620880
v -60.134998 47.042843 44.385498
v -61.814346 47.981628 44.503696
v -61.191250 47.514824 44.175495
v -59.404083 47.908772 44.109337
v -59.159496 47.341969 43.786861
v -58.253620 48.255619 41.133453
v -61.040546 47.054176 44.401566
v -62.696766 47.427925 41.920982
v -60.232834 46.596115 45.381927
v -61.781754 46.733482 45.497963
v -60.897575 48.592739 49.732513
v -61.088799 48.568378 49.738503
v -62.080948 48.554272 47.740322
v -63.326271 48.084930 47.588608
v -63.663837 49.923393 50.801624
v -64.404770 48.382191 48.249271
v -65.594193 49.762882 49.309502
v -65.397301 49.344017 50.427265
v -65.504082 50.255783 52.140743
v -62.668968 49.558144 51.191074
v -61.323750 48.577446 49.075947
v -61.279175 48.977989 47.641941
v -64.076691 49.646358 51.574238
v -64.908348 49.469093 49.644306
v -64.514328 49.996323 52.629475
v -61.082611 47.926929 48.312477
v -61.449829 48.945881 49.574947
v -62.083324 48.786671 48.955608
v -62.886574 48.469494 46.990280
v -63.831295 49.368153 50.422562
v -63.405430 49.025627 48.326035
v -63.594986 48.519043 48.523716
v -61.969170 49.431370 48.706097
v -62.622425 48.977722 48.910187
v -64.342148 49.360565 48.659149
v -64.632614 48.809746 48.924339
v -65.965012 49.697620 51.301029
v -62.726700 48.530067 48.667629
v -61.579983 48.893276 51.329693
v -61.825485 48.218418 47.750084
v -62.857960 46.371895 46.751221
v -66.109749 47.779633 46.591755
v -64.283340 46.199806 44.846622
v -65.740868 47.580505 44.202873
v -66.350014 47.333023 45.035904
v -68.280746 48.073399 45.457073
v -63.760254 46.395065 47.993435
v -62.436459 46.795612 47.440319
v -66.972145 47.365005 46.481400
v -68.315857 47.813942 46.560368
v -62.965443 45.744545 47.896862
v -64.266678 46.763500 48.085270
v -63.965191 46.604294 47.252209
v -62.508762 46.287113 45.707355
v -63.939465 46.843243 45.788078
v -64.197891 46.336662 45.697376
v -63.690796 47.248985 47.252792
v -64.741852 47.037800 47.047203
v -64.630508 47.178185 45.073326
v -64.992157 46.627365 44.918716
v -67.707222 47.515244 44.689846
v -64.604965 46.586090 45.664219
v -67.003860 47.467587 47.995968
v -63.969402 46.347687 46.547333
v -65.908554 46.690056 48.618065
v -66.366821 47.448997 46.477627
v -63.235435 45.902550 45.554825
v -62.761074 46.036037 46.987804
v -66.123032 48.217281 48.141342
v -65.201744 48.011433 50.626221
v -65.606186 48.392048 49.493397
v -64.814339 47.546551 47.633892
v -65.196564 47.486847 47.071392
v -67.041931 48.238651 46.959286
v -66.085052 47.520084 50.313461
v -67.447296 48.152252 49.340000
v -65.022942 47.344612 47.546745
v -64.397522 48.050781 48.012367
v -66.527336 48.587761 50.363934
v -66.702736 47.837856 48.454464
v -68.018318 48.075951 50.456367
v -68.314056 47.667534 48.651093
v -64.102486 47.612080 50.530727
v -61.372841 46.450157 47.756756
v -62.960323 46.496380 50.005714
v -62.495060 46.103168 48.306190
v -60.906879 47.857895 50.978931
v -63.078209 46.240948 49.454845
v -63.322186 47.658772 51.074165
v -62.387970 47.411289 51.512585
v -61.604996 48.151665 53.327000
v -59.980877 46.473331 48.404572
v -60.777172 46.873886 47.211147
v -60.850113 47.443275 51.846516
v -60.515388 47.892208 53.150257
v -60.227810 45.822811 47.642952
v -59.793804 46.841770 48.884045
v -60.669167 46.682552 48.747608
v -62.464249 46.365379 47.613834
v -62.111149 46.921509 49.002628
v -60.721119 47.327248 48.478180
v -60.721710 47.116070 49.549168
v -62.328209 46.283272 49.979843
v -62.763565 47.302422 50.041836
v -62.467819 47.593506 52.910938
v -59.357483 47.545853 51.587727
v -61.535912 46.398323 48.991035
v -58.956562 46.768322 50.393574
v -60.969692 47.527264 51.253105
v -62.485394 45.818985 48.601753
v -61.159180 46.114307 47.616383
v -60.297104 47.979206 47.844273
v -57.298908 49.619530 46.881741
v -59.069901 48.260460 48.306698
v -57.769871 49.420399 49.252598
v -57.125568 49.172916 48.446461
v -60.461979 48.208405 46.288818
v -55.178555 49.913300 48.108452
v -59.586147 48.234959 45.380596
v -60.503052 48.846367 46.153389
v -56.442032 49.204903 47.028957
v -59.449291 47.754658 48.375122
v -55.096176 49.653839 47.007683
v -60.231113 47.315865 45.015602
v -59.076256 48.603397 45.310577
v -59.413189 48.444183 46.129944
v -59.501648 48.683144 47.591629
v -59.687298 49.088875 46.117592
v -58.646015 48.877697 46.368069
v -58.841892 49.018082 48.335339
v -58.384293 48.816730 48.800175
v -55.784451 49.355141 48.850372
v -58.842079 48.425987 47.743885
v -56.345409 49.307484 45.517147
v -59.439190 48.187588 46.834343
v -57.413036 48.529953 44.848660
v -57.046963 49.288895 47.006779
v -60.263916 47.753483 47.095421
v -61.544666 47.692783 46.379219
v -60.051453 47.902103 46.292099
v -59.046902 49.510586 50.556808
v -60.919727 48.646057 49.740131
v -61.632118 48.924648 50.565224
v -57.740364 48.708553 48.952675
v -61.299690 49.473026 51.360222
v -57.868259 49.079086 50.273289
v -58.298027 48.581455 51.122833
v -59.322666 49.200188 52.453457
v -61.016796 48.442451 49.942818
v -60.952194 48.824429 49.559917
v -60.528069 49.173054 51.384945
v -58.255955 49.641197 51.585640
v -59.812679 48.923706 51.593410
v -58.232941 49.099640 53.070629
v -60.053757 48.707386 53.279709
v -58.651047 48.982590 49.735065
v -60.000824 49.119774 42.262608
v -58.776005 49.887566 42.881233
v -58.520920 49.354343 41.591663
v -59.012653 48.642002 44.566277
v -61.147640 48.823303 41.640896
v -58.943954 49.347698 42.452579
v -59.850002 49.569183 40.945297
v -55.725487 49.328434 42.215714
v -57.285870 49.800346 40.455101
v -58.750439 48.434616 44.562469
v -59.259663 48.870419 44.676640
v -56.516624 49.627396 44.536209
v -57.921585 49.059593 44.987385
v -57.415985 49.361675 43.578926
v -58.406193 50.352684 41.206650
v -56.925285 50.279110 41.117558
v -57.104671 49.409256 42.409023
v -59.027790 48.583290 44.542896
v -58.940063 48.545177 44.733654
v -63.182903 47.308140 43.758480
v -62.992733 47.272678 43.714146
v -56.276138 47.048862 45.712822
v -56.011261 47.774155 47.340950
v -54.677475 47.097580 46.703640
v -57.883476 46.435417 48.077656
v -56.442326 46.849174 44.201920
v -55.763805 47.170807 46.855270
v -54.885647 47.503529 45.054062
v -53.499557 46.708122 49.742722
v -52.771278 47.407066 47.184948
v -57.733940 46.163986 48.302853
v -58.122490 46.731628 47.936996
v -56.175114 47.218891 50.511932
v -57.550304 46.774899 49.418842
v -55.862743 47.011566 49.022636
v -54.141144 48.207302 46.661560
v -53.124531 47.921349 47.996658
v -54.549892 46.991482 48.571262
v -57.876652 46.370010 48.042606
v -58.005836 46.320057 48.244144
v -63.831009 46.446667 43.579174
v -62.501785 47.302055 42.724224
v -62.755421 46.802933 42.183239
v -61.415852 46.261024 44.045090
v -63.113369 46.876289 42.797421
v -61.208004 46.893452 41.477501
v -62.705116 47.142235 40.907349
v -61.277157 46.103245 43.901718
v -61.489002 46.434776 44.237499
v -60.507256 46.897907 43.181927
v -61.091015 46.808510 42.654381
v -62.154446 47.506462 41.068581
v -61.436596 46.216351 44.040718
v -61.286667 46.187359 44.095798
v -64.806221 47.493496 47.655891
v -64.820641 47.468178 47.465256
v -57.540291 47.158009 47.284199
v -57.825684 47.851944 48.491108
v -56.638531 47.370014 48.443344
v -59.356506 46.726200 48.638496
v -57.235733 46.890053 46.145195
v -57.036839 47.457157 47.698605
v -56.597466 47.346596 51.031754
v -55.379192 47.773113 49.289093
v -59.297878 46.538773 48.868141
v -59.505589 46.932632 48.444645
v -58.803707 47.616802 50.825817
v -59.496513 47.103619 49.686192
v -58.152046 47.376640 49.833511
v -56.275959 48.272320 48.462978
v -55.885357 48.205830 49.745716
v -57.058216 47.419647 49.860405
v -59.339161 46.673126 48.620258
v -59.488277 46.638687 48.737595
v -61.497181 53.917412 50.182552
v -61.755981 53.235508 49.943588
v -61.905621 53.169250 50.435650
v -59.105461 54.905647 48.363617
v -59.085045 55.351185 48.429295
v -59.471111 54.808220 48.779396
v -58.541889 53.147816 46.819839
v -58.866993 53.642876 46.519688
v -58.972996 53.507240 46.959785
v -63.445766 55.228420 49.599251
v -63.405941 55.339890 49.151855
v -63.885723 54.719471 49.225578
v -64.554558 54.483791 44.779285
v -64.575462 54.973312 44.706665
v -64.143295 54.376755 44.331024
v -63.077610 52.705208 43.087536
v -63.106022 52.514061 43.499481
v -63.661644 53.086037 43.519814
v -64.552963 52.655918 48.231564
v -64.622993 53.118580 48.217468
v -64.749825 52.554752 47.691353
v -59.262600 52.030014 44.314087
v -59.187206 52.519535 44.308903
v -58.910770 51.922974 44.810371
v -54.889061 35.339333 44.909397
v -55.063850 35.495697 46.598354
v -53.892090 35.084553 45.635502
v -53.715969 35.588169 45.741291
v -54.110092 34.691589 45.339336
v -53.229355 33.815079 43.791283
v -51.763512 34.952881 45.398884
v -51.154320 35.143784 45.615562
v -49.608334 33.994431 45.407913
v -48.946697 34.389786 45.911282
v -54.451111 35.158485 45.914032
v -54.323074 34.952980 45.250713
v -54.657368 35.366699 47.525444
v -53.858364 33.916561 47.728497
v -53.357239 35.211208 45.496300
v -53.127724 34.850449 45.698662
v -52.537491 34.322380 47.600246
v -52.876503 35.024498 44.791702
v -53.552135 34.642342 46.803383
v -52.774002 35.031624 47.028091
v -51.181293 34.707726 47.005989
v -50.290840 34.644154 45.378109
v -49.555866 34.111309 46.513325
v -51.431339 34.103260 47.834167
v -51.463989 34.035217 44.625160
v -55.263477 35.196072 45.690701
v -55.300819 34.956177 47.906418
v -53.874958 35.039337 44.445389
v -50.393593 33.609657 47.000153
v -52.873684 34.146828 46.625645
v -52.911671 34.341217 46.802105
v -52.769741 34.313560 46.634090
v -51.136978 33.818600 45.812393
v -51.046860 33.952427 45.729698
v -50.978157 33.800358 45.737736
v -54.474319 32.655743 48.228992
v -54.880558 33.401585 47.784908
v -55.107643 33.250988 48.051876
v -59.687225 33.848759 38.873020
v -59.796856 33.810516 39.734013
v -60.149807 34.002449 38.414097
v -60.419552 33.353531 38.960693
v -61.360153 32.482765 38.126968
v -59.366829 33.692200 38.430573
v -57.773991 32.943611 38.470184
v -58.808319 32.958450 37.064228
v -58.767773 31.762754 35.154358
v -57.945717 32.090393 34.765919
v -60.430805 33.660896 39.362335
v -58.202579 32.431240 39.622303
v -60.262890 33.651485 39.799091
v -58.464462 33.376755 39.394329
v -57.496681 31.664457 36.565929
v -58.935905 32.949364 36.159790
v -57.656322 31.912481 35.553577
v -57.538441 32.573017 37.450092
v -59.038105 34.135529 40.287003
v -57.502773 33.144794 37.407623
v -59.548370 33.205952 37.892269
v -60.194431 33.539021 37.399361
v -60.263439 32.145954 36.647480
v -60.948933 33.938530 39.786934
v -58.396549 33.717243 41.480167
v -59.435120 34.392708 40.927654
v -58.309261 34.243893 40.589294
v -61.052288 33.681614 38.663586
v -58.517399 32.838947 38.685600
v -58.634533 32.799065 38.503120
v -58.685234 32.648571 38.624729
v -58.930431 32.114899 36.702717
v -58.861610 31.967068 36.659351
v -58.900955 31.970148 36.823311
v -58.188789 31.768009 40.755993
v -57.753403 31.438541 41.005634
v -58.256184 32.298630 41.141777
v -69.612709 33.981083 47.366489
v -68.760040 33.942837 47.204456
v -69.906059 34.134769 47.948330
v -69.591187 33.007648 48.588913
v -70.132561 33.824520 47.198650
v -70.587555 33.075932 45.671661
v -71.604660 33.090771 47.090134
v -73.433411 31.895088 47.642292
v -74.057083 32.222706 46.980675
v -69.266617 33.830338 48.448875
v -69.359367 32.563564 45.722897
v -68.554008 33.783802 47.627502
v -69.495155 33.509079 46.042450
v -70.329788 33.422764 47.534988
v -72.484207 31.796776 45.996925
v -72.425293 33.081688 47.491203
v -73.397545 32.044804 46.461861
v -71.630478 32.705334 45.763176
v -68.468842 34.267845 46.311867
v -71.681900 33.277111 45.742397
v -70.856720 33.667778 48.308334
v -71.550911 32.278278 48.602798
v -68.353371 34.070854 48.283661
v -67.532608 33.849564 45.332726
v -67.736801 34.525028 46.491249
v -68.406792 34.376221 45.525261
v -70.149628 32.972458 46.323597
v -70.173538 32.777000 46.446720
v -70.274414 32.933769 46.504684
v -71.873726 32.054771 47.179199
v -71.830284 32.252480 47.265148
v -71.973457 32.121841 47.359962
v -68.285530 31.900335 45.359142
v -68.182793 31.570864 44.867882
v -67.897820 32.430946 45.303902
v -62.154560 32.556515 42.328262
v -62.598881 32.608852 41.224739
v -64.554405 31.469662 35.797050
v -64.603592 31.274845 35.917538
v -62.125290 32.622768 42.306664
v -62.531788 32.717945 41.032421
v -62.214363 32.084064 40.157207
v -63.470856 31.996437 37.853901
v -64.659286 32.651691 39.195660
v -64.260643 30.304873 34.745548
v -62.175468 32.598835 40.876781
v -63.624050 32.357529 38.722980
v -62.967949 32.613564 42.860073
v -63.438164 31.757317 42.791302
v -63.482033 31.968864 42.465549
v -63.723640 32.029911 42.630836
v -62.472050 32.393326 42.078907
v -64.940048 32.034126 40.143288
v -64.384415 32.455173 38.653027
v -64.790367 32.486565 38.169395
v -63.358170 31.440342 36.511795
v -64.477852 31.941473 36.707771
v -63.158535 32.442032 41.346691
v -63.020531 32.704781 41.431446
v -62.948490 32.004574 37.362701
v -61.057659 31.542955 42.965054
v -64.570930 31.318119 35.909176
v -62.714100 32.980457 41.661865
v -63.976864 32.552418 39.609474
v -61.862762 32.409000 42.771717
v -62.884022 32.453140 41.998154
v -63.823162 32.870949 44.254875
v -61.779919 32.498943 39.523563
v -63.489971 32.494865 43.528656
v -64.186798 32.320839 42.851040
v -64.578186 31.239271 35.922508
v -63.712196 30.488344 35.523903
v -63.641853 32.086510 42.242256
v -62.968365 32.985786 40.618679
v -62.869572 32.570793 40.210991
v -63.603695 31.729548 36.335159
v -65.441521 32.040115 37.415535
v -65.216614 30.953255 35.439541
v -64.889999 30.631433 34.654705
v -63.971523 32.422058 38.092388
v -63.795170 32.800282 38.551689
v -64.321617 32.321529 39.665348
v -63.919399 32.858227 40.521149
v -63.835934 32.613815 41.472523
v -62.568558 32.871502 39.058704
v -65.671478 30.824940 36.798756
v -62.546116 31.168291 38.265938
v -64.967659 32.150715 41.737255
v -65.409698 30.920008 40.972893
v -64.167343 31.886198 42.225330
v -61.310410 32.381191 40.421093
v -63.327938 33.109421 43.234749
v -62.496113 32.462952 44.597950
v -62.009148 31.717321 45.778912
v -61.560658 32.306625 44.143387
v -61.900700 32.773853 42.573387
v -61.877899 32.421818 41.193748
v -61.015354 31.685713 41.894325
v -62.411098 32.330132 43.017590
v -64.770935 32.571541 38.687008
v -65.260933 31.802572 38.468830
v -64.304985 31.383932 37.540527
v -64.148476 31.269287 37.429306
v -64.336151 31.208578 37.362740
v -63.342644 31.220539 37.527561
v -63.587547 31.502502 37.623302
v -63.472885 31.124119 37.685917
v -65.391853 31.712608 39.021328
v -65.750473 31.488762 39.361721
v -65.406143 31.506670 39.540916
v -63.761745 30.605116 35.580185
v -63.747746 30.615944 35.594017
v -65.197243 31.414467 37.668053
v -65.322815 31.146976 37.586555
v -65.070610 31.262941 37.480618
v -58.272598 31.407286 44.883259
v -57.502937 31.452284 44.209656
v -53.652260 30.472862 41.083050
v -53.763988 30.305347 41.077297
v -58.246758 31.464245 44.900890
v -57.327824 31.546080 44.209549
v -56.527435 31.001083 44.218960
v -55.014359 30.925756 42.545868
v -56.440449 31.489117 41.961842
v -52.715492 29.471401 41.023235
v -57.100441 31.443674 44.454613
v -55.763168 31.236197 42.668022
v -59.016853 31.650663 44.280613
v -59.012474 30.720158 43.972759
v -58.760517 30.902044 43.844769
v -58.963196 30.954531 43.695557
v -57.289200 30.958149 42.002735
v -55.922062 31.320156 42.031040
v -55.644665 31.347145 41.564373
v -53.893085 30.447641 42.256672
v -54.369709 30.878490 41.403477
v -57.760658 31.308857 43.789997
v -57.790306 31.534760 43.926044
v -54.467514 30.932749 42.830521
v -53.747952 30.342569 41.101448
v -57.890400 31.771778 44.240108
v -56.582764 31.403763 42.633091
v -58.549751 31.280455 45.245861
v -58.211548 31.318409 44.197571
v -60.309563 31.677628 44.075394
v -55.889923 31.357784 44.391853
v -59.625633 31.354279 44.139851
v -58.478336 30.535864 45.954155
v -59.273293 31.204657 43.382088
v -53.760830 30.274780 41.099335
v -53.191677 29.629137 41.689148
v -58.624630 31.003183 43.651707
v -57.115841 31.776358 43.737865
v -56.756920 31.419563 43.702423
v -53.819340 30.696280 42.007290
v -55.217480 30.963303 40.822063
v -53.549900 30.028868 40.444180
v -52.820251 29.752163 40.486668
v -55.349922 31.291689 42.207157
v -55.672688 31.616869 42.480556
v -56.725887 31.205257 42.369122
v -57.306412 31.666687 42.938301
v -58.054916 31.456549 43.275883
v -55.736301 31.678095 43.619919
v -54.782097 29.918537 40.460499
v -55.086494 30.213732 43.413292
v -58.585171 31.000612 42.900242
v -58.095749 30.000265 41.856838
v -56.485233 31.256546 45.027481
v -59.927868 31.220030 45.713791
v -61.032028 30.685772 45.979969
v -58.399544 31.594147 45.158825
v -57.591003 31.245623 44.690601
v -57.597275 30.658588 45.684818
v -58.904827 31.212648 44.870552
v -56.059105 31.420111 41.726608
v -56.021160 30.759073 41.267380
v -54.989895 30.277422 41.870251
v -54.945663 30.417540 41.747509
v -54.810085 30.285555 41.771519
v -54.693314 30.248356 42.520359
v -54.877529 30.216211 42.415668
v -54.900066 30.524868 42.479450
v -56.694626 30.776302 41.300007
v -56.825172 30.430899 41.480495
v -56.778706 30.436167 41.119087
v -53.251453 29.729580 41.664833
v -53.258663 29.738844 41.680180
v -55.129791 30.383339 41.002609
v -55.367352 30.388758 41.162327
v -55.350292 30.174927 41.034599
v -57.153294 32.374836 48.491135
v -55.932236 32.169384 48.779778
v -50.408775 29.773106 50.561234
v -50.532787 29.577208 50.467308
v -57.135075 32.447128 48.522007
v -55.778152 32.271130 48.943394
v -55.366524 31.571129 49.830391
v -52.676521 30.860853 50.171223
v -52.935143 31.070175 48.350399
v -49.964302 28.495319 51.598202
v -55.880230 32.211494 49.361191
v -53.246181 31.317745 49.461872
v -57.126060 32.313904 47.453865
v -57.008549 31.309132 47.189499
v -56.649628 31.471550 47.327290
v -56.636833 31.499950 47.009541
v -56.795391 32.096161 48.389053
v -55.886513 32.383087 50.409958
v -53.413467 31.555105 48.763023
v -52.721130 31.227583 48.835968
v -52.061539 31.095942 48.778809
v -51.724648 30.127325 51.159355
v -51.119709 30.404747 50.012020
v -55.754868 31.880955 48.240231
v -55.842117 32.196648 48.276760
v -52.553879 30.925329 50.924221
v -50.533695 29.628500 50.495644
v -56.149158 32.586063 48.367817
v -54.167198 31.456982 48.294262
v -57.741177 32.353901 48.487843
v -56.472271 32.048477 48.075497
v -58.416134 32.949234 46.140476
v -57.459415 32.341255 45.752422
v -54.968563 32.014370 50.547531
v -57.429352 32.160152 46.604919
v -58.590546 31.679333 49.166195
v -56.485531 31.720339 46.439560
v -54.181152 30.434776 51.002296
v -50.560688 29.547277 50.490356
v -50.906597 28.923540 51.572166
v -56.335300 31.523735 47.312740
v -55.101921 32.385803 48.789162
v -54.911682 31.924557 49.173882
v -51.357960 30.342545 51.021954
v -51.146610 30.375404 48.731659
v -49.846382 29.032949 50.268810
v -49.439903 28.669577 51.071728
v -52.485588 31.213774 49.541843
v -52.888836 31.709827 49.367599
v -53.699966 31.241417 48.153748
v -54.382595 32.231869 48.062843
v -54.160870 31.040972 47.522919
v -55.427986 31.914270 47.556957
v -54.018211 32.146069 50.108063
v -50.785900 28.981380 49.054138
v -53.432060 29.950336 50.768238
v -55.116348 31.203827 46.469448
v -54.509548 29.722708 46.701126
v -56.066456 31.189569 46.892105
v -56.150028 31.859747 50.490528
v -57.116364 32.791744 46.854149
v -58.934090 32.512821 46.810192
v -60.419865 32.024097 46.591705
v -59.123371 32.511181 47.917080
v -57.457150 32.693600 48.534481
v -56.369873 32.143921 49.444153
v -57.657372 31.687220 49.845608
v -57.655136 32.176140 47.871582
v -52.497425 31.260244 48.467197
v -52.217953 30.320002 48.267483
v -52.194389 29.868738 49.801865
v -51.991253 29.997160 49.744987
v -51.974052 29.833801 49.914383
v -52.582611 30.336958 50.361496
v -52.616474 29.952019 50.556805
v -52.730225 30.140488 50.232307
v -52.731831 30.392298 47.609982
v -53.101658 30.042717 47.654003
v -52.716709 29.932409 47.442375
v -50.897209 29.039999 51.481091
v -50.914505 29.056446 51.483387
v -51.431072 29.740761 48.954887
v -51.740383 29.643324 48.787174
v -51.711655 29.648624 49.065472
v -67.802963 32.411137 40.602291
v -65.146889 33.952618 44.675278
v -64.226379 33.293037 43.560047
v -64.883789 32.783844 43.104809
v -66.843651 33.000557 43.530647
v -67.535721 32.754353 43.361721
v -67.119133 32.664543 41.518471
v -67.989403 33.103970 41.393208
v -63.184063 32.327682 44.897652
v -64.274406 33.931030 45.521954
v -66.514885 33.163410 43.941719
v -66.577263 33.522892 44.156906
v -67.290916 32.422134 43.286232
v -67.195389 32.740772 41.925419
v -63.009727 33.525955 46.147438
v -64.028191 33.339344 43.907627
v -64.338387 32.860386 43.250290
v -66.590706 33.082207 45.274467
v -66.389725 33.444199 42.228260
v -68.028008 31.909098 44.098328
v -68.561119 31.798731 40.171726
v -68.411903 29.866972 40.382423
v -70.957718 31.723146 41.476212
v -69.817825 30.833838 39.368458
v -72.131195 29.344662 38.538353
v -72.565086 28.530039 39.179790
v -69.822128 32.051697 42.108845
v -71.761406 29.548552 39.164177
v -72.905396 28.920233 38.975826
v -73.055725 28.848829 38.311478
v -64.125893 33.442894 46.141922
v -67.695007 32.468781 41.782982
v -62.767235 32.202999 44.296280
v -66.769432 32.582455 43.491726
v -67.428024 32.527065 43.687382
v -63.588634 33.408997 43.885387
v -64.116776 33.585434 43.160812
v -65.561172 34.003307 45.463799
v -66.276482 33.196228 42.997204
v -70.264450 29.864840 38.808567
v -72.010178 30.047424 39.452282
v -71.884590 28.039787 38.436691
v -68.894249 31.813406 40.200260
v -68.513336 32.010460 39.984268
v -69.819244 31.779236 40.910831
v -70.970383 31.957144 40.678997
v -72.019241 30.483261 40.370533
v -67.316666 31.659279 41.850739
v -67.542175 33.033848 42.648853
v -68.258652 31.348831 43.955761
v -66.030937 31.876503 41.597034
v -66.749565 32.570930 44.140274
v -67.202965 32.708363 44.748463
v -64.574173 31.380199 42.198780
v -64.898582 33.679405 43.669552
v -63.237419 33.398994 45.124809
v -65.323936 33.480309 44.565052
v -62.671982 33.594097 45.597481
v -66.841545 33.139843 42.410267
v -66.228325 32.519733 40.427742
v -66.992455 32.260883 41.415508
v -65.519318 30.230169 40.849857
v -70.273445 28.268549 39.047558
v -68.905342 32.917622 42.822365
v -71.409592 30.927311 41.091022
v -69.917587 30.694500 40.374371
v -69.773293 30.615143 40.242188
v -69.844307 30.753695 40.176464
v -70.815788 31.196596 42.593494
v -70.425240 31.352039 41.666737
v -70.290741 31.611935 42.164215
v -70.600449 29.526476 43.312302
v -59.670235 35.261879 44.816872
v -55.583324 35.106380 43.139713
v -54.163925 35.583134 43.017429
v -60.003059 35.045883 44.577415
v -58.239223 34.568707 45.587830
v -57.428307 35.450497 43.477528
v -57.286312 35.466034 42.838776
v -55.710148 35.476288 43.734715
v -59.709709 35.200176 44.848217
v -59.646381 35.729843 44.113289
v -57.935612 34.990791 44.868061
v -57.201298 35.011421 42.749424
v -60.501335 34.801060 44.898632
v -59.038116 34.997211 44.957691
v -58.376842 34.857792 45.592678
v -59.058372 35.405319 43.339268
v -57.526150 35.056728 43.181614
v -57.207615 34.829781 41.729153
v -56.580414 36.141090 43.258259
v -56.293613 35.690414 43.278229
v -55.232246 35.116947 44.282192
v -56.335655 36.236794 41.984623
v -51.977119 34.631641 41.453835
v -50.951420 35.234158 39.727306
v -51.155281 34.984592 38.833508
v -53.733578 34.397186 42.158123
v -55.320789 36.030201 41.179966
v -55.330997 36.228813 43.208145
v -51.022270 35.431030 38.836567
v -50.455936 35.328094 39.107590
v -53.286095 36.173225 41.686478
v -57.359287 35.301357 43.200142
v -57.367447 35.332729 42.738163
v -59.931789 34.510357 45.948315
v -58.710644 34.591717 45.860260
v -57.962280 34.816086 45.959053
v -57.642448 34.357925 44.942268
v -57.139439 35.511112 43.865955
v -52.621819 35.276440 41.796608
v -52.431133 35.797962 40.448853
v -51.895485 35.314625 40.851170
v -53.926540 35.646603 42.653091
v -58.240585 35.915760 43.779369
v -51.396065 35.263294 39.126400
v -51.811398 35.568626 39.755718
v -53.822685 35.618191 42.952473
v -54.138550 35.861855 41.854500
v -52.634220 36.083336 39.509552
v -56.458618 34.673382 44.367523
v -58.169693 35.175625 43.003605
v -56.658688 33.269138 45.159828
v -58.572571 35.222591 45.256565
v -59.242527 33.318714 46.037853
v -60.236629 34.103085 45.952316
v -60.748650 34.495514 46.148968
v -56.148449 35.447533 44.275467
v -55.000050 32.881279 44.307419
v -54.370892 36.460991 40.625851
v -53.223633 35.776108 39.884602
v -51.512352 33.691334 40.461002
v -54.095055 35.956711 40.001129
v -53.324955 35.131474 41.309261
v -53.475967 35.191097 41.306370
v -53.373260 35.247314 41.422718
v -55.227928 35.801666 40.031334
v -54.675980 35.980099 40.669533
v -54.876629 35.772289 40.912560
v -55.384491 34.363819 39.273331
v -54.946735 29.258444 46.295517
v -54.278584 29.774506 46.905163
v -58.707134 29.172153 45.618267
v -58.461506 28.752617 46.983925
v -57.607769 28.628706 46.936890
v -56.656799 29.139565 45.448055
v -56.030846 29.150980 45.164963
v -54.835304 30.149193 46.200058
v -54.833946 28.128426 47.173203
v -59.704334 28.684929 45.572506
v -57.145596 29.070230 45.354416
v -57.355003 29.315544 45.141808
v -56.022671 28.842222 45.390560
v -55.489098 29.499790 46.346615
v -60.687504 27.855957 45.943268
v -58.788647 28.636703 46.863903
v -58.062599 28.517782 47.161106
v -57.766148 28.611637 44.410301
v -56.118580 28.994509 47.194260
v -55.490360 28.115278 44.460876
v -53.334808 29.576588 46.789497
v -52.818081 27.879696 46.891983
v -49.261150 28.866936 45.944775
v -53.638767 29.489002 44.693142
v -49.816692 28.868717 45.500118
v -48.835629 28.560385 45.215321
v -48.361649 28.736383 45.581894
v -59.938034 28.055973 45.280071
v -59.374321 27.264513 47.193840
v -56.525661 28.788801 45.552719
v -56.185162 28.838154 45.027039
v -59.084980 28.596409 47.138752
v -58.433472 29.090740 47.297783
v -58.875896 29.068951 44.829350
v -55.532303 29.961626 46.787590
v -50.762524 29.335316 45.502419
v -50.805408 28.790653 46.837452
v -50.271160 27.979998 46.561302
v -48.883190 27.759373 46.268204
v -53.141365 29.657461 46.568462
v -52.621376 29.921259 44.639755
v -55.335945 29.365248 47.839668
v -55.127773 28.948370 46.746838
v -49.399612 28.530443 45.233456
v -53.346333 29.797703 46.928581
v -53.253151 29.738813 45.639217
v -50.919983 29.803755 45.249443
v -55.755413 29.605000 45.655884
v -56.874149 28.575535 45.125118
v -56.955418 28.609365 44.427856
v -56.697006 28.204958 47.583809
v -58.235462 29.197563 46.472900
v -59.956692 28.121996 46.510201
v -58.356411 28.858360 45.624298
v -60.641327 28.001417 46.515186
v -56.253521 29.511000 46.106674
v -51.341816 29.291704 44.967766
v -49.110779 28.350811 44.853725
v -51.742699 29.314985 46.655087
v -54.929108 29.772635 44.691845
v -51.977093 29.152483 44.343277
v -52.084278 29.006708 46.044044
v -52.141678 28.855320 46.103119
v -52.224934 28.941553 45.973141
v -53.058506 28.969563 43.989525
v -52.755890 29.185387 44.686050
v -52.826588 27.214649 43.609810
v -58.529243 28.174488 52.433853
v -58.556683 28.846796 53.384293
v -60.235287 28.394377 50.023998
v -58.423611 28.675627 50.899803
v -57.932625 28.336418 50.721786
v -59.285698 28.676519 51.835911
v -58.566532 29.040806 51.688427
v -58.197868 28.516085 48.964272
v -57.804287 28.285521 49.969406
v -58.435741 28.619633 50.471951
v -58.639622 28.837057 52.081303
v -61.350731 27.000849 48.874313
v -59.756107 28.292002 47.527031
v -59.956333 28.913418 49.840546
v -57.676449 28.127369 50.729546
v -58.148766 28.374846 54.187885
v -55.529018 27.277521 54.947609
v -58.072983 29.258423 53.252926
v -60.700104 28.488131 47.998615
v -56.381630 28.383944 53.004452
v -59.655384 28.362232 48.107235
v -59.782608 28.052330 47.515671
v -60.536682 28.694231 49.637081
v -59.146946 28.687855 49.268444
v -58.428692 28.343866 50.688828
v -55.831387 27.387974 55.719326
v -58.119923 28.828566 50.767879
v -60.835690 28.888325 49.927757
v -60.963268 27.687441 47.337868
v -60.755970 27.514263 48.493759
v -60.852882 28.469051 49.207825
v -58.680542 29.045471 48.282063
v -60.872326 28.544558 49.898563
v -58.866341 28.708923 52.530411
v -58.678040 29.453770 51.237946
v -57.234196 27.222956 56.017876
v -55.963776 26.261490 56.619446
v -58.148064 27.022896 54.247612
v -60.564960 27.666180 51.358837
v -57.820385 28.620228 54.261665
v -59.868790 28.737812 52.920933
v -59.041332 28.877565 50.531570
v -55.596680 26.526756 57.289158
v -55.225754 25.628944 57.445721
v -55.862873 25.610626 57.120754
v -58.252178 28.585104 54.268688
v -57.416439 27.641981 55.286240
v -54.939655 26.381382 56.704880
v -56.870602 28.970545 51.938477
v -58.067211 29.022150 51.473301
v -56.964684 27.337246 51.055244
v -58.453552 28.592937 49.974964
v -60.428867 28.808388 49.088703
v -58.812195 29.181658 49.193916
v -61.218235 28.017496 47.923416
v -59.135670 27.747547 52.727165
v -56.982285 28.295702 54.202267
v -55.708694 28.132147 53.836014
v -55.235447 25.575396 56.755013
v -57.315891 25.477968 56.103947
v -55.465683 27.882622 54.384750
v -57.008438 27.502405 54.680447
v -57.034058 27.425859 54.779171
v -57.172909 27.408731 54.672478
v -55.402992 26.300392 52.865425
v -55.322685 27.694296 53.146622
v -56.241341 27.949577 53.385769
v -58.521557 25.543274 49.686413
v -61.047836 24.837908 47.551121
v -59.124458 25.662706 48.140686
v -58.985722 25.213642 48.704502
v -56.406788 24.910618 50.143650
v -55.750793 25.143229 50.359924
v -58.529503 25.214886 51.210968
v -60.448227 24.483679 46.745655
v -57.290745 25.411911 49.609898
v -57.151680 25.466764 49.920338
v -57.451450 25.044781 50.785271
v -59.286156 25.243589 46.462517
v -58.639297 25.229839 47.419304
v -57.382191 25.269732 49.195549
v -56.300179 24.443085 50.485432
v -54.988079 23.773737 52.412121
v -62.252716 25.069038 48.014416
v -61.027225 25.334988 46.255859
v -59.388367 24.485559 50.469646
v -59.954350 24.916563 46.780735
v -58.121365 25.809418 48.571968
v -57.549942 25.318447 48.231453
v -57.122662 25.382738 51.233597
v -57.336128 25.351379 49.471352
v -56.794163 25.827477 49.470772
v -56.778549 25.949903 48.408596
v -61.855141 26.127697 48.374535
v -60.233433 24.493616 50.084511
v -56.485062 23.825037 52.291870
v -59.551308 25.523479 48.183090
v -59.381424 25.625872 47.447289
v -57.520714 24.988588 47.206310
v -57.644810 26.125109 47.424294
v -59.993465 25.608583 47.934425
v -60.738934 25.768555 47.848717
v -55.374557 24.709124 49.305550
v -58.111423 25.009062 49.250847
v -60.527756 25.052284 49.177353
v -58.032047 23.984169 52.110168
v -56.825230 25.326284 49.104813
v -55.718956 24.511780 50.675095
v -54.369839 23.469902 51.196644
v -58.166691 24.573847 46.675583
v -59.455009 25.787937 48.300842
v -56.888092 24.694530 48.821476
v -56.693203 25.220507 48.843952
v -56.569748 24.688023 48.248920
v -59.254375 24.630135 46.082069
v -59.048386 24.544527 46.472900
v -58.738937 24.273870 46.072762
v -66.072006 27.197588 48.011959
v -62.879021 27.143717 46.897919
v -64.484268 27.609489 48.288437
v -64.947220 27.072496 48.098446
v -67.385933 26.225574 49.564495
v -67.937195 26.334568 50.028660
v -67.300873 26.666927 47.211693
v -62.424816 26.825136 47.806747
v -66.590256 26.911333 49.101677
v -66.932785 26.903519 49.065399
v -67.439934 26.411501 48.346508
v -62.900913 27.451065 48.985546
v -64.030151 27.217806 49.052319
v -66.166595 26.841284 49.227680
v -67.641045 25.705372 49.459282
v -69.799309 24.604849 49.571167
v -62.720699 27.471142 45.637936
v -61.882736 27.806639 47.600170
v -66.110451 26.170469 46.817341
v -62.779724 27.177631 48.233719
v -65.373375 27.557302 48.936878
v -65.274338 27.044493 49.577778
v -68.046394 26.636576 48.416351
v -66.438843 26.877184 49.130478
v -66.795372 27.270411 49.618980
v -65.924202 27.534414 50.180119
v -63.421467 28.406029 45.846394
v -65.367599 26.346596 46.288464
v -68.967529 24.875906 48.349396
v -64.283348 27.525282 47.893555
v -63.761715 27.703724 48.419701
v -64.356483 26.857815 50.110016
v -64.693535 27.959785 49.946716
v -63.869816 27.703293 47.644783
v -63.458817 27.973753 47.055904
v -67.146324 26.002308 50.868809
v -65.804504 26.677422 48.560760
v -64.556854 27.059540 46.525246
v -68.079094 25.268026 47.121204
v -66.375244 26.833267 49.754990
v -68.102013 25.667410 49.864964
v -69.015625 24.389528 50.707565
v -63.509018 26.612007 49.806122
v -64.480492 27.755426 47.928867
v -65.927055 26.621473 49.753761
v -66.308090 26.444414 50.067913
v -65.594734 26.318960 50.356281
v -62.478481 26.897190 49.177505
v -62.895996 26.731373 49.150936
v -62.658295 26.478636 49.607826
v -64.799545 26.436203 43.943192
v -62.491623 26.450127 45.988495
v -64.379311 26.568060 45.394535
v -64.414146 26.099274 44.686089
v -66.359192 25.249252 43.324169
v -66.986023 25.250158 43.103462
v -64.632957 26.329712 42.535046
v -62.904327 25.863861 46.643124
v -65.798485 25.907137 43.914200
v -65.924828 25.941015 43.628586
v -65.301765 25.669794 42.332451
v -64.153862 26.085131 46.886189
v -64.665863 25.962965 45.974052
v -65.686096 25.772512 44.282646
v -66.279984 24.857744 42.965382
v -67.101509 24.068558 41.070103
v -61.536129 27.096947 45.674767
v -62.718811 26.719522 47.203537
v -63.467697 26.067457 46.615749
v -65.965950 26.160601 45.070042
v -65.591446 25.763639 45.170918
v -65.879074 26.004683 42.430981
v -65.743973 25.856098 44.037296
v -66.363792 26.076172 44.042671
v -62.219856 27.894939 45.416508
v -63.347633 26.062738 43.416077
v -65.856560 24.597353 41.288544
v -63.969746 26.597769 45.373581
v -64.171539 26.546621 46.036495
v -65.690063 25.992151 46.010174
v -63.632515 26.789434 45.637215
v -63.058922 27.163092 45.781445
v -67.190636 24.643797 43.991734
v -62.952423 26.635635 44.500225
v -66.179276 25.624552 44.330730
v -66.788841 24.742691 42.759212
v -67.560112 23.473528 42.098866
v -64.866882 25.171831 46.554535
v -64.137093 26.801167 45.284138
v -65.920937 25.082743 44.534519
v -66.263382 25.462925 44.547913
v -66.206215 24.908379 45.029537
v -63.984886 25.516523 47.172825
v -64.117638 25.418707 46.797108
v -64.300362 25.043919 47.112972
v -59.723202 27.942183 42.191307
v -60.456482 27.279446 41.702171
v -59.320580 28.207325 43.039185
v -60.722878 27.788692 42.497997
v -60.591370 27.840233 42.343540
v -61.891975 27.657579 45.689800
v -61.257713 27.644924 43.606812
v -61.039471 27.566948 42.449669
v -60.093880 27.011303 41.180126
v -58.833683 26.704782 40.206127
v -62.668911 28.292837 46.032948
v -61.608059 27.830055 42.757469
v -62.376175 27.939777 44.957317
v -60.134193 26.789291 41.545353
v -60.667870 27.843525 42.530746
v -60.892376 28.970007 46.053669
v -61.060425 28.038677 42.189533
v -59.568474 27.713192 44.314442
v -61.461975 28.244522 44.257172
v -61.611462 27.741728 45.246208
v -60.727036 28.568838 46.589581
v -62.056988 27.021143 44.288830
v -62.309990 27.242893 43.705929
v -59.963840 27.427692 42.131744
v -61.335045 28.058771 44.792587
v -61.207985 28.238247 43.887375
v -60.464500 27.420923 41.197342
v -61.403667 28.488451 45.302937
v -60.252865 28.189051 45.058037
v -61.281818 28.128162 44.175816
v -62.215794 28.134464 43.510719
v -60.406990 28.244854 43.529766
v -58.901169 27.501528 42.078621
v -58.608223 26.928200 41.335461
v -59.781017 26.157074 40.079304
v -61.271038 26.867441 41.223106
v -62.055477 27.637207 44.584248
v -61.332680 28.535210 44.745617
v -61.154552 27.169844 42.392509
v -61.691704 26.860756 42.419201
v -61.495029 27.345213 42.368542
v -62.834145 26.852350 44.648960
v -62.588337 27.166248 44.719215
v -62.687298 26.858479 44.966045
v -63.174423 24.111153 44.252476
v -64.190315 24.991957 42.265327
v -63.051342 25.025465 39.578403
v -65.461166 25.141352 39.875599
v -65.083168 25.198212 39.307331
v -64.988503 25.461210 37.437588
v -61.679783 23.238218 45.040493
v -65.848282 24.330969 35.008579
v -63.683933 24.426498 42.809544
v -65.337563 24.269928 41.525669
v -63.652664 24.397343 37.416222
v -64.758392 24.778051 36.605324
v -63.662140 22.807602 38.548435
v -66.226486 24.816549 39.474258
v -61.108891 24.249056 41.471607
v -62.876274 24.564629 42.973995
v -62.374401 22.962294 41.135834
v -63.517368 25.440628 41.870293
v -65.533630 24.943569 38.636230
v -64.181076 24.858145 39.429745
v -66.164238 24.739470 37.859764
v -63.060947 23.870882 44.395206
v -63.136806 23.696461 43.825516
v -62.503349 24.913801 40.457584
v -64.808807 25.407606 40.521954
v -66.428200 24.117268 34.126415
v -61.850513 23.352114 42.302269
v -64.276749 23.373051 43.765408
v -63.584423 23.127949 36.029625
v -65.220566 24.140749 35.737061
v -66.564270 24.493591 33.468693
v -65.217896 23.071735 42.863834
v -63.040192 24.441225 45.278076
v -66.983734 23.447454 34.452225
v -65.083855 25.371410 41.580856
v -64.911324 24.977262 38.352604
v -63.123123 24.155905 44.188866
v -63.161457 24.092836 44.212475
v -62.949944 24.582918 41.628880
v -64.439438 25.763075 39.533951
v -66.531807 24.999006 36.495098
v -64.501251 23.804493 44.342026
v -61.292397 23.386442 43.287365
v -61.794800 23.932266 46.205292
v -62.093452 23.930386 44.448002
v -66.566780 25.073608 38.090000
v -67.020386 23.403473 37.186279
v -65.935173 24.486738 40.035408
v -65.995369 24.076294 39.400501
v -65.377617 24.923803 40.253647
v -65.116989 24.793667 41.044205
v -61.679825 24.911570 45.448891
v -58.421967 26.360401 43.988930
v -55.743114 26.492716 42.693386
v -57.256836 26.765297 43.205631
v -60.411263 26.316513 43.329571
v -55.863674 27.257948 40.755356
v -60.360947 25.166210 46.299904
v -59.253502 25.293543 45.994934
v -61.073498 26.153048 44.373596
v -59.381287 25.731169 45.860390
v -59.614212 25.957363 43.129295
v -60.371330 25.334297 42.446297
v -58.380672 25.764521 44.250446
v -58.320522 26.631990 43.291477
v -58.232235 27.030315 41.557491
v -53.803848 26.639463 40.603989
v -58.124664 26.246439 42.423599
v -57.654606 26.884777 42.326031
v -56.924431 26.740723 38.768139
v -59.131538 26.621479 41.119976
v -58.678150 27.053577 42.718723
v -59.944946 25.409071 45.717861
v -58.600296 26.020554 43.416321
v -59.497395 25.908567 44.950645
v -55.447056 26.374155 43.359806
v -54.653370 27.114508 42.518139
v -60.835014 25.400026 45.416664
v -61.563717 24.998981 43.811607
v -58.583786 26.193483 45.631863
v -58.380501 27.015171 45.292854
v -56.640190 25.809916 42.825325
v -56.358555 26.468309 42.890381
v -56.035194 27.045549 40.168514
v -54.114761 26.079794 42.040726
v -56.332241 25.674265 43.837872
v -58.843544 26.776356 44.515457
v -60.060360 26.018091 44.105808
v -57.634342 26.179741 43.831196
v -61.303879 24.512300 46.419075
v -58.999279 26.149195 42.177467
v -57.219261 26.702682 40.314896
v -58.602386 27.177166 42.751945
v -57.673740 27.468092 40.747337
v -55.317215 26.684225 40.704132
v -53.685841 27.033545 38.391251
v -54.543613 26.563601 38.010036
v -59.846951 25.587795 45.865978
v -61.163990 21.648865 40.985229
v -61.397179 22.151371 41.105736
v -60.939007 21.888435 40.949444
v -69.008766 19.907333 37.760105
v -68.765594 19.899439 37.264290
v -68.770576 19.966576 37.287117
v -65.146072 21.429668 43.786446
v -66.372108 20.718742 44.154694
v -65.488091 21.447744 41.467236
v -65.204590 21.889423 41.672531
v -65.495255 21.733437 42.653870
v -64.415222 21.266773 41.282970
v -64.817024 20.719116 41.039314
v -70.487335 18.930498 37.027176
v -63.576462 21.093462 41.784824
v -67.508247 21.656235 40.569786
v -69.173637 21.211468 41.113132
v -69.583488 21.002743 39.876068
v -69.723755 20.181345 38.278481
v -67.719223 19.735544 37.318501
v -70.469109 18.488449 36.019978
v -67.571907 21.534874 41.354427
v -62.491089 20.731977 45.735378
v -66.433159 21.993933 40.093319
v -66.004677 21.889296 38.571907
v -68.128860 20.265266 37.059601
v -70.086899 19.716091 41.402031
v -68.222626 21.932501 41.352619
v -63.870365 21.252617 43.862358
v -68.732361 19.841940 37.259094
v -70.407028 19.221334 39.215942
v -68.661934 20.659159 39.233456
v -65.428009 21.195103 44.622105
v -65.230095 21.690603 42.814194
v -64.009605 21.992367 40.840458
v -67.029869 21.875202 43.331505
v -65.423622 21.731604 40.111645
v -68.443390 21.322979 40.010490
v -62.218723 20.867060 44.270458
v -66.810020 22.215616 42.214012
v -68.134880 19.646990 43.863663
v -67.934204 21.833574 41.744034
v -67.755127 21.395197 39.387280
v -68.385330 22.003742 40.150036
v -68.644783 21.300016 39.953053
v -68.447578 20.708942 40.584827
v -65.262665 21.703514 43.814308
v -64.323776 21.507269 44.387188
v -67.244102 20.470833 38.151798
v -68.222496 21.263031 40.942917
v -65.008858 21.423687 43.986752
v -64.876450 21.508154 43.310581
v -65.212692 22.017191 43.066269
v -64.739456 22.018745 41.357498
v -64.051559 22.090034 41.678898
v -65.847160 19.936718 39.226303
v -66.939468 20.527718 39.140491
v -69.268471 20.465975 37.740986
v -70.555603 19.827147 37.577061
v -69.221687 19.709578 36.942947
v -68.844353 18.434261 36.724174
v -64.350075 22.323355 45.069569
v -63.708332 21.763945 44.187347
v -62.710388 21.414780 45.725922
v -64.446793 20.950218 45.637238
v -65.455399 22.275023 40.951530
v -66.683380 21.310513 43.763515
v -59.007236 25.425173 43.594280
v -60.916855 25.208288 41.734695
v -59.652267 25.165800 43.086140
v -59.534924 25.515497 42.938469
v -58.239632 26.598848 43.595589
v -59.285385 25.701416 42.150738
v -59.663185 26.156347 41.463383
v -58.713135 25.365082 41.126957
v -61.210915 25.651335 40.376682
v -57.887653 25.334003 41.043625
v -59.791885 26.325142 39.212769
v -62.041023 24.408154 42.171127
v -60.354321 25.376245 43.988018
v -60.281742 26.146910 41.828808
v -60.233196 26.148289 40.312840
v -60.769344 26.899933 39.649033
v -58.448650 26.578785 38.498806
v -58.789356 26.295727 38.494503
v -58.456448 25.746569 38.269608
v -56.462421 25.686726 38.089066
v -56.751938 25.840027 35.856312
v -60.064083 25.766809 37.266163
v -57.252518 25.842970 40.936562
v -57.681068 24.870068 41.792385
v -58.442005 25.267578 41.273540
v -60.242142 24.941706 43.310524
v -59.963955 25.479074 41.359753
v -59.137897 25.071091 42.422421
v -60.955112 25.572910 43.062157
v -59.635780 25.900133 43.477829
v -56.771629 26.204662 40.065907
v -58.103474 24.793875 40.834656
v -56.094093 25.238949 39.325619
v -57.984589 25.752024 35.556034
v -62.953907 11.096785 51.818390
v -62.308109 10.724897 51.859116
v -62.550083 11.307779 51.893085
v -64.549347 12.746760 39.025410
v -64.281937 13.240696 38.008842
v -62.738697 12.346744 41.822098
v -64.776978 13.034738 40.961178
v -65.388039 12.626617 41.107620
v -63.773659 13.311430 39.825455
v -64.499443 13.474123 40.037670
v -65.080116 13.016747 43.664814
v -65.481499 12.720066 42.722641
v -65.643196 12.565386 41.989777
v -64.820312 12.967381 41.474350
v -64.358963 13.228983 39.577839
v -61.551292 11.019697 43.778545
v -63.639931 12.573182 45.173683
v -62.845222 12.739357 43.388161
v -64.205231 13.038253 43.047745
v -63.087723 13.320852 42.434830
v -63.198547 12.477108 40.124844
v -65.693245 12.375098 41.063713
v -64.660957 12.672856 36.992943
v -67.690285 11.352582 35.730423
v -64.877975 13.735950 38.100460
v -62.447559 12.809155 44.737534
v -66.933685 12.683801 38.168865
v -63.681892 12.657687 44.466373
v -62.664364 12.030774 45.455227
v -62.421410 13.057125 42.756546
v -64.799408 12.635583 41.214104
v -67.224442 11.485476 34.848686
v -65.157883 13.218757 41.077839
v -62.024624 13.290658 42.449451
v -64.494514 13.703298 42.364014
v -62.313824 11.637424 44.153095
v -62.102142 12.787566 43.310715
v -64.823730 13.479738 44.125565
v -61.984772 12.877042 42.489323
v -64.027176 13.074813 39.071571
v -64.427048 13.970991 40.591316
v -65.928993 11.533184 34.593094
v -65.188545 11.035272 34.827267
v -66.944458 10.130128 33.790443
v -64.653740 11.046235 36.921444
v -64.896446 12.810400 36.967819
v -62.154827 11.820258 40.701916
v -65.861023 12.883531 36.241489
v -62.775894 13.109571 38.740223
v -64.441422 11.940952 39.097641
v -64.088226 13.277717 41.484943
v -67.292778 10.449305 32.940144
v -67.715073 9.369076 32.702820
v -66.997307 9.347009 33.177456
v -64.526405 12.925835 36.910320
v -65.387978 11.791092 35.580776
v -68.157318 10.274376 33.549892
v -66.585007 13.470992 39.290096
v -66.280281 13.254191 39.762478
v -65.125511 13.451674 40.227341
v -66.500168 11.424447 40.578079
v -65.024483 12.469653 41.792210
v -62.817387 13.217404 43.661144
v -61.838291 12.242913 44.897495
v -64.010544 12.512495 39.155811
v -62.134037 10.604005 38.826241
v -66.053596 12.577633 36.818020
v -67.625763 12.380849 37.083694
v -67.796883 9.304627 33.529888
v -65.397629 9.187398 34.589577
v -67.842133 12.080608 36.394791
v -56.261982 11.166194 45.632843
v -61.309410 11.555697 46.997498
v -60.283009 11.244302 46.665112
v -58.175835 11.804707 45.219715
v -57.648045 11.158607 45.509464
v -54.534203 10.139616 44.086460
v -53.812386 10.270750 43.606064
v -54.252190 10.662721 46.831360
v -60.703156 10.860989 45.517139
v -55.548050 10.964705 44.532200
v -55.143421 10.955278 44.621918
v -54.634312 10.363314 45.549950
v -59.974564 11.614094 44.172195
v -58.615467 11.333440 44.245060
v -56.037510 10.880405 44.324261
v -54.192219 9.736954 44.822701
v -51.647980 8.189591 44.404808
v -60.187714 11.286581 48.967155
v -61.379169 12.041906 45.690819
v -56.430561 10.073305 47.198372
v -60.221107 11.285101 45.054653
v -57.025192 11.741918 44.564690
v -57.056927 11.124911 43.785076
v -53.899830 10.634117 45.548431
v -55.725166 10.923620 44.477299
v -55.232914 11.396758 43.941444
v -56.198536 11.714373 43.152805
v -59.776665 12.763079 47.995598
v -57.390179 10.285221 47.730225
v -52.807625 8.515736 45.753029
v -58.469475 11.703395 45.664658
v -59.021938 11.918083 44.965084
v -58.082306 10.900307 43.024643
v -55.467617 10.622231 46.931652
v -57.701431 12.226167 43.265453
v -56.232315 11.767594 46.149185
v -58.997478 11.917586 45.906158
v -59.568378 12.242915 46.554520
v -54.644306 9.870984 42.494694
v -56.560608 10.683264 45.072655
v -58.327465 11.143020 47.337517
v -54.035854 8.987514 47.101269
v -55.716770 10.870779 43.722057
v -53.637455 9.468037 43.824059
v -52.431255 7.930524 42.940224
v -54.347435 8.726513 43.782318
v -59.136585 10.604560 43.273365
v -58.228966 11.980287 45.649097
v -64.109070 19.627426 48.402203
v -69.221977 19.440338 49.854733
v -63.743511 19.367531 48.733463
v -65.715691 18.793425 47.287003
v -66.970512 19.854368 49.700325
v -67.226639 19.873066 50.444786
v -68.989899 19.885406 49.160522
v -69.109756 20.243877 49.594193
v -64.057648 19.553192 48.370071
v -64.232727 20.190472 49.240147
v -66.175995 19.301262 48.106461
v -67.340370 19.326088 50.540115
v -63.104397 19.072987 48.416832
v -64.845779 19.308996 48.148384
v -65.550537 19.141243 47.299797
v -65.040398 19.800013 50.086025
v -66.893555 19.380598 50.067337
v -68.013878 20.685282 49.847828
v -68.354057 20.143034 49.785164
v -69.818443 19.333830 47.892502
v -69.222008 19.422119 49.030277
v -68.482384 20.808962 51.338470
v -73.761337 18.869146 51.382690
v -75.221062 19.594080 53.308159
v -75.098190 19.293800 54.404301
v -71.566170 18.587055 50.778160
v -69.800835 20.551859 52.162216
v -70.371414 20.390638 49.337875
v -75.256798 19.830954 54.382664
v -75.969658 19.960388 54.168419
v -75.806404 18.605576 53.696350
v -72.164932 20.723946 51.281536
v -67.090546 19.674936 50.022621
v -67.143257 19.712677 50.576046
v -63.643387 18.723223 47.084873
v -65.115234 18.821114 47.025032
v -65.996597 19.091070 46.805733
v -66.516464 18.539816 47.978100
v -67.263374 19.927307 49.196873
v -71.024780 20.041351 49.933533
v -72.944221 19.644958 51.060059
v -73.354431 20.272434 52.645580
v -73.940422 19.690895 52.092159
v -71.268898 20.090504 50.212521
v -65.958580 20.414167 49.449295
v -74.770706 19.629154 54.086681
v -74.189087 19.996498 53.390461
v -71.352234 20.056137 49.840530
v -71.123055 20.349312 51.195927
v -69.945107 20.982044 50.820679
v -73.238625 20.615799 53.796013
v -67.573189 19.021435 51.932461
v -68.009499 18.919365 48.505173
v -66.149315 19.418108 49.890545
v -66.724045 19.733829 50.625809
v -67.663177 17.229811 47.584984
v -65.361176 19.579647 47.727695
v -64.130585 17.702307 46.492050
v -63.278404 18.233198 47.121307
v -62.639660 18.705360 46.955425
v -64.592972 17.070036 47.110382
v -68.392769 19.850809 48.573292
v -69.761421 16.763153 48.379810
v -71.011406 21.070177 52.696247
v -72.483246 20.246143 53.427326
v -74.451233 17.737801 52.506828
v -71.425644 20.463436 53.405838
v -55.068157 16.120911 53.183361
v -54.955841 16.303352 54.540634
v -57.580627 18.158018 49.312027
v -58.831898 17.364428 50.520882
v -58.107487 16.751787 51.154034
v -55.706795 17.012524 50.909908
v -54.902222 16.716288 51.205460
v -55.806355 17.098135 52.300575
v -54.625992 17.136942 53.620274
v -55.379768 15.213149 52.990788
v -59.897175 16.202925 48.780781
v -58.509167 18.132042 48.181816
v -56.044273 17.208462 50.374004
v -55.940582 17.640980 50.125175
v -55.205105 16.316563 51.262604
v -55.503319 16.699955 52.876614
v -59.936630 17.644669 47.263012
v -59.021847 17.420141 50.078548
v -58.739876 16.843868 50.906372
v -55.773403 17.110758 48.790886
v -56.425591 17.546303 52.405617
v -54.214077 15.699319 50.391369
v -54.107639 15.566527 55.157917
v -54.257538 13.242278 54.885838
v -51.065994 15.475584 53.922379
v -52.713776 14.405597 56.288181
v -50.060276 12.613863 57.593414
v -49.454811 11.633713 56.885220
v -52.338100 15.870878 53.012482
v -50.417759 12.859159 56.795212
v -49.075527 12.103189 57.175045
v -48.985619 12.017273 57.989674
v -58.602932 17.544725 47.420532
v -60.476849 16.052914 49.443390
v -55.800789 16.509476 50.946423
v -54.986954 16.442835 50.801552
v -50.139111 12.789354 54.134033
v -59.550365 17.503944 50.045692
v -59.016922 17.716223 50.983387
v -56.978683 18.219009 48.425323
v -56.457005 17.247953 51.470985
v -52.255547 13.239717 57.017963
v -49.558376 12.377041 56.617779
v -50.368847 11.043848 57.681610
v -53.706421 15.584502 55.169075
v -55.999653 16.338642 53.788780
v -55.750568 15.796820 53.275429
v -50.794521 14.015563 56.201847
v -54.190121 15.821277 55.375557
v -52.503510 15.543001 54.444397
v -51.158627 15.757111 54.877201
v -49.729210 13.845837 55.630661
v -53.111961 16.660881 52.138683
v -55.020794 17.051359 52.091011
v -53.957607 15.025222 50.593010
v -56.939880 15.660086 53.111778
v -55.736847 16.495607 50.168358
v -55.112537 16.660957 49.502525
v -58.600170 15.062942 52.195385
v -58.013439 17.829298 50.480854
v -59.802681 17.491913 48.516407
v -57.383831 17.589748 49.467739
v -60.414780 17.726656 47.874855
v -56.882141 16.327129 54.385162
v -57.652580 13.679262 53.935879
v -52.212460 11.319094 56.733448
v -53.766388 17.233997 52.101696
v -50.577824 14.518044 54.443989
v -65.272629 9.705002 42.742725
v -61.552303 9.082635 46.384499
v -62.383945 8.982856 45.636589
v -64.603745 9.975236 44.671658
v -64.693375 9.434931 43.978832
v -67.582039 9.070337 41.909550
v -68.337067 9.350216 41.562275
v -65.296989 9.564804 40.353386
v -63.209736 8.556658 46.518490
v -66.597382 9.673490 42.667187
v -66.721680 9.739486 42.277256
v -66.246330 9.231762 41.283707
v -64.637329 9.470970 46.699871
v -65.281311 9.454419 45.468513
v -66.544067 9.502419 43.174946
v -67.166229 8.721370 41.183975
v -68.971451 7.702471 39.005638
v -60.445251 8.981534 44.390926
v -62.583729 9.580930 47.182346
v -63.973320 8.558923 41.922955
v -63.795441 9.077497 46.409771
v -65.744675 10.151754 44.020405
v -66.473892 9.561030 44.350254
v -66.578796 9.638381 40.703243
v -66.561859 9.600662 42.838970
v -67.209877 10.173493 42.766403
v -67.372169 10.320785 44.034157
v -61.307438 10.534706 44.761292
v -63.015072 8.568618 42.497665
v -67.197983 7.764197 39.351814
v -64.087692 9.807723 44.678665
v -64.390282 9.930910 45.535397
v -66.647453 9.164151 45.571915
v -64.613708 9.289260 41.326099
v -66.469604 10.531589 45.328075
v -64.770782 10.287003 42.546230
v -63.592697 9.910103 45.035767
v -62.713070 10.102589 45.239029
v -68.929436 8.827914 42.771969
v -65.664772 9.188787 43.207447
v -62.785851 9.240791 43.622013
v -65.373039 7.955652 39.778225
v -67.222198 9.570471 43.208115
v -68.332520 8.590471 41.181171
v -69.874931 7.336910 40.375214
v -68.105934 7.727885 41.691357
v -65.946907 8.665149 46.293770
v -64.186890 10.125905 44.524876
v -58.386456 10.528225 50.457317
v -58.692638 10.686870 48.665344
v -58.831577 10.250942 49.327976
v -56.605511 9.100122 51.408279
v -55.885948 9.101202 51.756905
v -58.419075 10.412346 52.651821
v -60.923714 10.461033 47.386440
v -57.196098 9.891661 50.627045
v -57.083656 9.932420 50.985600
v -57.698856 9.739457 51.884003
v -59.759270 10.136722 46.928429
v -57.280636 9.729673 50.171371
v -57.105042 9.001133 52.058910
v -56.022820 7.679531 54.203514
v -62.053913 11.323207 47.945866
v -60.433247 10.869103 46.278061
v -59.821980 9.908074 51.194630
v -59.642136 10.083920 47.636395
v -58.008575 9.749202 49.512199
v -57.237576 10.159489 49.316025
v -57.306744 9.994219 52.418816
v -57.244629 9.830270 50.472542
v -56.502872 10.095032 50.549908
v -56.265747 10.072537 49.401249
v -61.110703 11.964827 47.990559
v -60.603378 10.204203 50.611725
v -59.185146 10.722616 48.634987
v -58.854233 10.661076 47.869751
v -57.611610 9.651666 48.096088
v -59.052383 10.345504 51.739506
v -56.902489 10.467338 48.158367
v -59.552670 10.953243 48.274227
v -59.751575 11.219975 48.224747
v -55.521221 8.371645 50.722599
v -58.721638 10.042429 46.895645
v -60.519474 10.768177 49.541607
v -58.935764 9.073121 53.261734
v -57.435570 8.297750 53.761303
v -56.684540 9.551678 50.180553
v -56.168243 8.490636 52.141804
v -55.335438 6.963594 53.035576
v -56.638569 7.805992 51.708565
v -57.952869 9.006959 47.344421
v -58.997166 10.967340 48.764580
v -64.692360 12.026039 51.865398
v -62.549416 11.900084 49.940594
v -63.881821 11.228662 52.549335
v -65.316994 12.455955 51.231030
v -63.455727 11.841366 51.633907
v -63.638817 11.899412 51.797043
v -61.626442 11.683617 47.976017
v -62.756386 11.573659 50.611423
v -63.083778 11.574582 51.734467
v -64.385933 10.906029 53.124451
v -66.024254 10.537226 54.118523
v -60.651176 12.447936 47.670811
v -62.273808 11.744808 51.246063
v -61.146606 12.023152 48.917213
v -64.288353 10.638909 52.693249
v -63.517063 11.907342 51.587349
v -62.772320 13.262700 47.405838
v -64.945984 12.178389 50.444706
v -63.093861 12.142145 52.048328
v -64.563271 11.829176 48.739853
v -62.280437 11.993468 51.912121
v -62.334236 12.389813 49.630661
v -62.021797 11.784861 48.468426
v -62.897514 12.780016 46.742767
v -61.618595 10.917872 49.673260
v -61.509739 11.374932 50.700787
v -64.412735 11.407022 51.969147
v -62.413582 12.166310 48.973385
v -62.687901 12.382257 50.038433
v -63.940495 11.398874 53.153984
v -62.262524 12.683285 48.372471
v -63.671513 12.323065 48.509693
v -64.709183 11.675362 49.656059
v -62.560616 12.249804 49.703560
v -61.533939 12.257387 50.625008
v -63.693878 12.390206 50.357658
v -65.690353 11.495871 51.888988
v -66.141098 10.806042 52.737854
v -64.908813 9.878248 54.398232
v -62.972759 10.732937 53.232227
v -61.580441 11.659103 49.319874
v -60.839600 10.993103 49.971294
v -62.422813 12.739529 49.029221
v -64.190331 18.536015 54.282757
v -64.872627 18.071999 55.856941
v -64.625137 18.025990 54.842411
v -64.413071 18.322866 56.419750
v -63.985233 17.476151 55.851158
v -62.973427 16.428471 56.975090
v -65.315506 17.883631 56.342594
v -67.214478 16.982946 56.079865
v -65.956406 16.978386 58.138794
v -66.022064 17.398922 58.590611
v -66.474686 15.562183 60.178482
v -67.510040 15.956371 60.531746
v -63.917473 17.845980 55.372490
v -66.155037 18.419634 53.671932
v -66.546295 16.366476 54.760395
v -64.059166 17.834637 54.827621
v -66.264015 17.504089 55.068356
v -67.247147 16.749430 57.806526
v -67.739532 15.416498 58.255016
v -66.276642 16.575521 59.340492
v -67.749512 15.742320 59.550915
v -68.093513 16.221901 56.931870
v -65.490997 18.355213 54.094574
v -67.682404 17.225004 57.313538
v -65.171242 17.298594 57.010715
v -64.465485 17.699329 57.687374
v -64.484657 16.023228 58.595615
v -63.240616 18.180012 54.934917
v -66.063179 17.913763 52.565456
v -65.562340 18.790400 52.991611
v -63.268936 17.870893 56.291908
v -61.404324 16.864624 51.741524
v -61.022331 16.927597 53.120934
v -59.418289 15.556957 59.874424
v -59.343185 15.322550 59.737034
v -61.442230 16.944332 51.763397
v -61.128540 17.058849 53.341782
v -61.626385 16.296183 54.345222
v -60.435616 16.190754 57.268841
v -58.830956 16.574684 55.992840
v -59.911667 14.155513 61.091827
v -60.907867 15.891262 47.440315
v -61.575581 16.915541 53.479675
v -60.134941 16.625204 56.250538
v -60.359974 16.933268 51.215694
v -59.807087 15.903045 51.361504
v -59.798687 16.157576 51.756882
v -59.487499 16.231026 51.591946
v -61.058460 16.668276 52.082581
v -62.646442 16.971479 54.012821
v -58.369553 16.236088 54.730419
v -59.590076 16.925539 55.667316
v -59.235355 16.742689 56.436974
v -58.815395 16.780460 57.070068
v -59.372810 16.662195 57.670662
v -60.751804 15.521676 58.858170
v -59.180252 15.834571 59.186760
v -59.798943 16.384140 52.208084
v -60.490269 17.043015 52.930809
v -59.283737 17.395157 55.172348
v -61.811089 15.520369 57.707329
v -59.383369 15.374631 59.742599
v -60.825466 17.374699 52.613907
v -59.488651 16.677599 54.697323
v -61.693214 16.687130 51.171906
v -60.576839 16.740244 52.234825
v -59.873016 17.446276 49.138203
v -58.867577 17.084671 49.963543
v -62.231457 16.795351 55.044041
v -59.645462 16.790443 50.486954
v -62.629616 15.645135 50.831894
v -58.903984 16.581066 51.391304
v -61.910683 15.227567 56.331436
v -59.372887 15.279753 59.727657
v -60.075848 14.647476 60.260567
v -60.662540 17.381109 53.895470
v -60.835773 16.881804 54.369514
v -60.482140 15.869632 59.102562
v -58.138847 16.243303 58.059391
v -58.674927 14.935636 60.391376
v -59.128788 14.223565 61.358505
v -59.804794 16.702850 57.051411
v -60.757061 16.503889 57.474457
v -59.953533 17.157913 56.478451
v -59.173553 16.581894 55.218197
v -60.469379 16.838165 53.213043
v -59.538708 17.227631 54.140656
v -59.509857 16.933563 52.991947
v -61.351456 17.243599 55.706432
v -61.184933 13.162979 59.960934
v -59.418095 15.471522 60.199646
v -57.947319 14.781234 58.827881
v -61.189854 14.926703 57.016994
v -58.121033 16.376369 52.828472
v -57.885567 14.944188 53.842144
v -59.052238 16.040848 52.223728
v -62.736404 16.322325 53.891552
v -59.878906 17.529860 50.816425
v -60.689095 16.752045 49.074177
v -61.138657 16.139107 48.924065
v -61.888832 16.545250 49.468784
v -61.674679 17.126120 51.414143
v -61.754959 16.827433 52.133560
v -61.888489 16.702557 53.060490
v -63.148216 15.033819 51.967281
v -61.004417 16.592245 50.952087
v -58.768635 16.882706 56.448612
v -58.212337 15.957501 56.775703
v -66.703499 16.058533 48.545010
v -67.959335 16.125769 49.415901
v -74.201584 14.662301 53.411461
v -74.036652 14.412012 53.438759
v -66.738907 16.143642 48.514484
v -68.219353 16.265919 49.386627
v -69.406128 15.451591 49.238262
v -71.933586 15.339028 51.468285
v -70.082237 15.748960 52.636272
v -75.602448 13.165950 53.342953
v -68.515800 16.112898 48.984604
v -70.801285 15.802890 51.412643
v -65.805656 16.131826 49.412464
v -65.757874 15.031831 50.021095
v -66.153450 15.303610 50.168816
v -65.877579 15.382024 50.424397
v -66.925446 15.848887 49.013744
v -69.430374 16.172623 48.093014
v -68.647255 15.387430 52.656681
v -70.021500 16.123577 51.756447
v -70.672348 15.928343 52.385078
v -71.162560 15.968671 53.031372
v -71.964249 15.842403 52.681076
v -73.646927 14.624638 51.709373
v -73.424606 14.958714 53.409172
v -62.171894 15.099921 47.527779
v -67.209877 15.329525 50.847878
v -67.580299 16.249002 49.885223
v -69.414703 16.624998 51.890884
v -72.860046 14.623243 50.236309
v -65.966080 15.065561 47.103004
v -74.056404 14.467652 53.400208
v -67.378960 16.603159 49.435738
v -69.008072 15.858843 51.517025
v -66.231102 15.869023 48.053188
v -66.909271 15.925730 49.552822
v -63.540108 16.679581 49.171524
v -64.017876 16.293484 50.475677
v -70.323631 15.984569 48.874516
v -64.819443 15.979332 49.875965
v -66.489845 13.720329 46.702377
v -65.469810 15.755770 50.941879
v -67.254494 16.130110 50.438732
v -71.621185 16.617676 49.494785
v -71.508278 14.310607 49.651295
v -74.037628 14.366347 53.405521
v -74.822403 13.691233 52.884670
v -66.387634 15.454726 50.432629
v -68.613304 16.609997 50.051369
v -69.152145 16.076880 50.043724
v -73.798286 14.996163 52.067268
v -71.921455 15.395134 54.061775
v -74.460815 13.998902 54.342812
v -75.595490 13.238613 54.225983
v -71.492249 15.885805 52.027531
v -72.254051 15.673372 51.216698
v -70.967102 16.371689 51.675793
v -69.422096 15.756660 52.018101
v -67.857430 16.030285 50.005695
v -68.464607 16.446129 51.270496
v -67.472923 16.415867 51.640221
v -70.334152 16.465471 50.348606
v -74.911026 12.106200 51.661224
v -74.529320 14.571085 53.526192
v -72.628601 13.834062 54.525482
v -71.945412 13.989351 50.619328
v -66.642647 15.537216 52.237274
v -67.474251 13.956177 53.008717
v -66.259171 15.197395 51.095715
v -69.339828 15.479504 47.959621
v -65.233757 16.768826 49.756706
v -63.763008 15.938334 48.326427
v -63.348091 15.087560 47.489155
v -64.598854 15.737507 47.284054
v -66.468750 16.337736 48.157181
v -67.222176 16.018816 48.329659
v -68.203491 15.885492 48.521564
v -67.546944 14.102973 46.865593
v -65.766914 15.767708 48.670036
v -70.519989 16.077692 52.860092
v -70.653442 15.089979 53.535545
v -57.813515 27.552847 50.362179
v -60.598740 25.571323 46.711716
v -58.086727 26.668579 52.865097
v -61.660328 25.242138 47.256115
v -57.909569 26.079388 48.070789
v -57.821583 27.178547 53.839146
v -61.129871 25.770927 47.700031
v -59.414280 26.418154 48.264645
v -61.109810 26.347200 49.018417
v -60.361126 26.595598 49.803177
v -59.233250 26.892477 50.226341
v -58.338551 26.554173 51.570942
v -54.110867 26.624140 52.007565
v -57.920994 27.151987 50.986252
v -59.320362 26.791811 50.007248
v -61.952759 25.865099 49.727859
v -57.416069 26.610701 50.366375
v -56.281811 26.851223 49.559471
v -60.949223 26.038874 48.449200
v -58.468784 26.468569 50.387249
v -55.528416 26.617151 52.943874
v -56.391750 27.569590 50.308796
v -57.458214 26.489937 49.282459
v -58.785385 26.581169 53.116936
v -55.738400 27.275814 52.797302
v -60.629730 26.142544 47.604996
v -58.973244 25.627703 46.930882
v -60.351276 25.728128 47.946835
v -59.920010 26.428507 49.139126
v -58.432487 26.419565 48.772316
v -57.014389 26.332581 54.088898
v -59.257679 25.984842 52.140087
v -59.707664 27.367123 49.721825
v -58.691265 27.005112 48.723728
v -60.693096 27.938297 50.785461
v -59.244183 26.742046 50.986591
v -59.995232 26.876074 48.445297
v -55.836964 27.369335 51.398869
v -58.397800 27.033020 52.200871
v -58.011242 27.477804 49.938938
v -57.863258 27.540396 50.025688
v -56.081352 26.401539 54.881378
v -53.580982 26.172493 54.703106
v -61.096600 26.218637 48.544163
v -61.537521 26.350477 48.512691
v -66.215042 26.803070 49.696068
v -62.089027 24.821531 47.681358
v -68.615707 25.918787 48.937050
v -61.711758 24.363283 46.596642
v -63.949375 25.329596 50.051548
v -69.622856 26.428753 49.005882
v -63.260963 25.278851 46.633121
v -62.826893 24.681917 46.844151
v -63.843765 25.667910 48.538296
v -64.250595 25.597412 46.727577
v -65.167007 25.845806 47.307716
v -65.803268 26.142689 48.330620
v -67.390366 25.702604 49.033451
v -67.563675 26.654100 51.438053
v -68.381126 25.903479 53.059742
v -66.323524 25.886927 49.961842
v -67.524841 26.339750 49.625221
v -65.571350 26.042021 48.288197
v -65.728539 26.101439 51.355534
v -65.820267 26.719929 49.662872
v -63.723965 25.289080 46.996735
v -66.075150 25.723104 48.965092
v -69.194977 25.867361 51.430149
v -66.441719 26.819796 51.100685
v -65.226830 25.740757 50.256481
v -68.725548 25.831375 48.202541
v -69.010056 26.526020 51.253010
v -62.958847 25.392752 47.475681
v -62.762619 25.014576 48.274700
v -64.602432 25.678717 47.870556
v -64.534660 25.669769 49.401138
v -70.026146 25.582788 49.748379
v -67.675018 25.235052 47.931126
v -65.215469 26.617331 47.964428
v -64.436234 26.255320 49.156929
v -66.065063 27.188507 46.789436
v -66.546608 25.992252 48.170708
v -63.907322 26.126282 47.932961
v -67.903351 26.283224 48.762360
v -66.117317 26.405779 49.246944
v -65.875359 26.790617 49.713345
v -70.986313 25.651747 50.507767
v -71.302162 25.422703 52.994499
v -64.723198 25.105938 46.000546
v -63.788155 25.468847 46.833588
v -65.409225 26.591549 45.758446
v -69.090851 26.943167 44.440056
v -69.881409 26.786222 43.929249
v -67.513725 27.210732 44.759434
v -67.551811 27.235426 44.752506
v -67.868294 27.768486 45.193771
v -67.029083 27.293226 42.375275
v -68.949226 27.000376 44.222065
v -62.469044 25.535458 46.663780
v -64.007339 26.209501 47.646255
v -66.189072 26.442877 45.637527
v -67.349327 26.633121 45.199902
v -70.424149 26.847082 42.321037
v -67.869324 27.546072 42.868027
v -66.866409 27.193552 46.191853
v -68.556526 26.745470 43.610668
v -67.420654 27.181057 44.735535
v -62.004520 27.021124 45.053726
v -64.522102 26.645626 45.214111
v -69.244995 27.067467 44.870068
v -64.639854 25.744360 43.184456
v -67.741615 28.020119 46.700146
v -69.483292 27.993618 44.605106
v -69.919426 26.305464 41.305519
v -64.811325 27.159365 45.755665
v -63.520382 25.793413 46.275116
v -65.006752 27.209148 46.319614
v -62.176033 26.306078 47.353783
v -65.423660 25.524925 47.123451
v -66.314339 26.627634 47.231293
v -66.273193 27.632492 47.028976
v -65.920105 26.943586 44.246441
v -64.136673 26.607418 45.993145
v -64.025826 27.187727 45.597805
v -69.550423 26.071943 44.090725
v -68.531036 27.194880 42.834789
v -63.485260 26.956139 45.775528
v -63.422558 26.214645 44.218590
v -64.308914 25.804462 44.371361
v -65.759384 25.588734 43.113644
v -65.953049 26.599571 42.629635
v -67.864609 25.931753 41.398094
v -67.754410 27.192921 45.463734
v -70.582954 27.568077 43.616077
v -71.883850 27.290089 42.115940
v -72.063400 26.668196 43.446369
v -70.244171 26.798986 46.055721
v -64.667671 26.216997 46.969257
v -65.622665 25.911476 48.078857
v -65.160583 27.068815 45.364075
v -63.413403 24.891922 47.973804
v -61.331215 25.715782 44.104633
v -62.318909 25.922247 50.439247
v -60.328552 27.497499 52.049484
v -64.245529 26.834465 53.110561
v -61.592579 26.891579 54.032215
v -61.652496 26.956333 55.061474
v -63.349812 27.011324 54.677929
v -61.662415 27.602455 54.789078
v -62.527840 26.264462 51.552471
v -61.254391 25.560181 50.952896
v -64.011932 26.149612 52.200356
v -63.377213 27.050545 53.350391
v -61.633022 27.317499 53.771755
v -61.507999 27.108381 57.131599
v -62.839859 27.661238 57.229698
v -63.611946 26.758163 55.789089
v -61.493073 26.133560 54.612999
v -62.211163 25.635420 51.256523
v -63.019089 26.400833 50.554455
v -64.045296 24.941965 51.463554
v -60.008598 26.885674 54.481903
v -61.808151 26.553240 53.774334
v -59.338497 25.497072 51.270340
v -60.685123 26.650970 51.703308
v -60.080849 26.857868 50.670979
v -64.746307 25.735506 54.330860
v -62.557156 26.499302 54.256840
v -59.340824 24.511507 45.266506
v -57.305309 25.392317 44.351318
v -54.678741 25.425825 45.623295
v -54.854988 25.541700 43.201637
v -54.306347 25.598570 43.607590
v -52.443680 25.861567 43.795685
v -60.202621 23.638580 46.719860
v -49.974689 24.731321 43.058521
v -57.874180 24.826853 44.829838
v -56.509178 24.670282 43.242519
v -52.489182 24.797707 45.130917
v -51.623974 25.178410 44.067146
v -53.619499 23.207949 45.064812
v -54.415855 25.216902 42.457348
v -56.666763 24.649414 47.468601
v -58.078838 24.964985 45.628262
v -56.268085 23.362648 46.221485
v -56.944447 25.840984 45.043190
v -53.613544 25.343929 43.191265
v -54.473740 25.258497 44.502434
v -52.806511 25.139835 42.600323
v -59.489029 24.271248 45.372719
v -58.916267 24.096821 45.325455
v -55.584236 25.314159 46.126625
v -55.533188 25.807962 43.820831
v -49.064621 24.517620 42.523472
v -57.459274 23.752468 46.686348
v -58.799187 23.773407 44.189945
v -51.107738 23.528313 45.268448
v -50.733669 24.541100 43.649006
v -48.400921 24.893950 42.420471
v -57.851650 23.472094 43.295078
v -60.371830 24.841583 45.349262
v -49.362225 23.847803 41.952328
v -56.576996 25.771767 43.493149
v -53.361420 25.377623 43.826981
v -59.279835 24.556263 45.320938
v -59.301498 24.493195 45.281471
v -56.731716 24.983273 45.621979
v -54.564903 26.163433 44.239174
v -51.425152 25.399361 42.301464
v -59.363846 24.204855 43.936867
v -58.471062 23.786804 47.194473
v -61.360195 24.332626 46.546703
v -59.590164 24.330742 46.336349
v -53.016308 25.473965 42.186741
v -52.091030 23.803833 41.778923
v -54.990875 24.887094 42.720219
v -54.353771 24.476662 42.691872
v -55.236740 25.324158 43.266159
v -56.039352 25.194025 43.486912
v -72.020195 23.086466 56.359245
v -63.862514 23.731392 49.311527
v -68.046974 24.371277 50.357327
v -66.413239 24.340319 53.046131
v -68.434509 24.784533 53.937851
v -69.388115 21.700399 52.526508
v -71.288490 23.728172 54.605225
v -68.997711 24.459812 53.021809
v -65.688271 24.996613 50.787659
v -65.445770 23.617594 52.988174
v -66.767136 23.735397 54.367184
v -70.726906 23.282072 52.992672
v -71.192123 23.198374 53.946217
v -71.374214 24.108017 55.202080
v -67.332893 24.005226 54.903084
v -66.786682 24.772362 53.247215
v -67.398033 22.014347 49.653572
v -69.443306 24.825510 55.142380
v -67.711113 24.328854 55.185108
v -63.463562 23.322824 49.101871
v -64.037918 23.096640 49.460850
v -63.782570 22.468037 51.021019
v -67.437805 23.335800 54.583324
v -66.309525 22.644960 48.803066
v -63.998100 23.445854 48.305859
v -67.465347 24.174646 48.563267
v -67.362457 23.456478 48.591263
v -65.021217 24.417580 51.099171
v -69.367836 22.660006 56.808014
v -72.093513 21.466324 55.282185
v -63.816383 22.473045 52.361549
v -62.952076 23.817118 47.541534
v -62.454384 23.289762 50.491234
v -62.406109 23.824301 49.092960
v -72.010582 22.368055 57.994907
v -65.498703 22.134081 47.625134
v -68.586845 23.628616 56.636192
v -63.662052 23.655251 49.277802
v -63.616032 23.580397 49.306206
v -66.527763 24.051149 50.369965
v -66.692421 22.853260 50.469761
v -68.261436 24.694239 51.717274
v -73.256607 22.868734 58.393200
v -69.160919 24.937134 50.992031
v -63.300797 22.981838 50.832264
v -65.142708 24.125845 50.031456
v -65.205856 23.739267 48.309540
v -61.890465 23.288685 46.989292
v -64.010048 22.380964 47.376236
v -67.983414 25.128607 54.462002
v -70.360306 24.111935 56.310215
v -73.093933 22.445383 57.133125
v -68.240379 24.400942 53.140892
v -65.784004 24.351080 53.001076
v -58.785847 24.088715 59.198471
v -60.560192 24.666740 49.436314
v -61.679337 25.262148 53.295563
v -58.806187 25.233875 53.250397
v -59.037300 25.639584 55.254837
v -60.589767 22.822800 55.354229
v -59.964970 24.484669 57.652596
v -60.019192 25.343012 55.275429
v -62.035385 23.901548 50.913643
v -60.419266 24.996035 50.949963
v -59.332962 25.709795 51.738171
v -58.404953 24.573809 52.461372
v -57.928825 24.681389 54.139465
v -60.840912 24.267365 56.624386
v -59.399162 25.021715 58.154972
v -57.767944 24.927830 54.832760
v -58.820267 25.628466 53.637516
v -62.000721 24.658440 50.223858
v -58.554264 25.677010 56.606060
v -57.720432 25.223396 55.261044
v -60.551308 24.304598 49.104435
v -60.533752 24.098003 49.722767
v -59.186569 23.523893 50.242279
v -58.068344 24.316439 54.767712
v -61.425350 24.416948 49.157875
v -62.987907 24.759449 52.015541
v -60.467659 25.695076 50.965622
v -57.207073 23.699228 57.316010
v -59.668324 22.608997 58.758709
v -58.146004 23.528471 50.888142
v -61.544361 24.756031 47.980671
v -59.036652 24.106213 49.447273
v -60.069820 24.762590 48.267151
v -57.492691 23.432575 59.946453
v -62.766388 23.043854 49.949467
v -56.981678 24.583864 56.621315
v -60.504356 24.608192 49.342083
v -60.460720 24.539831 49.318943
v -60.559498 25.226851 52.127480
v -61.640968 23.988537 52.234215
v -61.670563 22.932079 52.744370
v -60.706905 25.557117 54.092724
v -57.754463 23.889858 61.112160
v -61.693817 25.778954 54.466404
v -61.489082 24.273407 46.889141
v -62.163311 23.444368 48.737858
v -58.415955 25.953829 55.141556
v -58.057732 25.025290 57.868015
v -58.672115 23.503193 60.401932
v -59.575542 25.289246 54.733746
v -58.551022 25.243704 52.733826
v -61.541039 21.370752 51.222256
v -61.377682 20.945980 55.778629
v -61.830688 20.582912 55.240726
v -60.350777 21.902142 53.348530
v -61.924053 21.328087 53.817493
v -62.290508 21.486626 54.237835
v -61.519451 21.836128 48.184704
v -61.807865 21.043043 47.239300
v -60.013287 21.492716 49.130699
v -60.149811 21.245234 51.771378
v -61.884125 20.872681 51.966370
v -61.529366 21.147963 53.427387
v -64.634720 21.428209 54.221775
v -62.114643 20.134659 56.308651
v -63.515617 19.259369 58.443390
v -63.542873 20.925573 54.454193
v -61.471622 22.785109 51.010296
v -61.683392 21.846018 54.123260
v -62.081165 21.361958 53.752899
v -63.330280 22.703382 48.120930
v -63.851501 20.559052 50.468849
v -62.759834 22.096310 51.877804
v -64.411797 20.764853 51.037907
v -61.481205 21.016649 53.693935
v -60.201080 20.377153 55.661835
v -61.745419 21.761921 50.667213
v -61.599564 21.090355 48.940674
v -61.121944 22.110947 50.841953
v -60.905804 22.057137 47.365101
v -60.125473 20.351894 50.517883
v -62.743565 20.270649 55.318127
v -64.399994 21.040058 52.989780
v -61.547100 21.848663 52.185928
v -59.605915 22.291037 52.022236
v -59.478832 20.834208 52.319302
v -61.687469 21.752569 49.877335
v -62.060341 22.241091 49.617580
v -63.646271 21.261560 49.905960
v -64.194443 20.018206 52.071045
v -62.969372 21.406311 52.271297
v -65.284271 19.551291 54.664734
v -64.021568 20.438244 55.484142
v -64.393234 19.347288 56.592770
v -61.977722 20.875711 56.225124
v -61.781830 18.973906 58.179451
v -61.822666 19.168217 55.755775
v -60.513096 21.273409 50.003036
v -59.063400 20.771494 50.539845
v -62.219818 22.086010 50.322468
v -59.870247 20.286114 48.072395
v -64.539360 21.435482 47.369465
v -53.803528 19.992804 52.262764
v -53.887512 19.986118 52.722496
v -53.888718 20.042936 52.702766
v -58.335602 21.281118 48.243305
v -57.421803 20.679478 47.661373
v -57.523579 21.296417 50.053444
v -57.803677 21.663349 49.961372
v -57.790710 21.538214 49.085350
v -58.354969 21.143276 50.450306
v -57.971691 20.679800 50.556324
v -52.430756 19.166109 52.519573
v -59.153507 20.996601 50.234512
v -55.671883 21.472862 50.319660
v -54.452324 21.375229 49.833992
v -53.822189 20.919828 50.407261
v -53.340473 20.224686 51.676125
v -54.752182 19.847424 52.919037
v -52.213924 18.792025 53.344048
v -55.800529 21.370161 49.665977
v -60.946190 20.690681 47.266758
v -56.436867 21.670099 52.292637
v -54.359016 20.295708 53.035671
v -53.763218 19.830961 49.048702
v -55.270153 21.706661 49.517776
v -59.392033 21.131289 48.474926
v -53.913391 19.937464 52.734371
v -52.999638 19.412251 50.755463
v -54.424911 20.629061 51.142612
v -58.298225 21.082615 47.497871
v -58.043518 21.501945 49.015785
v -58.583515 21.757320 50.903996
v -56.696747 21.658167 48.180489
v -57.208546 21.526697 51.029217
v -54.781639 21.190838 50.560051
v -60.831028 20.804998 48.522480
v -55.919224 19.772478 47.492912
v -56.143204 21.877735 49.182426
v -56.061142 21.563776 51.049553
v -54.604397 21.171406 50.560501
v -54.910336 20.671188 50.091328
v -58.247070 21.512897 48.193802
v -59.143501 21.346796 47.943192
v -55.330814 20.469679 52.349678
v -55.176025 21.140100 49.851479
v -58.493431 21.276051 48.111732
v -57.512947 21.958447 51.069862
v -58.445728 21.347546 48.692879
v -58.115669 21.778332 48.814499
v -58.108051 21.779652 50.315033
v -58.742207 21.839977 50.211498
v -56.715679 20.017670 51.795910
v -55.806332 20.517824 51.614536
v -53.587646 20.465572 52.218609
v -52.501648 19.924944 52.056019
v -53.579716 19.218891 53.091114
v -59.505154 21.782379 47.738274
v -60.765415 21.268522 47.224030
v -59.330856 20.875381 46.896843
v -57.078316 21.180286 47.908360
v -59.299217 20.261818 41.624775
v -61.682365 20.023067 40.525570
v -61.548161 20.635168 40.102139
v -59.883106 20.022100 42.841885
v -60.306004 20.058504 42.575329
v -64.259018 19.646400 40.997272
v -62.798424 20.274736 41.026260
v -59.835789 20.909611 41.054848
v -63.520634 19.921766 39.373745
v -62.155090 19.101778 39.391438
v -59.924393 19.591644 38.200127
v -61.278648 19.564163 39.036053
v -61.654655 19.892368 37.731400
v -60.166885 19.788767 42.529804
v -62.659328 20.440126 42.533512
v -59.745495 20.292683 40.815689
v -57.898304 20.321627 40.643810
v -61.177807 18.762131 37.289841
v -59.489567 19.650925 39.951618
v -58.725262 18.577003 38.469002
v -54.306087 21.269863 39.045166
v -53.823174 21.262522 39.217018
v -53.844746 21.324831 39.214840
v -59.455143 22.682819 43.243603
v -59.924217 22.022964 42.151936
v -57.352657 22.699589 42.683243
v -58.447693 22.964792 42.802010
v -57.069427 22.531631 43.653114
v -56.887177 22.023314 43.256866
v -53.786381 20.363176 37.604305
v -57.443600 22.370764 44.479565
v -56.738464 22.893106 40.725601
v -57.415413 22.480295 39.247295
v -56.317978 22.286566 38.738686
v -54.859592 21.524168 38.440609
v -53.762661 21.110411 40.187630
v -52.855701 19.952900 37.514740
v -57.468735 22.780466 40.749779
v -60.971878 22.035250 45.897701
v -54.737350 23.109425 41.901070
v -53.567173 21.602064 39.782558
v -57.778278 21.092348 38.435661
v -57.535805 23.149532 40.149555
v -59.390392 22.518488 44.427998
v -53.814888 21.209154 39.247112
v -55.796230 20.633135 37.909557
v -55.628059 21.967663 39.520607
v -60.255520 22.465101 43.071899
v -58.567509 22.925081 43.063393
v -56.618515 23.205090 43.980400
v -59.234604 23.096344 41.458447
v -56.095810 22.963062 42.599518
v -56.321503 22.583797 39.804214
v -59.592262 22.160627 45.994122
v -59.842045 21.028208 40.495693
v -58.052540 23.337151 41.035595
v -56.010281 22.987139 41.275528
v -56.444046 23.215652 39.872501
v -56.289814 22.562481 39.612427
v -56.851566 22.013866 39.861012
v -59.493153 22.936981 43.139023
v -59.922241 22.754841 44.065323
v -54.480865 21.792866 40.713783
v -57.157986 22.528152 40.106392
v -59.625351 22.677259 43.391293
v -58.987846 22.755665 43.441967
v -58.798084 23.228125 43.106068
v -57.172405 23.229593 43.362003
v -57.396469 23.294012 44.029743
v -55.324150 21.297125 42.115444
v -55.360397 21.845673 41.099125
v -54.315868 21.788361 38.803669
v -54.300667 21.195421 37.599442
v -53.575031 21.086300 38.762501
v -53.333439 19.902601 39.087349
v -60.554268 23.512302 44.113144
v -59.672962 22.993080 44.611725
v -60.986317 22.668995 45.694489
v -61.087940 22.237814 44.083927
v -57.449955 23.190220 42.862556
v -59.596378 22.572227 41.823589
v -55.626705 20.454077 44.534409
v -61.355244 21.509949 45.308659
v -55.465134 20.708170 44.876747
v -55.075161 20.739101 44.939140
v -60.542114 20.526873 45.957474
v -61.319962 20.303307 46.792774
v -57.912151 21.046535 45.741634
v -58.245213 21.075308 45.185692
v -57.805309 21.212967 43.625977
v -57.521931 20.463457 44.977943
v -56.438858 20.289713 44.947926
v -53.721054 19.141043 44.143055
v -53.707138 20.427670 44.212574
v -53.817474 19.881392 44.338360
v -54.046383 19.732021 42.426781
v -50.830959 19.183115 44.895603
v -54.129333 20.489599 46.656681
v -57.980816 21.693272 44.939045
v -55.304260 21.201721 44.564659
v -53.490311 19.694599 46.765919
v -54.520622 21.116259 46.202690
v -61.200752 21.087933 46.728527
v -55.482998 20.734674 45.018875
v -59.945358 21.904646 47.962776
v -56.643555 19.748009 47.669132
v -56.267529 21.602816 43.095509
v -52.194286 19.108994 46.201839
v -58.823063 19.653152 44.242279
v -53.999088 19.911577 45.137154
v -55.463676 20.394325 47.299328
v -56.926384 21.052044 44.436813
v -57.455765 20.153633 43.162384
v -56.374958 21.389753 46.437969
v -58.916779 20.868536 46.015835
v -58.862904 21.083843 46.089169
v -59.501129 20.331091 46.009548
v -59.951488 20.815962 44.434444
v -58.624737 20.610489 47.699951
v -59.419754 21.408161 46.435314
v -58.294994 20.281836 47.051769
v -56.586720 20.600901 46.027992
v -52.594997 20.205959 44.053787
v -51.532803 18.808590 43.461971
v -55.673183 20.896301 44.017067
v -59.188530 20.488264 44.737381
v -59.120842 20.038008 43.312698
v -58.428131 21.682541 45.761002
v -58.166801 21.984207 45.401073
v -60.294670 20.168890 45.193699
v -60.334019 20.599766 49.010056
v -59.348221 27.065941 39.734859
v -61.914452 26.610598 40.913406
v -61.592674 26.957954 40.587841
v -61.376919 27.080420 40.334572
v -62.039513 27.537916 40.306908
v -61.900414 25.276468 45.900311
v -63.477455 27.054768 42.532097
v -62.103729 26.277617 42.488224
v -61.990650 26.908146 38.437473
v -60.442009 28.439491 35.575989
v -62.514881 27.203562 41.907330
v -60.839565 27.156183 40.712269
v -60.209141 26.764244 45.933350
v -61.419319 26.479177 43.850014
v -63.331608 26.178274 44.720913
v -59.223442 25.487480 42.856407
v -63.285378 27.580286 40.965218
v -60.043262 27.402271 39.212471
v -61.587654 27.090639 38.683849
v -62.097580 26.543137 43.888138
v -62.453529 26.049196 46.464767
v -63.215160 25.268051 43.299316
v -59.292889 26.477472 41.266514
v -61.272743 26.662189 42.144840
v -63.827194 26.146286 41.828922
v -60.463722 26.764395 42.197346
v -61.502056 26.576437 44.448517
v -61.338482 26.930897 44.170826
v -61.855904 26.346361 38.506088
v -61.296867 26.214661 41.242046
v -59.841469 25.957764 44.329262
v -61.347485 25.785875 44.259674
v -59.494186 25.331858 41.767815
v -62.393627 27.026403 43.431313
v -60.793339 26.652760 38.927513
v -58.453011 25.845924 39.095718
v -62.340488 26.910845 40.521198
v -63.585545 26.914974 38.168808
v -61.450562 27.909386 37.230694
v -59.386009 26.858595 37.203423
v -61.296555 27.730856 35.255360
v -62.095493 27.914902 38.689129
v -62.839775 25.960117 43.973396
v -64.186043 25.654600 43.398281
v -62.738510 25.369432 45.057201
v -59.100971 25.458902 46.288437
v -59.516983 13.135181 34.072155
v -58.263470 13.329683 34.268795
v -58.831341 13.660287 34.582226
v -60.336483 11.033061 34.565056
v -57.457191 14.489106 37.756493
v -56.163513 14.675599 37.150784
v -60.344597 16.639544 41.629673
v -58.701042 15.807766 42.421669
v -58.343258 15.163313 41.480438
v -59.457809 15.431553 39.209007
v -59.460934 15.118044 38.311546
v -58.054436 15.518219 38.799931
v -57.186783 15.551211 37.157906
v -57.534348 13.538892 38.136753
v -60.023830 14.593399 44.104088
v -61.117535 16.614996 42.955925
v -59.861362 15.639030 39.735531
v -60.143349 16.092760 39.723026
v -59.294876 14.699759 38.589870
v -57.599155 15.098295 38.293594
v -61.500980 16.106028 44.694378
v -59.066578 15.867139 42.769455
v -58.356125 15.261347 42.191914
v -61.516354 15.539110 40.046288
v -57.724907 15.989647 39.368786
v -60.513294 14.052050 37.935585
v -55.867313 13.897732 36.095825
v -56.085155 11.462992 36.355278
v -58.190422 13.793855 33.556534
v -55.317303 12.443187 34.463470
v -54.955677 10.770640 31.249397
v -55.875530 9.743328 30.920088
v -54.345013 10.747335 34.334705
v -58.620491 14.217372 35.136539
v -55.609344 11.034148 31.889641
v -55.727367 10.231448 30.437883
v -54.959610 10.136132 30.053373
v -61.831989 16.000092 43.325985
v -59.161369 14.436216 44.432625
v -59.388325 14.904313 39.289726
v -59.827435 14.832639 38.542927
v -58.326859 10.972542 32.585686
v -58.906158 15.955700 43.300735
v -58.178669 16.176245 42.434311
v -61.435646 16.703743 41.361767
v -58.632668 15.679085 39.741322
v -54.927464 11.892271 33.181755
v -55.243011 12.882790 34.117439
v -56.098309 10.524815 31.113420
v -54.761463 9.126397 31.533211
v -56.002785 13.914277 35.696774
v -57.645294 14.596878 34.083946
v -56.522205 14.718527 38.450596
v -57.118446 14.151157 38.394955
v -57.337914 13.397421 34.122009
v -56.052074 12.251510 32.467934
v -55.622810 14.164320 36.096283
v -57.167290 14.193928 35.190449
v -56.056919 12.739411 31.977365
v -57.002106 12.070150 31.629745
v -59.195965 15.051461 36.211742
v -58.546715 15.467391 38.104107
v -60.409763 13.344264 37.612900
v -56.845959 14.011769 39.623730
v -59.824539 16.117483 41.195835
v -60.176392 14.891163 39.509956
v -61.058189 15.064624 39.138699
v -57.142010 13.391963 41.590076
v -59.038361 16.294199 41.630722
v -60.317593 15.944994 44.106113
v -61.020161 15.992728 41.413971
v -60.725140 16.191938 44.941425
v -55.614391 14.707576 39.100750
v -55.779259 11.935172 40.032345
v -55.020412 9.430546 33.687702
v -58.992970 15.654778 36.866245
v -57.857826 12.785304 32.892334
v -56.443081 17.584728 44.129372
v -55.231197 17.653795 43.131561
v -49.179237 16.150543 38.513023
v -49.350399 15.893459 38.499043
v -56.404259 17.672150 44.157612
v -54.962547 17.797750 43.139511
v -53.735096 16.961283 43.190945
v -51.336494 16.845663 40.694187
v -53.330566 17.266745 39.655220
v -47.739376 14.613507 38.464592
v -54.625042 17.640572 43.525974
v -52.490925 17.322142 40.846962
v -57.435619 17.660011 43.317356
v -57.536037 16.530113 42.698341
v -57.143620 16.809269 42.513622
v -57.447636 16.889828 42.275364
v -56.255539 17.369385 43.630737
v -53.613346 17.701920 44.361286
v -54.801266 16.895384 39.755779
v -53.318272 17.651541 40.561020
v -52.705215 17.450996 39.862423
v -52.258095 17.492430 39.159325
v -51.407745 17.362717 39.450054
v -49.602962 16.111851 40.302364
v -49.974426 16.455017 38.581127
v -60.995953 16.600058 45.554234
v -56.119610 16.835903 41.729084
v -55.658939 17.780380 42.683189
v -53.950832 18.166597 40.474777
v -50.283825 16.110418 41.876945
v -57.075928 16.564768 45.667953
v -49.326900 15.950580 38.536827
v -55.827030 18.144154 43.160378
v -54.335453 17.379610 40.891891
v -56.885036 17.390064 44.672825
v -56.317738 17.448317 43.080273
v -59.734440 18.222660 43.755737
v -59.355743 17.826067 42.380260
v -52.765076 17.508759 43.485653
v -58.484425 17.503378 42.926338
v -56.505844 15.182966 46.033730
v -57.908855 17.273735 41.780128
v -56.039307 17.658258 42.144161
v -51.489288 18.159073 42.740887
v -51.618099 15.789289 42.590218
v -49.346558 15.846527 38.532986
v -48.499123 15.153075 38.999748
v -56.926178 16.964514 42.223763
v -54.615528 18.151186 42.425686
v -54.063267 17.603571 42.387901
v -49.478325 16.493481 39.923195
v -51.568420 16.903297 38.040279
v -48.992691 15.469108 37.537666
v -47.821236 14.688147 37.561222
v -51.835636 17.407307 40.159039
v -50.987144 17.189096 40.924610
v -52.343441 17.906399 40.563557
v -53.954018 17.274643 40.343906
v -55.385445 17.555714 42.536407
v -54.870926 17.982861 41.190254
v -55.917393 17.951773 40.895699
v -52.879059 18.002731 41.975761
v -48.304848 13.524948 40.244678
v -48.853424 16.056831 38.367821
v -50.883774 15.299777 37.505722
v -51.252552 15.459310 41.562256
v -56.817879 17.049238 40.354782
v -56.031860 15.425221 39.494678
v -57.113819 16.700184 41.555836
v -53.694744 16.989967 44.505508
v -58.050186 18.314331 43.013355
v -59.434734 17.461258 44.602013
v -59.788624 16.587360 45.494232
v -58.490860 17.254976 45.598324
v -56.650570 17.871525 44.546249
v -55.893898 17.543936 44.305923
v -54.905571 17.406986 44.026417
v -55.439297 15.576790 45.776142
v -57.412422 17.285995 44.080650
v -52.901386 17.604406 39.389042
v -52.821938 16.589846 38.686287
v -60.444851 23.251736 38.221233
v -60.613632 23.330202 37.964245
v -60.347336 23.402935 37.992577
v -64.637413 24.237862 38.064926
v -64.299889 23.999502 37.830719
v -64.541397 23.785854 38.027267
v -64.726761 8.732878 47.150414
v -64.920204 8.629872 46.655300
v -65.344261 8.304222 47.091850
v -64.988197 25.340584 48.358746
v -64.724510 25.660772 47.909790
v -64.534676 25.136787 48.173630
v -62.779808 22.316334 52.360458
v -63.161777 21.803503 52.389469
v -62.934635 22.195244 52.590008
v -69.556328 13.735982 45.995754
v -70.272697 14.356891 45.176552
v -65.152138 13.632159 47.313885
v -65.261139 13.127380 45.647976
v -66.288193 12.978289 45.588768
v -67.626434 13.592938 47.240166
v -68.413071 13.606684 47.493973
v -68.256638 14.104327 46.258755
v -69.702461 14.807704 46.094818
v -69.584709 12.860173 45.824860
v -64.092194 11.375444 46.024807
v -63.966118 13.045938 47.503445
v -67.054726 13.509529 47.418201
v -66.833099 13.804678 47.700706
v -68.392342 13.235190 47.223160
v -68.900986 14.026357 46.007996
v -62.740559 12.048538 47.193115
v -64.886253 12.987910 45.835697
v -65.714111 12.844830 45.382195
v -66.440468 12.957755 48.630856
v -67.743988 14.385855 45.867603
v -68.808205 12.634527 48.332233
v -71.416679 14.118762 45.187210
v -72.020584 12.077105 44.994827
v -72.786461 14.236335 47.847630
v -73.338310 13.804007 45.132648
v -76.401169 13.264929 45.646328
v -76.777168 12.338752 46.368179
v -71.336731 14.013372 47.734642
v -75.661003 13.137995 45.995068
v -77.008545 12.896096 46.460880
v -77.525627 13.107850 45.958542
v -63.726257 12.289196 47.884666
v -64.116570 11.355765 45.211239
v -67.769066 13.170914 47.097305
v -68.247223 13.230295 47.679741
v -74.473465 12.263807 47.939281
v -64.494820 12.939435 45.547165
v -65.252220 13.534200 45.268948
v -65.057037 13.507983 48.279903
v -67.344620 13.823381 46.438194
v -74.440842 13.167619 44.778847
v -75.501717 13.599244 46.480507
v -76.809303 11.932330 45.208542
v -71.677879 14.216167 45.425491
v -69.186714 13.930697 45.051830
v -69.278854 13.362898 45.480656
v -71.384102 14.384794 45.022484
v -72.097153 14.181144 46.634949
v -73.129700 14.765005 47.187294
v -75.145157 13.708517 47.313328
v -70.087479 14.225306 47.947548
v -68.676003 14.152948 46.869823
v -69.326698 12.195572 48.270538
v -68.469856 12.959225 44.852386
v -67.410255 12.914327 47.655628
v -67.407364 12.955019 48.500244
v -67.132607 11.831628 44.386463
v -65.600502 13.662732 46.228359
v -63.537624 12.368629 46.416508
v -65.570641 13.254611 47.259254
v -62.718437 12.223556 46.503117
v -68.928070 13.942866 44.115860
v -69.160660 11.453339 43.626102
v -75.011055 11.492368 44.761127
v -69.431992 14.556863 47.645565
v -73.725342 13.710698 47.676880
v -66.550316 16.543438 43.697227
v -67.971123 16.296251 43.187035
v -74.333832 13.413111 40.310364
v -74.198257 13.177421 40.439457
v -66.567924 16.630424 43.657856
v -68.133217 16.418667 42.970596
v -68.505409 15.576441 41.854485
v -71.675369 14.721852 41.083290
v -71.612366 14.973709 43.295155
v -74.725006 11.875717 39.010525
v -67.954697 16.346918 42.484894
v -71.090233 15.271570 42.008366
v -66.723122 16.470133 44.933659
v -66.899376 15.261200 45.233849
v -67.309845 15.456629 45.020565
v -67.368103 15.490808 45.398724
v -66.991997 16.208155 43.770885
v -67.805367 16.553371 41.231888
v -70.708946 14.730839 44.441929
v -70.984711 15.557161 42.866501
v -71.802574 15.163098 42.685684
v -72.598877 15.004712 42.664829
v -72.759644 14.906828 41.801140
v -72.679764 13.839293 39.773212
v -73.954857 13.760345 40.964111
v -62.900955 16.219894 46.708313
v -67.755829 15.615899 44.763012
v -68.146881 16.329054 43.776234
v -70.860786 16.055540 43.478046
v -71.078239 14.262099 39.559963
v -64.758698 15.996850 43.380173
v -74.193344 13.239103 40.405697
v -67.767464 16.797586 43.708931
v -70.146965 15.439109 43.528847
v -65.847908 16.518255 43.780655
v -67.420700 16.150778 44.102066
v -65.358353 17.234545 46.678314
v -66.554619 16.503044 47.012890
v -68.884224 16.109739 40.943295
v -66.475304 16.285147 45.989628
v -64.420837 14.755394 42.612652
v -67.626053 15.755973 46.059708
v -68.359612 16.103073 44.350975
v -70.272873 16.467741 40.300888
v -69.764130 14.209211 40.293133
v -74.161804 13.141406 40.415661
v -74.045685 12.556659 39.421909
v -68.962540 16.556639 43.063541
v -69.137962 16.001680 42.577885
v -73.136726 14.098244 39.887894
v -73.699112 14.137773 42.597492
v -75.045753 12.522573 40.583939
v -75.425552 11.728810 39.532791
v -71.988739 15.146481 41.809925
v -71.747124 15.081969 40.705200
v -71.530174 15.743323 42.072754
v -70.751320 15.184750 43.474133
v -68.347427 16.066551 43.602959
v -69.784470 16.109396 43.875748
v -69.490501 16.066019 44.891994
v -70.154549 16.210178 41.826763
v -72.757240 11.320127 38.512024
v -74.590462 13.271266 40.103184
v -74.086746 12.460514 42.163185
v -70.691360 13.626355 40.471680
v -69.258942 15.134515 45.838844
v -69.890129 13.437899 45.294670
v -68.112549 15.094139 45.371948
v -67.479424 15.923708 41.171204
v -66.815811 17.045055 45.649345
v -64.648560 16.709467 45.947674
v -63.548794 16.126163 45.730263
v -64.272598 16.707489 44.649929
v -66.181175 16.926971 43.686485
v -66.673370 16.517885 43.148445
v -67.358070 16.265608 42.451912
v -65.253609 15.003327 41.882572
v -66.034111 16.304379 44.505795
v -72.119873 15.202409 43.096298
v -72.481033 14.071111 43.297306
v -66.301346 16.779032 55.937836
v -66.176514 16.865412 56.129013
v -66.130257 16.623880 56.018246
v -64.607765 24.675392 46.101841
v -65.121262 25.193190 45.688198
v -66.354378 24.446693 47.822662
v -65.201653 24.207872 46.514359
v -65.792480 24.579258 46.171608
v -66.072655 25.274361 46.366531
v -66.699875 24.533222 46.657589
v -66.083015 24.662706 45.432335
v -67.770447 24.599060 46.111004
v -67.544006 24.645205 48.590248
v -68.172958 24.568857 45.412388
v -69.037933 25.532038 47.829372
v -65.519943 23.669125 48.645508
v -66.523773 25.358831 47.222153
v -67.937088 25.653744 48.076725
v -66.825653 25.182539 46.424118
v -70.205620 25.778530 46.922821
v -70.073799 25.503456 47.226570
v -70.405701 24.969788 47.020981
v -71.359589 24.911634 45.325142
v -73.223671 25.060612 46.470684
v -70.655243 24.989458 48.845638
v -68.520729 25.063469 44.891949
v -67.591431 24.118006 44.931149
v -67.748444 24.504313 45.812290
v -66.452919 24.313366 45.971825
v -65.089432 24.779686 47.416439
v -67.026131 25.717342 47.910038
v -69.484016 25.414961 44.812256
v -68.272293 24.043966 45.686901
v -70.410011 24.476490 44.506344
v -72.999146 24.975092 47.682983
v -67.375267 21.456034 46.749832
v -67.704010 21.033743 49.899113
v -67.702408 21.829380 49.445961
v -66.025833 21.216295 46.713192
v -66.069763 21.252716 47.211201
v -65.578331 20.852110 51.467556
v -67.637131 22.103825 47.487488
v -67.449326 21.115978 51.533348
v -70.136124 20.785856 48.870369
v -68.773872 20.758379 49.693211
v -69.762680 21.086588 50.623676
v -66.173828 20.982944 47.108280
v -65.303253 21.752045 48.859676
v -67.891136 21.486897 47.516422
v -68.887840 21.515842 45.951748
v -66.393440 21.186733 50.184105
v -70.373306 19.956347 50.401192
v -68.776688 20.845139 47.683472
v -70.444717 19.771212 47.680843
v -66.835495 22.427790 46.457352
v -65.776932 23.773773 45.015167
v -68.073601 24.708548 44.501049
v -69.530350 24.129374 44.428547
v -69.080795 23.679739 40.690262
v -73.376266 24.110548 41.546242
v -74.036079 23.707188 39.947918
v -64.597763 24.170071 44.874046
v -66.819016 21.844246 45.859169
v -65.731407 24.486240 44.521996
v -65.839470 23.661770 42.076145
v -67.276543 24.651192 42.838177
v -68.062714 24.390648 43.235851
v -66.856323 24.619101 41.783920
v -69.099724 24.653908 43.278297
v -68.429146 22.410862 41.594685
v -70.119240 25.135185 42.075047
v -70.324295 23.992516 40.640278
v -71.664085 24.765594 40.786213
v -72.844177 23.509844 39.927158
v -73.745087 23.067656 40.691654
v -71.646317 24.109516 41.027882
v -68.638550 24.386190 42.365826
v -71.857758 23.879467 42.382019
v -71.404839 24.076738 43.277554
v -69.954918 24.373440 42.932598
v -69.350914 24.321802 43.649532
v -64.863533 23.575539 44.854103
v -65.741959 22.585602 42.873283
v -64.499931 23.488018 42.117165
v -66.065445 23.949402 43.714588
v -69.886246 24.977556 43.664833
v -67.780090 24.122843 44.571293
v -65.732353 21.762075 42.658375
v -67.670364 23.887596 45.098328
v -69.809998 23.400993 44.036530
v -62.669613 19.771580 38.840519
v -65.107742 19.470285 37.680241
v -64.624168 19.424276 38.605801
v -65.879990 19.655205 37.545040
v -65.770638 18.874443 38.270214
v -67.272560 17.826757 38.093510
v -65.095505 19.281918 37.023087
v -63.495377 18.381233 35.967278
v -65.483215 18.399090 35.289936
v -66.048195 18.797207 34.867821
v -66.756027 16.960466 33.376118
v -66.211281 17.354656 32.427437
v -65.505653 19.244265 38.674564
v -63.126629 17.764759 37.399586
v -65.039619 19.232922 38.990421
v -63.541931 18.902382 37.354496
v -64.610321 18.147718 34.648449
v -64.530533 16.842196 33.896255
v -66.362083 17.973598 34.137333
v -65.384079 17.140608 33.006321
v -63.397213 17.620192 34.747047
v -63.494778 19.815323 38.630302
v -63.957970 18.623291 34.731598
v -65.644814 18.696878 36.616318
v -66.621597 19.097618 36.573692
v -67.206581 17.421516 35.878662
v -65.725426 19.578297 39.450001
v -62.041077 19.312050 39.367516
v -63.446419 20.124748 39.535843
v -62.379696 19.958530 37.365040
v -66.599678 19.269182 38.411777
v -66.896866 21.179106 42.471970
v -66.273453 21.063751 42.499542
v -66.631645 21.216894 42.860653
v -66.737236 24.613991 47.352844
v -67.035713 24.849409 47.282883
v -66.501770 24.922939 47.298523
v -67.773148 21.145863 48.800026
v -68.131004 20.836037 48.419537
v -67.989510 20.675186 48.755074
v -67.833267 20.142561 38.786190
v -67.523636 20.155523 38.806911
v -67.679024 19.981297 39.041214
v -67.767830 21.141438 42.182354
v -67.742493 20.612965 42.425022
v -68.809769 19.570845 43.049797
v -67.616547 21.087076 42.372185
v -67.897675 21.479765 42.247623
v -67.088753 21.387383 42.395023
v -67.643623 21.062557 41.699001
v -68.015335 21.073927 42.200596
v -67.994911 21.178431 42.646488
v -66.901428 21.568001 42.008488
v -66.935463 21.482281 41.980476
v -69.548203 19.090052 37.962429
v -69.760254 18.993654 38.191643
v -69.524582 18.905434 38.176861
v -68.180481 11.854036 37.855705
v -66.814674 12.362758 37.697830
v -67.765450 11.267740 37.630180
v -68.156540 9.759688 38.493130
v -67.336205 11.561466 37.636784
v -72.294891 13.263040 48.667034
v -72.393211 13.648076 47.623730
v -71.897888 13.686777 48.016216
v -72.454208 11.276940 48.919991
v -72.454422 13.670143 41.548573
v -72.396965 13.554095 41.292107
v -72.592773 13.413818 41.408302
v -67.028030 9.173810 43.633419
v -67.540367 8.986810 43.369106
v -67.689796 9.015717 44.157448
v -73.065453 13.473638 42.513065
v -73.160057 13.092018 42.535328
v -73.092728 13.290498 42.216335
v -71.693405 13.710703 40.600330
v -71.678314 13.637769 40.911209
v -71.695160 14.109574 40.934204
v -71.995316 19.563292 51.652843
v -72.155693 19.433561 51.684921
v -72.133980 19.612253 51.760674
v -70.067162 20.276896 53.522915
v -70.640762 20.491573 52.685287
v -70.367996 20.241556 52.421860
v -69.982468 18.546906 54.450321
v -73.625587 12.531113 39.276825
v -73.604523 12.550847 39.276272
v -71.951775 14.547986 53.829914
v -71.563225 14.369661 53.728977
v -71.834045 14.347305 53.530201
v -73.036003 13.399551 45.933907
v -72.828384 13.352103 45.974812
v -72.911896 13.257968 45.850441
v -65.991882 11.529057 36.304485
v -65.819290 11.453648 36.199486
v -65.832336 11.653079 36.214565
v -71.955559 14.158103 44.152855
v -71.507446 13.737494 44.150242
v -71.996284 13.604778 44.351192
v -69.648041 15.115721 53.600189
v -69.423904 14.599621 53.354134
v -69.553581 14.607490 53.882935
v -69.839882 16.482897 43.966526
v -69.414253 17.380276 44.552376
v -69.106667 17.199076 44.263908
v -72.047150 14.380854 52.509991
v -72.336029 14.540601 52.461567
v -72.180710 14.344508 52.736988
v -71.934753 18.275932 45.637024
v -71.914604 18.550848 45.491993
v -72.107384 18.444939 45.624207
v -74.698959 13.551686 52.480324
v -74.685669 13.565554 52.458782
v -74.329735 18.021860 46.479950
v -74.332932 17.813114 46.448963
v -74.150467 17.888411 46.412258
v -69.427803 19.748446 46.847183
v -71.150902 19.435364 46.906696
v -70.907639 19.346624 48.047852
v -70.953476 20.152790 46.986378
v -71.928345 17.877775 49.103714
v -71.779449 19.067770 46.941574
v -71.696289 19.500051 45.489708
v -73.755058 19.010832 46.431931
v -74.162498 19.476440 46.642113
v -76.038879 18.093569 46.681328
v -76.761826 18.569258 45.990070
v -68.969322 19.826960 45.054165
v -69.965500 19.630142 47.236443
v -69.921761 19.906277 44.802216
v -70.643959 17.999868 44.481594
v -69.583649 19.317341 45.763222
v -71.244583 19.265856 47.067482
v -72.267990 18.593979 44.627544
v -72.214920 19.332922 47.859936
v -71.135155 18.873123 45.546230
v -73.942238 18.951784 44.983429
v -75.226929 18.875307 46.809250
v -75.952141 18.234200 45.352657
v -73.424065 18.426577 44.120670
v -73.051285 19.328156 47.423401
v -73.932915 18.210155 47.851772
v -69.880074 19.675585 48.054180
v -69.707947 19.185192 47.353287
v -68.347145 19.543863 45.382698
v -68.856621 18.987411 44.169086
v -74.884766 17.630619 44.883896
v -72.408630 14.272939 51.423256
v -72.256851 14.557506 51.744530
v -72.004517 14.595903 51.523396
v -69.517670 23.318682 53.913460
v -69.919510 23.025606 53.643909
v -69.572289 22.781767 53.793221
v -69.395523 23.367666 41.869099
v -69.722717 23.447281 41.932209
v -69.583603 23.526424 41.684891
v -65.841187 17.145796 34.968056
v -65.708778 17.243912 35.097778
v -65.874199 17.365961 35.023788
v -66.303528 21.829466 41.499840
v -66.329872 21.815300 41.581715
v -66.409492 15.568480 53.403145
v -66.896263 15.172088 53.045815
v -66.276756 16.206915 52.951038
v -66.441017 23.315819 44.691208
v -66.362198 23.521576 44.480610
v -66.412018 23.631222 44.783115
v -65.984024 21.193365 47.293159
v -65.955460 21.185581 47.045479
v -64.931892 20.933702 41.632275
v -65.132484 20.870790 41.768482
v -65.028023 20.973934 41.916317
v -64.074463 18.246162 36.675289
v -64.323631 18.215416 36.593563
v -64.276199 18.033367 36.771023
v -66.106369 15.902280 58.426731
v -66.220734 15.777078 58.238201
v -66.047569 15.820598 58.219341
v -60.418068 19.999159 42.614174
v -60.210800 19.991375 42.752735
v -56.866959 21.619444 49.839336
v -56.864368 21.607479 49.766579
v -58.427963 22.450254 41.490299
v -58.387531 22.343191 42.068081
v -58.758362 22.485329 41.775921
v -54.549625 20.511284 38.569099
v -54.783375 20.421814 38.397766
v -54.744862 20.339924 38.613529
v -53.401962 19.301855 51.969219
v -53.290760 19.219574 51.738449
v -53.489532 19.151600 51.818493
v -60.940647 20.558859 53.886425
v -59.981396 20.289597 53.664814
v -60.488018 20.981354 53.773663
v -58.974468 20.365318 49.659355
v -59.521233 20.741278 49.619228
v -59.310589 20.260357 49.204247
v -58.252880 22.415289 40.656559
v -58.473927 21.924833 40.705612
v -58.411964 22.364840 40.816120
v -58.326767 22.729311 40.543751
v -58.178814 22.762802 41.278580
v -58.295849 22.352638 40.430267
v -58.704868 22.449636 40.496197
v -58.001865 22.008060 40.670200
v -59.123451 20.942875 39.755909
v -55.228222 20.250591 51.459057
v -55.006069 20.186399 51.744682
v -55.212193 20.015015 51.711826
v -56.497051 21.398176 49.287521
v -56.462860 21.325638 49.302513
v -55.643837 20.000462 43.988106
v -56.097977 19.735167 43.209930
v -55.896351 20.378878 43.630302
v -56.607357 21.069073 48.911114
v -57.121418 20.971457 49.032055
v -56.912762 21.101059 48.655560
v -57.053776 25.249725 44.829304
v -56.940979 25.101213 44.411572
v -57.219940 24.962175 44.682308
v -64.261162 25.083704 44.087654
v -63.753521 25.403893 44.203377
v -63.947678 24.879910 44.464054
v -62.333714 16.966778 38.509586
v -61.732178 16.570377 38.456821
v -62.135071 17.605202 38.936871
v -53.887131 18.505606 48.825714
v -51.857750 18.204317 47.044582
v -52.899086 18.158304 47.123020
v -51.428368 18.389236 46.388634
v -52.137730 17.608475 46.202496
v -51.381851 16.560795 44.892681
v -51.258930 18.015947 47.315529
v -50.921436 17.115267 49.202660
v -49.513645 17.133123 47.644318
v -48.902615 17.531242 47.292152
v -47.252605 15.694503 47.231461
v -46.596443 16.088690 48.106785
v -52.613880 17.978287 46.286110
v -52.382874 16.498796 48.975342
v -53.088207 17.966955 46.589386
v -52.177315 17.636400 48.611664
v -49.269352 16.881748 48.699680
v -48.609921 15.576219 49.070236
v -48.107544 16.707634 47.292503
v -47.455105 15.874640 48.637875
v -49.839333 16.354216 49.775070
v -53.367916 18.549349 48.150784
v -49.603531 17.357319 49.266068
v -50.668194 17.430906 46.971710
v -50.243008 17.831648 46.091278
v -49.373375 16.155548 45.828590
v -53.239346 18.312330 45.777786
v -54.619621 18.046078 49.194809
v -54.218857 18.858780 47.837345
v -52.646336 18.692560 49.675125
v -51.940128 18.003210 45.385002
v -51.316372 16.756739 48.190769
v -51.358131 17.004419 48.363197
v -51.172832 16.934523 48.182098
v -51.266098 15.786786 39.596684
v -51.117210 16.084206 39.589779
v -51.004753 15.828060 39.458939
v -52.457909 14.235711 55.099075
v -52.648849 14.144147 55.240833
v -52.572887 14.309155 55.325748
v -51.084610 14.842048 52.567421
v -51.676846 15.029074 53.622604
v -51.770370 15.341769 53.009655
v -51.244865 12.832594 51.678928
v -60.453640 10.947680 43.885571
v -59.958080 10.748181 43.973797
v -60.180489 10.444089 43.395428
v -56.944016 9.287345 49.782379
v -56.527531 9.030561 50.085457
v -56.598782 8.722419 49.290836
v -58.923744 9.421685 46.485973
v -58.815823 9.303998 46.953114
v -58.554672 8.853063 46.600185
v -60.640762 10.714775 49.347790
v -60.925137 11.092461 49.230556
v -60.773441 10.722151 48.948845
v -56.249416 10.569559 43.683266
v -55.807621 10.284418 43.381874
v -56.396091 10.414601 42.851398
v -59.598618 15.283460 57.709900
v -59.470726 15.479556 57.840187
v -59.583302 15.294851 57.996563
v -60.395218 14.516769 60.026501
v -60.410149 14.529770 60.008099
v -53.837448 15.330393 49.870220
v -54.079090 15.936844 49.123528
v -54.024319 16.314226 49.325943
v -60.622185 15.192287 57.674938
v -60.291241 15.458808 57.639992
v -60.408806 15.494766 57.348583
v -57.844555 15.981609 55.906761
v -57.992966 15.498058 55.632034
v -57.565392 15.505616 55.910614
v -58.312897 15.439981 57.963722
v -58.312321 15.284076 57.644066
v -58.610062 15.326246 57.902451
v -49.185379 15.888367 47.572521
v -49.027279 15.990388 47.381527
v -49.222931 16.108135 47.443039
v -50.849312 15.725887 40.639973
v -51.042629 16.221655 40.583542
v -51.265999 15.961810 40.565475
v -53.856625 16.616289 38.705204
v -54.065750 16.085945 38.976410
v -53.977242 16.094246 38.423763
v -56.394535 12.524331 34.431610
v -56.432251 12.587976 34.632488
v -56.316189 12.386789 34.583618
v -51.789024 16.077709 38.448059
v -51.736408 15.724721 38.257656
v -51.502853 15.877753 38.532871
v -48.591213 15.009697 39.424168
v -48.603054 15.023987 39.447300
v -58.579617 20.979530 41.952774
v -58.763557 20.913633 41.851044
v -58.831501 20.993818 42.012154
v -57.938995 24.044128 42.973866
v -57.776318 24.256317 43.136204
v -58.039543 24.369150 42.961922
v -56.847820 24.503525 47.347317
v -59.078457 24.583761 48.087799
v -58.035442 24.810734 48.743172
v -57.244858 24.996639 48.983524
v -57.501591 23.705093 51.143261
v -56.214481 24.660315 49.543808
v -55.410156 24.707796 47.111523
v -56.121559 24.629236 50.368267
v -54.312984 25.620373 48.442863
v -57.297302 23.703390 46.228298
v -58.879913 25.318094 48.962589
v -57.817371 24.277126 49.087551
v -58.174137 24.625605 49.624729
v -56.934551 25.442141 47.983486
v -55.418114 25.443523 48.014378
v -54.760586 26.195169 47.470543
v -56.103127 25.394428 49.335995
v -53.583439 25.874018 49.777706
v -53.583088 25.590958 49.436970
v -53.354347 25.041805 49.767242
v -53.150623 24.981956 51.759041
v -50.921391 25.135265 51.443562
v -52.369678 25.062046 48.148041
v -56.007114 25.138203 51.002125
v -56.357903 24.562811 49.816635
v -57.933044 25.296865 48.673210
v -58.415722 24.236925 48.040310
v -56.461826 24.774303 48.295792
v -56.609200 24.150988 50.319313
v -58.175640 24.868149 47.324505
v -56.178108 25.811052 47.540691
v -55.130920 25.499899 51.472847
v -55.915115 24.089106 50.150036
v -54.382797 24.534184 52.141716
v -50.635468 25.047262 50.207500
v -57.961605 23.625977 50.471172
v -58.161652 23.381180 50.446434
v -58.148590 23.559063 50.156174
v -53.326088 23.251745 48.305077
v -53.060532 23.330212 48.150150
v -53.102982 23.402956 48.414627
v -59.556850 24.300800 56.096981
v -59.954861 24.033121 56.289074
v -59.676819 23.810425 56.084476
v -57.151165 20.979549 49.970112
v -57.039833 20.913647 49.791805
v -57.197124 20.993835 49.715427
v -53.087803 24.638214 44.114956
v -52.870773 24.399857 44.463772
v -53.054996 24.186207 44.212727
v -57.068890 22.373997 45.116978
v -57.529480 23.634602 46.727932
v -55.345161 24.510090 46.432411
v -54.042141 23.967648 46.022228
v -53.220982 23.546530 49.451683
v -49.726810 23.950005 47.302662
v -48.627438 23.572243 48.491795
v -58.519203 24.005772 47.235455
v -56.888783 21.827461 45.647705
v -57.409054 24.301876 47.175892
v -56.518536 23.529703 49.288857
v -55.504276 24.456369 48.152122
v -54.943176 24.212349 47.547134
v -55.530411 24.426311 49.214748
v -54.046200 24.458914 47.172531
v -54.087494 22.358137 48.869328
v -52.759388 24.909660 47.897690
v -52.112591 23.839472 49.091091
v -50.983395 24.563524 48.527119
v -49.667500 23.387417 48.897732
v -49.124931 22.973270 47.933250
v -51.077602 23.949059 48.320641
v -54.154427 24.208179 48.123936
v -51.332352 23.733601 47.062572
v -52.021450 23.918358 46.423374
v -53.946342 24.147877 46.764786
v -58.279289 23.448938 47.166496
v -56.863472 22.521793 48.620472
v -57.708355 23.366974 49.688545
v -56.853031 23.799093 47.776344
v -53.182663 24.196236 47.197960
v -53.481148 24.762030 46.577213
v -55.625774 23.961535 46.466190
v -56.802010 21.750511 48.812325
v -55.893585 23.741209 46.039001
v -53.669033 23.285473 46.275562
v -56.178368 22.049311 47.437775
v -56.286926 22.551729 47.198978
v -56.153698 22.288736 47.664452
v -55.831402 21.037193 48.946636
v -55.907867 20.589958 48.754822
v -56.297840 21.139677 48.776569
v -55.748386 21.322016 48.874802
v -56.146484 21.285357 49.302139
v -55.634037 20.980070 48.874847
v -55.847473 21.236242 48.470306
v -55.806946 20.665901 49.174549
v -55.148273 19.694675 48.031338
v -59.747887 19.855473 44.028755
v -59.938057 19.810076 43.521900
v -60.211010 19.536028 43.910263
v -58.001038 22.811222 41.437119
v -57.978798 22.731632 41.402782
v -55.426926 21.552576 40.445934
v -55.078621 21.482168 40.255714
v -55.150478 21.294212 40.473080
v -57.468792 23.053879 41.934689
v -57.547138 23.040743 41.919121
v -66.291374 27.457329 42.206879
v -66.627708 27.055323 42.744152
v -65.903618 27.367043 42.600311
v -63.322643 26.923737 43.388599
v -65.822067 28.593666 43.381992
v -63.232723 28.185776 40.213833
v -65.934303 28.249928 40.980873
v -66.469475 28.427605 40.115334
v -64.855484 28.499786 39.466640
v -66.284622 29.040449 40.401726
v -63.774117 27.391331 42.399883
v -64.501610 26.582584 43.537529
v -62.928608 27.398848 41.014042
v -64.075157 28.396202 40.536694
v -65.738487 28.646345 41.216240
v -67.762772 28.797417 38.527870
v -66.706741 29.403603 37.749096
v -65.281891 28.377483 38.384647
v -66.372185 27.556133 40.482185
v -63.886406 26.723362 42.753098
v -62.797493 27.436020 42.947754
v -62.521523 26.120529 41.464115
v -67.491302 28.237602 41.516441
v -65.621582 27.893389 41.031395
v -66.257515 26.487535 44.363625
v -65.360199 27.727587 43.368923
v -65.261162 27.800549 44.576611
v -63.553547 27.243246 38.815151
v -65.283379 27.918001 40.205711
v -63.582352 26.437029 46.133553
v -65.128311 27.540718 53.972588
v -65.310097 27.095306 53.426033
v -63.201534 27.879257 52.286530
v -64.733376 27.452312 52.109867
v -65.191772 27.681665 52.258064
v -61.919720 25.893265 47.601273
v -61.228149 26.594082 49.162441
v -62.448174 26.950432 51.249168
v -63.596600 26.783936 50.472885
v -64.266441 27.210545 52.001980
v -67.107216 27.602324 51.269485
v -66.022102 26.922319 54.242241
v -68.125145 26.583132 55.518631
v -66.355682 27.214331 52.013096
v -63.075230 28.147058 49.782608
v -64.615784 27.984003 52.351349
v -61.382221 26.604887 47.336529
v -64.832230 27.466995 51.985622
v -63.969875 27.872799 46.513489
v -65.003021 26.016218 48.793827
v -65.676552 26.316494 48.965473
v -64.348625 27.151716 52.260162
v -64.169289 27.018841 54.487057
v -63.251789 27.154970 49.598507
v -62.781693 27.511187 49.930244
v -61.995075 25.878515 50.442776
v -65.841194 26.637362 53.685406
v -66.443840 26.990341 50.467224
v -64.077148 27.542082 50.257198
v -62.010906 27.945114 51.469852
v -62.162403 26.709385 52.048141
v -62.880424 26.973938 48.998001
v -63.033436 27.349695 48.537361
v -64.539192 26.522566 48.293720
v -63.024284 26.853867 47.154045
v -65.991150 25.879316 50.027184
v -64.944977 27.175566 50.426785
v -67.990417 26.013494 51.717236
v -67.214973 26.996370 52.725155
v -68.073051 26.255766 53.662537
v -65.809334 27.568249 54.089287
v -66.623909 26.288960 56.095013
v -62.015667 26.584988 49.687752
v -61.096855 26.268471 50.823956
v -63.468216 27.364138 49.060631
v -61.716187 25.965563 48.426052
v -64.027252 26.789518 52.730553
v -63.176083 26.510307 53.011749
v -63.572384 27.147243 52.748207
v -60.699806 25.713326 50.244297
v -61.095795 26.035021 49.907146
v -60.797459 25.516321 49.762943
v -66.513893 27.146271 50.030857
v -66.882370 27.624945 50.251240
v -66.945076 27.081001 49.816776
v -65.255386 26.923735 47.381161
v -65.885696 28.593666 49.799797
v -68.307198 28.185783 46.501591
v -67.624634 28.350552 48.965992
v -68.238815 28.249928 49.309097
v -69.500626 28.663172 48.014782
v -66.325500 27.391335 47.571522
v -65.405533 26.582527 48.559780
v -67.456413 27.398857 46.406853
v -68.204849 28.396206 47.397938
v -68.320236 29.083199 49.713329
v -70.516518 28.373684 48.132149
v -71.442276 29.401382 49.227894
v -71.194572 28.807907 50.491470
v -69.035507 28.759672 49.522121
v -68.831032 27.556137 49.608650
v -66.011497 26.723366 47.768429
v -65.551186 27.436020 46.762573
v -66.918953 26.120533 46.125000
v -68.108864 28.237610 50.950504
v -68.111847 27.893398 49.018913
v -65.043839 26.487535 50.466507
v -65.783058 27.727589 49.349285
v -64.588875 27.800554 49.554852
v -69.741699 27.243250 46.463104
v -68.826958 27.918007 48.485291
v -60.573284 26.225327 53.151333
v -59.977039 25.873060 52.861889
v -60.664349 26.191235 52.600121
v -53.784138 27.540720 45.485287
v -54.134781 27.095316 45.942265
v -56.260593 27.879261 44.835320
v -55.547935 27.452316 46.202740
v -55.168217 27.681669 46.499195
v -60.702385 26.677776 46.439709
v -61.336777 25.758013 46.773449
v -59.953880 26.594086 44.953083
v -57.541958 26.950436 44.793194
v -57.540791 26.783939 46.179379
v -55.899094 27.210550 45.876621
v -54.912720 27.602327 48.639515
v -53.059307 26.922216 46.074062
v -50.823624 26.583134 47.099789
v -54.718403 27.214334 47.600292
v -58.404686 28.147060 46.134739
v -55.413948 27.984024 45.969948
v -55.595375 27.467016 46.354210
v -60.748611 27.420837 48.131031
v -58.142445 26.016218 48.285385
v -57.622650 26.316496 48.746822
v -55.639229 27.151720 45.799892
v -53.895908 27.018845 44.402744
v -58.458118 27.154978 46.384151
v -59.860512 26.177595 46.407318
v -58.447025 27.511192 45.808903
v -61.545586 26.699883 45.972706
v -58.463715 25.878525 44.870197
v -53.622215 26.637363 46.236580
v -55.948963 26.990343 48.540089
v -57.449924 27.542086 46.698223
v -57.604416 27.945122 44.307404
v -57.040646 26.709385 44.108570
v -59.163582 26.973942 46.413345
v -59.459225 27.349716 46.798409
v -58.816616 26.522572 48.181747
v -56.567146 25.879326 48.411991
v -56.822895 27.175570 47.321690
v -54.046757 26.013494 49.119751
v -53.646992 26.996374 47.912521
v -52.389698 26.255768 48.097404
v -53.305653 27.568254 45.983746
v -51.188152 26.288956 45.533566
v -59.077335 26.584990 45.310600
v -58.651760 26.268478 43.912724
v -58.782066 27.364159 46.864944
v -60.645790 25.284697 44.889988
v -61.006493 26.110901 49.268505
v -55.811333 26.894115 45.208981
v -55.233147 26.817987 45.039570
v -55.677017 26.761366 44.371372
v -59.354351 25.713341 43.908997
v -59.411465 26.035021 44.425922
v -59.698151 25.516323 44.259750
v -68.278313 26.458164 45.739098
v -67.799286 26.780624 45.635906
v -68.156891 26.483658 46.488415
v -60.148960 25.400810 51.316265
v -59.828579 25.626026 51.363274
v -60.230061 25.765368 51.321659
v -62.709976 26.486622 40.083103
v -62.800049 26.525572 40.733707
v -63.375408 25.951136 40.531845
v -53.629436 6.982560 42.071743
v -53.898888 7.466413 41.084690
v -53.944393 8.030683 41.300983
v -53.182716 6.919175 40.112457
v -53.056179 6.497879 40.706890
v -54.055134 7.774414 40.490231
v -53.243759 8.217628 36.124088
v -53.141243 8.253517 36.041870
v -53.218929 8.126002 36.139759
v -54.174561 8.344557 34.993252
v -54.056740 8.389817 35.234417
v -54.023754 8.099080 35.068447
v -55.835846 9.181991 43.097660
v -55.700569 9.088099 41.992455
v -58.971264 8.728008 40.310722
v -56.076950 10.020738 41.717575
v -57.140610 9.762559 41.392796
v -56.841385 10.159403 40.741116
v -56.450253 10.118764 40.938953
v -56.580082 9.875467 41.123135
v -57.798706 9.355124 40.701996
v -54.540714 9.206667 41.907425
v -55.502266 9.851840 40.558250
v -55.674458 10.334314 39.920113
v -56.173344 9.707501 37.993629
v -53.801067 9.770671 39.228760
v -55.584694 9.285467 37.230839
v -54.313320 9.503485 37.750854
v -53.886948 9.802015 37.223858
v -54.626831 9.740231 37.048286
v -53.205570 9.171168 37.700275
v -53.959274 9.448434 37.008472
v -54.314625 10.300114 37.131172
v -54.051868 9.704860 36.547699
v -55.796883 7.676112 35.069145
v -54.089966 9.151329 35.728615
v -51.510548 9.120326 36.235352
v -52.560280 8.649097 35.449085
v -51.300854 8.475675 36.741173
v -51.923759 8.933044 34.212288
v -57.713833 9.721592 41.601116
v -59.188488 9.793445 40.366364
v -58.370888 9.111224 39.729614
v -58.408485 7.216972 37.569874
v -56.473305 10.134941 39.001190
v -53.854942 9.615100 40.511505
v -54.617966 9.614931 38.239216
v -55.566891 10.250250 37.496685
v -52.790764 10.362273 39.633816
v -55.042969 9.223934 37.109509
v -55.719685 9.454817 36.059864
v -51.625668 8.386974 38.245861
v -54.629154 9.400399 34.576168
v -53.395733 9.620043 35.888687
v -53.576546 7.580150 33.684910
v -50.089542 7.706376 33.905304
v -49.871628 8.257155 33.560669
v -50.441196 7.566381 32.894913
v -50.112411 6.842680 35.398560
v -51.553593 8.172210 33.086411
v -52.484333 9.382242 37.458500
v -55.209309 9.578398 35.828423
v -55.429897 9.728855 37.743858
v -54.953545 8.382195 40.491035
v -56.234127 9.607970 40.183826
v -57.300400 9.667786 39.863293
v -57.153618 10.457420 41.316998
v -55.087173 10.031966 41.115814
v -57.614513 10.314696 38.949860
v -57.699512 10.162959 42.005505
v -57.327637 9.756049 42.207703
v -54.403889 9.961699 41.733974
v -58.706841 9.281524 38.665398
v -52.365227 7.229700 38.133621
v -52.873863 7.782358 39.321438
v -57.018879 7.953670 36.935005
v -56.992470 9.545028 37.903202
v -56.347153 8.712879 36.010822
v -56.518127 8.155646 36.410744
v -55.971241 8.474159 36.161976
v -52.871319 8.080264 37.088570
v -52.654884 8.244105 37.065468
v -52.778908 8.145262 37.328308
v -54.738636 10.895155 52.796177
v -53.914562 11.737234 52.024345
v -53.870174 11.410163 52.705631
v -52.690178 10.695885 52.560452
v -53.218105 10.301338 52.895817
v -53.316505 11.574812 51.874546
v -48.934944 11.809964 51.058483
v -48.819782 11.845325 51.118813
v -48.946270 11.718719 51.094276
v -48.411572 11.865457 49.809353
v -48.348373 11.800271 50.084942
v -48.103676 11.838412 49.876812
v -56.319775 13.112679 51.138329
v -55.247631 12.969822 50.867271
v -54.871861 12.559930 47.214031
v -55.083847 13.891918 50.409092
v -55.175156 13.627920 49.302082
v -54.442009 13.991872 49.343670
v -54.487747 13.957123 49.780098
v -54.717224 13.723649 49.727245
v -54.786461 13.194625 48.443325
v -54.746181 13.074711 51.918045
v -53.804520 13.665116 50.530296
v -53.249435 14.119137 50.136097
v -51.661827 13.408541 48.983852
v -51.957767 13.508755 51.640846
v -50.758701 12.946999 49.262798
v -50.776569 13.178129 50.634155
v -50.118462 13.448556 50.840069
v -50.223495 13.384907 50.087074
v -50.346649 12.834657 51.652626
v -49.959911 13.086053 50.698284
v -50.162868 13.945399 50.403275
v -49.551933 13.321774 50.444073
v -49.662415 13.287344 51.076881
v -48.893944 11.241738 48.302235
v -48.235710 12.449400 52.872749
v -48.954716 12.005463 53.173920
v -47.577686 12.734141 51.593193
v -48.187984 12.218557 51.633690
v -55.577187 13.601340 48.842361
v -54.952862 13.628572 47.021969
v -54.096897 12.911009 47.562138
v -52.184303 10.919802 46.767696
v -52.689125 13.884345 49.062210
v -53.179901 13.412801 52.052834
v -51.336117 13.314450 50.524349
v -50.955803 13.922798 49.366467
v -51.945141 14.109949 52.723976
v -49.707989 13.063413 48.714615
v -50.323490 12.063293 53.329887
v -47.935703 12.931758 49.199646
v -48.089737 12.876864 50.472187
v -46.810318 11.063768 49.877686
v -47.073418 9.831774 54.124825
v -45.333363 11.372738 53.537533
v -44.948017 10.987636 52.519802
v -46.342594 11.489326 52.788754
v -45.557377 11.839964 51.608566
v -49.852448 13.028387 52.236942
v -49.303200 13.171976 49.106632
v -51.160908 13.412209 49.587688
v -53.612167 12.189423 51.031132
v -53.729683 13.410361 49.714951
v -53.811306 13.464226 48.604229
v -55.077301 14.318642 49.256573
v -54.166790 13.867230 51.116405
v -53.043068 14.071023 47.977230
v -55.928711 14.060712 48.997166
v -56.013248 13.664166 49.431644
v -54.500683 13.819806 51.976757
v -53.217850 13.034960 46.864761
v -50.252365 12.847362 49.806694
v -50.537739 10.908265 52.609581
v -51.802273 11.519176 52.556870
v -51.059422 11.614947 47.829865
v -51.879330 13.248897 48.188408
v -49.921791 12.325242 48.117970
v -50.381580 11.788424 48.107006
v -49.938568 12.090613 48.525166
v -49.709316 11.712778 51.753857
v -49.596397 11.874583 51.942474
v -49.893730 11.789207 51.926151
v -64.537399 8.005107 55.988995
v -65.174141 7.678028 56.235329
v -65.520569 7.163027 55.433834
v -64.682297 6.963746 57.317726
v -65.160347 6.569216 56.914436
v -64.215401 7.842689 56.514755
v -62.065231 8.141305 60.447250
v -62.161713 7.986005 60.451168
v -62.198902 8.096276 60.554138
v -60.776287 8.133327 60.576290
v -61.020302 8.068148 60.719120
v -60.748463 8.106287 60.890255
v -64.411942 9.383439 53.426342
v -63.832577 9.237692 54.370632
v -60.234428 8.827801 53.635288
v -63.346359 10.159795 54.389706
v -62.317478 9.895791 53.971111
v -62.137646 10.259740 54.683079
v -62.567745 10.224998 54.770130
v -62.586040 9.991518 54.535347
v -61.381748 9.462497 54.084854
v -64.684975 9.342587 55.163700
v -63.078945 9.932986 55.646633
v -62.536613 10.387008 56.058201
v -60.961880 9.676414 57.227970
v -63.585583 9.776625 57.741180
v -60.957600 9.214874 58.173187
v -62.271381 9.446012 58.566753
v -62.270805 9.716433 59.256321
v -61.583805 9.652776 58.930649
v -63.114410 9.102527 59.281910
v -62.088039 9.353936 59.365158
v -61.867348 10.213273 59.083168
v -61.723343 9.589649 59.678288
v -62.360207 9.555217 59.762356
v -59.482758 7.509616 59.664780
v -63.646484 8.717277 61.661324
v -64.149132 8.273337 61.065495
v -62.228603 9.002011 61.906036
v -62.449978 8.486430 61.335861
v -61.999229 9.869212 53.449890
v -60.075420 9.896437 53.500492
v -60.334511 9.178884 54.478931
v -59.003838 7.187676 56.065895
v -61.344234 10.152213 56.271271
v -64.344604 9.680673 56.698479
v -62.334171 9.582323 58.000008
v -61.115536 10.190675 58.016163
v -64.615234 10.377819 58.077545
v -60.119949 9.331292 59.011559
v -64.707779 8.331166 59.806210
v -60.052074 9.199632 60.847752
v -61.312355 9.144737 61.081825
v -60.362038 7.331642 62.124527
v -64.493095 6.099647 63.145203
v -63.411736 7.640612 64.629562
v -62.325317 7.255512 64.692497
v -62.999496 7.757200 63.442429
v -61.638340 8.107844 63.838253
v -63.523933 9.296262 59.928394
v -60.372784 9.439848 59.515148
v -61.388023 9.680076 57.886711
v -63.499203 8.457294 55.980118
v -62.278610 9.678232 55.473896
v -61.243279 9.732099 55.063446
v -62.244778 10.586514 54.050873
v -63.746651 10.135104 55.476482
v -60.415016 10.338894 55.608696
v -62.252186 10.328581 53.160839
v -62.678032 9.928320 53.217422
v -64.667488 10.087668 55.415520
v -59.405926 9.302831 55.108829
v -61.324944 9.115235 58.819145
v -64.084679 7.176140 59.386120
v -64.413017 7.787047 58.163818
v -59.680462 7.882824 57.457207
v -60.268047 9.516759 56.782280
v -59.614700 8.593111 58.628910
v -59.741924 8.056306 58.186947
v -60.008251 8.358484 58.734825
v -63.019550 7.981020 59.919537
v -63.166302 8.142472 60.084503
v -63.237682 8.056680 59.795731
v -70.700478 7.309171 45.526897
v -70.976532 8.105050 46.557705
v -71.352249 7.795932 46.033100
v -72.226784 7.120835 46.738667
v -71.970505 6.747939 46.205982
v -71.381721 7.951540 46.976482
v -74.490982 8.173835 49.818218
v -74.616211 8.203355 49.822830
v -74.497833 8.087785 49.789536
v -74.287224 8.226249 51.082428
v -74.475449 8.164599 50.892765
v -74.567986 8.200676 51.182007
v -68.601601 9.407769 46.067768
v -67.806953 8.882608 49.940323
v -69.334000 9.752974 47.142406
v -68.605888 9.891999 48.113174
v -69.215042 10.235989 48.445782
v -70.058540 10.275375 48.301250
v -69.185654 9.982483 48.000534
v -68.489159 9.482486 48.996387
v -70.256058 9.369151 46.227879
v -70.319016 9.927159 47.811684
v -71.266647 9.684661 50.122414
v -72.355507 9.779368 47.842308
v -72.506020 9.377596 50.683002
v -72.800934 9.466894 49.239891
v -73.431885 9.722486 49.403164
v -72.971710 9.662326 49.955051
v -73.654388 9.142262 48.637127
v -73.488350 9.379874 49.596096
v -73.178200 10.192065 49.731541
v -73.688866 9.602660 50.003788
v -73.147736 7.636726 52.051182
v -74.107971 9.044760 50.626217
v -75.764214 9.017262 48.774239
v -75.404327 8.546443 49.950581
v -75.613792 8.429001 48.254295
v -76.596939 8.755758 50.528683
v -68.053749 9.866881 48.281406
v -67.646065 9.892611 50.054031
v -68.775467 9.246061 50.693939
v -69.741028 7.332468 51.640167
v -70.481308 10.134358 49.546700
v -71.580353 9.688683 46.901588
v -72.297058 9.595736 49.048687
v -72.024261 10.170711 50.167789
v -72.906342 10.347585 46.979355
v -72.606262 9.180820 50.130428
v -74.510254 8.413227 47.302620
v -74.364754 9.234038 51.809299
v -74.555733 9.488787 50.124222
v -75.606400 7.468536 51.826942
v -78.115105 7.569906 49.678616
v -78.493324 8.073213 49.830746
v -78.419930 7.396584 50.636181
v -77.220642 6.819598 48.540348
v -77.491699 7.985602 51.143585
v -74.342690 9.325365 48.414898
v -73.220833 9.461071 51.201321
v -71.970093 9.688128 49.887871
v -70.723404 8.532434 47.505772
v -69.972054 9.686381 48.503387
v -69.352074 9.737296 49.354053
v -68.661728 10.544826 48.198532
v -70.320839 10.118209 47.160477
v -69.655632 10.310797 50.240753
v -67.848915 10.301050 47.981724
v -68.001205 9.922749 47.605316
v -70.482391 10.073360 46.303299
v -73.978737 7.321567 47.773739
v -72.937576 7.898955 47.184795
v -71.174034 7.989483 51.349258
v -70.695007 9.533766 50.652218
v -72.230858 8.660803 51.685951
v -71.856392 8.153442 51.465218
v -72.420662 8.439037 51.350777
v -74.217430 8.082747 48.875134
v -74.401291 8.234412 48.778519
v -74.154419 8.154184 48.643723
v -51.452721 8.666955 49.563168
v -50.848732 8.595514 48.945694
v -51.250500 9.126967 49.828659
v -50.470463 6.652349 48.649601
v -53.115509 9.533907 51.627090
v -51.758793 9.196836 48.738918
v -53.051388 9.793257 52.511982
v -52.560818 7.589250 51.940037
v -51.596081 8.692000 52.543743
v -49.936237 9.202174 50.360981
v -50.000748 9.082472 52.021080
v -48.869099 9.193277 51.290627
v -47.487049 7.746388 52.595978
v -54.338634 9.521990 51.519234
v -52.983940 10.158924 50.266640
v -50.848900 9.660964 49.640293
v -50.896797 8.468389 53.070255
v -50.001431 9.387545 52.613914
v -49.598328 7.187841 53.272133
v -46.810932 8.449255 53.654892
v -47.921310 7.442044 53.727802
v -48.113514 8.346111 53.173981
v -49.163849 8.119533 50.671440
v -52.617039 9.514368 50.122715
v -51.970737 9.379250 51.141548
v -54.071644 9.902753 49.740246
v -68.270561 7.188502 55.861938
v -68.641884 7.588757 56.019733
v -67.810745 7.139591 56.595001
v -67.327301 5.223606 56.914368
v -69.985588 7.937663 53.794659
v -67.485466 7.847361 55.803905
v -70.888824 8.073188 53.652447
v -70.128471 5.924603 54.132923
v -71.612190 6.438611 55.441574
v -69.476349 7.467734 57.162251
v -70.648285 7.203260 57.966404
v -71.987106 5.506580 58.883587
v -69.589638 8.057585 52.638523
v -68.803947 8.717542 54.298908
v -68.635941 8.101454 56.487728
v -71.385590 7.474506 55.992363
v -72.169975 5.123289 56.565285
v -72.902321 5.341684 58.200546
v -73.268776 5.998446 59.316998
v -72.146385 6.175448 58.387539
v -69.750046 6.259935 57.799843
v -71.043060 7.057720 56.792103
v -68.657066 8.064673 54.649597
v -69.768517 7.737540 55.012447
v -68.002083 8.637392 53.362751
v -72.254791 8.262798 45.343903
v -72.562531 7.963018 46.218288
v -72.751617 6.189331 46.686852
v -71.121101 8.708720 43.304077
v -71.485756 8.759042 45.533443
v -71.370361 8.882852 42.510002
v -71.590614 6.886452 43.256321
v -72.296417 8.381110 43.615314
v -73.697113 8.390560 45.111282
v -73.970772 8.167418 43.620289
v -74.841583 8.283456 44.499931
v -76.277199 6.821869 43.704578
v -70.002739 8.744610 43.149494
v -70.992020 9.372095 44.510201
v -72.754517 8.890588 45.540222
v -73.352196 7.560256 42.534542
v -74.104797 8.405858 43.071335
v -74.496643 6.330646 42.698990
v -77.130898 7.370805 42.853920
v -76.103661 6.478095 42.621212
v -75.861320 7.351559 43.022202
v -74.401520 7.351684 45.058258
v -69.898582 9.208820 44.772671
v -59.784748 9.119865 38.923695
v -59.279079 8.655846 37.284203
v -59.413910 8.609839 38.319748
v -59.797546 8.906717 36.775146
v -60.160500 8.060008 37.387218
v -61.289383 7.012321 36.380928
v -58.892094 8.467484 36.752949
v -56.975769 7.566799 36.805984
v -58.451908 7.562238 34.897335
v -58.436142 7.982774 34.441044
v -58.160263 6.146028 32.813126
v -57.169861 6.540217 32.348534
v -60.175392 8.429824 37.870419
v -57.764938 9.003474 39.315506
v -57.495323 6.950326 38.190742
v -59.974834 8.418490 38.396484
v -57.809654 8.087943 37.915554
v -57.132515 7.333285 35.086159
v -56.692242 6.000343 34.586399
v -58.265285 7.159373 33.667778
v -56.824348 6.326173 33.297207
v -56.195396 6.805752 35.862785
v -58.471302 8.939060 38.968197
v -56.645863 7.808853 35.528458
v -59.108711 7.882440 36.104656
v -59.884369 8.283184 35.509434
v -59.964848 6.607078 34.604553
v -60.800217 8.763864 38.379532
v -57.734985 8.497609 40.425404
v -58.279514 9.374247 40.056705
v -60.920784 8.454743 37.027611
v -58.213528 6.341201 34.771336
v -58.332623 6.576368 34.787090
v -58.385536 6.418820 34.588043
v -57.875484 7.446471 37.065128
v -58.051315 7.210555 36.985577
v -58.025047 7.387081 36.843620
v -56.914707 5.781918 39.796810
v -57.694946 6.388402 39.881660
v -57.485607 6.765756 39.869175
v -58.600861 56.914288 48.496849
v -58.537983 55.788250 50.919899
v -59.711876 55.986538 46.785069
v -60.163464 55.302460 48.545971
v -59.744167 55.636391 47.358128
v -61.001991 55.074467 49.235016
v -57.272907 55.616348 47.386524
v -58.879181 56.212208 47.795116
v -58.540821 56.742119 48.475201
v -59.547215 56.541664 48.898888
v -60.225727 55.667511 47.383591
v -58.966473 55.559765 45.497383
v -59.516376 55.937923 48.286198
v -56.955482 56.957260 49.753078
v -59.059963 55.419453 46.930420
v -61.812416 55.083092 47.008858
v -61.778919 54.194893 49.137783
v -60.085278 56.211407 49.550617
v -58.778217 57.009720 47.989941
v -57.441788 57.585865 49.487007
v -58.076580 57.182510 50.446342
v -61.348137 54.752941 47.181164
v -59.556053 54.341743 46.757229
v -61.385784 55.655865 45.322014
v -59.949436 54.960644 45.557163
v -61.564041 55.260902 44.142746
v -60.784630 55.555843 45.566936
v -60.085186 55.802769 44.172714
v -61.116623 55.394382 44.866127
v -61.961765 54.999611 45.417313
v -58.478069 54.829109 46.132099
v -59.648605 55.943314 45.304199
v -60.550594 55.313782 44.986530
v -57.222218 54.858448 43.640575
v -60.147701 56.519131 43.472942
v -58.734802 56.985100 42.497959
v -58.540863 56.356579 42.467670
v -57.958599 56.411655 43.199303
v -58.871334 55.769592 44.787563
v -62.841576 55.471611 44.069077
v -61.678143 54.720306 47.084194
v -60.949337 55.349518 42.832237
v -65.966888 53.366276 46.430618
v -63.226643 52.586182 47.179295
v -64.915215 52.802914 46.980457
v -64.491768 52.206589 47.806915
v -63.620293 52.283897 48.816032
v -66.313835 51.916382 48.166164
v -62.939911 50.872944 44.249847
v -65.699623 53.057308 46.705238
v -66.674423 51.985344 44.595459
v -63.981140 51.880589 45.731770
v -64.030548 52.224838 47.164833
v -63.447506 52.446392 46.626019
v -64.510513 52.426731 46.152569
v -65.116875 52.694721 46.221237
v -68.106491 52.742741 46.169098
v -65.494011 53.554379 46.766998
v -64.999413 52.743515 44.790825
v -67.756165 53.625397 45.889149
v -65.164505 53.150509 45.750687
v -67.658936 53.061382 44.863575
v -61.771534 51.487183 46.378754
v -63.643478 52.137402 44.770744
v -63.774654 51.143898 47.746822
v -61.321117 52.547028 48.128006
v -62.781624 51.804718 48.659050
v -60.539318 52.125313 49.133205
v -62.008892 52.440231 48.213829
v -61.932251 52.703873 49.877522
v -61.333752 52.267834 48.693153
v -60.834476 51.846325 47.738483
v -64.452148 51.664276 48.891930
v -62.929703 52.853939 49.051735
v -61.923782 52.181774 48.876583
v -64.320717 51.695599 51.868126
v -61.508625 53.468754 50.496597
v -62.315350 53.966278 52.142414
v -62.480160 53.295197 52.271896
v -63.404491 53.354000 51.894558
v -63.383801 52.668453 49.938763
v -59.311054 52.350292 48.534710
v -61.969032 51.548107 46.334194
v -60.427475 52.219936 50.674690
v -63.957664 56.977200 43.325695
v -65.456520 55.613068 44.047539
v -62.522221 55.913349 46.115814
v -63.968330 56.047714 45.366196
v -62.815853 55.755936 44.487659
v -62.970219 56.164482 44.065788
v -64.200905 55.566700 45.150402
v -64.813461 55.920696 46.470173
v -60.623974 54.642014 44.372204
v -64.001236 56.774502 43.366753
v -62.978386 55.683861 41.765503
v -63.144413 55.946186 45.408863
v -62.002281 55.573467 44.455788
v -63.715469 56.306683 44.533127
v -62.478622 56.065395 45.381721
v -64.961960 56.393211 41.574417
v -64.028877 57.162075 43.848351
v -62.185139 56.393936 43.131245
v -63.863884 56.956028 41.252628
v -62.997593 56.775112 43.545963
v -64.676659 57.025860 41.898678
v -63.747742 56.569645 42.226707
v -61.549431 55.172497 46.392265
v -61.409355 55.826267 44.136826
v -63.669819 54.857998 45.740078
v -62.579147 56.172131 47.793915
v -63.796791 55.476910 46.996586
v -62.894337 55.777164 48.944172
v -63.029373 56.072109 47.326283
v -64.234039 56.319035 48.317169
v -63.010040 55.910648 48.101517
v -62.013996 55.515869 47.940327
v -64.908684 55.345371 45.874458
v -64.174355 56.459576 47.105843
v -63.478630 55.830044 47.761951
v -67.066872 55.374710 47.642803
v -64.460617 57.035397 48.982193
v -66.147469 57.501358 49.300568
v -66.337044 56.872841 49.249622
v -66.572647 56.927917 48.344738
v -65.094337 56.285854 47.262962
v -61.756401 55.987873 49.529499
v -61.597408 55.236572 46.301613
v -63.987606 55.865788 49.892891
v -57.006721 53.097462 46.931503
v -56.587475 51.482666 45.007336
v -60.655434 51.838123 46.236645
v -58.902168 51.997185 45.434231
v -58.922791 51.651791 47.149548
v -58.416782 52.135406 47.313061
v -58.531380 51.427776 45.374603
v -59.315861 51.846821 43.841267
v -60.412781 50.333176 49.278118
v -57.013268 52.857513 46.860943
v -56.265297 51.566460 48.982151
v -59.542530 51.877003 46.171635
v -59.486080 51.435787 47.931618
v -58.309467 52.303738 46.277313
v -60.002506 52.018112 46.812401
v -54.641239 52.406170 47.271294
v -57.442314 53.316307 46.484127
v -58.117363 52.407024 48.726532
v -55.386944 53.511948 48.177963
v -57.911976 52.858246 47.666435
v -55.151627 53.155067 47.301056
v -56.134689 52.615013 47.928383
v -54.897224 52.522446 48.813759
v -59.006645 51.329189 49.670601
v -61.622368 50.961136 46.942497
v -60.405315 51.831638 48.032063
v -59.584492 50.648293 45.635765
v -62.073208 52.080296 45.172829
v -60.586369 51.328289 44.675770
v -62.882980 51.658192 44.139404
v -62.259552 52.195477 43.571297
v -61.285480 52.202057 43.453140
v -61.048710 53.531788 41.109596
v -59.694073 52.829700 40.739048
v -60.622246 51.314236 46.544617
v -62.075191 51.804852 44.609333
v -59.122349 51.460213 44.638474
v -62.609524 51.371109 45.580673
v -60.321342 52.146370 43.751038
v -61.782124 51.805737 44.612999
v -60.709316 52.684277 43.749496
v -58.933460 51.216011 41.407604
v -60.818275 52.862030 40.952351
v -60.132683 52.746017 42.162029
v -61.845009 52.981239 42.770905
v -59.459034 52.279179 43.743378
v -64.159569 51.889706 44.728539
v -61.596149 50.999210 47.080517
v -63.204758 51.463009 42.230709
v -64.617828 50.199390 50.637943
v -65.067551 51.073921 48.329689
v -62.083237 50.943607 49.550957
v -63.231483 50.920845 48.187630
v -65.421318 50.107903 45.760338
v -63.485649 51.026402 49.141731
v -65.052879 51.936142 49.188850
v -65.535629 51.448093 49.116722
v -64.107048 49.870163 45.636925
v -64.647377 51.419724 48.995903
v -64.550423 50.882641 47.438278
v -62.973198 51.015522 47.505455
v -67.345932 50.525558 49.967972
v -63.217522 50.531490 49.130672
v -66.343399 51.785439 48.776672
v -65.602989 51.166817 47.340893
v -67.399422 51.323605 49.798996
v -67.504333 50.877464 48.583492
v -67.601807 49.345978 47.501160
v -63.950264 50.543262 47.534725
v -61.942421 50.277088 46.384220
v -59.857361 51.300961 47.540817
v -61.485821 50.328037 48.868252
v -61.343746 51.079136 49.120010
v -59.262428 50.492638 48.310501
v -60.344639 51.111702 48.381458
v -62.720589 50.211269 50.135567
v -59.481220 51.206314 49.097019
v -60.834000 51.290752 50.523476
v -60.020962 51.021336 51.840378
v -60.936974 49.582672 52.384975
v -59.056004 51.964844 52.225067
v -62.926048 49.806015 48.756039
v -58.647827 50.933216 46.746422
v -60.162735 50.936272 48.208603
v -61.365475 50.944607 50.546040
v -59.211014 51.770348 49.961266
v -58.924965 51.173538 51.970768
v -61.249283 50.827026 47.115017
v -60.234802 50.629986 47.502415
v -62.138653 50.104408 46.602901
v -57.920372 50.143108 49.303371
v -60.520493 50.863785 49.158966
v -59.589394 50.999027 43.113117
v -60.905865 49.595306 42.018818
v -61.587204 49.904297 45.649635
v -61.503849 50.042572 43.975567
v -60.188786 49.742321 44.678658
v -59.859924 50.162727 44.353802
v -61.401299 49.547588 43.665611
v -62.898499 49.911861 43.656544
v -59.143581 48.596069 46.680897
v -59.646450 50.790447 43.089905
v -57.710339 49.668144 43.362663
v -61.191505 49.938095 44.765003
v -59.811115 49.554558 45.426533
v -60.615978 50.309059 43.856052
v -60.881447 50.060768 45.376556
v -58.379581 50.398094 41.424347
v -60.109024 51.189274 43.269943
v -58.649525 50.398838 44.689068
v -57.608906 50.977245 42.314568
v -59.385075 50.791084 44.105923
v -58.561108 51.049103 41.830025
v -58.471001 50.579647 42.839748
v -61.430031 49.141953 46.678352
v -59.259041 49.814697 45.845146
v -61.670193 48.835617 44.456211
v -63.126263 50.187889 46.355206
v -62.900566 49.472485 44.874592
v -64.337662 49.781460 46.551979
v -62.881050 50.084969 45.733852
v -64.323570 50.339050 45.029949
v -63.598396 49.918812 46.083405
v -63.021671 49.512585 46.946781
v -62.325649 49.337132 43.354092
v -63.164257 50.483673 44.567909
v -63.480907 49.835869 45.499622
v -64.903557 49.367325 42.090096
v -65.042900 51.076206 45.102207
v -66.062134 51.555698 43.659424
v -66.095497 50.908936 43.460217
v -65.349266 50.965618 42.852806
v -63.704666 50.304913 43.773983
v -64.398994 49.998283 47.867340
v -61.309727 49.225174 46.636066
v -65.693085 49.872650 45.934315
v -62.871586 50.380043 50.680470
v -61.267628 48.935577 51.408829
v -61.578030 49.253540 47.620125
v -61.205856 49.395817 49.304276
v -62.702103 49.086861 48.963802
v -62.940231 49.519470 49.375591
v -61.223408 48.886475 49.639763
v -59.734974 49.261322 49.241924
v -64.283546 47.907337 47.260612
v -62.808655 50.165405 50.688011
v -64.804352 49.010532 50.943413
v -61.730377 49.288319 48.605640
v -63.280170 48.893646 48.324162
v -62.054581 49.670040 49.664146
v -62.204285 49.414543 48.082916
v -63.613419 49.761662 52.685326
v -62.398460 50.575806 50.383625
v -64.232643 49.762432 49.371750
v -64.620216 50.357628 52.011208
v -63.344147 50.166061 49.750633
v -63.543503 50.431576 52.233372
v -63.907330 49.948490 51.255722
v -62.013565 48.469063 46.641823
v -63.941837 49.161335 48.058712
v -61.165279 48.171108 48.909496
v -60.236168 49.562634 46.629089
v -60.057831 48.826466 48.159912
v -59.087326 49.144405 46.104595
v -60.310692 49.456722 47.312408
v -58.687714 49.718189 47.619038
v -59.693710 49.285751 46.770546
v -60.500729 48.867725 46.070374
v -60.215263 48.687183 49.825230
v -59.712772 49.867008 48.392651
v -59.651672 49.200401 47.381889
v -57.313217 48.718250 50.379238
v -57.993416 50.476738 47.351860
v -56.589779 50.970146 48.506847
v -56.502533 50.304611 48.695499
v -57.078114 50.362934 49.501137
v -58.960690 49.683056 49.033764
v -59.383884 49.367527 44.782440
v -62.115391 48.571976 46.843952
v -57.574238 49.238258 46.349319
v -59.509823 57.312992 50.157619
v -58.074711 55.971748 49.291821
v -59.024601 56.584682 47.022427
v -60.652195 56.662281 49.340279
v -60.300777 56.603588 48.006157
v -59.433960 56.704296 48.242764
v -62.872791 55.265327 48.796787
v -59.703140 57.334782 49.997787
v -59.634163 56.981289 49.117176
v -60.953434 56.649620 47.375244
v -60.001545 56.542706 51.821800
v -58.635059 56.324207 51.793926
v -59.440952 56.252254 48.002106
v -59.792950 57.426617 50.822239
v -61.289707 56.896267 50.230446
v -59.358372 57.548111 49.622597
v -58.905174 57.050838 51.820229
v -60.853176 56.108204 51.341129
v -61.915611 56.121506 49.153706
v -60.662437 56.342781 48.885811
v -62.005447 56.571487 48.238209
v -61.887993 55.872341 46.852032
v -61.926216 56.367805 50.009453
v -60.540756 55.206005 50.306118
v -60.853874 55.576183 48.641865
v -62.088043 55.327682 48.631470
v -62.426823 55.485878 48.663315
v -60.810017 55.166515 48.908489
v -59.708862 55.468002 48.340115
v -63.623329 54.378979 47.564964
v -61.875465 56.195175 50.004559
v -63.399677 55.266293 50.548187
v -61.386070 55.489719 48.183052
v -61.458916 55.796749 49.070488
v -61.848270 55.591248 47.853783
v -62.164581 55.870434 51.712227
v -61.605480 56.525261 49.694897
v -62.874352 55.956409 49.159199
v -63.071503 56.349781 51.355556
v -62.187309 56.409252 51.345085
v -62.641186 56.020702 50.639442
v -61.934227 55.048508 46.780968
v -63.217682 55.387585 48.133339
v -60.549980 55.584637 46.406879
v -59.864628 55.225666 47.098892
v -60.177387 55.202591 47.587318
v -59.751171 55.257439 45.776306
v -59.650120 56.081490 47.161396
v -59.176926 55.718937 46.897587
v -60.990341 54.237392 48.530830
v -60.113186 55.371124 46.403767
v -60.867611 55.034904 45.992275
v -57.622604 54.914677 48.830189
v -58.677296 56.329048 46.568340
v -57.243462 56.410069 47.281254
v -57.588772 56.237514 48.099827
v -59.303459 55.660759 48.136688
v -60.211388 55.436897 44.788391
v -61.736271 55.012039 46.658298
v -60.174633 55.037918 48.613693
v -61.904358 54.692806 47.004910
v -58.520214 55.332920 45.708565
v -59.680538 54.847244 49.966511
v -58.337734 53.595112 49.152676
v -60.307041 54.339504 49.499111
v -59.225681 54.228951 46.978188
v -60.403690 54.209564 47.935722
v -62.473728 53.424343 48.898575
v -59.594997 54.299461 48.166332
v -59.859913 54.870926 49.815002
v -59.789230 54.550705 48.985935
v -61.061398 54.177029 49.047714
v -60.980740 54.290199 47.705639
v -60.120487 54.168060 51.578701
v -58.887623 53.888741 51.487846
v -59.600441 53.877956 47.937847
v -59.948357 54.945919 50.594418
v -61.159973 54.419052 49.942589
v -59.532349 55.073353 49.469448
v -59.132839 54.568981 51.525120
v -61.053211 52.868282 51.647060
v -60.970352 53.887985 48.538086
v -61.920223 53.661289 46.811207
v -60.067989 53.664352 46.175217
v -59.906956 54.046040 46.428150
v -60.204670 53.503479 44.579098
v -59.390255 54.383820 45.982887
v -59.937351 53.293808 47.420441
v -60.466915 54.165665 45.200336
v -57.896725 53.997288 45.497387
v -57.506939 52.936260 46.179859
v -57.600639 54.693142 44.790775
v -61.635338 53.932301 44.419262
v -60.576626 53.934551 45.555172
v -58.860321 53.940552 46.464531
v -59.271961 54.549694 44.875935
v -57.786476 54.109547 44.690876
v -61.397026 53.853981 46.342327
v -61.098301 53.708668 45.599216
v -61.786106 53.321045 46.991550
v -63.634624 52.208309 46.607563
v -62.024597 53.370548 47.887302
v -63.662853 52.740803 47.438026
v -61.873657 53.021233 48.931252
v -62.554859 53.282089 47.667263
v -63.181389 53.500473 48.896324
v -62.265236 53.139286 48.288952
v -61.514648 52.790146 47.806301
v -63.951736 53.564121 48.128174
v -62.765144 53.068001 48.179237
v -65.716415 52.665295 49.350620
v -63.130085 54.134029 49.515553
v -64.493622 54.218166 50.467285
v -65.067680 54.038975 49.745068
v -60.744247 53.207588 49.003689
v -61.755981 52.543125 46.330498
v -62.424774 53.099609 50.086761
v -59.746017 51.556423 46.227955
v -61.720623 52.776035 45.362461
v -60.391243 52.135571 45.237873
v -62.192303 52.416534 44.348660
v -60.685917 53.321926 44.591686
v -60.848019 52.923592 44.018929
v -61.613247 52.541447 44.894722
v -59.169750 52.247925 45.490204
v -62.244362 52.172031 45.596981
v -60.620693 52.520000 44.815041
v -58.387978 52.039940 42.847031
v -61.073387 53.593933 43.401344
v -60.031216 54.029957 42.178940
v -59.863186 53.441822 42.104759
v -59.160225 53.493359 42.625755
v -59.555378 52.859669 44.468246
v -63.365105 52.613712 44.590302
v -61.587666 51.914490 47.036160
v -61.952747 52.499470 43.015503
v -62.581837 54.010204 44.849720
v -63.013023 55.229813 46.962112
v -63.414207 54.589348 45.688602
v -63.905087 54.870316 47.636311
v -63.984043 55.775707 46.112495
v -64.509941 55.377369 46.391342
v -63.492908 54.995220 46.955425
v -63.424210 54.701698 44.441357
v -62.673706 54.625813 47.424866
v -63.779392 54.973782 46.001778
v -66.172653 54.493717 44.232487
v -65.066383 56.047710 46.741451
v -66.480499 56.483738 45.979439
v -66.588326 55.895599 45.830738
v -66.226700 55.947140 45.033989
v -64.342316 55.313450 45.033131
v -63.422379 55.067490 48.732143
v -61.404659 54.368267 46.480412
v -65.258820 54.953243 47.682259
v -64.870926 54.259785 44.632732
v -63.108372 53.576111 46.390957
v -64.308281 53.766052 45.507462
v -64.344048 53.243435 46.320515
v -64.117760 53.311188 47.466927
v -65.887589 52.989098 45.804214
v -61.619957 52.074627 44.284023
v -64.786407 53.988995 44.957741
v -64.614212 53.049534 42.928226
v -63.055481 52.957726 44.961334
v -63.714397 53.259430 46.031418
v -63.036720 53.453598 45.873791
v -63.641117 53.436367 45.052334
v -64.132729 53.671234 44.841770
v -66.387192 53.713318 43.505955
v -64.656593 54.424644 45.093948
v -63.423119 53.713997 43.803207
v -65.998993 54.486877 43.444603
v -63.964996 54.070683 44.462730
v -65.480316 53.992573 42.705616
v -61.653000 52.612946 46.412056
v -62.381660 53.182800 44.375767
v -61.047367 42.408115 51.635117
v -61.226604 42.569668 51.797325
v -61.226196 42.571289 51.798073
v -61.045738 42.407028 51.634869
v -60.369431 39.816120 48.369770
v -60.331490 39.887234 48.368050
v -60.357281 39.838875 48.375122
v -65.469917 30.148102 55.885078
v -65.426964 30.195444 55.838470
v -56.822483 42.664989 47.575451
v -56.725945 42.822994 47.794174
v -56.725132 42.824562 47.794014
v -56.822220 42.663902 47.573814
v -66.567238 42.941723 47.886845
v -66.749031 43.090691 47.725517
v -66.749756 43.092163 47.725975
v -66.566780 42.940636 47.888447
v -59.932056 42.958191 41.996246
v -59.694263 43.108616 41.935604
v -59.694244 43.110161 41.934696
v -59.933662 42.957100 41.995731
v -63.593296 40.216473 47.861969
v -63.593479 40.287575 47.899963
v -63.599255 40.239223 47.873837
v -63.003376 40.232349 44.528606
v -63.044601 40.307766 44.524448
v -63.015903 40.256283 44.521011
v -60.606941 39.173141 44.453793
v -60.624210 39.248554 44.416119
v -60.606724 39.197071 44.439140
v -66.463432 36.443401 48.939617
v -66.693817 36.569118 48.829388
v -66.694687 36.570488 48.830154
v -66.462494 36.442314 48.940998
v -62.387558 37.091038 41.042015
v -62.195461 37.214848 40.832748
v -62.195950 37.216240 40.831509
v -62.389301 37.089897 41.042587
v -68.570076 31.811535 40.059536
v -68.542686 31.855999 40.113049
v -53.825996 35.502888 42.820595
v -53.888901 35.521526 42.839844
v -53.274803 29.623455 46.859249
v -53.337269 29.637518 46.835846
v -58.177032 28.429897 54.259388
v -58.179462 28.460159 54.198692
v -57.324730 25.303030 49.350948
v -57.285351 25.418135 49.610081
v -57.284222 25.419479 49.610439
v -57.324104 25.302017 49.349358
v -66.333176 26.844746 49.199371
v -66.594246 26.916676 49.106518
v -66.595352 26.917789 49.107361
v -66.331947 26.843885 49.200668
v -65.741066 25.798414 44.141029
v -65.805153 25.910593 43.914215
v -65.806580 25.911411 43.913933
v -65.741302 25.797186 44.142334
v -60.881294 27.670351 42.604458
v -60.725296 27.792355 42.493137
v -60.725574 27.793209 42.492035
v -60.882378 27.669199 42.604553
v -63.136673 23.956400 44.260815
v -63.182281 24.041954 44.257744
v -63.150475 23.983774 44.252769
v -64.617485 12.739093 36.911278
v -64.622795 12.775503 36.984177
v -55.842194 10.884586 44.380646
v -55.542625 10.971133 44.526958
v -55.541187 10.972469 44.526100
v -55.843494 10.883555 44.378929
v -71.366089 19.917412 49.998638
v -71.288292 19.939840 49.984127
v -54.112103 15.581923 55.293259
v -54.137604 15.635420 55.225567
v -66.591766 9.542480 42.981380
v -66.603806 9.680976 42.666237
v -66.605118 9.682602 42.665657
v -66.592728 9.541265 42.983192
v -57.234074 9.760860 50.348103
v -57.188122 9.895825 50.627930
v -57.186470 9.896795 50.628456
v -57.233616 9.759377 50.346577
v -63.251949 11.698977 51.528042
v -63.453495 11.845771 51.640045
v -63.453304 11.846807 51.641411
v -63.250641 11.697593 51.528076
v -67.432350 27.029245 45.036160
v -67.518196 27.219349 44.761612
v -67.519226 27.221300 44.761711
v -67.432884 27.027927 45.038078
v -59.351013 24.356754 45.303799
v -59.345661 24.442314 45.258404
v -59.342285 24.384130 45.290417
v -63.572895 23.419678 49.252377
v -63.555546 23.520952 49.305252
v -63.575397 23.451813 49.271896
v -60.483192 24.393040 49.260090
v -60.433521 24.485537 49.270847
v -60.468975 24.422390 49.271080
v -61.662376 21.186901 53.599716
v -61.920338 21.335861 53.823921
v -61.919933 21.337530 53.825459
v -61.660217 21.185520 53.599266
v -55.721596 20.564400 44.708820
v -55.461063 20.715664 44.871754
v -55.459934 20.717287 44.870972
v -55.722534 20.563095 44.707039
v -61.832317 26.772356 40.753860
v -61.596088 26.966738 40.584167
v -61.596481 26.968710 40.583210
v -61.834297 26.771048 40.753937
v -55.732628 13.913381 36.050819
v -55.789764 13.969813 36.100285
v -71.478981 14.175150 45.095711
v -71.407455 14.192069 45.132137
v -64.442574 27.281452 52.075035
v -64.732277 27.460697 52.115002
v -64.732414 27.462593 52.116112
v -64.440742 27.280144 52.075867
v -55.739838 27.281454 45.981495
v -55.544304 27.460699 46.198956
v -55.543335 27.462538 46.198475
v -55.740173 27.280146 45.979515
v -61.049759 42.418076 51.636051
v -61.178440 42.704922 51.857101
v -60.936256 42.417152 51.645679
v -60.393703 39.968925 48.493343
v -60.363647 39.790600 48.493164
v -56.822311 42.674946 47.578003
v -56.654530 42.955223 47.766285
v -56.778839 42.674026 47.472725
v -66.568878 42.951618 47.884636
v -66.809975 43.218479 47.780392
v -66.566765 42.950104 47.998520
v -59.929276 42.968189 41.996120
v -59.705639 43.237637 41.853580
v -60.025688 42.966663 41.933418
v -63.715504 40.369278 47.831543
v -63.716827 40.190952 47.861576
v -62.965694 40.392475 44.396008
v -62.995686 40.201752 44.397869
v -60.473515 39.333263 44.419220
v -60.490269 39.142544 44.394295
v -66.466980 36.452991 48.938644
v -66.760529 36.681870 48.905758
v -66.441658 36.445385 49.049446
v -62.385361 37.101246 41.038036
v -62.251694 37.330933 40.729786
v -62.508362 37.092171 41.026966
v -57.323601 25.312492 49.354805
v -57.183422 25.529949 49.628498
v -57.245819 25.308628 49.271648
v -66.338791 26.853348 49.198818
v -66.681198 27.009943 49.190010
v -66.305870 26.850380 49.307846
v -65.745102 25.806433 44.138306
v -65.928673 25.972759 43.900490
v -65.812233 25.768143 44.207726
v -60.880772 27.677883 42.601307
v -60.758877 27.859791 42.398457
v -60.957920 27.645765 42.566051
v -63.090950 24.140251 44.116356
v -63.126907 23.925695 44.112511
v -55.835556 10.894934 44.382061
v -55.427383 11.083345 44.438896
v -55.860180 10.891360 44.247257
v -66.592598 9.553868 42.976608
v -66.723167 9.815507 42.630447
v -66.696823 9.549222 43.065514
v -57.229614 9.770502 50.351902
v -57.042294 9.970616 50.661045
v -57.139969 9.724430 50.277981
v -63.252995 11.708042 51.531738
v -63.426151 11.926908 51.757778
v -63.165516 11.669399 51.584324
v -67.432205 27.041222 45.033077
v -67.607338 27.378441 44.785297
v -67.498413 27.040112 45.153076
v -59.209030 24.540607 45.356697
v -59.203388 24.326052 45.320976
v -63.756161 23.634706 49.278370
v -63.737549 23.378593 49.314159
v -60.547371 24.589428 49.416496
v -60.510574 24.355515 49.418354
v -61.665550 21.199177 53.604168
v -61.867020 21.475531 53.954624
v -61.519993 21.188257 53.634033
v -55.717487 20.575943 44.710457
v -55.370975 20.851324 44.789471
v -55.732773 20.566786 44.574570
v -61.829330 26.784340 40.753071
v -61.645592 27.129471 40.506191
v -61.963722 26.783236 40.726208
v -64.445885 27.293362 52.074814
v -64.729797 27.614441 52.213642
v -64.340118 27.291542 52.161976
v -55.738159 27.293362 45.984356
v -55.464024 27.614449 46.141582
v -55.725296 27.291546 45.847916
v -60.328289 39.885735 48.376518
v -63.602097 40.286083 47.902729
v -63.047050 40.305904 44.515160
v -60.617435 39.246693 44.409309
v -63.184963 24.040157 44.247189
v -59.334988 24.440514 45.256260
v -63.565605 23.518452 49.313316
v -60.431820 24.483253 49.282494
vn 0.9717 0.0697 -0.2258
vn -0.2149 0.9366 0.2769
vn 0.9965 -0.0642 0.0533
vn 0.6868 0.3325 -0.6464
vn 0.7899 -0.5737 0.2165
vn 0.2351 -0.9696 -0.0679
vn 0.6574 0.7501 -0.0723
vn 0.6029 -0.1447 -0.7845
vn 0.4526 -0.8695 -0.1978
vn -0.1374 -0.7203 -0.6799
vn -0.2863 -0.8314 0.4762
vn -0.2569 -0.9604 -0.1080
vn 0.8789 -0.4635 -0.1125
vn 0.5315 -0.8402 0.1074
vn 0.5952 0.7560 -0.2724
vn 0.3670 0.0042 -0.9302
vn -0.8142 0.4089 -0.4122
vn 0.3915 -0.8557 -0.3384
vn -0.2812 -0.9590 0.0341
vn 0.8219 -0.5690 -0.0272
vn -0.8444 -0.3532 -0.4028
vn -0.7870 -0.4669 0.4033
vn -0.5939 0.8045 -0.0033
vn -0.5452 0.7783 -0.3115
vn -0.9045 0.0973 -0.4152
vn -0.0233 -0.7927 0.6092
vn 0.1038 0.9932 -0.0529
vn 0.3813 -0.2998 -0.8745
vn -0.9068 0.3216 -0.2727
vn -0.9866 -0.1092 -0.1214
vn -0.1272 0.4813 0.8673
vn 0.4809 -0.8645 -0.1465
vn -0.1297 -0.8991 -0.4180
vn -0.6362 -0.5461 0.5450
vn 0.6622 -0.7339 -0.1511
vn -0.1442 -0.8909 -0.4308
vn 0.3459 0.5670 -0.7476
vn 0.2239 0.5956 0.7714
vn 0.2494 -0.9256 0.2846
vn -0.7043 0.6936 -0.1509
vn 0.7513 0.1319 -0.6466
vn -0.9477 -0.3193 -0.0017
vn -0.0573 0.9660 -0.2520
vn 0.0683 0.9861 -0.1512
vn -0.3823 -0.8708 -0.3092
vn 0.9382 0.2683 -0.2185
vn 0.7481 -0.6090 -0.2638
vn 0.7474 -0.5485 -0.3748
vn -0.0118 -0.9762 0.2166
vn -0.6119 0.7768 -0.1485
vn -0.2373 0.9542 -0.1824
vn 0.7730 0.6271 0.0960
vn -0.7805 0.3338 0.5287
vn -0.6873 -0.4873 0.5387
vn -0.9177 -0.2575 -0.3026
vn -0.9168 0.2890 -0.2755
vn -0.9214 -0.2983 0.2491
vn -0.0750 0.8778 0.4732
vn 0.0509 -0.9956 0.0782
vn -0.1225 0.9786 -0.1652
vn 0.2697 -0.7219 0.6373
vn -0.0751 -0.9570 0.2802
vn 0.4306 -0.8761 -0.2168
vn -0.0394 -0.9607 0.2747
vn -0.8182 0.3564 0.4511
vn 0.8083 -0.4213 0.4113
vn -0.2054 0.9757 -0.0762
vn 0.1201 0.9927 -0.0060
vn 0.1698 0.9571 0.2348
vn -0.2540 0.9269 0.2762
vn -0.8961 -0.2666 0.3549
vn 0.2185 -0.9406 -0.2600
vn 0.8870 0.0315 0.4607
vn -0.2711 -0.8030 0.5307
vn 0.9622 -0.2487 -0.1109
vn 0.7708 0.4236 -0.4758
vn -0.9709 0.1685 -0.1703
vn -0.3163 -0.7673 0.5579
vn -0.2794 0.9112 -0.3027
vn -0.5030 -0.6150 0.6073
vn -0.4041 0.0929 0.9100
vn 0.9291 0.1646 -0.3313
vn 0.9821 0.1368 -0.1297
vn 0.5431 0.2120 0.8124
vn -0.4853 0.6970 -0.5279
vn -0.4621 0.7423 -0.4853
vn 0.2672 0.7454 0.6108
vn -0.5770 -0.5986 -0.5556
vn -0.4977 0.8663 -0.0421
vn -0.6022 -0.0865 -0.7937
vn -0.7130 0.2159 0.6672
vn 0.5361 -0.6801 0.5001
vn 0.8154 0.5714 -0.0928
vn -0.9157 0.0730 -0.3952
vn -0.3129 0.9418 0.1224
vn 0.0180 0.9304 -0.3661
vn 0.4603 0.5031 -0.7314
vn 0.1754 0.7912 -0.5859
vn -0.8043 -0.4313 -0.4088
vn 0.1680 -0.8448 0.5079
vn -0.0981 -0.9929 -0.0678
vn 0.5684 0.7969 0.2047
vn -0.3196 0.9471 -0.0297
vn 0.7920 0.5677 0.2246
vn -0.0681 -0.9744 -0.2141
vn -0.1213 -0.9926 0.0034
vn 0.4259 -0.2036 0.8816
vn -0.1264 0.4990 0.8573
vn -0.4367 -0.8039 0.4038
vn 0.2314 0.9586 -0.1662
vn 0.1602 0.9491 -0.2711
vn 0.0042 0.9559 0.2938
vn 0.5148 -0.6193 0.5929
vn 0.4436 0.4875 0.7520
vn -0.7733 -0.5557 0.3052
vn 0.9727 0.1989 -0.1192
vn 0.8642 -0.4598 -0.2045
vn -0.1818 0.4466 -0.8761
vn 0.6898 0.6974 0.1943
vn 0.6914 0.4713 0.5475
vn -0.2807 0.0465 -0.9587
vn -0.2831 0.0527 0.9576
vn -0.4862 -0.8636 -0.1334
vn 0.3051 -0.6559 -0.6904
vn -0.9991 0.0423 -0.0050
vn -0.2013 0.9684 0.1475
vn 0.5988 0.1002 0.7946
vn -0.6254 -0.7616 0.1697
vn 0.1046 0.9890 -0.1042
vn -0.4239 0.8501 0.3124
vn 0.1485 -0.9883 -0.0339
vn -0.6604 -0.5317 0.5303
vn 0.8586 -0.3054 0.4119
vn 0.0167 -0.7668 0.6417
vn -0.4075 0.8998 -0.1560
vn -0.9876 0.0606 -0.1447
vn 0.3752 -0.7538 0.5394
vn 0.2578 -0.4790 -0.8391
vn 0.6448 -0.7429 0.1798
vn 0.5078 0.6315 0.5859
vn -0.1099 -0.1604 0.9809
vn 0.7524 0.6328 -0.1832
vn -0.8778 0.3088 0.3661
vn 0.9433 0.0928 -0.3187
vn -0.1766 0.3515 0.9194
vn 0.3542 -0.9221 0.1559
vn 0.6447 -0.2182 -0.7327
vn 0.8175 0.5757 -0.0165
vn 0.3697 0.8280 -0.4216
vn 0.9713 0.1285 -0.2003
vn 0.4944 -0.7216 -0.4846
vn -0.3107 -0.7771 0.5474
vn 0.3165 -0.0619 0.9466
vn -0.5055 -0.7281 -0.4629
vn -0.4181 0.5286 -0.7388
vn 0.0863 -0.7043 -0.7046
vn 0.4326 0.8999 -0.0554
vn 0.2910 -0.9299 0.2248
vn -0.6616 0.6803 -0.3154
vn -0.3882 0.8484 0.3598
vn 0.3988 0.8342 0.3809
vn -0.1853 0.1372 0.9730
vn 0.1298 0.1677 0.9773
vn -0.2079 -0.8548 -0.4756
vn -0.6061 0.6536 0.4532
vn -0.6127 -0.5308 0.5855
vn -0.7672 -0.5453 0.3377
vn -0.6482 -0.5116 -0.5640
vn -0.7898 -0.5472 -0.2771
vn 0.0180 0.8862 -0.4629
vn 0.4116 -0.4200 -0.8088
vn -0.1317 -0.7615 -0.6347
vn 0.4248 -0.3756 0.8237
vn 0.0724 0.9958 -0.0554
vn -0.2406 -0.8781 -0.4137
vn 0.0930 0.2515 0.9634
vn 0.0541 0.8892 0.4544
vn 0.2573 -0.9647 0.0571
vn 0.3319 -0.8478 0.4136
vn -0.4903 -0.3914 0.7787
vn 0.4152 0.2342 -0.8791
vn -0.5788 -0.7975 -0.1700
vn 0.3833 0.5333 -0.7541
vn 0.2278 0.5045 -0.8328
vn -0.2196 0.8064 0.5491
vn 0.9157 -0.0608 -0.3972
vn 0.5806 -0.7934 -0.1828
vn 0.9328 0.3398 0.1203
vn -0.0286 -0.9780 -0.2067
vn 0.9300 0.3432 -0.1318
vn -0.4645 -0.7862 0.4077
vn -0.5001 -0.8074 0.3132
vn 0.5243 -0.6488 -0.5516
vn 0.8657 0.3375 -0.3696
vn 0.4177 -0.5110 0.7513
vn -0.2708 0.8352 -0.4787
vn -0.5412 -0.8343 0.1052
vn 0.6097 0.7592 -0.2279
vn -0.5364 -0.8408 0.0729
vn 0.7775 -0.6109 -0.1495
vn -0.3580 -0.3489 -0.8661
vn -0.5221 0.3848 0.7611
vn 0.5957 -0.0989 -0.7971
vn 0.0986 -0.9542 -0.2824
vn 0.0619 -0.8981 0.4354
vn -0.9025 -0.1929 0.3851
vn 0.2957 0.8011 -0.5204
vn 0.4686 -0.6793 -0.5648
vn -0.6417 -0.3091 0.7019
vn -0.5143 0.6132 -0.5995
vn 0.8661 -0.3737 -0.3320
vn -0.5567 -0.6452 -0.5233
vn -0.3565 -0.8269 0.4349
vn 0.5589 -0.5157 -0.6494
vn 0.0379 -0.9991 0.0206
vn 0.5443 0.7956 -0.2660
vn -0.5953 -0.7897 -0.1481
vn 0.2537 -0.8626 0.4376
vn -0.5337 0.3089 0.7872
vn -0.3222 0.2345 0.9172
vn 0.0090 -0.4226 0.9063
vn -0.9107 -0.4087 -0.0604
vn 0.8039 0.5525 -0.2202
vn 0.1359 -0.9672 -0.2145
vn -0.5443 -0.8301 0.1208
vn -0.0882 -0.4557 -0.8858
vn 0.4520 0.1134 -0.8848
vn 0.6009 -0.4331 -0.6718
vn 0.6949 -0.1376 0.7058
vn -0.1643 0.9620 0.2181
vn 0.0028 -0.9973 0.0733
vn 0.5416 0.1396 -0.8289
vn -0.8094 -0.5203 0.2723
vn 0.5482 -0.8356 0.0365
vn 0.3204 0.1010 0.9419
vn 0.3778 -0.9047 0.1971
vn 0.9361 0.2471 0.2504
vn 0.1220 -0.9587 -0.2570
vn -0.2233 -0.9642 -0.1433
vn 0.1130 0.0794 0.9904
vn -0.9835 -0.1242 0.1318
vn 0.0081 -0.8792 0.4765
vn -0.9205 0.0527 0.3872
vn -0.0702 0.9895 0.1265
vn -0.6537 0.2544 0.7127
vn -0.7035 -0.3369 0.6257
vn -0.6248 -0.5061 0.5946
vn -0.1763 0.9585 -0.2240
vn 0.4043 0.4122 -0.8165
vn -0.4463 0.0770 -0.8916
vn -0.5796 -0.8064 0.1178
vn -0.3745 -0.9006 -0.2205
vn 0.8081 -0.0200 -0.5887
vn 0.9608 0.1957 -0.1961
vn 0.7460 -0.4885 0.4526
vn 0.5831 0.7767 0.2381
vn 0.4353 -0.7641 0.4761
vn -0.1139 -0.9914 0.0650
vn -0.1258 0.8302 0.5431
vn -0.0212 -0.7282 0.6850
vn 0.7454 0.2151 0.6310
vn -0.3856 0.0163 -0.9225
vn -0.1363 0.7194 0.6811
vn -0.6228 -0.1727 0.7630
vn -0.9358 -0.3045 0.1774
vn -0.4477 0.7697 0.4551
vn -0.9381 -0.2373 0.2524
vn 0.4361 0.8989 0.0429
vn -0.0887 0.2430 -0.9660
vn 0.0918 0.9929 0.0760
vn 0.0108 -0.9865 0.1633
vn -0.3331 -0.9248 0.1837
vn 0.9377 0.1214 0.3257
vn -0.7021 -0.5099 0.4971
vn -0.0062 0.8317 -0.5553
vn -0.4855 -0.5812 -0.6531
vn 0.7056 -0.2853 -0.6487
vn -0.8199 -0.5721 -0.0235
vn 0.0550 -0.9820 -0.1809
vn 0.2521 -0.8075 0.5333
vn -0.2202 -0.9549 -0.1993
vn -0.5178 -0.2589 -0.8154
vn -0.5000 0.0887 -0.8615
vn -0.4575 0.5044 0.7323
vn 0.4749 -0.7229 0.5019
vn 0.1202 -0.8971 -0.4253
vn 0.5577 -0.6990 0.4477
vn 0.1008 -0.6512 0.7522
vn -0.4900 -0.5424 -0.6824
vn 0.3066 -0.9490 -0.0728
vn -0.4384 -0.7687 -0.4658
vn 0.8792 0.0394 -0.4749
vn -0.6985 -0.6089 -0.3759
vn -0.2508 -0.5963 -0.7626
vn -0.5056 0.6914 -0.5161
vn -0.6001 -0.2918 -0.7448
vn -0.2672 0.0809 -0.9602
vn 0.7624 -0.3622 -0.5363
vn -0.3011 0.8135 0.4976
vn 0.8542 0.2210 0.4707
vn 0.5582 0.8208 -0.1212
vn 0.5222 -0.0357 0.8521
vn -0.1205 -0.9792 -0.1633
vn -0.0465 0.9386 0.3420
vn 0.0474 0.9555 0.2912
vn 0.5044 -0.8632 -0.0239
vn 0.4117 0.7970 0.4419
vn -0.2994 -0.9181 -0.2598
vn 0.7022 0.2519 0.6659
vn -0.5694 0.5039 -0.6495
vn -0.0469 0.9625 -0.2674
vn -0.6898 0.7032 -0.1723
vn 0.3764 0.3195 0.8696
vn -0.4786 -0.8447 -0.2398
vn -0.9798 0.1038 0.1710
vn -0.7526 -0.0586 -0.6559
vn 0.4390 -0.8945 0.0842
vn 0.6872 -0.7249 0.0474
vn 0.0244 -0.6508 0.7589
vn -0.5326 -0.6595 -0.5304
vn 0.8497 0.2308 0.4740
vn -0.5805 -0.5619 -0.5893
vn -0.5812 -0.5615 -0.5890
vn -0.5828 -0.5625 -0.5864
vn 0.4083 -0.8725 -0.2682
vn -0.8283 -0.4660 0.3110
vn 0.1031 0.9945 -0.0172
vn 0.3698 -0.8155 0.4452
vn -0.7350 -0.5765 -0.3569
vn -0.7349 0.6594 0.1585
vn 0.9041 0.1077 0.4136
vn -0.4925 -0.0004 -0.8703
vn 0.0458 -0.5873 -0.8081
vn -0.5302 -0.6621 -0.5296
vn 0.1892 0.9545 0.2303
vn -0.6899 -0.7154 -0.1106
vn 0.6538 0.6473 0.3918
vn 0.3313 -0.4315 0.8391
vn -0.9400 0.3337 -0.0703
vn 0.7235 -0.6889 0.0434
vn 0.8162 0.2215 0.5336
vn 0.9574 0.1906 -0.2170
vn -0.7186 0.2965 0.6291
vn 0.7515 0.4186 0.5100
vn 0.6108 -0.5845 -0.5341
vn 0.3213 -0.8460 0.4255
vn 0.8136 0.0429 -0.5799
vn -0.5757 0.7392 0.3494
vn -0.4899 -0.8240 -0.2847
vn 0.1163 -0.1086 -0.9873
vn -0.0884 -0.9032 -0.4201
vn -0.4980 0.8634 0.0809
vn 0.0745 -0.9972 0.0095
vn 0.9326 -0.3457 -0.1039
vn -0.1561 0.9491 -0.2735
vn 0.6873 0.7262 -0.0180
vn -0.4845 0.8533 -0.1926
vn -0.1068 -0.9022 -0.4178
vn 0.4127 -0.5499 -0.7261
vn -0.7355 0.2798 0.6171
vn -0.8849 0.4112 0.2187
vn -0.8509 -0.5221 -0.0579
vn 0.2520 -0.8666 -0.4308
vn -0.2471 0.4310 -0.8678
vn -0.0721 0.8057 0.5880
vn -0.2353 -0.0733 0.9692
vn -0.7037 -0.1084 -0.7022
vn -0.1141 -0.9482 -0.2965
vn -0.1894 -0.7134 -0.6746
vn 0.3735 0.2049 0.9047
vn 0.9837 0.1690 0.0615
vn 0.9620 -0.1252 0.2427
vn -0.9286 -0.2149 -0.3024
vn -0.5817 -0.4477 -0.6791
vn -0.3215 -0.5188 0.7922
vn -0.1258 -0.0703 0.9896
vn 0.3443 -0.7919 0.5043
vn 0.8886 -0.4574 0.0329
vn -0.5780 -0.6322 0.5160
vn -0.4459 -0.5920 0.6713
vn -0.2526 -0.6167 -0.7456
vn 0.7886 -0.4487 0.4205
vn -0.2010 -0.1741 -0.9640
vn 0.4614 -0.8748 0.1477
vn -0.5504 -0.6443 -0.5309
vn -0.0752 0.9232 -0.3770
vn -0.4767 -0.7906 -0.3843
vn 0.6497 -0.6895 -0.3202
vn 0.8688 -0.4716 -0.1509
vn -0.0000 -0.0000 -0.0000
vn 0.5684 0.3732 -0.7332
vn 0.1136 0.8847 0.4522
vn 0.1754 -0.4062 0.8968
vn -0.6405 -0.7384 -0.2112
vn 0.1976 0.2964 0.9344
vn 0.1845 0.2972 0.9368
vn 0.1876 0.3071 0.9330
vn -0.0344 0.9956 -0.0875
vn -0.0349 0.9961 -0.0814
vn -0.0351 0.9954 -0.0893
vn -0.5577 0.8270 -0.0709
vn -0.5605 0.8251 -0.0709
vn -0.5567 0.8277 -0.0710
vn -0.4513 -0.2579 -0.8543
vn -0.4454 -0.2555 -0.8581
vn -0.4496 -0.2577 -0.8553
vn -0.6684 -0.6870 0.2850
vn 0.0455 0.7806 -0.6234
vn -0.8735 -0.2790 0.3990
vn -0.9083 0.0010 0.4183
vn -0.4829 -0.8472 0.2214
vn -0.8529 0.4810 -0.2030
vn -0.5110 -0.1447 0.8473
vn -0.4253 -0.8662 0.2625
vn 0.2129 -0.7203 0.6602
vn 0.2310 -0.8314 -0.5053
vn 0.2674 -0.9604 0.0784
vn -0.8782 -0.4246 0.2202
vn -0.0584 -0.9946 -0.0857
vn -0.7597 0.2338 0.6068
vn -0.1118 -0.1210 0.9863
vn 0.6779 -0.3690 0.6359
vn -0.3510 -0.8557 0.3803
vn 0.2756 -0.9590 -0.0655
vn -0.8136 -0.5690 0.1194
vn 0.8843 -0.3532 0.3053
vn 0.8505 -0.4583 -0.2580
vn 0.5906 0.8045 -0.0634
vn 0.5684 0.7829 0.2530
vn 0.9580 -0.1716 0.2300
vn 0.0683 -0.5334 -0.8431
vn -0.1001 0.9886 0.1126
vn -0.2806 -0.2998 0.9118
vn 0.9317 0.3216 0.1690
vn 0.7128 -0.6559 0.2485
vn 0.6221 -0.5665 -0.5405
vn 0.5583 -0.3289 -0.7617
vn 0.5508 -0.3390 -0.7627
vn 0.5596 -0.3283 -0.7610
vn 0.4352 0.6643 0.6077
vn 0.3513 -0.9078 -0.2289
vn 0.7814 0.4732 0.4069
vn -0.6082 -0.7889 0.0881
vn -0.8163 -0.5461 -0.1883
vn 0.5463 0.8242 0.1493
vn -0.9275 0.3348 -0.1661
vn 0.0097 0.0004 1.0000
vn 0.2590 0.4381 -0.8608
vn 0.7920 0.1977 -0.5776
vn 0.4740 -0.7476 -0.4651
vn 0.6046 -0.7955 0.0409
vn -0.3045 -0.9423 -0.1394
vn 0.6353 0.6653 -0.3921
vn -0.4323 0.8670 -0.2477
vn -0.5330 0.8408 -0.0946
vn -0.0704 -0.1464 -0.9867
vn 0.8368 0.4979 0.2275
vn -0.7470 -0.4542 0.4854
vn -0.7345 0.4655 -0.4938
vn -0.5653 -0.8044 -0.1828
vn 0.7540 -0.5306 0.3873
vn 0.4108 0.9026 -0.1288
vn 0.5814 0.8135 0.0137
vn -0.6636 -0.5393 -0.5184
vn -0.7837 0.3982 -0.4768
vn -0.6103 0.7112 -0.3489
vn 0.1936 0.9171 0.3485
vn -0.8216 -0.0366 0.5689
vn 0.2096 0.9553 0.2085
vn -0.7952 -0.3328 0.5068
vn 0.8607 0.4451 0.2473
vn 0.6770 -0.1946 0.7098
vn 0.2946 -0.5220 0.8005
vn 0.8222 -0.5233 0.2239
vn 0.3193 0.6886 0.6511
vn -0.1612 0.2456 0.9559
vn 0.3580 -0.9327 0.0434
vn -0.7843 -0.3627 -0.5032
vn -0.0146 -0.0472 0.9988
vn 0.1288 0.3876 -0.9128
vn -0.3699 0.9180 0.1432
vn 0.1059 -0.7906 0.6031
vn -0.1341 -0.5787 0.8045
vn 0.2798 -0.8396 0.4656
vn -0.3548 0.8982 0.2596
vn -0.5457 0.5756 0.6089
vn 0.3366 0.9137 -0.2277
vn -0.8680 0.4958 0.0267
vn 0.0265 -0.9961 0.0845
vn 0.2781 0.7729 -0.5704
vn -0.5081 -0.3812 0.7724
vn 0.8929 -0.4395 -0.0980
vn 0.2218 0.5310 0.8178
vn 0.9894 -0.1080 0.0974
vn 0.9690 0.1556 -0.1919
vn 0.0015 -1.0000 0.0073
vn -0.7290 0.6383 -0.2471
vn 0.1013 0.6118 -0.7845
vn 0.5990 0.2127 -0.7720
vn -0.0818 0.6081 -0.7896
vn -0.5417 -0.0872 -0.8360
vn -0.3085 -0.4288 0.8491
vn -0.6382 0.7696 -0.0229
vn -0.7974 -0.4246 0.4287
vn 0.7033 -0.5673 -0.4284
vn -0.5134 -0.5247 0.6790
vn -0.3239 0.3292 0.8870
vn -0.5092 0.2714 0.8168
vn 0.4626 0.5282 -0.7121
vn -0.8286 0.2770 -0.4866
vn 0.8802 -0.4516 0.1458
vn -0.3214 -0.6831 -0.6559
vn 0.6381 -0.1113 0.7618
vn -0.7274 -0.3596 -0.5844
vn -0.3228 0.9414 0.0982
vn -0.9198 0.1263 0.3714
vn -0.2200 -0.1621 0.9619
vn -0.3819 -0.1957 -0.9033
vn 0.7254 -0.5588 -0.4019
vn 0.9166 -0.3810 -0.1211
vn 0.0130 -0.9343 0.3562
vn 0.0359 -0.8768 -0.4795
vn -0.1720 0.7363 -0.6544
vn 0.7781 -0.2829 0.5609
vn 0.7768 0.6028 0.1822
vn 0.6116 0.1873 0.7687
vn 0.2364 -0.9383 -0.2524
vn 0.7148 -0.1980 -0.6707
vn -0.3168 -0.1543 -0.9358
vn -0.0057 -0.5630 -0.8264
vn -0.0058 -0.5593 -0.8290
vn -0.0057 -0.5587 -0.8293
vn 0.7398 0.4058 0.5367
vn -0.9465 0.1695 0.2745
vn 0.4991 -0.8517 -0.1595
vn -0.1495 0.8747 -0.4611
vn 0.1401 -0.5177 0.8440
vn 0.1405 -0.5193 0.8430
vn 0.1405 -0.5189 0.8432
vn 0.8033 -0.2797 -0.5258
vn 0.8573 0.5033 -0.1079
vn -0.2732 0.5377 0.7977
vn -0.2730 0.5428 0.7943
vn -0.2717 0.5434 0.7943
vn 0.0582 -0.9933 -0.0997
vn 0.0601 -0.9950 -0.0798
vn 0.0555 -0.9923 -0.1110
vn 0.8273 -0.3510 -0.4387
vn 0.8299 -0.3557 -0.4298
vn 0.8327 -0.3492 -0.4298
vn -0.2515 0.5545 -0.7933
vn -0.1887 -0.8692 -0.4571
vn -0.4493 -0.0174 0.8932
vn 0.5209 0.7012 0.4868
vn 0.3239 -0.9458 -0.0246
vn 0.3221 -0.9464 -0.0247
vn 0.3237 -0.9458 -0.0246
vn 0.4381 -0.5315 -0.7250
vn -0.9436 -0.3087 -0.1195
vn -0.0843 0.7467 -0.6598
vn 0.2666 0.9563 -0.1198
vn -0.0334 -0.1494 0.9882
vn -0.4299 0.1942 0.8817
vn -0.4158 0.5084 0.7541
vn -0.3435 -0.8618 0.3733
vn 0.1319 0.9837 0.1222
vn -0.0078 -0.8856 -0.4643
vn 0.3339 -0.8626 -0.3801
vn -0.6478 -0.6555 0.3883
vn 0.7437 -0.6132 -0.2662
vn 0.9027 0.4053 -0.1442
vn 0.3268 0.0297 0.9446
vn -0.4410 -0.8793 0.1797
vn -0.5239 -0.6164 0.5879
vn -0.8986 -0.4379 -0.0265
vn 0.6968 -0.7138 0.0708
vn 0.7257 0.5806 -0.3691
vn 0.6796 -0.7023 -0.2118
vn 0.2678 0.9359 0.2290
vn 0.5938 0.4816 -0.6446
vn -0.4012 -0.8460 -0.3513
vn 0.6809 0.2554 -0.6864
vn -0.2152 0.4838 0.8483
vn -0.9106 -0.3759 -0.1715
vn -0.3960 0.2879 0.8720
vn -0.0903 0.5655 0.8198
vn 0.1131 0.4146 -0.9029
vn 0.5464 -0.8321 -0.0951
vn -0.2065 -0.9779 0.0324
vn -0.1161 0.9431 0.3116
vn -0.5490 -0.7979 -0.2491
vn 0.4063 0.9037 -0.1353
vn -0.0478 -0.9981 -0.0401
vn -0.9648 0.2619 -0.0238
vn -0.5831 0.4845 0.6521
vn -0.6448 -0.5574 -0.5230
vn 0.8044 -0.5390 0.2498
vn 0.6428 -0.7089 0.2903
vn -0.3139 0.6524 -0.6898
vn 0.1125 -0.9798 -0.1653
vn 0.3914 -0.7033 -0.5934
vn -0.2704 -0.9512 0.1489
vn 0.2226 0.9012 -0.3719
vn 0.7838 0.2423 -0.5718
vn -0.8762 -0.4345 -0.2083
vn 0.4789 0.8739 -0.0835
vn 0.1583 0.9789 0.1296
vn -0.3159 -0.9049 -0.2854
vn -0.1503 0.9052 -0.3976
vn -0.6499 0.4956 -0.5762
vn -0.9096 0.0316 -0.4144
vn -0.5970 0.2590 -0.7593
vn -0.4160 -0.8794 0.2316
vn 0.6807 -0.2569 -0.6861
vn 0.0670 -0.9975 0.0232
vn 0.5103 -0.7482 -0.4239
vn 0.8796 0.4423 0.1754
vn 0.6861 -0.0204 -0.7272
vn -0.4380 -0.5221 -0.7318
vn -0.9569 0.1591 -0.2429
vn -0.2851 0.9463 -0.1523
vn 0.7410 -0.3672 0.5622
vn 0.6825 -0.6528 -0.3286
vn 0.3678 -0.4117 0.8338
vn 0.3019 -0.9349 0.1865
vn -0.6827 0.1647 0.7119
vn -0.7470 -0.6510 0.1346
vn -0.8411 0.4906 0.2276
vn -0.6128 0.7772 -0.1430
vn 0.1168 0.9787 0.1688
vn -0.9615 0.2742 -0.0150
vn 0.7483 0.6202 -0.2354
vn -0.1229 -0.8363 -0.5344
vn -0.5534 -0.6573 -0.5115
vn -0.2758 -0.9088 0.3131
vn 0.0679 -0.7275 0.6827
vn 0.7822 0.5959 -0.1820
vn -0.5801 -0.7337 -0.3538
vn 0.5763 0.4481 -0.6835
vn 0.2644 -0.7410 -0.6173
vn 0.7711 -0.5234 0.3626
vn -0.2431 -0.9664 0.0832
vn 0.3754 -0.6968 0.6112
vn 0.2445 0.2762 -0.9295
vn 0.1179 -0.7609 0.6381
vn 0.9434 0.1324 -0.3040
vn 0.1214 -0.4465 0.8865
vn -0.1637 -0.9808 -0.1059
vn -0.0797 -0.7852 -0.6141
vn -0.5730 0.4967 -0.6519
vn -0.3209 -0.6706 -0.6688
vn 0.5845 0.6431 0.4948
vn 0.2452 0.4917 -0.8355
vn 0.1215 0.9894 -0.0798
vn -0.1284 -0.2643 -0.9558
vn -0.4139 -0.8501 -0.3257
vn -0.4208 -0.2003 0.8848
vn 0.9376 -0.0419 0.3452
vn -0.9192 0.2126 0.3315
vn -0.0012 -0.9424 0.3345
vn 0.4148 -0.9008 -0.1289
vn -0.2260 0.1876 -0.9559
vn -0.2926 -0.9104 0.2926
vn -0.2930 -0.8975 0.3297
vn -0.2964 -0.9079 0.2964
vn 0.3588 -0.6559 0.6641
vn 0.6159 0.0423 -0.7867
vn 0.0067 0.9684 -0.2495
vn -0.9949 0.1002 -0.0134
vn 0.2490 -0.7617 -0.5982
vn 0.8646 0.3662 0.3439
vn -0.4286 0.8118 0.3966
vn -0.7606 -0.5139 0.3967
vn 0.0141 -0.6219 -0.7830
vn -0.4321 0.8885 -0.1545
vn -0.1301 -0.5172 -0.8459
vn -0.6319 -0.0562 0.7730
vn 0.8649 -0.4411 0.2397
vn -0.1679 0.3012 -0.9387
vn 0.6626 0.7470 0.0539
vn 0.6943 -0.5600 0.4520
vn -0.7193 -0.4967 0.4857
vn -0.8407 0.2843 -0.4609
vn 0.4550 0.7216 -0.5218
vn 0.7815 -0.5755 -0.2411
vn -0.0642 -0.4561 0.8876
vn -0.6539 0.7325 0.1894
vn -0.6092 -0.4626 -0.6441
vn -0.1346 -0.2166 0.9669
vn 0.8327 0.5513 0.0515
vn 0.6793 -0.5243 -0.5135
vn 0.5787 0.2103 -0.7879
vn 0.5583 0.6579 0.5054
vn 0.0831 -0.5882 0.8045
vn -0.9265 -0.3421 -0.1565
vn -0.3993 -0.4239 -0.8129
vn -0.6194 0.0752 0.7814
vn 0.0767 0.8509 0.5196
vn 0.6366 0.2364 0.7341
vn 0.7835 0.3698 -0.4993
vn 0.5994 -0.7905 -0.1262
vn -0.3138 0.9052 -0.2866
vn 0.0569 -0.3459 -0.9365
vn -0.8994 -0.0500 0.4343
vn 0.5598 0.2946 0.7745
vn 0.6404 -0.7539 0.1469
vn -0.5186 0.2423 0.8199
vn -0.5675 0.6692 -0.4797
vn -0.1553 -0.5971 -0.7870
vn 0.9227 -0.3718 0.1023
vn 0.8270 0.1668 -0.5369
vn 0.4187 0.5724 0.7050
vn -0.2496 -0.6191 0.7446
vn -0.8495 -0.2273 -0.4761
vn -0.9782 0.1660 -0.1251
vn 0.1379 0.5976 -0.7899
vn 0.6769 -0.6032 -0.4218
vn 0.3366 -0.2536 0.9069
vn 0.9145 -0.2700 0.3012
vn 0.4716 0.7881 -0.3955
vn -0.5921 -0.4960 0.6352
vn -0.2013 0.0849 -0.9758
vn 0.0714 -0.8262 -0.5588
vn -0.1493 0.7980 0.5839
vn -0.8903 -0.4017 0.2145
vn 0.7381 -0.1939 0.6463
vn 0.5103 0.4620 -0.7254
vn -0.1020 -0.5961 -0.7964
vn -0.9434 0.2960 -0.1496
vn -0.9436 0.2971 -0.1461
vn -0.9436 0.2964 -0.1473
vn 0.4770 0.1211 0.8705
vn 0.6759 -0.7157 -0.1756
vn -0.1091 0.8669 0.4864
vn 0.8237 -0.5649 -0.0495
vn 0.9515 0.1727 -0.2547
vn -0.8559 0.1579 -0.4925
vn -0.7329 0.1523 -0.6631
vn 0.2665 0.3097 -0.9127
vn 0.9678 0.1314 0.2148
vn -0.7620 0.6372 -0.1159
vn -0.3571 0.3051 0.8829
vn -0.3018 -0.2972 -0.9059
vn -0.5349 0.6961 0.4788
vn 0.6330 -0.1539 -0.7587
vn -0.4737 -0.2996 0.8281
vn 0.8555 0.3786 0.3531
vn 0.8561 0.3763 0.3543
vn 0.8542 0.3827 0.3519
vn 0.1761 0.1955 -0.9648
vn -0.5053 -0.7936 -0.3389
vn 0.2520 0.9325 -0.2587
vn -0.5606 -0.6412 -0.5240
vn -0.9070 0.0454 -0.4188
vn 0.3051 0.1677 0.9374
vn 0.1046 0.1269 0.9864
vn -0.8328 0.1534 0.5320
vn -0.8766 0.0623 -0.4771
vn 0.6322 0.6955 0.3414
vn 0.3877 0.2417 -0.8895
vn -0.0195 -0.3490 0.9369
vn 0.7473 -0.6012 -0.2832
vn -0.6970 -0.1508 0.7011
vn 0.5998 -0.3507 -0.7192
vn -0.6523 0.2328 -0.7214
vn -0.5458 -0.8347 0.0735
vn -0.0591 0.9749 -0.2149
vn -0.7304 -0.6814 0.0467
vn -0.9387 -0.0272 0.3437
vn 0.9593 0.1470 0.2411
vn -0.1278 0.0901 0.9877
vn 0.3372 0.4292 -0.8379
vn 0.3414 0.4378 -0.8317
vn 0.3351 0.4404 -0.8329
vn 0.3760 0.2195 -0.9002
vn -0.5651 -0.6453 -0.5141
vn 0.4498 0.8910 -0.0620
vn -0.5803 -0.4621 -0.6706
vn -0.7242 0.2711 -0.6341
vn 0.2813 -0.0362 0.9589
vn -0.8564 0.3288 0.3980
vn 0.9467 0.2195 0.2359
vn 0.4230 -0.6453 -0.6362
vn 0.1291 0.8910 0.4353
vn 0.5754 -0.4621 -0.6748
vn 0.5176 0.2711 -0.8116
vn -0.9055 -0.0362 0.4228
vn -0.5227 0.3288 -0.7866
vn -0.9936 0.1093 -0.0273
vn -0.9953 0.0942 -0.0236
vn -0.9944 0.1030 -0.0257
vn -0.7596 0.0888 0.6443
vn 0.3678 0.6082 -0.7035
vn -0.5555 -0.0266 -0.8311
vn 0.9523 0.0158 0.3046
vn -0.2394 0.4709 -0.8491
vn 0.2612 0.1375 0.9555
vn -0.2913 -0.5810 -0.7600
vn -0.3833 0.0889 -0.9193
vn 0.5587 0.6082 0.5639
vn 0.9605 -0.0266 -0.2771
vn -0.5793 0.0158 0.8150
vn 0.8817 0.4710 0.0296
vn -0.9897 0.1374 -0.0411
vn 0.8125 -0.5810 -0.0470
vn -0.1113 0.3144 -0.9427
vn 0.5239 -0.6395 -0.5627
vn 0.2770 0.6002 -0.7503
vn -0.9644 0.1019 0.2440
vn 0.7497 0.6406 -0.1660
vn 0.6621 -0.3112 0.6818
vn -0.2586 -0.1539 0.9536
vn 0.0849 -0.2996 -0.9503
vn -0.2973 -0.1663 -0.9402
vn -0.9551 0.0790 0.2854
vn 0.3642 0.8254 -0.4313
vn -0.2098 -0.7715 0.6006
vn -0.5989 -0.6574 0.4573
vn -0.3509 0.8872 -0.2996
vn -0.7162 -0.3630 0.5960
vn 0.9966 0.0773 0.0274
vn 0.9412 0.0565 0.3332
vn 0.8738 -0.3724 0.3128
vn 0.9274 0.0448 -0.3713
vn 0.6831 0.7086 0.1770
vn -0.3520 0.8800 0.3188
vn 0.8405 -0.4531 -0.2970
vn 0.0176 0.1505 -0.9884
vn -0.0615 -0.9177 -0.3924
vn -0.8808 -0.2401 -0.4082
vn 0.0347 -0.4689 0.8825
vn 0.5888 -0.6780 -0.4400
vn -0.7407 0.6633 0.1068
vn -0.1803 -0.0852 -0.9799
vn -0.1804 -0.0902 -0.9795
vn -0.1790 -0.0864 -0.9800
vn -0.3920 -0.0021 0.9200
vn 0.9180 0.0459 0.3940
vn -0.4746 0.8798 -0.0264
vn 0.4707 -0.8575 -0.2079
vn 0.6861 -0.7147 0.1359
vn 0.1604 0.9304 0.3296
vn 0.8926 -0.4457 0.0673
vn -0.7341 0.0553 -0.6767
vn -0.4979 -0.0154 -0.8671
vn -0.5008 -0.4337 -0.7490
vn -0.7206 -0.3311 -0.6092
vn -0.2180 0.2083 -0.9535
vn 0.6699 -0.2917 -0.6827
vn -0.7481 -0.1769 0.6396
vn 0.6528 0.3729 0.6594
vn -0.4353 0.8791 -0.1944
vn 0.8740 -0.3864 0.2945
vn -0.7259 -0.4593 0.5120
vn -0.6056 -0.0764 0.7921
vn -0.2284 -0.8967 -0.3792
vn -0.6931 0.3016 0.6546
vn -0.7039 0.2995 0.6440
vn -0.6994 0.3067 0.6456
vn 0.9616 0.2398 0.1336
vn 0.3531 -0.8323 -0.4274
vn 0.2352 0.9606 0.1480
vn 0.5324 -0.6814 -0.5023
vn 0.3999 -0.0380 -0.9158
vn -0.9361 0.1724 0.3065
vn -0.9876 0.1095 0.1125
vn -0.5520 0.0505 -0.8323
vn 0.9971 -0.0638 0.0425
vn 0.9967 -0.0731 0.0366
vn 0.9960 -0.0799 0.0399
vn 0.9786 0.0463 0.2005
vn 0.0154 -0.7449 0.6670
vn 0.7779 0.3444 0.5257
vn -0.5376 0.7134 0.4495
vn 0.2330 0.4453 0.8645
vn 0.1306 0.0713 -0.9889
vn -0.9234 -0.0312 0.3825
vn -0.8110 0.1374 -0.5687
vn 0.7093 -0.5810 0.3990
vn -0.0241 0.3800 0.9247
vn -0.4723 -0.7706 0.4280
vn -0.4379 0.5329 0.7241
vn -0.6858 0.3905 -0.6141
vn -0.8841 0.3745 0.2794
vn 0.9557 0.2525 -0.1515
vn -0.5279 -0.4271 -0.7341
vn 0.3669 -0.0974 -0.9251
vn -0.1251 -0.3235 0.9379
vn -0.5253 0.2900 -0.8000
vn -0.5269 0.2913 -0.7984
vn -0.5266 0.2894 -0.7993
vn 0.2870 0.2277 0.9305
vn 0.7710 -0.6368 0.0070
vn -0.2934 0.8734 0.3887
vn 0.8748 -0.4621 0.1457
vn 0.9579 0.2727 -0.0902
vn -0.7589 0.0241 -0.6508
vn -0.6059 0.0238 -0.7952
vn 0.3994 0.2875 -0.8705
vn -0.8765 0.2277 0.4241
vn 0.1094 -0.6368 0.7632
vn -0.4285 0.8734 -0.2314
vn -0.0120 -0.4621 0.8868
vn 0.2337 0.2727 0.9333
vn 0.5288 0.0241 -0.8484
vn 0.6946 0.0238 -0.7190
vn 0.9208 0.2875 0.2635
vn 0.0576 0.1554 -0.9862
vn 0.0582 0.1566 -0.9859
vn 0.0585 0.1611 -0.9852
vn -0.5046 -0.0221 0.8631
vn -0.6777 -0.7283 -0.1009
vn -0.7335 0.3500 0.5826
vn 0.9025 0.0730 0.4245
vn -0.7699 0.6275 -0.1161
vn -0.0898 -0.0013 -0.9960
vn 0.7880 0.1374 -0.6002
vn -0.5955 -0.5809 0.5548
vn 0.7959 -0.4344 0.4217
vn -0.2373 0.7191 0.6531
vn -0.6839 -0.3715 0.6279
vn 0.2548 0.0195 -0.9668
vn -0.3850 -0.9086 -0.1621
vn -0.4321 -0.3282 -0.8400
vn -0.1067 -0.6679 -0.7366
vn -0.1246 0.9888 -0.0821
vn -0.1922 -0.2209 -0.9562
vn -0.9570 -0.2519 -0.1438
vn -0.0083 0.9880 -0.1541
vn -0.0115 0.9882 -0.1527
vn -0.0086 0.9879 -0.1548
vn 0.9712 0.1087 0.2120
vn 0.4043 0.8391 0.3639
vn -0.3511 0.0134 0.9362
vn 0.9690 -0.2453 -0.0291
vn 0.4546 0.5781 -0.6776
vn 0.3238 -0.9430 0.0772
vn 0.8065 -0.5322 -0.2575
vn -0.6713 -0.4418 -0.5952
vn -0.8869 0.4570 0.0678
vn -0.3959 -0.4060 -0.8236
vn -0.8005 -0.4773 -0.3625
vn -0.1324 -0.0632 -0.9892
vn -0.9903 0.0584 0.1263
vn 0.4256 0.8625 -0.2737
vn -0.3025 -0.8284 0.4715
vn -0.6627 -0.6957 0.2772
vn -0.3019 0.9174 -0.2592
vn -0.8040 -0.4164 0.4244
vn 0.9770 0.0636 0.2038
vn 0.8706 0.0113 0.4918
vn 0.8110 -0.4124 0.4150
vn 0.3573 0.4813 0.8004
vn 0.3668 0.4799 0.7969
vn 0.3571 0.4810 0.8007
vn 0.6895 0.6752 0.2619
vn 0.6913 0.6760 0.2551
vn 0.6906 0.6786 0.2503
vn 0.7702 -0.0021 -0.6378
vn -0.6351 0.0459 -0.7710
vn 0.4096 0.8798 0.2411
vn -0.5136 -0.8575 -0.0311
vn -0.5475 -0.7147 -0.4354
vn 0.0086 0.9304 -0.3665
vn -0.7624 -0.4457 -0.4692
vn 0.3421 0.0553 0.9380
vn 0.0448 -0.0153 0.9989
vn 0.1016 -0.4337 0.8953
vn 0.3432 0.3516 -0.8710
vn 0.7682 -0.6161 -0.1739
vn 0.5624 -0.3104 -0.7664
vn 0.2808 0.4514 0.8470
vn 0.7474 0.6442 0.1626
vn -0.8496 0.5010 -0.1648
vn 0.2764 -0.3051 0.9113
vn -0.2570 -0.5473 -0.7965
vn 0.9028 0.0592 -0.4259
vn -0.6351 -0.7698 0.0642
vn -0.4937 -0.0536 0.8680
vn -0.0207 0.1037 -0.9944
vn -0.9995 0.0229 0.0207
vn 0.4250 0.9020 -0.0756
vn -0.3256 -0.9003 0.2890
vn -0.6663 -0.7414 0.0799
vn -0.3011 0.9440 -0.1350
vn -0.8319 -0.4930 0.2546
vn 0.9461 0.0412 0.3214
vn 0.8105 -0.0607 0.5826
vn 0.7733 -0.4659 0.4299
vn 0.5312 0.4958 -0.6870
vn 0.5311 0.5005 -0.6837
vn 0.5324 0.5058 -0.6788
vn -0.7544 0.0192 -0.6561
vn 0.2734 -0.7199 -0.6379
vn -0.4113 -0.5960 -0.6897
vn 0.7432 0.6617 -0.0996
vn 0.2412 0.5764 -0.7807
vn -0.5767 0.5136 0.6353
vn 0.9961 -0.0307 0.0824
vn -0.6644 -0.7388 0.1128
vn -0.0816 -0.1776 -0.9807
vn 0.0349 -0.6357 0.7712
vn 0.6214 0.2773 0.7328
vn 0.0946 0.3800 -0.9201
vn 0.5036 -0.7706 -0.3907
vn 0.2235 -0.3569 -0.9070
vn 0.6369 0.3905 0.6647
vn 0.9029 0.3745 -0.2110
vn -0.7353 0.6665 0.1227
vn 0.4678 -0.4305 0.7719
vn -0.5985 -0.4196 -0.6824
vn 0.7198 -0.0844 -0.6890
vn -0.7326 -0.6330 0.2502
vn -0.2034 -0.0263 0.9787
vn -0.5734 0.3518 -0.7399
vn -0.0614 -0.0910 -0.9940
vn 0.8444 0.3169 -0.4319
vn -0.7554 0.1256 -0.6432
vn -0.9593 -0.2163 -0.1814
vn -0.4567 -0.7267 0.5132
vn 0.6368 -0.7666 0.0828
vn -0.1786 -0.0692 0.9815
vn 0.9287 0.2187 0.2996
vn -0.2063 -0.0617 0.9765
vn 0.6316 -0.1581 0.7590
vn 0.7739 0.2124 -0.5966
vn -0.2728 0.7558 0.5953
vn 0.0629 -0.7167 -0.6945
vn 0.4626 -0.5578 -0.6890
vn 0.3358 0.9146 0.2252
vn 0.4892 -0.2461 -0.8367
vn -0.9419 -0.0523 0.3318
vn -0.9982 -0.0552 0.0254
vn -0.8814 -0.4722 -0.0129
vn 0.7952 -0.1415 -0.5896
vn 0.7890 -0.1608 -0.5930
vn 0.7861 -0.1756 -0.5927
vn 0.8442 -0.0221 -0.5356
vn 0.5560 -0.7283 0.4004
vn 0.8568 -0.5156 0.0077
vn -0.4276 0.4885 -0.7606
vn 0.6310 0.6275 0.4562
vn -0.3790 -0.0053 0.9254
vn -0.4178 -0.8017 -0.4274
vn 0.8614 -0.5007 -0.0857
vn -0.8868 0.2773 0.3697
vn -0.1949 0.9690 0.1516
vn -0.2019 0.9683 0.1469
vn -0.1929 0.9705 0.1447
vn -0.6525 -0.6933 0.3059
vn -0.6534 -0.6918 0.3075
vn -0.6548 -0.6892 0.3102
vn -0.1169 0.7309 0.6724
vn -0.1236 0.7417 0.6593
vn -0.1195 0.7332 0.6694
vn -0.4189 -0.7751 -0.4731
vn -0.1571 -0.8106 0.5641
vn 0.7094 0.5333 -0.4608
vn 0.0969 0.4348 0.8953
vn 0.9265 -0.3405 0.1604
vn 0.6899 0.1653 -0.7047
vn -0.8057 -0.5469 0.2276
vn -0.2320 0.9716 -0.0474
vn -0.5970 0.7794 -0.1902
vn 0.5052 -0.8485 0.1575
vn 0.7276 -0.2298 -0.6464
vn -0.2202 0.0011 -0.9755
vn -0.8351 0.4538 0.3110
vn -0.9484 -0.0829 -0.3061
vn -0.9743 -0.2251 0.0004
vn 0.0478 0.9989 -0.0015
vn -0.0331 0.8146 0.5790
vn 0.5799 -0.8126 -0.0584
vn 0.0741 -0.6236 0.7782
vn 0.5643 -0.0511 -0.8240
vn 0.4783 -0.7052 -0.5234
vn -0.2033 0.9301 0.3060
vn -0.8092 0.3347 0.4829
vn 0.6605 -0.7494 0.0458
vn -0.5042 -0.4335 -0.7469
vn 0.5196 -0.7506 -0.4083
vn 0.7725 0.6315 -0.0669
vn 0.7293 -0.1604 0.6651
vn 0.2198 0.6581 -0.7202
vn -0.1922 0.9090 -0.3698
vn 0.6558 0.3406 0.6738
vn 0.3114 -0.3605 0.8792
vn 0.3182 -0.9342 -0.1616
vn -0.0511 -0.1553 -0.9865
vn -0.3259 0.8767 -0.3538
vn 0.0477 0.9557 -0.2905
vn 0.4084 0.1285 -0.9037
vn -0.1018 -0.7216 -0.6848
vn 0.2605 -0.7771 0.5730
vn 0.1191 -0.2259 0.9669
vn -0.1091 0.1659 0.9801
vn -0.8354 0.5281 -0.1524
vn -0.5473 -0.7972 0.2546
vn -0.6019 -0.6577 -0.4529
vn 0.5560 0.0217 -0.8309
vn 0.2885 0.9526 0.0960
vn 0.9907 0.1263 0.0509
vn 0.6050 -0.1621 -0.7795
vn -0.5907 0.1107 0.7993
vn -0.7804 -0.6179 0.0958
vn -0.8777 -0.3810 -0.2905
vn 0.1247 -0.9320 -0.3403
vn -0.5100 -0.8449 0.1614
vn -0.0695 -0.7382 0.6710
vn -0.0194 0.6968 0.7170
vn -0.4691 -0.2829 -0.8366
vn -0.6276 0.6028 -0.4927
vn -0.2306 0.1873 -0.9549
vn -0.3182 -0.9394 0.1277
vn -0.9309 -0.1980 0.3068
vn -0.1072 -0.1543 0.9822
vn -0.1525 0.9859 0.0689
vn 0.6156 0.7864 0.0518
vn -0.1469 -0.9887 -0.0304
vn 0.3037 0.8998 0.3132
vn 0.7267 0.6867 0.0172
vn -0.3606 -0.8169 -0.4502
vn -0.6005 -0.4559 0.6569
vn 0.3043 -0.9421 -0.1410
vn -0.2084 0.6219 -0.7549
vn 0.1751 -0.4346 -0.8834
vn 0.5249 -0.1647 -0.8351
vn -0.8225 0.4652 -0.3273
vn 0.9715 0.0272 0.2356
vn 0.9591 0.2739 0.0719
vn -0.9897 0.0928 -0.1086
vn 0.3808 -0.4532 -0.8060
vn 0.7550 0.1599 -0.6360
vn -0.2379 -0.9194 -0.3132
vn -0.8864 -0.2148 0.4100
vn -0.7494 0.5816 -0.3165
vn -0.5152 0.8049 0.2943
vn -0.9647 0.1227 -0.2330
vn -0.6527 -0.7216 0.2310
vn 0.6821 -0.6624 -0.3098
vn -0.7076 -0.1899 -0.6806
vn 0.8790 -0.3413 -0.3331
vn 0.2964 -0.6797 0.6709
vn 0.0677 0.5286 0.8462
vn -0.3753 -0.7043 0.6026
vn -0.0945 0.9526 -0.2890
vn -0.5484 0.1263 -0.8266
vn -0.9865 -0.1622 -0.0226
vn 0.9939 0.1107 -0.0007
vn 0.5413 -0.6178 0.5703
vn 0.2887 -0.3810 0.8783
vn -0.3477 -0.9320 0.1023
vn 0.4331 -0.8449 0.3138
vn 0.5807 -0.7382 -0.3434
vn 0.5879 0.6968 -0.4109
vn -0.3933 -0.2829 0.8748
vn -0.0226 0.6028 0.7976
vn -0.6303 0.1873 0.7534
vn 0.2919 -0.9394 0.1797
vn 0.8005 -0.1980 0.5657
vn 0.8532 -0.1543 -0.4982
vn 0.1196 0.9894 0.0828
vn -0.3911 0.8501 -0.3526
vn 0.0630 -0.9883 0.1387
vn -0.6511 -0.5319 -0.5414
vn -0.2312 -0.3053 0.9237
vn -0.6253 -0.7668 0.1451
vn 0.0710 0.8998 -0.4305
vn -0.0563 0.0606 -0.9966
vn -0.4531 -0.7538 0.4758
vn 0.8737 -0.4791 0.0847
vn -0.0468 -0.7429 0.6678
vn -0.4721 0.6315 0.6151
vn -0.9830 -0.1604 0.0891
vn 0.3304 0.6327 0.7003
vn -0.5351 0.3077 -0.7867
vn 0.5015 0.0928 0.8602
vn -0.9361 0.3515 0.0115
vn -0.0817 -0.9221 0.3783
vn 0.8471 -0.2182 0.4845
vn 0.1802 0.5757 0.7976
vn 0.4872 0.8280 0.2776
vn 0.3911 0.1285 0.9113
vn 0.5740 -0.7216 0.3871
vn -0.5986 -0.7771 -0.1946
vn -0.8638 -0.0618 0.5000
vn 0.3546 -0.7260 -0.5892
vn 0.6399 0.5290 -0.5574
vn 0.7076 -0.7043 -0.0568
vn 0.1968 -0.9783 0.0652
vn 0.0932 -0.9362 0.3389
vn -0.9466 -0.1994 -0.2535
vn -0.5803 0.0884 -0.8096
vn 0.0469 0.9955 -0.0819
vn 0.3250 -0.1467 -0.9343
vn 0.9617 0.2001 -0.1874
vn 0.1639 -0.9863 -0.0168
vn 0.1093 0.9733 0.2021
vn -0.0707 -0.7788 0.6233
vn -0.8846 0.1839 -0.4286
vn -0.0711 0.7124 0.6981
vn -0.1775 -0.5197 0.8357
vn -0.8368 -0.2807 -0.4701
vn -0.9911 -0.0673 -0.1153
vn 0.1784 -0.1598 0.9709
vn -0.2932 -0.0641 0.9539
vn -0.4123 -0.8924 0.1836
vn -0.1217 0.9890 0.0836
vn 0.5828 0.8088 -0.0784
vn -0.1522 -0.9883 0.0064
vn 0.7454 -0.5317 -0.4020
vn -0.7653 -0.3025 -0.5682
vn 0.1601 -0.7593 -0.6307
vn 0.3725 0.8998 0.2271
vn 0.8027 0.5762 0.1535
vn 0.1575 -0.9807 -0.1159
vn -0.4054 -0.4790 0.7786
vn -0.5776 -0.7829 -0.2312
vn -0.3908 0.6219 -0.6786
vn -0.2815 -0.2258 -0.9326
vn 0.2989 -0.1647 -0.9400
vn -0.7368 0.6711 0.0823
vn 0.9296 0.3088 -0.2012
vn -0.9854 0.0928 0.1428
vn 0.3858 0.3318 -0.8609
vn -0.2742 -0.9593 0.0668
vn -0.0905 0.9932 -0.0726
vn -0.8478 -0.0820 -0.5239
vn -0.9952 -0.0039 0.0975
vn -0.0753 0.8271 0.5569
vn -0.8467 -0.1896 0.4972
vn -0.9866 0.1174 0.1131
vn -0.6124 -0.6405 0.4634
vn 0.5905 -0.6692 -0.4511
vn 0.6027 -0.7304 -0.3216
vn 0.4134 -0.7282 0.5467
vn 0.2775 0.5286 0.8023
vn -0.2124 -0.7043 0.6774
vn -0.1163 0.9526 0.2810
vn -0.1210 0.1264 0.9846
vn 0.7346 -0.1621 0.6588
vn -0.7554 0.1107 -0.6459
vn -0.0402 -0.6179 -0.7853
vn 0.3520 -0.3810 -0.8549
vn 0.3307 -0.9320 0.1485
vn -0.1249 -0.8449 -0.5201
vn -0.6644 -0.7382 -0.1169
vn -0.7138 0.6968 -0.0702
vn 0.8678 -0.2829 -0.4086
vn 0.5359 0.6028 -0.5911
vn 0.9688 0.1873 -0.1623
vn -0.1048 -0.9394 -0.3263
vn -0.2400 -0.1980 -0.9504
vn -0.9721 -0.1543 -0.1766
vn 0.0269 0.9894 -0.1430
vn -0.1627 0.8501 0.5008
vn 0.1010 -0.9883 -0.1140
vn -0.2292 -0.5319 0.8152
vn 0.9378 -0.3053 -0.1651
vn 0.3872 -0.7668 0.5120
vn -0.4221 0.8998 0.1105
vn -0.8872 0.0606 0.4574
vn 0.6192 -0.7538 0.2200
vn -0.2785 -0.4791 -0.8324
vn 0.6289 -0.7429 -0.2293
vn 0.7541 0.6315 0.1806
vn 0.4818 -0.1604 0.8615
vn 0.5050 0.6327 -0.5871
vn -0.5005 0.3077 0.8092
vn 0.5813 0.0928 -0.8084
vn 0.3918 0.3515 0.8503
vn 0.3787 -0.9221 -0.0795
vn 0.0974 -0.2182 -0.9710
vn 0.6550 0.5757 -0.4894
vn 0.0551 0.8280 -0.5580
vn 0.6730 0.1285 -0.7284
vn 0.1198 -0.7216 -0.6819
vn 0.0661 -0.7771 0.6259
vn 0.8084 -0.0620 0.5853
vn -0.6825 -0.7260 -0.0838
vn -0.7697 0.5290 -0.3573
vn -0.3402 -0.7043 -0.6231
vn -0.1292 0.9385 -0.3201
vn -0.4761 0.1263 -0.8702
vn -0.9810 -0.1621 -0.1064
vn 0.8554 -0.1987 -0.4783
vn 0.4838 -0.5588 0.6736
vn 0.1684 -0.4089 0.8969
vn -0.7029 -0.2270 0.6741
vn 0.4487 -0.8928 -0.0400
vn 0.6299 0.7363 -0.2471
vn -0.0186 0.7292 0.6840
vn -0.6921 0.1873 0.6971
vn 0.2783 -0.9383 0.2054
vn 0.7983 -0.1818 0.5742
vn 0.8925 -0.1543 -0.4238
vn 0.1086 0.0668 0.9918
vn 0.0051 0.9430 0.3326
vn 0.1331 -0.0521 0.9897
vn -0.5121 -0.1209 -0.8504
vn -0.9118 -0.4043 -0.0718
vn -0.9719 0.0126 0.2353
vn -0.4310 -0.9007 -0.0551
vn -0.4174 -0.8937 0.1648
vn 0.6587 -0.6960 -0.2858
vn 0.0423 0.2344 -0.9712
vn 0.3076 -0.2830 -0.9085
vn -0.9524 -0.0371 -0.3027
vn -0.2912 0.9549 -0.0577
vn 0.5195 -0.7086 0.4775
vn 0.0527 0.9254 0.3753
vn 0.0410 -0.9968 0.0685
vn 0.2412 -0.3191 0.9165
vn -0.8039 -0.2748 0.5275
vn 0.9428 0.2510 -0.2194
vn 0.4127 -0.2276 0.8820
vn 0.2791 0.3120 0.9082
vn 0.8383 -0.5371 0.0939
vn -0.6547 0.7531 -0.0653
vn 0.7441 -0.5902 0.3130
vn -0.0346 0.9413 0.3357
vn 0.9981 -0.0048 -0.0607
vn -0.7191 -0.1492 -0.6787
vn -0.2385 -0.0633 -0.9691
vn 0.4343 0.1782 -0.8830
vn -0.8813 0.1279 -0.4549
vn -0.8861 0.1273 -0.4457
vn -0.8856 0.1271 -0.4467
vn -0.3461 0.3796 0.8580
vn -0.7106 -0.6873 0.1507
vn -0.6151 0.5950 0.5173
vn -0.3110 0.4923 -0.8129
vn -0.8578 0.5080 -0.0790
vn 0.9592 0.1003 0.2642
vn -0.2361 -0.3399 -0.9103
vn 0.6955 -0.1539 -0.7019
vn -0.5428 -0.2997 0.7846
vn -0.6420 -0.7553 -0.1322
vn -0.6414 -0.7546 -0.1383
vn -0.6427 -0.7531 -0.1406
vn -0.1095 0.7246 0.6805
vn -0.8345 -0.5488 0.0495
vn 0.8257 -0.2199 0.5194
vn 0.1589 -0.1706 -0.9724
vn 0.7780 0.2423 -0.5796
vn 0.3579 0.6692 0.6512
vn -0.1371 -0.5971 0.7903
vn -0.8247 -0.3718 -0.4262
vn -0.6559 0.2110 -0.7248
vn 0.5768 0.7111 -0.4021
vn 0.8343 -0.5475 0.0644
vn -0.3326 -0.4034 0.8524
vn -0.3636 0.7042 -0.6098
vn 0.6047 -0.5628 -0.5635
vn -0.9638 -0.2210 0.1494
vn 0.5128 -0.1419 0.8467
vn 0.8885 -0.3830 -0.2529
vn 0.2104 0.8692 -0.4476
vn -0.0167 -0.6022 0.7982
vn -0.8722 0.0806 -0.4825
vn 0.3504 0.2328 0.9072
vn 0.5359 -0.8347 0.1270
vn -0.0218 0.9749 0.2218
vn 0.6986 -0.6814 0.2182
vn 0.9995 -0.0272 0.0155
vn -0.8092 0.1470 -0.5689
vn 0.4732 0.0901 -0.8763
vn 0.8760 0.3011 -0.3768
vn 0.0360 0.8200 0.5713
vn -0.2882 -0.4829 0.8269
vn -0.5877 -0.5913 -0.5522
vn -0.8030 -0.2547 -0.5388
vn -0.5528 0.7901 0.2647
vn 0.7572 -0.3917 -0.5227
vn -0.1608 0.0836 0.9834
vn 0.3160 -0.6845 0.6569
vn -0.6737 0.2195 0.7057
vn 0.3433 -0.6453 0.6825
vn -0.4421 0.8910 -0.1033
vn 0.3014 -0.4621 0.8340
vn 0.4488 0.2711 0.8515
vn 0.0810 -0.0362 -0.9961
vn 0.9422 0.3288 -0.0646
vn -0.7993 0.2195 -0.5595
vn -0.6229 -0.6453 0.4423
vn 0.0354 0.8910 -0.4526
vn -0.7790 -0.4621 0.4239
vn -0.7740 0.2711 0.5722
vn 0.9969 -0.0362 -0.0702
vn 0.2061 0.3288 0.9216
vn 0.0305 0.0763 0.9966
vn -0.2713 0.6422 -0.7169
vn -0.9862 -0.0929 0.1371
vn 0.8777 -0.0592 -0.4755
vn -0.3964 -0.7779 -0.4876
vn 0.9578 0.1791 0.2249
vn -0.7568 -0.6400 -0.1330
vn 0.9403 0.0763 -0.3316
vn -0.6008 0.6422 0.4761
vn 0.4301 -0.0928 0.8980
vn -0.7195 -0.0592 -0.6920
vn -0.3443 -0.7779 0.5257
vn -0.0763 0.1791 -0.9809
vn 0.1029 -0.6400 0.7615
vn 0.9142 -0.3975 0.0795
vn 0.9128 -0.3993 0.0856
vn 0.9309 -0.3581 0.0716
vn 0.2873 0.2114 -0.9342
vn 0.7143 0.6343 0.2957
vn 0.3304 -0.6055 0.7240
vn -0.9351 -0.3165 0.1597
vn -0.3239 0.8514 0.4126
vn -0.8190 -0.5456 -0.1777
vn 0.5349 -0.0822 0.8409
vn 0.5211 -0.3724 -0.7679
vn -0.8488 0.4819 0.2177
vn -0.8485 0.4828 0.2168
vn -0.8482 0.4832 0.2172
vn 0.5691 -0.6482 0.5059
vn 0.5642 -0.6478 0.5119
vn 0.5553 -0.6549 0.5126
vn 0.1407 -0.1452 0.9793
vn 0.1410 -0.1496 0.9786
vn 0.1409 -0.1435 0.9796
vn 0.1415 -0.1811 0.9732
vn 0.1417 -0.1564 0.9775
vn 0.1446 -0.1713 0.9745
vn -0.5375 0.3617 0.7618
vn -0.3014 -0.9532 0.0259
vn 0.6096 -0.4869 0.6256
vn 0.2468 -0.9336 -0.2598
vn -0.0054 -0.9712 -0.2384
vn 0.2213 0.9477 0.2301
vn 0.0184 -0.9987 0.0473
vn -0.0029 0.4874 -0.8732
vn -0.0651 0.7834 -0.6181
vn 0.2821 0.7072 0.6483
vn -0.1924 0.6410 -0.7430
vn 0.3056 -0.7777 -0.5494
vn 0.4310 -0.5246 0.7342
vn 0.8505 0.4669 0.2424
vn 0.3527 -0.1869 -0.9169
vn -0.0571 0.7315 -0.6795
vn 0.3090 0.7138 0.6285
vn -0.1885 0.9813 0.0381
vn 0.2729 -0.0519 -0.9606
vn 0.2384 -0.0775 0.9681
vn -0.0766 0.3314 0.9404
vn -0.2719 -0.6562 -0.7039
vn -0.8142 0.5275 -0.2426
vn 0.3777 -0.5844 0.7182
vn 0.2344 -0.9655 -0.1132
vn -0.9711 0.1739 -0.1635
vn 0.2082 -0.9607 0.1838
vn -0.3567 0.6936 0.6258
vn -0.3894 0.1319 -0.9116
vn -0.2879 -0.3193 0.9029
vn -0.2472 0.9631 -0.1063
vn -0.2275 0.9732 -0.0332
vn 0.3742 -0.8662 -0.3312
vn -0.5255 -0.3221 0.7875
vn 0.7564 -0.6428 -0.1214
vn 0.2513 0.2942 0.9221
vn -0.3023 0.8528 0.4259
vn -0.0023 -0.9993 0.0380
vn -0.2118 0.8514 0.4799
vn -0.5336 0.2111 -0.8190
vn -0.2735 0.9362 0.2206
vn 0.1121 0.5943 -0.7964
vn 0.5541 0.4775 0.6819
vn 0.2995 -0.4917 0.8176
vn 0.5864 -0.0261 -0.8096
vn 0.2446 0.1376 -0.9598
vn -0.2600 -0.9595 0.1081
vn -0.1914 0.9796 0.0605
vn 0.6819 -0.7254 -0.0937
vn 0.2719 -0.9493 0.1579
vn -0.0765 -0.8761 -0.4759
vn 0.2833 -0.9502 0.1298
vn 0.0645 0.3456 0.9362
vn 0.1142 0.9557 0.2712
vn 0.5991 0.7955 -0.0906
vn 0.1168 -0.5075 0.8537
vn 0.9134 0.2142 0.3462
vn -0.8350 0.0784 0.5447
vn 0.1611 0.9333 0.3210
vn 0.0640 -0.2679 0.9613
vn -0.1819 -0.9406 -0.2868
vn 0.7827 0.5711 -0.2475
vn 0.4825 -0.8452 -0.2301
vn 0.7616 0.1109 -0.6385
vn 0.0424 -0.9930 -0.1106
vn 0.3118 -0.6051 -0.7325
vn 0.1850 -0.2487 -0.9507
vn -0.2232 0.4190 -0.8801
vn -0.3938 -0.9188 -0.0287
vn -0.4189 -0.9076 -0.0284
vn -0.4060 -0.9134 -0.0290
vn -0.5741 0.6112 -0.5449
vn 0.2440 -0.9664 0.0807
vn -0.3510 0.8148 0.4615
vn 0.0773 0.9556 -0.2845
vn -0.0490 0.9928 -0.1095
vn -0.1741 -0.1965 0.9649
vn -0.7514 0.1642 0.6391
vn -0.2003 0.8144 -0.5446
vn 0.2572 0.1371 -0.9566
vn 0.0399 0.9992 -0.0090
vn 0.4807 0.2960 0.8254
vn 0.3862 -0.9219 -0.0309
vn 0.1059 0.9466 -0.3046
vn -0.2379 -0.9580 0.1602
vn 0.7288 -0.5417 0.4189
vn 0.1700 0.8727 0.4577
vn 0.0541 -0.6988 0.7133
vn 0.2294 0.5831 -0.7793
vn -0.7907 -0.4179 -0.4473
vn -0.9531 -0.0175 -0.3021
vn 0.0597 0.2459 0.9674
vn 0.2950 -0.0368 -0.9548
vn 0.0390 0.7473 0.6634
vn -0.1991 -0.9798 -0.0196
vn -0.2238 0.7747 -0.5914
vn 0.2563 -0.9367 0.2385
vn -0.5132 0.5306 -0.6746
vn 0.0186 -0.6736 0.7389
vn -0.5181 -0.4306 -0.7390
vn -0.3898 -0.1197 0.9131
vn -0.9555 -0.1099 -0.2737
vn 0.6288 0.3469 0.6959
vn 0.0433 -0.9651 0.2581
vn 0.1727 0.6273 -0.7594
vn 0.0118 -0.8782 -0.4782
vn -0.0480 -0.2857 -0.9571
vn -0.3303 0.9402 -0.0830
vn -0.5296 -0.4281 0.7323
vn 0.2047 -0.1546 0.9665
vn 0.0480 -0.2206 -0.9742
vn 0.7349 0.1370 0.6642
vn 0.8220 0.5567 -0.1196
vn -0.2183 -0.9609 0.1704
vn -0.1913 0.8243 -0.5328
vn 0.0824 0.9937 -0.0760
vn 0.0386 0.9643 -0.2618
vn -0.0813 -0.9421 -0.3253
vn -0.2393 0.8433 -0.4811
vn 0.6390 0.7493 0.1740
vn 0.5647 0.3133 0.7635
vn -0.0250 0.9990 0.0358
vn -0.8722 0.4219 -0.2475
vn -0.1578 -0.9228 0.3514
vn 0.1131 0.9774 0.1784
vn -0.0542 -0.9589 -0.2785
vn -0.6129 -0.0542 0.7883
vn -0.0683 0.9568 0.2825
vn -0.5512 0.5985 -0.5813
vn 0.7173 -0.0629 -0.6939
vn -0.8209 0.2621 -0.5073
vn 0.6228 -0.0328 0.7817
vn -0.6071 0.7275 -0.3196
vn 0.1837 -0.9548 -0.2338
vn 0.6722 0.6785 0.2964
vn -0.3627 -0.9286 0.0787
vn -0.6715 -0.4639 -0.5778
vn -0.6223 -0.6736 -0.3989
vn 0.9024 -0.4306 -0.0146
vn -0.5505 -0.1249 -0.8254
vn 0.7624 -0.1099 -0.6377
vn 0.9248 -0.3800 0.0149
vn -0.9288 0.3469 0.1305
vn -0.2380 -0.9651 -0.1089
vn 0.5298 0.6259 0.5723
vn -0.6183 0.4664 0.6326
vn 0.6450 0.4128 0.6431
vn 0.7284 -0.2331 0.6443
vn 0.2236 0.9621 -0.1558
vn -0.3094 -0.4281 -0.8491
vn -0.8988 -0.2211 -0.3784
vn 0.7797 -0.2205 0.5860
vn -0.9620 0.1370 0.2361
vn 0.5402 -0.6430 -0.5430
vn 0.0090 -0.8562 -0.5166
vn 0.4604 0.8144 0.3531
vn -0.0617 -0.9942 -0.0884
vn -0.5697 0.8211 -0.0352
vn 0.7941 -0.5467 -0.2656
vn -0.4393 0.7108 -0.5494
vn 0.3186 0.5156 -0.7954
vn -0.7776 -0.1543 -0.6095
vn -0.9656 0.1231 -0.2289
vn -0.0816 -0.9895 0.1194
vn 0.5149 0.6958 0.5008
vn -0.6479 0.7615 -0.0197
vn -0.0994 0.5812 0.8077
vn -0.0257 -0.0074 0.9996
vn 0.7281 -0.5005 -0.4684
vn 0.5281 0.7958 0.2962
vn 0.9527 -0.3004 -0.0461
vn 0.7646 0.4024 0.5034
vn -0.8276 -0.5312 0.1812
vn 0.7631 -0.6056 -0.2256
vn -0.0359 0.9940 0.1029
vn 0.7051 0.6958 -0.1369
vn -0.5239 -0.3991 -0.7525
vn -0.5196 -0.4025 -0.7537
vn -0.5146 -0.4043 -0.7561
vn 0.4874 0.8665 -0.1079
vn 0.2167 0.9106 0.3520
vn -0.7420 0.4799 0.4682
vn 0.4089 -0.6047 0.6835
vn -0.0230 0.9290 0.3694
vn -0.5304 -0.4455 0.7212
vn -0.1594 0.8409 0.5171
vn -0.8166 -0.0392 -0.5758
vn -0.6042 -0.3648 0.7084
vn -0.1918 -0.9327 0.3055
vn -0.7514 0.1270 0.6475
vn 0.7382 0.4726 -0.4813
vn 0.5231 -0.6847 -0.5074
vn -0.1040 -0.9459 -0.3074
vn -0.5258 -0.8506 -0.0065
vn 0.3950 -0.1075 -0.9124
vn 0.3091 0.9443 -0.1128
vn -0.7770 -0.6176 -0.1219
vn 0.1272 0.9897 -0.0654
vn 0.1546 -0.8624 0.4821
vn 0.2197 -0.3459 -0.9122
vn 0.5163 0.0671 -0.8538
vn 0.8737 0.2914 -0.3894
vn 0.2540 0.6010 -0.7578
vn -0.1218 0.6849 0.7184
vn -0.5956 0.5014 0.6276
vn -0.4216 -0.8397 0.3423
vn -0.2707 0.9358 -0.2259
vn -0.8811 -0.2481 0.4027
vn -0.4235 -0.4982 -0.7566
vn -0.5035 0.6003 0.6214
vn 0.5646 0.7862 -0.2511
vn -0.7044 0.6152 0.3541
vn -0.6241 -0.3378 0.7045
vn 0.6344 -0.4289 -0.6431
vn 0.5113 -0.7904 -0.3373
vn 0.5877 -0.2403 -0.7726
vn -0.0429 -0.0647 0.9970
vn 0.8656 -0.4644 0.1870
vn 0.7129 -0.6607 0.2349
vn -0.0359 0.8881 0.4583
vn 0.1012 -0.9408 0.3234
vn -0.2338 -0.1747 -0.9565
vn -0.4617 0.7746 0.4322
vn -0.4182 0.8969 0.1438
vn 0.1244 -0.8262 0.5495
vn -0.5564 0.7978 -0.2322
vn 0.3958 -0.9183 -0.0083
vn 0.7144 0.0075 -0.6997
vn -0.1484 -0.9672 -0.2063
vn -0.6306 0.1379 -0.7637
vn 0.3919 0.6786 0.6212
vn 0.2454 -0.6295 0.7372
vn 0.6322 -0.5010 -0.5910
vn 0.8485 -0.1275 0.5135
vn -0.0266 0.9882 0.1511
vn -0.7907 -0.3031 -0.5319
vn 0.1888 0.9778 -0.0907
vn -0.4314 -0.9000 -0.0618
vn 0.7895 -0.5721 0.2220
vn 0.7580 0.0157 0.6521
vn 0.2174 0.3131 0.9245
vn 0.7118 0.5451 0.4428
vn -0.4806 0.8283 0.2881
vn 0.6089 -0.2288 0.7595
vn -0.4770 -0.2448 -0.8441
vn 0.7278 -0.6857 -0.0103
vn 0.3265 0.8740 -0.3599
vn -0.6535 -0.5036 -0.5651
vn -0.4932 0.5727 -0.6549
vn -0.0824 -0.9802 -0.1801
vn -0.5020 0.5822 -0.6395
vn -0.3157 0.6794 -0.6624
vn 0.3064 0.9013 -0.3062
vn -0.5822 -0.5787 -0.5711
vn 0.9611 -0.1754 0.2132
vn 0.2866 -0.3513 0.8913
vn -0.5987 -0.1782 -0.7809
vn 0.4869 -0.7427 0.4596
vn -0.9137 -0.3184 0.2527
vn 0.0824 0.2986 0.9508
vn -0.4511 -0.6780 0.5804
vn -0.4186 0.3366 0.8435
vn 0.2815 -0.7574 0.5892
vn 0.2420 -0.9682 -0.0638
vn 0.3698 0.6354 0.6779
vn -0.0512 -0.9246 -0.3774
vn 0.5816 -0.1726 -0.7949
vn 0.0906 0.8948 -0.4372
vn 0.4566 0.5091 -0.7296
vn 0.5063 0.6442 -0.5732
vn 0.8555 0.3290 0.3999
vn -0.4963 -0.5420 -0.6782
vn -0.4495 -0.5113 0.7325
vn 0.1493 0.8906 0.4295
vn 0.0918 0.6322 0.7694
vn 0.4806 -0.4816 -0.7329
vn -0.5292 -0.8389 -0.1270
vn -0.2007 0.2813 -0.9384
vn -0.3152 0.9376 0.1468
vn 0.5455 0.7771 -0.3138
vn -0.5831 -0.0339 -0.8117
vn -0.2629 0.9324 0.2480
vn -0.1577 0.3444 0.9255
vn -0.6977 -0.1974 0.6887
vn 0.3351 -0.8204 -0.4634
vn -0.7951 -0.4966 0.3480
vn 0.9846 -0.0966 -0.1460
vn -0.2160 -0.5280 0.8213
vn -0.6953 0.5968 0.4006
vn -0.9499 0.2485 -0.1896
vn -0.1702 -0.9279 0.3316
vn 0.4981 -0.3629 -0.7875
vn -0.9989 -0.0467 -0.0018
vn 0.3680 -0.9224 0.1171
vn -0.2129 -0.8109 -0.5450
vn 0.4978 -0.8575 0.1299
vn -0.7118 0.5590 -0.4253
vn 0.5560 -0.7150 -0.4238
vn -0.1802 -0.2068 0.9617
vn -0.0717 0.9351 0.3472
vn -0.4222 0.6335 0.6484
vn -0.4337 0.3925 -0.8111
vn 0.1887 0.0042 0.9820
vn -0.0946 0.9560 0.2776
vn 0.7242 -0.5527 0.4124
vn 0.2521 -0.8575 0.4485
vn 0.1198 -0.5113 -0.8510
vn -0.2553 0.9200 -0.2974
vn -0.3258 0.8539 -0.4058
vn -0.1872 -0.4671 0.8642
vn 0.5706 -0.7827 -0.2486
vn 0.6116 0.2708 0.7434
vn 0.2266 0.9377 -0.2635
vn 0.8585 -0.0339 0.5116
vn 0.1421 0.9324 -0.3323
vn -0.3252 0.4627 0.8247
vn -0.3666 0.3689 -0.8541
vn 0.3649 -0.1974 -0.9099
vn 0.6349 -0.5446 -0.5480
vn -0.6658 -0.6532 0.3607
vn -0.1446 -0.5295 -0.8359
vn 0.5492 0.6430 -0.5338
vn 0.9467 0.2485 -0.2052
vn 0.0237 -0.9279 -0.3720
vn -0.1424 -0.3629 0.9209
vn 0.9167 -0.0467 -0.3969
vn -0.3617 -0.2894 -0.8862
vn -0.3685 -0.2889 -0.8836
vn -0.3520 -0.2918 -0.8893
vn -0.3805 -0.8398 -0.3872
vn 0.6204 -0.5157 0.5909
vn -0.0161 -0.9991 0.0381
vn 0.2379 0.7963 0.5561
vn 0.1776 -0.7897 -0.5872
vn -0.4497 -0.8626 0.2315
vn -0.7596 0.3089 -0.5723
vn -0.8999 0.2344 -0.3676
vn -0.9056 -0.4226 -0.0364
vn 0.1059 -0.4087 -0.9065
vn 0.1630 0.5590 0.8130
vn -0.4134 -0.8816 -0.2276
vn -0.2828 -0.6197 -0.7321
vn -0.2923 0.9269 -0.2355
vn -0.0934 -0.8301 -0.5497
vn 0.8890 -0.4558 -0.0438
vn 0.8611 0.1134 0.4957
vn 0.6409 -0.4331 0.6337
vn -0.7397 -0.1376 0.6587
vn -0.0733 -0.9973 -0.0009
vn 0.8009 0.1397 0.5823
vn -0.4076 -0.4808 -0.7764
vn -0.1293 -0.8269 0.5472
vn -0.9514 0.1122 0.2867
vn -0.2134 -0.8853 0.4132
vn -0.1534 0.2019 0.9673
vn 0.1688 -0.9812 0.0936
vn 0.1543 -0.9642 -0.2158
vn -0.9948 0.0794 0.0633
vn -0.0827 -0.1242 -0.9888
vn -0.4763 -0.8792 -0.0157
vn -0.3406 0.0527 -0.9387
vn -0.1196 0.9900 -0.0753
vn -0.6794 0.2517 -0.6893
vn -0.6288 -0.4313 -0.6470
vn 0.2324 0.9586 -0.1648
vn 0.7952 0.4122 0.4447
vn 0.9128 0.0770 -0.4011
vn -0.0886 -0.8064 -0.5847
vn 0.5475 -0.0200 0.8366
vn 0.1473 0.1964 0.9694
vn -0.4893 -0.4885 0.7224
vn 0.5776 -0.8160 0.0223
vn 0.5780 -0.8158 0.0226
vn 0.5759 -0.8172 0.0217
vn 0.5878 -0.5440 -0.5988
vn -0.4364 -0.8755 0.2075
vn -0.9556 0.2647 -0.1295
vn 0.4190 -0.8874 -0.1923
vn -0.7786 0.6240 -0.0664
vn -0.9409 -0.0838 0.3282
vn -0.0100 -0.7187 -0.6953
vn 0.0960 0.9476 -0.3047
vn 0.7955 -0.5907 0.1349
vn -0.4322 0.0276 -0.9013
vn 0.4008 -0.8799 -0.2552
vn -0.0909 -0.1400 0.9860
vn -0.3602 -0.0746 0.9299
vn -0.6721 -0.6952 0.2549
vn -0.0078 0.9838 0.1789
vn 0.8074 -0.5589 -0.1888
vn 0.8478 -0.1854 -0.4969
vn 0.8521 -0.0313 -0.5225
vn -0.2733 -0.8950 -0.3525
vn -0.7696 -0.3959 -0.5009
vn 0.6906 -0.4977 -0.5248
vn -0.2619 -0.4936 0.8293
vn -0.7128 0.2945 0.6365
vn 0.9848 -0.1695 0.0383
vn 0.5057 -0.8483 -0.1570
vn -0.8347 0.0131 0.5506
vn 0.9786 0.0475 -0.2000
vn 0.2469 -0.8488 -0.4676
vn -0.4309 -0.8381 -0.3345
vn -0.4042 0.0849 -0.9107
vn -0.7410 -0.6440 0.1902
vn 0.6683 0.5705 -0.4774
vn 0.1260 -0.3485 -0.9288
vn -0.0995 -0.9889 0.1101
vn 0.1286 -0.9594 -0.2510
vn -0.8747 -0.1623 0.4567
vn 0.3774 -0.9229 0.0762
vn -0.8515 -0.3977 -0.3417
vn 0.2002 -0.8672 0.4559
vn 0.1995 -0.8653 0.4598
vn 0.1985 -0.8657 0.4595
vn 0.8138 -0.5440 0.2042
vn -0.3997 -0.8755 -0.2715
vn -0.3716 0.2647 -0.8899
vn 0.3778 -0.8874 0.2642
vn -0.3365 0.6240 -0.7052
vn -0.7590 -0.0838 -0.6457
vn 0.5947 -0.7187 -0.3602
vn 0.3114 0.9476 -0.0713
vn 0.2860 -0.5907 0.7545
vn 0.5590 0.0276 -0.8287
vn 0.4229 -0.8799 0.2167
vn -0.8965 -0.1400 0.4203
vn -0.9844 -0.0746 0.1596
vn -0.5598 -0.6952 -0.4509
vn -0.1582 0.9838 0.0838
vn 0.5712 -0.5589 0.6011
vn 0.8574 -0.1854 0.4800
vn 0.8817 -0.0313 0.4708
vn 0.1659 -0.8950 -0.4141
vn 0.0430 -0.3956 -0.9174
vn 0.8020 -0.4977 0.3303
vn -0.8479 -0.4936 0.1935
vn -0.9096 0.2945 -0.2930
vn 0.4650 -0.1695 0.8689
vn 0.3912 -0.8483 0.3569
vn -0.8971 0.0131 -0.4415
vn 0.6675 0.0475 0.7431
vn 0.5282 -0.8488 -0.0235
vn 0.0706 -0.8381 -0.5409
vn 0.5812 0.0849 -0.8093
vn -0.5389 -0.6440 -0.5430
vn 0.7499 0.5705 0.3351
vn 0.8650 -0.3485 -0.3610
vn -0.1453 -0.9889 -0.0301
vn 0.2816 -0.9594 -0.0160
vn -0.8364 -0.1623 -0.5236
vn 0.1251 -0.9229 0.3641
vn -0.1359 -0.3977 -0.9074
vn -0.2492 -0.6870 -0.6826
vn 0.6201 0.7806 0.0785
vn -0.3521 -0.2790 -0.8934
vn -0.3697 0.0010 -0.9292
vn -0.1955 -0.8472 -0.4940
vn 0.2479 0.4810 -0.8410
vn -0.8191 -0.1448 -0.5551
vn -0.2396 -0.8662 -0.4386
vn -0.6705 -0.7203 0.1777
vn 0.4924 -0.8314 0.2574
vn -0.0925 -0.9604 0.2628
vn -0.1734 -0.4246 -0.8887
vn 0.0887 -0.9946 -0.0538
vn -0.5657 0.2338 -0.7908
vn -0.9790 -0.1210 -0.1639
vn -0.6709 -0.3690 0.6432
vn -0.3611 -0.8557 -0.3706
vn 0.0508 -0.9590 0.2787
vn -0.0761 -0.5690 -0.8188
vn -0.3517 -0.3532 0.8669
vn 0.2126 -0.4583 0.8630
vn 0.0321 0.8045 0.5931
vn -0.2828 0.7829 0.5542
vn -0.2804 -0.1716 0.9444
vn 0.8383 -0.5334 0.1129
vn -0.1071 0.9886 -0.1059
vn -0.8957 -0.2998 -0.3285
vn -0.2181 0.3216 0.9214
vn -0.2859 -0.6559 0.6986
vn 0.5068 -0.5665 0.6498
vn -0.4893 -0.8398 0.2352
vn -0.4890 -0.8421 0.2272
vn -0.4893 -0.8419 0.2274
vn 0.3438 -0.8467 0.4060
vn -0.2032 0.9377 -0.2817
vn -0.3518 -0.0308 0.9356
vn 0.4187 0.3325 0.8451
vn -0.4369 -0.5737 0.6929
vn -0.0739 -0.9752 0.2087
vn -0.1220 0.7501 0.6500
vn 0.5753 -0.1447 0.8050
vn 0.0576 -0.8695 0.4906
vn 0.6905 -0.7203 0.0663
vn -0.3723 -0.8314 -0.4124
vn 0.1780 -0.9604 -0.2144
vn -0.1480 -0.4635 0.8736
vn -0.2573 -0.8402 0.4773
vn 0.0875 0.7560 0.6487
vn 0.7833 0.0041 0.6216
vn 0.6311 0.4089 -0.6592
vn 0.2099 -0.8557 0.4730
vn 0.0491 -0.9590 -0.2790
vn -0.2130 -0.5690 0.7943
vn 0.6309 -0.3532 -0.6908
vn -0.1570 -0.4669 -0.8702
vn 0.1759 0.8045 -0.5673
vn 0.4566 0.7783 -0.4311
vn 0.4345 -0.1864 -0.8812
vn -0.5653 -0.8072 -0.1697
vn 0.0205 0.9932 0.1148
vn 0.7258 -0.2998 0.6191
vn 0.5246 0.3216 -0.7883
vn 0.5597 -0.6272 -0.5416
vn -0.7879 0.4807 -0.3849
vn -0.3364 -0.5461 -0.7672
vn -0.0480 -0.7339 0.6775
vn 0.4541 -0.8909 -0.0127
vn 0.3172 0.5023 0.8044
vn 0.3183 0.5040 0.8029
vn 0.3178 0.5065 0.8016
vn 0.5566 0.5848 -0.5901
vn -0.1327 -0.9893 -0.0611
vn -0.1350 0.0755 0.9880
vn -0.4017 0.8484 -0.3447
vn -0.3285 0.8320 0.4471
vn -0.9893 0.1334 -0.0591
vn -0.9419 0.2304 0.2442
vn 0.3451 -0.8957 -0.2805
vn -0.7136 0.6024 -0.3577
vn -0.6894 -0.5465 -0.4754
vn -0.4769 -0.6853 -0.5504
vn 0.3279 -0.5121 -0.7939
vn 0.1197 -0.8517 -0.5102
vn 0.4620 0.8862 -0.0347
vn 0.8504 -0.4200 0.3169
vn 0.6156 -0.7615 -0.2030
vn -0.7700 -0.3754 0.5158
vn 0.0405 0.9973 0.0611
vn -0.9869 0.1039 0.1236
vn -0.4304 0.8966 0.1044
vn -0.0274 -0.9647 0.2621
vn -0.3731 -0.8478 0.3768
vn -0.8295 -0.3914 -0.3985
vn 0.5890 0.7300 0.3467
vn 0.5840 -0.8117 -0.0092
vn 0.7944 0.5459 0.2663
vn 0.8583 0.4994 0.1178
vn -0.7484 0.6166 -0.2443
vn 0.3529 -0.7725 0.5280
vn 0.1734 0.2923 0.9405
vn 0.1051 -0.9841 -0.1429
vn 0.2368 0.3432 0.9089
vn 0.5764 -0.6617 0.4795
vn 0.4009 0.3661 0.8398
vn -0.6989 -0.5110 0.5005
vn 0.4448 0.8352 -0.3235
vn -0.1661 -0.8343 -0.5257
vn 0.2958 0.7592 0.5798
vn -0.1335 -0.8408 -0.5246
vn 0.2370 -0.6109 0.7554
vn 0.8197 -0.3489 -0.4543
vn -0.9078 -0.4168 -0.0472
vn 0.8597 -0.0989 0.5011
vn 0.2586 -0.9640 0.0613
vn -0.5072 -0.2492 -0.8250
vn -0.1596 -0.6718 -0.7233
vn 0.5702 0.7074 0.4178
vn -0.1021 -0.0671 0.9925
vn -0.7704 -0.3091 -0.5577
vn 0.5371 0.6132 -0.5792
vn 0.4284 -0.3737 0.8227
vn 0.4565 -0.6452 -0.6126
vn 0.6823 0.6108 0.4018
vn -0.5657 0.7761 0.2788
vn 0.2351 -0.4273 -0.8730
vn 0.3229 0.5552 0.7665
vn 0.0446 0.4181 -0.9073
vn 0.6515 -0.1677 -0.7399
vn -0.9108 -0.3256 0.2538
vn 0.5133 -0.7293 0.4524
vn 0.4449 0.8567 -0.2609
vn 0.0068 -0.9902 -0.1396
vn -0.3674 0.0961 -0.9251
vn 0.1648 0.8709 -0.4629
vn -0.5448 0.7848 -0.2955
vn -0.1005 0.1334 -0.9860
vn -0.3923 0.2306 -0.8905
vn 0.3462 -0.8911 0.2934
vn 0.2385 0.6023 -0.7618
vn 0.3374 -0.5473 -0.7659
vn 0.4667 -0.6853 -0.5590
vn 0.8362 -0.5121 0.1962
vn 0.3216 -0.9397 -0.1167
vn 0.1192 0.8814 0.4571
vn -0.1762 -0.4200 0.8902
vn 0.2992 -0.7615 0.5750
vn -0.6325 -0.3757 -0.6773
vn -0.1676 0.9856 0.0231
vn -0.2805 0.1039 -0.9542
vn -0.1690 0.8973 -0.4078
vn -0.2290 -0.9700 -0.0814
vn -0.3209 -0.9141 -0.2479
vn -0.2476 0.7300 0.6370
vn 0.1028 -0.8117 0.5749
vn -0.0464 0.5213 0.8521
vn 0.0216 0.4994 0.8661
vn 0.1209 0.6166 -0.7779
vn -0.3538 -0.7894 0.5017
vn -0.8629 0.3266 0.3856
vn 0.1579 -0.9841 0.0808
vn -0.8591 0.3433 0.3796
vn -0.6023 -0.4574 0.6542
vn -0.9831 0.1485 0.1069
vn -0.6500 -0.4875 -0.5830
vn 0.3908 0.8351 0.3871
vn 0.4922 -0.8343 -0.2484
vn -0.5247 0.7592 0.3851
vn 0.4748 -0.7773 -0.4128
vn -0.7076 -0.6109 0.3551
vn 0.5799 -0.3489 0.7362
vn -0.0025 -0.3747 -0.9271
vn -0.1322 -0.6518 0.7468
vn 0.7329 -0.2492 -0.6331
vn 0.6883 -0.6718 -0.2736
vn -0.3209 0.7073 0.6298
vn 0.4268 -0.3091 -0.8499
vn 0.6579 0.6132 0.4371
vn -0.7433 -0.3737 0.5549
vn 0.6779 -0.6452 0.3523
vn -0.9133 0.3766 -0.1551
vn 0.6727 -0.6703 0.3133
vn 0.9977 -0.0624 0.0275
vn -0.5840 0.7926 -0.1754
vn 0.1319 0.4331 0.8916
vn 0.7502 0.4876 -0.4465
vn 0.1162 -0.2527 -0.9605
vn 0.2233 -0.5562 0.8005
vn -0.3076 -0.7958 0.5216
vn -0.4836 -0.8031 -0.3480
vn 0.7693 -0.5436 0.3357
vn 0.3949 -0.8312 -0.3912
vn -0.1933 0.0549 0.9796
vn -0.9054 0.4158 0.0861
vn -0.1376 -0.9631 -0.2311
vn 0.3894 -0.8180 -0.4234
vn -0.1809 -0.2756 0.9441
vn 0.7052 -0.0089 0.7089
vn 0.2049 0.9704 0.1276
vn 0.9597 0.2610 -0.1038
vn 0.1937 0.9133 -0.3584
vn 0.6638 -0.5830 0.4684
vn 0.5089 -0.7076 -0.4903
vn -0.0628 -0.2315 -0.9708
vn -0.2951 -0.2206 -0.9296
vn 0.0246 -0.1125 -0.9933
vn 0.5305 -0.8031 -0.2712
vn -0.6501 -0.5435 0.5310
vn 0.1676 -0.8312 0.5301
vn -0.7831 0.0549 -0.6195
vn 0.3370 0.4158 -0.8447
vn 0.2685 -0.9631 -0.0167
vn 0.1987 -0.8180 0.5398
vn -0.7572 -0.2756 -0.5922
vn -0.9528 -0.0089 0.3035
vn -0.2071 0.9704 0.1240
vn -0.3461 0.2610 0.9012
vn 0.2304 0.9132 0.3360
vn -0.7199 -0.5830 0.3765
vn 0.2037 -0.7076 0.6767
vn 0.8924 -0.2319 0.3870
vn 0.9619 -0.2204 0.1620
vn 0.8724 -0.1125 0.4757
vn 0.6522 -0.7527 -0.0894
vn 0.4846 -0.8327 -0.2679
vn 0.0924 0.7772 0.6224
vn -0.2301 0.7208 -0.6538
vn 0.8194 0.2046 0.5355
vn -0.1938 -0.3125 -0.9299
vn -0.0649 0.9941 -0.0873
vn -0.2877 0.1241 0.9496
vn 0.0304 -0.9768 0.2118
vn -0.4599 0.8182 -0.3449
vn 0.5146 0.7667 0.3839
vn -0.4238 0.8508 -0.3106
vn -0.0889 0.9943 0.0590
vn 0.2777 0.0903 0.9564
vn 0.5367 0.4759 0.6968
vn 0.5257 -0.8453 0.0952
vn 0.7418 -0.3205 -0.5891
vn 0.0709 -0.9931 -0.0932
vn 0.5773 0.6422 0.5044
vn 0.4702 0.5353 0.7017
vn -0.4738 0.4332 0.7667
vn -0.1323 -0.1442 0.9807
vn -0.5089 -0.8605 -0.0212
vn -0.8006 -0.4880 0.3477
vn -0.4280 0.0998 -0.8983
vn -0.0749 -0.9953 -0.0613
vn -0.3284 0.5785 -0.7467
vn 0.5580 -0.7945 0.2394
vn 0.1535 -0.7027 0.6947
vn -0.6549 -0.4367 0.6167
vn -0.5688 -0.4345 -0.6984
vn -0.9694 -0.2447 0.0205
vn -0.1617 -0.9856 -0.0485
vn -0.2212 -0.4249 -0.8778
vn -0.5662 -0.3386 -0.7515
vn -0.5356 -0.5565 -0.6352
vn 0.1001 0.0211 -0.9948
vn -0.2661 0.9618 0.0642
vn 0.0140 -0.1489 -0.9888
vn -0.3424 -0.2074 0.9164
vn 0.4417 -0.2549 0.8602
vn 0.4845 0.8033 -0.3464
vn 0.5851 -0.7500 0.3085
vn 0.5871 -0.7472 0.3113
vn 0.5852 -0.7503 0.3076
vn -0.7702 0.6133 0.1747
vn -0.7704 0.6137 0.1730
vn 0.5610 0.4994 -0.6602
vn -0.0975 -0.9087 0.4060
vn -0.4446 0.6832 -0.5793
vn 0.4834 0.8416 -0.2410
vn -0.7870 0.2737 0.5529
vn 0.9575 -0.2562 0.1327
vn 0.2043 0.9730 -0.1075
vn 0.0431 0.9537 -0.2975
vn -0.9281 -0.2937 -0.2288
vn -0.5807 -0.1944 -0.7906
vn 0.6659 0.7062 -0.2407
vn 0.8855 0.3664 0.2859
vn 0.2527 0.9666 0.0441
vn -0.8885 0.3434 0.3044
vn -0.0395 -0.8056 0.5912
vn 0.3015 0.9422 -0.1460
vn -0.1018 -0.9946 0.0177
vn -0.2479 0.2235 0.9427
vn 0.0346 0.9915 0.1256
vn -0.8202 0.5513 -0.1524
vn -0.5423 -0.8237 0.1656
vn 0.7130 0.6719 0.2005
vn 0.5555 -0.5571 -0.6173
vn 0.7832 0.2680 -0.5611
vn 0.3218 -0.5872 -0.7428
vn -0.9737 0.1956 -0.1168
vn 0.9590 0.0095 0.2834
vn -0.9396 0.2459 -0.2380
vn 0.0676 -0.9973 0.0284
vn 0.4463 0.7903 -0.4198
vn 0.0492 -0.8873 0.4586
vn -0.0357 -0.5871 -0.8087
vn -0.7100 -0.6982 0.0917
vn 0.8124 -0.4878 -0.3194
vn -0.8533 -0.2637 -0.4498
vn 0.3923 -0.3039 -0.8682
vn -0.8606 0.3805 0.3384
vn -0.5440 0.8346 -0.0861
vn 0.5030 -0.8246 0.2588
vn 0.8574 -0.2610 0.4436
vn 0.0878 0.8439 -0.5293
vn -0.6456 -0.5822 -0.4942
vn -0.9779 -0.1659 0.1273
vn -0.6136 -0.6954 0.3741
vn 0.1262 0.9526 0.2766
vn 0.6375 0.1263 0.7600
vn 0.9828 -0.1622 -0.0880
vn -0.9875 0.1107 0.1119
vn -0.6017 -0.6179 -0.5061
vn -0.3852 -0.3810 -0.8405
vn 0.3341 -0.9320 -0.1405
vn -0.4655 -0.8449 -0.2634
vn -0.5386 -0.7382 0.4062
vn -0.5382 0.6968 0.4742
vn 0.2930 -0.2829 -0.9133
vn -0.0668 0.6028 -0.7951
vn 0.5421 0.1873 -0.8192
vn -0.3102 -0.9394 -0.1460
vn -0.8588 -0.1980 -0.4726
vn -0.7921 -0.1543 0.5905
vn -0.0834 0.9810 -0.1753
vn 0.4281 0.8501 0.3066
vn -0.0781 -0.9883 -0.1308
vn 0.6306 -0.5478 0.5497
vn 0.1264 -0.3053 -0.9438
vn 0.6051 -0.7668 -0.2142
vn -0.2428 0.7039 0.6675
vn 0.1676 0.0606 0.9840
vn 0.3970 -0.7538 -0.5236
vn -0.9913 -0.0008 -0.1317
vn -0.0283 -0.7429 -0.6688
vn 0.4003 0.6315 -0.6641
vn 0.9669 -0.1604 -0.1986
vn -0.4067 0.6327 -0.6589
vn 0.6182 0.2244 0.7533
vn -0.6757 0.0616 -0.7346
vn 0.9289 0.3515 -0.1162
vn 0.0388 -0.9221 -0.3850
vn -0.8960 -0.2182 -0.3867
vn -0.2683 0.5757 -0.7724
vn -0.5152 0.8280 -0.2214
vn -0.4906 0.1285 -0.8618
vn -0.6137 -0.7216 -0.3205
vn 0.6166 -0.7771 0.1264
vn 0.8024 -0.0619 -0.5935
vn -0.5268 -0.4029 0.7484
vn 0.4019 -0.0360 0.9150
vn 0.0503 0.9810 0.1875
vn -0.3656 0.8501 -0.3790
vn 0.0532 -0.9883 0.1427
vn -0.5208 -0.5478 -0.6547
vn -0.2951 -0.3053 0.9054
vn -0.6339 -0.7668 0.1011
vn 0.3596 0.7039 -0.6126
vn 0.0133 0.0606 -0.9981
vn -0.4852 -0.7538 0.4431
vn 0.9511 -0.0008 0.3089
vn -0.0932 -0.7429 0.6629
vn -0.5139 0.6315 0.5807
vn -0.9868 -0.1604 0.0203
vn 0.2808 0.6328 0.7216
vn -0.4717 0.2244 -0.8527
vn 0.5316 0.0616 0.8448
vn -0.9346 0.3515 -0.0539
vn -0.1079 -0.9221 0.3716
vn 0.8112 -0.2182 0.5425
vn 0.1241 0.5757 0.8082
vn 0.4666 0.8280 0.3109
vn 0.3266 0.1285 0.9364
vn 0.5456 -0.7216 0.4262
vn -0.5835 -0.7771 -0.2359
vn -0.8966 -0.0619 0.4385
vn 0.6535 -0.4029 -0.6407
vn -0.2298 -0.0359 -0.9726
vn -0.1499 0.9810 0.1234
vn 0.3976 0.7740 -0.4928
vn 0.0745 -0.9705 0.2292
vn 0.3804 -0.5478 -0.7451
vn -0.9482 -0.3025 0.0974
vn -0.2088 -0.7738 -0.5981
vn 0.7813 0.6075 0.1433
vn 0.6921 0.5708 -0.4419
vn 0.0692 -0.9816 -0.1778
vn 0.1126 -0.0008 0.9936
vn -0.5449 -0.8213 0.1689
vn -0.7238 0.6535 -0.2213
vn -0.8640 -0.1347 -0.4852
vn -0.2683 -0.2008 -0.9422
vn 0.2701 0.8438 0.4637
vn 0.5810 0.2244 -0.7824
vn -0.3941 -0.0441 0.9180
vn -0.1584 0.3619 -0.9187
vn -0.1494 -0.7368 0.6593
vn -0.1327 0.9899 0.0505
vn -0.9017 0.0859 0.4238
vn -0.6553 0.0032 0.7554
vn -0.3656 -0.1267 0.9221
vn -0.6528 0.1448 0.7436
vn 0.2275 -0.7304 -0.6441
vn 0.8538 -0.4029 0.3296
vn 0.7902 -0.0360 -0.6117
vn -0.3205 -0.7751 0.5446
vn 0.5866 -0.8093 -0.0311
vn -0.6790 0.5838 -0.4452
vn 0.8366 0.4265 -0.3437
vn -0.1338 -0.3405 -0.9307
vn -0.8834 0.1653 -0.4384
vn 0.0883 -0.9300 -0.3568
vn 0.1151 0.9798 0.1637
vn 0.1546 -0.7522 0.6405
vn -0.8218 0.4095 -0.3963
vn -0.2304 0.6199 0.7501
vn -0.7481 -0.1174 0.6531
vn -0.9572 -0.2733 -0.0951
vn 0.6300 -0.2498 0.7353
vn -0.2751 0.0594 0.9596
vn 0.1678 0.9794 0.1121
vn -0.6062 0.7443 -0.2801
vn 0.2229 -0.9681 -0.1143
vn -0.0089 0.6074 -0.7943
vn -0.6783 0.6516 -0.3398
vn 0.1160 -0.8561 0.5037
vn 0.9460 -0.0165 -0.3237
vn -0.3111 -0.9498 -0.0331
vn -0.0787 0.6535 0.7528
vn -0.4084 -0.1548 0.8996
vn -0.8734 -0.2008 0.4437
vn 0.4423 0.8014 -0.4027
vn -0.7415 -0.0301 -0.6702
vn -0.8732 0.1842 -0.4511
vn 0.9765 -0.0441 0.2110
vn -0.6953 -0.4760 0.5384
vn -0.9537 0.1995 0.2251
vn 0.6812 -0.7306 0.0459
vn 0.0697 0.9909 0.1155
vn 0.6396 0.4398 0.6304
vn 0.8668 0.0032 0.4986
vn 0.9731 -0.1436 0.1804
vn 0.8548 0.1449 0.4984
vn 0.3967 -0.1968 0.8966
vn -0.9403 -0.3398 -0.0209
vn 0.1530 -0.4068 -0.9006
vn -0.7517 -0.0360 -0.6585
vn -0.8311 0.4698 0.2975
vn -0.5512 0.6215 0.5567
vn -0.1487 -0.9695 -0.1947
vn -0.6299 0.7691 -0.1081
vn -0.7352 0.5899 0.3338
vn 0.0076 -0.9740 0.2265
vn 0.7592 -0.6509 0.0032
vn 0.3593 -0.9317 0.0528
vn 0.1434 -0.9895 -0.0184
vn 0.7137 0.6535 0.2522
vn 0.8230 -0.1563 0.5462
vn 0.2277 -0.2008 0.9528
vn -0.2500 0.8438 -0.4749
vn -0.7839 -0.0477 0.6190
vn 0.4615 -0.0248 -0.8868
vn 0.1397 0.3537 0.9249
vn -0.2001 -0.5776 0.7914
vn 0.1775 -0.7368 -0.6523
vn 0.1348 0.9899 -0.0448
vn 0.9190 0.0859 -0.3847
vn 0.6871 0.0032 -0.7265
vn 0.4048 -0.1267 -0.9056
vn 0.6841 0.1449 -0.7149
vn 0.0745 -0.6692 0.7394
vn -0.6936 0.6441 0.3226
vn -0.1534 -0.6007 -0.7846
vn 0.3076 -0.0432 -0.9505
vn -0.1731 -0.9126 0.3704
vn 0.0013 -0.9783 -0.2073
vn 0.2935 -0.9362 -0.1935
vn -0.1063 -0.2608 0.9595
vn -0.6135 0.4552 0.6453
vn -0.9896 -0.1251 0.0710
vn -0.4772 0.2331 -0.8473
vn -0.0518 -0.9871 -0.1516
vn 0.1429 0.9753 -0.1682
vn 0.6146 -0.7788 -0.1254
vn -0.3446 0.2956 0.8910
vn 0.7589 0.6041 0.2432
vn 0.5871 -0.1365 0.7979
vn -0.1886 -0.2807 0.9411
vn 0.8683 -0.1597 -0.4696
vn 0.9978 -0.0641 -0.0159
vn 0.3020 -0.8924 0.3353
vn -0.2457 0.9526 0.1792
vn -0.6167 0.1264 0.7770
vn 0.2834 -0.1621 0.9452
vn -0.3078 0.1107 -0.9450
vn 0.3751 -0.6179 -0.6910
vn 0.7461 -0.3810 -0.5460
vn 0.2047 -0.9320 0.2991
vn 0.1646 -0.8449 -0.5089
vn -0.5060 -0.7382 -0.4461
vn -0.5725 0.6968 -0.4321
vn 0.9535 -0.2829 0.1038
vn 0.7655 0.6028 -0.2250
vn 0.9113 0.1873 0.3667
vn 0.0807 -0.9394 -0.3331
vn 0.2907 -0.1980 -0.9361
vn -0.7375 -0.1543 -0.6575
vn -0.2028 0.9790 -0.0221
vn -0.9742 0.2167 -0.0631
vn -0.6401 -0.1716 0.7488
vn 0.6221 0.1234 -0.7732
vn 0.7272 -0.6742 -0.1294
vn 0.8326 -0.4792 0.2776
vn -0.2144 -0.9422 0.2576
vn 0.4404 -0.8704 -0.2202
vn 0.0263 -0.6840 -0.7290
vn 0.1009 0.7488 -0.6551
vn 0.4175 -0.3906 0.8204
vn 0.6617 0.5029 0.5561
vn 0.2166 0.0875 0.9723
vn 0.2403 -0.9501 -0.1990
vn 0.9195 -0.2533 -0.3008
vn 0.1234 -0.0822 -0.9890
vn -0.2205 0.9636 0.1512
vn 0.1620 0.1219 0.9792
vn 0.9804 0.1946 -0.0320
vn -0.7780 -0.0773 -0.6234
vn -0.9392 -0.2428 0.2427
vn 0.5953 -0.1842 -0.7821
vn 0.9128 -0.2144 -0.3477
vn -0.7526 -0.6581 -0.0224
vn 0.1601 0.7977 -0.5814
vn -0.2834 -0.9308 -0.2309
vn -0.6436 -0.0814 -0.7611
vn -0.2922 0.9414 -0.1687
vn -0.8995 0.1263 -0.4184
vn -0.8530 -0.1621 0.4961
vn 0.3991 -0.1957 -0.8958
vn 0.7890 -0.5588 0.2554
vn 0.7144 -0.3810 0.5869
vn -0.2514 -0.9343 0.2527
vn 0.3748 -0.8768 -0.3012
vn 0.3606 0.7363 -0.5725
vn 0.1216 -0.2829 0.9514
vn 0.3974 0.6028 0.6919
vn -0.1439 0.1873 0.9717
vn 0.3459 -0.9383 0.0003
vn 0.9781 -0.1980 0.0642
vn 0.4673 -0.1542 -0.8705
vn -0.4685 -0.7838 0.4077
vn -0.4656 -0.7857 0.4074
vn -0.4631 -0.7862 0.4092
vn 0.3356 -0.6935 0.6376
vn 0.3180 -0.7030 0.6361
vn 0.3134 -0.7021 0.6394
vn -0.5917 0.3205 0.7397
vn -0.6057 0.2916 0.7403
vn -0.5913 0.3225 0.7391
vn -0.4749 0.8795 0.0302
vn -0.7111 -0.3209 -0.6256
vn -0.8908 0.0174 0.4540
vn -0.0473 0.5771 -0.8153
vn 0.1122 -0.9682 0.2238
vn -0.3803 -0.8694 0.3154
vn -0.5064 0.4744 -0.7201
vn -0.1558 -0.6800 0.7165
vn -0.1354 0.8335 0.5357
vn 0.1609 0.9861 -0.0420
vn 0.5965 -0.4711 -0.6498
vn -0.4203 -0.8964 -0.1407
vn -0.2740 -0.6035 0.7488
vn 0.1782 0.4620 -0.8688
vn -0.0581 0.3016 0.9517
vn 0.5888 -0.3627 0.7223
vn 0.0894 -0.8537 0.5131
vn 0.9845 0.1736 0.0227
vn 0.0445 -0.6893 -0.7231
vn 0.0422 -0.0671 -0.9969
vn 0.5734 -0.5385 0.6175
vn 0.7859 -0.4422 -0.4322
vn -0.2053 -0.3953 0.8953
vn 0.1602 0.9447 -0.2861
vn -0.2245 0.3475 -0.9104
vn -0.4054 -0.3867 0.8283
vn 0.1703 -0.6761 -0.7168
vn 0.8085 0.4056 -0.4264
vn 0.2935 0.5499 0.7820
vn -0.1019 0.9701 -0.2201
vn -0.1030 0.9711 -0.2154
vn -0.1069 0.9710 -0.2139
vn -0.9193 0.2606 0.2950
vn -0.9206 0.2617 0.2897
vn -0.9212 0.2586 0.2909
vn -0.8076 -0.5315 0.2556
vn 0.6301 -0.3087 0.7125
vn -0.3721 0.7467 0.5513
vn -0.2794 0.9563 -0.0859
vn 0.6773 -0.1494 -0.7204
vn 0.9049 0.1941 -0.3787
vn 0.8100 0.5084 -0.2922
vn 0.5044 -0.8618 -0.0537
vn -0.0184 0.9837 -0.1788
vn -0.3005 -0.8856 0.3540
vn -0.5016 -0.8626 0.0652
vn 0.7429 -0.6555 0.1357
vn -0.7344 -0.6133 -0.2908
vn -0.7734 0.4053 -0.4874
vn 0.3779 0.0297 -0.9254
vn 0.4499 -0.8793 0.1560
vn 0.7816 -0.6164 -0.0960
vn 0.6577 -0.4379 0.6129
vn -0.4768 -0.7138 -0.5131
vn -0.7888 0.5806 -0.2017
vn -0.6504 -0.7023 -0.2894
vn -0.0501 0.9359 -0.3487
vn -0.8715 0.4816 0.0924
vn 0.0696 -0.8460 0.5287
vn -0.9646 0.2554 0.0663
vn 0.7215 0.4838 -0.4954
vn 0.5710 -0.3759 0.7299
vn 0.8730 0.2879 -0.3938
vn 0.2535 0.7524 -0.6080
vn 0.6431 0.7294 0.2332
vn -0.3775 0.9247 0.0494
vn -0.3764 0.9253 0.0470
vn -0.3779 0.9246 0.0493
vn 0.4144 0.2993 0.8595
vn 0.4309 0.3028 0.8501
vn 0.4264 0.3016 0.8528
vn 0.4776 -0.5293 0.7013
vn 0.4041 0.0272 -0.9143
vn 0.6414 0.7467 0.1761
vn -0.1653 0.6065 0.7777
vn -0.8546 -0.1070 -0.5082
vn -0.6400 0.1942 -0.7434
vn -0.5284 0.5084 -0.6799
vn -0.2071 -0.8618 -0.4631
vn -0.1384 0.9862 0.0912
vn 0.4358 -0.8623 0.2578
vn 0.2302 -0.8641 0.4476
vn -0.1007 -0.6564 -0.7476
vn -0.0494 -0.6132 0.7883
vn -0.2243 0.4053 0.8862
vn -0.9969 0.0297 -0.0731
vn 0.0092 -0.8793 -0.4761
vn -0.3330 -0.6164 -0.7136
vn 0.3792 -0.4363 -0.8160
vn -0.3697 -0.7118 0.5972
vn -0.0142 0.6068 0.7947
vn -0.4868 0.7672 0.4177
vn -0.3619 -0.7661 0.5312
vn 0.6875 0.3341 0.6447
vn -0.6942 0.4838 -0.5329
vn 0.5175 -0.3759 -0.7687
vn -0.6445 0.2879 -0.7084
vn 0.1030 0.8416 -0.5302
vn -0.5588 -0.1733 0.8110
vn -0.6889 -0.4234 0.5884
vn -0.6891 -0.4243 0.5875
vn -0.6887 -0.4218 0.5897
vn 0.6056 0.7799 -0.1583
vn 0.6045 0.7806 -0.1589
vn 0.6043 0.7809 -0.1580
vn -0.4546 0.7767 0.4360
vn -0.6120 -0.7641 0.2041
vn -0.0131 -0.9914 -0.1304
vn -0.4451 0.8302 -0.3357
vn -0.6173 -0.7282 -0.2978
vn -0.8795 0.2150 0.4245
vn 0.9996 0.0160 0.0232
vn -0.5669 0.7194 -0.4014
vn -0.4439 -0.1727 -0.8793
vn 0.2180 -0.3047 -0.9272
vn -0.2338 0.7697 -0.5941
vn 0.1508 -0.2373 -0.9596
vn -0.2165 0.8989 0.3810
vn 0.9186 0.2431 0.3117
vn -0.1068 0.9929 0.0530
vn -0.1536 -0.9865 -0.0565
vn -0.0324 -0.9248 -0.3792
vn -0.6787 0.1214 0.7243
vn -0.1687 -0.5099 -0.8435
vn 0.5098 0.8317 0.2201
vn 0.7940 -0.5812 -0.1780
vn 0.3058 -0.2853 0.9083
vn 0.3548 -0.5721 -0.7395
vn 0.1429 -0.9820 0.1238
vn -0.5897 -0.8075 0.0135
vn 0.2716 -0.9549 -0.1201
vn 0.9555 -0.2589 -0.1415
vn 0.9903 0.0887 -0.1066
vn -0.4831 0.5043 -0.7157
vn -0.6516 -0.7229 0.2298
vn 0.3397 -0.8970 0.2828
vn -0.6357 -0.6990 0.3276
vn -0.7282 -0.6512 -0.2137
vn 0.8227 -0.5424 -0.1703
vn -0.0582 -0.9490 0.3098
vn 0.6038 -0.7687 -0.2111
vn 0.0763 0.0391 0.9963
vn 0.6275 -0.6089 -0.4854
vn 0.7987 -0.5963 0.0809
vn 0.6771 0.6914 -0.2521
vn 0.9244 -0.2918 -0.2455
vn 0.9859 0.0809 0.1463
vn 0.1800 -0.3622 0.9146
vn -0.3322 0.8135 -0.4773
vn -0.7773 0.2210 0.5891
vn -0.1162 0.8208 0.5593
vn -0.9908 -0.0357 0.1306
vn 0.1982 -0.9792 -0.0437
vn -0.2935 0.9386 -0.1815
vn -0.2853 0.9555 -0.0751
vn -0.1832 -0.8632 0.4705
vn -0.5711 0.7970 0.1965
vn 0.3591 -0.9181 -0.1679
vn -0.8939 0.2519 0.3708
vn 0.8250 0.5040 -0.2556
vn 0.2633 0.9625 0.0658
vn 0.4378 0.7032 -0.5602
vn -0.9475 0.3195 -0.0097
vn 0.4137 -0.8447 -0.3397
vn 0.2422 0.1038 -0.9647
vn 0.9052 -0.0586 -0.4210
vn -0.2554 -0.8945 0.3668
vn -0.3227 -0.7249 0.6086
vn -0.7032 -0.6508 -0.2863
vn 0.7011 -0.6595 -0.2710
vn -0.7785 0.2308 0.5836
vn 0.9997 -0.0184 0.0183
vn 0.9997 -0.0165 0.0165
vn 0.9998 -0.0133 0.0133
vn -0.0499 -0.8561 -0.5144
vn -0.0484 -0.8559 -0.5149
vn -0.0510 -0.8557 -0.5150
vn -0.6015 0.7845 -0.1507
vn -0.4843 -0.8391 -0.2476
vn 0.6171 -0.5825 0.5290
vn 0.2153 0.7639 -0.6084
vn 0.0546 -0.6580 -0.7511
vn -0.6566 -0.2387 -0.7155
vn 0.3085 0.0160 0.9511
vn 0.1919 0.7194 -0.6676
vn 0.6836 -0.1728 -0.7091
vn 0.9472 -0.3046 -0.0997
vn 0.4837 0.7697 -0.4167
vn 0.9557 -0.2374 -0.1742
vn -0.4731 0.7041 0.5296
vn 0.3381 0.0204 0.9409
vn -0.0118 0.9963 -0.0849
vn -0.1085 -0.9734 -0.2020
vn 0.3782 -0.9254 -0.0268
vn -0.9189 -0.0892 -0.3843
vn 0.5444 -0.6272 -0.5571
vn 0.0083 0.7982 0.6024
vn 0.5205 -0.6165 0.5908
vn -0.7502 -0.2767 0.6006
vn 0.8152 -0.5721 0.0910
vn -0.0697 -0.9820 0.1757
vn 0.1169 -0.9931 -0.0135
vn 0.4342 -0.2670 0.8603
vn 0.4273 0.0887 0.8997
vn 0.5162 0.5044 -0.6922
vn -0.4319 -0.7228 -0.5394
vn -0.1553 -0.8969 0.4142
vn -0.5189 -0.6990 -0.4921
vn -0.0385 -0.6512 -0.7579
vn 0.4321 -0.5424 0.7204
vn -0.3116 -0.9490 0.0473
vn 0.3985 -0.7687 0.5003
vn -0.9152 0.0392 0.4011
vn 0.6652 -0.6089 0.4322
vn 0.4613 0.6914 0.5560
vn 0.5367 -0.2918 0.7917
vn -0.0126 0.3685 0.9295
vn -0.8383 -0.3335 0.4314
vn -0.8184 0.2842 -0.4994
vn -0.4502 -0.0357 -0.8922
vn 0.1067 -0.9792 0.1727
vn 0.0746 0.9386 -0.3369
vn -0.0236 0.9553 -0.2946
vn -0.5046 -0.8632 -0.0178
vn -0.3739 0.7970 -0.4743
vn 0.2776 -0.9135 0.2973
vn -0.6450 0.2519 -0.7215
vn 0.5140 0.5037 0.6943
vn 0.0247 0.9625 0.2703
vn 0.6733 0.7032 0.2285
vn -0.3034 0.3195 -0.8977
vn 0.4572 -0.8447 0.2784
vn 0.9886 0.1093 -0.1036
vn 0.7094 -0.0591 0.7024
vn -0.3190 -0.9349 -0.1553
vn -0.7045 -0.6876 -0.1757
vn 0.1200 -0.7081 -0.6958
vn 0.4980 -0.6203 0.6060
vn -0.8078 0.2306 -0.5425
vn 0.0089 0.8137 -0.5812
vn 0.0099 0.8164 -0.5773
vn 0.0101 0.8178 -0.5755
vn 0.0713 -0.9768 -0.2019
vn 0.3869 -0.6808 -0.6220
vn 0.3865 -0.6814 -0.6216
vn 0.3864 -0.6825 -0.6204
vn 0.0767 0.7058 -0.7043
vn -0.0116 -0.8481 -0.5298
vn -0.1198 -0.9776 0.1729
vn 0.7187 0.6595 -0.2201
vn 0.4046 -0.8800 -0.2487
vn 0.1850 0.0669 -0.9805
vn -0.5566 0.2414 0.7949
vn 0.7998 0.5161 -0.3065
vn 0.9097 -0.3805 0.1660
vn 0.5583 -0.3663 0.7444
vn 0.7864 0.6139 0.0689
vn 0.6368 -0.3207 0.7011
vn 0.0205 0.8697 -0.4931
vn -0.6932 0.4804 0.5374
vn 0.2415 0.9392 -0.2442
vn -0.1021 -0.9946 0.0160
vn 0.1070 -0.9500 0.2933
vn -0.1877 0.0603 -0.9804
vn 0.6527 -0.6402 0.4051
vn -0.2594 0.9459 0.1952
vn -0.4232 -0.4076 0.8092
vn -0.9567 -0.2896 -0.0298
vn 0.6237 -0.6746 0.3948
vn -0.4342 -0.8946 0.1057
vn 0.1199 -0.9099 -0.3971
vn -0.2740 -0.8775 0.3936
vn -0.4647 -0.0554 0.8837
vn -0.4304 0.2928 0.8538
vn 0.9576 0.2861 -0.0339
vn -0.0414 -0.8187 -0.5727
vn -0.5180 -0.4845 0.7049
vn 0.1452 -0.9231 0.3560
vn -0.6895 -0.7243 -0.0017
vn -0.1418 -0.7442 -0.6527
vn 0.4150 -0.8194 -0.3954
vn -0.4359 -0.3626 0.8237
vn -0.3513 -0.9265 -0.1350
vn -0.3371 -0.6354 0.6947
vn -0.8363 0.1846 -0.5163
vn -0.0913 -0.5115 0.8544
vn -0.5990 -0.4443 0.6661
vn 0.0489 0.8171 0.5745
vn -0.3717 -0.1076 0.9221
vn -0.6338 0.3172 0.7054
vn -0.9203 -0.1905 -0.3416
vn 0.7609 0.6266 -0.1685
vn -0.4138 0.6945 -0.5885
vn -0.2655 0.8376 -0.4774
vn 0.4237 -0.2385 -0.8738
vn 0.9867 -0.1086 0.1206
vn 0.5346 0.8120 -0.2340
vn 0.1571 0.8603 -0.4849
vn 0.1468 -0.8871 -0.4376
vn 0.2849 0.5936 -0.7526
vn -0.2250 -0.8493 0.4775
vn 0.0206 0.5973 -0.8017
vn -0.6176 -0.7520 0.2304
vn -0.1539 -0.6141 -0.7741
vn -0.0625 0.9916 0.1132
vn 0.3791 0.7040 0.6006
vn 0.5966 0.0960 -0.7968
vn 0.6712 0.0286 0.7407
vn 0.0382 0.7458 0.6650
vn -0.4326 -0.8075 -0.4011
vn -0.5738 -0.3276 0.7506
vn -0.4857 -0.6930 -0.5328
vn 0.5170 -0.7227 -0.4587
vn -0.3161 -0.5160 0.7961
vn 0.6099 -0.1505 -0.7780
vn 0.0593 0.1580 -0.9857
vn 0.5696 -0.4732 0.6721
vn 0.5695 -0.4728 0.6724
vn 0.5694 -0.4734 0.6720
vn 0.1492 0.0284 0.9884
vn 0.1548 0.0214 0.9877
vn 0.1513 0.0336 0.9879
vn 0.1078 -0.8734 0.4750
vn -0.0045 -0.4654 -0.8851
vn -0.0178 0.9944 0.1040
vn -0.5468 -0.8151 0.1911
vn 0.5894 -0.5765 -0.5658
vn 0.1080 0.6601 -0.7434
vn -0.7017 0.1080 0.7042
vn 0.9872 -0.0018 -0.1595
vn 0.7403 -0.5897 0.3229
vn 0.6704 -0.6604 -0.3383
vn -0.2790 0.9552 0.0992
vn 0.3413 -0.7153 -0.6098
vn -0.5814 0.6442 0.4969
vn -0.9048 -0.4248 0.0280
vn 0.3952 0.3346 -0.8555
vn -0.2998 -0.6904 0.6583
vn -0.7831 0.2225 0.5807
vn -0.1288 0.1890 0.9735
vn -0.3410 0.2978 -0.8917
vn -0.7360 0.4202 0.5307
vn 0.2871 -0.5862 0.7576
vn -0.5114 -0.8456 0.1529
vn 0.2612 0.0421 0.9644
vn -0.1265 0.7402 -0.6604
vn 0.4358 -0.8243 -0.3613
vn 0.8912 -0.2260 0.3934
vn 0.3980 -0.9162 0.0471
vn 0.0429 0.8807 -0.4717
vn -0.7749 -0.4854 -0.4049
vn -0.4045 -0.0833 0.9108
vn 0.8816 0.4713 -0.0268
vn -0.1846 0.2423 0.9525
vn 0.3345 0.8524 -0.4018
vn 0.4227 -0.9053 0.0410
vn 0.5950 -0.5063 0.6242
vn -0.3222 0.2843 -0.9030
vn 0.1046 0.4129 -0.9048
vn 0.3459 -0.5220 -0.7797
vn 0.3123 -0.8693 0.3830
vn 0.9000 0.4301 0.0702
vn 0.2832 -0.6438 -0.7109
vn 0.5315 -0.2406 -0.8122
vn -0.5325 0.8028 -0.2682
vn -0.8274 -0.0654 -0.5579
vn 0.9072 -0.1071 -0.4069
vn 0.3132 -0.9497 -0.0071
vn 0.6950 -0.7169 0.0546
vn -0.8189 -0.2931 0.4935
vn -0.4105 0.1631 0.8972
vn 0.0881 -0.9915 0.0959
vn -0.1983 -0.9310 0.3063
vn -0.8813 -0.0178 -0.4722
vn -0.5949 -0.7907 0.1443
vn -0.3132 -0.5434 0.7789
vn -0.2999 -0.6226 -0.7228
vn -0.4757 -0.5902 -0.6522
vn 0.7854 -0.6187 0.0213
vn -0.6693 -0.4482 0.5926
vn 0.9735 -0.1759 0.1462
vn 0.6602 -0.6876 -0.3023
vn 0.3847 0.9208 0.0649
vn 0.5207 -0.7926 -0.3172
vn -0.2457 -0.5528 0.7962
vn 0.7108 -0.5605 -0.4250
vn 0.7118 -0.5601 -0.4238
vn 0.7139 -0.5585 -0.4225
vn -0.7584 0.4077 0.5085
vn 0.0724 0.1724 -0.9824
vn -0.0281 -0.8534 0.5205
vn 0.4885 0.8723 0.0229
vn -0.7522 0.0716 -0.6550
vn -0.5445 -0.7790 -0.3110
vn -0.0358 0.3451 0.9379
vn 0.0041 -0.2041 -0.9789
vn 0.6861 0.5657 -0.4575
vn 0.0932 0.7011 0.7069
vn 0.1105 -0.9843 0.1378
vn 0.0483 -0.9467 -0.3186
vn -0.0999 -0.2598 -0.9605
vn -0.2792 -0.9485 0.1495
vn 0.2308 -0.8913 0.3902
vn 0.4873 -0.8100 0.3261
vn -0.3878 0.8813 -0.2702
vn 0.1660 -0.9843 -0.0601
vn -0.8252 0.5428 -0.1565
vn 0.5148 0.3654 -0.7755
vn 0.5252 -0.5562 0.6441
vn 0.1505 -0.8127 -0.5629
vn -0.2719 0.9592 -0.0775
vn -0.7272 -0.2735 -0.6295
vn 0.1139 -0.3533 -0.9285
vn -0.2242 0.9423 -0.2484
vn -0.6196 0.7644 -0.1781
vn -0.5532 -0.7841 0.2812
vn 0.1658 -0.9282 -0.3330
vn 0.1622 -0.9403 0.2991
vn 0.6704 0.1174 0.7326
vn 0.2651 0.7754 0.5731
vn 0.1671 -0.2635 -0.9501
vn -0.3027 -0.7548 -0.5820
vn -0.6362 0.2244 -0.7382
vn 0.5257 0.2794 0.8035
vn 0.0469 -0.9864 0.1575
vn -0.0101 -0.7195 0.6945
vn -0.4255 -0.8568 -0.2913
vn 0.5029 -0.8247 0.2588
vn -0.0345 -0.9767 -0.2117
vn 0.5619 0.1675 0.8100
vn 0.5574 -0.0109 0.8302
vn -0.0793 0.4001 -0.9130
vn 0.8831 -0.1415 -0.4473
vn 0.0150 -0.5542 0.8322
vn 0.4006 0.8727 0.2790
vn 0.8669 0.3867 0.3147
vn 0.2435 -0.9360 -0.2540
vn 0.4280 0.6742 0.6019
vn -0.6290 0.6613 -0.4088
vn -0.7064 -0.1728 -0.6864
vn 0.3020 -0.5197 -0.7992
vn 0.2853 -0.9424 -0.1744
vn 0.6648 -0.6260 -0.4077
vn -0.7915 0.0504 0.6091
vn 0.7018 -0.7119 0.0256
vn -0.3614 -0.8158 -0.4515
vn 0.2482 -0.9315 0.2659
vn 0.3762 -0.1918 -0.9065
vn 0.7942 -0.1196 0.5958
vn -0.2719 -0.3100 0.9110
vn -0.2594 -0.7360 -0.6253
vn -0.6222 -0.3406 -0.7049
vn -0.0095 0.0069 0.9999
vn -0.5115 0.6580 -0.5527
vn -0.2167 -0.7566 -0.6170
vn 0.6920 0.6761 0.2530
vn 0.0233 -0.9792 -0.2016
vn 0.6049 -0.3763 0.7018
vn -0.4621 0.8691 -0.1764
vn 0.6152 -0.6585 -0.4335
vn 0.1527 -0.4841 0.8616
vn 0.0767 0.8201 0.5671
vn 0.0429 0.0427 -0.9982
vn -0.6015 -0.2052 0.7721
vn -0.4669 -0.7992 0.3785
vn 0.0371 -0.6917 0.7212
vn -0.2848 0.8849 -0.3686
vn 0.1370 -0.4598 0.8774
vn -0.1420 0.5876 -0.7966
vn 0.8005 -0.4958 -0.3367
vn -0.0084 0.3527 0.9357
vn 0.0885 -0.3921 -0.9157
vn 0.6758 -0.5525 -0.4879
vn -0.5630 -0.0874 -0.8218
vn 0.6270 0.6596 0.4145
vn 0.0210 0.4079 -0.9128
vn -0.2504 -0.9448 -0.2112
vn 0.6641 -0.4991 0.5567
vn -0.7458 -0.3733 -0.5517
vn 0.1185 0.9398 0.3205
vn 0.2459 -0.7369 0.6297
vn -0.7516 0.2752 0.5995
vn 0.3102 -0.9507 -0.0018
vn 0.2895 0.9499 0.1181
vn 0.6487 -0.2808 0.7073
vn -0.3117 0.8820 0.3535
vn 0.4714 0.7217 -0.5069
vn -0.4790 0.5853 -0.6542
vn -0.6029 -0.0424 -0.7967
vn -0.3189 -0.9466 0.0486
vn -0.6399 -0.7183 0.2730
vn 0.7394 0.6387 0.2130
vn 0.2789 0.6510 0.7060
vn -0.2401 -0.8507 -0.4676
vn -0.1924 -0.1411 0.9711
vn 0.3382 -0.6612 -0.6696
vn -0.8373 0.1456 0.5271
vn 0.4774 0.8042 -0.3540
vn 0.9469 0.3201 -0.0302
vn -0.3575 -0.2057 0.9110
vn 0.2241 -0.9367 0.2691
vn -0.2836 -0.7733 0.5671
vn -0.0287 -0.9995 -0.0100
vn -0.1921 0.6364 -0.7471
vn -0.5954 0.8014 -0.0568
vn 0.0043 0.0224 0.9997
vn 0.2012 -0.0736 0.9768
vn 0.9595 0.0823 -0.2696
vn 0.0699 -0.8173 -0.5720
vn 0.0121 -0.7559 0.6546
vn 0.9562 -0.1902 0.2226
vn 0.3160 -0.4316 -0.8449
vn -0.6951 -0.4622 0.5506
vn 0.2648 -0.7707 0.5796
vn 0.1783 -0.5587 -0.8100
vn 0.6580 -0.4009 -0.6374
vn 0.0765 -0.7532 0.6534
vn -0.3331 -0.8784 0.3428
vn -0.6073 0.7237 -0.3279
vn 0.2371 0.9712 0.0244
vn 0.1901 0.9814 -0.0278
vn 0.3549 0.7274 -0.5873
vn 0.0765 -0.9797 0.1851
vn 0.6011 -0.5760 -0.5540
vn -0.7926 -0.6079 0.0476
vn 0.2919 0.9183 -0.2674
vn 0.0580 0.7918 0.6081
vn -0.7132 -0.6932 0.1042
vn 0.7462 -0.3007 0.5939
vn 0.6871 0.5713 -0.4489
vn -0.6178 -0.7745 0.1360
vn 0.9059 -0.0959 -0.4126
vn 0.9844 0.1534 -0.0864
vn -0.1760 -0.9728 -0.1508
vn 0.5697 -0.7164 0.4028
vn 0.7845 0.5239 -0.3319
vn 0.3454 -0.2222 -0.9118
vn 0.5609 0.2284 0.7958
vn 0.5586 -0.4523 -0.6952
vn -0.0178 -0.9998 0.0015
vn 0.8300 -0.0039 -0.5578
vn -0.0514 0.9958 -0.0758
vn -0.1170 0.9564 0.2677
vn 0.1629 -0.9215 0.3527
vn -0.5611 -0.7335 0.3837
vn -0.5262 -0.0919 0.8454
vn -0.5820 -0.7473 -0.3208
vn -0.1597 -0.9128 -0.3760
vn -0.1858 -0.9656 0.1817
vn -0.9982 -0.0499 0.0341
vn -0.5222 0.6956 0.4933
vn -0.2352 0.9687 -0.0797
vn 0.6527 0.1945 -0.7322
vn 0.9415 0.3200 -0.1058
vn 0.5612 -0.8277 -0.0008
vn -0.7777 0.3349 0.5320
vn 0.0290 0.5605 0.8276
vn -0.6556 -0.1506 0.7399
vn -0.5384 -0.6466 0.5404
vn -0.9689 0.1779 0.1718
vn -0.0589 0.4381 0.8970
vn -0.6575 -0.4301 -0.6187
vn -0.0392 -0.9283 0.3698
vn -0.7620 0.2412 0.6010
vn 0.4107 0.8657 0.2862
vn 0.4661 0.5517 0.6917
vn 0.6395 -0.7469 0.1819
vn 0.6727 -0.7380 0.0529
vn 0.7167 -0.2941 -0.6324
vn 0.0543 -0.5952 0.8017
vn -0.6949 -0.5627 0.4478
vn -0.6676 -0.6700 0.3246
vn 0.9042 -0.4270 -0.0070
vn 0.4438 0.3085 -0.8413
vn -0.2333 -0.3239 -0.9169
vn 0.7611 -0.0997 0.6410
vn -0.8478 0.5294 -0.0319
vn -0.3582 -0.6074 0.7091
vn -0.5448 -0.8373 -0.0453
vn 0.2009 0.6003 -0.7742
vn -0.1774 0.5460 0.8188
vn -0.3762 -0.8233 -0.4251
vn 0.5289 0.6190 -0.5806
vn 0.0251 -0.8367 0.5471
vn -0.3926 0.7831 0.4822
vn -0.8699 -0.1035 0.4823
vn 0.4214 0.8967 0.1358
vn 0.2344 0.9435 0.2342
vn 0.3466 -0.4535 -0.8211
vn -0.3702 -0.9200 -0.1285
vn 0.5571 -0.6967 0.4519
vn -0.2553 0.9580 0.1304
vn -0.7082 0.5475 0.4457
vn 0.6737 0.4130 -0.6128
vn 0.1497 -0.6506 -0.7445
vn -0.0144 -0.9913 -0.1306
vn -0.8257 -0.5096 0.2420
vn 0.7489 -0.6451 -0.1514
vn 0.5990 0.6496 -0.4682
vn 0.4946 -0.6468 -0.5805
vn 0.1234 -0.4882 0.8640
vn -0.5176 -0.4862 0.7040
vn -0.1671 -0.9836 -0.0683
vn 0.0025 0.7345 0.6786
vn -0.6744 -0.0256 0.7379
vn -0.4015 -0.4888 0.7745
vn 0.1394 0.9353 0.3252
vn -0.5538 0.6544 0.5149
vn -0.0457 0.9938 0.1012
vn 0.4079 0.8008 -0.4385
vn 0.1479 -0.7788 -0.6096
vn 0.8521 -0.2225 -0.4738
vn 0.4981 0.8225 0.2746
vn 0.4022 -0.3180 0.8585
vn -0.0648 0.2998 -0.9518
vn 0.5177 -0.7488 -0.4139
vn 0.7583 -0.6317 -0.1613
vn -0.0549 0.4340 -0.8993
vn 0.7834 -0.4562 -0.4221
vn -0.5149 -0.3946 -0.7611
vn -0.0855 0.9413 -0.3266
vn 0.9522 0.1627 -0.2586
vn -0.3801 0.3982 0.8348
vn -0.3800 0.4017 0.8332
vn -0.3699 0.4008 0.8382
vn -0.7101 0.4473 -0.5438
vn 0.7012 -0.6979 -0.1457
vn 0.1155 0.6149 0.7801
vn -0.3199 -0.8995 -0.2977
vn -0.3625 0.7556 -0.5456
vn 0.0396 -0.0493 -0.9980
vn -0.4916 0.8037 0.3354
vn -0.4917 0.8615 0.1271
vn 0.6111 -0.3793 0.6947
vn 0.4646 -0.8344 -0.2965
vn -0.5281 -0.8216 0.2145
vn -0.1644 0.9568 -0.2398
vn -0.1315 0.5725 -0.8093
vn 0.1101 0.3975 0.9110
vn 0.6803 -0.5563 0.4772
vn 0.3040 -0.9526 0.0067
vn 0.2980 -0.4206 -0.8569
vn -0.1203 -0.7142 0.6895
vn -0.0202 0.6200 0.7844
vn 0.3699 -0.6223 0.6899
vn -0.7029 -0.6145 -0.3581
vn -0.2509 -0.5032 -0.8270
vn 0.3250 -0.9328 -0.1558
vn -0.7152 0.6269 -0.3088
vn -0.2887 -0.0345 -0.9568
vn -0.3675 -0.5313 -0.7633
vn -0.5204 0.8539 -0.0014
vn -0.2864 0.6467 -0.7069
vn -0.2498 0.9673 -0.0433
vn 0.0205 0.7903 0.6124
vn 0.5906 -0.7005 0.4006
vn 0.0232 -0.2694 0.9628
vn -0.6335 0.7013 0.3270
vn -0.8679 -0.4849 -0.1078
vn 0.7839 0.4338 0.4442
vn 0.2363 -0.7483 0.6198
vn -0.1190 -0.7010 0.7032
vn 0.7092 0.5569 0.4324
vn 0.0571 -0.4964 0.8662
vn 0.9745 -0.2122 -0.0728
vn 0.1430 0.9800 0.1383
vn -0.2813 0.0653 0.9574
vn -0.9457 -0.2593 -0.1961
vn -0.9471 -0.2521 -0.1986
vn -0.9455 -0.2579 -0.1988
vn -0.0453 0.6584 -0.7513
vn 0.7661 -0.5357 0.3552
vn -0.7039 0.3401 0.6237
vn 0.3104 -0.7157 -0.6256
vn 0.0899 0.9244 -0.3708
vn 0.8623 0.2803 -0.4218
vn -0.7114 0.7017 -0.0396
vn -0.5600 0.8141 -0.1539
vn -0.9262 0.0504 0.3736
vn 0.2478 -0.6007 -0.7601
vn -0.2964 -0.7771 -0.5552
vn -0.1148 0.9933 -0.0151
vn 0.6234 0.6599 -0.4194
vn -0.9454 0.2546 0.2036
vn -0.0409 -0.7042 0.7089
vn 0.3462 -0.9381 0.0139
vn 0.7642 -0.2162 -0.6076
vn -0.3027 -0.8989 -0.3170
vn -0.8394 0.3496 0.4162
vn -0.5775 -0.0991 0.8104
vn -0.3489 0.6698 -0.6555
vn 0.6786 0.4490 -0.5813
vn 0.5813 -0.2113 -0.7858
vn -0.4263 0.8806 -0.2069
vn -0.0157 0.9836 -0.1799
vn 0.1311 -0.8463 0.5164
vn -0.7243 -0.5737 0.3825
vn -0.7806 0.6145 -0.1145
vn -0.2249 -0.3372 -0.9142
vn 0.3522 -0.3205 -0.8793
vn -0.0846 0.1859 0.9789
vn -0.2163 -0.9301 0.2968
vn -0.4742 -0.8796 0.0392
vn -0.1419 0.3124 0.9393
vn -0.5651 -0.7493 0.3453
vn 0.6019 -0.2585 0.7556
vn -0.2751 0.8616 0.4266
vn -0.6116 0.5353 -0.5826
vn 0.5297 0.8427 -0.0963
vn 0.5453 0.8322 -0.1004
vn 0.5327 0.8401 -0.1024
vn 0.6082 0.7569 -0.2392
vn -0.0178 -0.9620 0.2724
vn -0.8551 0.3512 -0.3813
vn -0.2442 0.8769 -0.4140
vn -0.0973 0.8699 -0.4836
vn 0.1925 -0.9707 0.1438
vn -0.0497 -0.5980 0.8000
vn 0.7052 0.3365 0.6241
vn -0.7290 0.4210 -0.5397
vn 0.2148 -0.9396 -0.2666
vn 0.2263 0.9735 0.0330
vn -0.2200 0.9444 -0.2443
vn -0.8105 -0.0736 -0.5810
vn 0.1211 -0.8172 0.5634
vn -0.3584 0.9130 0.1950
vn -0.6686 0.7261 -0.1605
vn 0.8347 0.2450 0.4932
vn 0.4304 0.8496 0.3047
vn 0.0020 -0.9725 0.2330
vn 0.5858 0.7638 -0.2709
vn 0.5310 -0.8365 0.1355
vn -0.3751 -0.9117 -0.1680
vn 0.9746 -0.2236 -0.0141
vn -0.6472 -0.4202 -0.6360
vn 0.7706 -0.1475 -0.6200
vn 0.8411 0.4783 0.2526
vn -0.1830 -0.3994 0.8983
vn -0.9705 0.1300 0.2029
vn -0.1992 -0.8562 0.4768
vn 0.5314 0.8471 -0.0025
vn -0.9408 0.3387 0.0099
vn 0.9640 0.2409 0.1128
vn -0.1114 0.8016 -0.5875
vn -0.1809 -0.7673 -0.6153
vn -0.6922 -0.6273 -0.3569
vn 0.9386 -0.3391 -0.0638
vn -0.0136 0.8494 0.5276
vn -0.2879 -0.9032 0.3183
vn -0.2885 -0.9558 0.0572
vn 0.0371 -0.9992 0.0124
vn -0.4988 0.8646 0.0601
vn 0.5749 -0.7897 0.2140
vn -0.2004 -0.8759 -0.4389
vn 0.5604 0.3804 -0.7357
vn 0.4232 0.2345 -0.8752
vn 0.0929 -0.4226 -0.9015
vn 0.8981 -0.4087 0.1623
vn -0.8558 0.4062 0.3204
vn -0.1623 -0.9706 0.1777
vn 0.5544 -0.8301 -0.0589
vn -0.0119 -0.4557 0.8900
vn -0.5486 0.1134 0.8284
vn -0.6726 -0.4331 0.6001
vn -0.6122 -0.1444 -0.7774
vn 0.1988 0.9575 -0.2090
vn 0.0143 -0.9980 -0.0618
vn -0.4247 -0.1431 0.8939
vn 0.7307 -0.5956 -0.3336
vn 0.1331 -0.9649 0.2262
vn -0.2640 0.0532 -0.9631
vn -0.1153 -0.7603 -0.6393
vn -0.9504 0.2358 -0.2028
vn -0.5849 -0.7503 -0.3081
vn -0.0304 -0.9692 0.2445
vn 0.2057 -0.9642 0.1675
vn -0.5209 -0.8522 0.0484
vn -0.6213 0.6683 0.4090
vn -0.1280 0.0210 -0.9915
vn 0.9723 -0.1706 -0.1599
vn 0.0296 -0.8769 -0.4797
vn 0.9582 0.0527 -0.2813
vn 0.0755 -0.9230 -0.3774
vn 0.0899 0.9879 -0.1261
vn 0.7950 -0.0148 -0.6065
vn 0.8531 -0.4226 -0.3060
vn 0.5937 -0.5291 -0.6063
vn 0.1733 0.9533 0.2474
vn -0.4935 0.4122 0.7659
vn 0.3433 0.0770 0.9361
vn 0.5891 -0.8064 -0.0519
vn -0.3628 -0.9182 -0.1591
vn 0.3474 -0.9006 0.2612
vn -0.3658 0.7739 0.5170
vn -0.7633 -0.2202 0.6073
vn -0.9811 0.1931 0.0086
vn -0.6904 -0.4885 -0.5335
vn 0.4229 0.6970 0.5791
vn 0.3986 0.7395 0.5424
vn -0.1969 0.7453 -0.6369
vn 0.7834 0.2159 -0.5828
vn -0.4765 -0.6801 -0.5572
vn -0.8090 0.5878 -0.0058
vn 0.9312 0.1919 0.3098
vn 0.0990 0.9931 -0.0626
vn -0.0620 0.9570 0.2835
vn -0.5396 0.5030 0.6751
vn -0.1203 0.8564 0.5020
vn 0.7532 -0.4314 0.4966
vn -0.1024 -0.9192 -0.3802
vn 0.1090 -0.9878 0.1113
vn -0.3952 0.9186 0.0031
vn 0.0456 -0.6939 -0.7186
vn -0.5415 -0.8144 -0.2088
vn -0.3070 -0.7696 0.5599
vn 0.8866 0.1720 0.4295
vn -0.1272 -0.9916 -0.0236
vn -0.4504 -0.8482 -0.2786
vn 0.1189 0.3761 -0.9189
vn 0.4826 0.8641 -0.1430
vn -0.2604 0.9577 0.1226
vn -0.1897 0.9491 0.2514
vn -0.0979 0.6962 -0.7111
vn 0.8376 -0.5453 0.0321
vn 0.8851 -0.3895 0.2546
vn 0.4660 -0.1262 0.8757
vn -0.3563 0.4875 -0.7971
vn 0.9389 -0.3404 -0.0511
vn -0.9800 0.1989 0.0091
vn -0.3851 -0.5632 0.7311
vn 0.0759 0.4444 0.8926
vn -0.5890 0.7839 -0.1964
vn -0.0120 -0.1779 -0.9840
vn 0.9887 -0.0512 -0.1412
vn -0.0739 -0.3349 -0.9393
vn -0.9003 0.3051 -0.3104
vn -0.5962 -0.0816 -0.7987
vn 0.0286 0.9334 0.3576
vn 0.3290 -0.5558 0.7634
vn -0.9810 0.1119 0.1587
vn -0.1505 0.0031 -0.9886
vn -0.8077 -0.5674 0.1602
vn -0.8087 -0.5668 0.1572
vn -0.8074 -0.5670 0.1633
vn -0.4320 0.8966 -0.0974
vn -0.2604 -0.9456 -0.1952
vn 0.6597 0.6581 0.3628
vn 0.4046 0.8513 -0.3340
vn -0.3302 0.8635 -0.3812
vn 0.1588 0.3681 -0.9161
vn -0.1678 0.3360 -0.9268
vn 0.1189 -0.8716 0.4756
vn 0.7699 0.5809 -0.2641
vn 0.3107 0.4326 -0.8463
vn 0.5749 -0.7221 -0.3847
vn 0.4780 -0.8324 0.2806
vn 0.7516 -0.5472 0.3684
vn 0.3730 0.8629 -0.3411
vn -0.3536 -0.3553 0.8653
vn -0.3372 -0.2288 0.9132
vn -0.3297 -0.3754 -0.8663
vn -0.0420 0.9951 0.0895
vn 0.2126 -0.8746 0.4356
vn -0.0168 -0.5199 -0.8541
vn -0.0115 0.7801 -0.6255
vn -0.2492 -0.9646 -0.0856
vn -0.2874 -0.8529 -0.4358
vn 0.5618 -0.3870 -0.7312
vn -0.5448 0.5474 0.6352
vn 0.5840 -0.8064 0.0929
vn -0.2372 0.3283 0.9143
vn -0.3068 0.9381 -0.1606
vn -0.1561 0.9137 -0.3752
vn -0.0423 0.0456 0.9981
vn -0.9407 0.2853 -0.1834
vn -0.2860 0.4721 0.8338
vn 0.4189 0.3369 -0.8432
vn -0.9598 -0.0861 0.2671
vn -0.5975 -0.7934 0.1164
vn -0.0318 -0.9781 0.2058
vn -0.7190 0.6864 -0.1092
vn 0.5200 -0.7805 -0.3471
vn 0.2712 -0.7304 -0.6269
vn -0.5345 -0.7323 0.4219
vn -0.8799 0.3225 0.3490
vn -0.2154 -0.6035 -0.7677
vn 0.2152 0.8352 0.5061
vn 0.5496 -0.8343 -0.0437
vn -0.6314 0.7592 0.1580
vn 0.3083 -0.9500 -0.0504
vn -0.7893 -0.6109 0.0611
vn 0.2584 -0.3489 0.9008
vn 0.6043 0.3848 -0.6976
vn -0.7915 -0.1198 0.5994
vn -0.8629 0.5023 -0.0549
vn -0.1719 -0.9536 0.2472
vn -0.0126 -0.8981 -0.4396
vn 0.8505 -0.3916 -0.3511
vn 0.1616 0.2645 0.9507
vn -0.5499 -0.6939 0.4649
vn 0.5246 -0.7760 -0.3501
vn 0.2616 0.9380 0.2275
vn 0.7456 -0.3259 -0.5812
vn 0.4889 0.5784 0.6530
vn -0.8424 -0.5171 0.1516
vn 0.4709 -0.6497 0.5968
vn 0.3927 0.8738 0.2868
vn -0.0407 0.9966 -0.0717
vn 0.1874 -0.9628 -0.1949
vn -0.5104 0.8597 -0.0198
vn 0.1797 -0.9829 0.0406
vn 0.8620 -0.3951 0.3177
vn 0.5053 -0.8428 0.1854
vn -0.9376 -0.1425 -0.3171
vn -0.4248 -0.8696 0.2516
vn -0.2097 0.8032 0.5576
vn -0.6485 0.7612 0.0031
vn 0.6750 -0.3835 0.6303
vn 0.1491 -0.9831 -0.1063
vn 0.9525 0.2673 -0.1461
vn -0.1282 0.9408 -0.3137
vn 0.9138 -0.0558 -0.4024
vn -0.2135 0.9324 -0.2916
vn 0.5385 0.4846 0.6893
vn -0.8289 0.3388 -0.4451
vn -0.5969 -0.1974 -0.7777
vn -0.2262 -0.6340 -0.7395
vn -0.5547 0.2778 -0.7843
vn -0.2974 -0.0215 0.9545
vn 0.7890 0.6138 -0.0282
vn 0.1161 -0.9748 0.1904
vn -0.7972 -0.5152 -0.3147
vn -0.6173 0.7807 0.0970
vn -0.8190 -0.5081 -0.2665
vn -0.7194 0.5818 -0.3794
vn 0.2360 0.2357 -0.9427
vn -0.2808 -0.9492 -0.1420
vn 0.7198 -0.3629 0.5918
vn -0.3309 -0.1109 -0.9371
vn 0.7190 -0.0105 -0.6949
vn 0.6625 0.6693 0.3362
vn 0.0170 0.9625 0.2709
vn -0.1441 -0.7075 -0.6918
vn -0.4146 0.8332 0.3659
vn -0.0632 -0.9900 -0.1264
vn -0.2220 -0.2763 0.9351
vn 0.6793 -0.7337 -0.0188
vn -0.3432 0.9195 0.1916
vn 0.1580 0.8796 -0.4487
vn 0.7243 -0.6893 -0.0160
vn -0.8543 0.0964 -0.5107
vn -0.7951 0.5063 0.3339
vn 0.6598 -0.5913 -0.4638
vn -0.9458 0.0152 0.3245
vn -0.9927 0.1144 -0.0380
vn 0.2575 -0.9511 0.1709
vn -0.5209 -0.7164 -0.4642
vn -0.8370 0.4313 0.3366
vn -0.7271 -0.1606 0.6675
vn -0.4469 0.2635 -0.8549
vn 0.3588 -0.8283 0.4303
vn -0.0242 -0.9921 0.1228
vn -0.7951 0.5698 0.2077
vn 0.0454 0.9988 -0.0180
vn 0.1769 0.9517 -0.2510
vn -0.1223 -0.9214 -0.3688
vn 0.6007 -0.7334 -0.3182
vn -0.9210 0.3849 0.0605
vn 0.8843 -0.3994 0.2419
vn 0.2600 -0.9284 0.2655
vn 0.2050 -0.9657 -0.1596
vn 0.9958 -0.0541 0.0741
vn 0.6008 0.7277 -0.3309
vn -0.7573 0.1027 0.6449
vn -0.9670 0.2545 0.0101
vn -0.5578 -0.8277 -0.0622
vn 0.7105 0.3540 -0.6082
vn 0.1766 0.3928 -0.9025
vn 0.7476 -0.1095 -0.6551
vn 0.3795 0.8094 -0.4481
vn 0.5786 -0.6212 -0.5285
vn 0.9008 0.2296 -0.3685
vn 0.1806 0.4107 -0.8937
vn -0.8725 -0.3951 0.2875
vn -0.4263 -0.2917 0.8562
vn -0.5874 0.6493 0.4830
vn 0.8384 -0.3416 0.4246
vn 0.9046 -0.3494 -0.2442
vn 0.8663 0.0450 -0.4974
vn -0.2135 0.8812 -0.4218
vn -0.2286 0.5253 -0.8196
vn -0.5090 -0.0825 -0.8568
vn -0.6727 -0.7233 -0.1560
vn -0.1103 -0.6895 -0.7159
vn 0.0232 -0.6142 -0.7888
vn 0.2175 -0.9738 -0.0656
vn 0.8818 -0.4298 -0.1940
vn 0.7442 -0.6597 -0.1048
vn -0.4642 -0.1821 0.8668
vn -0.7285 -0.5777 0.3681
vn -0.5676 -0.3935 -0.7232
vn -0.6065 -0.1168 -0.7864
vn 0.9011 0.3405 0.2686
vn 0.4869 -0.6183 -0.6169
vn -0.4395 -0.8900 -0.1218
vn 0.7730 -0.6273 -0.0948
vn 0.5850 -0.8024 0.1179
vn 0.2343 0.6334 0.7375
vn -0.8103 -0.5627 0.1635
vn 0.0259 0.6158 -0.7875
vn 0.1721 -0.9458 0.2753
vn 0.4374 0.8194 0.3705
vn 0.1087 -0.3735 0.9213
vn 0.5420 0.8036 -0.2457
vn 0.4841 0.8718 -0.0742
vn -0.5292 -0.3793 -0.7590
vn -0.4485 -0.8834 0.1363
vn 0.4813 -0.8414 -0.2459
vn 0.1754 0.9682 0.1781
vn -0.0230 0.5417 0.8402
vn 0.0010 0.4122 -0.9111
vn -0.6557 -0.5242 -0.5434
vn -0.2549 -0.9669 -0.0122
vn -0.3924 -0.4206 0.8180
vn 0.1970 -0.7142 -0.6716
vn 0.1082 0.6200 -0.7771
vn -0.2901 -0.6223 -0.7271
vn 0.6092 -0.6885 0.3936
vn 0.1564 -0.5032 0.8499
vn -0.3528 -0.9306 0.0975
vn 0.7123 0.6178 0.3330
vn 0.6445 0.0168 0.7644
vn 0.2884 -0.5586 0.7776
vn 0.5170 0.8539 0.0598
vn -0.1821 0.6798 0.7104
vn 0.2867 0.9517 0.1100
vn 0.0484 0.7903 -0.6108
vn -0.3181 -0.8178 -0.4797
vn 0.0283 -0.0078 -0.9996
vn 0.6457 0.7232 -0.2450
vn 0.8503 -0.4849 0.2046
vn -0.6504 0.5178 -0.5558
vn -0.9497 -0.0978 0.2974
vn -0.0833 -0.7493 -0.6569
vn 0.8219 0.5518 -0.1417
vn -0.3224 -0.1380 0.9365
vn -0.0945 -0.9938 0.0580
vn 0.1973 -0.7010 -0.6854
vn -0.6561 0.5569 -0.5094
vn 0.0406 -0.4964 -0.8671
vn -0.9765 -0.2122 -0.0372
vn -0.1265 0.9800 -0.1535
vn 0.3873 0.0654 -0.9196
vn 0.6738 0.0716 0.7354
vn 0.5061 -0.7790 0.3702
vn 0.1413 0.3456 -0.9277
vn -0.1141 -0.2041 0.9723
vn -0.7336 0.5648 0.3778
vn -0.0130 0.7010 -0.7130
vn -0.0943 -0.9843 -0.1493
vn -0.0855 -0.9448 0.3163
vn -0.0090 -0.2590 0.9658
vn 0.2943 -0.9485 -0.1172
vn -0.2809 -0.9593 -0.0309
vn -0.1306 -0.9349 -0.3300
vn -0.0361 0.8946 0.4454
vn -0.1933 -0.9782 0.0764
vn 0.7999 0.5435 0.2546
vn -0.5223 0.0803 0.8490
vn -0.2383 -0.3201 -0.9169
vn 0.2054 -0.5382 0.8174
vn 0.2365 0.9666 0.0987
vn 0.7249 0.2326 0.6484
vn 0.2126 0.9032 0.3728
vn 0.4352 -0.6018 0.6696
vn 0.5957 0.7645 0.2465
vn 0.6121 -0.7804 -0.1274
vn -0.2268 -0.9267 0.2998
vn -0.1277 -0.9403 -0.3154
vn -0.1784 0.1640 -0.9702
vn -0.1600 -0.4196 0.8935
vn -0.3636 0.1595 -0.9178
vn -0.2840 -0.4312 0.8564
vn 0.2037 -0.7737 0.5999
vn 0.6844 0.1752 0.7077
vn -0.8575 -0.2444 -0.4527
vn -0.0223 -0.9858 -0.1663
vn 0.3587 -0.6512 -0.6688
vn 0.3901 -0.8568 0.3373
vn -0.4706 -0.8247 -0.3136
vn 0.0089 -0.9786 0.2057
vn -0.6313 -0.3108 -0.7106
vn -0.4673 0.1676 -0.8681
vn -0.5188 0.1842 -0.8348
vn 0.1236 0.3999 0.9082
vn -0.8100 0.4708 0.3497
vn -0.2663 0.1253 -0.9557
vn 0.1372 -0.9481 -0.2869
vn -0.6407 0.6399 -0.4244
vn -0.8491 0.4302 -0.3065
vn -0.2548 -0.9449 0.2057
vn -0.0427 0.9913 -0.1243
vn -0.3393 0.6682 -0.6621
vn 0.5596 0.6593 0.5021
vn 0.5385 -0.2245 0.8122
vn -0.3899 -0.5197 0.7602
vn -0.3073 -0.9432 0.1263
vn -0.7064 -0.6260 0.3304
vn 0.8791 0.0827 -0.4694
vn -0.6040 -0.7641 0.2268
vn 0.3631 -0.8464 0.3897
vn -0.2831 -0.2471 -0.9267
vn -0.2443 -0.9008 -0.3589
vn -0.4747 -0.3175 0.8209
vn -0.7223 -0.1196 -0.6812
vn 0.3726 -0.3100 -0.8747
vn -0.4032 -0.8877 -0.2221
vn 0.1875 -0.7360 0.6505
vn -0.0537 -0.8734 -0.4841
vn -0.0950 -0.4654 0.8800
vn 0.0293 0.9944 -0.1014
vn 0.5648 -0.8152 -0.1285
vn -0.6493 -0.5766 0.4960
vn -0.1908 0.6601 0.7265
vn 0.7764 0.1080 -0.6209
vn -0.9989 -0.0018 0.0475
vn -0.6993 -0.5897 -0.4041
vn -0.7100 -0.6634 0.2362
vn 0.2883 0.9552 -0.0672
vn -0.4076 -0.7153 0.5676
vn 0.6426 0.6481 -0.4086
vn 0.9076 -0.4116 0.0832
vn -0.6156 0.3232 0.7188
vn 0.3742 -0.6857 -0.6243
vn 0.8434 0.2225 -0.4890
vn 0.2374 0.1890 -0.9528
vn 0.2386 0.2978 0.9243
vn 0.7930 0.4194 -0.4419
vn -0.2001 -0.5862 -0.7851
vn 0.5253 -0.8456 -0.0944
vn -0.1512 0.0421 -0.9876
vn 0.0515 0.7402 0.6704
vn -0.4737 -0.8243 0.3100
vn -0.8292 -0.1113 -0.5478
vn -0.4127 -0.9044 -0.1086
vn -0.1554 0.8643 0.4784
vn 0.0449 -0.9972 -0.0597
vn 0.3289 -0.3475 -0.8781
vn -0.3174 0.9482 0.0135
vn 0.2911 0.7253 -0.6239
vn -0.3927 0.8531 0.3437
vn -0.8115 -0.5679 -0.1378
vn -0.8725 -0.3354 -0.3553
vn 0.2187 0.2845 0.9334
vn -0.2055 0.4128 0.8873
vn -0.3819 -0.6871 -0.6181
vn -0.3305 -0.5773 0.7466
vn -0.2634 -0.8730 -0.4105
vn -0.8865 0.4301 -0.1709
vn 0.4882 0.8095 0.3263
vn 0.7594 -0.0654 0.6473
vn -0.9436 -0.1110 0.3119
vn -0.3119 -0.9497 -0.0281
vn -0.6847 -0.7168 -0.1320
vn 0.9900 -0.0391 0.1357
vn 0.4979 0.1677 -0.8509
vn 0.6502 -0.1254 -0.7493
vn -0.6878 -0.2151 0.6932
vn -0.8670 -0.4499 0.2141
vn 0.5638 -0.5150 0.6456
vn 0.8268 -0.0662 0.5585
vn 0.6077 -0.7904 -0.0778
vn 0.4317 -0.4586 -0.7767
vn 0.2017 -0.6300 0.7499
vn 0.3994 -0.5902 0.7015
vn -0.7780 -0.6187 -0.1094
vn 0.7317 -0.4482 -0.5136
vn -0.9509 -0.1759 -0.2546
vn 0.3427 -0.8747 -0.3427
vn -0.7201 -0.6457 0.2539
vn -0.7774 0.5487 0.3074
vn -0.6039 -0.7621 0.2334
vn 0.1075 -0.7474 -0.6556
vn 0.2293 -0.3822 -0.8952
vn 0.5946 0.6468 -0.4776
vn 0.4743 -0.7118 0.5180
vn -0.6165 0.6300 0.4723
vn 0.0381 -0.9022 -0.4296
vn 0.2006 0.8780 -0.4347
vn 0.6940 -0.3700 -0.6176
vn -0.3832 0.8990 -0.2122
vn -0.1989 0.9502 -0.2400
vn -0.4366 -0.4535 0.7770
vn 0.2332 -0.9563 0.1765
vn -0.5510 -0.7266 -0.4105
vn 0.1827 0.9788 -0.0922
vn 0.7994 0.5048 -0.3258
vn -0.7350 0.4287 0.5253
vn -0.2058 -0.6256 0.7525
vn -0.0004 -0.9972 0.0753
vn 0.8477 -0.5096 -0.1476
vn -0.7612 -0.6451 0.0662
vn -0.6478 0.6496 0.3980
vn -0.5567 -0.6468 0.5212
vn -0.0457 -0.5690 -0.8211
vn 0.5934 -0.4862 -0.6414
vn 0.1468 -0.9833 0.1080
vn 0.0080 0.7339 -0.6792
vn 0.3407 0.1198 -0.9325
vn 0.4592 -0.5134 -0.7250
vn -0.1019 0.9353 -0.3388
vn 0.7831 0.6132 -0.1039
vn 0.0670 0.9858 -0.1543
vn -0.4546 0.8008 0.3898
vn -0.3534 -0.8506 0.3894
vn -0.8750 0.0243 0.4835
vn -0.4437 0.8399 -0.3126
vn -0.3032 -0.3180 -0.8983
vn -0.0940 0.3980 0.9125
vn 0.7144 -0.2860 0.6386
vn -0.6140 -0.7337 0.2910
vn -0.4626 0.7028 -0.5405
vn 0.9489 -0.2221 -0.2242
vn -0.0226 -0.9947 -0.1004
vn -0.7716 -0.6317 0.0751
vn -0.0466 0.4340 0.8997
vn -0.8259 -0.4562 0.3314
vn 0.4261 -0.3945 0.8141
vn 0.0483 0.9413 0.3342
vn -0.9752 0.1626 0.1499
vn -0.3174 0.8581 0.4037
vn -0.6889 -0.5204 -0.5046
vn 0.8282 0.3149 -0.4636
vn -0.4584 -0.8714 -0.1746
vn -0.3496 0.9159 0.1971
vn -0.9169 0.0506 0.3960
vn 0.7060 0.6902 0.1588
vn 0.5602 0.8016 0.2088
vn 0.8434 -0.4621 -0.2742
vn -0.5687 -0.8101 -0.1424
vn 0.5538 -0.4315 0.7121
vn 0.5924 0.8053 -0.0217
vn -0.7958 0.5101 0.3264
vn 0.7808 0.0774 -0.6199
vn -0.0129 -0.7102 -0.7039
vn 0.3020 0.3526 -0.8857
vn 0.9716 0.2292 0.0582
vn -0.3187 -0.9250 0.2068
vn -0.3944 -0.9189 0.0045
vn -0.8654 -0.2038 0.4577
vn -0.1994 -0.3918 0.8982
vn -0.7911 -0.1521 0.5925
vn 0.2394 0.7261 0.6445
vn -0.2825 0.2904 0.9143
vn -0.2306 0.9726 0.0298
vn 0.6180 0.5103 -0.5981
vn 0.0197 -0.9486 -0.3159
vn -0.6448 -0.2522 0.7215
vn 0.8382 -0.3450 -0.4224
vn 0.7277 0.6102 0.3132
vn -0.2840 -0.9578 -0.0453
vn 0.1156 -0.3339 0.9355
vn 0.2655 -0.1355 -0.9545
vn 0.7523 0.4466 -0.4844
vn -0.9727 0.1061 0.2064
vn -0.3619 -0.9188 0.1577
vn 0.4756 -0.8796 0.0143
vn 0.7595 -0.5609 -0.3296
vn 0.4441 -0.8136 -0.3752
vn -0.3826 -0.1440 -0.9126
vn 0.4536 0.8179 -0.3540
vn 0.9755 -0.2060 -0.0768
vn -0.6289 0.7592 0.1677
vn 0.0483 -0.9620 -0.2686
vn 0.8071 0.3518 0.4742
vn 0.3021 0.7915 0.5313
vn 0.0821 0.8490 0.5219
vn -0.2264 -0.9571 -0.1809
vn 0.1396 -0.5979 -0.7893
vn -0.4519 0.5681 -0.6878
vn 0.5872 0.7064 0.3951
vn -0.2433 -0.9396 0.2407
vn -0.2209 0.9743 -0.0446
vn 0.1912 0.9444 0.2674
vn 0.9336 0.3209 -0.1593
vn 0.1253 -0.7393 -0.6616
vn 0.3829 0.9102 -0.1578
vn 0.1604 -0.8189 -0.5511
vn 0.4801 0.8213 0.3082
vn -0.5418 0.8405 0.0094
vn -0.8923 0.3883 0.2302
vn -0.7740 0.2450 -0.5839
vn -0.2931 -0.9287 -0.2272
vn -0.4237 0.8683 0.2579
vn -0.5047 -0.8470 -0.1668
vn 0.3538 -0.9117 0.2090
vn -0.9700 -0.2236 -0.0955
vn 0.5492 -0.4418 0.7094
vn -0.8354 -0.1475 0.5295
vn -0.9609 -0.2420 -0.1343
vn -0.8073 0.4783 -0.3456
vn 0.2828 -0.3991 -0.8722
vn 0.9872 0.1300 -0.0925
vn 0.2515 -0.8562 -0.4514
vn -0.2856 0.8339 -0.4723
vn 0.7142 0.5104 -0.4790
vn 0.9327 0.3460 0.1017
vn -0.6518 -0.1204 -0.7488
vn -0.0940 0.8455 0.5256
vn 0.1106 -0.7673 0.6317
vn 0.3192 -0.2052 0.9252
vn 0.5138 -0.5834 0.6290
vn 0.8544 -0.5182 0.0393
vn 0.0728 0.8493 -0.5228
vn 0.5307 -0.8472 -0.0254
vn -0.6539 0.0669 -0.7536
vn 0.4651 0.8583 -0.2168
vn -0.7865 0.4504 0.4226
vn -0.0163 0.9382 0.3458
vn 0.2614 0.9571 0.1248
vn -0.7456 -0.2140 0.6311
vn -0.9398 0.2023 0.2752
vn -0.7456 0.6183 0.2486
vn -0.5072 -0.8618 -0.0026
vn -0.0123 0.9867 0.1620
vn 0.3298 -0.8949 -0.3006
vn 0.7262 -0.6803 0.0993
vn -0.8321 -0.5265 0.1742
vn -0.4820 -0.7742 -0.4103
vn 0.8736 -0.1545 0.4615
vn 0.7063 -0.6053 0.3672
vn -0.4815 0.0124 0.8764
vn -0.8369 -0.5461 0.0365
vn 0.4611 0.7284 0.5067
vn -0.5457 -0.4464 -0.7092
vn -0.6696 -0.7300 -0.1371
vn 0.4173 -0.7358 0.5334
vn 0.7647 0.6015 0.2313
vn 0.6131 -0.7012 0.3640
vn 0.8820 0.4710 0.0181
vn -0.0077 -0.8451 -0.5345
vn 0.9787 0.1967 0.0588
vn 0.0983 0.8214 -0.5619
vn -0.4411 -0.4554 -0.7733
vn -0.8573 0.1194 0.5008
vn 0.5070 0.7782 -0.3706
vn 0.6402 -0.7564 -0.1339
vn -0.0926 -0.9921 0.0846
vn 0.4171 0.8517 0.3173
vn 0.5324 -0.6725 0.5141
vn 0.8427 0.5018 -0.1949
vn -0.9082 -0.1089 -0.4042
vn 0.6355 0.7011 0.3235
vn -0.0371 0.8163 0.5764
vn -0.3375 -0.3180 0.8860
vn 0.2931 0.4875 0.8224
vn 0.1454 0.0138 0.9893
vn 0.4241 0.7486 -0.5096
vn -0.8393 0.2200 0.4972
vn 0.1556 0.9870 -0.0413
vn 0.1536 -0.9854 0.0738
vn -0.0065 -0.9353 0.3538
vn 0.7614 0.1021 -0.6402
vn 0.0010 -0.2792 0.9602
vn -0.5938 0.7396 -0.3170
vn -0.6867 0.6003 -0.4098
vn -0.3431 -0.5005 -0.7949
vn 0.1213 -0.5815 0.8045
vn -0.1459 -0.9668 -0.2099
vn 0.3655 -0.6893 -0.6255
vn -0.3500 -0.9348 0.0600
vn -0.9653 -0.2589 0.0333
vn -0.6560 0.7543 0.0259
vn 0.5557 0.5913 0.5844
vn 0.6484 -0.7317 -0.2101
vn -0.7449 -0.6664 -0.0324
vn -0.0533 -0.8967 0.4394
vn -0.1641 -0.8716 -0.4619
vn 0.6902 -0.6236 -0.3670
vn -0.0836 0.9948 0.0579
vn 0.7080 -0.6709 0.2203
vn -0.7004 -0.6773 0.2253
vn 0.0004 -0.9287 -0.3707
vn 0.9377 0.3448 0.0426
vn -0.7616 -0.6470 0.0378
vn -0.1021 0.1041 -0.9893
vn -0.6346 -0.6277 0.4508
vn -0.7986 -0.5755 0.1762
vn -0.6579 0.7263 0.1992
vn -0.9462 -0.2918 0.1400
vn -0.8835 -0.4039 -0.2375
vn -0.4475 0.7206 0.5295
vn -0.9651 0.0728 -0.2515
vn 0.1438 -0.9828 0.1157
vn 0.3569 0.8022 0.4787
vn 0.1824 0.6384 -0.7478
vn 0.3455 0.4628 -0.8163
vn 0.9945 -0.1039 0.0102
vn 0.0221 -0.1185 0.9927
vn 0.3812 0.9099 0.1635
vn 0.3139 0.9209 -0.2310
vn 0.4218 -0.9058 -0.0395
vn 0.7151 0.6382 -0.2852
vn -0.4908 -0.8709 -0.0256
vn 0.6803 0.2843 -0.6756
vn 0.6046 0.7869 0.1238
vn -0.2591 -0.9251 -0.2774
vn 0.8789 -0.4755 -0.0385
vn -0.2790 0.9507 -0.1351
vn -0.3518 -0.9170 0.1879
vn 0.3904 -0.4952 0.7761
vn -0.3901 0.5065 0.7690
vn -0.7156 0.6567 0.2379
vn 0.3773 -0.9022 -0.2091
vn -0.8300 -0.5499 -0.0930
vn 0.4733 -0.6919 -0.5452
vn 0.7864 -0.5253 0.3251
vn 0.1552 -0.3126 -0.9371
vn -0.6615 -0.7229 -0.1995
vn -0.7260 -0.6587 0.1976
vn 0.9812 0.0825 0.1747
vn 0.8497 0.2836 -0.4444
vn 0.5181 0.7768 0.3580
vn 0.3308 -0.7569 0.5636
vn -0.1124 -0.9916 -0.0633
vn -0.0457 0.8455 0.5320
vn -0.2086 -0.6925 0.6906
vn 0.4607 0.3111 0.8313
vn 0.0823 -0.1089 -0.9906
vn -0.0957 0.7011 0.7067
vn -0.5564 0.8163 0.1551
vn -0.9478 -0.3179 -0.0267
vn -0.6797 0.4875 0.5480
vn -0.8859 0.0139 0.4637
vn 0.6210 0.7486 0.2322
vn -0.7480 0.4285 -0.5068
vn 0.0926 0.9834 0.1563
vn -0.0114 -0.9833 0.1818
vn -0.3625 -0.9248 0.1157
vn 0.8181 0.1411 0.5575
vn -0.7851 -0.5099 0.3516
vn 0.1034 0.7396 -0.6651
vn 0.1605 0.6002 -0.7836
vn 0.6372 -0.5005 -0.5861
vn -0.7194 -0.5815 0.3799
vn 0.1041 -0.9730 -0.2059
vn 0.4297 -0.7474 0.5067
vn -0.1306 -0.9491 -0.2867
vn -0.3499 -0.2589 -0.9003
vn -0.1664 0.7620 -0.6258
vn -0.3683 0.5913 0.7175
vn 0.4122 -0.7317 0.5429
vn -0.1742 -0.5845 -0.7925
vn -0.4324 -0.8967 0.0946
vn 0.3824 -0.8714 -0.3073
vn 0.5741 -0.6237 0.5305
vn -0.0822 0.9948 -0.0598
vn 0.0256 -0.6709 0.7411
vn -0.4437 -0.6773 -0.5868
vn 0.3928 -0.8987 -0.1952
vn 0.2691 0.3448 0.8993
vn -0.2870 -0.6470 -0.7064
vn 0.9003 0.1045 -0.4226
vn -0.6349 -0.6277 -0.4504
vn -0.4300 -0.5754 -0.6957
vn -0.4685 0.8671 -0.1694
vn -0.1404 -0.4365 -0.8887
vn -0.0673 -0.4039 -0.9123
vn -0.6475 0.7206 -0.2478
vn -0.1839 0.1342 -0.9737
vn 0.0257 -0.9486 -0.3155
vn -0.3335 0.8019 0.4958
vn 0.7661 0.6384 -0.0745
vn 0.8250 0.5634 0.0440
vn 0.3185 -0.1039 0.9422
vn -0.9264 -0.1085 0.3606
vn -0.0304 0.9075 0.4189
vn 0.3215 0.9208 0.2208
vn 0.1765 -0.9058 0.3851
vn 0.5050 0.6382 0.5810
vn -0.0535 -0.9357 -0.3487
vn 0.7433 0.3114 0.5921
vn 0.0737 0.7925 0.6053
vn 0.1764 -0.9251 -0.3361
vn 0.3262 -0.4755 0.8170
vn 0.5079 0.0699 0.8586
vn 0.0288 0.9465 -0.3214
vn -0.9742 0.1933 -0.1167
vn -0.2935 -0.9170 -0.2700
vn -0.6039 -0.4952 0.6246
vn -0.6999 0.7142 -0.0042
vn -0.4606 0.6567 -0.5971
vn 0.3219 -0.9022 0.2872
vn -0.1860 -0.5499 -0.8142
vn 0.6650 -0.7249 0.1798
vn -0.0500 -0.5198 0.8528
vn 0.9668 -0.2351 -0.0996
vn -0.0305 -0.7228 -0.6904
vn 0.3076 0.0763 -0.9484
vn 0.1587 0.0825 0.9839
vn -0.2382 -0.8323 -0.5004
vn -0.5594 -0.7802 -0.2800
vn 0.0916 0.8406 0.5338
vn -0.0865 0.6977 0.7112
vn -0.3550 -0.9224 0.1520
vn 0.7134 -0.3597 -0.6014
vn -0.7458 0.2299 -0.6252
vn 0.1673 0.8352 -0.5240
vn -0.9317 -0.2601 0.2536
vn 0.1843 0.7978 -0.5741
vn 0.0417 -0.9183 0.3937
vn 0.7579 0.0070 0.6524
vn 0.3049 -0.9403 -0.1511
vn 0.7075 0.1379 -0.6931
vn -0.7143 0.5163 0.4725
vn -0.7138 -0.6295 0.3071
vn 0.5354 -0.8424 -0.0611
vn -0.3337 -0.0432 0.9417
vn -0.3099 0.9496 0.0464
vn 0.4717 -0.2716 -0.8389
vn 0.0685 0.9849 0.1588
vn -0.1033 -0.8899 -0.4444
vn -0.1148 -0.5416 0.8328
vn -0.3599 -0.7726 0.5230
vn -0.9123 0.2587 0.3173
vn -0.3809 0.5452 0.7468
vn -0.3278 0.8282 -0.4545
vn 0.5190 -0.8503 0.0879
vn 0.1813 -0.4245 0.8871
vn 0.5075 -0.5035 -0.6992
vn 0.6889 0.5033 -0.5216
vn 0.4072 -0.8708 -0.2754
vn 0.2794 0.9321 0.2305
vn 0.9376 -0.2615 -0.2291
vn -0.5735 0.1563 0.8042
vn -0.6304 0.7343 0.2519
vn 0.5152 0.6043 -0.6078
vn 0.7213 0.6339 -0.2791
vn 0.6971 -0.3275 -0.6378
vn -0.8236 -0.4370 0.3615
vn -0.3165 -0.6800 0.6614
vn -0.6754 -0.1545 0.7211
vn -0.0149 0.0496 -0.9987
vn 0.9774 0.0400 -0.2076
vn -0.9129 -0.3931 -0.1098
vn -0.9114 0.3245 0.2532
vn 0.0872 0.8881 -0.4513
vn -0.0634 -0.9401 -0.3350
vn 0.1248 -0.1747 0.9767
vn 0.5073 0.7746 -0.3776
vn 0.4328 0.8919 -0.1314
vn -0.3765 -0.8814 -0.2853
vn 0.4228 0.8176 0.3908
vn -0.5356 -0.8402 -0.0852
vn -0.7885 0.0075 0.6149
vn 0.1837 -0.9540 0.2371
vn 0.5326 0.1297 0.8364
vn -0.3175 0.6438 -0.6962
vn -0.1610 -0.6295 -0.7602
vn -0.2243 0.7407 -0.6333
vn -0.8417 -0.0376 -0.5386
vn -0.0833 0.9850 -0.1509
vn 0.7259 -0.3031 0.6174
vn -0.1888 0.9805 0.0542
vn 0.4434 -0.8793 0.1737
vn -0.7672 -0.3662 -0.5266
vn -0.9056 -0.3904 0.1657
vn -0.1646 0.3338 -0.9282
vn -0.6576 0.5451 -0.5200
vn 0.5099 0.8283 -0.2322
vn -0.5197 -0.2288 -0.8232
vn 0.2963 -0.2257 0.9281
vn -0.3066 0.9418 0.1378
vn 0.5859 -0.5036 0.6350
vn 0.4048 0.5059 0.7617
vn 0.2072 -0.8581 0.4698
vn -0.2851 0.9311 0.2275
vn 0.1146 -0.2481 0.9619
vn -0.5918 0.1587 -0.7903
vn -0.7793 -0.6150 0.1199
vn 0.4380 0.6003 0.6691
vn -0.6066 0.5552 -0.5690
vn 0.1460 0.6274 0.7649
vn 0.4804 -0.3378 0.8094
vn -0.1928 -0.4370 -0.8785
vn -0.3000 -0.7519 -0.5870
vn 0.8795 -0.1659 0.4460
vn 0.7855 -0.4371 -0.4380
vn -0.0014 0.3262 -0.9453
vn -0.1251 -0.9591 0.2539
vn 0.4556 0.8300 -0.3218
vn -0.2788 -0.9589 -0.0523
vn 0.5102 0.6549 -0.5575
vn 0.2286 0.1243 0.9656
vn 0.3789 -0.3195 -0.8686
vn 0.1159 0.9932 0.0112
vn 0.2568 0.9644 0.0627
vn -0.4209 -0.8546 0.3043
vn 0.4385 0.6833 -0.5838
vn -0.0192 0.9992 -0.0347
vn 0.0878 0.9561 -0.2795
vn -0.2332 0.5135 0.8258
vn -0.1456 0.9813 -0.1260
vn -0.3836 -0.7071 0.5940
vn 0.5856 -0.3455 -0.7333
vn 0.2732 0.8896 -0.3660
vn -0.1789 0.2992 -0.9373
vn 0.5169 0.8523 -0.0803
vn 0.2699 -0.9625 -0.0288
vn 0.7572 0.6275 -0.1812
vn 0.5984 -0.2262 -0.7686
vn -0.8594 -0.0260 0.5107
vn 0.2804 -0.9576 -0.0670
vn -0.2186 -0.9609 -0.1701
vn -0.0254 0.9295 -0.3679
vn -0.2070 -0.9307 -0.3017
vn -0.6662 0.7108 0.2256
vn -0.3283 -0.9401 0.0916
vn -0.0083 -0.4470 -0.8945
vn -0.5754 -0.6321 0.5190
vn -0.8586 -0.2362 0.4549
vn -0.7162 0.2431 -0.6542
vn -0.2526 0.7316 -0.6332
vn 0.2150 -0.8644 -0.4545
vn 0.0524 0.3376 0.9398
vn 0.3250 -0.9199 0.2196
vn 0.3077 -0.0722 -0.9487
vn -0.6741 -0.4614 -0.5768
vn -0.8540 -0.0807 0.5140
vn 0.7568 0.1370 0.6392
vn -0.2548 -0.9095 -0.3285
vn -0.1857 0.7893 0.5852
vn -0.1613 0.8531 0.4962
vn -0.8328 -0.3753 0.4069
vn -0.7958 0.4139 0.4421
vn -0.1380 -0.9884 0.0632
vn -0.6164 -0.2007 0.7615
vn -0.2635 -0.1410 0.9543
vn -0.0312 -0.6936 0.7197
vn -0.6296 -0.6115 0.4792
vn -0.0650 -0.8953 0.4406
vn -0.4689 0.8814 0.0572
vn -0.8313 0.5332 0.1571
vn 0.3712 0.9163 0.1505
vn -0.6921 0.5329 -0.4868
vn -0.0011 -0.9996 -0.0272
vn 0.5578 0.8147 -0.1587
vn -0.8773 -0.4361 0.2003
vn 0.7511 -0.4669 0.4668
vn -0.3902 0.4324 0.8129
vn 0.6834 -0.1623 0.7118
vn 0.8494 0.1307 0.5112
vn -0.1249 -0.9757 0.1799
vn -0.4345 0.6942 -0.5738
vn 0.5714 0.6850 -0.4520
vn 0.9651 0.1565 -0.2099
vn 0.4505 0.7011 -0.5527
vn 0.0728 -0.0420 -0.9965
vn -0.7713 -0.5293 0.3536
vn -0.4617 0.7836 -0.4157
vn -0.8651 -0.4316 -0.2557
vn 0.8225 -0.5571 0.1146
vn 0.1858 -0.9744 -0.1265
vn -0.8149 -0.5688 0.1117
vn -0.8390 0.2494 0.4837
vn -0.3035 -0.9032 -0.3035
vn -0.0427 -0.9558 -0.2910
vn -0.0142 -0.9992 0.0364
vn -0.0351 0.8646 -0.5012
vn -0.2425 -0.7897 0.5635
vn 0.4483 -0.8759 -0.1782
vn 0.7068 0.3803 0.5965
vn 0.8529 0.2344 0.4664
vn 0.8958 -0.4226 0.1379
vn -0.2071 -0.4087 0.8889
vn -0.2772 0.4062 -0.8707
vn -0.1693 -0.9706 -0.1710
vn 0.0311 -0.8301 0.5567
vn -0.8883 -0.4558 -0.0564
vn -0.7999 0.1134 -0.5893
vn -0.5657 -0.4331 -0.7018
vn 0.8071 -0.1444 -0.5726
vn 0.1988 0.9575 0.2090
vn 0.0610 -0.9980 0.0174
vn -0.8716 -0.1431 -0.4689
vn 0.2967 -0.5956 0.7465
vn -0.2326 -0.9649 0.1216
vn 0.9751 0.0532 -0.2155
vn 0.6443 -0.7603 -0.0832
vn 0.2501 0.2358 -0.9391
vn 0.3370 -0.7503 -0.5687
vn -0.2427 -0.9692 -0.0426
vn -0.1775 -0.9642 0.1971
vn -0.0222 -0.8522 -0.5227
vn -0.3774 0.6683 -0.6410
vn 0.9967 0.0210 -0.0783
vn 0.1111 -0.1706 0.9791
vn 0.4776 -0.8769 0.0535
vn 0.2330 0.0527 0.9711
vn 0.3731 -0.9230 0.0943
vn 0.1215 0.9879 0.0961
vn 0.5660 -0.0148 0.8243
vn 0.2629 -0.4226 0.8673
vn 0.5758 -0.5291 0.6233
vn -0.2558 0.9533 0.1607
vn -0.7402 0.4122 -0.5312
vn -0.9521 0.0770 0.2960
vn 0.0224 -0.8064 0.5910
vn 0.1771 -0.9182 -0.3544
vn -0.2783 -0.9006 0.3339
vn -0.4980 0.7739 -0.3912
vn -0.5684 -0.2202 -0.7927
vn 0.0405 0.1930 -0.9804
vn 0.5674 -0.4885 -0.6629
vn -0.6458 -0.7510 -0.1377
vn 0.3958 -0.8709 0.2912
vn -0.0502 0.4247 0.9040
vn -0.3066 -0.9408 -0.1444
vn 0.2541 0.6790 0.6887
vn 0.7211 -0.0968 0.6860
vn -0.6122 -0.7488 0.2541
vn -0.6178 0.7556 -0.2175
vn -0.8863 0.1782 -0.4275
vn 0.0171 -0.9415 -0.3365
vn 0.0466 -0.9750 -0.2174
vn -0.8565 -0.3129 0.4105
vn -0.1240 -0.7603 -0.6376
vn -0.6532 -0.6182 -0.4372
vn -0.3259 0.5648 -0.7582
vn 0.4668 -0.8242 0.3207
vn -0.3691 0.3575 0.8579
vn -0.0890 0.9863 0.1387
vn -0.3540 -0.8856 -0.3006
vn 0.7944 -0.1763 -0.5812
vn 0.9779 -0.0723 0.1964
vn 0.7431 -0.5634 0.3611
vn 0.1426 0.9894 -0.0289
vn -0.3791 -0.4181 -0.8255
vn -0.7305 0.4918 -0.4739
vn -0.0600 -0.9977 0.0304
vn -0.1070 -0.3901 0.9145
vn -0.7208 -0.5540 -0.4166
vn 0.9067 -0.0408 0.4198
vn 0.5762 -0.6552 0.4886
vn -0.1233 -0.2649 -0.9564
vn -0.8000 0.1456 0.5821
vn 0.8495 0.0154 0.5274
vn -0.1749 -0.8020 0.5712
vn -0.3569 -0.9294 -0.0942
vn -0.7658 0.4673 -0.4418
vn -0.1310 -0.8381 0.5295
vn -0.6540 0.0819 0.7520
vn 0.4946 -0.6529 0.5737
vn -0.8175 0.5757 -0.0145
vn -0.9685 0.2298 -0.0959
vn -0.3176 -0.9243 -0.2118
vn -0.2959 -0.9542 -0.0450
vn -0.0567 -0.9561 -0.2876
vn 0.8324 -0.2947 0.4692
vn -0.0039 -0.9335 -0.3585
vn 0.1158 -0.4162 0.9019
vn -0.9512 -0.1952 -0.2390
vn 0.4503 -0.8739 -0.1828
vn 0.7588 0.4404 0.4798
vn -0.2977 -0.9475 0.1168
vn 0.7037 0.6846 0.1902
vn 0.9565 -0.0968 -0.2751
vn -0.0905 -0.7488 0.6566
vn -0.5316 0.7420 0.4085
vn -0.2866 -0.9388 -0.1909
vn -0.5888 -0.7930 -0.1565
vn -0.0066 -0.2336 0.9723
vn -0.7977 0.5868 0.1391
vn 0.5533 0.3575 0.7523
vn 0.0687 0.9861 0.1514
vn -0.4270 -0.8799 0.2085
vn 0.2011 -0.1400 -0.9695
vn 0.4624 -0.0746 -0.8835
vn 0.7029 -0.6875 -0.1824
vn 0.0504 0.9816 -0.1843
vn -0.8019 -0.5310 0.2737
vn -0.7783 0.4918 0.3905
vn -0.8934 -0.0502 0.4464
vn 0.2319 -0.8950 0.3810
vn 0.7348 -0.3901 0.5549
vn -0.7239 -0.5540 0.4111
vn 0.5712 -0.7893 -0.2254
vn 0.7966 0.2925 -0.5290
vn -0.9190 -0.2823 -0.2751
vn -0.3446 -0.9381 0.0356
vn 0.8912 0.0131 -0.4533
vn -0.9949 0.0475 0.0888
vn -0.2978 -0.8488 0.4369
vn 0.3906 -0.8381 0.3808
vn 0.3180 0.0819 0.9446
vn 0.7450 -0.6529 -0.1365
vn -0.3871 0.5558 0.7357
vn -0.5811 0.2220 0.7829
vn -0.1621 -0.9781 -0.1305
vn -0.3233 -0.9240 0.2044
vn -0.1884 -0.9542 0.2325
vn -0.2767 -0.9561 -0.0967
vn 0.8258 -0.2948 -0.4808
vn -0.3665 -0.9229 -0.1182
vn 0.8077 -0.3977 0.4352
vn -0.9116 0.3626 0.1937
vn 0.1487 -0.7244 -0.6731
vn 0.4832 0.6768 0.5553
vn -0.6614 0.7056 0.2543
vn 0.8967 0.2929 -0.3319
vn -0.9553 -0.2632 -0.1345
vn -0.2151 0.9730 0.0838
vn -0.0664 0.9580 0.2789
vn 0.8392 -0.4806 0.2544
vn 0.5219 -0.0951 0.8477
vn -0.6627 0.7226 0.1966
vn -0.7552 0.3032 -0.5812
vn -0.2461 0.9665 -0.0722
vn 0.9154 0.3807 -0.1310
vn 0.1345 -0.7932 -0.5940
vn -0.3515 0.8917 0.2852
vn -0.0727 -0.9504 -0.3025
vn 0.3912 0.2635 -0.8818
vn -0.1223 0.9852 -0.1200
vn 0.8047 0.5646 0.1838
vn 0.5346 -0.8193 -0.2070
vn -0.8341 0.5210 -0.1813
vn -0.9804 0.1597 -0.1154
vn -0.8413 0.2680 0.4695
vn -0.5966 -0.5314 0.6014
vn 0.9423 0.0729 0.3266
vn -0.7437 0.3352 0.5784
vn 0.8769 0.2859 0.3865
vn -0.0937 -0.9955 -0.0154
vn -0.3176 0.8430 0.4341
vn -0.1701 -0.9773 -0.1261
vn -0.0528 -0.9428 -0.3291
vn 0.3441 -0.7340 0.5856
vn -0.1123 0.9444 0.3091
vn 0.6391 -0.7495 0.1727
vn -0.8719 -0.4808 0.0925
vn -0.2276 -0.8634 -0.4502
vn -0.3167 -0.7014 0.6385
vn 0.9080 -0.0356 0.4175
vn -0.4874 -0.3039 0.8186
vn 0.9159 0.3726 -0.1494
vn 0.7640 0.6447 0.0262
vn 0.1198 -0.8097 -0.5745
vn -0.8230 -0.2395 -0.5151
vn -0.8485 -0.4845 -0.2129
vn -0.1499 0.8554 0.4958
vn -0.1144 -0.9881 0.1028
vn 0.5859 -0.5822 0.5636
vn 0.9860 -0.1659 -0.0166
vn 0.6005 -0.6789 -0.4225
vn 0.4439 0.8960 -0.0126
vn 0.2975 -0.9405 0.1643
vn -0.7367 0.6556 -0.1656
vn -0.2592 0.8486 0.4612
vn 0.4556 0.8338 0.3117
vn 0.1074 0.3541 0.9290
vn 0.3022 0.1408 0.9428
vn -0.2354 -0.8560 -0.4603
vn -0.5247 0.6537 0.5453
vn -0.5099 -0.5308 0.6770
vn -0.4487 -0.7222 0.5264
vn -0.7687 -0.4253 -0.4777
vn -0.8235 -0.5471 -0.1503
vn -0.0572 0.8862 -0.4597
vn 0.2752 -0.4200 -0.8648
vn -0.2327 -0.7615 -0.6050
vn 0.5526 -0.3755 0.7441
vn 0.0719 0.9961 -0.0513
vn -0.3183 -0.8781 -0.3573
vn 0.2490 0.2507 0.9355
vn 0.1378 0.8948 0.4246
vn 0.2631 -0.9647 0.0147
vn 0.3951 -0.8533 0.3402
vn -0.3577 -0.3914 0.8479
vn 0.2674 0.2342 -0.9347
vn -0.5987 -0.7975 -0.0740
vn 0.2156 0.5540 -0.8041
vn 0.0356 0.4994 -0.8657
vn -0.1284 0.8103 0.5718
vn 0.8396 -0.0615 -0.5397
vn 0.5433 -0.7934 -0.2745
vn 0.9400 0.3396 -0.0330
vn -0.0616 -0.9780 -0.1993
vn 0.8963 0.3432 -0.2807
vn -0.4009 -0.7753 0.4880
vn -0.3477 -0.8264 0.4428
vn 0.4280 -0.6488 -0.6292
vn 0.7944 0.3375 -0.5049
vn 0.5338 -0.5110 0.6737
vn -0.3447 0.8352 -0.4286
vn -0.5170 -0.8343 0.1915
vn 0.5647 0.7592 -0.3237
vn -0.5175 -0.8408 0.1588
vn 0.7430 -0.6109 -0.2734
vn -0.4935 -0.3489 -0.7967
vn -0.3919 0.3848 0.8356
vn 0.4587 -0.0989 -0.8830
vn 0.0515 -0.9542 -0.2946
vn 0.1316 -0.8981 0.4196
vn -0.5204 -0.7875 0.3302
vn 0.2078 0.8010 -0.5615
vn -0.4140 0.2645 -0.8710
vn 0.3709 -0.6793 -0.6332
vn -0.7264 0.6188 0.2989
vn -0.5196 -0.3091 0.7966
vn -0.6046 0.6132 -0.5083
vn 0.8009 -0.3737 -0.4678
vn -0.6341 -0.6452 -0.4262
vn -0.5436 -0.8273 0.1416
vn 0.9381 -0.2800 0.2038
vn -0.1396 -0.9885 0.0579
vn -0.6044 -0.7408 -0.2930
vn -0.2211 0.8867 -0.4061
vn 0.7096 0.0760 0.7005
vn -0.5566 0.1189 0.8222
vn -0.2270 -0.9676 -0.1109
vn -0.1367 -0.8181 -0.5587
vn 0.7624 -0.2850 0.5810
vn 0.9505 -0.0803 -0.3002
vn 0.4178 0.5015 -0.7576
vn 0.2248 0.9647 -0.1372
vn 0.4613 0.2718 -0.8446
vn 0.7596 -0.5766 -0.3008
vn -0.1263 -0.7076 -0.6953
vn -0.4407 0.8353 -0.3287
vn -0.9299 -0.3165 -0.1873
vn -0.7522 -0.2001 -0.6278
vn -0.0546 0.8997 -0.4331
vn 0.2244 -0.9299 -0.2914
vn -0.3152 0.6770 0.6650
vn 0.3606 0.8485 0.3872
vn 0.3267 0.8695 -0.3704
vn 0.9349 0.3523 0.0429
vn 0.9018 0.3360 -0.2719
vn -0.4590 -0.8716 0.1723
vn 0.3499 0.5809 0.7349
vn 0.8762 0.4326 0.2124
vn 0.4476 -0.7222 0.5274
vn -0.2245 -0.8323 0.5069
vn -0.2757 -0.5475 0.7901
vn 0.3813 0.8629 0.3317
vn -0.8999 -0.3553 -0.2529
vn -0.9457 -0.2289 -0.2309
vn 0.8231 -0.3754 -0.4262
vn -0.0982 0.9943 -0.0418
vn -0.4038 -0.8781 0.2569
vn 0.9223 -0.3733 0.1004
vn 0.4675 0.8837 -0.0201
vn 0.0567 -0.9646 -0.2574
vn 0.4129 -0.8478 -0.3326
vn 0.7905 -0.3868 0.4749
vn -0.9466 0.2214 -0.2345
vn -0.0309 -0.8023 0.5961
vn -0.7547 0.5333 -0.3822
vn -0.9548 0.2436 0.1701
vn 0.2534 0.9422 -0.2194
vn 0.1101 0.2923 -0.9500
vn -0.8610 0.4721 -0.1893
vn 0.9108 0.3172 0.2644
vn -0.3985 -0.0608 -0.9151
vn -0.1837 -0.7934 -0.5804
vn -0.2066 -0.9780 0.0288
vn -0.1331 0.3432 -0.9298
vn 0.4083 -0.7862 0.4639
vn 0.3808 -0.8275 0.4126
vn -0.4800 -0.7323 -0.4831
vn -0.4469 0.3225 -0.8344
vn 0.7382 -0.6035 -0.3013
vn -0.4783 0.8352 0.2714
vn 0.1060 -0.8343 0.5411
vn -0.2288 0.7592 -0.6093
vn 0.0852 -0.9500 0.3006
vn -0.1506 -0.6109 -0.7773
vn -0.8656 -0.3489 0.3592
vn 0.7617 0.3851 0.5211
vn -0.7980 -0.0989 -0.5945
vn -0.2825 -0.9542 -0.0981
vn 0.4353 -0.8981 -0.0625
vn 0.3864 -0.1929 0.9020
vn -0.9261 0.2645 0.2688
vn -0.5244 -0.6939 -0.4934
vn 0.4075 -0.7760 0.4814
vn 0.6623 -0.3259 0.6747
vn -0.5931 0.5784 0.5601
vn -0.2465 -0.5171 -0.8197
vn -0.5394 -0.6497 0.5357
vn -0.6385 -0.7689 -0.0327
vn -0.5116 -0.8327 0.2117
vn 0.0682 0.6601 -0.7481
vn 0.0887 0.6861 0.7220
vn -0.7165 0.6956 0.0524
vn 0.1860 -0.3341 0.9240
vn 0.1056 0.9425 -0.3170
vn 0.4914 0.1384 -0.8599
vn -0.0295 -0.9772 -0.2101
vn 0.4478 0.7774 0.4418
vn -0.5884 0.5248 -0.6151
vn -0.1721 0.9692 0.1759
vn 0.1085 0.9937 -0.0296
vn -0.0066 -0.3658 -0.9307
vn -0.4626 0.4739 -0.7493
vn -0.6090 -0.3455 -0.7139
vn -0.8915 -0.3281 0.3122
vn -0.0146 -0.9989 -0.0453
vn -0.2258 0.8028 -0.5519
vn -0.0824 0.5743 -0.8145
vn 0.4762 0.7018 -0.5299
vn 0.2417 -0.1441 -0.9596
vn 0.5033 -0.8605 0.0783
vn 0.5103 -0.1060 0.8534
vn 0.3242 0.0999 0.9407
vn 0.0676 -0.9953 0.0693
vn 0.2425 0.5784 0.7789
vn -0.6384 -0.7488 -0.1780
vn 0.0096 -0.6013 -0.7990
vn 0.7410 -0.3869 -0.5488
vn 0.4867 -0.4345 0.7579
vn 0.9159 -0.1956 0.3505
vn 0.4613 -0.1994 0.8646
vn 0.2206 -0.5913 0.7757
vn -0.2522 0.5741 -0.7789
vn -0.6346 -0.7356 0.2371
vn 0.0836 -0.9959 0.0344
vn 0.6255 0.7800 0.0177
vn 0.6329 -0.7203 -0.2838
vn 0.3299 -0.6132 0.7177
vn 0.0764 -0.2603 0.9625
vn 0.2662 0.9425 0.2020
vn 0.4781 0.8757 0.0671
vn -0.2158 -0.2105 0.9535
vn 0.1412 0.8892 -0.4353
vn 0.3824 -0.5907 -0.7106
vn -0.3423 -0.2549 -0.9044
vn -0.3421 0.8801 0.3294
vn -0.4473 0.5017 0.7404
vn -0.1849 0.5867 -0.7884
vn -0.4736 -0.7349 -0.4855
vn 0.6829 0.6936 0.2291
vn -0.8192 0.1319 0.5581
vn 0.9415 -0.3193 0.1081
vn 0.0823 0.9614 0.2624
vn -0.0708 0.9922 0.1024
vn 0.2962 -0.8728 0.3879
vn -0.3895 0.4426 -0.8077
vn -0.8150 -0.2718 0.5118
vn 0.1477 0.9739 0.1721
vn -0.0754 -0.9818 -0.1744
vn 0.2849 0.9327 -0.2209
vn 0.2287 0.7767 -0.5868
vn 0.8922 -0.2860 0.3495
vn -0.1984 0.9766 0.0829
vn 0.8982 -0.2220 0.3794
vn -0.0584 -0.9970 -0.0511
vn 0.8930 0.2969 0.3384
vn 0.9389 -0.3436 -0.0214
vn 0.1277 0.8778 -0.4617
vn -0.0444 -0.9930 -0.1096
vn -0.2617 -0.7806 -0.5677
vn 0.1226 -0.9516 -0.2818
vn -0.4522 -0.8761 0.1670
vn 0.0700 -0.9607 -0.2685
vn 0.8775 0.3296 -0.3483
vn -0.7482 -0.5453 -0.3778
vn -0.7955 0.6058 0.0138
vn -0.1888 0.9809 0.0463
vn -0.4169 0.8922 0.1738
vn -0.0203 0.9457 0.3245
vn 0.9120 -0.2723 -0.3067
vn -0.2463 -0.9406 0.2338
vn 0.3551 -0.4577 -0.8151
vn -0.8296 0.0316 -0.5574
vn 0.3574 -0.8128 -0.4600
vn -0.9686 -0.2487 0.0021
vn -0.0723 0.7698 0.6342
vn -0.8145 0.4379 0.3807
vn 0.2827 0.9245 0.2556
vn -0.6748 0.4058 -0.6165
vn 0.9714 0.1695 -0.1664
vn -0.5139 -0.8517 0.1024
vn 0.0967 0.8747 0.4750
vn -0.5980 -0.6048 0.5260
vn 0.8657 -0.4722 -0.1661
vn -0.0261 0.9996 -0.0111
vn -0.6312 -0.4957 -0.5966
vn 0.6903 -0.5765 0.4373
vn 0.7481 0.6594 -0.0749
vn -0.8519 0.1077 -0.5126
vn 0.3916 -0.0004 0.9201
vn -0.1364 -0.5873 0.7978
vn 0.4674 -0.6621 0.5858
vn -0.1621 0.9546 -0.2501
vn 0.6731 -0.7154 0.1874
vn -0.6056 0.6473 -0.4628
vn -0.2382 -0.4284 -0.8716
vn 0.8997 0.2439 0.3619
vn -0.7174 -0.6847 -0.1286
vn -0.7511 0.2215 -0.6219
vn -0.9757 0.1906 0.1080
vn 0.7231 0.3242 -0.6099
vn -0.7214 0.4065 -0.5606
vn -0.6667 -0.5240 0.5301
vn -0.2714 -0.8460 -0.4589
vn -0.8567 0.0383 0.5144
vn 0.6078 0.7639 -0.2167
vn 0.4651 -0.8332 0.2990
vn -0.2265 -0.1089 0.9679
vn 0.0314 -0.9001 0.4345
vn 0.5100 0.8600 -0.0173
vn -0.0729 -0.9972 -0.0178
vn -0.9383 -0.3457 -0.0016
vn 0.1244 0.9491 0.2893
vn -0.6899 0.7225 -0.0455
vn 0.4598 0.8533 0.2459
vn 0.1899 -0.6707 0.7170
vn -0.0305 -0.3283 0.9441
vn 0.7574 0.2864 -0.5868
vn 0.9040 0.4109 -0.1182
vn -0.4245 -0.7162 0.5540
vn 0.2067 -0.5321 0.8211
vn -0.4872 -0.7080 0.5113
vn 0.1480 0.4310 0.8901
vn 0.3749 0.6773 -0.6330
vn 0.3436 -0.0975 -0.9340
vn 0.6242 -0.1198 0.7720
vn 0.0766 -0.9646 0.2524
vn 0.1841 -0.6311 0.7535
vn -0.2857 -0.8721 0.3971
vn -0.0384 0.8656 -0.4992
vn 0.8341 0.5516 0.0047
vn -0.4419 -0.0772 -0.8938
vn -0.9539 0.0678 -0.2924
vn -0.9286 -0.1252 -0.3493
vn 0.8888 -0.2149 0.4048
vn 0.5017 -0.4477 0.7402
vn 0.4085 -0.5188 -0.7510
vn 0.2362 -0.0703 -0.9692
vn -0.2854 -0.7919 -0.5398
vn -0.8447 -0.5238 -0.1099
vn 0.6323 -0.6322 -0.4478
vn 0.0403 -0.9779 -0.2050
vn 0.4745 -0.6345 -0.6101
vn 0.1672 -0.6167 0.7692
vn -0.6519 -0.4533 -0.6079
vn -0.5927 0.5260 0.6100
vn -0.4419 -0.8748 -0.1987
vn 0.4873 -0.6443 0.5894
vn 0.9868 -0.0961 0.1306
vn 0.4265 -0.7596 0.4910
vn -0.6540 -0.7449 0.1320
vn -0.9219 -0.3790 0.0799
vn -0.5459 0.7768 -0.3141
vn -0.3761 -0.7569 -0.5344
vn 0.1172 -0.9916 0.0538
vn 0.0017 0.8455 -0.5339
vn 0.1510 -0.6925 -0.7054
vn -0.5276 0.3111 -0.7905
vn -0.0001 -0.1088 0.9941
vn 0.0372 0.7010 -0.7121
vn 0.5417 0.8163 -0.2004
vn 0.9467 -0.3180 -0.0519
vn 0.6322 0.4875 -0.6021
vn 0.8447 0.0139 -0.5351
vn -0.6380 0.7486 -0.1803
vn 0.7873 0.4285 0.4434
vn -0.1052 0.9834 -0.1481
vn -0.0036 -0.9833 -0.1821
vn 0.3516 -0.9248 -0.1451
vn -0.8613 0.1411 -0.4882
vn 0.7535 -0.5099 -0.4151
vn -0.0482 0.7396 0.6714
vn -0.0952 0.6003 0.7940
vn -0.5867 -0.5005 0.6366
vn 0.6857 -0.5815 -0.4378
vn -0.0868 -0.9730 0.2137
vn -0.4700 -0.7474 -0.4696
vn 0.1538 -0.9491 0.2749
vn 0.4228 -0.2589 0.8684
vn 0.2174 0.7620 0.6100
vn 0.3079 0.5913 -0.7454
vn -0.4556 -0.7317 -0.5071
vn 0.2389 -0.5845 0.7754
vn 0.4232 -0.8967 -0.1299
vn -0.3558 -0.8714 0.3378
vn -0.6159 -0.6237 -0.4814
vn 0.0869 0.9948 0.0528
vn -0.0865 -0.6709 -0.7365
vn 0.4905 -0.6773 0.5483
vn -0.3754 -0.8987 0.2269
vn -0.3423 0.3448 -0.8741
vn 0.3442 -0.6470 0.6804
vn -0.8625 0.1044 0.4952
vn 0.6698 -0.6277 0.3966
vn 0.4856 -0.5755 0.6580
vn 0.4808 0.8671 0.1302
vn 0.2132 -0.4365 0.8741
vn 0.1422 -0.4039 0.9037
vn 0.6657 0.7206 0.1936
vn 0.2635 0.1342 0.9553
vn 0.0004 -0.9486 0.3165
vn 0.2915 0.8019 -0.5215
vn -0.7574 0.6384 0.1374
vn -0.8258 0.5634 0.0241
vn -0.3950 -0.1039 -0.9128
vn 0.8935 -0.1084 -0.4357
vn -0.0043 0.9075 -0.4200
vn -0.3386 0.9208 -0.1936
vn -0.2076 -0.9058 -0.3693
vn -0.5512 0.6382 -0.5374
vn 0.0821 -0.9357 0.3431
vn -0.7895 0.3114 -0.5289
vn -0.1233 0.7925 -0.5972
vn -0.1481 -0.9251 0.3495
vn -0.3925 -0.4755 -0.7873
vn -0.5770 0.0699 -0.8138
vn -0.0023 0.9465 0.3227
vn 0.9805 0.1933 0.0360
vn 0.3147 -0.9171 0.2449
vn 0.5504 -0.4952 -0.6722
vn 0.6979 0.7142 -0.0535
vn 0.5083 0.6568 0.5571
vn -0.3445 -0.9022 -0.2597
vn 0.2525 -0.5499 0.7961
vn -0.6775 -0.7249 -0.1244
vn -0.0205 -0.5198 -0.8540
vn -0.9554 -0.2351 0.1789
vn 0.0867 -0.7229 0.6855
vn -0.2284 0.0763 0.9706
vn -0.2392 0.0825 -0.9675
vn 0.2787 -0.8323 0.4791
vn 0.5806 -0.7802 0.2329
vn -0.1353 0.8406 -0.5244
vn -0.9577 -0.2573 -0.1287
vn -0.9603 -0.2462 -0.1313
vn -0.9581 -0.2562 -0.1283
vn 0.7106 -0.5018 -0.4931
vn -0.7617 -0.6445 0.0659
vn -0.7894 -0.6100 0.0695
vn -0.7789 -0.6231 0.0714
vn 0.5255 0.4290 -0.7347
vn 0.5328 0.4329 -0.7271
vn 0.5252 0.4356 -0.7310
vn -0.0378 -0.9785 0.2026
vn -0.6242 -0.1197 -0.7721
vn 0.4393 0.8691 0.2272
vn -0.6601 -0.6584 0.3616
vn -0.0549 -0.4841 -0.8733
vn -0.0125 0.8201 -0.5721
vn -0.1548 0.0427 0.9870
vn 0.6845 -0.2052 -0.6996
vn 0.4926 -0.8343 -0.2475
vn 0.1047 -0.6705 -0.7345
vn 0.2171 0.9037 0.3691
vn -0.3218 -0.5306 -0.7842
vn 0.0358 0.5792 0.8144
vn -0.8621 -0.1648 0.4791
vn 0.0185 0.4895 -0.8718
vn -0.1782 -0.7717 0.6105
vn -0.2331 0.2089 0.9498
vn 0.4526 -0.1230 0.8832
vn -0.5765 0.6595 -0.4824
vn -0.1438 0.3932 0.9081
vn 0.3556 -0.8606 0.3645
vn -0.6644 -0.6821 0.3057
vn 0.6892 -0.3571 0.6305
vn -0.1202 0.9255 -0.3592
vn -0.1736 -0.7369 -0.6533
vn 0.8604 -0.4831 -0.1624
vn -0.0078 -0.9487 -0.3159
vn 0.1825 0.9230 -0.3388
vn -0.3986 -0.9152 -0.0598
vn 0.1300 -0.5610 0.8175
vn 0.5995 0.7949 -0.0940
vn 0.4401 0.4950 0.7492
vn 0.4266 0.8115 -0.3993
vn -0.0080 -0.9430 -0.3328
vn 0.5076 -0.8517 0.1300
vn -0.5789 0.6423 -0.5024
vn -0.1976 0.6509 -0.7330
vn -0.3187 -0.3011 -0.8988
vn 0.0836 -0.9964 0.0114
vn 0.9043 0.1293 -0.4069
vn -0.2155 0.9571 0.1939
vn -0.9424 0.3338 0.0197
vn 0.4511 -0.1923 -0.8715
vn -0.1392 -0.9392 -0.3139
vn 0.2789 -0.8462 -0.4541
vn -0.6573 0.4263 0.6214
vn 0.2001 -0.0470 0.9786
vn -0.0861 -0.2427 0.9663
vn 0.0075 -0.0936 -0.9956
vn 0.3159 -0.5187 -0.7945
vn -0.9796 -0.1103 -0.1682
vn -0.9374 0.3227 0.1306
vn -0.7067 -0.6117 0.3556
vn -0.0458 -0.6029 0.7965
vn -0.8274 -0.2537 -0.5011
vn -0.9251 -0.1902 -0.3286
vn 0.3682 -0.7706 -0.5201
vn -0.4090 -0.4316 0.8040
vn 0.7526 -0.4623 -0.4690
vn -0.3988 -0.8422 0.3627
vn 0.1095 -0.6501 -0.7519
vn 0.6945 0.7179 -0.0479
vn -0.0634 -0.7465 -0.6623
vn 0.1327 -0.8859 0.4445
vn 0.1099 -0.6771 0.7277
vn -0.1788 0.6962 0.6953
vn -0.0706 -0.8401 0.5379
vn 0.2316 -0.9489 -0.2144
vn -0.5351 0.7569 0.3751
vn -0.5583 -0.8270 0.0658
vn -0.4754 0.3676 0.7993
vn 0.8446 0.1454 -0.5153
vn -0.7767 0.4957 0.3886
vn -0.6427 0.7072 -0.2947
vn -0.4502 -0.3744 -0.8106
vn -0.9391 0.2831 -0.1947
vn -0.8769 -0.1697 -0.4498
vn -0.0045 0.7142 0.6999
vn -0.1439 0.4808 -0.8650
vn -0.3088 0.9186 0.2465
vn 0.0903 -0.9958 0.0163
vn -0.0515 -0.9569 -0.2858
vn 0.0050 0.0420 0.9991
vn -0.7033 -0.4184 -0.5747
vn 0.3960 0.8864 -0.2398
vn 0.5551 0.7855 -0.2735
vn 0.9473 -0.2896 0.1371
vn -0.5695 -0.7112 -0.4122
vn 0.4587 -0.8812 -0.1147
vn 0.5444 -0.5364 0.6448
vn 0.3680 -0.8370 -0.4049
vn 0.5611 -0.0554 -0.8259
vn 0.2037 0.8775 -0.4342
vn -0.9160 0.3658 0.1645
vn -0.0043 -0.8087 0.5883
vn 0.6587 -0.3828 -0.6478
vn -0.1043 -0.9231 -0.3701
vn 0.6736 -0.7366 0.0606
vn 0.0726 -0.6886 0.7215
vn -0.2448 0.9694 -0.0194
vn -0.3972 -0.8288 0.3941
vn 0.3654 -0.5441 -0.7552
vn 0.5994 -0.7895 0.1320
vn -0.6281 0.1323 0.7668
vn 0.5418 -0.4732 -0.6947
vn 0.8243 0.2749 0.4949
vn 0.1365 -0.5447 -0.8275
vn 0.4333 -0.4178 -0.7986
vn -0.3519 0.8430 -0.4068
vn 0.7168 -0.2136 -0.6638
vn 0.7695 -0.1705 -0.6154
vn -0.3587 0.7069 -0.6096
vn 0.6179 0.3554 -0.7013
vn 0.4926 -0.8366 -0.2397
vn -0.7751 0.6265 0.0820
vn 0.3451 0.6945 0.6313
vn 0.3053 0.5975 0.7415
vn -0.5230 -0.3079 0.7948
vn -0.7902 -0.2656 -0.5523
vn -0.5657 0.7711 0.2924
vn -0.2106 0.8603 0.4642
vn 0.0245 -0.9563 0.2914
vn -0.3158 0.5125 0.7985
vn 0.4839 -0.7836 -0.3896
vn -0.1065 0.2125 0.9713
vn -0.6223 0.6221 0.4751
vn 0.5902 -0.7972 -0.1273
vn -0.3300 -0.6354 0.6981
vn -0.3908 -0.1047 0.9145
vn 0.0348 0.9958 -0.0845
vn -0.5205 0.1398 -0.8423
vn 0.2647 -0.8421 -0.4698
vn -0.7141 -0.6792 -0.1698
vn -0.5769 0.6367 -0.5117
vn 0.0368 0.7459 -0.6651
vn 0.1839 -0.9173 0.3531
vn 0.6603 -0.3450 -0.6671
vn 0.3502 -0.6822 0.6419
vn -0.5649 -0.7162 0.4098
vn 0.6948 -0.1276 0.7078
vn 0.6967 -0.5305 -0.4829
vn 0.8970 0.3313 -0.2925
vn -0.6935 -0.1505 0.7046
vn 0.4551 -0.6992 -0.5513
vn -0.5680 0.6878 0.4521
vn 0.1907 -0.8489 0.4930
vn -0.0368 -0.9348 -0.3533
vn 0.5672 0.6409 0.5172
vn 0.2037 0.8906 -0.4066
vn 0.2671 0.6972 -0.6653
vn 0.1173 0.4654 0.8773
vn 0.0499 -0.0332 -0.9982
vn 0.1415 0.9500 -0.2782
vn -0.6751 -0.5449 -0.4973
vn -0.0535 -0.9455 -0.3213
vn -0.2170 -0.5066 0.8344
vn 0.2188 0.9194 0.3267
vn 0.2402 0.7739 0.5860
vn 0.3035 -0.3862 -0.8710
vn -0.1600 -0.9714 -0.1753
vn -0.5313 0.2808 -0.7993
vn -0.2209 0.9450 0.2411
vn -0.7414 -0.0558 -0.6688
vn -0.1786 0.9324 0.3142
vn 0.4159 0.4627 -0.7829
vn 0.2683 0.3689 0.8899
vn -0.4649 -0.1973 0.8631
vn -0.5820 -0.6340 0.5093
vn -0.5503 0.0162 0.8348
vn 0.9358 -0.1025 -0.3372
vn 0.0422 -0.5270 0.8488
vn -0.6057 0.6430 0.4687
vn -0.9592 0.2367 0.1547
vn -0.0145 -0.9492 0.3143
vn 0.2450 -0.3629 -0.8990
vn -0.7193 -0.1109 0.6857
vn -0.9285 -0.0105 -0.3712
vn 0.4173 -0.8025 0.4264
vn -0.2373 -0.2772 -0.9310
vn -0.4204 -0.8289 0.3691
vn 0.3022 0.0549 -0.9516
vn 0.9093 0.4158 0.0162
vn 0.1107 -0.9631 0.2452
vn -0.4346 -0.8180 0.3769
vn 0.1785 -0.2915 -0.9398
vn -0.7012 -0.0803 -0.7084
vn -0.8648 0.5015 -0.0256
vn -0.2357 0.9615 -0.1410
vn -0.9620 0.2718 -0.0245
vn -0.2421 0.9172 0.3163
vn -0.6146 -0.5766 -0.5383
vn -0.5608 -0.7076 0.4300
vn -0.0461 -0.2319 0.9716
vn 0.1889 -0.2204 0.9570
vn -0.1361 -0.1125 0.9843
vn 0.1780 0.0697 -0.9816
vn 0.1690 0.9366 0.3071
vn 0.4440 -0.0643 -0.8937
vn -0.3211 0.3325 -0.8868
vn 0.5120 -0.5737 -0.6394
vn 0.0310 -0.9696 -0.2428
vn 0.1942 0.7501 -0.6322
vn -0.4812 -0.1447 -0.8646
vn -0.0021 -0.8695 -0.4939
vn -0.6787 -0.7203 -0.1435
vn 0.3236 -0.8314 0.4516
vn -0.2010 -0.9604 0.1930
vn 0.2452 -0.4635 -0.8515
vn 0.3093 -0.8402 -0.4454
vn -0.0141 0.7560 -0.6544
vn -0.7085 0.0041 -0.7057
vn -0.7012 0.4089 0.5841
vn -0.1554 -0.8557 -0.4936
vn -0.0802 -0.9590 0.2717
vn 0.3009 -0.5690 -0.7653
vn -0.7046 -0.3532 0.6155
vn 0.0582 -0.4669 0.8824
vn -0.2386 0.8045 0.5439
vn -0.5022 0.7783 0.3770
vn -0.7398 0.0973 0.6658
vn 0.5500 -0.7927 0.2630
vn -0.0074 0.9932 -0.1163
vn -0.6517 -0.2997 -0.6968
vn -0.6098 0.3216 0.7243
vn -0.5026 -0.1092 0.8576
vn 0.7457 0.4813 0.4607
vn 0.0562 -0.8644 -0.4996
vn -0.4351 -0.8991 -0.0466
vn 0.2481 -0.5461 0.8001
vn 0.1238 -0.7339 -0.6678
vn -0.4527 -0.8909 -0.0385
vn -0.5168 -0.5315 0.6712
vn 0.9242 -0.3087 0.2248
vn 0.0223 0.7411 0.6710
vn -0.2784 0.9563 0.0891
vn 0.1443 -0.1494 -0.9782
vn 0.5263 0.1941 -0.8278
vn 0.3961 0.6183 -0.6788
vn 0.3833 -0.8618 -0.3323
vn -0.1163 0.9856 -0.1227
vn -0.0356 -0.8906 0.4534
vn -0.4103 -0.8202 0.3987
vn 0.5655 -0.4776 -0.6724
vn -0.7712 -0.6079 0.1891
vn -0.9481 -0.1490 0.2808
vn -0.2154 0.0118 -0.9765
vn 0.6475 -0.7595 -0.0632
vn 0.6055 -0.5500 -0.5752
vn -0.7414 0.6692 0.0501
vn 0.8780 -0.4464 0.1727
vn 0.5935 -0.7300 -0.3389
vn -0.6844 -0.7138 -0.1487
vn -0.7626 0.5806 0.2852
vn -0.6991 -0.7023 0.1341
vn -0.2403 0.9359 -0.2576
vn -0.6625 0.4815 0.5738
vn 0.3592 -0.8460 0.3942
vn -0.7538 0.2554 0.6055
vn 0.1629 0.4469 -0.8797
vn 0.9220 -0.3296 0.2030
vn 0.8848 0.1204 -0.4501
vn 0.4416 0.0477 -0.8959
vn -0.9018 -0.4283 0.0571
vn -0.8992 -0.4304 0.0792
vn -0.9015 -0.4292 0.0560
vn 0.3554 -0.4041 0.8429
vn 0.1046 0.5658 -0.8179
vn 0.1046 0.5685 -0.8160
vn 0.1042 0.5694 -0.8154
vn -0.7307 0.4732 -0.4921
vn 0.6142 -0.7889 -0.0192
vn 0.7900 -0.5460 0.2789
vn -0.5260 0.8242 -0.2098
vn 0.9030 0.3348 0.2693
vn 0.1027 0.0004 -0.9947
vn -0.3541 0.4381 0.8262
vn -0.8519 0.1976 0.4850
vn -0.5233 -0.7476 0.4089
vn 0.9602 0.0085 -0.2791
vn -0.1591 -0.2695 -0.9498
vn 0.7433 0.6690 0.0047
vn -0.6111 0.7857 0.0961
vn -0.1765 0.3935 0.9022
vn -0.3567 0.4661 -0.8097
vn -0.1062 -0.9411 0.3210
vn 0.7373 0.6594 -0.1468
vn 0.3380 -0.2704 -0.9014
vn 0.3424 -0.2820 -0.8963
vn 0.3411 -0.2924 -0.8934
vn -0.2906 -0.9300 0.2252
vn -0.2341 -0.9452 0.2276
vn -0.2748 -0.9344 0.2267
vn 0.1218 0.0069 -0.9925
vn 0.4461 0.6580 0.6067
vn 0.1461 -0.7566 0.6374
vn -0.6592 0.6761 -0.3291
vn -0.3250 0.5200 0.7900
vn -0.3240 0.5213 0.7895
vn -0.3260 0.5217 0.7884
vn 0.9574 -0.1980 0.2103
vn 0.9569 -0.1997 0.2108
vn 0.9569 -0.2001 0.2104
vn 0.7291 -0.6844 -0.0043
vn -0.9507 -0.1974 0.2390
vn -0.9514 -0.1972 0.2366
vn -0.9495 -0.2042 0.2382
vn 0.2294 -0.9037 0.3614
vn 0.2298 -0.9001 0.3702
vn 0.2335 -0.8991 0.3703
vn 0.0151 0.9890 0.1468
vn -0.7677 0.5715 0.2899
vn 0.9088 0.3750 -0.1828
vn -0.4241 0.7706 -0.4757
vn -0.8435 -0.5370 -0.0145
vn 0.4274 0.0493 0.9027
vn 0.2882 -0.9471 0.1415
vn -0.1348 0.7473 0.6507
vn -0.5965 -0.5133 0.6170
vn -0.0025 -0.9551 -0.2962
vn 0.0674 -0.7294 0.6807
vn 0.1252 0.2746 -0.9534
vn -0.4670 -0.3738 -0.8013
vn -0.0301 -0.8668 -0.4977
vn -0.9758 0.1737 -0.1332
vn -0.1255 -0.6893 0.7135
vn -0.1022 -0.0549 0.9932
vn -0.1088 0.8344 -0.5404
vn 0.3945 -0.6262 -0.6725
vn 0.1866 -0.9818 -0.0350
vn 0.5727 0.7100 0.4098
vn 0.0243 0.7710 0.6363
vn 0.4500 -0.8827 0.1355
vn 0.0161 -0.5831 -0.8123
vn 0.3374 0.3989 0.8527
vn -0.3005 0.9330 0.1980
vn 0.2105 0.5427 -0.8131
vn 0.9946 0.0167 0.1021
vn 0.0232 0.8629 -0.5049
vn -0.1643 -0.6747 0.7196
vn -0.8351 0.4666 0.2915
vn -0.4418 -0.4584 -0.7711
vn -0.1821 -0.8059 -0.5633
vn -0.8637 -0.4389 0.2478
vn -0.8691 -0.4294 0.2454
vn -0.8715 -0.4251 0.2444
vn 0.8118 -0.4656 0.3523
vn 0.8137 -0.4650 0.3487
vn 0.8129 -0.4636 0.3526
vn 0.0483 -0.9473 -0.3166
vn 0.0534 -0.9487 -0.3118
vn 0.0518 -0.9490 -0.3111
vn -0.4554 -0.8487 0.2691
vn -0.4155 -0.8629 0.2876
vn -0.4549 -0.8530 0.2559
vn -0.2586 -0.6751 0.6909
vn -0.5014 -0.4951 -0.7096
vn 0.3177 -0.1330 -0.9388
vn 0.1489 0.7751 -0.6141
vn 0.1502 0.7770 -0.6113
vn 0.1507 0.7764 -0.6120
vn 0.5690 0.4161 -0.7093
vn -0.4706 -0.6030 0.6441
vn -0.2497 -0.3575 0.8999
vn 0.2890 0.8033 -0.5208
vn -0.8617 0.4558 -0.2231
vn 0.2361 0.4692 0.8509
vn 0.9205 -0.3087 0.2394
vn -0.9423 -0.2521 -0.2202
vn -0.4473 -0.7415 -0.5002
vn -0.7853 -0.4291 -0.4463
vn -0.7873 -0.4294 -0.4424
vn -0.7863 -0.4310 -0.4427
vn -0.4123 -0.5315 -0.7400
vn -0.5717 -0.3087 0.7602
vn -0.6252 0.7411 -0.2447
vn 0.0282 0.9563 -0.2910
vn 0.8415 -0.1494 0.5191
vn 0.5525 0.1941 0.8106
vn 0.4670 0.6183 0.6321
vn 0.1538 -0.8618 0.4834
vn 0.1587 0.9856 -0.0584
vn -0.4024 -0.8906 -0.2119
vn -0.2041 -0.8202 -0.5345
vn 0.3942 -0.4776 0.7852
vn 0.1311 -0.6079 -0.7831
vn 0.1167 -0.1490 -0.9819
vn 0.9821 0.0118 0.1880
vn -0.1978 -0.7595 0.6198
vn 0.2891 -0.5500 0.7835
vn 0.2470 0.6692 -0.7008
vn -0.5056 -0.4464 0.7383
vn 0.0767 -0.7300 0.6791
vn 0.4071 -0.7138 -0.5699
vn 0.0394 0.5806 -0.8132
vn 0.1531 -0.7023 -0.6952
vn 0.3316 0.9359 -0.1190
vn -0.2653 0.4815 -0.8353
vn -0.5040 -0.8460 0.1742
vn -0.2583 0.2554 -0.9317
vn 0.7437 0.4469 0.4972
vn -0.5509 -0.3296 0.7667
vn 0.0638 0.1204 0.9907
vn 0.6485 0.0477 0.7597
vn 0.5733 -0.4247 -0.7007
vn 0.5561 -0.4237 -0.7150
vn 0.5577 -0.4101 -0.7217
vn 0.2949 -0.4397 -0.8484
vn 0.2910 -0.4366 -0.8513
vn 0.2921 -0.4398 -0.8493
vn 0.8108 0.4077 -0.4201
vn -0.1823 0.1724 0.9680
vn 0.0864 -0.8534 -0.5140
vn -0.4828 0.8723 -0.0777
vn 0.2201 0.5112 0.8308
vn 0.2191 0.5070 0.8336
vn 0.2175 0.5075 0.8337
vn 0.4631 -0.7091 -0.5318
vn 0.4530 -0.7143 -0.5335
vn 0.4646 -0.7091 -0.5303
vn 0.3100 -0.7567 -0.5756
vn -0.5296 -0.8474 -0.0372
vn -0.5404 -0.8406 -0.0375
vn -0.5188 -0.8541 -0.0382
vn -0.6755 -0.1955 -0.7110
vn -0.6794 -0.1795 -0.7115
vn -0.6744 -0.2116 -0.7074
vn -0.9728 -0.2073 0.1037
vn -0.9696 -0.2216 0.1039
vn -0.9734 -0.2049 0.1025
vn 0.8273 -0.4979 -0.2601
vn -0.0469 0.8551 0.5164
vn -0.0499 0.8517 0.5217
vn -0.0506 0.8536 0.5185
vn -0.2860 0.8557 0.4312
vn 0.0485 0.9086 0.4148
vn -0.9585 -0.2424 -0.1501
vn 0.5163 0.4146 -0.7494
vn 0.4256 -0.4712 0.7725
vn -0.0753 -0.1361 0.9878
vn -0.3227 -0.7896 0.5219
vn 0.5608 -0.4664 -0.6841
vn -0.2800 -0.8252 -0.4905
vn 0.0446 0.9128 -0.4059
vn 0.0006 0.7808 -0.6248
vn -0.5437 -0.4857 0.6845
vn 0.2971 -0.9394 0.1712
vn 0.1119 0.2584 0.9595
vn 0.3056 0.9430 -0.1315
vn -0.2470 0.9579 0.1465
vn 0.4130 -0.0558 0.9090
vn 0.2891 0.9324 -0.2169
vn -0.6819 0.2806 0.6755
vn 0.5922 0.2938 -0.7503
vn 0.7706 -0.1974 -0.6059
vn 0.9005 0.0917 -0.4251
vn 0.6492 -0.7016 -0.2940
vn 0.1926 -0.9808 -0.0310
vn -0.6590 0.6476 0.3826
vn 0.2963 -0.5147 -0.8045
vn -0.2145 -0.9262 0.3101
vn -0.2659 0.6854 -0.6779
vn 0.7165 0.1272 -0.6860
vn 0.2705 0.5595 -0.7834
vn 0.9454 0.2357 0.2250
vn 0.1388 -0.9492 -0.2824
vn -0.5834 -0.3629 0.7266
vn 0.9332 -0.1109 -0.3417
vn 0.7033 -0.0105 0.7109
vn -0.4823 0.0662 0.8735
vn -0.4826 0.0710 0.8730
vn -0.4824 0.0668 0.8734
vn 0.1740 0.0697 0.9823
vn -0.2651 0.9366 -0.2293
vn -0.1060 -0.0642 0.9923
vn 0.6091 0.3325 0.7200
vn -0.2580 -0.5737 0.7774
vn 0.0553 -0.9696 0.2384
vn 0.0374 0.7501 0.6603
vn 0.7515 -0.1447 0.6437
vn 0.1736 -0.8695 0.4624
vn 0.6862 -0.7203 -0.1012
vn -0.4604 -0.8314 -0.3111
vn 0.1214 -0.9604 -0.2508
vn 0.0658 -0.4635 0.8836
vn -0.1353 -0.8402 0.5251
vn 0.2405 0.7560 0.6088
vn 0.9095 0.0042 0.4157
vn 0.4547 0.4089 -0.7912
vn 0.3172 -0.8557 0.4089
vn -0.0192 -0.9590 -0.2826
vn -0.0164 -0.5690 0.8222
vn 0.4469 -0.3532 -0.8219
vn -0.3611 -0.4669 -0.8072
vn 0.0348 0.8045 -0.5930
vn 0.3399 0.7783 -0.5280
vn 0.4625 0.0973 -0.8813
vn -0.6071 -0.7927 -0.0556
vn 0.0474 0.9932 0.1065
vn 0.8531 -0.2998 0.4271
vn 0.3203 0.3216 -0.8911
vn 0.1735 -0.1092 -0.9788
vn -0.8593 0.4813 -0.1730
vn 0.1209 -0.8645 0.4879
vn 0.4243 -0.8991 -0.1074
vn -0.5105 -0.5461 -0.6642
vn 0.1158 -0.7339 0.6693
vn 0.4378 -0.8909 -0.1211
vn 0.0746 0.7242 0.6856
vn 0.8267 0.4220 0.3721
vn -0.9529 0.0937 -0.2884
vn -0.9015 -0.4308 -0.0420
vn 0.6173 0.7488 0.2414
vn 0.0600 0.5809 -0.8117
vn -0.3595 0.4757 0.8028
vn -0.0273 -0.4563 0.8894
vn 0.1602 0.2722 -0.9488
vn 0.4260 -0.7510 -0.5045
vn -0.4751 -0.2160 -0.8530
vn -0.4665 -0.2120 -0.8587
vn -0.4657 -0.2328 -0.8538
vn 0.2235 -0.5339 -0.8155
vn -0.2275 -0.8397 -0.4931
vn 0.3817 0.8982 -0.2181
vn 0.6107 0.5756 -0.5438
vn -0.3601 0.9137 0.1884
vn 0.8634 0.5009 0.0600
vn -0.0168 -0.9961 -0.0870
vn -0.3404 0.7729 0.5355
vn 0.5917 -0.3812 -0.7104
vn -0.8982 -0.4395 -0.0029
vn -0.1285 0.5310 -0.8376
vn -0.9721 -0.1080 -0.2080
vn -0.9844 0.1556 0.0817
vn -0.0325 -0.9456 -0.3236
vn 0.7069 0.6428 0.2952
vn -0.1888 0.6118 0.7681
vn -0.6676 0.0992 0.7379
vn -0.0316 0.6212 0.7830
vn 0.5067 -0.1520 0.8486
vn 0.4142 -0.4609 -0.7849
vn 0.6420 0.7497 0.1607
vn 0.8416 -0.4264 -0.3315
vn -0.7591 -0.5697 0.3148
vn -0.1129 -0.9882 0.1031
vn 0.5865 -0.5247 -0.6170
vn 0.4216 0.3292 -0.8449
vn -0.7779 0.6177 0.1159
vn 0.2123 -0.9751 -0.0641
vn 0.1341 0.8055 0.5773
vn -0.1330 0.9628 -0.2351
vn -0.0895 0.9960 0.0052
vn 0.6198 -0.1966 0.7597
vn -0.0030 0.1642 0.9864
vn -0.6150 0.7178 -0.3265
vn -0.4639 0.1633 -0.8707
vn -0.0108 0.9853 -0.1705
vn 0.9397 0.2960 0.1715
vn 0.2752 -0.9192 -0.2816
vn -0.2371 0.9383 -0.2519
vn -0.0179 -0.9609 0.2764
vn 0.7417 0.0050 -0.6707
vn 0.1382 0.9322 -0.3346
vn 0.6552 0.6020 0.4565
vn 0.4604 -0.8186 0.3433
vn -0.4054 0.6226 -0.6693
vn -0.8039 0.1139 -0.5838
vn -0.9314 0.3621 -0.0377
vn -0.8789 -0.3885 0.2766
vn 0.7670 0.2538 0.5893
vn -0.8429 0.5275 0.1066
vn 0.5673 0.7275 0.3858
vn -0.1443 -0.9798 0.1386
vn -0.5949 0.7747 -0.2145
vn 0.3573 -0.9336 -0.0262
vn -0.4684 -0.3795 0.7979
vn 0.5735 -0.6736 0.4663
vn -0.8702 -0.4401 -0.2214
vn -0.1220 -0.9451 -0.3032
vn -0.6366 -0.5327 0.5577
vn 0.4403 -0.1197 0.8899
vn -0.8292 -0.1099 0.5480
vn 0.9375 0.3469 -0.0253
vn 0.2765 -0.9568 0.0903
vn -0.7712 0.1336 0.6224
vn -0.5383 -0.4859 -0.6886
vn -0.6361 0.7561 -0.1541
vn -0.4988 -0.3889 -0.7746
vn -0.7072 -0.4964 -0.5035
vn -0.2779 0.9402 0.1970
vn 0.2120 -0.4281 0.8785
vn 0.8674 -0.1546 0.4729
vn 0.9799 0.1643 -0.1133
vn -0.7315 -0.3589 -0.5797
vn -0.7278 -0.3501 -0.5896
vn -0.7227 -0.3691 -0.5843
vn -0.7479 -0.5139 -0.4202
vn -0.6305 -0.7690 0.1052
vn 0.2657 0.7811 -0.5651
vn -0.1570 -0.9849 0.0727
vn 0.1959 0.8069 0.5572
vn -0.5086 -0.4958 -0.7039
vn -0.3436 0.7575 0.5551
vn -0.7849 0.6079 -0.1202
vn -0.4185 -0.1029 0.9024
vn -0.1625 0.1372 0.9771
vn -0.3215 -0.9456 -0.0493
vn 0.4585 0.6500 -0.6060
vn 0.6859 0.6286 0.3668
vn 0.5478 0.0992 0.8307
vn 0.7503 0.6212 0.2261
vn 0.9482 -0.1520 -0.2788
vn -0.6567 -0.4609 -0.5970
vn 0.3158 0.7497 -0.5816
vn -0.1109 -0.4264 -0.8977
vn 0.3471 0.5159 -0.7832
vn 0.1154 -0.5697 0.8137
vn 0.0717 -0.9882 0.1350
vn -0.4373 -0.5342 -0.7235
vn -0.7130 0.3292 -0.6191
vn 0.1643 0.9808 -0.1052
vn -0.1970 0.7012 -0.6852
vn 0.5321 0.6176 0.5791
vn -0.1723 -0.9751 -0.1398
vn 0.4028 0.8055 -0.4347
vn 0.1577 0.7391 0.6549
vn -0.4967 0.2140 -0.8411
vn 0.0468 -0.2977 0.9535
vn -0.1200 0.9629 0.2419
vn 0.0545 0.9960 0.0712
vn 0.2815 -0.1966 -0.9392
vn 0.7927 0.0322 -0.6088
vn 0.0746 0.7177 0.6923
vn -0.5329 0.1697 0.8290
vn -0.2682 0.9187 0.2899
vn -0.3849 0.2960 -0.8742
vn -0.3875 -0.9192 -0.0699
vn -0.0756 0.9383 0.3376
vn 0.2073 -0.9682 -0.1401
vn -0.9712 0.0050 -0.2381
vn -0.3545 0.9322 0.0732
vn 0.0106 0.6020 -0.7985
vn 0.0261 -0.8186 -0.5737
vn -0.3269 0.6226 0.7110
vn -0.0326 0.1139 0.9930
vn 0.4911 0.3621 0.7923
vn 0.7219 -0.3885 0.5727
vn 0.0578 0.2537 -0.9655
vn 0.5609 0.5275 0.6381
vn 0.2008 0.3792 -0.9033
vn 0.1978 -0.9799 0.0275
vn 0.2588 0.9178 0.3011
vn 0.1163 -0.9825 0.1452
vn 0.9233 -0.3795 -0.0596
vn 0.0642 -0.6737 -0.7362
vn 0.3046 -0.4401 0.8447
vn -0.2083 -0.9444 0.2544
vn 0.8187 -0.5327 0.2144
vn 0.4899 -0.1197 -0.8635
vn 0.9187 -0.1099 0.3792
vn -0.3416 0.3359 -0.8778
vn -0.2186 0.6404 -0.7363
vn -0.3763 -0.9226 -0.0853
vn -0.3617 -0.3889 0.8473
vn -0.0204 -0.4964 0.8678
vn 0.3189 0.9402 0.1196
vn 0.6085 -0.4281 -0.6682
vn -0.0948 -0.1546 -0.9834
vn -0.3185 -0.7540 -0.5745
vn -0.8938 -0.4469 -0.0372
vn -0.8772 -0.4785 -0.0399
vn -0.9279 -0.3712 -0.0348
vn 0.3680 0.9238 0.1060
vn 0.3671 0.9230 0.1152
vn 0.3619 0.9220 0.1379
vn 0.8436 -0.1339 -0.5200
vn 0.8458 -0.1352 -0.5161
vn 0.8447 -0.1347 -0.5179
vn -0.6124 0.6089 0.5043
vn 0.7063 0.3245 -0.6291
vn 0.4212 -0.8337 0.3572
vn -0.2538 -0.9596 -0.1215
vn -0.2184 0.9759 -0.0003
vn -0.2260 -0.9199 -0.3204
vn 0.3076 0.9383 0.1581
vn -0.0613 -0.9968 -0.0516
vn -0.9879 -0.1239 -0.0933
vn -0.8585 0.5057 -0.0857
vn -0.2468 -0.5992 -0.7616
vn 0.3732 -0.5178 0.7698
vn 0.7819 0.3442 -0.5197
vn 0.0117 0.6205 -0.7841
vn 0.1551 -0.9449 -0.2884
vn 0.6200 -0.7281 -0.2923
vn -0.3481 -0.9368 -0.0345
vn 0.5674 0.7763 -0.2745
vn 0.9976 -0.0690 0.0016
vn -0.7308 -0.4679 -0.4969
vn -0.7799 -0.6136 -0.1236
vn -0.1060 -0.7859 0.6091
vn -0.8681 0.4903 -0.0776
vn 0.3504 0.9365 -0.0172
vn 0.1213 0.9146 -0.3857
vn -0.2970 -0.8583 -0.4184
vn 0.3433 0.8937 -0.2889
vn 0.0495 0.5243 -0.8501
vn -0.4728 -0.0262 -0.8808
vn -0.4658 -0.8536 -0.2332
vn -0.5118 -0.8277 -0.2302
vn 0.3490 -0.9370 0.0184
vn 0.5965 0.7963 0.1005
vn 0.5477 -0.8150 0.1891
vn 0.5783 -0.7915 0.1977
vn 0.1257 -0.4024 0.9068
vn 0.6261 -0.4608 0.6290
vn 0.5326 0.5608 0.6339
vn 0.3121 -0.8528 0.4188
vn -0.9091 0.3160 -0.2714
vn -0.7119 0.4979 -0.4953
vn -0.3597 0.6547 -0.6648
vn -0.4247 0.8124 -0.3996
vn 0.1018 0.9746 0.1994
vn 0.7464 0.6490 0.1477
vn -0.7171 0.2642 -0.6449
vn 0.1966 -0.8818 -0.4287
vn -0.0961 -0.7332 -0.6732
vn -0.5453 -0.8363 -0.0566
vn 0.3755 -0.3048 0.8753
vn 0.6793 -0.6569 -0.3272
vn -0.5147 -0.6223 0.5898
vn 0.7509 0.5654 0.3413
vn -0.2057 -0.8065 -0.5543
vn 0.9234 0.3629 -0.1252
vn 0.5492 -0.8000 -0.2416
vn 0.2698 -0.4659 0.8427
vn -0.5086 0.4094 -0.7574
vn -0.1082 -0.6036 -0.7899
vn -0.1948 -0.8000 -0.5675
vn -0.7608 -0.0849 -0.6434
vn 0.8548 0.2625 0.4478
vn 0.1148 0.9248 -0.3628
vn 0.1610 -0.2491 0.9550
vn 0.1544 -0.2906 0.9443
vn 0.1596 -0.2597 0.9524
vn -0.6591 0.6406 -0.3940
vn 0.8546 0.2898 0.4308
vn -0.2192 -0.8199 0.5289
vn -0.0247 -0.9624 -0.2707
vn -0.0334 0.9766 -0.2124
vn 0.1752 -0.9318 -0.3179
vn 0.0062 0.9420 0.3356
vn -0.0197 -0.9976 -0.0669
vn -0.2737 -0.1198 -0.9543
vn -0.2045 0.5083 -0.8365
vn 0.5937 -0.6315 -0.4987
vn -0.6072 -0.4849 0.6294
vn 0.7810 0.3134 0.5402
vn 0.7636 0.5836 -0.2763
vn 0.2842 -0.9574 0.0518
vn 0.4699 -0.7621 0.4454
vn -0.1359 -0.9345 -0.3290
vn 0.4954 0.7582 0.4240
vn 0.3538 -0.0771 0.9322
vn 0.1791 -0.4842 -0.8564
vn -0.3255 -0.6358 -0.6999
vn -0.9340 -0.3569 -0.0171
vn -0.2643 0.4564 -0.8496
vn 0.2843 0.9008 0.3283
vn 0.2085 0.9756 0.0682
vn 0.4994 -0.8432 -0.1992
vn 0.4650 0.8779 0.1138
vn 0.8542 0.5160 -0.0641
vn 0.7027 -0.0346 -0.7106
vn 0.9449 0.1433 -0.2944
vn -0.1869 -0.8444 -0.5020
vn 0.1115 -0.9285 0.3542
vn -0.1750 -0.9844 0.0185
vn 0.1204 -0.7931 0.5970
vn -0.3668 0.4691 0.8033
vn 0.4370 -0.1112 0.8926
vn 0.7630 -0.6211 -0.1794
vn 0.5762 0.1144 -0.8092
vn 0.3635 0.9139 -0.1808
vn -0.8545 -0.3105 0.4164
vn -0.0779 -0.6785 0.7305
vn -0.2958 0.6539 0.6963
vn -0.3405 -0.9188 0.1994
vn -0.0592 0.3107 -0.9487
vn 0.2287 0.4805 -0.8467
vn 0.5205 0.6263 -0.5803
vn 0.2572 0.7966 -0.5470
vn -0.1045 0.9819 0.1580
vn 0.1603 0.6488 0.7438
vn 0.3556 0.2402 -0.9033
vn 0.4298 -0.9022 0.0372
vn 0.5593 -0.7626 -0.3251
vn -0.1809 -0.8335 -0.5221
vn -0.6941 -0.2698 0.6674
vn 0.5194 -0.6774 0.5210
vn -0.7809 -0.5696 -0.2566
vn -0.0224 0.5742 0.8184
vn 0.3848 -0.8316 -0.4004
vn 0.4651 0.3491 0.8135
vn 0.3858 -0.8148 0.4327
vn -0.7099 -0.4289 0.5586
vn 0.4222 -0.8236 -0.3786
vn 0.1559 0.5717 -0.8055
vn 0.1516 0.5760 -0.8033
vn 0.1421 0.5686 -0.8102
vn 0.0210 -0.1263 0.9918
vn 0.0189 -0.1007 0.9947
vn 0.0165 -0.0878 0.9960
vn 0.1792 0.6365 -0.7502
vn -0.1545 0.2893 0.9447
vn -0.5703 -0.8198 -0.0515
vn 0.2530 -0.9620 -0.1025
vn 0.1927 0.9766 -0.0955
vn 0.3558 -0.9318 0.0720
vn -0.3183 0.9420 0.1065
vn 0.0580 -0.9976 -0.0388
vn 0.8286 -0.1198 -0.5469
vn 0.7365 0.5083 -0.4464
vn 0.6536 -0.6315 0.4171
vn -0.7824 -0.4849 -0.3909
vn -0.2813 0.3135 0.9070
vn 0.4922 0.5837 0.6458
vn 0.0356 -0.9574 0.2867
vn -0.2842 -0.7621 0.5817
vn 0.2732 -0.9345 -0.2282
vn -0.2562 0.7582 0.5996
vn -0.7834 -0.0771 0.6167
vn 0.8708 -0.4842 -0.0855
vn 0.5703 -0.6358 -0.5201
vn -0.2634 -0.3569 -0.8962
vn 0.7315 0.4564 -0.5066
vn -0.2281 0.9008 0.3695
vn -0.0027 0.9756 0.2193
vn 0.3396 -0.8431 0.4169
vn 0.0306 0.8779 0.4778
vn 0.3169 0.5160 0.7958
vn 0.8884 -0.0346 0.4577
vn 0.5638 0.1434 0.8134
vn 0.4230 -0.8444 -0.3286
vn -0.3046 -0.9285 0.2124
vn -0.0701 -0.9844 -0.1615
vn -0.5336 -0.7932 0.2936
vn -0.8763 0.4691 -0.1094
vn -0.7208 -0.1112 0.6842
vn 0.3997 -0.6211 0.6742
vn 0.9446 0.1144 0.3075
vn 0.2814 0.9139 0.2927
vn -0.6531 -0.3105 -0.6907
vn -0.7203 -0.6784 0.1444
vn -0.7529 0.6540 -0.0738
vn -0.2922 -0.9188 -0.2652
vn 0.8874 0.3107 -0.3405
vn 0.8763 0.4805 -0.0353
vn 0.7096 0.6264 0.3228
vn 0.5989 0.7966 0.0816
vn -0.1821 0.9819 -0.0524
vn -0.6617 0.6489 0.3757
vn 0.9683 0.2402 0.0688
vn 0.0932 -0.9022 0.4212
vn 0.4776 -0.7626 0.4363
vn 0.4435 -0.8335 -0.3296
vn -0.8450 -0.2673 -0.4631
vn -0.3428 -0.6769 0.6514
vn 0.0223 -0.5902 -0.8069
vn -0.7875 0.5742 0.2237
vn 0.4972 -0.8316 0.2473
vn -0.6369 0.3491 0.6874
vn -0.2973 -0.8148 0.4977
vn -0.7456 -0.4289 -0.5101
vn 0.4877 -0.8236 0.2895
vn 0.4135 0.7926 0.4480
vn 0.4145 0.7876 0.4560
vn 0.4045 0.7906 0.4597
vn 0.9212 0.3575 0.1536
vn 0.9211 0.3571 0.1552
vn 0.9205 0.3586 0.1553
vn 0.9425 0.1839 0.2791
vn 0.9393 0.2027 0.2767
vn 0.9409 0.1911 0.2796
vn 0.7438 0.6661 -0.0547
vn -0.9533 0.2893 0.0863
vn -0.0943 -0.8313 -0.5477
vn 0.1997 -0.9666 0.1604
vn 0.2031 0.9753 0.0872
vn -0.0261 -0.8301 0.5570
vn -0.3316 0.8814 -0.3364
vn 0.1009 -0.9948 0.0169
vn 0.1388 0.2458 0.9593
vn 0.6886 0.5620 0.4582
vn -0.3039 -0.6300 0.7147
vn 0.1491 -0.4915 -0.8580
vn 0.2386 -0.6570 -0.7151
vn -0.6906 0.5496 0.4701
vn -0.2384 -0.9660 0.0998
vn -0.5712 -0.7521 -0.3287
vn 0.2892 -0.9345 0.2076
vn -0.6366 0.7639 -0.1059
vn -0.6224 0.2026 -0.7561
vn 0.3003 -0.4842 0.8218
vn -0.3221 0.9317 -0.1678
vn -0.3603 0.8949 0.2635
vn 0.0147 -0.8742 0.4854
vn -0.4785 0.8766 0.0519
vn -0.2726 0.3209 0.9071
vn -0.1517 -0.0628 0.9864
vn 0.2608 -0.8595 0.4396
vn 0.2984 -0.8331 0.4658
vn -0.2352 -0.9380 -0.2547
vn -0.4429 0.7951 -0.4143
vn -0.2953 -0.8100 -0.5067
vn -0.3154 -0.7863 -0.5313
vn 0.4592 -0.3613 -0.8116
vn -0.1054 -0.4366 -0.8935
vn -0.0629 0.5849 -0.8087
vn 0.4381 -0.7612 -0.4783
vn 0.1217 -0.8392 -0.5300
vn 0.7600 0.3428 0.5522
vn 0.5513 0.3107 0.7743
vn 0.3807 0.5631 0.7334
vn -0.1302 0.7429 0.6566
vn 0.0126 0.9937 -0.1109
vn 0.1451 0.2593 0.9548
vn -0.4614 0.5907 -0.6620
vn -0.3846 -0.9022 0.1954
vn -0.2982 -0.7265 0.6191
vn 0.4787 -0.8609 0.1722
vn 0.7314 -0.6470 -0.2153
vn -0.4132 0.5742 -0.7068
vn -0.1559 -0.7788 0.6076
vn -0.8387 0.3577 -0.4106
vn -0.5562 -0.8148 -0.1636
vn 0.2633 -0.4611 -0.8474
vn -0.0639 0.3783 0.9235
vn -0.3682 -0.6384 0.6759
vn -0.1586 -0.8236 0.5445
vn 0.2228 -0.1081 0.9688
vn -0.9011 0.2889 -0.3233
vn -0.8983 0.2940 -0.3266
vn -0.8975 0.2967 -0.3264
vn 0.4263 0.4862 -0.7628
vn 0.2929 -0.9021 -0.3170
vn -0.9750 -0.0507 0.2162
vn -0.0982 0.7840 0.6130
vn -0.1559 -0.9877 -0.0078
vn -0.1982 -0.6156 0.7627
vn 0.8596 0.2763 -0.4299
vn -0.3759 -0.7145 0.5901
vn 0.8171 0.2543 0.5174
vn -0.5869 -0.3946 0.7070
vn 0.0418 -0.9971 -0.0632
vn 0.4779 -0.8089 -0.3425
vn 0.1193 0.3882 -0.9138
vn 0.3629 -0.7315 -0.5773
vn -0.0611 0.7357 0.6745
vn 0.7730 0.4930 -0.3993
vn 0.0759 0.9934 -0.0865
vn 0.6811 -0.3120 -0.6624
vn 0.0489 -0.9106 -0.4103
vn -0.9392 -0.2279 0.2569
vn 0.3186 0.1029 0.9423
vn -0.8450 0.0913 -0.5268
vn -0.2022 -0.9212 0.3323
vn 0.4157 -0.8368 0.3564
vn 0.5919 0.1214 -0.7968
vn 0.5586 0.5373 0.6319
vn 0.3689 -0.8775 0.3063
vn 0.0316 0.0159 -0.9994
vn -0.6817 0.7040 -0.1990
vn 0.3151 -0.9396 -0.1336
vn -0.4288 -0.8527 -0.2983
vn 0.3715 -0.7783 0.5061
vn -0.5491 -0.7159 -0.4313
vn -0.6850 0.6984 -0.2073
vn 0.7733 0.5290 0.3497
vn -0.4996 -0.8102 -0.3066
vn 0.6199 -0.6844 -0.3838
vn 0.6394 -0.6802 0.3586
vn -0.0790 0.3746 0.9238
vn -0.0920 0.9822 0.1640
vn 0.5204 -0.2880 0.8039
vn 0.5177 -0.8505 0.0931
vn 0.0105 -0.1676 -0.9858
vn -0.9955 -0.0507 0.0798
vn 0.6929 0.2395 -0.6801
vn -0.7075 0.0686 0.7034
vn -0.3164 -0.9119 0.2615
vn 0.6062 0.1657 0.7778
vn -0.2352 -0.0561 0.9703
vn -0.2936 -0.0566 0.9542
vn 0.1655 -0.9862 -0.0046
vn 0.0683 -0.6682 -0.7409
vn 0.0540 -0.9985 -0.0075
vn 0.2722 -0.7435 -0.6108
vn -0.9230 0.1858 -0.3370
vn 0.4356 -0.4262 -0.7928
vn -0.3380 -0.7907 0.5104
vn 0.1457 0.4188 0.8963
vn -0.1888 -0.6980 0.6908
vn -0.1268 0.6843 -0.7181
vn -0.6899 0.4945 0.5287
vn -0.0503 0.9984 0.0261
vn 0.8697 -0.2137 -0.4449
vn -0.5235 0.0202 -0.8518
vn 0.9130 0.1554 0.3773
vn 0.2499 -0.1760 0.9521
vn 0.1705 -0.9361 -0.3077
vn -0.3640 -0.8952 -0.2572
vn -0.6539 0.1256 0.7460
vn -0.5248 -0.8472 0.0834
vn 0.7325 0.0670 0.6774
vn -0.4386 0.8583 0.2665
vn 0.7354 0.4504 -0.5063
vn -0.0217 0.9382 -0.3455
vn -0.2736 0.9571 -0.0954
vn 0.6719 -0.2140 -0.7090
vn 0.9040 0.2023 -0.3766
vn 0.7138 0.6183 -0.3288
vn 0.5044 -0.8618 -0.0530
vn -0.0055 0.9867 -0.1624
vn -0.2949 -0.8949 0.3349
vn -0.7327 -0.6803 -0.0191
vn 0.8080 -0.5265 -0.2644
vn 0.5240 -0.7742 0.3550
vn -0.9189 -0.1545 -0.3630
vn -0.7423 -0.6053 -0.2876
vn 0.3825 0.0124 -0.9239
vn 0.8279 -0.5461 -0.1280
vn -0.5139 0.7284 -0.4531
vn 0.6201 -0.4464 0.6451
vn 0.6806 -0.7300 0.0629
vn -0.4732 -0.7358 -0.4845
vn -0.7854 0.6015 -0.1461
vn -0.6492 -0.7012 -0.2946
vn -0.8786 0.4710 0.0786
vn 0.0662 -0.8451 0.5304
vn -0.9792 0.1967 0.0488
vn -0.0361 0.8214 0.5693
vn 0.5232 -0.4554 0.7203
vn 0.7972 0.1194 -0.5918
vn -0.2041 -0.6076 -0.7676
vn -0.4510 0.8905 0.0597
vn -0.6538 0.2950 -0.6967
vn 0.5812 0.7434 0.3311
vn 0.5800 0.7469 0.3251
vn 0.5831 0.7450 0.3239
vn 0.8386 -0.0533 0.5422
vn 0.2276 0.9712 -0.0703
vn 0.2651 0.9639 -0.0246
vn -0.4739 0.8739 -0.1082
vn 0.5185 -0.8182 0.2483
vn 0.5188 -0.0574 -0.8530
vn 0.2426 0.2280 0.9430
vn -0.8750 0.1485 -0.4609
vn -0.3836 -0.6071 0.6958
vn 0.6440 0.7629 -0.0567
vn -0.8095 0.1024 0.5781
vn -0.0360 -0.8972 0.4402
vn 0.2709 -0.4543 0.8487
vn 0.4337 0.4377 0.7876
vn 0.8273 -0.5531 -0.0984
vn -0.0917 0.9909 -0.0983
vn 0.3737 0.9176 -0.1359
vn 0.0033 -0.9459 -0.3245
vn 0.5544 0.0389 -0.8314
vn -0.5356 -0.3196 0.7817
vn 0.9848 -0.1252 -0.1203
vn 0.2474 -0.6022 0.7591
vn -0.3777 -0.2666 0.8867
vn 0.3810 -0.5289 -0.7584
vn 0.6731 -0.3433 0.6551
vn 0.0288 0.9966 0.0775
vn -0.0951 -0.9751 -0.2004
vn 0.2172 -0.8897 -0.4015
vn -0.0955 0.9642 0.2472
vn -0.4461 -0.3967 -0.8023
vn -0.0376 -0.0566 -0.9977
vn -0.3071 -0.8362 -0.4544
vn -0.7876 0.5074 -0.3496
vn 0.2510 -0.4738 -0.8441
vn 0.0023 0.8219 -0.5696
vn 0.0444 -0.0112 0.9990
vn 0.9153 0.3615 -0.1777
vn 0.7778 -0.6086 -0.1569
vn -0.7808 0.1343 -0.6102
vn 0.9996 0.0086 0.0283
vn 0.0400 -0.4281 -0.9028
vn -0.5621 -0.8005 0.2079
vn -0.9381 0.2395 0.2503
vn 0.1962 0.9662 -0.1670
vn 0.2206 0.9634 -0.1523
vn 0.3331 0.1891 -0.9237
vn -0.7505 -0.6268 -0.2095
vn -0.3661 -0.9250 0.1016
vn 0.1569 -0.3393 0.9275
vn 0.0397 0.9087 0.4157
vn -0.7634 -0.2850 0.5797
vn 0.5507 -0.7586 -0.3482
vn -0.4376 -0.6641 -0.6062
vn -0.8329 0.0220 -0.5530
vn -0.7164 0.5882 0.3753
vn 0.1805 0.5357 0.8249
vn -0.9982 0.0012 0.0606
vn -0.7451 0.6626 -0.0762
vn -0.3709 0.5968 -0.7115
vn 0.9469 -0.3044 0.1039
vn 0.1682 -0.6154 -0.7700
vn -0.1229 0.0379 0.9917
vn 0.2721 0.9622 -0.0074
vn -0.5871 -0.6022 -0.5411
vn -0.1043 -0.2666 -0.9581
vn 0.0386 -0.5289 0.8478
vn -0.9075 -0.3433 -0.2422
vn -0.0630 0.9966 -0.0536
vn 0.1809 -0.9751 0.1283
vn 0.0069 -0.8897 0.4564
vn -0.0376 0.9642 -0.2623
vn 0.7815 -0.3967 0.4816
vn 0.5207 -0.0566 0.8518
vn 0.4901 -0.8362 0.2461
vn 0.8580 0.5074 -0.0802
vn 0.1939 -0.4738 0.8590
vn 0.2766 0.8219 0.4980
vn -0.5273 -0.0112 -0.8496
vn -0.7114 0.3615 0.6026
vn -0.6017 -0.6086 0.5173
vn 0.9795 0.1343 0.1504
vn -0.8857 0.0086 0.4642
vn 0.4066 -0.4281 0.8071
vn -0.5225 -0.8521 -0.0311
vn -0.8787 0.4345 -0.1978
vn 0.3490 0.9359 0.0473
vn 0.1353 0.9741 0.1809
vn 0.5888 0.5049 -0.6312
vn -0.1798 0.2668 0.9468
vn 0.9230 0.1680 -0.3463
vn -0.3528 -0.5553 -0.7531
vn -0.2357 -0.8985 -0.3704
vn -0.8073 0.5696 0.1545
vn -0.2277 0.9231 0.3099
vn -0.9076 -0.2746 -0.3176
vn -0.5545 0.7462 -0.3683
vn -0.0902 0.3010 -0.9494
vn -0.7591 -0.6250 -0.1821
vn -0.6454 0.7635 -0.0235
vn 0.2879 -0.6956 -0.6583
vn -0.6026 -0.2261 0.7653
vn -0.6998 -0.3891 -0.5991
vn 0.2736 0.5869 -0.7620
vn 0.3103 -0.3352 0.8896
vn 0.6973 -0.6334 -0.3356
vn -0.3558 -0.9020 -0.2445
vn -0.8170 -0.0103 0.5765
vn 0.0816 -0.6022 -0.7942
vn 0.7047 -0.2666 -0.6575
vn -0.6557 -0.5289 0.5388
vn -0.3497 -0.3433 -0.8717
vn 0.0051 0.9966 -0.0825
vn 0.0057 -0.9751 0.2217
vn -0.3613 -0.8897 0.2789
vn 0.1876 0.9642 -0.1872
vn 0.0825 -0.3967 0.9142
vn -0.3702 -0.0566 0.9272
vn 0.0965 -0.8362 0.5398
vn 0.5782 0.5074 0.6389
vn -0.5717 -0.4738 0.6698
vn -0.2330 0.8219 0.5198
vn 0.3645 -0.0112 -0.9311
vn -0.9087 0.3615 -0.2087
vn -0.7746 -0.6086 -0.1719
vn 0.4663 0.1343 0.8744
vn -0.9023 0.0086 -0.4311
vn -0.4026 -0.4281 0.8091
vn 0.3328 -0.8762 -0.3487
vn 0.6969 0.4346 -0.5705
vn -0.2636 0.9332 0.2444
vn -0.1441 0.9877 -0.0611
vn 0.1348 0.5049 0.8526
vn -0.5326 0.2643 -0.8040
vn -0.2954 0.1680 0.9405
vn 0.6675 -0.7027 0.2463
vn 0.4370 -0.8985 0.0423
vn 0.3754 0.5696 -0.7312
vn -0.1039 0.9231 -0.3703
vn 0.8091 -0.2746 -0.5196
vn 0.6476 0.5956 -0.4752
vn 0.5054 -0.4483 0.7373
vn 0.6109 -0.6250 -0.4860
vn 0.4160 0.7635 -0.4940
vn 0.4062 -0.6599 0.6321
vn -0.2319 -0.2260 -0.9461
vn 0.9029 -0.3891 -0.1825
vn 0.2226 0.8983 0.3787
vn 0.4153 -0.1736 0.8930
vn -0.3221 0.8074 0.4943
vn -0.8610 -0.3793 -0.3388
vn -0.0050 -0.5739 0.8189
vn 0.4117 -0.9020 -0.1298
vn 0.0489 -0.0103 -0.9988
vn 0.4978 -0.8025 0.3288
vn -0.8179 -0.2410 -0.5224
vn -0.1297 -0.8522 -0.5069
vn 0.8144 -0.5297 0.2373
vn 0.3167 0.9435 0.0970
vn -0.1388 -0.9757 -0.1695
vn -0.8303 -0.4191 -0.3673
vn -0.5287 -0.2553 -0.8095
vn -0.9578 0.0297 -0.2859
vn -0.0682 -0.9117 -0.4052
vn -0.8651 0.4871 -0.1198
vn -0.3980 -0.5515 -0.7331
vn 0.8690 0.4398 -0.2268
vn 0.8165 -0.1558 -0.5559
vn -0.3893 0.8140 -0.4311
vn 0.2432 0.9074 0.3428
vn 0.6184 -0.4753 -0.6258
vn 0.3089 -0.7222 -0.6188
vn -0.9752 0.1386 -0.1725
vn 0.6815 -0.2753 0.6780
vn -0.4506 0.8902 -0.0675
vn 0.9649 0.1509 -0.2150
vn 0.9278 0.0690 -0.3666
vn -0.1402 -0.9580 0.2501
vn -0.6920 -0.7148 0.1008
vn -0.1506 0.9882 0.0294
vn -0.5320 -0.7523 0.3886
vn 0.3671 0.8069 0.4627
vn 0.1965 0.8979 0.3940
vn 0.1671 0.2028 -0.9649
vn -0.4535 -0.6044 -0.6550
vn -0.1250 -0.9183 0.3756
vn 0.0334 0.6333 0.7732
vn -0.1322 -0.4768 0.8690
vn -0.1103 -0.8998 0.4221
vn -0.7435 0.2672 0.6130
vn -0.9888 -0.1143 0.0963
vn -0.8176 -0.1399 -0.5585
vn -0.0293 -0.4511 -0.8920
vn 0.3102 0.9476 -0.0762
vn 0.8406 -0.1956 -0.5051
vn -0.9116 0.4106 0.0210
vn 0.8087 0.1281 0.5741
vn -0.8599 -0.5082 -0.0475
vn -0.5880 -0.3203 -0.7428
vn 0.4167 -0.8232 0.3857
vn -0.7934 -0.6039 -0.0764
vn -0.3117 0.8645 -0.3943
vn 0.3591 -0.9261 0.1161
vn 0.7416 0.4270 -0.5174
vn 0.7451 0.6111 0.2672
vn -0.1275 0.9327 -0.3374
vn 0.6847 -0.6130 0.3943
vn 0.3270 0.6346 0.7003
vn -0.5623 -0.6379 0.5262
vn -0.6030 -0.3448 0.7194
vn 0.5617 -0.6282 -0.5384
vn 0.3270 0.9327 -0.1524
vn 0.9502 0.0465 -0.3081
vn -0.4821 0.7446 0.4616
vn -0.4777 -0.0844 0.8745
vn 0.8959 -0.3588 0.2620
vn 0.1358 -0.9284 0.3460
vn -0.4626 0.8650 0.1944
vn 0.1393 0.7441 -0.6534
vn -0.1888 -0.8521 -0.4882
vn -0.1851 0.4346 -0.8814
vn 0.1020 0.9359 0.3371
vn -0.1083 0.9741 0.1983
vn 0.8188 0.5049 0.2733
vn -0.9359 0.2668 0.2299
vn 0.6985 0.1680 0.6956
vn 0.5384 -0.5553 -0.6338
vn 0.2390 -0.8985 -0.3683
vn -0.4759 0.5696 -0.6701
vn -0.3765 0.9231 -0.0784
vn -0.0883 -0.2746 -0.9575
vn 0.1046 0.7462 -0.6574
vn 0.8261 0.3010 -0.4765
vn -0.1498 -0.6250 -0.7661
vn -0.2468 0.7635 -0.5968
vn 0.7184 -0.6956 -0.0117
vn -0.9465 -0.2260 -0.2302
vn 0.2542 -0.3891 -0.8854
vn 0.8068 0.5869 -0.0678
vn -0.6802 -0.3352 0.6519
vn 0.5949 -0.6334 0.4948
vn 0.0746 -0.9020 -0.4252
vn -0.8639 -0.0103 -0.5036
vn 0.7563 -0.6022 -0.2558
vn 0.8908 -0.2666 0.3679
vn -0.7625 -0.5289 -0.3726
vn 0.6476 -0.3433 -0.6802
vn 0.0772 0.9966 -0.0296
vn -0.1993 -0.9751 0.0973
vn -0.4038 -0.8897 -0.2128
vn 0.2482 0.9642 0.0928
vn -0.7973 -0.3967 0.4549
vn -0.9972 -0.0566 0.0486
vn -0.4510 -0.8362 0.3121
vn -0.3409 0.5074 0.7914
vn -0.8468 -0.4738 -0.2417
vn -0.5696 0.8219 0.0040
vn 0.9984 -0.0112 -0.0554
vn -0.1878 0.3615 -0.9133
vn -0.1655 -0.6086 -0.7760
vn -0.6016 0.1343 0.7874
vn 0.0173 0.0086 -0.9998
vn -0.9032 -0.4281 -0.0301
vn 0.3110 -0.8521 0.4210
vn 0.4113 0.4346 0.8013
vn -0.1874 0.9359 -0.2982
vn 0.0521 0.9741 -0.2198
vn -0.8619 0.5049 -0.0474
vn 0.8420 0.2668 -0.4689
vn -0.8574 0.1680 -0.4865
vn -0.3519 -0.5553 0.7535
vn -0.1332 -0.8985 0.4184
vn 0.6360 0.5696 0.5206
vn 0.3838 0.9231 -0.0238
vn 0.3380 -0.2746 0.9002
vn 0.0727 0.7462 0.6617
vn -0.6709 0.3010 0.6777
vn 0.3468 -0.6250 0.6994
vn 0.3956 0.7635 0.5105
vn -0.6898 -0.6956 0.2010
vn 0.9737 -0.2260 -0.0279
vn -0.0113 -0.3891 0.9211
vn -0.7603 0.5869 0.2784
vn 0.4839 -0.3352 -0.8084
vn -0.7045 -0.6334 -0.3201
vn 0.0404 -0.9020 0.4298
vn 0.9662 -0.0103 0.2576
vn -0.6619 -0.6022 0.4464
vn -0.9564 -0.2666 -0.1196
vn 0.8338 -0.5289 0.1580
vn -0.4450 -0.3433 0.8271
vn -0.0667 0.9966 0.0490
vn 0.1665 -0.9751 -0.1465
vn 0.4457 -0.8897 0.0986
vn -0.2639 0.9642 -0.0240
vn 0.6489 -0.3967 -0.6493
vn 0.9490 -0.0566 -0.3102
vn 0.3525 -0.8362 -0.4201
vn 0.1198 0.5074 -0.8533
vn 0.8806 -0.4738 0.0095
vn 0.5483 0.8219 -0.1542
vn -0.9483 -0.0112 0.3171
vn 0.4223 0.3615 0.8313
vn 0.3645 -0.6086 0.7048
vn 0.3723 0.1343 -0.9183
vn 0.2474 0.0086 0.9689
vn 0.8791 -0.4281 -0.2095
vn -0.0080 -0.9450 0.3270
vn 0.2521 0.9542 0.1607
vn 0.0511 0.9978 0.0415
vn 0.5119 -0.6767 0.5292
vn 0.4893 0.7049 0.5135
vn -0.6606 -0.6550 0.3667
vn -0.4178 -0.3765 -0.8269
vn -0.1299 -0.0502 0.9903
vn 0.3270 -0.9147 0.2376
vn 0.7872 0.6072 0.1080
vn 0.8816 -0.4152 0.2245
vn -0.9891 0.0229 0.1456
vn 0.4899 0.8162 -0.3064
vn 0.6930 0.6605 -0.2890
vn 0.4530 0.3937 0.7998
vn -0.3570 -0.4957 0.7918
vn 0.6851 -0.4896 0.5393
vn -0.1668 0.9112 -0.3768
vn -0.4195 0.9043 0.0794
vn 0.7798 0.0689 -0.6222
vn -0.1056 0.9324 0.3457
vn 0.3889 -0.8940 0.2226
vn 0.3982 -0.8540 0.3348
vn 0.5291 0.4721 0.7051
vn -0.6998 0.5044 -0.5058
vn 0.1493 0.9449 -0.2914
vn -0.5206 0.1093 0.8468
vn 0.2627 -0.1939 -0.9452
vn 0.7489 0.6061 0.2679
vn 0.2193 0.9730 -0.0719
vn 0.5161 -0.2372 0.8230
vn 0.1840 0.7723 0.6080
vn -0.4106 0.3604 0.8376
vn -0.3266 -0.3589 0.8744
vn -0.6731 -0.7367 0.0645
vn 0.4701 0.7715 0.4288
vn -0.5876 -0.7416 0.3237
vn 0.9339 -0.3080 -0.1819
vn 0.2172 -0.3628 0.9062
vn -0.7733 0.5765 0.2640
vn -0.7125 -0.6669 -0.2181
vn -0.0304 -0.9197 0.3913
vn 0.9958 0.0453 0.0800
vn -0.2863 -0.7146 0.6383
vn -0.8757 -0.4578 0.1534
vn 0.1296 -0.4188 0.8988
vn -0.3752 -0.3426 0.8613
vn -0.0010 0.9764 -0.2161
vn 0.0098 -0.9692 -0.2462
vn 0.3728 -0.9239 0.0861
vn -0.4135 0.9104 -0.0128
vn 0.4534 -0.3699 -0.8109
vn 0.7898 -0.1037 -0.6046
vn 0.7687 -0.5799 -0.2698
vn 0.0695 0.4629 -0.8837
vn 0.9491 0.2487 -0.1930
vn 0.7893 0.5165 0.3321
vn 0.5297 -0.6044 0.5951
vn -0.5947 -0.1161 0.7955
vn 0.1690 0.1325 -0.9767
vn -0.8737 0.3591 -0.3281
vn 0.5891 0.2704 0.7614
vn 0.3452 -0.9263 0.1513
vn 0.2847 0.9566 -0.0624
vn 0.0267 0.9979 0.0593
vn 0.4687 -0.7043 0.5332
vn 0.4830 0.6951 0.5326
vn -0.9598 0.2048 -0.1921
vn -0.6756 -0.6240 0.3927
vn 0.3772 -0.9182 0.1207
vn 0.7686 0.6393 0.0215
vn 0.8714 -0.4571 0.1782
vn 0.3596 -0.9210 0.1498
vn 0.6853 0.6753 -0.2727
vn 0.4994 0.3269 0.8023
vn 0.0919 -0.1240 0.9880
vn 0.6837 -0.4938 0.5373
vn -0.7967 -0.3526 0.4908
vn -0.0674 0.9461 -0.3168
vn -0.5131 -0.2108 -0.8320
vn 0.0060 0.4107 0.9118
vn 0.5881 0.1281 -0.7986
vn 0.4826 -0.3617 0.7977
vn -0.7065 -0.3475 0.6165
vn 0.3358 -0.9102 -0.2424
vn 0.0116 -0.0681 0.9976
vn -0.3961 0.8740 0.2814
vn 0.1989 -0.9444 -0.2617
vn -0.4397 0.3248 -0.8374
vn 0.0276 0.8797 -0.4747
vn -0.0006 0.9195 0.3931
vn 0.4062 -0.6129 -0.6777
vn 0.7176 0.6265 -0.3041
vn 0.3256 -0.6084 0.7238
vn 0.9363 -0.2087 -0.2824
vn 0.3021 -0.4270 -0.8523
vn -0.3916 0.0575 -0.9183
vn 0.1678 0.5344 0.8284
vn -0.6705 0.7238 -0.1627
vn -0.6602 -0.5378 -0.5244
vn 0.3288 -0.2847 -0.9005
vn -0.8394 -0.4299 -0.3325
vn -0.6688 -0.3433 -0.6594
vn -0.0283 0.9966 -0.0777
vn 0.0877 -0.9760 0.1996
vn -0.1294 -0.9218 0.3654
vn 0.1125 0.9587 -0.2612
vn 0.4409 -0.3967 0.8051
vn 0.0312 -0.0566 0.9979
vn 0.3089 -0.7953 0.5216
vn 0.7216 0.5116 0.4664
vn -0.2857 0.2487 0.9255
vn -0.4275 0.1540 -0.8908
vn -0.6873 0.5195 0.5077
vn -0.7836 -0.6013 0.1562
vn 0.7768 0.1343 0.6153
vn 0.5189 -0.7148 0.4688
vn -0.2819 -0.2619 0.9230
vn 0.0497 -0.8049 -0.5914
vn 0.8258 -0.3992 0.3984
vn -0.1793 0.9835 -0.0224
vn -0.1502 -0.9748 -0.1648
vn -0.0514 -0.8387 -0.5421
vn -0.1210 0.9283 0.3517
vn -0.6063 -0.3883 -0.6940
vn -0.4210 -0.1249 -0.8984
vn -0.0844 -0.5670 -0.8194
vn -0.8689 0.4534 -0.1985
vn 0.0249 -0.4738 -0.8803
vn -0.1447 0.8219 -0.5509
vn 0.8070 0.3653 -0.4640
vn 0.7012 -0.6044 -0.3781
vn 0.6220 -0.1124 0.7749
vn -0.9123 0.1366 -0.3861
vn 0.9851 0.0744 -0.1549
vn 0.3493 -0.7148 -0.6059
vn 0.9616 -0.2619 0.0817
vn -0.5886 -0.8049 0.0757
vn 0.2160 -0.3993 -0.8910
vn 0.0158 0.9835 0.1800
vn -0.1295 -0.9748 0.1815
vn -0.5192 -0.8387 0.1642
vn 0.3693 0.9283 0.0444
vn -0.5511 -0.3883 0.7386
vn -0.7899 -0.1249 0.6004
vn -0.7834 -0.5670 0.2547
vn -0.0115 0.4534 0.8912
vn -0.8658 -0.4738 0.1607
vn -0.5082 0.8219 0.2572
vn -0.6233 0.3653 -0.6915
vn -0.5170 -0.6044 -0.6061
vn 0.6269 -0.1124 -0.7710
vn -0.1857 0.1366 0.9731
vn -0.3585 0.0744 -0.9306
vn -0.5913 -0.8005 -0.0974
vn -0.9391 0.2395 -0.2466
vn 0.2531 0.9662 -0.0481
vn 0.2670 0.9634 -0.0232
vn 0.7464 0.1891 -0.6380
vn -0.5486 -0.6268 -0.5533
vn -0.3685 -0.9250 -0.0928
vn -0.3225 -0.3393 0.8837
vn -0.1711 0.9087 0.3809
vn -0.9502 -0.2850 0.1262
vn 0.6508 -0.7586 -0.0302
vn -0.0805 -0.6641 -0.7433
vn -0.4503 0.0220 -0.8926
vn -0.8083 0.5882 -0.0282
vn -0.2512 0.5357 0.8062
vn -0.8975 0.0010 -0.4410
vn -0.6099 0.6625 -0.4348
vn 0.0297 0.5968 -0.8018
vn 0.7715 -0.3044 0.5587
vn 0.5271 -0.6155 -0.5860
vn -0.5974 0.0379 0.8011
vn 0.2402 0.9622 0.1282
vn -0.7546 -0.6191 0.2176
vn 0.3384 -0.0097 0.9409
vn 0.6268 -0.6949 -0.3525
vn -0.0145 0.4212 -0.9069
vn -0.7035 0.0707 -0.7071
vn 0.2268 0.5426 -0.8088
vn 0.2113 0.0132 0.9773
vn 0.2113 0.0110 0.9774
vn 0.2198 0.0120 0.9755
vn 0.1121 0.0572 0.9920
vn -0.7983 -0.6017 -0.0252
vn -0.1964 -0.8559 -0.4785
vn 0.8070 -0.5905 0.0098
vn 0.7943 -0.6074 0.0117
vn 0.7915 -0.6110 0.0139
vn 0.4773 -0.4066 -0.7790
vn 0.4655 -0.4165 -0.7809
vn 0.4872 -0.4103 -0.7709
vn -0.1324 -0.9795 0.1521
vn -0.1355 -0.9790 0.1524
vn -0.1362 -0.9792 0.1507
vn -0.6940 0.5391 -0.4771
vn -0.6943 0.5388 -0.4770
vn -0.6930 0.5398 -0.4778
vn 0.8326 -0.5426 -0.1111
vn 0.6621 -0.2112 -0.7190
vn 0.6648 -0.2094 -0.7171
vn 0.6645 -0.2135 -0.7161
vn -0.5491 -0.7477 -0.3734
vn 0.7253 -0.5840 0.3645
vn 0.9188 -0.3805 0.1050
vn 0.2068 -0.9490 0.2378
vn 0.7161 0.0014 -0.6980
vn 0.7182 0.0014 -0.6958
vn 0.7188 0.0014 -0.6952
vn -0.6026 -0.3240 0.7293
vn -0.6288 -0.7080 -0.3216
vn 0.3831 -0.6835 0.6213
vn 0.7680 -0.6402 0.0136
vn 0.1442 -0.7857 0.6016
vn -0.5730 -0.7857 0.2334
vn 0.1319 0.6385 -0.7582
vn 0.1319 0.6377 -0.7589
vn 0.1316 0.6385 -0.7583
vn 0.6136 -0.7683 0.1821
vn 0.6132 -0.7685 0.1827
vn 0.6140 -0.7675 0.1845
vn -0.8790 -0.0547 0.4737
vn -0.8822 -0.0593 0.4671
vn -0.8775 -0.0595 0.4759
vn 0.6854 -0.7279 -0.0187
vn 0.0181 0.6687 0.7433
vn -0.7781 -0.6187 -0.1082
vn -0.6039 -0.7257 -0.3297
vn 0.5267 0.5347 -0.6608
vn -0.5931 -0.6568 0.4657
vn -0.4752 -0.7965 -0.3738
vn 0.2979 -0.7965 -0.5261
vn 0.6843 -0.7289 0.0208
vn -0.1133 0.5863 0.8021
vn 0.3855 -0.7257 0.5699
vn -0.7711 0.5347 0.3457
vn 0.7010 -0.7127 -0.0235
vn -0.2197 0.4403 0.8706
vn -0.4310 0.8992 0.0747
vn -0.5374 0.4535 -0.7110
vn -0.5373 0.4546 -0.7104
vn -0.5418 0.4506 -0.7095
vn -0.5488 -0.8112 0.2020
vn -0.3571 0.6856 -0.6344
vn 0.3232 -0.6911 0.6465
vn 0.3288 -0.6962 0.6382
vn 0.3212 -0.6959 0.6423
vn 0.3691 0.0213 -0.9291
vn -0.5120 0.5563 -0.6545
vn -0.7754 -0.6203 0.1186
vn -0.8017 -0.5427 -0.2505
vn -0.5466 0.5426 0.6378
vn 0.2757 -0.5427 0.7934
vn 0.8372 0.5437 0.0592
vn -0.3695 0.5426 0.7544
vn 0.3064 -0.5425 -0.7822
vn -0.2869 0.5438 -0.7887
vn 0.2072 -0.5427 0.8140
vn -0.4740 -0.7820 -0.4047
vn 0.4387 -0.3596 -0.8235
vn 0.4378 -0.3593 -0.8242
vn 0.4392 -0.3590 -0.8235
vn -0.7122 -0.6403 -0.2879
vn 0.0810 -0.7857 -0.6133
vn 0.6186 -0.7856 -0.0125
vn -0.9352 -0.1695 -0.3108
vn -0.9355 -0.1680 -0.3108
vn -0.9349 -0.1695 -0.3118
vn 0.1564 -0.1704 -0.9729
vn -0.9203 -0.2196 -0.3238
vn -0.1342 -0.2625 -0.9556
vn 0.1415 0.9553 -0.2596
vn 0.4818 -0.2236 -0.8473
vn 0.9242 -0.3209 -0.2070
vn -0.3549 0.8644 -0.3562
vn -0.9309 0.0855 0.3550
vn 0.5780 0.7913 0.1994
vn 0.2262 -0.1745 0.9583
vn 0.4635 -0.7693 -0.4397
vn 0.6460 -0.3209 0.6926
vn 0.1278 0.8644 -0.4863
vn -0.7771 0.0855 -0.6235
vn 0.1203 0.7913 0.5995
vn -0.7123 -0.1745 0.6798
vn 0.6137 -0.7693 0.1775
vn 0.8666 0.4709 -0.1650
vn 0.8661 0.4723 -0.1639
vn 0.8643 0.4752 -0.1648
vn -0.9669 0.2303 -0.1098
vn -0.9670 0.2298 -0.1103
vn -0.9687 0.2235 -0.1080
vn -0.9728 0.0573 0.2243
vn -0.4862 0.6737 0.5565
vn -0.4866 0.6752 0.5545
vn -0.4882 0.6757 0.5524
vn -0.3775 0.0572 -0.9242
vn 0.2400 0.3578 -0.9024
vn 0.2423 0.3577 -0.9018
vn 0.2405 0.3571 -0.9026
vn 0.0867 0.4561 -0.8857
vn 0.7483 0.4561 0.4817
vn -0.3627 -0.5428 -0.7575
vn -0.8282 0.5513 0.1002
vn 0.8327 0.5513 0.0513
vn 0.2980 0.5513 0.7793
vn 0.7078 0.5513 -0.4417
vn -0.0576 0.5162 -0.8545
vn 0.6694 -0.5424 -0.5077
vn 0.7441 -0.6299 0.2223
vn 0.2342 -0.7675 -0.5967
vn 0.6497 -0.5426 0.5325
vn 0.3404 0.7168 -0.6085
vn 0.3369 0.7134 -0.6144
vn 0.3416 0.7142 -0.6108
vn 0.2143 0.9444 -0.2492
vn 0.2130 0.9444 -0.2506
vn 0.2113 0.9445 -0.2515
vn 0.3005 -0.6015 -0.7402
vn 0.5116 -0.8589 -0.0215
vn -0.5190 -0.1909 -0.8332
vn 0.2655 -0.9631 0.0444
vn -0.5351 -0.5311 0.6570
vn -0.1939 -0.5384 -0.8201
vn -0.0599 0.4204 0.9054
vn 0.4092 -0.4304 0.8046
vn 0.8600 0.2340 -0.4535
vn -0.6097 0.7476 0.2634
vn -0.1029 -0.0439 -0.9937
vn 0.5125 -0.7745 -0.3708
vn 0.0970 -0.5768 0.8111
vn 0.4221 -0.1909 0.8862
vn -0.2588 -0.9631 -0.0740
vn -0.3818 -0.6015 0.7017
vn -0.4265 -0.9045 -0.0038
vn 0.5806 -0.5688 -0.5826
vn -0.7784 -0.2592 0.5718
vn -0.2648 -0.1704 0.9491
vn 0.8781 -0.2196 0.4252
vn -0.8787 -0.1704 -0.4459
vn -0.5892 -0.2196 0.7776
vn 0.2104 -0.5824 -0.7852
vn -0.2141 0.8531 0.4759
vn 0.6933 0.0501 0.7189
vn -0.0620 0.7928 -0.6063
vn 0.7842 -0.1745 -0.5955
vn -0.5899 -0.7693 -0.2453
vn 0.3023 0.8531 0.4254
vn 0.9708 0.0501 -0.2345
vn -0.5562 0.7904 -0.2567
vn -0.1171 -0.1745 -0.9777
vn -0.5100 -0.7693 0.3848
vn 0.3120 0.0016 0.9501
vn -0.6894 0.4561 -0.5627
vn -0.3311 0.7476 -0.5757
vn 0.9919 0.0573 -0.1135
vn -0.1977 0.4146 -0.8883
vn 0.7743 -0.6191 -0.1314
vn 0.3916 0.7493 -0.5340
vn -0.4699 -0.0974 -0.8773
vn 0.7904 -0.6017 0.1148
vn 0.4317 -0.8657 0.2534
vn 0.1802 -0.8717 0.4557
vn -0.3738 -0.3714 -0.8499
vn 0.0474 -0.9026 -0.4279
vn 0.7465 -0.3665 0.5553
vn 0.7457 -0.3650 0.5573
vn 0.7447 -0.3654 0.5585
vn -0.1856 0.4561 0.8704
vn -0.3400 0.6725 -0.6574
vn -0.3452 0.6661 -0.6612
vn -0.3461 0.6666 -0.6602
vn -0.1993 -0.8954 0.3982
vn -0.7682 -0.6214 0.1537
vn -0.7604 0.2685 0.5913
vn 0.8340 -0.1668 -0.5260
vn 0.8316 -0.1672 -0.5296
vn 0.8316 -0.1633 -0.5309
vn 0.0523 -0.4512 -0.8909
vn 0.2267 -0.3023 0.9258
vn 0.2211 -0.2825 0.9334
vn 0.2264 -0.2910 0.9296
vn -0.2319 -0.6183 -0.7510
vn -0.2323 -0.6186 -0.7506
vn -0.2316 -0.6189 -0.7505
vn 0.3069 -0.2615 -0.9151
vn 0.3114 -0.2548 -0.9155
vn 0.3097 -0.2633 -0.9137
vn -0.7647 0.3485 0.5421
vn -0.7616 0.3453 0.5484
vn -0.7640 0.3480 0.5433
vn 0.9886 0.0089 0.1502
vn 0.9885 0.0085 0.1508
vn 0.9884 0.0090 0.1515
vn -0.4890 0.8476 0.2059
vn 0.1762 -0.2973 -0.9384
vn 0.1128 0.4647 0.8782
vn 0.1131 0.4587 0.8814
vn 0.1127 0.4635 0.8789
vn 0.8806 -0.4692 -0.0655
vn 0.8792 -0.4719 -0.0658
vn 0.8786 -0.4731 -0.0655
vn -0.1318 -0.3625 -0.9226
vn -0.1365 -0.3640 -0.9213
vn -0.1204 -0.3852 -0.9149
vn 0.2642 -0.5560 0.7880
vn 0.1169 -0.6102 -0.7836
vn 0.8773 0.4003 -0.2647
vn -0.6433 0.5923 -0.4851
vn -0.4040 -0.3220 0.8562
vn 0.5523 0.6346 -0.5406
vn 0.5528 0.6236 -0.5528
vn 0.5483 0.6314 -0.5483
vn 0.4386 -0.7973 -0.4148
vn -0.6651 -0.5214 0.5346
vn 0.2482 0.5747 -0.7798
vn 0.7101 0.5858 0.3906
vn 0.7046 0.5854 0.4011
vn 0.7105 0.5836 0.3933
vn -0.5276 -0.8492 0.0214
vn -0.2393 0.7096 0.6627
vn 0.5271 -0.7973 0.2943
vn -0.7092 -0.5214 -0.4745
vn 0.8183 0.5747 0.0033
vn -0.2306 -0.2771 -0.9328
vn 0.1253 0.7015 0.7015
vn 0.1155 0.5774 0.8083
vn 0.1004 0.6693 0.7362
vn -0.1061 -0.8299 -0.5478
vn 0.2824 -0.5214 -0.8052
vn -0.5438 -0.6466 0.5350
vn -0.8731 0.3804 -0.3049
vn -0.0327 -0.3497 -0.9363
vn -0.2518 -0.2855 0.9247
vn 0.8440 -0.2743 -0.4609
vn 0.0033 -0.9016 0.4325
vn -0.2818 -0.9460 -0.1601
vn 0.5312 0.8324 0.1579
vn 0.0467 -0.9245 -0.3782
vn -0.5772 -0.7606 -0.2972
vn -0.3097 -0.7592 0.5725
s 1
usemtl cgaxis_models_98_14_03
f 28//1 10//2 29//3
f 14//4 10//2 11//5
f 11//5 30//6 12//7
f 15//8 33//9 36//10
f 31//11 23//12 15//8
f 18//13 22//14 19//15
f 19//15 7//16 6//17
f 16//18 12//7 13//19
f 12//7 23//12 5//20
f 25//21 24//22 22//14
f 32//23 3//24 12//7
f 33//9 3//24 13//19
f 2//25 29//3 27//26
f 10//2 12//7 3//24
f 12//7 14//4 11//5
f 10//2 30//6 11//5
f 33//9 12//7 30//6
f 13//19 12//7 33//9
f 22//14 31//11 25//21
f 31//11 32//23 25//21
f 25//21 17//27 24//22
f 19//15 6//17 17//27
f 19//15 17//27 18//13
f 32//23 17//27 25//21
f 26//28 4//29 31//11
f 31//11 15//8 17//27
f 1//30 8//31 2//25
f 2//25 34//32 28//1
f 2//25 27//26 9//33
f 9//33 1//30 2//25
f 8//31 9//33 27//26
f 10//2 33//9 2//25
f 35//34 3//24 4//29
f 36//10 35//34 4//29
f 33//9 15//8 4//29
f 36//10 33//9 35//34
f 8//31 27//26 29//3
f 23//12 16//18 13//19
f 22//14 20//35 19//15
f 21//36 7//16 22//14
f 5//20 18//13 17//27
f 53//37 45//38 64//39
f 49//40 56//41 79//42
f 48//43 40//44 64//39
f 45//38 40//44 75//45
f 48//43 38//46 71//47
f 55//48 44//49 50//50
f 55//48 47//51 43//52
f 61//53 50//50 68//54
f 64//39 38//46 48//43
f 58//55 64//39 37//56
f 73//57 52//58 69//59
f 62//60 50//50 47//51
f 54//61 67//62 78//63
f 57//64 76//65 78//63
f 60//66 43//52 59//67
f 59//67 48//43 41//68
f 73//57 46//69 40//44
f 65//70 62//60 66//71
f 66//71 50//50 65//70
f 62//60 56//41 49//40
f 67//62 49//40 42//72
f 68//54 67//62 61//53
f 67//62 68//54 50//50
f 59//67 43//52 47//51
f 60//66 59//67 38//46
f 38//46 44//49 60//66
f 40//44 48//43 52//58
f 38//46 41//68 71//47
f 46//69 53//37 40//44
f 53//37 46//69 45//38
f 69//59 45//38 73//57
f 45//38 41//68 40//44
f 72//73 71//47 41//68
f 63//74 71//47 72//73
f 44//49 38//46 64//39
f 53//37 75//45 40//44
f 44//49 43//52 60//66
f 43//52 57//64 77//75
f 43//52 77//75 76//65
f 76//65 44//49 55//48
f 78//63 51//76 57//64
f 51//76 77//75 57//64
f 54//61 55//48 59//67
f 59//67 47//51 54//61
f 67//62 42//72 78//63
f 79//42 56//41 42//72
f 79//42 42//72 49//40
f 86//77 81//78 80//79
f 81//78 88//80 80//79
f 88//80 84//81 80//79
f 80//79 82//82 86//77
f 85//83 81//78 82//82
f 85//83 83//84 84//81
f 96//85 109//86 129//87
f 103//88 128//89 118//90
f 120//91 98//92 91//93
f 90//94 92//95 104//96
f 107//97 110//98 94//99
f 108//100 99//101 89//102
f 118//90 128//89 100//103
f 127//104 108//100 128//89
f 114//105 127//104 104//96
f 125//106 121//107 115//108
f 106//109 100//103 108//100
f 99//101 100//103 116//110
f 91//93 117//111 122//112
f 91//93 102//113 106//109
f 106//109 108//100 91//93
f 109//86 100//103 99//101
f 114//105 128//89 108//100
f 99//101 108//100 118//90
f 109//86 116//110 117//111
f 116//110 109//86 112//114
f 97//115 109//86 94//99
f 94//99 95//116 97//115
f 119//117 95//116 94//99
f 99//101 113//118 109//86
f 113//118 99//101 118//90
f 116//110 118//90 89//102
f 100//103 89//102 118//90
f 109//86 95//116 110//98
f 120//91 97//115 98//92
f 98//92 117//111 91//93
f 116//110 122//112 117//111
f 123//119 121//107 114//105
f 123//119 115//108 121//107
f 104//96 108//100 100//103
f 104//96 102//113 108//100
f 91//93 122//112 102//113
f 106//109 102//113 104//96
f 102//113 105//120 114//105
f 124//121 115//108 92//95
f 126//122 125//106 115//108
f 101//123 126//122 124//121
f 115//108 123//119 104//96
f 105//120 104//96 123//119
f 128//89 114//105 104//96
f 125//106 92//95 90//94
f 90//94 128//89 103//88
f 114//105 103//88 127//104
f 96//85 94//99 109//86
f 109//86 89//102 100//103
f 134//124 131//125 130//126
f 132//127 134//124 130//126
f 132//127 131//125 133//128
f 135//129 153//130 150//131
f 162//132 154//133 158//134
f 153//130 155//135 150//131
f 157//136 153//130 146//137
f 148//138 160//139 154//133
f 141//140 146//137 159//141
f 155//135 153//130 156//142
f 153//130 135//129 162//132
f 135//129 151//143 162//132
f 160//139 150//131 156//142
f 156//142 150//131 149//144
f 149//144 155//135 156//142
f 138//145 158//134 146//137
f 152//146 161//147 142//148
f 152//146 160//139 161//147
f 156//142 142//148 160//139
f 157//136 136//149 142//148
f 157//136 142//148 156//142
f 138//145 136//149 157//136
f 141//140 159//141 147//150
f 145//151 136//149 147//150
f 139//152 146//137 152//146
f 154//133 146//137 158//134
f 137//153 146//137 154//133
f 151//143 163//154 162//132
f 148//138 140//155 143//156
f 153//130 157//136 156//142
f 146//137 139//152 159//141
f 212//157 172//158 213//159
f 213//159 222//160 212//157
f 216//161 187//162 168//163
f 168//163 167//164 216//161
f 169//165 216//161 167//164
f 187//162 218//166 168//163
f 218//166 169//165 168//163
f 182//167 167//164 168//163
f 191//168 182//167 168//163
f 218//166 216//161 169//165
f 191//168 167//164 218//166
f 167//164 191//168 169//165
f 174//169 213//159 172//158
f 174//169 172//158 222//160
f 219//170 194//171 207//172
f 209//173 194//171 211//174
f 193//175 199//176 203//177
f 210//178 195//179 177//180
f 208//181 205//182 202//183
f 208//181 199//176 178//184
f 193//175 203//177 204//185
f 167//164 193//175 181//186
f 192//187 193//175 180//188
f 184//189 208//181 189//190
f 178//184 189//190 202//183
f 214//191 178//184 215//192
f 176//193 217//194 183//195
f 206//196 194//171 209//173
f 170//197 194//171 223//198
f 219//170 177//180 211//174
f 219//170 190//199 177//180
f 206//196 170//197 210//178
f 170//197 195//179 210//178
f 201//200 223//198 211//174
f 201//200 171//201 223//198
f 211//174 195//179 201//200
f 174//169 196//202 213//159
f 197//203 202//183 173//204
f 175//205 174//169 173//204
f 172//158 212//157 196//202
f 212//157 222//160 211//174
f 197//203 211//174 202//183
f 173//204 202//183 172//158
f 198//206 178//184 214//191
f 215//192 203//177 214//191
f 172//158 184//189 178//184
f 172//158 198//206 222//160
f 203//177 179//207 178//184
f 203//177 178//184 222//160
f 182//167 215//192 193//175
f 203//177 187//162 216//161
f 182//167 193//175 167//164
f 199//176 179//207 203//177
f 178//184 199//176 193//175
f 193//175 205//182 180//188
f 205//182 188//208 180//188
f 179//207 188//208 205//182
f 192//187 181//186 193//175
f 181//186 203//177 216//161
f 180//188 181//186 192//187
f 191//168 218//166 187//162
f 181//186 217//194 167//164
f 176//193 167//164 217//194
f 181//186 216//161 217//194
f 217//194 216//161 218//166
f 167//164 176//193 218//166
f 214//191 203//177 198//206
f 205//182 199//176 184//189
f 222//160 195//179 174//169
f 200//209 219//170 220//210
f 220//210 221//211 185//212
f 171//201 170//197 223//198
f 194//171 170//197 190//199
f 241//213 233//214 228//215
f 245//216 228//215 233//214
f 227//217 267//218 228//215
f 233//214 267//218 268//219
f 263//220 247//221 261//222
f 268//219 267//218 227//217
f 228//215 264//223 254//224
f 243//225 242//226 260//227
f 260//227 224//228 232//229
f 228//215 229//230 264//223
f 237//231 232//229 225//232
f 254//224 240//233 265//234
f 251//235 246//236 259//237
f 259//237 246//236 231//238
f 243//225 248//239 232//229
f 257//240 225//232 244//241
f 238//242 257//240 236//243
f 238//242 225//232 257//240
f 233//214 241//213 225//232
f 241//213 244//241 225//232
f 241//213 258//244 226//245
f 231//238 234//246 259//237
f 249//247 229//230 258//244
f 260//227 242//226 224//228
f 224//228 243//225 237//231
f 236//243 239//248 253//249
f 238//242 236//243 237//231
f 237//231 225//232 238//242
f 247//221 263//220 237//231
f 262//250 253//249 230//251
f 224//228 237//231 263//220
f 230//251 224//228 263//220
f 251//235 259//237 229//230
f 229//230 228//215 258//244
f 254//224 265//234 234//246
f 259//237 234//246 265//234
f 264//223 259//237 265//234
f 234//246 231//238 250//252
f 266//253 225//232 245//216
f 233//214 268//219 245//216
f 266//253 267//218 233//214
f 266//253 235//254 267//218
f 235//254 266//253 268//219
f 257//240 244//241 239//248
f 232//229 239//248 225//232
f 248//239 260//227 252//255
f 281//256 298//257 285//258
f 285//258 317//259 281//256
f 322//260 321//261 317//259
f 294//262 271//263 312//264
f 271//263 272//265 290//266
f 273//267 269//268 297//269
f 295//270 317//259 298//257
f 332//271 285//258 269//268
f 284//272 281//256 303//273
f 303//273 283//274 284//272
f 273//267 295//270 329//275
f 329//275 331//276 273//267
f 269//268 285//258 297//269
f 279//277 275//278 308//279
f 323//280 306//281 284//272
f 274//282 275//278 279//277
f 293//283 313//284 280//285
f 287//286 334//287 290//266
f 319//288 289//289 276//290
f 305//291 304//292 278//293
f 329//275 281//256 297//269
f 295//270 331//276 330//294
f 308//279 318//295 300//296
f 328//297 327//298 332//271
f 325//299 299//300 326//301
f 311//302 304//292 294//262
f 311//302 278//293 304//292
f 290//266 311//302 305//291
f 296//303 318//295 288//304
f 288//304 333//305 296//303
f 287//286 280//285 333//305
f 315//306 287//286 296//303
f 277//307 296//303 287//286
f 308//279 291//308 316//309
f 315//306 296//303 286//310
f 318//295 277//307 307//311
f 307//311 300//296 318//295
f 293//283 289//289 309//312
f 312//264 309//312 305//291
f 305//291 309//312 289//289
f 289//289 290//266 305//291
f 312//264 305//291 278//293
f 319//288 290//266 289//289
f 288//304 290//266 310//313
f 290//266 313//284 293//283
f 313//284 287//286 288//304
f 287//286 313//284 276//290
f 280//285 308//279 296//303
f 320//314 280//285 276//290
f 292//315 307//311 317//259
f 321//261 323//280 317//259
f 323//280 332//271 303//273
f 303//273 332//271 283//274
f 292//315 317//259 295//270
f 295//270 324//316 275//278
f 307//311 274//282 308//279
f 291//308 308//279 275//278
f 279//277 308//279 270//317
f 324//316 330//294 279//277
f 303//273 281//256 317//259
f 281//256 295//270 298//257
f 283//274 282//318 323//280
f 332//271 327//298 281//256
f 281//256 327//298 301//319
f 325//299 326//301 328//297
f 329//275 295//270 281//256
f 297//269 331//276 329//275
f 285//258 282//318 283//274
f 332//271 282//318 285//258
f 270//317 330//294 292//315
f 330//294 331//276 285//258
f 302//320 328//297 332//271
f 302//320 332//271 297//269
f 291//308 306//281 323//280
f 277//307 315//306 316//309
f 333//305 277//307 287//286
f 334//287 277//307 333//305
f 288//304 314//321 313//284
f 292//315 291//308 307//311
f 269//268 295//270 332//271
f 338//322 339//323 337//324
f 400//325 399//326 342//327
f 342//327 399//326 351//328
f 357//329 378//330 343//331
f 377//332 357//329 343//331
f 395//333 354//334 375//335
f 374//336 395//333 375//335
f 354//334 374//336 346//337
f 370//338 366//339 367//340
f 361//341 396//342 375//335
f 399//326 372//343 351//328
f 353//344 374//336 352//345
f 350//346 356//347 399//326
f 398//348 378//330 357//329
f 358//349 377//332 343//331
f 353//344 345//350 380//351
f 374//336 396//342 346//337
f 348//352 347//353 392//354
f 392//354 355//355 348//352
f 405//356 360//357 348//352
f 369//358 382//359 370//338
f 384//360 348//352 387//361
f 382//359 365//362 388//363
f 342//327 398//348 353//344
f 401//364 398//348 351//328
f 378//330 398//348 377//332
f 389//365 371//366 370//338
f 348//352 341//367 387//361
f 363//368 362//369 388//363
f 384//360 362//369 363//368
f 384//360 389//365 348//352
f 341//367 388//363 362//369
f 365//362 389//365 384//360
f 389//365 369//358 366//339
f 390//370 364//371 389//365
f 389//365 405//356 348//352
f 391//372 392//354 405//356
f 360//357 392//354 353//344
f 402//373 386//374 385//375
f 355//355 385//375 340//376
f 393//377 346//337 392//354
f 375//335 346//337 393//377
f 393//377 361//341 375//335
f 395//333 396//342 361//341
f 392//354 391//372 341//367
f 341//367 391//372 368//378
f 368//378 388//363 341//367
f 354//334 345//350 374//336
f 354//334 347//353 345//350
f 347//353 380//351 345//350
f 347//353 394//379 380//351
f 398//348 400//325 380//351
f 358//349 400//325 344//380
f 358//349 343//331 398//348
f 374//336 380//351 395//333
f 396//342 352//345 345//350
f 396//342 395//333 352//345
f 380//351 397//381 360//357
f 398//348 357//329 358//349
f 359//382 353//344 400//325
f 399//326 377//332 398//348
f 342//327 351//328 398//348
f 353//344 359//382 342//327
f 379//383 400//325 351//328
f 358//349 357//329 399//326
f 399//326 400//325 358//349
f 399//326 398//348 401//364
f 347//353 402//373 360//357
f 386//374 392//354 349//384
f 403//385 340//376 386//374
f 349//384 340//376 403//385
f 392//354 340//376 349//384
f 368//378 364//371 388//363
f 365//362 384//360 388//363
f 381//386 389//365 365//362
f 389//365 366//339 371//366
f 370//338 390//370 389//365
f 367//340 382//359 390//370
f 382//359 383//387 366//339
f 376//388 406//389 390//370
f 382//359 406//389 376//388
f 376//388 390//370 382//359
f 340//376 348//352 355//355
f 364//371 406//389 388//363
f 407//390 408//390 409//390
f 412//391 410//392 411//393
f 413//394 412//391 411//393
f 415//395 416//396 414//397
f 414//397 416//396 415//395
f 420//398 422//399 421//400
f 422//399 420//398 421//400
f 423//401 424//402 425//403
f 428//404 426//405 427//406
f 426//405 428//404 427//406
f 457//407 442//408 458//409
f 445//410 459//411 443//412
f 446//413 462//414 464//415
f 460//416 452//417 446//413
f 449//418 451//419 450//420
f 450//420 441//421 440//422
f 447//423 443//412 444//424
f 443//412 452//417 439//425
f 454//426 453//427 451//419
f 461//428 437//429 443//412
f 462//414 437//429 444//424
f 436//430 458//409 456//431
f 442//408 443//412 437//429
f 442//408 459//411 445//410
f 462//414 443//412 459//411
f 444//424 443//412 462//414
f 451//419 460//416 454//426
f 460//416 461//428 454//426
f 454//426 448//432 453//427
f 450//420 440//422 448//432
f 450//420 448//432 449//418
f 461//428 448//432 454//426
f 455//433 438//434 460//416
f 460//416 446//413 448//432
f 435//435 442//408 436//430
f 436//430 456//431 435//435
f 442//408 435//435 456//431
f 442//408 462//414 436//430
f 463//436 437//429 438//434
f 464//415 463//436 438//434
f 462//414 446//413 438//434
f 464//415 462//414 463//436
f 442//408 456//431 458//409
f 452//417 447//423 444//424
f 440//422 441//421 451//419
f 439//425 449//418 448//432
f 467//390 465//390 466//390
f 470//437 468//438 469//439
f 469//439 468//438 470//437
f 473//390 472//390 471//390
f 476//440 474//441 475//390
f 484//442 480//443 478//444
f 481//445 482//446 483//447
f 481//445 485//448 482//446
f 483//447 484//442 477//449
f 479//450 485//448 484//442
f 478//444 483//447 482//446
f 479//450 478//444 485//448
f 477//449 478//444 482//446
f 484//442 478//444 477//449
f 480//443 482//446 485//448
f 501//451 494//452 515//453
f 493//454 513//455 491//456
f 492//457 491//456 513//455
f 513//455 493//454 502//458
f 499//459 500//460 493//454
f 495//461 501//451 502//458
f 501//451 516//462 502//458
f 496//463 493//454 514//464
f 511//465 501//451 495//461
f 504//466 506//467 511//465
f 508//468 506//467 505//469
f 496//463 511//465 517//470
f 497//471 506//467 510//472
f 514//464 501//451 512//473
f 501//451 514//464 500//460
f 500//460 499//459 491//456
f 491//456 492//457 500//460
f 498//474 494//452 491//456
f 500//460 494//452 501//451
f 501//451 493//454 516//462
f 500//460 514//464 493//454
f 493//454 501//451 515//453
f 499//459 513//455 515//453
f 516//462 515//453 513//455
f 515//453 516//462 495//461
f 495//461 502//458 515//453
f 495//461 503//475 517//470
f 511//465 497//471 503//475
f 503//475 495//461 516//462
f 498//474 515//453 490//476
f 515//453 494//452 490//476
f 512//473 517//470 514//464
f 496//463 504//466 511//465
f 514//464 517//470 504//466
f 504//466 496//463 514//464
f 512//473 511//465 493//454
f 511//465 516//462 493//454
f 507//477 518//478 505//469
f 507//477 506//467 509//479
f 508//468 518//478 507//477
f 517//470 511//465 495//461
f 521//480 520//481 519//482
f 521//480 519//482 520//481
f 541//483 537//484 525//485
f 527//486 533//487 532//488
f 525//485 546//489 528//490
f 536//491 546//489 526//492
f 535//493 536//491 534//494
f 527//486 535//493 528//490
f 528//490 534//494 526//492
f 540//495 525//485 526//492
f 537//484 540//495 526//492
f 541//483 530//496 537//484
f 529//497 523//498 543//499
f 544//500 522//501 543//499
f 522//501 539//502 538//503
f 538//503 539//502 530//496
f 540//495 543//499 523//498
f 537//484 530//496 543//499
f 540//495 523//498 525//485
f 529//497 530//496 531//504
f 531//504 530//496 532//488
f 530//496 541//483 532//488
f 532//488 541//483 546//489
f 528//490 546//489 541//483
f 542//505 543//499 530//496
f 530//496 522//501 544//500
f 532//488 546//489 545//506
f 529//497 524//507 532//488
f 528//490 533//487 527//486
f 526//492 546//489 537//484
f 555//508 553//509 554//510
f 555//508 552//511 553//509
f 554//510 556//512 555//508
f 556//512 551//513 550//514
f 552//511 555//508 551//513
f 550//514 551//513 555//508
f 562//390 561//390 560//390
f 567//515 575//516 577//517
f 571//518 566//519 567//515
f 578//520 581//521 567//515
f 581//521 571//518 568//522
f 568//522 571//518 579//523
f 567//515 572//524 580//525
f 576//526 577//517 578//520
f 578//520 569//527 571//518
f 576//526 578//520 567//515
f 573//528 568//522 579//523
f 581//521 568//522 573//528
f 581//521 572//524 567//515
f 572//524 581//521 580//525
f 581//521 573//528 580//525
f 579//523 567//515 580//525
f 570//529 575//516 567//515
f 582//530 584//531 583//532
f 585//390 586//390 587//390
f 585//390 587//390 586//390
f 588//390 589//390 590//390
f 588//390 590//390 589//390
f 591//533 592//534 594//535
f 591//533 594//535 593//536
f 596//537 597//538 595//539
f 597//538 596//537 595//539
f 599//390 598//540 600//541
f 602//542 603//543 601//544
f 608//545 609//546 607//547
f 611//548 610//549 612//550
f 615//551 616//552 613//553
f 616//552 614//554 613//553
f 613//553 614//554 615//551
f 616//552 615//551 614//554
f 617//555 618//556 619//557
f 621//558 632//559 645//560
f 632//559 630//561 645//560
f 632//559 620//562 630//561
f 621//558 630//561 620//562
f 633//563 639//564 620//562
f 631//565 621//558 633//563
f 621//558 620//562 625//566
f 640//567 627//568 637//569
f 628//570 635//571 629//572
f 637//569 634//573 636//574
f 636//574 634//573 635//571
f 639//564 637//569 635//571
f 626//575 637//569 639//564
f 621//558 640//567 626//575
f 642//576 627//568 640//567
f 640//567 641//577 642//576
f 627//568 625//566 635//571
f 624//578 622//579 640//567
f 641//577 640//567 622//579
f 647//580 624//578 623//581
f 632//559 623//581 620//562
f 632//559 643//582 623//581
f 643//582 645//560 630//561
f 645//560 638//583 622//579
f 633//563 620//562 638//583
f 644//584 638//583 646//585
f 644//584 621//558 638//583
f 644//584 645//560 643//582
f 638//583 645//560 646//585
f 624//578 625//566 623//581
f 625//566 622//579 623//581
f 621//558 622//579 647//580
f 647//580 630//561 621//558
f 637//569 627//568 634//573
f 648//390 649//390 650//390
f 652//390 653//390 651//390
f 652//390 651//390 653//390
f 706//586 680//587 661//588
f 657//589 680//587 703//590
f 660//591 658//592 703//590
f 657//589 661//588 701//593
f 682//594 681//595 702//596
f 662//597 656//598 704//599
f 664//600 699//601 686//602
f 672//603 665//604 667//605
f 668//606 674//607 671//608
f 673//609 698//610 672//603
f 673//609 674//607 690//611
f 691//612 679//613 670//614
f 696//615 693//616 679//613
f 676//617 693//616 696//615
f 694//618 696//615 695//619
f 697//620 679//613 678//621
f 689//622 677//623 676//617
f 668//606 670//614 677//623
f 670//614 667//605 671//608
f 669//624 671//608 667//605
f 669//624 699//601 709//625
f 666//626 709//625 664//600
f 712//627 684//628 687//629
f 658//592 702//596 703//590
f 659//630 703//590 704//599
f 659//630 705//631 658//592
f 705//631 702//596 658//592
f 702//596 705//631 684//628
f 687//629 684//628 659//630
f 663//632 701//593 686//602
f 663//632 700//633 701//593
f 701//593 661//588 702//596
f 682//594 683//634 661//588
f 655//635 682//594 661//588
f 655//635 681//595 682//594
f 663//632 704//599 700//633
f 660//591 659//630 701//593
f 663//632 660//591 662//597
f 660//591 663//632 656//598
f 707//636 661//588 680//587
f 681//595 707//636 706//586
f 707//636 655//635 661//588
f 707//636 681//595 655//635
f 708//637 704//599 703//590
f 662//597 708//637 703//590
f 683//634 702//596 661//588
f 675//638 709//625 666//626
f 672//603 698//610 687//629
f 665//604 659//630 688//639
f 670//614 710//640 667//605
f 688//639 685//641 665//604
f 691//612 676//617 678//621
f 668//606 676//617 691//612
f 668//606 667//605 665//604
f 670//614 668//606 665//604
f 687//629 666//626 664//600
f 664//600 684//628 712//627
f 684//628 664//600 701//593
f 721//642 727//643 719//644
f 731//645 730//646 732//647
f 721//642 735//648 733//649
f 719//644 735//648 721//642
f 720//650 733//649 735//648
f 731//645 732//647 723//651
f 720//650 728//652 722//653
f 720//650 725//654 728//652
f 716//655 725//654 734//656
f 724//657 717//658 736//659
f 736//659 725//654 716//655
f 722//653 730//646 723//651
f 731//645 723//651 730//646
f 728//652 721//642 729//660
f 728//652 725//654 727//643
f 725//654 735//648 727//643
f 725//654 715//661 735//648
f 726//662 725//654 720//650
f 732//647 721//642 723//651
f 742//390 740//390 741//390
f 748//390 746//390 747//390
f 751//663 749//664 750//665
f 756//666 753//667 752//668
f 754//669 756//666 752//668
f 754//669 753//667 755//670
f 759//671 757//672 758//673
f 760//674 759//671 758//673
f 763//390 761//390 762//390
f 764//675 766//676 767//677
f 765//678 767//677 766//676
f 770//679 768//680 769//681
f 771//682 770//679 769//681
f 774//683 772//684 773//685
f 775//686 774//683 773//685
f 777//687 779//688 780//689
f 779//688 776//690 778//691
f 778//691 780//689 779//688
f 778//691 776//690 780//689
f 783//692 781//693 782//694
f 784//695 783//692 782//694
f 791//696 787//697 786//698
f 785//699 788//700 787//697
f 788//700 791//696 786//698
f 785//699 787//697 790//701
f 793//702 795//703 796//704
f 795//703 792//705 794//706
f 794//706 796//704 795//703
f 794//706 792//705 796//704
f 799//707 797//708 798//709
f 800//710 799//707 798//709
f 803//711 801//712 802//713
f 804//714 803//711 802//713
f 807//715 805//716 806//717
f 808//718 807//715 806//717
f 812//719 810//720 811//721
f 809//722 810//720 813//723
f 810//720 812//719 813//723
f 813//723 811//721 809//722
f 811//721 813//723 812//719
f 809//722 811//721 810//720
f 815//724 817//725 818//726
f 817//725 814//727 816//728
f 816//728 818//726 817//725
f 816//728 814//727 818//726
f 821//729 819//730 820//731
f 828//732 823//733 822//734
f 823//733 830//735 822//734
f 830//735 826//736 822//734
f 822//734 824//737 828//732
f 827//738 823//733 824//737
f 827//738 825//739 826//736
f 837//740 835//741 836//742
f 837//740 833//743 835//741
f 836//742 834//744 837//740
f 834//744 832//745 831//746
f 833//743 837//740 832//745
f 831//746 832//745 837//740
f 840//390 838//390 839//390
f 840//390 839//390 838//390
f 842//747 843//748 841//749
f 850//750 845//751 844//752
f 845//751 852//753 844//752
f 852//753 848//754 844//752
f 844//752 846//755 850//750
f 849//756 845//751 846//755
f 849//756 847//757 848//754
f 858//758 856//759 857//760
f 858//758 855//761 856//759
f 857//760 859//762 858//758
f 859//762 854//763 853//764
f 855//761 858//758 854//763
f 853//764 854//763 858//758
f 862//390 861//390 860//390
f 861//390 862//390 860//390
f 868//765 864//766 863//767
f 864//766 870//768 863//767
f 870//768 867//769 863//767
f 863//767 865//770 868//765
f 865//770 866//771 867//769
f 872//772 873//773 871//774
f 879//775 875//776 874//777
f 875//776 881//778 874//777
f 881//778 878//779 874//777
f 874//777 876//780 879//775
f 876//780 877//781 878//779
f 884//390 882//390 883//390
f 890//782 886//783 885//784
f 886//783 892//785 885//784
f 892//785 889//786 885//784
f 885//784 887//787 890//782
f 887//787 888//788 889//786
f 894//789 895//790 893//791
f 902//792 900//793 901//794
f 902//792 898//795 900//793
f 901//794 899//796 902//792
f 899//796 897//797 896//798
f 898//795 902//792 897//797
f 896//798 897//797 902//792
f 905//390 903//390 904//390
f 905//390 904//390 903//390
f 912//799 910//800 911//801
f 912//799 908//802 910//800
f 911//801 909//803 912//799
f 909//803 907//804 906//805
f 908//802 912//799 907//804
f 906//805 907//804 912//799
f 921//806 923//807 919//808
f 922//809 920//810 921//806
f 922//809 918//811 920//810
f 921//806 919//808 922//809
f 919//808 917//812 916//813
f 918//811 922//809 917//812
f 916//813 917//812 922//809
f 941//814 937//815 930//816
f 937//815 931//817 930//816
f 931//817 939//818 936//819
f 939//818 934//820 936//819
f 931//817 936//819 930//816
f 930//816 932//821 941//814
f 937//815 941//814 931//817
f 935//822 931//817 932//821
f 935//822 940//823 934//820
f 949//824 951//825 946//826
f 948//827 944//828 951//825
f 946//826 943//829 942//830
f 949//824 946//826 952//831
f 949//824 952//831 943//829
f 950//832 951//825 943//829
f 951//825 944//828 945//833
f 951//825 945//833 946//826
f 948//827 943//829 946//826
f 952//831 946//826 942//830
f 953//390 955//390 954//390
f 957//834 958//835 956//836
f 970//837 966//838 959//839
f 966//838 960//840 959//839
f 960//840 968//841 965//842
f 968//841 963//843 965//842
f 960//840 965//842 959//839
f 959//839 961//844 970//837
f 966//838 970//837 960//840
f 964//845 960//840 961//844
f 964//845 969//846 963//843
f 978//847 973//848 976//849
f 974//850 977//851 979//852
f 976//849 973//848 971//853
f 977//851 972//854 971//853
f 972//854 975//855 971//853
f 980//856 972//854 976//849
f 976//849 971//853 980//856
f 975//855 972//854 980//856
f 983//857 982//858 981//859
f 990//860 985//861 984//862
f 985//861 992//863 984//862
f 992//863 988//864 984//862
f 984//862 986//865 990//860
f 989//866 985//861 986//865
f 989//866 987//867 988//864
f 994//868 995//869 993//870
f 1002//871 1004//872 999//873
f 1002//871 1000//874 1001//875
f 1003//876 1000//874 1002//871
f 1003//876 998//877 1000//874
f 1001//875 1004//872 1002//871
f 1002//871 999//873 1003//876
f 999//873 997//878 996//879
f 998//877 1003//876 997//878
f 996//879 997//878 1003//876
f 1011//880 1013//881 1008//882
f 1011//880 1009//883 1010//884
f 1012//885 1009//883 1011//880
f 1012//885 1007//886 1009//883
f 1010//884 1013//881 1011//880
f 1011//880 1008//882 1012//885
f 1008//882 1006//887 1005//888
f 1007//886 1012//885 1006//887
f 1005//888 1006//887 1012//885
f 1016//390 1014//390 1015//390
f 1016//390 1015//390 1014//390
f 1019//889 1018//890 1017//891
f 1018//890 1019//889 1017//891
f 1026//892 1021//893 1020//894
f 1021//893 1028//895 1020//894
f 1028//895 1024//896 1020//894
f 1020//894 1022//897 1026//892
f 1025//898 1021//893 1022//897
f 1025//898 1023//899 1024//896
f 1031//390 1029//390 1030//390
f 1031//390 1030//390 1029//390
f 1038//900 1033//901 1032//902
f 1033//901 1040//903 1032//902
f 1040//903 1036//904 1032//902
f 1032//902 1034//905 1038//900
f 1037//906 1033//901 1034//905
f 1037//906 1035//907 1036//904
f 1042//908 1043//909 1041//910
f 1049//911 1051//912 1047//913
f 1050//914 1048//915 1049//911
f 1050//914 1046//916 1048//915
f 1049//911 1047//913 1050//914
f 1047//913 1045//917 1044//918
f 1046//916 1050//914 1045//917
f 1044//918 1045//917 1050//914
f 1054//390 1052//390 1053//390
f 1054//390 1053//390 1052//390
f 1064//919 1058//920 1057//921
f 1056//922 1063//923 1055//924
f 1059//925 1062//926 1055//924
f 1059//925 1063//923 1060//927
f 1062//926 1060//927 1061//928
f 1055//924 1062//926 1058//920
f 1059//925 1060//927 1062//926
f 1063//923 1058//920 1060//927
f 1063//923 1057//921 1058//920
f 1059//925 1055//924 1063//923
f 1058//920 1064//919 1056//922
f 1064//919 1057//921 1063//923
f 1065//929 1066//930 1067//931
f 1068//390 1069//390 1070//390
f 1068//390 1070//390 1069//390
f 1078//932 1081//933 1079//934
f 1075//935 1074//936 1081//933
f 1071//937 1080//938 1081//933
f 1078//932 1071//937 1081//933
f 1073//939 1072//940 1077//941
f 1072//940 1073//939 1079//934
f 1072//940 1081//933 1074//936
f 1078//932 1079//934 1071//937
f 1079//934 1081//933 1072//940
f 1073//939 1077//941 1075//935
f 1079//934 1073//939 1076//942
f 1093//943 1089//944 1082//945
f 1089//944 1083//946 1082//945
f 1083//946 1091//947 1088//948
f 1091//947 1086//949 1088//948
f 1083//946 1088//948 1082//945
f 1082//945 1084//950 1093//943
f 1089//944 1093//943 1083//946
f 1087//951 1083//946 1084//950
f 1087//951 1092//952 1086//949
f 1095//953 1096//954 1094//955
f 1099//956 1097//957 1098//958
f 1111//959 1107//960 1100//961
f 1107//960 1101//962 1100//961
f 1101//962 1109//963 1106//964
f 1109//963 1104//965 1106//964
f 1101//962 1106//964 1100//961
f 1100//961 1102//966 1111//959
f 1107//960 1111//959 1101//962
f 1105//967 1101//962 1102//966
f 1105//967 1110//968 1104//965
f 1119//969 1121//970 1116//971
f 1119//969 1117//972 1118//973
f 1120//974 1117//972 1119//969
f 1120//974 1114//975 1117//972
f 1119//969 1116//971 1120//974
f 1115//976 1112//977 1122//978
f 1116//971 1122//978 1112//977
f 1113//979 1122//978 1116//971
f 1114//975 1120//974 1113//979
f 1115//976 1122//978 1120//974
f 1120//974 1122//978 1113//979
f 1123//390 1124//390 1125//390
f 1123//390 1125//390 1124//390
f 1137//980 1133//981 1126//982
f 1133//981 1127//983 1126//982
f 1127//983 1135//984 1132//985
f 1135//984 1130//986 1132//985
f 1127//983 1132//985 1126//982
f 1126//982 1128//987 1137//980
f 1133//981 1137//980 1127//983
f 1131//988 1127//983 1128//987
f 1131//988 1136//989 1130//986
f 1139//990 1140//991 1138//992
f 1148//993 1150//994 1145//995
f 1148//993 1146//996 1147//997
f 1149//998 1146//996 1148//993
f 1149//998 1143//999 1146//996
f 1148//993 1145//995 1149//998
f 1144//1000 1141//1001 1151//1002
f 1145//995 1151//1002 1141//1001
f 1142//1003 1151//1002 1145//995
f 1143//999 1149//998 1142//1003
f 1144//1000 1151//1002 1149//998
f 1149//998 1151//1002 1142//1003
f 1159//1004 1161//1005 1156//1006
f 1159//1004 1157//1007 1158//1008
f 1160//1009 1157//1007 1159//1004
f 1160//1009 1154//1010 1157//1007
f 1158//1008 1161//1005 1159//1004
f 1159//1004 1156//1006 1160//1009
f 1155//1011 1152//1012 1162//1013
f 1156//1006 1162//1013 1152//1012
f 1153//1014 1162//1013 1156//1006
f 1154//1010 1160//1009 1153//1014
f 1155//1011 1162//1013 1160//1009
f 1160//1009 1162//1013 1153//1014
f 1165//390 1163//390 1164//390
f 1165//390 1164//390 1163//390
f 1168//390 1166//390 1167//390
f 1168//390 1167//390 1166//390
f 1178//1015 1169//1016 1176//1017
f 1177//1018 1169//1016 1179//1019
f 1170//1020 1175//1021 1172//1022
f 1179//1019 1169//1016 1170//1020
f 1169//1016 1174//1023 1176//1017
f 1171//1024 1170//1020 1174//1023
f 1171//1024 1177//1018 1170//1020
f 1174//1023 1170//1020 1176//1017
f 1194//1025 1190//1026 1183//1027
f 1190//1026 1184//1028 1183//1027
f 1184//1028 1192//1029 1189//1030
f 1192//1029 1187//1031 1189//1030
f 1184//1028 1189//1030 1183//1027
f 1183//1027 1185//1032 1194//1025
f 1190//1026 1194//1025 1184//1028
f 1188//1033 1184//1028 1185//1032
f 1188//1033 1193//1034 1187//1031
f 1196//1035 1197//1036 1195//1037
f 1203//1038 1205//1039 1201//1040
f 1204//1041 1202//1042 1203//1038
f 1204//1041 1200//1043 1202//1042
f 1203//1038 1201//1040 1204//1041
f 1201//1040 1206//1044 1198//1045
f 1199//1046 1206//1044 1201//1040
f 1200//1043 1204//1041 1199//1046
f 1198//1045 1206//1044 1204//1041
f 1204//1041 1206//1044 1199//1046
f 1215//390 1214//390 1213//390
f 1221//390 1220//390 1219//390
f 1227//390 1226//390 1225//390
f 1230//1047 1229//1048 1228//1049
f 1231//1050 1232//1051 1233//1052
f 1232//1051 1231//1050 1233//1052
f 1239//390 1238//390 1237//390
f 1240//1053 1241//1054 1242//1055
f 1245//390 1244//390 1243//390
f 1254//1056 1249//1057 1246//1058
f 1255//1059 1249//1057 1250//1060
f 1252//1061 1250//1060 1246//1058
f 1250//1060 1252//1061 1255//1059
f 1253//1062 1248//1063 1256//1064
f 1257//1065 1248//1063 1253//1062
f 1258//1066 1257//1065 1253//1062
f 1257//1065 1258//1066 1246//1058
f 1259//1067 1253//1062 1256//1064
f 1246//1058 1256//1064 1248//1063
f 1255//1059 1248//1063 1260//1068
f 1247//1069 1249//1057 1260//1068
f 1255//1059 1260//1068 1251//1070
f 1277//1071 1283//1072 1280//1073
f 1293//1074 1284//1075 1274//1076
f 1283//1072 1285//1077 1280//1073
f 1287//1078 1283//1072 1273//1079
f 1276//1080 1291//1081 1284//1075
f 1268//1082 1273//1079 1289//1083
f 1285//1077 1283//1072 1286//1084
f 1291//1081 1280//1073 1286//1084
f 1286//1084 1280//1073 1278//1085
f 1278//1085 1285//1077 1286//1084
f 1265//1086 1288//1087 1273//1079
f 1282//1088 1292//1089 1269//1090
f 1282//1088 1291//1081 1292//1089
f 1286//1084 1269//1090 1291//1081
f 1287//1078 1263//1091 1269//1090
f 1287//1078 1269//1090 1286//1084
f 1265//1086 1263//1091 1287//1078
f 1268//1082 1289//1083 1275//1092
f 1272//1093 1263//1091 1275//1092
f 1266//1094 1273//1079 1282//1088
f 1284//1075 1273//1079 1274//1076
f 1273//1079 1288//1087 1274//1076
f 1264//1095 1273//1079 1284//1075
f 1281//1096 1293//1074 1277//1071
f 1293//1074 1264//1095 1277//1071
f 1276//1080 1267//1097 1295//1098
f 1283//1072 1287//1078 1286//1084
f 1273//1079 1266//1094 1289//1083
f 1270//1099 1278//1085 1279//1100
f 1297//1101 1306//1102 1308//1103
f 1302//1104 1296//1105 1297//1101
f 1309//1106 1312//1107 1297//1101
f 1312//1107 1301//1108 1298//1109
f 1298//1109 1301//1108 1310//1110
f 1297//1101 1303//1111 1311//1112
f 1307//1113 1308//1103 1309//1106
f 1309//1106 1299//1114 1301//1108
f 1307//1113 1309//1106 1297//1101
f 1304//1115 1298//1109 1310//1110
f 1312//1107 1298//1109 1304//1115
f 1312//1107 1303//1111 1297//1101
f 1303//1111 1312//1107 1311//1112
f 1312//1107 1304//1115 1311//1112
f 1310//1110 1297//1101 1311//1112
f 1300//1116 1306//1102 1297//1101
f 1301//1108 1296//1105 1302//1104
f 1315//1117 1335//1118 1331//1119
f 1335//1118 1336//1120 1331//1119
f 1339//1121 1335//1118 1341//1122
f 1329//1123 1341//1122 1343//1124
f 1323//1125 1334//1126 1340//1127
f 1336//1120 1335//1118 1337//1128
f 1335//1118 1315//1117 1317//1129
f 1315//1117 1332//1130 1317//1129
f 1341//1122 1331//1119 1337//1128
f 1337//1128 1331//1119 1330//1131
f 1330//1131 1336//1120 1337//1128
f 1334//1126 1339//1121 1316//1132
f 1320//1133 1339//1121 1334//1126
f 1333//1134 1342//1135 1324//1136
f 1333//1134 1341//1122 1342//1135
f 1337//1128 1324//1136 1341//1122
f 1339//1121 1318//1137 1324//1136
f 1339//1121 1324//1136 1337//1128
f 1320//1133 1318//1137 1339//1121
f 1323//1125 1340//1127 1328//1138
f 1327//1139 1318//1137 1328//1138
f 1321//1140 1334//1126 1333//1134
f 1341//1122 1316//1132 1338//1141
f 1319//1142 1341//1122 1338//1141
f 1332//1130 1344//1143 1317//1129
f 1343//1124 1319//1142 1317//1129
f 1343//1124 1316//1132 1319//1142
f 1329//1123 1322//1144 1325//1145
f 1335//1118 1339//1121 1337//1128
f 1334//1126 1321//1140 1340//1127
f 1346//1146 1355//1147 1357//1148
f 1351//1149 1345//1150 1346//1146
f 1358//1151 1361//1152 1346//1146
f 1361//1152 1350//1153 1347//1154
f 1347//1154 1350//1153 1359//1155
f 1346//1146 1352//1156 1360//1157
f 1356//1158 1357//1148 1358//1151
f 1358//1151 1348//1159 1350//1153
f 1356//1158 1358//1151 1346//1146
f 1353//1160 1347//1154 1359//1155
f 1361//1152 1347//1154 1353//1160
f 1361//1152 1352//1156 1346//1146
f 1352//1156 1361//1152 1360//1157
f 1361//1152 1353//1160 1360//1157
f 1359//1155 1346//1146 1360//1157
f 1349//1161 1355//1147 1346//1146
f 1350//1153 1345//1150 1351//1149
f 1364//1162 1382//1163 1379//1164
f 1391//1165 1383//1166 1387//1167
f 1382//1163 1384//1168 1379//1164
f 1386//1169 1382//1163 1375//1170
f 1377//1171 1389//1172 1383//1166
f 1370//1173 1375//1170 1388//1174
f 1384//1168 1382//1163 1385//1175
f 1382//1163 1364//1162 1391//1165
f 1364//1162 1380//1176 1391//1165
f 1389//1172 1379//1164 1385//1175
f 1385//1175 1379//1164 1378//1177
f 1378//1177 1384//1168 1385//1175
f 1367//1178 1387//1167 1375//1170
f 1381//1179 1390//1180 1371//1181
f 1381//1179 1389//1172 1390//1180
f 1385//1175 1371//1181 1389//1172
f 1386//1169 1365//1182 1371//1181
f 1386//1169 1371//1181 1385//1175
f 1367//1178 1365//1182 1386//1169
f 1370//1173 1388//1174 1376//1183
f 1374//1184 1365//1182 1376//1183
f 1368//1185 1375//1170 1381//1179
f 1383//1166 1375//1170 1387//1167
f 1366//1186 1375//1170 1383//1166
f 1380//1176 1392//1187 1391//1165
f 1377//1171 1369//1188 1372//1189
f 1382//1163 1386//1169 1385//1175
f 1375//1170 1368//1185 1388//1174
f 1402//1190 1394//1191 1404//1192
f 1399//1193 1404//1192 1397//1194
f 1399//1193 1395//1195 1404//1192
f 1395//1195 1399//1193 1397//1194
f 1397//1194 1403//1196 1395//1195
f 1406//1197 1393//1198 1400//1199
f 1397//1194 1404//1192 1393//1198
f 1401//1200 1405//1201 1393//1198
f 1401//1200 1406//1197 1407//1202
f 1406//1197 1408//1203 1404//1192
f 1409//1204 1407//1202 1405//1201
f 1404//1192 1401//1200 1393//1198
f 1396//1205 1403//1196 1393//1198
f 1398//1206 1410//1207 1393//1198
f 1394//1191 1410//1207 1398//1206
f 1413//1208 1432//1209 1428//1210
f 1414//1211 1433//1212 1437//1213
f 1432//1209 1434//1214 1428//1210
f 1436//1215 1432//1209 1439//1216
f 1426//1217 1441//1218 1433//1212
f 1420//1219 1431//1220 1438//1221
f 1434//1214 1432//1209 1435//1222
f 1432//1209 1413//1208 1414//1211
f 1413//1208 1429//1223 1414//1211
f 1441//1218 1428//1210 1435//1222
f 1435//1222 1428//1210 1427//1224
f 1427//1224 1434//1214 1435//1222
f 1417//1225 1437//1213 1431//1220
f 1430//1226 1431//1220 1439//1216
f 1415//1227 1443//1228 1440//1229
f 1415//1227 1440//1229 1421//1230
f 1442//1231 1421//1230 1443//1228
f 1439//1216 1441//1218 1442//1231
f 1435//1222 1421//1230 1441//1218
f 1436//1215 1415//1227 1421//1230
f 1436//1215 1421//1230 1435//1222
f 1417//1225 1415//1227 1436//1215
f 1415//1227 1431//1220 1443//1228
f 1420//1219 1438//1221 1425//1232
f 1424//1233 1443//1228 1425//1232
f 1418//1234 1431//1220 1430//1226
f 1433//1212 1439//1216 1437//1213
f 1416//1235 1439//1216 1433//1212
f 1429//1223 1444//1236 1414//1211
f 1426//1217 1419//1237 1422//1238
f 1432//1209 1436//1215 1435//1222
f 1431//1220 1418//1234 1438//1221
f 1446//1239 1455//1240 1457//1241
f 1451//1242 1445//1243 1446//1239
f 1458//1244 1461//1245 1446//1239
f 1461//1245 1450//1246 1447//1247
f 1447//1247 1450//1246 1459//1248
f 1446//1239 1452//1249 1460//1250
f 1456//1251 1457//1241 1458//1244
f 1458//1244 1448//1252 1450//1246
f 1456//1251 1458//1244 1446//1239
f 1453//1253 1447//1247 1459//1248
f 1461//1245 1447//1247 1453//1253
f 1461//1245 1452//1249 1446//1239
f 1452//1249 1461//1245 1460//1250
f 1461//1245 1453//1253 1460//1250
f 1459//1248 1446//1239 1460//1250
f 1449//1254 1455//1240 1446//1239
f 1450//1246 1445//1243 1451//1242
f 1464//1255 1482//1256 1479//1257
f 1491//1258 1483//1259 1487//1260
f 1482//1256 1484//1261 1479//1257
f 1486//1262 1482//1256 1475//1263
f 1477//1264 1489//1265 1483//1259
f 1470//1266 1475//1263 1488//1267
f 1484//1261 1482//1256 1485//1268
f 1482//1256 1464//1255 1491//1258
f 1464//1255 1480//1269 1491//1258
f 1489//1265 1479//1257 1485//1268
f 1485//1268 1479//1257 1478//1270
f 1478//1270 1484//1261 1485//1268
f 1467//1271 1487//1260 1475//1263
f 1481//1272 1490//1273 1471//1274
f 1481//1272 1489//1265 1490//1273
f 1485//1268 1471//1274 1489//1265
f 1486//1262 1465//1275 1471//1274
f 1486//1262 1471//1274 1485//1268
f 1467//1271 1465//1275 1486//1262
f 1470//1266 1488//1267 1476//1276
f 1474//1277 1465//1275 1476//1276
f 1468//1278 1475//1263 1481//1272
f 1483//1259 1475//1263 1487//1260
f 1466//1279 1475//1263 1483//1259
f 1480//1269 1492//1280 1491//1258
f 1477//1264 1469//1281 1472//1282
f 1482//1256 1486//1262 1485//1268
f 1475//1263 1468//1278 1488//1267
f 1494//1283 1502//1284 1504//1285
f 1498//1286 1493//1287 1494//1283
f 1505//1288 1499//1289 1494//1283
f 1499//1289 1498//1286 1495//1290
f 1495//1290 1498//1286 1506//1291
f 1494//1283 1499//1289 1507//1292
f 1503//1293 1504//1285 1505//1288
f 1505//1288 1496//1294 1498//1286
f 1503//1293 1505//1288 1494//1283
f 1500//1295 1495//1290 1506//1291
f 1499//1289 1495//1290 1500//1295
f 1499//1289 1500//1295 1507//1292
f 1506//1291 1494//1283 1507//1292
f 1497//1296 1502//1284 1494//1283
f 1511//1297 1513//1298 1520//1299
f 1519//1300 1528//1301 1522//1302
f 1510//1303 1523//1304 1515//1305
f 1526//1306 1515//1305 1524//1307
f 1525//1308 1510//1303 1518//1309
f 1510//1303 1525//1308 1526//1306
f 1525//1308 1518//1309 1526//1306
f 1521//1310 1513//1298 1527//1311
f 1512//1312 1513//1298 1521//1310
f 1518//1309 1519//1300 1513//1298
f 1522//1302 1512//1312 1514//1313
f 1529//1314 1514//1313 1527//1311
f 1519//1300 1527//1311 1513//1298
f 1515//1305 1516//1315 1517//1316
f 1516//1315 1511//1297 1517//1316
f 1512//1312 1511//1297 1520//1299
f 1539//1317 1533//1318 1532//1319
f 1533//1318 1541//1320 1538//1321
f 1541//1320 1536//1322 1538//1321
f 1533//1318 1538//1321 1532//1319
f 1532//1319 1534//1323 1539//1317
f 1537//1324 1533//1318 1534//1323
f 1537//1324 1535//1325 1536//1322
f 1544//1326 1542//1327 1543//1328
f 1551//1329 1553//1330 1548//1331
f 1551//1329 1549//1332 1550//1333
f 1552//1334 1549//1332 1551//1329
f 1552//1334 1547//1335 1549//1332
f 1550//1333 1553//1330 1551//1329
f 1551//1329 1548//1331 1552//1334
f 1548//1331 1546//1336 1545//1337
f 1547//1335 1552//1334 1546//1336
f 1545//1337 1546//1336 1552//1334
f 1559//1338 1558//1339 1557//1340
f 1557//1340 1558//1339 1559//1338
f 1560//1341 1562//1342 1563//1343
f 1561//1344 1563//1343 1562//1342
f 1566//1345 1564//1346 1565//1347
f 1567//1348 1566//1345 1565//1347
f 1570//1349 1568//1350 1569//1351
f 1571//1352 1570//1349 1569//1351
f 1572//1353 1574//1354 1575//1355
f 1573//1356 1575//1355 1574//1354
f 1579//1357 1577//1358 1578//1359
f 1576//1360 1577//1358 1579//1357
f 1579//1357 1578//1359 1576//1360
f 1576//1360 1578//1359 1577//1358
f 1585//1361 1581//1362 1580//1363
f 1581//1362 1587//1364 1580//1363
f 1587//1364 1584//1365 1580//1363
f 1580//1363 1582//1366 1585//1361
f 1582//1366 1583//1367 1584//1365
f 1590//1368 1588//1369 1589//1370
f 1591//1371 1590//1368 1589//1370
f 1593//1372 1592//1373 1596//1374
f 1594//1375 1596//1374 1592//1373
f 1594//1375 1592//1373 1595//1376
f 1592//1373 1593//1372 1595//1376
f 1602//1377 1598//1378 1597//1379
f 1598//1378 1604//1380 1597//1379
f 1604//1380 1601//1381 1597//1379
f 1597//1379 1599//1382 1602//1377
f 1599//1382 1600//1383 1601//1381
f 1610//1384 1606//1385 1605//1386
f 1606//1385 1612//1387 1605//1386
f 1612//1387 1609//1388 1605//1386
f 1605//1386 1607//1389 1610//1384
f 1607//1389 1608//1390 1609//1388
f 1618//1391 1616//1392 1617//1393
f 1618//1391 1615//1394 1616//1392
f 1617//1393 1619//1395 1618//1391
f 1619//1395 1614//1396 1613//1397
f 1615//1394 1618//1391 1614//1396
f 1613//1397 1614//1396 1618//1391
f 1625//1398 1623//1399 1624//1400
f 1625//1398 1622//1401 1623//1399
f 1624//1400 1626//1402 1625//1398
f 1626//1402 1621//1403 1620//1404
f 1622//1401 1625//1398 1621//1403
f 1620//1404 1621//1403 1625//1398
f 1627//1405 1629//1406 1628//1407
f 1632//1408 1630//1409 1631//1410
f 1633//1411 1632//1408 1631//1410
f 1634//1412 1636//1413 1637//1414
f 1635//1415 1637//1414 1636//1413
f 1639//1416 1640//1417 1638//1418
f 1643//1419 1642//1420 1641//1421
f 1642//1420 1643//1419 1641//1421
f 1648//1422 1649//1423 1647//1424
f 1651//1425 1652//1426 1650//1427
f 1654//390 1655//390 1653//390
f 1676//1428 1666//1429 1656//1430
f 1677//1431 1675//1432 1660//1433
f 1660//1433 1662//1434 1663//1435
f 1663//1435 1670//1436 1661//1437
f 1664//1438 1671//1439 1663//1435
f 1672//1440 1662//1434 1664//1438
f 1662//1434 1671//1439 1664//1438
f 1673//1441 1674//1442 1664//1438
f 1672//1440 1674//1442 1673//1441
f 1666//1429 1658//1443 1675//1432
f 1657//1444 1659//1445 1658//1443
f 1676//1428 1656//1430 1657//1444
f 1679//1446 1658//1443 1659//1445
f 1679//1446 1675//1432 1658//1443
f 1679//1446 1663//1435 1675//1432
f 1663//1435 1679//1446 1660//1433
f 1667//1447 1666//1429 1668//1448
f 1668//1448 1677//1431 1662//1434
f 1663//1435 1662//1434 1677//1431
f 1678//1449 1658//1443 1666//1429
f 1676//1428 1658//1443 1665//1450
f 1666//1429 1667//1447 1657//1444
f 1660//1433 1679//1446 1659//1445
f 1667//1447 1659//1445 1657//1444
f 1678//1449 1665//1450 1658//1443
f 1666//1429 1676//1428 1665//1450
f 1677//1431 1668//1448 1666//1429
f 1668//1448 1662//1434 1669//1451
f 1662//1434 1661//1437 1669//1451
f 1668//1448 1669//1451 1661//1437
f 1668//1448 1670//1436 1659//1445
f 1670//1436 1663//1435 1659//1445
f 1670//1436 1668//1448 1661//1437
f 1687//1452 1681//1453 1711//1454
f 1697//1455 1706//1456 1724//1457
f 1696//1458 1684//1459 1691//1460
f 1716//1461 1692//1462 1686//1463
f 1717//1464 1680//1465 1698//1466
f 1705//1467 1693//1468 1689//1469
f 1709//1470 1698//1466 1715//1471
f 1692//1462 1696//1458 1686//1463
f 1699//1472 1711//1454 1701//1473
f 1691//1460 1681//1453 1695//1474
f 1710//1475 1698//1466 1693//1468
f 1704//1476 1714//1477 1723//1478
f 1707//1479 1721//1480 1723//1478
f 1717//1464 1696//1458 1685//1481
f 1699//1472 1684//1459 1702//1482
f 1703//1483 1720//1484 1718//1485
f 1712//1486 1710//1475 1713//1487
f 1713//1487 1698//1466 1712//1486
f 1710//1475 1706//1456 1697//1455
f 1714//1477 1697//1455 1688//1488
f 1715//1471 1714//1477 1709//1470
f 1714//1477 1715//1471 1698//1466
f 1694//1489 1689//1469 1693//1468
f 1692//1462 1684//1459 1696//1458
f 1695//1474 1692//1462 1691//1460
f 1703//1483 1695//1474 1682//1490
f 1720//1484 1719//1491 1718//1485
f 1682//1490 1699//1472 1681//1453
f 1691//1460 1701//1473 1681//1453
f 1687//1452 1699//1472 1702//1482
f 1690//1492 1689//1469 1708//1493
f 1694//1489 1690//1492 1708//1493
f 1689//1469 1690//1492 1680//1465
f 1689//1469 1707//1479 1722//1494
f 1689//1469 1722//1494 1721//1480
f 1721//1480 1680//1465 1705//1467
f 1723//1478 1700//1495 1707//1479
f 1700//1495 1722//1494 1707//1479
f 1717//1464 1693//1468 1704//1476
f 1694//1489 1693//1468 1717//1464
f 1714//1477 1688//1488 1723//1478
f 1724//1457 1706//1456 1688//1488
f 1724//1457 1688//1488 1697//1455
f 1727//1496 1725//1497 1726//1498
f 1728//390 1729//390 1730//390
f 1733//1499 1756//1500 1767//1501
f 1747//1502 1736//1503 1741//1504
f 1753//1505 1771//1506 1763//1507
f 1771//1506 1762//1508 1763//1507
f 1747//1502 1734//1509 1751//1510
f 1758//1511 1740//1512 1753//1505
f 1754//1513 1759//1514 1739//1515
f 1764//1516 1763//1507 1750//1517
f 1741//1504 1734//1509 1747//1502
f 1736//1503 1747//1502 1744//1518
f 1744//1518 1733//1499 1732//1519
f 1765//1520 1767//1501 1736//1503
f 1761//1521 1771//1506 1759//1514
f 1755//1522 1769//1523 1772//1524
f 1760//1525 1759//1514 1758//1511
f 1756//1500 1732//1519 1767//1501
f 1742//1526 1766//1527 1756//1500
f 1733//1499 1752//1528 1736//1503
f 1734//1509 1741//1504 1740//1512
f 1766//1527 1743//1529 1767//1501
f 1762//1508 1738//1530 1737//1531
f 1763//1507 1762//1508 1748//1532
f 1772//1524 1763//1507 1748//1532
f 1763//1507 1758//1511 1753//1505
f 1750//1517 1749//1533 1764//1516
f 1749//1533 1750//1517 1763//1507
f 1753//1505 1772//1524 1761//1521
f 1761//1521 1754//1513 1753//1505
f 1760//1525 1758//1511 1734//1509
f 1734//1509 1739//1515 1760//1525
f 1741//1504 1751//1510 1740//1512
f 1751//1510 1744//1518 1740//1512
f 1744//1518 1757//1534 1740//1512
f 1766//1527 1765//1520 1756//1500
f 1764//1516 1745//1535 1758//1511
f 1751//1510 1756//1500 1733//1499
f 1742//1526 1767//1501 1768//1536
f 1743//1529 1766//1527 1742//1526
f 1768//1536 1767//1501 1743//1529
f 1756//1500 1744//1518 1732//1519
f 1736//1503 1732//1519 1733//1499
f 1739//1515 1734//1509 1740//1512
f 1767//1501 1732//1519 1736//1503
f 1739//1515 1755//1522 1770//1537
f 1769//1523 1740//1512 1754//1513
f 1772//1524 1738//1530 1755//1522
f 1738//1530 1770//1537 1755//1522
f 1772//1524 1737//1531 1738//1530
f 1748//1532 1737//1531 1772//1524
f 1731//1538 1746//1539 1737//1531
f 1731//1538 1737//1531 1748//1532
f 1737//1531 1746//1539 1762//1508
f 1774//390 1773//390 1775//390
f 1776//390 1777//390 1778//390
f 1781//1540 1806//1541 1815//1542
f 1798//1543 1784//1544 1788//1545
f 1803//1546 1819//1547 1811//1548
f 1819//1547 1810//1549 1811//1548
f 1798//1543 1782//1550 1790//1551
f 1807//1552 1793//1553 1803//1546
f 1804//1554 1795//1555 1787//1556
f 1788//1545 1782//1550 1798//1543
f 1794//1557 1781//1540 1780//1558
f 1813//1559 1815//1542 1784//1544
f 1809//1560 1819//1547 1795//1555
f 1805//1561 1817//1562 1820//1563
f 1808//1564 1787//1556 1807//1552
f 1806//1541 1780//1558 1815//1542
f 1791//1565 1814//1566 1806//1541
f 1781//1540 1802//1567 1784//1544
f 1814//1566 1792//1568 1815//1542
f 1820//1563 1793//1553 1801//1569
f 1810//1549 1786//1570 1785//1571
f 1811//1548 1810//1549 1799//1572
f 1820//1563 1811//1548 1799//1572
f 1811//1548 1807//1552 1803//1546
f 1812//1573 1801//1569 1789//1574
f 1789//1574 1811//1548 1812//1573
f 1803//1546 1820//1563 1809//1560
f 1809//1560 1804//1554 1803//1546
f 1807//1552 1787//1556 1795//1555
f 1808//1564 1807//1552 1782//1550
f 1782//1550 1793//1553 1808//1564
f 1814//1566 1813//1559 1806//1541
f 1789//1574 1800//1575 1794//1557
f 1789//1574 1796//1576 1807//1552
f 1790//1551 1806//1541 1781//1540
f 1794//1557 1788//1545 1790//1551
f 1791//1565 1815//1542 1816//1577
f 1792//1568 1814//1566 1791//1565
f 1816//1577 1815//1542 1792//1568
f 1806//1541 1794//1557 1780//1558
f 1784//1544 1780//1558 1781//1540
f 1793//1553 1782//1550 1788//1545
f 1815//1542 1780//1558 1784//1544
f 1793//1553 1787//1556 1808//1564
f 1787//1556 1805//1561 1818//1578
f 1817//1562 1793//1553 1804//1554
f 1820//1563 1786//1570 1805//1561
f 1786//1570 1818//1578 1805//1561
f 1820//1563 1785//1571 1786//1570
f 1799//1572 1785//1571 1820//1563
f 1779//1579 1797//1580 1785//1571
f 1779//1579 1785//1571 1799//1572
f 1785//1571 1797//1580 1810//1549
f 1822//390 1821//390 1823//390
f 1824//390 1825//390 1826//390
f 1848//1581 1844//1582 1833//1583
f 1833//1583 1852//1584 1839//1585
f 1840//1586 1852//1584 1843//1587
f 1841//1588 1840//1586 1842//1589
f 1842//1589 1843//1587 1841//1588
f 1847//1590 1833//1583 1843//1587
f 1844//1582 1847//1590 1843//1587
f 1848//1581 1836//1591 1844//1582
f 1835//1592 1837//1593 1850//1594
f 1830//1595 1846//1596 1845//1597
f 1845//1597 1846//1596 1836//1591
f 1844//1582 1836//1591 1837//1593
f 1847//1590 1837//1593 1833//1583
f 1835//1592 1836//1591 1838//1598
f 1838//1598 1836//1591 1831//1599
f 1836//1591 1848//1581 1831//1599
f 1831//1599 1848//1581 1852//1584
f 1839//1585 1852//1584 1848//1581
f 1849//1600 1837//1593 1836//1591
f 1836//1591 1830//1595 1850//1594
f 1831//1599 1852//1584 1851//1601
f 1832//1602 1831//1599 1834//1603
f 1839//1585 1832//1602 1843//1587
f 1843//1587 1852//1584 1844//1582
f 1854//1604 1855//1605 1853//1606
f 1858//1607 1859//1608 1897//1609
f 1875//1610 1859//1608 1863//1611
f 1859//1608 1883//1612 1863//1611
f 1889//1613 1877//1614 1860//1615
f 1876//1616 1871//1617 1865//1618
f 1864//1619 1885//1620 1871//1617
f 1893//1621 1880//1622 1870//1623
f 1889//1613 1891//1624 1888//1625
f 1889//1613 1869//1626 1874//1627
f 1874//1627 1876//1616 1889//1613
f 1885//1620 1888//1625 1871//1617
f 1869//1626 1861//1628 1893//1621
f 1864//1619 1876//1616 1892//1629
f 1890//1630 1859//1608 1864//1619
f 1864//1619 1888//1625 1890//1630
f 1885//1620 1864//1619 1859//1608
f 1859//1608 1858//1607 1885//1620
f 1877//1614 1885//1620 1860//1615
f 1877//1614 1889//1613 1885//1620
f 1870//1623 1888//1625 1865//1618
f 1864//1619 1892//1629 1888//1625
f 1871//1617 1888//1625 1892//1629
f 1871//1617 1892//1629 1865//1618
f 1882//1631 1883//1612 1859//1608
f 1885//1620 1891//1624 1860//1615
f 1889//1613 1860//1615 1891//1624
f 1867//1632 1878//1633 1869//1626
f 1867//1632 1881//1634 1868//1635
f 1861//1628 1869//1626 1878//1633
f 1893//1621 1866//1636 1869//1626
f 1870//1623 1869//1626 1876//1616
f 1889//1613 1894//1637 1869//1626
f 1888//1625 1874//1627 1894//1637
f 1889//1613 1888//1625 1894//1637
f 1874//1627 1869//1626 1856//1638
f 1867//1632 1870//1623 1881//1634
f 1870//1623 1879//1639 1856//1638
f 1873//1640 1879//1639 1869//1626
f 1861//1628 1878//1633 1886//1641
f 1866//1636 1880//1622 1887//1642
f 1893//1621 1887//1642 1880//1622
f 1891//1624 1872//1643 1875//1610
f 1858//1607 1872//1643 1891//1624
f 1857//1644 1883//1612 1884//1645
f 1857//1644 1862//1646 1858//1607
f 1875//1610 1863//1611 1891//1624
f 1899//390 1900//390 1898//390
f 1907//1647 1925//1648 1944//1649
f 1917//1650 1923//1651 1905//1652
f 1931//1653 1926//1654 1921//1655
f 1918//1656 1914//1657 1909//1658
f 1908//1659 1925//1648 1914//1657
f 1936//1660 1922//1661 1913//1662
f 1931//1653 1906//1663 1930//1664
f 1931//1653 1915//1665 1938//1666
f 1925//1648 1930//1664 1914//1657
f 1915//1665 1903//1667 1936//1660
f 1908//1659 1918//1656 1934//1668
f 1933//1669 1935//1670 1908//1659
f 1908//1659 1930//1664 1933//1669
f 1925//1648 1908//1659 1935//1670
f 1943//1671 1906//1663 1925//1648
f 1924//1672 1923//1651 1906//1663
f 1926//1654 1918//1656 1925//1648
f 1910//1673 1937//1674 1934//1668
f 1937//1674 1930//1664 1909//1658
f 1908//1659 1934//1668 1930//1664
f 1914//1657 1930//1664 1934//1668
f 1914//1657 1934//1668 1909//1658
f 1905//1652 1924//1672 1906//1663
f 1925//1648 1906//1663 1926//1654
f 1921//1655 1926//1654 1902//1675
f 1931//1653 1902//1675 1906//1663
f 1938//1666 1918//1656 1926//1654
f 1918//1656 1915//1665 1910//1673
f 1920//1676 1932//1677 1915//1665
f 1903//1667 1915//1665 1932//1677
f 1936//1660 1910//1673 1915//1665
f 1913//1662 1915//1665 1937//1674
f 1937//1674 1918//1656 1938//1666
f 1931//1653 1939//1678 1915//1665
f 1930//1664 1938//1666 1939//1678
f 1931//1653 1930//1664 1939//1678
f 1938//1666 1915//1665 1913//1662
f 1920//1676 1940//1679 1932//1677
f 1932//1677 1927//1680 1919//1681
f 1911//1682 1928//1683 1932//1677
f 1927//1680 1940//1679 1913//1662
f 1913//1662 1920//1676 1916//1684
f 1916//1684 1920//1676 1915//1665
f 1910//1673 1922//1661 1929//1685
f 1936//1660 1929//1685 1922//1661
f 1936//1660 1913//1662 1937//1674
f 1901//1686 1924//1672 1905//1652
f 1905//1652 1904//1687 1901//1686
f 1917//1650 1905//1652 1943//1671
f 1947//390 1945//1688 1946//1689
f 1961//1690 1973//1691 1975//1692
f 1951//1693 1973//1691 1954//1694
f 1953//1695 1949//1696 1951//1693
f 1955//1697 1951//1693 1949//1696
f 1952//1698 1955//1697 1953//1695
f 1953//1695 1955//1697 1962//1699
f 1957//1700 1961//1690 1962//1699
f 1961//1690 1976//1701 1962//1699
f 1958//1702 1955//1697 1971//1703
f 1956//1704 1961//1690 1957//1700
f 1977//1705 1965//1706 1970//1707
f 1967//1708 1965//1706 1964//1709
f 1956//1704 1958//1702 1970//1707
f 1959//1710 1965//1706 1969//1711
f 1971//1703 1974//1712 1972//1713
f 1974//1712 1961//1690 1972//1713
f 1948//1714 1955//1697 1949//1696
f 1951//1693 1974//1712 1948//1714
f 1951//1693 1952//1698 1974//1712
f 1973//1691 1951//1693 1948//1714
f 1960//1715 1973//1691 1948//1714
f 1974//1712 1954//1694 1973//1691
f 1974//1712 1973//1691 1961//1690
f 1961//1690 1955//1697 1976//1701
f 1955//1697 1961//1690 1975//1692
f 1949//1696 1953//1695 1975//1692
f 1976//1701 1975//1692 1953//1695
f 1975//1692 1976//1701 1957//1700
f 1957//1700 1962//1699 1975//1692
f 1957//1700 1963//1716 1956//1704
f 1970//1707 1959//1710 1963//1716
f 1963//1716 1957//1700 1976//1701
f 1960//1715 1975//1692 1950//1717
f 1975//1692 1973//1691 1950//1717
f 1972//1713 1977//1705 1971//1703
f 1971//1703 1977//1705 1970//1707
f 1970//1707 1958//1702 1971//1703
f 1972//1713 1956//1704 1955//1697
f 1970//1707 1976//1701 1955//1697
f 1956//1704 1970//1707 1955//1697
f 1959//1710 1966//1718 1956//1704
f 1966//1718 1978//1719 1964//1709
f 1966//1718 1965//1706 1968//1720
f 1967//1708 1978//1719 1966//1718
f 1980//390 1981//1721 1979//390
f 1995//1722 2008//1723 2010//1724
f 1984//1725 2008//1723 1987//1726
f 1986//1727 1982//1728 1984//1725
f 1985//1729 1994//1730 1986//1727
f 1986//1727 1998//1731 1996//1732
f 1994//1730 2009//1733 1998//1731
f 1989//1734 1995//1722 1996//1732
f 1995//1722 2011//1735 1996//1732
f 1990//1736 1998//1731 2006//1737
f 1988//1738 1995//1722 1989//1734
f 2012//1739 2000//1740 1998//1731
f 2002//1741 2000//1740 1999//1742
f 1988//1738 1990//1736 2005//1743
f 1991//1744 2000//1740 2004//1745
f 2006//1737 2009//1733 2007//1746
f 2009//1733 1995//1722 2007//1746
f 1994//1730 1982//1728 1993//1747
f 1984//1725 2009//1733 1993//1747
f 1984//1725 1985//1729 2009//1733
f 2008//1723 1984//1725 1993//1747
f 1992//1748 2008//1723 1993//1747
f 2009//1733 1987//1726 2008//1723
f 2009//1733 2008//1723 1995//1722
f 1995//1722 1998//1731 2011//1735
f 1986//1727 1994//1730 1998//1731
f 1993//1747 2009//1733 1994//1730
f 1998//1731 1995//1722 2010//1724
f 1982//1728 1986//1727 2010//1724
f 2011//1735 2010//1724 1986//1727
f 2010//1724 2011//1735 1989//1734
f 1989//1734 1996//1732 2010//1724
f 1989//1734 1997//1749 1988//1738
f 1998//1731 1991//1744 1997//1749
f 1997//1749 1989//1734 2011//1735
f 1992//1748 2010//1724 1983//1750
f 2010//1724 2008//1723 1983//1750
f 2007//1746 2012//1739 2006//1737
f 2006//1737 2012//1739 2005//1743
f 2005//1743 1990//1736 2006//1737
f 2007//1746 1988//1738 1998//1731
f 1988//1738 2005//1743 1998//1731
f 1991//1744 2001//1751 1988//1738
f 2001//1751 2013//1752 1999//1742
f 2001//1751 2000//1740 2003//1753
f 2002//1741 2013//1752 2001//1751
f 2014//1754 2016//1755 2015//1756
f 2016//1755 2014//1754 2015//1756
f 2019//390 2018//390 2017//390
f 2038//1757 2029//1758 2025//1759
f 2042//1760 2025//1759 2029//1758
f 2024//1761 2062//1762 2025//1759
f 2029//1758 2062//1762 2063//1763
f 2058//1764 2044//1765 2056//1766
f 2063//1763 2062//1762 2024//1761
f 2025//1759 2059//1767 2046//1768
f 2031//1769 2026//1770 2046//1768
f 2040//1771 2039//1772 2055//1773
f 2055//1773 2021//1774 2028//1775
f 2025//1759 2026//1770 2059//1767
f 2034//1776 2028//1775 2022//1777
f 2046//1768 2037//1778 2060//1779
f 2047//1780 2043//1781 2054//1782
f 2054//1782 2043//1781 2020//1783
f 2040//1771 2045//1784 2028//1775
f 2052//1785 2022//1777 2041//1786
f 2035//1787 2052//1785 2033//1788
f 2035//1787 2022//1777 2052//1785
f 2029//1758 2038//1757 2022//1777
f 2038//1757 2041//1786 2022//1777
f 2038//1757 2053//1789 2023//1790
f 2030//1791 2026//1770 2053//1789
f 2055//1773 2039//1772 2021//1774
f 2021//1774 2040//1771 2034//1776
f 2033//1788 2036//1792 2049//1793
f 2035//1787 2033//1788 2034//1776
f 2034//1776 2022//1777 2035//1787
f 2044//1765 2058//1764 2034//1776
f 2057//1794 2049//1793 2027//1795
f 2021//1774 2034//1776 2058//1764
f 2027//1795 2021//1774 2058//1764
f 2047//1780 2054//1782 2026//1770
f 2026//1770 2025//1759 2053//1789
f 2054//1782 2046//1768 2060//1779
f 2059//1767 2054//1782 2060//1779
f 2026//1770 2030//1791 2046//1768
f 2061//1796 2022//1777 2042//1760
f 2029//1758 2063//1763 2042//1760
f 2061//1796 2062//1762 2029//1758
f 2061//1796 2032//1797 2062//1762
f 2032//1797 2061//1796 2063//1763
f 2052//1785 2041//1786 2036//1792
f 2028//1775 2036//1792 2022//1777
f 2045//1784 2055//1773 2048//1798
f 2065//1799 2066//1800 2064//1801
f 2064//1801 2066//1800 2065//1799
f 2069//390 2068//390 2067//390
f 2075//1802 2114//1803 2112//1804
f 2114//1803 2072//1805 2083//1806
f 2086//1807 2090//1808 2083//1806
f 2085//1809 2075//1802 2095//1810
f 2073//1811 2085//1809 2114//1803
f 2088//1812 2087//1813 2098//1814
f 2098//1814 2070//1815 2093//1816
f 2081//1817 2076//1818 2114//1803
f 2092//1819 2070//1815 2078//1820
f 2114//1803 2082//1821 2086//1807
f 2095//1810 2113//1822 2085//1809
f 2088//1812 2098//1814 2078//1820
f 2115//1823 2072//1805 2079//1824
f 2072//1805 2071//1825 2104//1826
f 2070//1815 2099//1827 2093//1816
f 2093//1816 2092//1819 2105//1828
f 2093//1816 2105//1828 2104//1826
f 2106//1829 2104//1826 2105//1828
f 2079//1824 2083//1806 2115//1823
f 2114//1803 2071//1825 2072//1805
f 2112//1804 2114//1803 2094//1830
f 2108//1831 2113//1822 2100//1832
f 2085//1809 2113//1822 2108//1831
f 2085//1809 2081//1817 2075//1802
f 2076//1818 2085//1809 2107//1833
f 2093//1816 2104//1826 2107//1833
f 2098//1814 2087//1813 2070//1815
f 2092//1819 2078//1820 2105//1828
f 2106//1829 2105//1828 2078//1820
f 2078//1820 2104//1826 2106//1829
f 2077//1834 2091//1835 2070//1815
f 2104//1826 2079//1824 2072//1805
f 2071//1825 2114//1803 2107//1833
f 2085//1809 2108//1831 2112//1804
f 2073//1811 2107//1833 2085//1809
f 2083//1806 2073//1811 2114//1803
f 2081//1817 2085//1809 2076//1818
f 2074//1836 2114//1803 2076//1818
f 2114//1803 2074//1836 2107//1833
f 2115//1823 2083//1806 2080//1837
f 2072//1805 2086//1807 2080//1837
f 2115//1823 2080//1837 2090//1808
f 2115//1823 2090//1808 2072//1805
f 2080//1837 2082//1821 2090//1808
f 2082//1821 2080//1837 2086//1807
f 2078//1820 2093//1816 2079//1824
f 2089//1838 2098//1814 2096//1839
f 2118//1840 2117//1841 2116//1842
f 2121//390 2120//390 2119//390
f 2127//1843 2166//1844 2164//1845
f 2166//1844 2124//1846 2135//1847
f 2138//1848 2142//1849 2135//1847
f 2137//1850 2127//1843 2147//1851
f 2125//1852 2137//1850 2166//1844
f 2140//1853 2139//1854 2150//1855
f 2150//1855 2122//1856 2145//1857
f 2133//1858 2128//1859 2166//1844
f 2144//1860 2122//1856 2130//1861
f 2166//1844 2134//1862 2138//1848
f 2147//1851 2165//1863 2137//1850
f 2140//1853 2150//1855 2130//1861
f 2167//1864 2124//1846 2131//1865
f 2124//1846 2123//1866 2156//1867
f 2122//1856 2151//1868 2145//1857
f 2145//1857 2144//1860 2157//1869
f 2145//1857 2157//1869 2156//1867
f 2158//1870 2156//1867 2157//1869
f 2131//1865 2135//1847 2167//1864
f 2166//1844 2123//1866 2124//1846
f 2164//1845 2166//1844 2146//1871
f 2160//1872 2165//1863 2152//1873
f 2137//1850 2165//1863 2160//1872
f 2137//1850 2133//1858 2127//1843
f 2128//1859 2137//1850 2159//1874
f 2145//1857 2156//1867 2159//1874
f 2150//1855 2139//1854 2122//1856
f 2144//1860 2130//1861 2157//1869
f 2158//1870 2157//1869 2130//1861
f 2130//1861 2156//1867 2158//1870
f 2129//1875 2143//1876 2122//1856
f 2156//1867 2131//1865 2124//1846
f 2123//1866 2166//1844 2159//1874
f 2137//1850 2160//1872 2164//1845
f 2125//1852 2159//1874 2137//1850
f 2135//1847 2125//1852 2166//1844
f 2133//1858 2137//1850 2128//1859
f 2126//1877 2166//1844 2128//1859
f 2166//1844 2126//1877 2159//1874
f 2167//1864 2135//1847 2132//1878
f 2124//1846 2138//1848 2132//1878
f 2167//1864 2132//1878 2142//1849
f 2167//1864 2142//1849 2124//1846
f 2132//1878 2134//1862 2142//1849
f 2134//1862 2132//1878 2138//1848
f 2130//1861 2145//1857 2131//1865
f 2141//1879 2150//1855 2148//1880
f 2190//1881 2175//1882 2191//1883
f 2178//1884 2192//1885 2176//1886
f 2179//1887 2195//1888 2197//1889
f 2193//1890 2185//1891 2179//1887
f 2182//1892 2184//1893 2183//1894
f 2183//1894 2174//1895 2173//1896
f 2180//1897 2176//1886 2177//1898
f 2176//1886 2185//1891 2172//1899
f 2187//1900 2186//1901 2184//1893
f 2194//1902 2170//1903 2176//1886
f 2195//1888 2170//1903 2177//1898
f 2169//1904 2191//1883 2189//1905
f 2175//1882 2176//1886 2170//1903
f 2175//1882 2192//1885 2178//1884
f 2195//1888 2176//1886 2192//1885
f 2177//1898 2176//1886 2195//1888
f 2184//1893 2193//1890 2187//1900
f 2193//1890 2194//1902 2187//1900
f 2187//1900 2181//1906 2186//1901
f 2183//1894 2173//1896 2181//1906
f 2183//1894 2181//1906 2182//1892
f 2194//1902 2181//1906 2187//1900
f 2188//1907 2171//1908 2193//1890
f 2193//1890 2179//1887 2181//1906
f 2168//1909 2175//1882 2169//1904
f 2169//1904 2189//1905 2168//1909
f 2175//1882 2168//1909 2189//1905
f 2175//1882 2195//1888 2169//1904
f 2196//1910 2170//1903 2171//1908
f 2197//1889 2196//1910 2171//1908
f 2195//1888 2179//1887 2171//1908
f 2197//1889 2195//1888 2196//1910
f 2175//1882 2189//1905 2191//1883
f 2185//1891 2180//1897 2177//1898
f 2173//1896 2174//1895 2184//1893
f 2172//1899 2182//1892 2181//1906
f 2198//1911 2199//1912 2200//1913
f 2231//1914 2212//1915 2232//1916
f 2216//1917 2212//1915 2213//1918
f 2213//1918 2233//1919 2214//1920
f 2217//1921 2235//1922 2237//1923
f 2228//1924 2225//1925 2217//1921
f 2220//1926 2224//1927 2221//1928
f 2221//1928 2210//1929 2209//1930
f 2218//1931 2214//1920 2215//1932
f 2214//1920 2225//1925 2208//1933
f 2227//1934 2226//1935 2224//1927
f 2234//1936 2206//1937 2214//1920
f 2235//1922 2206//1937 2215//1932
f 2205//1938 2232//1916 2230//1939
f 2212//1915 2214//1920 2206//1937
f 2214//1920 2216//1917 2213//1918
f 2212//1915 2233//1919 2213//1918
f 2235//1922 2214//1920 2233//1919
f 2215//1932 2214//1920 2235//1922
f 2224//1927 2228//1924 2227//1934
f 2228//1924 2234//1936 2227//1934
f 2227//1934 2219//1940 2226//1935
f 2221//1928 2209//1930 2219//1940
f 2221//1928 2219//1940 2220//1926
f 2234//1936 2219//1940 2227//1934
f 2229//1941 2207//1942 2228//1924
f 2228//1924 2217//1921 2219//1940
f 2204//1943 2211//1944 2205//1938
f 2205//1938 2230//1939 2204//1943
f 2211//1944 2204//1943 2230//1939
f 2212//1915 2235//1922 2205//1938
f 2236//1945 2206//1937 2207//1942
f 2237//1923 2236//1945 2207//1942
f 2235//1922 2217//1921 2207//1942
f 2237//1923 2235//1922 2236//1945
f 2211//1944 2230//1939 2232//1916
f 2225//1925 2218//1931 2215//1932
f 2224//1927 2222//1946 2221//1928
f 2223//1947 2210//1929 2224//1927
f 2208//1933 2220//1926 2219//1940
f 2239//1948 2240//1949 2238//1950
f 2286//1951 2248//1952 2287//1953
f 2287//1953 2295//1954 2286//1951
f 2289//1955 2263//1956 2244//1957
f 2244//1957 2269//1958 2289//1955
f 2245//1959 2289//1955 2269//1958
f 2263//1956 2291//1960 2244//1957
f 2291//1960 2245//1959 2244//1957
f 2258//1961 2269//1958 2244//1957
f 2267//1962 2258//1961 2244//1957
f 2291//1960 2289//1955 2245//1959
f 2267//1962 2269//1958 2291//1960
f 2269//1958 2267//1962 2245//1959
f 2250//1963 2287//1953 2248//1952
f 2250//1963 2248//1952 2295//1954
f 2292//1964 2270//1965 2281//1966
f 2283//1967 2270//1965 2285//1968
f 2269//1958 2274//1969 2278//1970
f 2284//1971 2271//1972 2253//1973
f 2282//1974 2264//1975 2277//1976
f 2282//1974 2274//1969 2254//1977
f 2269//1958 2278//1970 2279//1978
f 2268//1979 2269//1958 2256//1980
f 2260//1981 2282//1974 2265//1982
f 2254//1977 2265//1982 2277//1976
f 2252//1983 2290//1984 2259//1985
f 2280//1986 2270//1965 2283//1967
f 2246//1987 2270//1965 2296//1988
f 2292//1964 2253//1973 2285//1968
f 2292//1964 2266//1989 2253//1973
f 2280//1986 2246//1987 2284//1971
f 2246//1987 2271//1972 2284//1971
f 2276//1990 2296//1988 2285//1968
f 2276//1990 2247//1991 2296//1988
f 2285//1968 2271//1972 2276//1990
f 2250//1963 2251//1992 2287//1953
f 2272//1993 2277//1976 2249//1994
f 2251//1992 2250//1963 2249//1994
f 2248//1952 2286//1951 2251//1992
f 2286//1951 2295//1954 2285//1968
f 2272//1993 2285//1968 2277//1976
f 2249//1994 2277//1976 2248//1952
f 2273//1995 2254//1977 2288//1996
f 2248//1952 2260//1981 2254//1977
f 2248//1952 2273//1995 2295//1954
f 2278//1970 2255//1997 2254//1977
f 2278//1970 2254//1977 2295//1954
f 2258//1961 2288//1996 2269//1958
f 2278//1970 2263//1956 2289//1955
f 2274//1969 2255//1997 2278//1970
f 2254//1977 2274//1969 2269//1958
f 2269//1958 2264//1975 2256//1980
f 2268//1979 2257//1998 2269//1958
f 2257//1998 2278//1970 2289//1955
f 2256//1980 2257//1998 2268//1979
f 2267//1962 2291//1960 2263//1956
f 2257//1998 2290//1984 2269//1958
f 2252//1983 2269//1958 2290//1984
f 2257//1998 2289//1955 2290//1984
f 2290//1984 2289//1955 2291//1960
f 2269//1958 2252//1983 2291//1960
f 2288//1996 2278//1970 2273//1995
f 2264//1975 2274//1969 2260//1981
f 2295//1954 2271//1972 2250//1963
f 2275//1999 2292//1964 2293//2000
f 2293//2000 2294//2001 2261//2002
f 2247//1991 2246//1987 2296//1988
f 2270//1965 2246//1987 2266//1989
f 2297//390 2299//390 2298//390
f 2298//390 2299//390 2297//390
f 2302//390 2301//390 2300//390
f 2302//390 2300//390 2301//390
f 2309//2003 2307//2004 2304//2005
f 2303//2006 2309//2003 2304//2005
f 2307//2004 2309//2003 2306//2007
f 2309//2003 2305//2008 2306//2007
f 2306//2007 2310//2009 2307//2004
f 2310//2009 2303//2006 2307//2004
f 2310//2009 2309//2003 2303//2006
f 2310//2009 2308//2010 2309//2003
f 2308//2010 2305//2008 2309//2003
f 2308//2010 2304//2005 2305//2008
f 2308//2010 2310//2009 2304//2005
f 2310//2009 2306//2007 2304//2005
f 2357//2011 2322//2012 2358//2013
f 2358//2013 2366//2014 2357//2011
f 2360//2015 2335//2016 2318//2017
f 2318//2017 2341//2018 2360//2015
f 2319//2019 2360//2015 2341//2018
f 2335//2016 2362//2020 2318//2017
f 2362//2020 2319//2019 2318//2017
f 2330//2021 2341//2018 2318//2017
f 2339//2022 2330//2021 2318//2017
f 2362//2020 2360//2015 2319//2019
f 2339//2022 2341//2018 2362//2020
f 2341//2018 2339//2022 2319//2019
f 2324//2023 2358//2013 2322//2012
f 2324//2023 2322//2012 2366//2014
f 2363//2024 2342//2025 2352//2026
f 2354//2027 2342//2025 2356//2028
f 2341//2018 2345//2029 2349//2030
f 2355//2031 2343//2032 2358//2013
f 2353//2033 2336//2034 2348//2035
f 2353//2033 2345//2029 2327//2036
f 2341//2018 2349//2030 2350//2037
f 2340//2038 2341//2018 2329//2039
f 2332//2040 2353//2033 2337//2041
f 2327//2036 2337//2041 2348//2035
f 2326//2042 2361//2043 2331//2044
f 2351//2045 2342//2025 2354//2027
f 2320//2046 2342//2025 2367//2047
f 2363//2024 2358//2013 2356//2028
f 2363//2024 2338//2048 2358//2013
f 2351//2045 2320//2046 2355//2031
f 2320//2046 2343//2032 2355//2031
f 2347//2049 2367//2047 2356//2028
f 2347//2049 2321//2050 2367//2047
f 2356//2028 2343//2032 2347//2049
f 2324//2023 2325//2051 2358//2013
f 2325//2051 2324//2023 2323//2052
f 2322//2012 2357//2011 2325//2051
f 2357//2011 2366//2014 2356//2028
f 2323//2052 2356//2028 2348//2035
f 2323//2052 2348//2035 2322//2012
f 2344//2053 2327//2036 2359//2054
f 2322//2012 2332//2040 2327//2036
f 2322//2012 2344//2053 2366//2014
f 2349//2030 2328//2055 2327//2036
f 2349//2030 2327//2036 2366//2014
f 2330//2021 2359//2054 2341//2018
f 2349//2030 2335//2016 2360//2015
f 2345//2029 2328//2055 2349//2030
f 2327//2036 2345//2029 2341//2018
f 2341//2018 2336//2034 2329//2039
f 2340//2038 2361//2043 2341//2018
f 2361//2043 2349//2030 2360//2015
f 2329//2039 2361//2043 2340//2038
f 2339//2022 2362//2020 2335//2016
f 2326//2042 2341//2018 2361//2043
f 2361//2043 2360//2015 2362//2020
f 2341//2018 2326//2042 2362//2020
f 2359//2054 2349//2030 2344//2053
f 2336//2034 2345//2029 2332//2040
f 2366//2014 2343//2032 2324//2023
f 2346//2056 2363//2024 2364//2057
f 2364//2057 2365//2058 2333//2059
f 2321//2050 2320//2046 2367//2047
f 2342//2025 2320//2046 2338//2048
f 2370//390 2369//390 2368//390
f 2373//390 2372//390 2371//390
f 2373//390 2371//390 2372//390
f 2380//2060 2376//2061 2375//2062
f 2377//2063 2381//2064 2378//2065
f 2376//2061 2379//2066 2378//2065
f 2378//2065 2380//2060 2374//2067
f 2378//2065 2379//2066 2380//2060
f 2379//2066 2382//2068 2380//2060
f 2382//2068 2381//2064 2380//2060
f 2382//2068 2375//2062 2381//2064
f 2374//2067 2375//2062 2379//2066
f 2380//2060 2375//2062 2374//2067
f 2376//2061 2378//2065 2381//2064
f 2399//2069 2406//2070 2391//2071
f 2393//2072 2402//2073 2394//2074
f 2401//2075 2394//2074 2390//2076
f 2403//2077 2406//2070 2396//2078
f 2390//2076 2403//2077 2396//2078
f 2390//2076 2396//2078 2393//2072
f 2396//2078 2402//2073 2393//2072
f 2390//2076 2391//2071 2406//2070
f 2398//2079 2392//2080 2406//2070
f 2406//2070 2407//2081 2398//2079
f 2398//2079 2407//2081 2399//2069
f 2407//2081 2406//2070 2399//2069
f 2405//2082 2398//2079 2399//2069
f 2396//2078 2406//2070 2392//2080
f 2404//2083 2394//2074 2395//2084
f 2404//2083 2397//2085 2391//2071
f 2397//2085 2404//2083 2392//2080
f 2419//2086 2426//2087 2411//2088
f 2413//2089 2422//2090 2414//2091
f 2421//2092 2414//2091 2410//2093
f 2423//2094 2426//2087 2416//2095
f 2410//2093 2423//2094 2416//2095
f 2410//2093 2416//2095 2413//2089
f 2416//2095 2422//2090 2413//2089
f 2410//2093 2411//2088 2426//2087
f 2418//2096 2412//2097 2426//2087
f 2426//2087 2427//2098 2418//2096
f 2418//2096 2427//2098 2419//2086
f 2427//2098 2426//2087 2419//2086
f 2425//2099 2418//2096 2419//2086
f 2416//2095 2426//2087 2412//2097
f 2424//2100 2414//2091 2415//2101
f 2424//2100 2417//2102 2411//2088
f 2417//2102 2424//2100 2412//2097
f 2430//2103 2454//2104 2440//2105
f 2450//2106 2448//2107 2472//2108
f 2449//2109 2432//2110 2438//2111
f 2469//2112 2459//2113 2434//2114
f 2459//2113 2463//2115 2434//2114
f 2449//2109 2466//2116 2430//2103
f 2463//2115 2461//2117 2433//2118
f 2435//2119 2437//2120 2434//2114
f 2435//2119 2445//2121 2436//2122
f 2466//2116 2437//2120 2456//2123
f 2438//2111 2466//2116 2449//2109
f 2430//2103 2442//2124 2439//2125
f 2444//2126 2430//2103 2432//2110
f 2458//2127 2459//2113 2469//2112
f 2453//2128 2467//2129 2471//2130
f 2457//2131 2436//2122 2456//2123
f 2454//2104 2432//2110 2440//2105
f 2441//2132 2442//2124 2432//2110
f 2452//2133 2443//2134 2440//2105
f 2460//2135 2450//2106 2433//2118
f 2462//2136 2464//2137 2451//2138
f 2464//2137 2434//2114 2451//2138
f 2456//2123 2436//2122 2445//2121
f 2456//2123 2437//2120 2457//2131
f 2452//2133 2447//2139 2454//2104
f 2464//2137 2446//2140 2456//2123
f 2466//2116 2442//2124 2430//2103
f 2444//2126 2438//2111 2430//2103
f 2438//2111 2444//2126 2455//2141
f 2440//2105 2465//2142 2441//2132
f 2443//2134 2452//2133 2441//2132
f 2454//2104 2444//2126 2432//2110
f 2437//2120 2466//2116 2438//2111
f 2437//2120 2436//2122 2457//2131
f 2436//2122 2453//2128 2468//2143
f 2436//2122 2468//2143 2467//2129
f 2467//2129 2437//2120 2435//2119
f 2471//2130 2461//2117 2453//2128
f 2461//2117 2468//2143 2453//2128
f 2434//2114 2470//2144 2435//2119
f 2435//2119 2469//2112 2460//2135
f 2470//2144 2469//2112 2435//2119
f 2470//2144 2434//2114 2456//2123
f 2460//2135 2433//2118 2471//2130
f 2472//2108 2448//2107 2433//2118
f 2472//2108 2433//2118 2450//2106
f 2433//2118 2448//2107 2463//2115
f 2475//2145 2473//2146 2474//2147
f 2474//2147 2473//2146 2475//2145
f 2478//2148 2476//2148 2477//2149
f 2477//2149 2476//2148 2478//2148
f 2480//2150 2506//2151 2517//2152
f 2497//2153 2504//2154 2523//2155
f 2496//2156 2483//2157 2489//2158
f 2502//2159 2521//2160 2513//2161
f 2521//2160 2512//2162 2513//2161
f 2496//2156 2481//2163 2500//2164
f 2508//2165 2488//2166 2502//2159
f 2503//2167 2494//2168 2509//2169
f 2503//2167 2509//2169 2487//2170
f 2514//2171 2513//2161 2499//2172
f 2489//2158 2481//2163 2496//2156
f 2483//2157 2496//2156 2490//2173
f 2493//2174 2480//2150 2479//2175
f 2515//2176 2517//2152 2483//2157
f 2511//2177 2521//2160 2494//2168
f 2505//2178 2519//2179 2485//2180
f 2510//2181 2509//2169 2508//2165
f 2506//2151 2479//2175 2517//2152
f 2491//2182 2516//2183 2506//2151
f 2480//2150 2501//2184 2483//2157
f 2481//2163 2489//2158 2488//2166
f 2516//2183 2492//2185 2517//2152
f 2512//2162 2486//2186 2484//2187
f 2513//2161 2512//2162 2484//2187
f 2484//2187 2504//2154 2497//2153
f 2513//2161 2508//2165 2502//2159
f 2499//2172 2498//2188 2514//2171
f 2498//2188 2499//2172 2513//2161
f 2502//2159 2485//2180 2511//2177
f 2511//2177 2503//2167 2502//2159
f 2508//2165 2509//2169 2494//2168
f 2510//2181 2508//2165 2481//2163
f 2481//2163 2487//2170 2510//2181
f 2489//2158 2500//2164 2488//2166
f 2500//2164 2493//2174 2488//2166
f 2493//2174 2507//2189 2488//2166
f 2516//2183 2515//2176 2506//2151
f 2514//2171 2495//2190 2508//2165
f 2500//2164 2506//2151 2480//2150
f 2491//2182 2517//2152 2518//2191
f 2492//2185 2516//2183 2491//2182
f 2518//2191 2517//2152 2492//2185
f 2506//2151 2493//2174 2479//2175
f 2483//2157 2479//2175 2480//2150
f 2487//2170 2481//2163 2488//2166
f 2517//2152 2479//2175 2483//2157
f 2487//2170 2505//2178 2520//2192
f 2519//2179 2488//2166 2503//2167
f 2485//2180 2486//2186 2505//2178
f 2486//2186 2520//2192 2505//2178
f 2485//2180 2484//2187 2522//2193
f 2485//2180 2522//2193 2486//2186
f 2522//2193 2484//2187 2486//2186
f 2523//2155 2504//2154 2485//2180
f 2523//2155 2485//2180 2497//2153
f 2525//390 2524//390 2526//390
f 2527//390 2528//390 2529//390
f 2531//2194 2540//2195 2542//2196
f 2536//2197 2530//2198 2531//2194
f 2543//2199 2546//2200 2531//2194
f 2546//2200 2535//2201 2532//2202
f 2532//2202 2535//2201 2544//2203
f 2531//2194 2537//2204 2545//2205
f 2541//2206 2542//2196 2543//2199
f 2543//2199 2533//2207 2535//2201
f 2541//2206 2543//2199 2531//2194
f 2538//2208 2532//2202 2544//2203
f 2546//2200 2532//2202 2538//2208
f 2546//2200 2537//2204 2531//2194
f 2537//2204 2546//2200 2545//2205
f 2546//2200 2538//2208 2545//2205
f 2544//2203 2531//2194 2545//2205
f 2534//2209 2540//2195 2531//2194
f 2535//2201 2530//2198 2536//2197
f 2547//2210 2564//2211 2561//2212
f 2573//2213 2565//2214 2569//2215
f 2564//2211 2566//2216 2561//2212
f 2568//2217 2564//2211 2557//2218
f 2559//2219 2571//2220 2565//2214
f 2552//2221 2557//2218 2570//2222
f 2566//2216 2564//2211 2567//2223
f 2564//2211 2547//2210 2573//2213
f 2547//2210 2562//2224 2573//2213
f 2571//2220 2561//2212 2567//2223
f 2567//2223 2561//2212 2560//2225
f 2560//2225 2566//2216 2567//2223
f 2550//2226 2569//2215 2557//2218
f 2563//2227 2572//2228 2553//2229
f 2563//2227 2571//2220 2572//2228
f 2567//2223 2553//2229 2571//2220
f 2568//2217 2548//2230 2553//2229
f 2568//2217 2553//2229 2567//2223
f 2550//2226 2548//2230 2568//2217
f 2552//2221 2570//2222 2558//2231
f 2556//2232 2548//2230 2558//2231
f 2551//2233 2557//2218 2563//2227
f 2565//2214 2557//2218 2569//2215
f 2549//2234 2557//2218 2565//2214
f 2562//2224 2574//2235 2573//2213
f 2559//2219 2574//2235 2554//2236
f 2564//2211 2568//2217 2567//2223
f 2557//2218 2551//2233 2570//2222
f 2577//2237 2595//2238 2592//2239
f 2578//2240 2596//2241 2600//2242
f 2595//2238 2597//2243 2592//2239
f 2599//2244 2595//2238 2588//2245
f 2590//2246 2602//2247 2596//2241
f 2583//2248 2588//2245 2601//2249
f 2597//2243 2595//2238 2598//2250
f 2595//2238 2577//2237 2578//2240
f 2577//2237 2593//2251 2578//2240
f 2602//2247 2592//2239 2598//2250
f 2598//2250 2592//2239 2591//2252
f 2591//2252 2597//2243 2598//2250
f 2581//2253 2600//2242 2588//2245
f 2594//2254 2603//2255 2584//2256
f 2594//2254 2602//2247 2603//2255
f 2598//2250 2584//2256 2602//2247
f 2599//2244 2579//2257 2584//2256
f 2599//2244 2584//2256 2598//2250
f 2581//2253 2579//2257 2599//2244
f 2583//2248 2601//2249 2589//2258
f 2587//2259 2579//2257 2589//2258
f 2582//2260 2588//2245 2594//2254
f 2596//2241 2588//2245 2600//2242
f 2580//2261 2588//2245 2596//2241
f 2593//2251 2604//2262 2578//2240
f 2590//2246 2604//2262 2585//2263
f 2595//2238 2599//2244 2598//2250
f 2588//2245 2582//2260 2601//2249
f 2605//2264 2619//2265 2617//2266
f 2631//2267 2620//2268 2624//2269
f 2619//2265 2621//2270 2617//2266
f 2623//2271 2619//2265 2626//2272
f 2615//2273 2628//2274 2620//2268
f 2610//2275 2609//2276 2625//2277
f 2621//2270 2619//2265 2622//2278
f 2619//2265 2605//2264 2631//2267
f 2605//2264 2618//2279 2631//2267
f 2628//2274 2617//2266 2622//2278
f 2622//2278 2617//2266 2616//2280
f 2616//2280 2621//2270 2622//2278
f 2608//2281 2624//2269 2609//2276
f 2613//2282 2609//2276 2626//2272
f 2606//2283 2630//2284 2627//2285
f 2606//2283 2627//2285 2622//2278
f 2629//2286 2622//2278 2630//2284
f 2626//2272 2628//2274 2629//2286
f 2623//2271 2606//2283 2622//2278
f 2608//2281 2606//2283 2623//2271
f 2606//2283 2609//2276 2630//2284
f 2610//2275 2625//2277 2614//2287
f 2613//2282 2630//2284 2614//2287
f 2620//2268 2626//2272 2624//2269
f 2607//2288 2626//2272 2620//2268
f 2618//2279 2632//2289 2631//2267
f 2615//2273 2632//2289 2611//2290
f 2619//2265 2623//2271 2622//2278
f 2641//2291 2636//2292 2633//2293
f 2642//2294 2636//2292 2637//2295
f 2638//2296 2637//2295 2633//2293
f 2637//2295 2638//2296 2642//2294
f 2644//2297 2635//2298 2639//2299
f 2640//2300 2643//2301 2635//2298
f 2640//2300 2644//2297 2645//2302
f 2644//2297 2646//2303 2633//2293
f 2633//2293 2640//2300 2635//2298
f 2642//2294 2635//2298 2647//2304
f 2634//2305 2636//2292 2647//2304
f 2648//2306 2664//2307 2662//2308
f 2664//2307 2665//2309 2662//2308
f 2668//2310 2664//2307 2671//2311
f 2660//2312 2671//2311 2674//2313
f 2655//2314 2654//2315 2669//2316
f 2665//2309 2664//2307 2666//2317
f 2664//2307 2648//2306 2650//2318
f 2648//2306 2663//2319 2650//2318
f 2671//2311 2662//2308 2666//2317
f 2666//2317 2662//2308 2661//2320
f 2661//2320 2665//2309 2666//2317
f 2654//2315 2668//2310 2649//2321
f 2653//2322 2668//2310 2654//2315
f 2658//2323 2654//2315 2671//2311
f 2651//2324 2673//2325 2670//2326
f 2651//2324 2670//2326 2666//2317
f 2672//2327 2666//2317 2673//2325
f 2668//2310 2651//2324 2666//2317
f 2653//2322 2651//2324 2668//2310
f 2651//2324 2654//2315 2673//2325
f 2655//2314 2669//2316 2659//2328
f 2658//2323 2673//2325 2659//2328
f 2671//2311 2649//2321 2667//2329
f 2652//2330 2671//2311 2667//2329
f 2663//2319 2675//2331 2650//2318
f 2674//2313 2652//2330 2650//2318
f 2674//2313 2649//2321 2652//2330
f 2660//2312 2675//2331 2656//2332
f 2664//2307 2668//2310 2666//2317
f 2681//2333 2691//2334 2690//2335
f 2691//2334 2692//2336 2690//2335
f 2694//2337 2691//2334 2697//2338
f 2704//2339 2699//2340 2702//2341
f 2682//2342 2680//2343 2696//2344
f 2692//2336 2691//2334 2693//2345
f 2691//2334 2681//2333 2676//2346
f 2699//2340 2690//2335 2693//2345
f 2693//2345 2690//2335 2689//2347
f 2689//2347 2692//2336 2693//2345
f 2679//2348 2695//2349 2680//2343
f 2685//2350 2680//2343 2697//2338
f 2677//2351 2701//2352 2698//2353
f 2677//2351 2698//2353 2693//2345
f 2700//2354 2693//2345 2701//2352
f 2697//2338 2699//2340 2700//2354
f 2694//2337 2677//2351 2693//2345
f 2679//2348 2677//2351 2694//2337
f 2677//2351 2680//2343 2701//2352
f 2682//2342 2696//2344 2687//2355
f 2685//2350 2701//2352 2687//2355
f 2702//2341 2697//2338 2686//2356
f 2697//2338 2695//2349 2686//2356
f 2678//2357 2697//2338 2702//2341
f 2678//2357 2676//2346 2686//2356
f 2688//2358 2681//2333 2683//2359
f 2681//2333 2702//2341 2684//2360
f 2691//2334 2694//2337 2693//2345
f 2713//2361 2706//2362 2715//2363
f 2709//2364 2707//2365 2715//2363
f 2709//2364 2714//2366 2707//2365
f 2717//2367 2705//2368 2711//2369
f 2709//2364 2715//2363 2705//2368
f 2712//2370 2716//2371 2705//2368
f 2712//2370 2717//2367 2718//2372
f 2717//2367 2719//2373 2715//2363
f 2715//2363 2712//2370 2705//2368
f 2708//2374 2714//2366 2705//2368
f 2710//2375 2720//2376 2705//2368
f 2706//2362 2720//2376 2710//2375
f 2722//2377 2731//2378 2733//2379
f 2727//2380 2721//2381 2722//2377
f 2734//2382 2737//2383 2722//2377
f 2737//2383 2726//2384 2723//2385
f 2723//2385 2726//2384 2735//2386
f 2722//2377 2728//2387 2736//2388
f 2732//2389 2733//2379 2734//2382
f 2734//2382 2724//2390 2726//2384
f 2732//2389 2734//2382 2722//2377
f 2729//2391 2723//2385 2735//2386
f 2737//2383 2723//2385 2729//2391
f 2737//2383 2728//2387 2722//2377
f 2728//2387 2737//2383 2736//2388
f 2737//2383 2729//2391 2736//2388
f 2735//2386 2722//2377 2736//2388
f 2725//2392 2731//2378 2722//2377
f 2726//2384 2721//2381 2727//2380
f 2743//2393 2752//2394 2754//2395
f 2748//2396 2742//2397 2743//2393
f 2755//2398 2758//2399 2743//2393
f 2758//2399 2747//2400 2744//2401
f 2744//2401 2747//2400 2756//2402
f 2743//2393 2749//2403 2757//2404
f 2753//2405 2754//2395 2755//2398
f 2755//2398 2745//2406 2747//2400
f 2753//2405 2755//2398 2743//2393
f 2750//2407 2744//2401 2756//2402
f 2758//2399 2744//2401 2750//2407
f 2758//2399 2749//2403 2743//2393
f 2749//2403 2758//2399 2757//2404
f 2758//2399 2750//2407 2757//2404
f 2756//2402 2743//2393 2757//2404
f 2746//2408 2752//2394 2743//2393
f 2747//2400 2742//2397 2748//2396
f 2762//2409 2769//2410 2770//2411
f 2765//2412 2761//2413 2762//2409
f 2771//2414 2766//2415 2762//2409
f 2766//2415 2765//2412 2763//2416
f 2763//2416 2765//2412 2762//2409
f 2762//2409 2766//2415 2772//2417
f 2771//2414 2764//2418 2765//2412
f 2770//2411 2771//2414 2762//2409
f 2767//2419 2763//2416 2762//2409
f 2766//2415 2763//2416 2767//2419
f 2766//2415 2767//2419 2772//2417
f 2761//2413 2769//2410 2762//2409
f 2778//2420 2786//2421 2788//2422
f 2782//2423 2777//2424 2778//2420
f 2789//2425 2792//2426 2778//2420
f 2792//2426 2782//2423 2779//2427
f 2779//2427 2782//2423 2790//2428
f 2778//2420 2783//2429 2791//2430
f 2787//2431 2788//2422 2789//2425
f 2789//2425 2780//2432 2782//2423
f 2787//2431 2789//2425 2778//2420
f 2784//2433 2779//2427 2790//2428
f 2792//2426 2779//2427 2784//2433
f 2792//2426 2783//2429 2778//2420
f 2783//2429 2792//2426 2791//2430
f 2792//2426 2784//2433 2791//2430
f 2790//2428 2778//2420 2791//2430
f 2781//2434 2786//2421 2778//2420
f 2796//2435 2797//2436 2795//2437
f 2800//390 2799//390 2798//390
f 2801//2438 2802//2439 2803//2440
f 2802//2439 2801//2438 2803//2440
f 2809//390 2808//390 2807//390
f 2810//2441 2811//2442 2812//2443
f 2815//390 2814//390 2813//390
f 2818//390 2817//390 2816//390
f 2820//2444 2829//2445 2844//2446
f 2844//2446 2830//2447 2820//2444
f 2844//2446 2821//2448 2830//2447
f 2829//2445 2830//2447 2821//2448
f 2823//2449 2830//2447 2846//2450
f 2837//2451 2838//2452 2822//2453
f 2843//2454 2837//2451 2834//2455
f 2837//2451 2835//2456 2838//2452
f 2837//2451 2825//2457 2839//2458
f 2825//2457 2837//2451 2843//2454
f 2841//2459 2839//2458 2847//2460
f 2828//2461 2827//2462 2840//2463
f 2839//2458 2838//2452 2842//2464
f 2831//2465 2829//2445 2832//2466
f 2825//2457 2843//2454 2834//2455
f 2825//2457 2838//2452 2826//2467
f 2821//2448 2844//2446 2823//2449
f 2819//2468 2830//2447 2823//2449
f 2819//2468 2820//2444 2830//2447
f 2837//2451 2822//2453 2820//2444
f 2829//2445 2831//2465 2844//2446
f 2819//2468 2845//2469 2820//2444
f 2824//2470 2834//2455 2823//2449
f 2824//2470 2836//2471 2834//2455
f 2834//2455 2833//2472 2823//2449
f 2823//2449 2846//2450 2824//2470
f 2846//2450 2830//2447 2829//2445
f 2832//2466 2829//2445 2837//2451
f 2822//2453 2834//2455 2821//2448
f 2849//390 2850//390 2848//390
f 2849//390 2848//390 2850//390
f 2853//2473 2851//2474 2852//2475
f 2851//2474 2853//2473 2852//2475
f 2856//2476 2854//2477 2855//2478
f 2858//2479 2869//2480 2882//2481
f 2869//2480 2867//2482 2882//2481
f 2869//2480 2857//2483 2867//2482
f 2858//2479 2867//2482 2857//2483
f 2870//2484 2876//2485 2857//2483
f 2868//2486 2858//2479 2870//2484
f 2858//2479 2857//2483 2862//2487
f 2877//2488 2864//2489 2874//2490
f 2865//2491 2872//2492 2866//2493
f 2874//2490 2871//2494 2873//2495
f 2873//2495 2871//2494 2872//2492
f 2876//2485 2874//2490 2872//2492
f 2863//2496 2874//2490 2876//2485
f 2858//2479 2877//2488 2863//2496
f 2879//2497 2864//2489 2877//2488
f 2877//2488 2878//2498 2879//2497
f 2864//2489 2862//2487 2872//2492
f 2861//2499 2859//2500 2877//2488
f 2878//2498 2877//2488 2859//2500
f 2884//2501 2861//2499 2860//2502
f 2869//2480 2860//2502 2857//2483
f 2869//2480 2880//2503 2860//2502
f 2880//2503 2882//2481 2867//2482
f 2882//2481 2875//2504 2859//2500
f 2870//2484 2857//2483 2875//2504
f 2881//2505 2875//2504 2883//2506
f 2881//2505 2858//2479 2875//2504
f 2881//2505 2882//2481 2880//2503
f 2875//2504 2882//2481 2883//2506
f 2861//2499 2862//2487 2860//2502
f 2862//2487 2859//2500 2860//2502
f 2858//2479 2859//2500 2884//2501
f 2884//2501 2867//2482 2858//2479
f 2874//2490 2864//2489 2871//2494
f 2885//390 2886//2507 2887//2508
f 2885//390 2887//2508 2886//2507
f 2889//2509 2888//2510 2890//2511
f 2891//2512 2893//2513 2892//2514
f 2895//2515 2905//2516 2918//2517
f 2905//2516 2903//2518 2918//2517
f 2905//2516 2894//2519 2903//2518
f 2895//2515 2903//2518 2894//2519
f 2906//2520 2913//2521 2894//2519
f 2904//2522 2895//2515 2906//2520
f 2895//2515 2894//2519 2898//2523
f 2907//2524 2900//2525 2911//2526
f 2901//2527 2909//2528 2902//2529
f 2911//2526 2908//2530 2910//2531
f 2910//2531 2908//2530 2909//2528
f 2913//2521 2911//2526 2909//2528
f 2899//2532 2911//2526 2913//2521
f 2895//2515 2907//2524 2899//2532
f 2915//2533 2900//2525 2907//2524
f 2907//2524 2914//2534 2915//2533
f 2900//2525 2898//2523 2909//2528
f 2914//2534 2907//2524 2896//2535
f 2903//2518 2907//2524 2897//2536
f 2905//2516 2897//2536 2894//2519
f 2905//2516 2916//2537 2897//2536
f 2916//2537 2918//2517 2903//2518
f 2918//2517 2912//2538 2896//2535
f 2906//2520 2894//2519 2912//2538
f 2917//2539 2912//2538 2919//2540
f 2917//2539 2895//2515 2912//2538
f 2917//2539 2918//2517 2916//2537
f 2912//2538 2918//2517 2919//2540
f 2897//2536 2907//2524 2898//2523
f 2898//2523 2896//2535 2897//2536
f 2895//2515 2896//2535 2903//2518
f 2911//2526 2900//2525 2908//2530
f 2920//2541 2921//390 2922//2542
f 2924//2543 2923//2544 2925//2545
f 2926//2546 2928//2547 2927//2548
f 2941//2549 2959//2550 2945//2551
f 2945//2551 2977//2552 2941//2549
f 2982//2553 2981//2554 2977//2552
f 2955//2555 2931//2556 2972//2557
f 2931//2556 2932//2558 2950//2559
f 2933//2560 2929//2561 2958//2562
f 2956//2563 2977//2552 2959//2550
f 2992//2564 2945//2551 2929//2561
f 2944//2565 2941//2549 2963//2566
f 2963//2566 2943//2567 2944//2565
f 2933//2560 2956//2563 2989//2568
f 2989//2568 2991//2569 2933//2560
f 2929//2561 2945//2551 2958//2562
f 2939//2570 2935//2571 2968//2572
f 2983//2573 2966//2574 2944//2565
f 2934//2575 2935//2571 2939//2570
f 2953//2576 2973//2577 2940//2578
f 2947//2579 2994//2580 2950//2559
f 2979//2581 2949//2582 2936//2583
f 2965//2584 2964//2585 2938//2586
f 2989//2568 2941//2549 2958//2562
f 2956//2563 2991//2569 2990//2587
f 2968//2572 2978//2588 2961//2589
f 2988//2590 2987//2591 2992//2564
f 2985//2592 2960//2593 2986//2594
f 2971//2595 2964//2585 2955//2555
f 2971//2595 2938//2586 2964//2585
f 2950//2559 2971//2595 2965//2584
f 2957//2596 2978//2588 2948//2597
f 2948//2597 2993//2598 2957//2596
f 2947//2579 2940//2578 2993//2598
f 2975//2599 2947//2579 2957//2596
f 2937//2600 2957//2596 2947//2579
f 2968//2572 2951//2601 2976//2602
f 2975//2599 2957//2596 2946//2603
f 2978//2588 2937//2600 2967//2604
f 2967//2604 2961//2589 2978//2588
f 2953//2576 2949//2582 2969//2605
f 2972//2557 2969//2605 2965//2584
f 2965//2584 2969//2605 2949//2582
f 2949//2582 2950//2559 2965//2584
f 2972//2557 2965//2584 2938//2586
f 2979//2581 2950//2559 2949//2582
f 2948//2597 2950//2559 2970//2606
f 2950//2559 2973//2577 2953//2576
f 2973//2577 2947//2579 2948//2597
f 2947//2579 2973//2577 2936//2583
f 2940//2578 2968//2572 2957//2596
f 2980//2607 2940//2578 2936//2583
f 2952//2608 2967//2604 2977//2552
f 2981//2554 2983//2573 2977//2552
f 2983//2573 2992//2564 2963//2566
f 2963//2566 2992//2564 2943//2567
f 2952//2608 2977//2552 2956//2563
f 2956//2563 2984//2609 2935//2571
f 2967//2604 2934//2575 2968//2572
f 2951//2601 2968//2572 2935//2571
f 2939//2570 2968//2572 2930//2610
f 2984//2609 2990//2587 2939//2570
f 2963//2566 2941//2549 2977//2552
f 2941//2549 2956//2563 2959//2550
f 2943//2567 2942//2611 2983//2573
f 2992//2564 2987//2591 2941//2549
f 2941//2549 2987//2591 2962//2612
f 2985//2592 2986//2594 2988//2590
f 2989//2568 2956//2563 2941//2549
f 2958//2562 2991//2569 2989//2568
f 2945//2551 2942//2611 2943//2567
f 2992//2564 2942//2611 2945//2551
f 2930//2610 2990//2587 2952//2608
f 2990//2587 2991//2569 2945//2551
f 2954//2613 2988//2590 2992//2564
f 2954//2613 2992//2564 2958//2562
f 2951//2601 2966//2574 2983//2573
f 2937//2600 2975//2599 2976//2602
f 2993//2598 2937//2600 2947//2579
f 2994//2580 2937//2600 2993//2598
f 2948//2597 2974//2614 2973//2577
f 2952//2608 2951//2601 2967//2604
f 2929//2561 2956//2563 2992//2564
f 2995//2615 2997//2616 2996//2617
f 3001//390 3003//390 3002//390
f 3001//390 3002//390 3003//390
f 3006//2618 3007//2619 3008//2620
f 3021//2621 3037//2622 3066//2623
f 3066//2623 3056//2624 3021//2621
f 3061//2625 3060//2626 3056//2624
f 3033//2627 3011//2628 3051//2629
f 3011//2628 3012//2630 3029//2631
f 3013//2632 3009//2633 3036//2634
f 3034//2635 3056//2624 3037//2622
f 3068//2636 3066//2623 3009//2633
f 3024//2637 3021//2621 3042//2638
f 3042//2638 3023//2639 3024//2637
f 3013//2632 3034//2635 3065//2640
f 3065//2640 3067//2641 3013//2632
f 3009//2633 3066//2623 3036//2634
f 3019//2642 3015//2643 3047//2644
f 3060//2626 3045//2645 3024//2637
f 3014//2646 3015//2643 3019//2642
f 3032//2647 3052//2648 3020//2649
f 3026//2650 3070//2651 3029//2631
f 3058//2652 3028//2653 3016//2654
f 3044//2655 3043//2656 3018//2657
f 3065//2640 3021//2621 3036//2634
f 3034//2635 3067//2641 3066//2623
f 3047//2644 3057//2658 3039//2659
f 3063//2660 3064//2661 3068//2636
f 3021//2621 3038//2662 3063//2660
f 3050//2663 3043//2656 3033//2627
f 3050//2663 3018//2657 3043//2656
f 3029//2631 3050//2663 3044//2655
f 3035//2664 3057//2658 3027//2665
f 3027//2665 3069//2666 3035//2664
f 3026//2650 3020//2649 3069//2666
f 3054//2667 3026//2650 3035//2664
f 3017//2668 3035//2664 3026//2650
f 3047//2644 3030//2669 3055//2670
f 3054//2667 3035//2664 3025//2671
f 3057//2658 3017//2668 3046//2672
f 3046//2672 3039//2659 3057//2658
f 3032//2647 3028//2653 3048//2673
f 3051//2629 3048//2673 3044//2655
f 3044//2655 3048//2673 3028//2653
f 3028//2653 3029//2631 3044//2655
f 3051//2629 3044//2655 3018//2657
f 3058//2652 3029//2631 3028//2653
f 3027//2665 3029//2631 3049//2674
f 3029//2631 3052//2648 3032//2647
f 3052//2648 3026//2650 3027//2665
f 3026//2650 3052//2648 3016//2654
f 3020//2649 3047//2644 3035//2664
f 3059//2675 3020//2649 3016//2654
f 3031//2676 3046//2672 3056//2624
f 3060//2626 3068//2636 3042//2638
f 3042//2638 3068//2636 3023//2639
f 3031//2676 3056//2624 3034//2635
f 3034//2635 3062//2677 3015//2643
f 3046//2672 3014//2646 3047//2644
f 3030//2669 3047//2644 3015//2643
f 3019//2642 3047//2644 3010//2678
f 3062//2677 3066//2623 3019//2642
f 3042//2638 3021//2621 3056//2624
f 3021//2621 3034//2635 3037//2622
f 3023//2639 3022//2679 3060//2626
f 3068//2636 3064//2661 3021//2621
f 3021//2621 3064//2661 3040//2680
f 3065//2640 3034//2635 3021//2621
f 3036//2634 3067//2641 3065//2640
f 3066//2623 3022//2679 3023//2639
f 3068//2636 3022//2679 3066//2623
f 3010//2678 3066//2623 3031//2676
f 3041//2681 3063//2660 3068//2636
f 3041//2681 3068//2636 3036//2634
f 3030//2669 3045//2645 3060//2626
f 3017//2668 3054//2667 3055//2670
f 3069//2666 3017//2668 3026//2650
f 3070//2651 3017//2668 3069//2666
f 3027//2665 3053//2682 3052//2648
f 3031//2676 3030//2669 3046//2672
f 3009//2633 3034//2635 3068//2636
f 3072//2683 3073//2684 3071//2685
f 3075//390 3074//390 3076//2686
f 3077//390 3078//390 3079//390
f 3077//390 3079//390 3078//390
f 3082//2687 3084//2688 3083//2689
f 3084//2688 3082//2687 3083//2689
f 3097//2690 3115//2691 3101//2692
f 3101//2692 3137//2693 3097//2690
f 3142//2694 3141//2695 3137//2693
f 3111//2696 3087//2697 3131//2698
f 3087//2697 3088//2699 3107//2700
f 3089//2701 3085//2702 3114//2703
f 3112//2704 3137//2693 3115//2691
f 3152//2705 3101//2692 3085//2702
f 3100//2706 3097//2690 3121//2707
f 3121//2707 3099//2708 3100//2706
f 3089//2701 3112//2704 3149//2709
f 3149//2709 3151//2710 3089//2701
f 3085//2702 3101//2692 3114//2703
f 3095//2711 3091//2712 3127//2713
f 3143//2714 3125//2715 3100//2706
f 3090//2716 3091//2712 3095//2711
f 3110//2717 3132//2718 3096//2719
f 3122//2720 3096//2719 3140//2721
f 3104//2722 3154//2723 3107//2700
f 3139//2724 3106//2725 3092//2726
f 3124//2727 3123//2728 3094//2729
f 3149//2709 3097//2690 3114//2703
f 3112//2704 3151//2710 3150//2730
f 3127//2713 3138//2731 3118//2732
f 3148//2733 3147//2734 3152//2705
f 3145//2735 3116//2736 3146//2737
f 3130//2738 3123//2728 3111//2696
f 3130//2738 3094//2729 3123//2728
f 3107//2700 3130//2738 3124//2727
f 3103//2739 3138//2731 3105//2740
f 3105//2740 3153//2741 3103//2739
f 3104//2722 3096//2719 3153//2741
f 3134//2742 3104//2722 3103//2739
f 3093//2743 3103//2739 3104//2722
f 3127//2713 3108//2744 3135//2745
f 3103//2739 3093//2743 3135//2745
f 3113//2746 3135//2745 3136//2747
f 3138//2731 3135//2745 3126//2748
f 3126//2748 3118//2732 3138//2731
f 3110//2717 3106//2725 3128//2749
f 3131//2698 3128//2749 3124//2727
f 3124//2727 3128//2749 3106//2725
f 3106//2725 3107//2700 3124//2727
f 3131//2698 3124//2727 3094//2729
f 3139//2724 3107//2700 3106//2725
f 3105//2740 3107//2700 3129//2750
f 3107//2700 3132//2718 3110//2717
f 3132//2718 3104//2722 3105//2740
f 3104//2722 3132//2718 3092//2726
f 3096//2719 3127//2713 3103//2739
f 3140//2721 3096//2719 3092//2726
f 3109//2751 3126//2748 3137//2693
f 3141//2695 3143//2714 3137//2693
f 3143//2714 3152//2705 3121//2707
f 3121//2707 3152//2705 3099//2708
f 3109//2751 3137//2693 3112//2704
f 3112//2704 3102//2752 3091//2712
f 3126//2748 3090//2716 3127//2713
f 3108//2744 3127//2713 3091//2712
f 3095//2711 3127//2713 3086//2753
f 3144//2754 3091//2712 3102//2752
f 3102//2752 3150//2730 3095//2711
f 3121//2707 3097//2690 3137//2693
f 3097//2690 3112//2704 3115//2691
f 3099//2708 3098//2755 3143//2714
f 3152//2705 3147//2734 3097//2690
f 3097//2690 3147//2734 3119//2756
f 3145//2735 3146//2737 3148//2733
f 3149//2709 3112//2704 3097//2690
f 3114//2703 3151//2710 3149//2709
f 3101//2692 3098//2755 3099//2708
f 3152//2705 3098//2755 3101//2692
f 3086//2753 3150//2730 3109//2751
f 3150//2730 3151//2710 3101//2692
f 3120//2757 3148//2733 3152//2705
f 3119//2756 3117//2758 3116//2736
f 3120//2757 3152//2705 3114//2703
f 3108//2744 3125//2715 3143//2714
f 3134//2742 3135//2745 3093//2743
f 3153//2741 3093//2743 3104//2722
f 3154//2723 3093//2743 3153//2741
f 3105//2740 3133//2759 3132//2718
f 3109//2751 3108//2744 3126//2748
f 3085//2702 3112//2704 3152//2705
f 3156//2760 3157//2761 3155//2762
f 3161//390 3162//390 3163//390
f 3161//390 3163//390 3162//390
f 3167//2763 3168//2764 3166//2765
f 3225//2766 3224//2767 3170//2768
f 3170//2768 3224//2767 3178//2769
f 3184//2770 3205//2771 3171//2772
f 3204//2773 3184//2770 3171//2772
f 3220//2774 3181//2775 3203//2776
f 3202//2777 3220//2774 3203//2776
f 3181//2775 3202//2777 3174//2778
f 3197//2779 3193//2780 3194//2781
f 3188//2782 3221//2783 3203//2776
f 3224//2767 3199//2784 3178//2769
f 3180//2785 3202//2777 3179//2786
f 3177//2787 3183//2788 3224//2767
f 3223//2789 3205//2771 3184//2770
f 3185//2790 3204//2773 3171//2772
f 3180//2785 3173//2791 3207//2792
f 3202//2777 3221//2783 3174//2778
f 3176//2793 3175//2794 3217//2795
f 3217//2795 3182//2796 3176//2793
f 3232//2797 3187//2798 3176//2793
f 3196//2799 3209//2800 3197//2779
f 3211//2801 3176//2793 3212//2802
f 3209//2800 3192//2803 3213//2804
f 3170//2768 3223//2789 3180//2785
f 3226//2805 3223//2789 3178//2769
f 3229//2806 3175//2794 3228//2807
f 3205//2771 3223//2789 3204//2773
f 3214//2808 3198//2809 3197//2779
f 3176//2793 3169//2810 3212//2802
f 3190//2811 3189//2812 3213//2804
f 3211//2801 3189//2812 3190//2811
f 3211//2801 3214//2808 3176//2793
f 3169//2810 3213//2804 3189//2812
f 3192//2803 3214//2808 3211//2801
f 3214//2808 3196//2799 3193//2780
f 3215//2813 3191//2814 3214//2808
f 3214//2808 3232//2797 3176//2793
f 3187//2798 3217//2795 3180//2785
f 3227//2815 3216//2816 3229//2806
f 3182//2796 3175//2794 3200//2817
f 3218//2818 3174//2778 3217//2795
f 3203//2776 3174//2778 3218//2818
f 3218//2818 3188//2782 3203//2776
f 3220//2774 3221//2783 3188//2782
f 3217//2795 3232//2797 3169//2810
f 3169//2810 3232//2797 3195//2819
f 3195//2819 3213//2804 3169//2810
f 3181//2775 3173//2791 3202//2777
f 3181//2775 3227//2815 3173//2791
f 3227//2815 3207//2792 3173//2791
f 3227//2815 3219//2820 3207//2792
f 3223//2789 3225//2766 3207//2792
f 3185//2790 3225//2766 3172//2821
f 3185//2790 3171//2772 3223//2789
f 3202//2777 3207//2792 3220//2774
f 3221//2783 3179//2786 3173//2791
f 3221//2783 3220//2774 3179//2786
f 3207//2792 3222//2822 3187//2798
f 3223//2789 3184//2770 3185//2790
f 3186//2823 3180//2785 3225//2766
f 3224//2767 3204//2773 3223//2789
f 3170//2768 3178//2769 3223//2789
f 3180//2785 3186//2823 3170//2768
f 3206//2824 3225//2766 3178//2769
f 3185//2790 3184//2770 3224//2767
f 3224//2767 3225//2766 3185//2790
f 3224//2767 3223//2789 3226//2805
f 3229//2806 3228//2807 3227//2815
f 3230//2825 3200//2817 3229//2806
f 3217//2795 3200//2817 3216//2816
f 3195//2819 3191//2814 3213//2804
f 3192//2803 3211//2801 3213//2804
f 3208//2826 3214//2808 3192//2803
f 3214//2808 3193//2780 3198//2809
f 3197//2779 3215//2813 3214//2808
f 3194//2781 3209//2800 3215//2813
f 3209//2800 3210//2827 3193//2780
f 3209//2800 3233//2828 3215//2813
f 3200//2817 3176//2793 3182//2796
f 3191//2814 3233//2828 3213//2804
f 3234//2829 3236//2830 3235//2831
f 3235//2831 3236//2830 3234//2829
f 3237//2832 3238//2833 3240//2834
f 3237//2832 3240//2834 3239//2835
f 3253//2836 3244//2837 3241//2838
f 3244//2837 3256//2839 3249//2840
f 3244//2837 3249//2840 3292//2841
f 3292//2841 3241//2838 3244//2837
f 3275//2842 3254//2843 3292//2841
f 3275//2842 3255//2844 3245//2845
f 3257//2846 3252//2847 3273//2848
f 3272//2849 3257//2846 3273//2848
f 3252//2847 3272//2849 3247//2850
f 3269//2851 3264//2852 3265//2853
f 3259//2854 3273//2848 3290//2855
f 3258//2856 3290//2855 3273//2848
f 3256//2839 3253//2836 3249//2840
f 3283//2857 3290//2855 3254//2843
f 3283//2857 3272//2849 3290//2855
f 3250//2858 3241//2838 3292//2841
f 3283//2857 3246//2859 3278//2860
f 3246//2859 3283//2857 3259//2854
f 3278//2860 3257//2846 3272//2849
f 3291//2861 3296//2862 3292//2841
f 3272//2849 3259//2854 3247//2850
f 3258//2856 3247//2850 3259//2854
f 3268//2863 3248//2864 3260//2865
f 3260//2865 3296//2862 3268//2863
f 3259//2854 3262//2866 3260//2865
f 3261//2867 3296//2862 3260//2865
f 3285//2868 3284//2869 3269//2851
f 3280//2870 3263//2871 3287//2872
f 3275//2842 3276//2873 3274//2874
f 3256//2839 3254//2843 3253//2836
f 3288//2875 3270//2876 3269//2851
f 3268//2863 3243//2877 3286//2878
f 3287//2872 3282//2879 3266//2880
f 3268//2863 3286//2878 3282//2879
f 3243//2877 3287//2872 3266//2880
f 3271//2881 3268//2863 3282//2879
f 3288//2875 3298//2882 3271//2881
f 3261//2867 3259//2854 3296//2862
f 3252//2847 3258//2856 3259//2854
f 3273//2848 3247//2850 3258//2856
f 3257//2846 3290//2855 3258//2856
f 3267//2883 3243//2877 3262//2866
f 3252//2847 3246//2859 3272//2849
f 3252//2847 3260//2865 3246//2859
f 3260//2865 3278//2860 3246//2859
f 3289//2884 3251//2885 3278//2860
f 3277//2886 3245//2845 3254//2843
f 3277//2886 3254//2843 3251//2885
f 3257//2846 3278//2860 3290//2855
f 3292//2841 3289//2884 3291//2861
f 3251//2885 3289//2884 3292//2841
f 3255//2844 3292//2841 3276//2873
f 3245//2845 3276//2873 3275//2842
f 3256//2839 3283//2857 3254//2843
f 3276//2873 3292//2841 3274//2874
f 3241//2838 3250//2858 3295//2887
f 3295//2887 3292//2841 3249//2840
f 3250//2858 3244//2837 3295//2887
f 3293//2888 3294//2889 3274//2874
f 3295//2887 3294//2889 3293//2888
f 3260//2865 3297//2890 3261//2867
f 3242//2891 3261//2867 3297//2890
f 3260//2865 3242//2891 3297//2890
f 3267//2883 3298//2882 3287//2872
f 3267//2883 3268//2863 3298//2882
f 3287//2872 3263//2871 3271//2881
f 3281//2892 3279//2893 3263//2871
f 3281//2892 3271//2881 3279//2893
f 3285//2868 3264//2852 3281//2892
f 3284//2869 3285//2868 3280//2870
f 3271//2881 3264//2852 3270//2876
f 3265//2853 3284//2869 3288//2875
f 3288//2875 3271//2881 3270//2876
f 3264//2852 3284//2869 3270//2876
f 3299//2894 3288//2875 3280//2870
f 3296//2862 3242//2891 3268//2863
f 3282//2879 3287//2872 3271//2881
f 3302//390 3303//2895 3304//390
f 3307//2896 3305//2897 3308//2898
f 3308//2898 3306//2899 3307//2896
f 3362//2900 3361//2901 3311//2902
f 3311//2902 3361//2901 3318//2903
f 3324//2904 3341//2905 3312//2906
f 3340//2907 3324//2904 3312//2906
f 3357//2908 3321//2909 3339//2910
f 3338//2911 3357//2908 3339//2910
f 3321//2909 3338//2911 3315//2912
f 3334//2913 3331//2914 3366//2915
f 3328//2916 3358//2917 3339//2910
f 3361//2901 3336//2918 3318//2903
f 3320//2919 3338//2911 3319//2920
f 3337//2921 3323//2922 3361//2901
f 3360//2923 3341//2905 3324//2904
f 3325//2924 3340//2907 3312//2906
f 3320//2919 3314//2925 3364//2926
f 3343//2927 3360//2923 3327//2928
f 3338//2911 3358//2917 3315//2912
f 3316//2929 3364//2926 3356//2930
f 3356//2930 3322//2931 3316//2929
f 3368//2932 3343//2927 3316//2929
f 3333//2933 3352//2934 3334//2913
f 3348//2935 3316//2929 3353//2936
f 3344//2937 3367//2938 3365//2939
f 3311//2902 3360//2923 3320//2919
f 3363//2940 3360//2923 3318//2903
f 3341//2905 3360//2923 3340//2907
f 3355//2941 3335//2942 3334//2913
f 3316//2929 3310//2943 3353//2936
f 3330//2944 3329//2945 3354//2946
f 3348//2935 3329//2945 3330//2944
f 3348//2935 3349//2947 3316//2929
f 3310//2943 3354//2946 3329//2945
f 3367//2938 3349//2947 3348//2935
f 3355//2941 3346//2948 3331//2914
f 3349//2947 3368//2932 3316//2929
f 3343//2927 3356//2930 3320//2919
f 3364//2926 3351//2949 3350//2950
f 3322//2931 3343//2927 3309//2951
f 3328//2916 3315//2912 3356//2930
f 3339//2910 3315//2912 3328//2916
f 3357//2908 3358//2917 3328//2916
f 3356//2930 3368//2932 3310//2943
f 3310//2943 3368//2932 3332//2952
f 3332//2952 3354//2946 3310//2943
f 3321//2909 3314//2925 3338//2911
f 3321//2909 3364//2926 3314//2925
f 3364//2926 3327//2928 3359//2953
f 3360//2923 3364//2926 3359//2953
f 3360//2923 3362//2900 3364//2926
f 3325//2924 3362//2900 3313//2954
f 3325//2924 3312//2906 3360//2923
f 3338//2911 3364//2926 3357//2908
f 3358//2917 3319//2920 3314//2925
f 3358//2917 3357//2908 3319//2920
f 3360//2923 3324//2904 3325//2924
f 3326//2955 3320//2919 3362//2900
f 3361//2901 3340//2907 3360//2923
f 3311//2902 3318//2903 3360//2923
f 3320//2919 3326//2955 3311//2902
f 3342//2956 3362//2900 3318//2903
f 3325//2924 3324//2904 3361//2901
f 3361//2901 3362//2900 3325//2924
f 3361//2901 3360//2923 3363//2940
f 3343//2927 3327//2928 3350//2950
f 3351//2949 3343//2927 3350//2950
f 3351//2949 3356//2930 3317//2957
f 3317//2957 3309//2951 3351//2949
f 3356//2930 3309//2951 3317//2957
f 3364//2926 3316//2929 3343//2927
f 3332//2952 3349//2947 3354//2946
f 3369//2958 3365//2939 3354//2946
f 3366//2915 3344//2937 3355//2941
f 3367//2938 3348//2935 3365//2939
f 3354//2946 3365//2939 3348//2935
f 3333//2933 3345//2959 3344//2937
f 3345//2959 3355//2941 3367//2938
f 3352//2934 3333//2933 3344//2937
f 3355//2941 3331//2914 3335//2942
f 3334//2913 3366//2915 3355//2941
f 3352//2934 3347//2960 3331//2914
f 3344//2937 3365//2939 3355//2941
f 3309//2951 3316//2929 3322//2931
f 3372//390 3371//2961 3370//390
f 3373//390 3374//390 3375//390
f 3394//2962 3429//2963 3396//2964
f 3407//2965 3396//2964 3399//2966
f 3399//2966 3397//2967 3429//2963
f 3429//2963 3407//2965 3399//2966
f 3406//2968 3398//2969 3389//2970
f 3379//2971 3385//2972 3402//2973
f 3379//2971 3402//2973 3400//2974
f 3379//2971 3400//2974 3425//2975
f 3423//2976 3412//2977 3434//2978
f 3402//2973 3390//2979 3384//2980
f 3397//2967 3396//2964 3429//2963
f 3385//2972 3400//2974 3384//2980
f 3380//2981 3379//2971 3390//2979
f 3427//2982 3379//2971 3380//2981
f 3385//2972 3379//2971 3417//2983
f 3380//2981 3402//2973 3425//2975
f 3424//2984 3410//2985 3393//2986
f 3419//2987 3420//2988 3423//2976
f 3401//2989 3422//2990 3432//2991
f 3413//2992 3377//2993 3432//2991
f 3403//2994 3428//2995 3394//2962
f 3406//2968 3403//2994 3394//2962
f 3427//2982 3384//2980 3390//2979
f 3433//2996 3436//2997 3392//2998
f 3393//2986 3377//2993 3421//2999
f 3432//2991 3415//3000 3391//3001
f 3393//2986 3421//2999 3415//3000
f 3422//2990 3415//3000 3432//2991
f 3433//2996 3415//3000 3436//2997
f 3393//2986 3410//2985 3382//3002
f 3411//3003 3412//2977 3418//3004
f 3415//3000 3411//3003 3418//3004
f 3433//2996 3393//2986 3415//3000
f 3427//2982 3389//2970 3410//2985
f 3381//3005 3431//3006 3416//3007
f 3386//3008 3409//3009 3376//3010
f 3382//3002 3426//3011 3425//2975
f 3390//2979 3425//2975 3426//3011
f 3425//2975 3424//2984 3377//2993
f 3377//2993 3424//2984 3395//3012
f 3382//3002 3417//2983 3379//2971
f 3382//3002 3381//3005 3417//2983
f 3389//2970 3399//2966 3417//2983
f 3378//3013 3399//2966 3389//2970
f 3378//3013 3408//3014 3428//2995
f 3400//2974 3417//2983 3427//2982
f 3410//2985 3402//2973 3427//2982
f 3410//2985 3424//2984 3425//2975
f 3429//2963 3428//2995 3389//2970
f 3389//2970 3414//3015 3410//2985
f 3417//2983 3381//3005 3414//3015
f 3389//2970 3417//2983 3414//3015
f 3403//2994 3398//2969 3428//2995
f 3383//3016 3427//2982 3399//2966
f 3429//2963 3427//2982 3383//3016
f 3394//2962 3428//2995 3429//2963
f 3396//2964 3397//2967 3388//3017
f 3388//3017 3383//3016 3399//2966
f 3399//2966 3396//2964 3388//3017
f 3397//2967 3399//2966 3378//3013
f 3404//3018 3394//2962 3405//3019
f 3394//2962 3430//3020 3405//3019
f 3404//3018 3388//3017 3397//2967
f 3430//3020 3404//3018 3387//3021
f 3410//2985 3381//3005 3416//3007
f 3425//2975 3376//3010 3381//3005
f 3381//3005 3382//3002 3409//3009
f 3395//3012 3433//2996 3377//2993
f 3432//2991 3377//2993 3433//2996
f 3435//3022 3412//2977 3411//3003
f 3420//2988 3419//2987 3401//2989
f 3423//2976 3418//3004 3419//2987
f 3418//3004 3412//2977 3420//2988
f 3393//2986 3382//3002 3377//2993
f 3437//3023 3438//390 3439//390
f 3442//390 3440//390 3441//390
f 3447//3024 3457//3025 3448//3026
f 3444//3027 3469//3028 3459//3029
f 3466//3030 3452//3031 3456//3032
f 3453//3033 3447//3024 3452//3031
f 3472//3034 3477//3035 3480//3036
f 3466//3030 3468//3037 3482//3038
f 3446//3039 3472//3034 3445//3040
f 3464//3041 3455//3042 3474//3043
f 3461//3044 3480//3036 3470//3045
f 3479//3046 3446//3039 3464//3041
f 3456//3032 3468//3037 3466//3030
f 3465//3047 3452//3031 3449//3048
f 3465//3047 3448//3026 3452//3031
f 3465//3047 3457//3025 3471//3049
f 3473//3050 3444//3027 3455//3042
f 3443//3051 3463//3052 3472//3034
f 3464//3041 3475//3053 3463//3052
f 3457//3025 3453//3033 3448//3026
f 3483//3054 3471//3049 3457//3025
f 3478//3055 3467//3056 3447//3024
f 3468//3037 3456//3032 3479//3046
f 3471//3049 3458//3057 3448//3026
f 3444//3027 3472//3034 3470//3045
f 3460//3058 3459//3029 3477//3035
f 3460//3058 3450//3059 3459//3029
f 3461//3044 3470//3045 3446//3039
f 3446//3039 3443//3051 3461//3044
f 3443//3051 3472//3034 3480//3036
f 3472//3034 3444//3027 3473//3050
f 3473//3050 3463//3052 3475//3053
f 3449//3048 3443//3051 3479//3046
f 3452//3031 3443//3051 3449//3048
f 3453//3033 3465//3047 3449//3048
f 3468//3037 3467//3056 3482//3038
f 3478//3055 3457//3025 3482//3038
f 3482//3038 3457//3025 3447//3024
f 3448//3026 3484//3060 3483//3054
f 3458//3057 3471//3049 3483//3054
f 3484//3060 3458//3057 3483//3054
f 3447//3024 3467//3056 3452//3031
f 3468//3037 3479//3046 3464//3041
f 3475//3053 3455//3042 3445//3040
f 3455//3042 3464//3041 3446//3039
f 3455//3042 3454//3061 3473//3050
f 3454//3061 3455//3042 3485//3062
f 3454//3061 3485//3062 3462//3063
f 3472//3034 3463//3052 3445//3040
f 3476//3064 3472//3034 3486//3065
f 3473//3050 3476//3064 3463//3052
f 3444//3027 3459//3029 3450//3059
f 3450//3059 3460//3058 3477//3035
f 3489//390 3487//390 3488//390
f 3489//390 3488//390 3487//390
f 3491//3066 3490//3067 3492//3068
f 3497//3069 3507//3070 3498//3071
f 3494//3072 3519//3073 3509//3074
f 3516//3075 3502//3076 3506//3077
f 3503//3078 3497//3069 3502//3076
f 3522//3079 3527//3080 3530//3081
f 3516//3075 3518//3082 3532//3083
f 3496//3084 3522//3079 3495//3085
f 3514//3086 3505//3087 3524//3088
f 3511//3089 3530//3081 3520//3090
f 3529//3091 3496//3084 3514//3086
f 3506//3077 3518//3082 3516//3075
f 3515//3092 3502//3076 3499//3093
f 3515//3092 3498//3071 3502//3076
f 3515//3092 3507//3070 3521//3094
f 3523//3095 3494//3072 3505//3087
f 3493//3096 3513//3097 3522//3079
f 3514//3086 3525//3098 3513//3097
f 3507//3070 3503//3078 3498//3071
f 3533//3099 3521//3094 3507//3070
f 3528//3100 3517//3101 3497//3069
f 3518//3082 3506//3077 3529//3091
f 3521//3094 3508//3102 3498//3071
f 3494//3072 3522//3079 3520//3090
f 3510//3103 3509//3074 3527//3080
f 3510//3103 3500//3104 3509//3074
f 3511//3089 3520//3090 3496//3084
f 3496//3084 3493//3096 3511//3089
f 3493//3096 3522//3079 3530//3081
f 3522//3079 3494//3072 3523//3095
f 3523//3095 3513//3097 3525//3098
f 3499//3093 3493//3096 3529//3091
f 3502//3076 3493//3096 3499//3093
f 3503//3078 3515//3092 3499//3093
f 3518//3082 3517//3101 3532//3083
f 3528//3100 3507//3070 3532//3083
f 3532//3083 3507//3070 3497//3069
f 3498//3071 3534//3105 3533//3099
f 3508//3102 3521//3094 3533//3099
f 3534//3105 3508//3102 3533//3099
f 3497//3069 3517//3101 3502//3076
f 3518//3082 3529//3091 3514//3086
f 3525//3098 3505//3087 3495//3085
f 3505//3087 3514//3086 3496//3084
f 3505//3087 3504//3106 3523//3095
f 3504//3106 3505//3087 3535//3107
f 3504//3106 3535//3107 3512//3108
f 3522//3079 3513//3097 3495//3085
f 3526//3109 3522//3079 3536//3110
f 3523//3095 3526//3109 3513//3097
f 3494//3072 3509//3074 3500//3104
f 3500//3104 3510//3103 3527//3080
f 3541//3111 3540//3112 3542//3113
f 3547//3114 3557//3115 3548//3116
f 3544//3117 3567//3118 3559//3119
f 3565//3120 3552//3121 3556//3122
f 3553//3123 3547//3114 3552//3121
f 3570//3124 3574//3125 3576//3126
f 3565//3120 3562//3127 3577//3128
f 3546//3129 3570//3124 3545//3130
f 3563//3131 3555//3132 3572//3133
f 3556//3122 3562//3127 3565//3120
f 3564//3134 3552//3121 3549//3135
f 3564//3134 3548//3116 3552//3121
f 3564//3134 3557//3115 3569//3136
f 3571//3137 3544//3117 3555//3132
f 3543//3138 3562//3127 3570//3124
f 3563//3131 3572//3133 3562//3127
f 3557//3115 3553//3123 3548//3116
f 3578//3139 3569//3136 3557//3115
f 3575//3140 3566//3141 3547//3114
f 3562//3127 3556//3122 3546//3129
f 3569//3136 3558//3142 3548//3116
f 3544//3117 3570//3124 3568//3143
f 3560//3144 3559//3119 3574//3125
f 3560//3144 3550//3145 3559//3119
f 3546//3129 3543//3138 3568//3143
f 3543//3138 3570//3124 3576//3126
f 3570//3124 3544//3117 3571//3137
f 3571//3137 3562//3127 3572//3133
f 3549//3135 3543//3138 3546//3129
f 3552//3121 3543//3138 3549//3135
f 3553//3123 3564//3134 3549//3135
f 3562//3127 3566//3141 3577//3128
f 3575//3140 3557//3115 3577//3128
f 3577//3128 3557//3115 3547//3114
f 3548//3116 3579//3146 3578//3139
f 3558//3142 3569//3136 3578//3139
f 3579//3146 3558//3142 3578//3139
f 3547//3114 3566//3141 3552//3121
f 3562//3127 3546//3129 3563//3131
f 3572//3133 3555//3132 3545//3130
f 3555//3132 3563//3131 3546//3129
f 3555//3132 3554//3147 3571//3137
f 3554//3147 3555//3132 3580//3148
f 3554//3147 3580//3148 3561//3149
f 3570//3124 3562//3127 3545//3130
f 3573//3150 3570//3124 3581//3151
f 3571//3137 3573//3150 3562//3127
f 3544//3117 3559//3119 3550//3145
f 3550//3145 3560//3144 3574//3125
f 3584//390 3582//390 3583//390
f 3584//390 3583//390 3582//390
f 3586//3152 3585//3153 3587//3154
f 3589//3155 3601//3156 3614//3157
f 3602//3158 3592//3159 3594//3160
f 3611//3161 3589//3155 3592//3159
f 3616//3162 3617//3163 3606//3164
f 3606//3164 3625//3165 3616//3162
f 3625//3165 3615//3166 3616//3162
f 3602//3158 3599//3167 3595//3168
f 3613//3169 3594//3160 3617//3163
f 3613//3169 3618//3170 3594//3160
f 3594//3160 3599//3167 3602//3158
f 3620//3171 3614//3157 3588//3172
f 3609//3173 3624//3174 3607//3175
f 3601//3156 3611//3161 3614//3157
f 3596//3176 3621//3177 3601//3156
f 3589//3155 3623//3178 3592//3159
f 3621//3177 3597//3179 3614//3157
f 3615//3166 3608//3180 3603//3181
f 3598//3182 3608//3180 3615//3166
f 3598//3182 3593//3183 3608//3180
f 3607//3175 3616//3162 3603//3181
f 3619//3184 3617//3163 3616//3162
f 3606//3164 3617//3163 3607//3175
f 3618//3170 3606//3164 3600//3185
f 3600//3185 3625//3165 3618//3170
f 3588//3172 3590//3186 3594//3160
f 3621//3177 3620//3171 3611//3161
f 3602//3158 3590//3186 3592//3159
f 3592//3159 3590//3186 3588//3172
f 3619//3184 3604//3187 3613//3169
f 3599//3167 3623//3178 3595//3168
f 3595//3168 3601//3156 3589//3155
f 3621//3177 3611//3161 3601//3156
f 3597//3179 3622//3188 3614//3157
f 3597//3179 3621//3177 3596//3176
f 3622//3188 3596//3176 3614//3157
f 3622//3188 3597//3179 3596//3176
f 3604//3187 3623//3178 3599//3167
f 3614//3157 3592//3159 3588//3172
f 3599//3167 3594//3160 3610//3189
f 3618//3170 3610//3189 3624//3174
f 3624//3174 3594//3160 3618//3170
f 3607//3175 3593//3183 3609//3173
f 3593//3183 3600//3185 3609//3173
f 3600//3185 3610//3189 3609//3173
f 3599//3167 3613//3169 3604//3187
f 3625//3165 3606//3164 3613//3169
f 3599//3167 3625//3165 3613//3169
f 3616//3162 3605//3190 3619//3184
f 3603//3181 3593//3183 3607//3175
f 3608//3180 3593//3183 3603//3181
f 3625//3165 3600//3185 3612//3191
f 3627//390 3626//390 3628//390
f 3629//390 3630//390 3631//390
f 3651//3192 3682//3193 3636//3194
f 3656//3195 3636//3194 3682//3193
f 3635//3196 3680//3197 3636//3194
f 3682//3193 3680//3197 3681//3198
f 3676//3199 3658//3200 3674//3201
f 3681//3198 3680//3197 3635//3196
f 3636//3194 3677//3202 3667//3203
f 3654//3204 3653//3205 3673//3206
f 3673//3206 3632//3207 3640//3208
f 3636//3194 3637//3209 3677//3202
f 3647//3210 3640//3208 3633//3211
f 3667//3203 3650//3212 3652//3213
f 3662//3214 3657//3215 3672//3216
f 3672//3216 3665//3217 3639//3218
f 3654//3204 3659//3219 3640//3208
f 3641//3220 3633//3211 3666//3221
f 3670//3222 3633//3211 3655//3223
f 3648//3224 3670//3222 3646//3225
f 3648//3224 3633//3211 3670//3222
f 3682//3193 3641//3220 3666//3221
f 3682//3193 3651//3192 3633//3211
f 3651//3192 3655//3223 3633//3211
f 3644//3226 3671//3227 3634//3228
f 3639//3218 3643//3229 3672//3216
f 3642//3230 3637//3209 3671//3227
f 3673//3206 3653//3205 3632//3207
f 3632//3207 3654//3204 3647//3210
f 3646//3225 3649//3231 3664//3232
f 3648//3224 3646//3225 3647//3210
f 3647//3210 3633//3211 3648//3224
f 3658//3200 3676//3199 3647//3210
f 3675//3233 3664//3232 3638//3234
f 3632//3207 3647//3210 3676//3199
f 3638//3234 3632//3207 3676//3199
f 3666//3221 3633//3211 3649//3231
f 3662//3214 3672//3216 3637//3209
f 3637//3209 3636//3194 3671//3227
f 3667//3203 3652//3213 3643//3229
f 3672//3216 3643//3229 3652//3213
f 3677//3202 3678//3235 3652//3213
f 3677//3202 3672//3216 3678//3235
f 3643//3229 3639//3218 3661//3236
f 3642//3230 3643//3229 3660//3237
f 3637//3209 3642//3230 3660//3237
f 3644//3226 3651//3192 3671//3227
f 3651//3192 3644//3226 3634//3228
f 3679//3238 3666//3221 3656//3195
f 3682//3193 3681//3198 3656//3195
f 3679//3238 3680//3197 3682//3193
f 3679//3238 3645//3239 3680//3197
f 3645//3239 3679//3238 3681//3198
f 3670//3222 3655//3223 3649//3231
f 3640//3208 3649//3231 3633//3211
f 3659//3219 3673//3206 3663//3240
f 3692//3241 3706//3242 3729//3243
f 3722//3244 3694//3245 3687//3246
f 3708//3247 3688//3248 3700//3249
f 3704//3250 3709//3251 3690//3252
f 3705//3253 3695//3254 3684//3255
f 3713//3256 3705//3253 3699//3257
f 3714//3258 3707//3259 3700//3249
f 3726//3260 3723//3261 3715//3262
f 3695//3254 3696//3263 3718//3264
f 3687//3246 3719//3265 3724//3266
f 3687//3246 3699//3257 3703//3267
f 3703//3267 3705//3253 3687//3246
f 3706//3242 3696//3263 3695//3254
f 3699//3257 3685//3268 3714//3258
f 3695//3254 3705//3253 3720//3269
f 3706//3242 3718//3264 3719//3265
f 3718//3264 3706//3242 3711//3270
f 3693//3271 3706//3242 3690//3252
f 3690//3252 3691//3272 3693//3271
f 3721//3273 3691//3272 3690//3252
f 3695//3254 3712//3274 3706//3242
f 3712//3274 3695//3254 3720//3269
f 3718//3264 3720//3269 3684//3255
f 3696//3263 3684//3255 3720//3269
f 3706//3242 3691//3272 3709//3251
f 3722//3244 3693//3271 3694//3245
f 3694//3245 3719//3265 3687//3246
f 3718//3264 3724//3266 3719//3265
f 3725//3275 3723//3261 3699//3257
f 3725//3275 3715//3262 3701//3276
f 3700//3249 3699//3257 3696//3263
f 3687//3246 3724//3266 3699//3257
f 3703//3267 3699//3257 3700//3249
f 3698//3277 3715//3262 3688//3248
f 3728//3278 3726//3260 3715//3262
f 3685//3268 3708//3247 3700//3249
f 3715//3262 3725//3275 3700//3249
f 3697//3279 3700//3249 3725//3275
f 3702//3280 3697//3279 3699//3257
f 3686//3281 3714//3258 3700//3249
f 3726//3260 3688//3248 3685//3268
f 3685//3268 3686//3281 3717//3282
f 3713//3256 3707//3259 3717//3282
f 3714//3258 3717//3282 3707//3259
f 3686//3281 3699//3257 3714//3258
f 3720//3269 3705//3253 3713//3256
f 3692//3241 3690//3252 3706//3242
f 3683//3283 3710//3284 3721//3273
f 3709//3251 3710//3284 3683//3283
f 3706//3242 3684//3255 3696//3263
f 3730//3285 3732//3286 3731//3287
f 3732//3286 3730//3285 3731//3287
f 3783//3288 3738//3289 3784//3290
f 3784//3290 3739//3291 3783//3288
f 3787//3292 3755//3293 3734//3294
f 3734//3294 3733//3295 3787//3292
f 3735//3296 3787//3292 3733//3295
f 3755//3293 3789//3297 3734//3294
f 3789//3297 3735//3296 3734//3294
f 3749//3298 3733//3295 3734//3294
f 3759//3299 3749//3298 3734//3294
f 3789//3297 3787//3292 3735//3296
f 3759//3299 3733//3295 3789//3297
f 3733//3295 3759//3299 3735//3296
f 3741//3300 3784//3290 3738//3289
f 3741//3300 3738//3289 3739//3291
f 3792//3301 3762//3302 3777//3303
f 3780//3304 3762//3302 3782//3305
f 3761//3306 3767//3307 3772//3308
f 3781//3309 3763//3310 3744//3311
f 3779//3312 3775//3313 3771//3314
f 3772//3308 3773//3315 3753//3316
f 3779//3312 3767//3307 3745//3317
f 3773//3315 3747//3318 3746//3319
f 3761//3306 3772//3308 3774//3320
f 3733//3295 3761//3306 3748//3321
f 3760//3322 3761//3306 3747//3318
f 3751//3323 3779//3312 3757//3324
f 3745//3317 3757//3324 3771//3314
f 3785//3325 3745//3317 3786//3326
f 3743//3327 3788//3328 3750//3329
f 3776//3330 3762//3302 3780//3304
f 3736//3331 3762//3302 3796//3332
f 3792//3301 3744//3311 3782//3305
f 3792//3301 3758//3333 3744//3311
f 3776//3330 3736//3331 3781//3309
f 3736//3331 3763//3310 3781//3309
f 3770//3334 3796//3332 3782//3305
f 3770//3334 3737//3335 3796//3332
f 3782//3305 3763//3310 3770//3334
f 3741//3300 3764//3336 3784//3290
f 3765//3337 3769//3338 3740//3339
f 3742//3340 3741//3300 3740//3339
f 3738//3289 3783//3288 3764//3336
f 3783//3288 3739//3291 3782//3305
f 3765//3337 3782//3305 3769//3338
f 3740//3339 3769//3338 3738//3289
f 3766//3341 3745//3317 3785//3325
f 3786//3326 3753//3316 3785//3325
f 3738//3289 3751//3323 3745//3317
f 3738//3289 3766//3341 3739//3291
f 3739//3291 3771//3314 3769//3338
f 3753//3316 3773//3315 3745//3317
f 3753//3316 3745//3317 3739//3291
f 3778//3342 3786//3326 3761//3306
f 3772//3308 3755//3293 3787//3292
f 3749//3298 3761//3306 3733//3295
f 3767//3307 3773//3315 3772//3308
f 3745//3317 3767//3307 3761//3306
f 3761//3306 3775//3313 3747//3318
f 3775//3313 3756//3343 3747//3318
f 3746//3319 3756//3343 3775//3313
f 3760//3322 3748//3321 3761//3306
f 3748//3321 3772//3308 3787//3292
f 3747//3318 3748//3321 3760//3322
f 3759//3299 3789//3297 3755//3293
f 3748//3321 3788//3328 3733//3295
f 3743//3327 3733//3295 3788//3328
f 3748//3321 3787//3292 3788//3328
f 3788//3328 3787//3292 3789//3297
f 3789//3297 3733//3295 3790//3344
f 3733//3295 3743//3327 3790//3344
f 3766//3341 3795//3345 3739//3291
f 3785//3325 3753//3316 3766//3341
f 3775//3313 3767//3307 3751//3323
f 3739//3291 3763//3310 3741//3300
f 3768//3346 3792//3301 3793//3347
f 3793//3347 3794//3348 3752//3349
f 3737//3335 3736//3331 3796//3332
f 3762//3302 3736//3331 3758//3333
f 3790//3344 3743//3327 3789//3297
f 3802//3350 3826//3351 3799//3352
f 3800//3353 3799//3352 3826//3351
f 3826//3351 3802//3350 3810//3354
f 3797//3355 3824//3356 3802//3350
f 3805//3357 3823//3358 3810//3354
f 3823//3358 3803//3359 3810//3354
f 3806//3360 3802//3350 3820//3361
f 3804//3362 3823//3358 3805//3357
f 3827//3363 3814//3364 3803//3359
f 3816//3365 3814//3364 3813//3366
f 3804//3362 3806//3360 3819//3367
f 3807//3368 3814//3364 3818//3369
f 3820//3361 3824//3356 3828//3370
f 3821//3371 3828//3370 3824//3356
f 3809//3372 3801//3373 3826//3351
f 3797//3355 3809//3372 3822//3374
f 3799//3352 3824//3356 3797//3355
f 3799//3352 3800//3353 3824//3356
f 3822//3374 3799//3352 3797//3355
f 3808//3375 3822//3374 3809//3372
f 3823//3358 3802//3350 3803//3359
f 3800//3353 3826//3351 3797//3355
f 3803//3359 3825//3376 3826//3351
f 3825//3376 3803//3359 3805//3357
f 3805//3357 3810//3354 3825//3376
f 3805//3357 3811//3377 3804//3362
f 3812//3378 3807//3368 3811//3377
f 3803//3359 3807//3368 3812//3378
f 3808//3375 3825//3376 3798//3379
f 3825//3376 3822//3374 3798//3379
f 3828//3370 3827//3363 3820//3361
f 3820//3361 3827//3363 3819//3367
f 3819//3367 3806//3360 3820//3361
f 3821//3371 3804//3362 3802//3350
f 3804//3362 3819//3367 3802//3350
f 3802//3350 3819//3367 3803//3359
f 3807//3368 3815//3380 3804//3362
f 3815//3380 3829//3381 3813//3366
f 3815//3380 3814//3364 3830//3382
f 3830//3382 3817//3383 3815//3380
f 3816//3365 3829//3381 3815//3380
f 3832//390 3831//390 3833//390
f 3856//3384 3893//3385 3858//3386
f 3868//3387 3858//3386 3849//3388
f 3849//3388 3859//3389 3893//3385
f 3893//3385 3868//3387 3849//3388
f 3867//3390 3860//3391 3850//3392
f 3837//3393 3844//3394 3863//3395
f 3837//3393 3863//3395 3861//3396
f 3837//3393 3861//3396 3890//3397
f 3887//3398 3874//3399 3899//3400
f 3863//3395 3852//3401 3843//3402
f 3859//3389 3858//3386 3893//3385
f 3844//3394 3861//3396 3843//3402
f 3838//3403 3837//3393 3852//3401
f 3892//3404 3837//3393 3838//3403
f 3844//3394 3837//3393 3881//3405
f 3838//3403 3863//3395 3890//3397
f 3888//3406 3871//3407 3855//3408
f 3883//3409 3884//3410 3887//3398
f 3862//3411 3886//3412 3897//3413
f 3875//3414 3835//3415 3897//3413
f 3864//3416 3893//3385 3856//3384
f 3867//3390 3864//3416 3856//3384
f 3892//3404 3843//3402 3852//3401
f 3898//3417 3901//3418 3854//3419
f 3855//3408 3835//3415 3885//3420
f 3897//3413 3876//3421 3853//3422
f 3855//3408 3885//3420 3876//3421
f 3886//3412 3878//3423 3897//3413
f 3878//3423 3855//3408 3876//3421
f 3898//3417 3878//3423 3901//3418
f 3855//3408 3871//3407 3840//3424
f 3872//3425 3874//3399 3882//3426
f 3878//3423 3872//3425 3882//3426
f 3898//3417 3855//3408 3878//3423
f 3888//3406 3857//3427 3889//3428
f 3865//3429 3850//3392 3871//3407
f 3839//3430 3895//3431 3879//3432
f 3845//3433 3870//3434 3834//3435
f 3840//3424 3891//3436 3890//3397
f 3852//3401 3890//3397 3891//3436
f 3888//3406 3889//3428 3890//3397
f 3890//3397 3889//3428 3835//3415
f 3835//3415 3889//3428 3857//3427
f 3840//3424 3881//3405 3837//3393
f 3840//3424 3851//3437 3881//3405
f 3839//3430 3851//3437 3840//3424
f 3850//3392 3849//3388 3881//3405
f 3836//3438 3849//3388 3850//3392
f 3848//3439 3869//3440 3893//3385
f 3836//3438 3848//3439 3849//3388
f 3861//3396 3881//3405 3892//3404
f 3881//3405 3865//3429 3892//3404
f 3871//3407 3863//3395 3865//3429
f 3871//3407 3888//3406 3890//3397
f 3865//3429 3893//3385 3850//3392
f 3850//3392 3877//3441 3871//3407
f 3881//3405 3851//3437 3877//3441
f 3850//3392 3881//3405 3877//3441
f 3864//3416 3860//3391 3893//3385
f 3858//3386 3859//3389 3847//3442
f 3847//3442 3841//3443 3849//3388
f 3849//3388 3858//3386 3847//3442
f 3859//3389 3849//3388 3848//3439
f 3841//3443 3868//3387 3842//3444
f 3859//3389 3856//3384 3866//3445
f 3856//3384 3894//3446 3866//3445
f 3894//3446 3859//3389 3846//3447
f 3871//3407 3839//3430 3879//3432
f 3890//3397 3880//3448 3839//3430
f 3880//3448 3834//3435 3896//3449
f 3896//3449 3834//3435 3895//3431
f 3890//3397 3834//3435 3880//3448
f 3839//3430 3840//3424 3870//3434
f 3857//3427 3898//3417 3835//3415
f 3897//3413 3835//3415 3898//3417
f 3900//3450 3874//3399 3872//3425
f 3884//3410 3883//3409 3862//3411
f 3887//3398 3882//3426 3883//3409
f 3882//3426 3874//3399 3884//3410
f 3855//3408 3840//3424 3835//3415
f 3907//3451 3917//3452 3908//3453
f 3904//3454 3929//3455 3919//3456
f 3926//3457 3912//3458 3916//3459
f 3913//3460 3907//3451 3912//3458
f 3932//3461 3939//3462 3942//3463
f 3926//3457 3928//3464 3944//3465
f 3906//3466 3932//3461 3905//3467
f 3924//3468 3915//3469 3934//3470
f 3921//3471 3942//3463 3930//3472
f 3941//3473 3906//3466 3924//3468
f 3916//3459 3928//3464 3926//3457
f 3925//3474 3912//3458 3909//3475
f 3925//3474 3908//3453 3912//3458
f 3925//3474 3917//3452 3931//3476
f 3933//3477 3904//3454 3915//3469
f 3902//3478 3923//3479 3932//3461
f 3924//3468 3936//3480 3923//3479
f 3917//3452 3913//3460 3908//3453
f 3945//3481 3931//3476 3917//3452
f 3940//3482 3927//3483 3907//3451
f 3928//3464 3916//3459 3941//3473
f 3931//3476 3918//3484 3908//3453
f 3904//3454 3932//3461 3930//3472
f 3920//3485 3903//3486 3939//3462
f 3920//3485 3910//3487 3903//3486
f 3921//3471 3930//3472 3906//3466
f 3906//3466 3937//3488 3921//3471
f 3937//3488 3932//3461 3942//3463
f 3932//3461 3904//3454 3933//3477
f 3933//3477 3923//3479 3936//3480
f 3935//3489 3902//3478 3941//3473
f 3912//3458 3902//3478 3909//3475
f 3913//3460 3925//3474 3909//3475
f 3928//3464 3927//3483 3944//3465
f 3940//3482 3947//3490 3944//3465
f 3944//3465 3947//3490 3907//3451
f 3908//3453 3946//3491 3945//3481
f 3918//3484 3931//3476 3945//3481
f 3946//3491 3918//3484 3945//3481
f 3907//3451 3927//3483 3912//3458
f 3928//3464 3941//3473 3924//3468
f 3936//3480 3915//3469 3905//3467
f 3915//3469 3924//3468 3906//3466
f 3915//3469 3914//3492 3933//3477
f 3914//3492 3915//3469 3948//3493
f 3914//3492 3948//3493 3922//3494
f 3932//3461 3923//3479 3905//3467
f 3938//3495 3932//3461 3949//3496
f 3933//3477 3938//3495 3923//3479
f 3904//3454 3903//3486 3910//3487
f 3903//3486 3904//3454 3919//3456
f 3910//3487 3920//3485 3939//3462
f 3962//3497 3952//3498 3950//3499
f 3952//3498 3965//3500 3958//3501
f 3952//3498 3958//3501 4006//3502
f 4006//3502 3950//3499 3952//3498
f 3985//3503 3963//3504 4006//3502
f 3985//3503 3964//3505 3953//3506
f 3966//3507 3961//3508 3983//3509
f 3982//3510 3966//3507 3983//3509
f 3961//3508 3982//3510 3955//3511
f 3978//3512 3973//3513 3974//3514
f 3967//3515 3983//3509 4004//3516
f 3965//3500 3962//3497 3958//3501
f 3994//3517 4003//3518 3963//3504
f 3994//3517 3982//3510 4003//3518
f 3959//3519 3950//3499 4006//3502
f 3994//3517 3954//3520 3988//3521
f 3954//3520 3994//3517 3967//3515
f 3988//3521 3966//3507 3982//3510
f 4005//3522 4011//3523 4006//3502
f 3982//3510 3967//3515 3955//3511
f 4001//3524 3955//3511 3967//3515
f 3957//3525 3956//3526 3968//3527
f 3968//3527 4011//3523 3957//3525
f 3967//3515 3971//3528 3968//3527
f 3970//3529 4011//3523 3968//3527
f 3996//3530 3995//3531 3978//3512
f 3991//3532 3972//3533 3998//3534
f 3970//3529 3956//3526 3969//3535
f 3985//3503 3986//3536 3984//3537
f 3965//3500 3963//3504 3962//3497
f 4000//3538 3979//3539 3978//3512
f 3977//3540 3989//3541 3997//3542
f 3998//3534 3993//3543 3975//3544
f 3999//3545 3997//3542 3993//3543
f 3977//3540 3957//3525 3989//3541
f 3989//3541 3998//3534 3975//3544
f 3981//3546 3999//3545 3993//3543
f 4000//3538 4013//3547 3981//3546
f 3999//3545 3967//3515 3977//3540
f 3969//3535 3967//3515 4011//3523
f 3961//3508 4001//3524 3967//3515
f 3983//3509 3955//3511 4001//3524
f 4001//3524 4004//3516 3983//3509
f 3989//3541 3971//3528 3976//3548
f 3961//3508 3954//3520 3982//3510
f 3961//3508 3968//3527 3954//3520
f 3968//3527 3988//3521 3954//3520
f 4002//3549 3960//3550 3988//3521
f 3987//3551 3953//3506 3963//3504
f 3987//3551 3963//3504 3960//3550
f 3966//3507 3988//3521 4003//3518
f 4004//3516 4003//3518 3954//3520
f 4004//3516 3966//3507 4003//3518
f 4006//3502 4002//3549 4005//3522
f 3960//3550 4002//3549 4006//3502
f 3964//3505 4006//3502 3986//3536
f 3953//3506 3986//3536 3985//3503
f 3965//3500 3994//3517 3963//3504
f 3986//3536 4006//3502 3984//3537
f 3950//3499 3959//3519 4009//3552
f 4009//3552 4006//3502 3958//3501
f 3959//3519 3952//3498 4009//3552
f 4010//3553 4008//3554 3984//3537
f 4009//3552 4008//3554 4007//3555
f 4008//3554 4010//3553 4007//3555
f 3970//3529 3969//3535 4011//3523
f 3968//3527 4012//3556 3970//3529
f 3951//3557 3970//3529 4012//3556
f 3968//3527 3951//3557 4012//3556
f 3976//3548 4013//3547 3998//3534
f 3976//3548 3999//3545 4013//3547
f 3998//3534 3972//3533 3981//3546
f 3992//3558 3990//3559 3972//3533
f 3992//3558 3981//3546 3990//3559
f 3996//3530 3973//3513 3992//3558
f 3995//3531 3996//3530 3991//3532
f 3981//3546 3973//3513 3979//3539
f 3974//3514 3995//3531 4000//3538
f 4000//3538 3981//3546 3979//3539
f 3973//3513 3995//3531 3980//3560
f 4014//3561 4000//3538 3991//3532
f 4011//3523 3951//3557 3957//3525
f 3967//3515 3957//3525 3977//3540
f 3993//3543 3998//3534 3981//3546
f 4078//3562 4077//3563 4019//3564
f 4019//3564 4077//3563 4028//3565
f 4034//3566 4055//3567 4020//3568
f 4054//3569 4034//3566 4020//3568
f 4073//3570 4031//3571 4052//3572
f 4051//3573 4073//3570 4052//3572
f 4031//3571 4051//3573 4023//3574
f 4047//3575 4043//3576 4044//3577
f 4038//3578 4074//3579 4052//3572
f 4077//3563 4049//3580 4028//3565
f 4030//3581 4051//3573 4029//3582
f 4027//3583 4033//3584 4077//3563
f 4076//3585 4055//3567 4034//3566
f 4035//3586 4054//3569 4020//3568
f 4030//3581 4022//3587 4057//3588
f 4051//3573 4074//3579 4023//3574
f 4025//3589 4024//3590 4070//3591
f 4070//3591 4032//3592 4025//3589
f 4083//3593 4037//3594 4025//3589
f 4046//3595 4059//3596 4047//3575
f 4061//3597 4025//3589 4065//3598
f 4064//3599 4042//3600 4066//3601
f 4019//3564 4076//3585 4030//3581
f 4079//3602 4076//3585 4028//3565
f 4055//3567 4076//3585 4054//3569
f 4067//3603 4048//3604 4047//3575
f 4025//3589 4018//3605 4065//3598
f 4040//3606 4039//3607 4066//3601
f 4061//3597 4039//3607 4040//3606
f 4061//3597 4067//3603 4025//3589
f 4018//3605 4066//3601 4039//3607
f 4042//3600 4067//3603 4061//3597
f 4067//3603 4046//3595 4043//3576
f 4068//3608 4041//3609 4067//3603
f 4067//3603 4083//3593 4025//3589
f 4069//3610 4070//3591 4083//3593
f 4037//3594 4070//3591 4030//3581
f 4080//3611 4063//3612 4062//3613
f 4032//3592 4062//3613 4017//3614
f 4071//3615 4023//3574 4070//3591
f 4052//3572 4023//3574 4071//3615
f 4071//3615 4038//3578 4052//3572
f 4073//3570 4074//3579 4038//3578
f 4070//3591 4069//3610 4018//3605
f 4018//3605 4069//3610 4045//3616
f 4045//3616 4066//3601 4018//3605
f 4031//3571 4022//3587 4051//3573
f 4031//3571 4024//3590 4022//3587
f 4024//3590 4057//3588 4022//3587
f 4024//3590 4072//3617 4057//3588
f 4076//3585 4078//3562 4057//3588
f 4035//3586 4078//3562 4021//3618
f 4035//3586 4020//3568 4076//3585
f 4051//3573 4057//3588 4073//3570
f 4074//3579 4029//3582 4022//3587
f 4074//3579 4073//3570 4029//3582
f 4057//3588 4075//3619 4037//3594
f 4076//3585 4034//3566 4035//3586
f 4036//3620 4030//3581 4078//3562
f 4077//3563 4054//3569 4076//3585
f 4019//3564 4028//3565 4076//3585
f 4030//3581 4036//3620 4019//3564
f 4056//3621 4078//3562 4028//3565
f 4035//3586 4034//3566 4077//3563
f 4077//3563 4078//3562 4035//3586
f 4077//3563 4076//3585 4079//3602
f 4024//3590 4080//3611 4037//3594
f 4063//3612 4070//3591 4026//3622
f 4081//3623 4017//3614 4063//3612
f 4026//3622 4017//3614 4081//3623
f 4070//3591 4017//3614 4026//3622
f 4045//3616 4041//3609 4066//3601
f 4042//3600 4061//3597 4066//3601
f 4058//3624 4067//3603 4042//3600
f 4067//3603 4043//3576 4048//3604
f 4047//3575 4068//3608 4067//3603
f 4064//3599 4059//3596 4046//3595
f 4044//3577 4059//3596 4068//3608
f 4059//3596 4060//3625 4043//3576
f 4053//3626 4084//3627 4068//3608
f 4064//3599 4084//3627 4053//3626
f 4053//3626 4068//3608 4064//3599
f 4017//3614 4025//3589 4032//3592
f 4041//3609 4084//3627 4066//3601
f 4090//3628 4100//3629 4091//3630
f 4087//3631 4112//3632 4102//3633
f 4109//3634 4095//3635 4099//3636
f 4096//3637 4090//3628 4095//3635
f 4115//3638 4122//3639 4125//3640
f 4109//3634 4111//3641 4127//3642
f 4089//3643 4115//3638 4088//3644
f 4107//3645 4098//3646 4117//3647
f 4104//3648 4125//3640 4113//3649
f 4124//3650 4089//3643 4107//3645
f 4099//3636 4111//3641 4109//3634
f 4108//3651 4095//3635 4092//3652
f 4108//3651 4091//3630 4095//3635
f 4108//3651 4100//3629 4114//3653
f 4116//3654 4087//3631 4098//3646
f 4085//3655 4106//3656 4115//3638
f 4107//3645 4119//3657 4106//3656
f 4100//3629 4096//3637 4091//3630
f 4128//3658 4114//3653 4100//3629
f 4123//3659 4110//3660 4090//3628
f 4111//3641 4099//3636 4124//3650
f 4114//3653 4101//3661 4091//3630
f 4087//3631 4115//3638 4113//3649
f 4103//3662 4086//3663 4122//3639
f 4103//3662 4093//3664 4086//3663
f 4104//3648 4113//3649 4089//3643
f 4089//3643 4120//3665 4104//3648
f 4120//3665 4115//3638 4125//3640
f 4115//3638 4087//3631 4116//3654
f 4116//3654 4106//3656 4119//3657
f 4118//3666 4085//3655 4124//3650
f 4095//3635 4085//3655 4092//3652
f 4096//3637 4108//3651 4092//3652
f 4111//3641 4110//3660 4127//3642
f 4123//3659 4130//3667 4127//3642
f 4127//3642 4130//3667 4090//3628
f 4091//3630 4129//3668 4128//3658
f 4101//3661 4114//3653 4128//3658
f 4129//3668 4101//3661 4128//3658
f 4090//3628 4110//3660 4095//3635
f 4111//3641 4124//3650 4107//3645
f 4119//3657 4098//3646 4088//3644
f 4098//3646 4107//3645 4089//3643
f 4098//3646 4097//3669 4116//3654
f 4097//3669 4098//3646 4131//3670
f 4097//3669 4131//3670 4105//3671
f 4115//3638 4106//3656 4088//3644
f 4121//3672 4115//3638 4132//3673
f 4116//3654 4121//3672 4106//3656
f 4087//3631 4086//3663 4093//3664
f 4086//3663 4087//3631 4102//3633
f 4093//3664 4103//3662 4122//3639
f 4136//3674 4145//3675 4137//3676
f 4139//3677 4157//3678 4147//3679
f 4154//3680 4141//3681 4144//3682
f 4142//3683 4136//3674 4141//3681
f 4159//3684 4165//3685 4168//3686
f 4154//3680 4156//3687 4171//3688
f 4167//3689 4160//3690 4150//3691
f 4135//3692 4159//3684 4134//3693
f 4149//3694 4168//3686 4158//3695
f 4144//3682 4156//3687 4154//3680
f 4153//3696 4141//3681 4138//3697
f 4153//3696 4137//3676 4141//3681
f 4133//3698 4152//3699 4159//3684
f 4145//3675 4142//3683 4137//3676
f 4172//3700 4170//3701 4145//3675
f 4166//3702 4155//3703 4136//3674
f 4156//3687 4144//3682 4151//3704
f 4170//3701 4146//3705 4137//3676
f 4150//3691 4159//3684 4158//3695
f 4168//3686 4165//3685 4157//3678
f 4148//3706 4147//3679 4157//3678
f 4148//3706 4139//3677 4147//3679
f 4150//3691 4168//3686 4139//3677
f 4149//3694 4158//3695 4135//3692
f 4135//3692 4133//3698 4149//3694
f 4133//3698 4159//3684 4168//3686
f 4159//3684 4150//3691 4160//3690
f 4160//3690 4152//3699 4163//3707
f 4162//3708 4133//3698 4151//3704
f 4170//3701 4153//3696 4145//3675
f 4141//3681 4133//3698 4138//3697
f 4142//3683 4153//3696 4138//3697
f 4156//3687 4155//3703 4171//3688
f 4166//3702 4174//3709 4171//3688
f 4171//3688 4174//3709 4136//3674
f 4137//3676 4173//3710 4172//3700
f 4146//3705 4170//3701 4172//3700
f 4173//3710 4146//3705 4172//3700
f 4136//3674 4155//3703 4141//3681
f 4156//3687 4151//3704 4152//3699
f 4152//3699 4151//3704 4161//3711
f 4163//3707 4161//3711 4134//3693
f 4161//3711 4151//3704 4135//3692
f 4134//3693 4161//3711 4167//3689
f 4167//3689 4161//3711 4175//3712
f 4143//3713 4175//3712 4150//3691
f 4159//3684 4152//3699 4134//3693
f 4164//3714 4159//3684 4176//3715
f 4160//3690 4164//3714 4152//3699
f 4150//3691 4139//3677 4143//3713
f 4139//3677 4148//3706 4165//3685
f 4179//3716 4191//3717 4206//3718
f 4192//3719 4182//3720 4184//3721
f 4203//3722 4179//3716 4182//3720
f 4208//3723 4210//3724 4198//3725
f 4198//3725 4219//3726 4208//3723
f 4219//3726 4207//3727 4208//3723
f 4192//3719 4197//3728 4185//3729
f 4205//3730 4178//3731 4210//3724
f 4205//3730 4211//3732 4178//3731
f 4184//3721 4197//3728 4192//3719
f 4177//3733 4182//3720 4180//3734
f 4213//3735 4206//3718 4177//3733
f 4201//3736 4217//3737 4199//3738
f 4191//3717 4203//3722 4206//3718
f 4186//3739 4214//3740 4191//3717
f 4179//3716 4216//3741 4182//3720
f 4214//3740 4187//3742 4206//3718
f 4199//3738 4178//3731 4196//3743
f 4207//3727 4200//3744 4193//3745
f 4188//3746 4200//3744 4207//3727
f 4188//3746 4183//3747 4200//3744
f 4199//3738 4208//3723 4193//3745
f 4212//3748 4210//3724 4208//3723
f 4209//3749 4196//3743 4212//3748
f 4198//3725 4210//3724 4199//3738
f 4211//3732 4198//3725 4190//3750
f 4190//3750 4219//3726 4211//3732
f 4177//3733 4194//3751 4184//3721
f 4214//3740 4213//3735 4203//3722
f 4212//3748 4195//3752 4205//3730
f 4197//3728 4216//3741 4185//3729
f 4185//3729 4191//3717 4179//3716
f 4214//3740 4203//3722 4191//3717
f 4187//3742 4215//3753 4206//3718
f 4187//3742 4214//3740 4186//3739
f 4215//3753 4186//3739 4206//3718
f 4215//3753 4187//3742 4186//3739
f 4195//3752 4216//3741 4197//3728
f 4197//3728 4184//3721 4189//3754
f 4206//3718 4182//3720 4177//3733
f 4189//3754 4184//3721 4202//3755
f 4202//3755 4184//3721 4178//3731
f 4202//3755 4201//3736 4218//3756
f 4217//3737 4178//3731 4211//3732
f 4199//3738 4183//3747 4201//3736
f 4183//3747 4190//3750 4201//3736
f 4190//3750 4218//3756 4201//3736
f 4189//3754 4205//3730 4195//3752
f 4195//3752 4197//3728 4189//3754
f 4219//3726 4198//3725 4205//3730
f 4189//3754 4219//3726 4205//3730
f 4208//3723 4209//3749 4212//3748
f 4193//3745 4183//3747 4199//3738
f 4200//3744 4183//3747 4193//3745
f 4219//3726 4190//3750 4204//3757
f 4222//3758 4235//3759 4220//3760
f 4220//3760 4242//3761 4223//3762
f 4235//3759 4232//3763 4220//3760
f 4235//3759 4221//3764 4232//3763
f 4222//3758 4232//3763 4221//3764
f 4236//3765 4243//3766 4221//3764
f 4234//3767 4222//3758 4236//3765
f 4222//3758 4221//3764 4226//3768
f 4244//3769 4228//3770 4237//3771
f 4238//3772 4228//3770 4239//3773
f 4230//3774 4239//3773 4231//3775
f 4237//3771 4238//3772 4240//3776
f 4240//3776 4238//3772 4239//3773
f 4243//3766 4237//3771 4229//3777
f 4227//3778 4241//3779 4243//3766
f 4222//3758 4244//3769 4227//3778
f 4246//3780 4228//3770 4244//3769
f 4244//3769 4245//3781 4246//3780
f 4228//3770 4229//3777 4239//3773
f 4238//3772 4237//3771 4228//3770
f 4228//3770 4226//3768 4229//3777
f 4225//3782 4223//3762 4244//3769
f 4245//3781 4244//3769 4223//3762
f 4250//3783 4225//3782 4224//3784
f 4235//3759 4224//3784 4221//3764
f 4235//3759 4247//3785 4224//3784
f 4247//3785 4220//3760 4232//3763
f 4249//3786 4220//3760 4248//3787
f 4236//3765 4221//3764 4242//3761
f 4248//3787 4242//3761 4233//3788
f 4248//3787 4222//3758 4242//3761
f 4248//3787 4220//3760 4247//3785
f 4225//3782 4226//3768 4224//3784
f 4226//3768 4223//3762 4224//3784
f 4222//3758 4223//3762 4250//3783
f 4250//3783 4232//3763 4222//3758
f 4264//3789 4285//3790 4268//3791
f 4268//3791 4307//3792 4264//3789
f 4314//3793 4313//3794 4307//3792
f 4281//3795 4253//3796 4310//3797
f 4253//3796 4254//3798 4276//3799
f 4255//3800 4251//3801 4284//3802
f 4282//3803 4307//3792 4285//3790
f 4325//3804 4268//3791 4251//3801
f 4267//3805 4264//3789 4291//3806
f 4291//3806 4266//3807 4267//3805
f 4255//3800 4282//3803 4321//3808
f 4321//3808 4322//3809 4255//3800
f 4251//3801 4268//3791 4284//3802
f 4262//3810 4257//3811 4296//3812
f 4315//3813 4277//3814 4267//3805
f 4256//3815 4257//3811 4262//3810
f 4302//3816 4301//3817 4263//3818
f 4292//3819 4263//3818 4312//3820
f 4272//3821 4327//3822 4274//3823
f 4311//3824 4275//3825 4258//3826
f 4276//3799 4298//3827 4274//3823
f 4294//3828 4293//3829 4260//3830
f 4321//3808 4264//3789 4284//3802
f 4282//3803 4322//3809 4323//3831
f 4296//3812 4308//3832 4288//3833
f 4302//3816 4258//3826 4280//3834
f 4280//3834 4297//3835 4302//3816
f 4320//3836 4319//3837 4325//3804
f 4317//3838 4286//3839 4318//3840
f 4299//3841 4293//3829 4281//3795
f 4299//3841 4260//3830 4293//3829
f 4276//3799 4299//3841 4294//3828
f 4271//3842 4308//3832 4273//3843
f 4273//3843 4326//3844 4271//3842
f 4272//3821 4263//3818 4326//3844
f 4304//3845 4272//3821 4271//3842
f 4259//3846 4271//3842 4272//3821
f 4296//3812 4305//3847 4306//3848
f 4271//3842 4259//3846 4279//3849
f 4304//3845 4283//3850 4270//3851
f 4308//3832 4279//3849 4295//3852
f 4295//3852 4288//3833 4308//3832
f 4280//3834 4275//3825 4297//3835
f 4310//3797 4297//3835 4294//3828
f 4275//3825 4294//3828 4309//3853
f 4309//3853 4297//3835 4275//3825
f 4309//3853 4294//3828 4297//3835
f 4275//3825 4276//3799 4294//3828
f 4310//3797 4294//3828 4260//3830
f 4310//3797 4300//3854 4299//3841
f 4311//3824 4276//3799 4275//3825
f 4273//3843 4274//3823 4298//3827
f 4274//3823 4301//3817 4302//3816
f 4301//3817 4272//3821 4273//3843
f 4276//3799 4274//3823 4302//3816
f 4272//3821 4301//3817 4258//3826
f 4263//3818 4296//3812 4271//3842
f 4312//3820 4263//3818 4258//3826
f 4278//3855 4295//3852 4307//3792
f 4313//3794 4315//3813 4307//3792
f 4277//3814 4315//3813 4314//3793
f 4315//3813 4325//3804 4291//3806
f 4291//3806 4325//3804 4266//3807
f 4278//3855 4307//3792 4282//3803
f 4282//3803 4269//3856 4257//3811
f 4295//3852 4256//3815 4296//3812
f 4305//3847 4296//3812 4257//3811
f 4262//3810 4296//3812 4252//3857
f 4316//3858 4257//3811 4269//3856
f 4269//3856 4323//3831 4262//3810
f 4291//3806 4264//3789 4307//3792
f 4264//3789 4282//3803 4285//3790
f 4266//3807 4265//3859 4315//3813
f 4325//3804 4319//3837 4264//3789
f 4264//3789 4319//3837 4289//3860
f 4317//3838 4318//3840 4320//3836
f 4318//3840 4319//3837 4261//3861
f 4321//3808 4282//3803 4264//3789
f 4284//3802 4322//3809 4321//3808
f 4268//3791 4265//3859 4266//3807
f 4325//3804 4265//3859 4268//3791
f 4252//3857 4323//3831 4278//3855
f 4322//3809 4324//3862 4323//3831
f 4268//3791 4324//3862 4322//3809
f 4323//3831 4324//3862 4268//3791
f 4290//3863 4320//3836 4325//3804
f 4289//3860 4287//3864 4286//3839
f 4290//3863 4325//3804 4284//3802
f 4320//3836 4261//3861 4319//3837
f 4279//3849 4304//3845 4306//3848
f 4304//3845 4279//3849 4259//3846
f 4326//3844 4259//3846 4272//3821
f 4327//3822 4259//3846 4326//3844
f 4273//3843 4303//3865 4301//3817
f 4278//3855 4305//3847 4295//3852
f 4251//3801 4282//3803 4325//3804
f 4340//3866 4363//3867 4344//3868
f 4344//3868 4370//3869 4340//3866
f 4395//3870 4394//3871 4370//3869
f 4359//3872 4330//3873 4391//3874
f 4330//3873 4331//3875 4352//3876
f 4332//3877 4328//3878 4362//3879
f 4360//3880 4370//3869 4363//3867
f 4406//3881 4344//3868 4328//3878
f 4343//3882 4340//3866 4369//3883
f 4369//3883 4342//3884 4343//3882
f 4332//3877 4360//3880 4402//3885
f 4402//3885 4403//3886 4332//3877
f 4328//3878 4344//3868 4362//3879
f 4338//3887 4334//3888 4377//3889
f 4396//3890 4375//3891 4343//3882
f 4333//3892 4334//3888 4338//3887
f 4383//3893 4382//3894 4339//3895
f 4372//3896 4339//3895 4393//3897
f 4348//3898 4408//3899 4350//3900
f 4392//3901 4351//3902 4335//3903
f 4352//3876 4379//3904 4350//3900
f 4374//3905 4373//3906 4337//3907
f 4402//3885 4340//3866 4362//3879
f 4360//3880 4403//3886 4404//3908
f 4377//3889 4389//3909 4366//3910
f 4383//3893 4335//3903 4357//3911
f 4357//3911 4378//3912 4383//3893
f 4401//3913 4400//3914 4406//3881
f 4398//3915 4364//3916 4399//3917
f 4380//3918 4373//3906 4359//3872
f 4380//3918 4337//3907 4373//3906
f 4352//3876 4380//3918 4374//3905
f 4347//3919 4389//3909 4349//3920
f 4349//3920 4407//3921 4347//3919
f 4348//3898 4339//3895 4407//3921
f 4385//3922 4348//3898 4347//3919
f 4336//3923 4347//3919 4348//3898
f 4377//3889 4386//3924 4387//3925
f 4347//3919 4336//3923 4356//3926
f 4385//3922 4361//3927 4346//3928
f 4388//3929 4386//3924 4370//3869
f 4389//3909 4356//3926 4376//3930
f 4376//3930 4366//3910 4371//3931
f 4371//3931 4389//3909 4376//3930
f 4357//3911 4351//3902 4378//3912
f 4391//3874 4378//3912 4374//3905
f 4351//3902 4374//3905 4390//3932
f 4390//3932 4378//3912 4351//3902
f 4390//3932 4374//3905 4378//3912
f 4351//3902 4352//3876 4374//3905
f 4391//3874 4374//3905 4337//3907
f 4391//3874 4381//3933 4380//3918
f 4392//3901 4352//3876 4351//3902
f 4349//3920 4350//3900 4379//3904
f 4350//3900 4382//3894 4383//3893
f 4382//3894 4348//3898 4349//3920
f 4352//3876 4350//3900 4383//3893
f 4348//3898 4382//3894 4335//3903
f 4339//3895 4377//3889 4347//3919
f 4393//3897 4339//3895 4335//3903
f 4355//3934 4376//3930 4370//3869
f 4394//3871 4396//3890 4370//3869
f 4396//3890 4406//3881 4369//3883
f 4369//3883 4406//3881 4342//3884
f 4355//3934 4370//3869 4360//3880
f 4360//3880 4345//3935 4334//3888
f 4376//3930 4333//3892 4377//3889
f 4386//3924 4377//3889 4334//3888
f 4338//3887 4377//3889 4329//3936
f 4397//3937 4334//3888 4345//3935
f 4345//3935 4404//3908 4338//3887
f 4369//3883 4340//3866 4370//3869
f 4340//3866 4360//3880 4363//3867
f 4342//3884 4341//3938 4396//3890
f 4406//3881 4400//3914 4340//3866
f 4340//3866 4400//3914 4367//3939
f 4398//3915 4399//3917 4401//3913
f 4399//3917 4400//3914 4353//3940
f 4402//3885 4360//3880 4340//3866
f 4362//3879 4403//3886 4402//3885
f 4344//3868 4341//3938 4342//3884
f 4406//3881 4341//3938 4344//3868
f 4329//3936 4404//3908 4355//3934
f 4403//3886 4405//3941 4404//3908
f 4344//3868 4405//3941 4403//3886
f 4404//3908 4405//3941 4344//3868
f 4358//3942 4401//3913 4406//3881
f 4367//3939 4365//3943 4364//3916
f 4368//3944 4358//3942 4406//3881
f 4368//3944 4362//3879 4358//3942
f 4368//3944 4406//3881 4362//3879
f 4354//3945 4375//3891 4396//3890
f 4356//3926 4385//3922 4387//3925
f 4385//3922 4356//3926 4336//3923
f 4407//3921 4336//3923 4348//3898
f 4408//3899 4336//3923 4407//3921
f 4349//3920 4384//3946 4382//3894
f 4355//3934 4386//3924 4376//3930
f 4328//3878 4360//3880 4406//3881
f 4417//3947 4437//3948 4452//3949
f 4427//3950 4434//3951 4415//3952
f 4442//3953 4438//3954 4431//3955
f 4428//3956 4423//3957 4419//3958
f 4418//3959 4437//3948 4423//3957
f 4447//3960 4432//3961 4422//3962
f 4442//3953 4416//3963 4441//3964
f 4442//3953 4425//3965 4448//3966
f 4437//3948 4441//3964 4423//3957
f 4425//3965 4411//3967 4447//3960
f 4418//3959 4428//3956 4444//3968
f 4443//3969 4445//3970 4418//3959
f 4418//3959 4441//3964 4443//3969
f 4437//3948 4418//3959 4445//3970
f 4436//3971 4416//3963 4437//3948
f 4436//3971 4434//3951 4416//3963
f 4438//3954 4428//3956 4437//3948
f 4420//3972 4422//3962 4444//3968
f 4422//3962 4441//3964 4419//3958
f 4418//3959 4444//3968 4441//3964
f 4423//3957 4441//3964 4444//3968
f 4423//3957 4444//3968 4419//3958
f 4437//3948 4416//3963 4438//3954
f 4431//3955 4438//3954 4413//3973
f 4442//3953 4413//3973 4416//3963
f 4448//3966 4428//3956 4438//3954
f 4428//3956 4425//3965 4420//3972
f 4446//3974 4429//3975 4425//3965
f 4446//3974 4433//3976 4421//3977
f 4414//3978 4425//3965 4429//3975
f 4447//3960 4420//3972 4425//3965
f 4409//3979 4425//3965 4422//3962
f 4422//3962 4428//3956 4448//3966
f 4442//3953 4449//3980 4425//3965
f 4441//3964 4448//3966 4449//3980
f 4442//3953 4441//3964 4449//3980
f 4448//3966 4425//3965 4409//3979
f 4446//3974 4422//3962 4433//3976
f 4411//3967 4414//3978 4422//3962
f 17//27 32//23 26//28 31//11
f 4422//3962 4430//3981 4409//3979
f 4426//3982 4430//3981 4425//3965
f 4414//3978 4429//3975 4439//3983
f 4420//3972 4432//3961 4440//3984
f 4447//3960 4440//3984 4432//3961
f 4436//3971 4424//3985 4427//3950
f 4417//3947 4424//3985 4436//3971
f 4410//3986 4435//3987 4412//3988
f 4436//3971 4435//3987 4410//3986
f 4410//3986 4415//3952 4453//3989
f 4427//3950 4415//3952 4436//3971
f 4463//3990 4483//3991 4498//3992
f 4474//3993 4481//3994 4461//3995
f 4488//3996 4484//3997 4478//3998
f 4475//3999 4471//4000 4465//4001
f 4464//4002 4483//3991 4471//4000
f 4492//4003 4479//4004 4470//4005
f 4488//3996 4462//4006 4487//4007
f 4488//3996 4469//4008 4473//4009
f 4473//4009 4475//3999 4488//3996
f 4483//3991 4487//4007 4471//4000
f 4469//4008 4456//4010 4492//4003
f 4464//4002 4475//3999 4490//4011
f 4489//4012 4491//4013 4464//4002
f 4464//4002 4487//4007 4489//4012
f 4483//3991 4464//4002 4491//4013
f 4497//4014 4462//4006 4483//3991
f 4482//4015 4481//3994 4462//4006
f 4484//3997 4475//3999 4483//3991
f 4493//4016 4487//4007 4465//4001
f 4464//4002 4490//4011 4487//4007
f 4471//4000 4487//4007 4490//4011
f 4471//4000 4490//4011 4465//4001
f 4461//3995 4482//4015 4462//4006
f 4483//3991 4462//4006 4484//3997
f 4478//3998 4484//3997 4458//4017
f 4488//3996 4458//4017 4462//4006
f 4467//4018 4476//4019 4469//4008
f 4467//4018 4480//4020 4468//4021
f 4459//4022 4469//4008 4476//4019
f 4492//4003 4466//4023 4469//4008
f 4493//4016 4469//4008 4475//3999
f 4488//3996 4494//4024 4469//4008
f 4487//4007 4473//4009 4494//4024
f 4488//3996 4487//4007 4494//4024
f 4473//4009 4469//4008 4454//4025
f 4467//4018 4470//4005 4480//4020
f 4456//4010 4459//4022 4470//4005
f 4477//4026 4493//4016 4470//4005
f 4493//4016 4477//4026 4454//4025
f 4472//4027 4477//4026 4469//4008
f 4459//4022 4476//4019 4485//4028
f 4466//4023 4479//4004 4486//4029
f 4492//4003 4486//4029 4479//4004
f 4492//4003 4470//4005 4493//4016
f 4455//4030 4482//4015 4461//3995
f 4455//4030 4461//3995 4457//4031
f 4461//3995 4460//4032 4457//4031
f 4474//3993 4461//3995 4497//4014
f 4506//4033 4500//4034 4533//4035
f 4516//4036 4526//4037 4550//4038
f 4515//4039 4503//4040 4510//4041
f 4532//4042 4535//4043 4517//4044
f 4520//4045 4504//4046 4541//4047
f 4539//4048 4512//4049 4505//4050
f 4548//4051 4499//4052 4517//4044
f 4530//4053 4517//4044 4519//4054
f 4512//4049 4515//4039 4505//4050
f 4518//4055 4533//4035 4541//4047
f 4510//4041 4500//4034 4514//4056
f 4527//4057 4546//4058 4524//4059
f 4530//4053 4515//4039 4504//4046
f 4518//4055 4503//4040 4521//4060
f 4511//4061 4522//4062 4501//4063
f 4545//4064 4504//4046 4518//4055
f 4522//4062 4543//4065 4534//4066
f 4524//4059 4499//4052 4537//4067
f 4535//4043 4508//4068 4507//4069
f 4536//4070 4517//4044 4535//4043
f 4535//4043 4526//4037 4516//4036
f 4524//4059 4516//4036 4507//4069
f 4538//4071 4537//4067 4530//4053
f 4537//4067 4519//4054 4517//4044
f 4537//4067 4538//4071 4519//4054
f 4517//4044 4524//4059 4531//4072
f 4517//4044 4525//4073 4523//4074
f 4531//4072 4525//4073 4517//4044
f 4525//4073 4532//4042 4529//4075
f 4512//4049 4503//4040 4515//4039
f 4514//4056 4512//4049 4510//4041
f 4522//4062 4514//4056 4501//4063
f 4511//4061 4543//4065 4522//4062
f 4543//4065 4542//4076 4534//4066
f 4501//4063 4542//4076 4544//4077
f 4501//4063 4518//4055 4500//4034
f 4510//4041 4541//4047 4500//4034
f 4506//4033 4518//4055 4521//4060
f 4513//4078 4509//4079 4528//4080
f 4528//4080 4509//4079 4499//4052
f 4528//4080 4527//4057 4547//4081
f 4528//4080 4547//4081 4546//4058
f 4546//4058 4499//4052 4525//4073
f 4524//4059 4508//4068 4527//4057
f 4508//4068 4547//4081 4527//4057
f 4548//4051 4530//4053 4513//4078
f 4548//4051 4532//4042 4523//4074
f 4529//4075 4532//4042 4548//4051
f 4513//4078 4529//4075 4548//4051
f 4524//4059 4507//4069 4549//4082
f 4524//4059 4549//4082 4508//4068
f 4549//4082 4507//4069 4508//4068
f 4550//4038 4526//4037 4507//4069
f 4550//4038 4507//4069 4516//4036
f 4571//4083 4566//4084 4554//4085
f 4556//4086 4562//4087 4561//4088
f 4554//4085 4576//4089 4557//4090
f 4565//4091 4576//4089 4555//4092
f 4564//4093 4565//4091 4563//4094
f 4556//4086 4564//4093 4557//4090
f 4557//4090 4563//4094 4555//4092
f 4570//4095 4554//4085 4555//4092
f 4566//4084 4570//4095 4555//4092
f 4571//4083 4567//4096 4566//4084
f 4558//4097 4552//4098 4573//4099
f 4574//4100 4551//4101 4573//4099
f 4551//4101 4569//4102 4568//4103
f 4568//4103 4569//4102 4567//4096
f 4570//4095 4573//4099 4552//4098
f 4566//4084 4567//4096 4573//4099
f 4570//4095 4552//4098 4554//4085
f 4558//4097 4567//4096 4560//4104
f 4560//4104 4567//4096 4561//4088
f 4567//4096 4571//4083 4561//4088
f 4561//4088 4571//4083 4576//4089
f 4557//4090 4576//4089 4571//4083
f 4572//4105 4573//4099 4559//4106
f 4551//4101 4559//4106 4567//4096
f 4559//4106 4551//4101 4574//4100
f 4561//4088 4576//4089 4575//4107
f 4558//4097 4553//4108 4561//4088
f 4557//4090 4562//4087 4556//4086
f 4555//4092 4576//4089 4566//4084
f 4596//4109 4627//4110 4581//4111
f 4601//4112 4581//4111 4627//4110
f 4580//4113 4625//4114 4581//4111
f 4627//4110 4625//4114 4626//4115
f 4621//4116 4603//4117 4619//4118
f 4626//4115 4625//4114 4580//4113
f 4581//4111 4622//4119 4612//4120
f 4599//4121 4598//4122 4618//4123
f 4618//4123 4577//4124 4585//4125
f 4581//4111 4582//4126 4622//4119
f 4592//4127 4585//4125 4578//4128
f 4612//4120 4595//4129 4597//4130
f 4607//4131 4602//4132 4617//4133
f 4617//4133 4610//4134 4584//4135
f 4599//4121 4604//4136 4585//4125
f 4586//4137 4578//4128 4611//4138
f 4615//4139 4578//4128 4600//4140
f 4593//4141 4615//4139 4591//4142
f 4593//4141 4578//4128 4615//4139
f 4627//4110 4586//4137 4611//4138
f 4627//4110 4596//4109 4578//4128
f 4596//4109 4600//4140 4578//4128
f 4589//4143 4616//4144 4579//4145
f 4584//4135 4588//4146 4617//4133
f 4587//4147 4582//4126 4616//4144
f 4618//4123 4598//4122 4577//4124
f 4577//4124 4599//4121 4592//4127
f 4591//4142 4594//4148 4609//4149
f 4593//4141 4591//4142 4592//4127
f 4592//4127 4578//4128 4593//4141
f 4603//4117 4621//4116 4592//4127
f 4620//4150 4609//4149 4583//4151
f 4577//4124 4592//4127 4621//4116
f 4583//4151 4577//4124 4621//4116
f 4611//4138 4578//4128 4594//4148
f 4607//4131 4617//4133 4582//4126
f 4582//4126 4581//4111 4616//4144
f 4612//4120 4597//4130 4588//4146
f 4617//4133 4588//4146 4597//4130
f 4622//4119 4623//4152 4597//4130
f 4622//4119 4617//4133 4623//4152
f 4588//4146 4584//4135 4606//4153
f 4587//4147 4588//4146 4605//4154
f 4582//4126 4587//4147 4605//4154
f 4589//4143 4596//4109 4616//4144
f 4596//4109 4589//4143 4579//4145
f 4624//4155 4611//4138 4601//4112
f 4627//4110 4626//4115 4601//4112
f 4624//4155 4625//4114 4627//4110
f 4624//4155 4590//4156 4625//4114
f 4590//4156 4624//4155 4626//4115
f 4615//4139 4600//4140 4594//4148
f 4585//4125 4594//4148 4578//4128
f 4604//4136 4618//4123 4608//4157
f 4640//4158 4680//4159 4678//4160
f 4680//4159 4631//4161 4643//4162
f 4646//4163 4650//4164 4643//4162
f 4641//4165 4634//4166 4628//4167
f 4652//4168 4651//4169 4663//4170
f 4654//4171 4674//4172 4629//4173
f 4632//4174 4645//4175 4680//4159
f 4641//4165 4645//4175 4634//4166
f 4648//4176 4647//4177 4660//4178
f 4660//4178 4672//4179 4648//4176
f 4660//4178 4629//4173 4636//4180
f 4636//4180 4672//4179 4660//4178
f 4639//4181 4635//4182 4680//4159
f 4629//4173 4673//4183 4654//4171
f 4680//4159 4642//4184 4646//4163
f 4628//4167 4679//4185 4641//4165
f 4648//4176 4672//4179 4673//4183
f 4655//4186 4673//4183 4636//4180
f 4637//4187 4631//4161 4636//4180
f 4631//4161 4630//4188 4655//4186
f 4667//4189 4655//4186 4630//4188
f 4629//4173 4661//4190 4636//4180
f 4654//4171 4668//4191 4644//4192
f 4644//4192 4667//4189 4654//4171
f 4654//4171 4667//4189 4653//4193
f 4636//4180 4653//4193 4667//4189
f 4668//4191 4655//4186 4667//4189
f 4636//4180 4643//4162 4637//4187
f 4680//4159 4630//4188 4631//4161
f 4678//4160 4680//4159 4656//4194
f 4670//4195 4679//4185 4662//4196
f 4641//4165 4679//4185 4670//4195
f 4645//4175 4639//4181 4634//4166
f 4635//4182 4645//4175 4669//4197
f 4636//4180 4667//4189 4671//4198
f 4660//4178 4647//4177 4629//4173
f 4674//4172 4654//4171 4653//4193
f 4668//4191 4654//4171 4673//4183
f 4668//4191 4667//4189 4644//4192
f 4673//4183 4655//4186 4668//4191
f 4663//4170 4674//4172 4652//4168
f 4651//4169 4652//4168 4629//4173
f 4674//4172 4663//4170 4651//4169
f 4655//4186 4636//4180 4631//4161
f 4669//4197 4636//4180 4671//4198
f 4630//4188 4680//4159 4669//4197
f 4641//4165 4678//4160 4645//4175
f 4641//4165 4670//4195 4678//4160
f 4632//4174 4669//4197 4645//4175
f 4643//4162 4632//4174 4680//4159
f 4634//4166 4657//4199 4628//4167
f 4634//4166 4639//4181 4640//4158
f 4639//4181 4645//4175 4635//4182
f 4633//4200 4680//4159 4635//4182
f 4680//4159 4633//4200 4669//4197
f 4681//4201 4643//4162 4638//4202
f 4631//4161 4646//4163 4638//4202
f 4681//4201 4638//4202 4650//4164
f 4681//4201 4650//4164 4631//4161
f 4638//4202 4642//4184 4650//4164
f 4642//4184 4638//4202 4646//4163
f 4649//4203 4672//4179 4658//4204
f 4688//4205 4731//4206 4729//4207
f 4731//4206 4685//4208 4698//4209
f 4701//4210 4705//4211 4698//4209
f 4696//4212 4688//4205 4682//4213
f 4716//4214 4690//4215 4699//4216
f 4686//4217 4700//4218 4731//4206
f 4696//4212 4700//4218 4688//4205
f 4703//4219 4702//4220 4713//4221
f 4713//4221 4683//4222 4708//4223
f 4695//4224 4689//4225 4731//4206
f 4707//4226 4683//4222 4691//4227
f 4731//4206 4697//4228 4701//4210
f 4682//4213 4730//4229 4696//4212
f 4703//4219 4713//4221 4691//4227
f 4693//4230 4685//4208 4692//4231
f 4685//4208 4684//4232 4720//4233
f 4683//4222 4714//4234 4708//4223
f 4708//4223 4707//4226 4721//4235
f 4708//4223 4721//4235 4720//4233
f 4722//4236 4720//4233 4721//4235
f 4692//4231 4698//4209 4693//4230
f 4731//4206 4684//4232 4685//4208
f 4729//4207 4731//4206 4709//4237
f 4724//4238 4730//4229 4715//4239
f 4696//4212 4730//4229 4724//4238
f 4700//4218 4695//4224 4688//4205
f 4689//4225 4700//4218 4723//4240
f 4708//4223 4720//4233 4725//4241
f 4713//4221 4702//4220 4683//4222
f 4707//4226 4691//4227 4721//4235
f 4722//4236 4721//4235 4691//4227
f 4691//4227 4720//4233 4722//4236
f 4716//4214 4699//4216 4706//4242
f 4690//4215 4706//4242 4683//4222
f 4720//4233 4692//4231 4685//4208
f 4723//4240 4692//4231 4725//4241
f 4684//4232 4731//4206 4723//4240
f 4696//4212 4729//4207 4700//4218
f 4696//4212 4724//4238 4729//4207
f 4686//4217 4723//4240 4700//4218
f 4698//4209 4686//4217 4731//4206
f 4688//4205 4710//4243 4682//4213
f 4695//4224 4700//4218 4689//4225
f 4687//4244 4731//4206 4689//4225
f 4731//4206 4687//4244 4723//4240
f 4732//4245 4698//4209 4694//4246
f 4685//4208 4701//4210 4694//4246
f 4732//4245 4694//4246 4705//4211
f 4732//4245 4705//4211 4685//4208
f 4694//4246 4697//4228 4705//4211
f 4697//4228 4694//4246 4701//4210
f 4691//4227 4708//4223 4692//4231
f 4704//4247 4713//4221 4711//4248
f 4735//4249 4763//4250 4776//4251
f 4752//4252 4761//4253 4783//4254
f 4751//4255 4738//4256 4744//4257
f 4758//4258 4781//4259 4770//4260
f 4781//4259 4769//4261 4770//4260
f 4751//4255 4736//4262 4756//4263
f 4754//4264 4733//4265 4758//4258
f 4760//4266 4749//4267 4766//4268
f 4760//4266 4766//4268 4742//4269
f 4772//4270 4770//4260 4755//4271
f 4744//4257 4736//4262 4751//4255
f 4738//4256 4751//4255 4745//4272
f 4748//4273 4735//4249 4734//4274
f 4774//4275 4776//4251 4738//4256
f 4768//4276 4781//4259 4749//4267
f 4762//4277 4779//4278 4759//4279
f 4743//4280 4733//4265 4742//4269
f 4767//4281 4766//4268 4765//4282
f 4763//4250 4734//4274 4776//4251
f 4746//4283 4775//4284 4763//4250
f 4755//4271 4753//4285 4771//4286
f 4735//4249 4757//4287 4738//4256
f 4736//4262 4744//4257 4743//4280
f 4775//4284 4747//4288 4776//4251
f 4769//4261 4741//4289 4739//4290
f 4770//4260 4769//4261 4739//4290
f 4739//4290 4761//4253 4752//4252
f 4740//4291 4739//4290 4759//4279
f 4759//4279 4752//4252 4740//4291
f 4770//4260 4754//4264 4758//4258
f 4771//4286 4753//4285 4772//4270
f 4753//4285 4755//4271 4770//4260
f 4758//4258 4759//4279 4768//4276
f 4768//4276 4760//4266 4758//4258
f 4765//4282 4766//4268 4749//4267
f 4767//4281 4765//4282 4736//4262
f 4736//4262 4742//4269 4767//4281
f 4744//4257 4756//4263 4743//4280
f 4756//4263 4748//4273 4743//4280
f 4748//4273 4764//4292 4743//4280
f 4763//4250 4774//4275 4773//4293
f 4775//4284 4774//4275 4763//4250
f 4772//4270 4750//4294 4765//4282
f 4756//4263 4778//4295 4735//4249
f 4746//4283 4776//4251 4777//4296
f 4747//4288 4775//4284 4746//4283
f 4777//4296 4776//4251 4747//4288
f 4763//4250 4748//4273 4734//4274
f 4738//4256 4734//4274 4735//4249
f 4742//4269 4736//4262 4743//4280
f 4776//4251 4734//4274 4738//4256
f 4742//4269 4762//4277 4780//4297
f 4779//4278 4733//4265 4760//4266
f 4759//4279 4741//4289 4762//4277
f 4741//4289 4780//4297 4762//4277
f 4781//4259 4754//4264 4765//4282
f 4759//4279 4739//4290 4782//4298
f 4759//4279 4782//4298 4741//4289
f 4782//4298 4739//4290 4741//4289
f 4783//4254 4761//4253 4740//4291
f 4783//4254 4740//4291 4752//4252
f 4832//4299 4789//4300 4833//4301
f 4833//4301 4790//4302 4832//4299
f 4836//4303 4805//4304 4785//4305
f 4785//4305 4784//4306 4836//4303
f 4786//4307 4836//4303 4784//4306
f 4805//4304 4838//4308 4785//4305
f 4838//4308 4786//4307 4785//4305
f 4800//4309 4784//4306 4785//4305
f 4809//4310 4800//4309 4785//4305
f 4838//4308 4836//4303 4786//4307
f 4809//4310 4784//4306 4838//4308
f 4784//4306 4809//4310 4786//4307
f 4792//4311 4833//4301 4789//4300
f 4792//4311 4789//4300 4790//4302
f 4839//4312 4812//4313 4825//4314
f 4828//4315 4812//4313 4831//4316
f 4811//4317 4817//4318 4821//4319
f 4830//4320 4813//4321 4795//4322
f 4827//4323 4823//4324 4820//4325
f 4827//4323 4817//4318 4796//4326
f 4811//4317 4821//4319 4822//4327
f 4784//4306 4811//4317 4799//4328
f 4810//4329 4811//4317 4798//4330
f 4802//4331 4827//4323 4807//4332
f 4796//4326 4807//4332 4820//4325
f 4834//4333 4796//4326 4835//4334
f 4794//4335 4837//4336 4801//4337
f 4824//4338 4812//4313 4828//4315
f 4787//4339 4812//4313 4842//4340
f 4839//4312 4795//4322 4831//4316
f 4839//4312 4808//4341 4795//4322
f 4824//4338 4787//4339 4830//4320
f 4787//4339 4813//4321 4830//4320
f 4819//4342 4842//4340 4831//4316
f 4819//4342 4788//4343 4842//4340
f 4831//4316 4813//4321 4819//4342
f 4792//4311 4814//4344 4833//4301
f 4815//4345 4820//4325 4791//4346
f 4793//4347 4792//4311 4791//4346
f 4789//4300 4832//4299 4814//4344
f 4832//4299 4790//4302 4831//4316
f 4815//4345 4831//4316 4820//4325
f 4791//4346 4820//4325 4789//4300
f 4816//4348 4796//4326 4834//4333
f 4835//4334 4821//4319 4834//4333
f 4789//4300 4802//4331 4796//4326
f 4789//4300 4816//4348 4790//4302
f 4821//4319 4797//4349 4796//4326
f 4821//4319 4796//4326 4790//4302
f 4826//4350 4835//4334 4811//4317
f 4821//4319 4805//4304 4836//4303
f 4800//4309 4811//4317 4784//4306
f 4817//4318 4797//4349 4821//4319
f 4796//4326 4817//4318 4811//4317
f 4811//4317 4823//4324 4798//4330
f 4823//4324 4806//4351 4798//4330
f 4797//4349 4806//4351 4823//4324
f 4810//4329 4799//4328 4811//4317
f 4799//4328 4821//4319 4836//4303
f 4798//4330 4799//4328 4810//4329
f 4809//4310 4838//4308 4805//4304
f 4799//4328 4837//4336 4784//4306
f 4794//4335 4784//4306 4837//4336
f 4799//4328 4836//4303 4837//4336
f 4837//4336 4836//4303 4838//4308
f 4784//4306 4794//4335 4838//4308
f 4816//4348 4829//4352 4790//4302
f 4834//4333 4821//4319 4816//4348
f 4823//4324 4817//4318 4802//4331
f 4790//4302 4813//4321 4792//4311
f 4818//4353 4839//4312 4840//4354
f 4840//4354 4841//4355 4803//4356
f 4788//4343 4787//4339 4842//4340
f 4812//4313 4787//4339 4808//4341
f 4854//4357 4861//4358 4844//4359
f 4852//4360 4844//4359 4845//4361
f 4846//4362 4857//4363 4847//4364
f 4856//4365 4847//4364 4843//4366
f 4859//4367 4858//4368 4850//4369
f 4843//4366 4859//4367 4850//4369
f 4843//4366 4850//4369 4846//4362
f 4850//4369 4857//4363 4846//4362
f 4843//4366 4844//4359 4861//4358
f 4853//4370 4845//4361 4861//4358
f 4861//4358 4862//4371 4853//4370
f 4853//4370 4862//4371 4854//4357
f 4862//4371 4861//4358 4854//4357
f 4860//4372 4853//4370 4854//4357
f 4844//4359 4847//4364 4857//4363
f 4849//4373 4844//4359 4848//4374
f 4849//4373 4851//4375 4844//4359
f 4851//4375 4849//4373 4845//4361
f 4910//4376 4868//4377 4911//4378
f 4911//4378 4922//4379 4910//4376
f 4914//4380 4883//4381 4864//4382
f 4864//4382 4863//4383 4914//4380
f 4865//4384 4914//4380 4863//4383
f 4883//4381 4916//4385 4864//4382
f 4916//4385 4865//4384 4864//4382
f 4878//4386 4863//4383 4864//4382
f 4887//4387 4878//4386 4864//4382
f 4916//4385 4914//4380 4865//4384
f 4887//4387 4863//4383 4916//4385
f 4863//4383 4887//4387 4865//4384
f 4870//4388 4911//4378 4868//4377
f 4870//4388 4868//4377 4922//4379
f 4919//4389 4890//4390 4904//4391
f 4907//4392 4890//4390 4909//4393
f 4889//4394 4895//4395 4899//4396
f 4908//4397 4891//4398 4873//4399
f 4906//4400 4902//4401 4898//4402
f 4906//4400 4895//4395 4874//4403
f 4900//4404 4876//4405 4875//4406
f 4889//4394 4899//4396 4901//4407
f 4863//4383 4889//4394 4877//4408
f 4888//4409 4889//4394 4876//4405
f 4880//4410 4906//4400 4885//4411
f 4874//4403 4885//4411 4898//4402
f 4912//4412 4874//4403 4913//4413
f 4872//4414 4915//4415 4879//4416
f 4903//4417 4890//4390 4907//4392
f 4866//4418 4890//4390 4923//4419
f 4919//4389 4873//4399 4909//4393
f 4919//4389 4886//4420 4873//4399
f 4903//4417 4866//4418 4908//4397
f 4866//4418 4891//4398 4908//4397
f 4897//4421 4923//4419 4909//4393
f 4897//4421 4867//4422 4923//4419
f 4909//4393 4891//4398 4897//4421
f 4870//4388 4892//4423 4911//4378
f 4893//4424 4898//4402 4869//4425
f 4871//4426 4870//4388 4869//4425
f 4868//4377 4910//4376 4892//4423
f 4910//4376 4922//4379 4909//4393
f 4893//4424 4909//4393 4898//4402
f 4869//4425 4898//4402 4868//4377
f 4894//4427 4874//4403 4912//4412
f 4913//4413 4899//4396 4912//4412
f 4868//4377 4880//4410 4874//4403
f 4868//4377 4894//4427 4922//4379
f 4899//4396 4900//4404 4874//4403
f 4899//4396 4874//4403 4922//4379
f 4905//4428 4913//4413 4889//4394
f 4899//4396 4883//4381 4914//4380
f 4878//4386 4889//4394 4863//4383
f 4895//4395 4900//4404 4899//4396
f 4874//4403 4895//4395 4889//4394
f 4889//4394 4902//4401 4876//4405
f 4902//4401 4884//4429 4876//4405
f 4875//4406 4884//4429 4902//4401
f 4888//4409 4877//4408 4889//4394
f 4877//4408 4899//4396 4914//4380
f 4876//4405 4877//4408 4888//4409
f 4887//4387 4916//4385 4883//4381
f 4877//4408 4915//4415 4863//4383
f 4872//4414 4863//4383 4915//4415
f 4877//4408 4914//4380 4915//4415
f 4915//4415 4914//4380 4916//4385
f 4916//4385 4863//4383 4917//4430
f 4863//4383 4872//4414 4917//4430
f 4912//4412 4899//4396 4894//4427
f 4902//4401 4895//4395 4880//4410
f 4922//4379 4891//4398 4870//4388
f 4896//4431 4919//4389 4920//4432
f 4920//4432 4921//4433 4881//4434
f 4867//4422 4866//4418 4923//4419
f 4890//4390 4866//4418 4886//4420
f 4917//4430 4872//4414 4916//4385
f 4924//4435 4952//4436 4936//4437
f 4947//4438 4945//4439 4973//4440
f 4946//4441 4927//4442 4934//4443
f 4970//4444 4958//4445 4930//4446
f 4958//4445 4962//4447 4930//4446
f 4946//4441 4967//4448 4924//4435
f 4962//4447 4960//4449 4928//4450
f 4931//4451 4933//4452 4930//4446
f 4931//4451 4941//4453 4932//4454
f 4967//4448 4933//4452 4954//4455
f 4934//4443 4967//4448 4946//4441
f 4924//4435 4938//4456 4935//4457
f 4940//4458 4924//4435 4927//4442
f 4957//4459 4958//4445 4970//4444
f 4951//4460 4968//4461 4972//4462
f 4955//4463 4932//4454 4954//4455
f 4952//4436 4927//4442 4936//4437
f 4937//4464 4938//4456 4927//4442
f 4950//4465 4939//4466 4936//4437
f 4961//4467 4963//4468 4962//4447
f 4925//4469 4945//4439 4928//4450
f 4945//4439 4925//4469 4929//4470
f 4929//4470 4928//4450 4959//4471
f 4959//4471 4947//4438 4929//4470
f 4956//4472 4930//4446 4963//4468
f 4963//4468 4964//4473 4948//4474
f 4964//4473 4956//4472 4948//4474
f 4954//4455 4932//4454 4941//4453
f 4954//4455 4933//4452 4955//4463
f 4950//4465 4943//4475 4952//4436
f 4944//4476 4946//4441 4964//4473
f 4944//4476 4927//4442 4946//4441
f 4964//4473 4942//4477 4954//4455
f 4967//4448 4938//4456 4924//4435
f 4940//4458 4934//4443 4924//4435
f 4934//4443 4940//4458 4953//4478
f 4936//4437 4965//4479 4937//4464
f 4966//4480 4937//4464 4965//4479
f 4939//4466 4950//4465 4937//4464
f 4966//4480 4965//4479 4939//4466
f 4952//4436 4940//4458 4927//4442
f 4933//4452 4967//4448 4934//4443
f 4933//4452 4932//4454 4955//4463
f 4932//4454 4951//4460 4969//4481
f 4932//4454 4969//4481 4968//4461
f 4968//4461 4933//4452 4931//4451
f 4972//4462 4960//4449 4951//4460
f 4960//4449 4969//4481 4951//4460
f 4930//4446 4971//4482 4931//4451
f 4931//4451 4970//4444 4959//4471
f 4971//4482 4970//4444 4931//4451
f 4971//4482 4930//4446 4954//4455
f 4959//4471 4928//4450 4972//4462
f 4973//4440 4945//4439 4929//4470
f 4973//4440 4929//4470 4947//4438
f 4928//4450 4945//4439 4962//4447
f 4992//4483 4982//4484 4975//4485
f 4986//4486 4994//4487 5019//4488
f 4985//4489 4977//4490 4975//4485
f 4982//4484 4977//4490 5015//4491
f 4985//4489 4990//4492 5010//4493
f 4997//4494 4981//4495 4987//4496
f 4999//4497 4987//4496 4989//4498
f 4990//4492 4981//4495 4984//4499
f 4975//4485 4990//4492 4985//4489
f 4996//4500 5003//4501 4974//4502
f 5013//4503 4991//4504 5008//4505
f 4993//4506 5005//4507 5018//4508
f 4995//4509 5016//4510 5018//4508
f 4998//4511 4980//4512 4984//4499
f 4984//4499 4985//4489 4978//4513
f 5013//4503 5012//4514 4977//4490
f 4987//4496 5000//4515 5004//4516
f 5000//4515 4994//4487 4986//4486
f 5005//4507 4986//4486 4979//4517
f 5006//4518 5005//4507 4999//4497
f 5005//4507 4989//4498 4987//4496
f 5005//4507 5006//4518 4989//4498
f 4984//4499 4981//4495 4998//4511
f 4977//4490 4985//4489 4991//4504
f 4984//4499 4978//4513 5010//4493
f 5012//4514 4992//4483 4977//4490
f 4992//4483 5012//4514 4982//4484
f 5008//4505 4982//4484 5013//4503
f 5003//4501 4975//4485 5008//4505
f 4982//4484 4978//4513 4977//4490
f 5011//4519 5010//4493 4978//4513
f 5002//4520 5010//4493 5011//4519
f 4990//4492 4984//4499 5010//4493
f 4981//4495 4990//4492 4975//4485
f 4992//4483 5015//4491 4977//4490
f 4981//4495 4980//4512 4998//4511
f 4980//4512 4995//4509 5017//4521
f 4980//4512 5017//4521 5016//4510
f 5016//4510 4981//4495 5007//4522
f 5018//4508 4988//4523 4995//4509
f 4988//4523 5017//4521 4995//4509
f 4997//4494 5001//4524 4993//4506
f 4984//4499 5001//4524 4997//4494
f 5007//4522 5001//4524 4984//4499
f 5005//4507 4979//4517 5018//4508
f 5019//4488 4994//4487 4979//4517
f 5019//4488 4979//4517 4986//4486
f 5020//4525 5021//4526 5023//4527
f 5020//4525 5023//4527 5022//4528
f 5090//4529 5089//4530 5026//4531
f 5026//4531 5089//4530 5035//4532
f 5041//4533 5063//4534 5027//4535
f 5062//4536 5041//4533 5027//4535
f 5085//4537 5038//4538 5060//4539
f 5059//4540 5085//4537 5060//4539
f 5038//4538 5059//4540 5030//4541
f 5055//4542 5050//4543 5051//4544
f 5045//4545 5086//4546 5060//4539
f 5089//4530 5057//4547 5035//4532
f 5037//4548 5059//4540 5036//4549
f 5034//4550 5040//4551 5089//4530
f 5088//4552 5063//4534 5041//4533
f 5042//4553 5062//4536 5027//4535
f 5037//4548 5029//4554 5065//4555
f 5059//4540 5086//4546 5030//4541
f 5032//4556 5031//4557 5081//4558
f 5081//4558 5039//4559 5032//4556
f 5095//4560 5044//4561 5032//4556
f 5054//4562 5068//4563 5055//4542
f 5070//4564 5032//4556 5076//4565
f 5075//4566 5049//4567 5074//4568
f 5026//4531 5088//4552 5037//4548
f 5091//4569 5088//4552 5035//4532
f 5063//4534 5088//4552 5062//4536
f 5078//4570 5056//4571 5055//4542
f 5032//4556 5025//4572 5076//4565
f 5047//4573 5046//4574 5077//4575
f 5070//4564 5046//4574 5047//4573
f 5070//4564 5071//4576 5032//4556
f 5025//4572 5077//4575 5046//4574
f 5067//4577 5071//4576 5070//4564
f 5078//4570 5054//4562 5050//4543
f 5079//4578 5048//4579 5078//4570
f 5071//4576 5095//4560 5032//4556
f 5080//4580 5081//4558 5095//4560
f 5044//4561 5081//4558 5037//4548
f 5092//4581 5073//4582 5072//4583
f 5039//4559 5072//4583 5024//4584
f 5082//4585 5030//4541 5081//4558
f 5060//4539 5030//4541 5082//4585
f 5082//4585 5045//4545 5060//4539
f 5085//4537 5086//4546 5045//4545
f 5081//4558 5080//4580 5025//4572
f 5025//4572 5080//4580 5053//4586
f 5053//4586 5077//4575 5025//4572
f 5038//4538 5029//4554 5059//4540
f 5038//4538 5031//4557 5029//4554
f 5031//4557 5065//4555 5029//4554
f 5031//4557 5083//4587 5065//4555
f 5088//4552 5084//4588 5065//4555
f 5042//4553 5084//4588 5028//4589
f 5042//4553 5027//4535 5088//4552
f 5059//4540 5065//4555 5085//4537
f 5086//4546 5036//4549 5029//4554
f 5086//4546 5085//4537 5036//4549
f 5065//4555 5087//4590 5044//4561
f 5088//4552 5041//4533 5042//4553
f 5043//4591 5037//4548 5084//4588
f 5089//4530 5062//4536 5088//4552
f 5026//4531 5035//4532 5088//4552
f 5037//4548 5043//4591 5026//4531
f 5064//4592 5090//4529 5035//4532
f 5042//4553 5041//4533 5089//4530
f 5089//4530 5090//4529 5042//4553
f 5089//4530 5088//4552 5091//4569
f 5031//4557 5092//4581 5044//4561
f 5073//4582 5081//4558 5033//4593
f 5093//4594 5024//4584 5073//4582
f 5033//4593 5024//4584 5093//4594
f 5081//4558 5024//4584 5033//4593
f 5053//4586 5048//4579 5077//4575
f 5049//4567 5070//4564 5074//4568
f 5077//4575 5074//4568 5070//4564
f 5070//4564 5049//4567 5067//4577
f 5066//4595 5078//4570 5067//4577
f 5078//4570 5050//4543 5056//4571
f 5055//4542 5079//4578 5078//4570
f 5075//4566 5068//4563 5054//4562
f 5051//4544 5068//4563 5079//4578
f 5068//4563 5069//4596 5050//4543
f 5061//4597 5096//4598 5079//4578
f 5075//4566 5096//4598 5061//4597
f 5061//4597 5079//4578 5075//4566
f 5024//4584 5032//4556 5039//4559
f 5048//4579 5096//4598 5074//4568
f 5109//4599 5132//4600 5113//4601
f 5113//4601 5139//4602 5109//4599
f 5164//4603 5163//4604 5139//4602
f 5128//4605 5099//4606 5160//4607
f 5099//4606 5100//4608 5121//4609
f 5101//4610 5097//4611 5131//4612
f 5129//4613 5139//4602 5132//4600
f 5175//4614 5113//4601 5097//4611
f 5112//4615 5109//4599 5138//4616
f 5138//4616 5111//4617 5112//4615
f 5101//4610 5129//4613 5171//4618
f 5171//4618 5172//4619 5101//4610
f 5097//4611 5113//4601 5131//4612
f 5107//4620 5103//4621 5146//4622
f 5165//4623 5144//4624 5112//4615
f 5102//4625 5103//4621 5107//4620
f 5152//4626 5151//4627 5108//4628
f 5141//4629 5108//4628 5162//4630
f 5117//4631 5177//4632 5119//4633
f 5161//4634 5120//4635 5104//4636
f 5121//4609 5148//4637 5119//4633
f 5143//4638 5142//4639 5106//4640
f 5171//4618 5109//4599 5131//4612
f 5129//4613 5172//4619 5173//4641
f 5146//4622 5158//4642 5135//4643
f 5152//4626 5104//4636 5126//4644
f 5126//4644 5147//4645 5152//4626
f 5170//4646 5169//4647 5175//4614
f 5167//4648 5133//4649 5168//4650
f 5149//4651 5142//4639 5128//4605
f 5149//4651 5106//4640 5142//4639
f 5121//4609 5149//4651 5143//4638
f 5116//4652 5158//4642 5118//4653
f 5118//4653 5176//4654 5116//4652
f 5117//4631 5108//4628 5176//4654
f 5154//4655 5117//4631 5116//4652
f 5105//4656 5116//4652 5117//4631
f 5146//4622 5155//4657 5156//4658
f 5116//4652 5105//4656 5125//4659
f 5154//4655 5130//4660 5115//4661
f 5157//4662 5155//4657 5139//4602
f 5158//4642 5125//4659 5145//4663
f 5145//4663 5135//4643 5140//4664
f 5140//4664 5158//4642 5145//4663
f 5126//4644 5120//4635 5147//4645
f 5160//4607 5147//4645 5143//4638
f 5120//4635 5143//4638 5159//4665
f 5159//4665 5147//4645 5120//4635
f 5159//4665 5143//4638 5147//4645
f 5120//4635 5121//4609 5143//4638
f 5160//4607 5143//4638 5106//4640
f 5160//4607 5150//4666 5149//4651
f 5161//4634 5121//4609 5120//4635
f 5118//4653 5119//4633 5148//4637
f 5119//4633 5151//4627 5152//4626
f 5151//4627 5117//4631 5118//4653
f 5121//4609 5119//4633 5152//4626
f 5117//4631 5151//4627 5104//4636
f 5108//4628 5146//4622 5116//4652
f 5162//4630 5108//4628 5104//4636
f 5124//4667 5145//4663 5139//4602
f 5163//4604 5165//4623 5139//4602
f 5165//4623 5175//4614 5138//4616
f 5138//4616 5175//4614 5111//4617
f 5124//4667 5139//4602 5129//4613
f 5129//4613 5114//4668 5103//4621
f 5145//4663 5102//4625 5146//4622
f 5155//4657 5146//4622 5103//4621
f 5107//4620 5146//4622 5098//4669
f 5166//4670 5103//4621 5114//4668
f 5114//4668 5173//4641 5107//4620
f 5138//4616 5109//4599 5139//4602
f 5109//4599 5129//4613 5132//4600
f 5111//4617 5110//4671 5165//4623
f 5175//4614 5169//4647 5109//4599
f 5109//4599 5169//4647 5136//4672
f 5167//4648 5168//4650 5170//4646
f 5168//4650 5169//4647 5122//4673
f 5171//4618 5129//4613 5109//4599
f 5131//4612 5172//4619 5171//4618
f 5113//4601 5110//4671 5111//4617
f 5175//4614 5110//4671 5113//4601
f 5098//4669 5173//4641 5124//4667
f 5172//4619 5174//4674 5173//4641
f 5113//4601 5174//4674 5172//4619
f 5173//4641 5174//4674 5113//4601
f 5127//4675 5170//4646 5175//4614
f 5136//4672 5134//4676 5133//4649
f 5137//4677 5127//4675 5175//4614
f 5137//4677 5131//4612 5127//4675
f 5137//4677 5175//4614 5131//4612
f 5123//4678 5144//4624 5165//4623
f 5125//4659 5154//4655 5156//4658
f 5154//4655 5125//4659 5105//4656
f 5176//4654 5105//4656 5117//4631
f 5177//4632 5105//4656 5176//4654
f 5118//4653 5153//4679 5151//4627
f 5124//4667 5155//4657 5145//4663
f 5097//4611 5129//4613 5175//4614
f 5179//4680 5180//4681 5178//4682
f 5183//390 5182//4683 5181//390
f 5185//4684 5184//4685 5186//4686
f 5187//390 5188//390 5189//390
f 5191//4687 5192//4688 5190//4689
f 5190//4689 5192//4688 5191//4687
f 5253//4690 5252//4691 5195//4692
f 5195//4692 5252//4691 5204//4693
f 5210//4694 5231//4695 5196//4696
f 5230//4697 5210//4694 5196//4696
f 5248//4698 5207//4699 5228//4700
f 5227//4701 5248//4698 5228//4700
f 5207//4699 5227//4701 5199//4702
f 5223//4703 5219//4704 5220//4705
f 5214//4706 5249//4707 5228//4700
f 5252//4691 5225//4708 5204//4693
f 5206//4709 5227//4701 5205//4710
f 5203//4711 5209//4712 5252//4691
f 5251//4713 5231//4695 5210//4694
f 5211//4714 5230//4697 5196//4696
f 5206//4709 5198//4715 5233//4716
f 5227//4701 5249//4707 5199//4702
f 5201//4717 5200//4718 5245//4719
f 5245//4719 5208//4720 5201//4717
f 5258//4721 5213//4722 5201//4717
f 5222//4723 5235//4724 5223//4703
f 5237//4725 5201//4717 5240//4726
f 5235//4724 5218//4727 5241//4728
f 5195//4692 5251//4713 5206//4709
f 5254//4729 5251//4713 5204//4693
f 5231//4695 5251//4713 5230//4697
f 5242//4730 5224//4731 5223//4703
f 5201//4717 5194//4732 5240//4726
f 5216//4733 5215//4734 5241//4728
f 5237//4725 5215//4734 5216//4733
f 5237//4725 5242//4730 5201//4717
f 5194//4732 5241//4728 5215//4734
f 5218//4727 5242//4730 5237//4725
f 5242//4730 5222//4723 5219//4704
f 5243//4735 5217//4736 5242//4730
f 5242//4730 5258//4721 5201//4717
f 5244//4737 5245//4719 5258//4721
f 5213//4722 5245//4719 5206//4709
f 5255//4738 5239//4739 5238//4740
f 5208//4720 5238//4740 5193//4741
f 5246//4742 5199//4702 5245//4719
f 5228//4700 5199//4702 5246//4742
f 5246//4742 5214//4706 5228//4700
f 5248//4698 5249//4707 5214//4706
f 5245//4719 5244//4737 5194//4732
f 5194//4732 5244//4737 5221//4743
f 5221//4743 5241//4728 5194//4732
f 5207//4699 5198//4715 5227//4701
f 5207//4699 5200//4718 5198//4715
f 5200//4718 5233//4716 5198//4715
f 5200//4718 5247//4744 5233//4716
f 5251//4713 5253//4690 5233//4716
f 5211//4714 5253//4690 5197//4745
f 5211//4714 5196//4696 5251//4713
f 5227//4701 5233//4716 5248//4698
f 5249//4707 5205//4710 5198//4715
f 5249//4707 5248//4698 5205//4710
f 5233//4716 5250//4746 5213//4722
f 5251//4713 5210//4694 5211//4714
f 5212//4747 5206//4709 5253//4690
f 5252//4691 5230//4697 5251//4713
f 5195//4692 5204//4693 5251//4713
f 5206//4709 5212//4747 5195//4692
f 5232//4748 5253//4690 5204//4693
f 5211//4714 5210//4694 5252//4691
f 5252//4691 5253//4690 5211//4714
f 5252//4691 5251//4713 5254//4729
f 5200//4718 5255//4738 5213//4722
f 5239//4739 5245//4719 5202//4749
f 5256//4750 5193//4741 5239//4739
f 5202//4749 5193//4741 5256//4750
f 5245//4719 5193//4741 5202//4749
f 5221//4743 5217//4736 5241//4728
f 5218//4727 5237//4725 5241//4728
f 5234//4751 5242//4730 5218//4727
f 5242//4730 5219//4704 5224//4731
f 5223//4703 5243//4735 5242//4730
f 5220//4705 5235//4724 5243//4735
f 5235//4724 5236//4752 5219//4704
f 5229//4753 5259//4754 5243//4735
f 5235//4724 5259//4754 5229//4753
f 5229//4753 5243//4735 5235//4724
f 5193//4741 5201//4717 5208//4720
f 5217//4736 5259//4754 5241//4728
f 5272//4755 5295//4756 5276//4757
f 5276//4757 5302//4758 5272//4755
f 5326//4759 5325//4760 5302//4758
f 5291//4761 5262//4762 5322//4763
f 5262//4762 5263//4764 5284//4765
f 5264//4766 5260//4767 5294//4768
f 5292//4769 5302//4758 5295//4756
f 5337//4770 5276//4757 5260//4767
f 5275//4771 5272//4755 5301//4772
f 5301//4772 5274//4773 5275//4771
f 5264//4766 5292//4769 5333//4774
f 5333//4774 5334//4775 5264//4766
f 5260//4767 5276//4757 5294//4768
f 5270//4776 5266//4777 5308//4778
f 5327//4779 5286//4780 5275//4771
f 5265//4781 5266//4777 5270//4776
f 5314//4782 5313//4783 5271//4784
f 5304//4785 5271//4784 5324//4786
f 5280//4787 5339//4788 5282//4789
f 5323//4790 5283//4791 5267//4792
f 5284//4765 5310//4793 5282//4789
f 5306//4794 5305//4795 5269//4796
f 5333//4774 5272//4755 5294//4768
f 5292//4769 5334//4775 5335//4797
f 5308//4778 5320//4798 5298//4799
f 5314//4782 5267//4792 5289//4800
f 5289//4800 5309//4801 5314//4782
f 5332//4802 5331//4803 5337//4770
f 5329//4804 5296//4805 5330//4806
f 5311//4807 5305//4795 5291//4761
f 5311//4807 5269//4796 5305//4795
f 5284//4765 5311//4807 5306//4794
f 5279//4808 5320//4798 5281//4809
f 5281//4809 5338//4810 5279//4808
f 5280//4787 5271//4784 5338//4810
f 5316//4811 5280//4787 5279//4808
f 5268//4812 5279//4808 5280//4787
f 5308//4778 5317//4813 5318//4814
f 5279//4808 5268//4812 5288//4815
f 5316//4811 5293//4816 5278//4817
f 5319//4818 5317//4813 5302//4758
f 5320//4798 5288//4815 5307//4819
f 5307//4819 5298//4799 5303//4820
f 5303//4820 5320//4798 5307//4819
f 5289//4800 5283//4791 5309//4801
f 5322//4763 5309//4801 5306//4794
f 5283//4791 5306//4794 5321//4821
f 5321//4821 5309//4801 5283//4791
f 5321//4821 5306//4794 5309//4801
f 5283//4791 5284//4765 5306//4794
f 5322//4763 5306//4794 5269//4796
f 5322//4763 5312//4822 5311//4807
f 5323//4790 5284//4765 5283//4791
f 5281//4809 5282//4789 5310//4793
f 5282//4789 5313//4783 5314//4782
f 5313//4783 5280//4787 5281//4809
f 5284//4765 5282//4789 5314//4782
f 5280//4787 5313//4783 5267//4792
f 5271//4784 5308//4778 5279//4808
f 5324//4786 5271//4784 5267//4792
f 5287//4823 5307//4819 5302//4758
f 5325//4760 5327//4779 5302//4758
f 5286//4780 5327//4779 5326//4759
f 5327//4779 5337//4770 5301//4772
f 5301//4772 5337//4770 5274//4773
f 5287//4823 5302//4758 5292//4769
f 5292//4769 5277//4824 5266//4777
f 5307//4819 5265//4781 5308//4778
f 5317//4813 5308//4778 5266//4777
f 5270//4776 5308//4778 5261//4825
f 5328//4826 5266//4777 5277//4824
f 5277//4824 5335//4797 5270//4776
f 5301//4772 5272//4755 5302//4758
f 5272//4755 5292//4769 5295//4756
f 5274//4773 5273//4827 5327//4779
f 5337//4770 5331//4803 5272//4755
f 5272//4755 5331//4803 5299//4828
f 5329//4804 5330//4806 5332//4802
f 5330//4806 5331//4803 5285//4829
f 5333//4774 5292//4769 5272//4755
f 5294//4768 5334//4775 5333//4774
f 5276//4757 5273//4827 5274//4773
f 5337//4770 5273//4827 5276//4757
f 5261//4825 5335//4797 5287//4823
f 5334//4775 5336//4830 5335//4797
f 5276//4757 5336//4830 5334//4775
f 5335//4797 5336//4830 5276//4757
f 5290//4831 5332//4802 5337//4770
f 5299//4828 5297//4832 5296//4805
f 5300//4833 5290//4831 5337//4770
f 5300//4833 5294//4768 5290//4831
f 5300//4833 5337//4770 5294//4768
f 5288//4815 5316//4811 5318//4814
f 5316//4811 5288//4815 5268//4812
f 5338//4810 5268//4812 5280//4787
f 5339//4788 5268//4812 5338//4810
f 5281//4809 5315//4834 5313//4783
f 5287//4823 5317//4813 5307//4819
f 5260//4767 5292//4769 5337//4770
f 5349//4835 5346//4836 5369//4837
f 5348//4838 5344//4839 5346//4836
f 5347//4840 5350//4841 5348//4838
f 5348//4838 5358//4842 5356//4843
f 5350//4841 5368//4844 5358//4842
f 5352//4845 5349//4835 5356//4843
f 5349//4835 5370//4846 5356//4843
f 5353//4847 5358//4842 5366//4848
f 5351//4849 5349//4835 5352//4845
f 5371//4850 5360//4851 5358//4842
f 5362//4852 5360//4851 5359//4853
f 5351//4849 5353//4847 5365//4854
f 5354//4855 5360//4851 5364//4856
f 5366//4848 5368//4844 5372//4857
f 5367//4858 5372//4857 5368//4844
f 5343//4859 5350//4841 5344//4839
f 5346//4836 5368//4844 5343//4859
f 5346//4836 5347//4840 5368//4844
f 5355//4860 5346//4836 5343//4859
f 5349//4835 5358//4842 5370//4846
f 5348//4838 5350//4841 5358//4842
f 5358//4842 5349//4835 5369//4837
f 5344//4839 5348//4838 5369//4837
f 5370//4846 5369//4837 5348//4838
f 5369//4837 5370//4846 5352//4845
f 5352//4845 5356//4843 5369//4837
f 5352//4845 5357//4861 5351//4849
f 5358//4842 5354//4855 5357//4861
f 5357//4861 5352//4845 5370//4846
f 5355//4860 5369//4837 5345//4862
f 5369//4837 5346//4836 5345//4862
f 5372//4857 5371//4850 5366//4848
f 5366//4848 5371//4850 5365//4854
f 5365//4854 5353//4847 5366//4848
f 5367//4858 5351//4849 5358//4842
f 5351//4849 5365//4854 5358//4842
f 5354//4855 5361//4863 5351//4849
f 5361//4863 5373//4864 5359//4853
f 5361//4863 5360//4851 5374//4865
f 5374//4865 5363//4866 5361//4863
f 5362//4852 5373//4864 5361//4863
f 5384//4867 5392//4868 5376//4869
f 5378//4870 5387//4871 5379//4872
f 5386//4873 5379//4872 5375//4874
f 5389//4875 5388//4876 5381//4877
f 5375//4874 5389//4875 5381//4877
f 5375//4874 5381//4877 5378//4870
f 5381//4877 5387//4871 5378//4870
f 5375//4874 5376//4869 5392//4868
f 5383//4878 5377//4879 5392//4868
f 5392//4868 5393//4880 5383//4878
f 5383//4878 5393//4880 5384//4867
f 5393//4880 5392//4868 5384//4867
f 5391//4881 5383//4878 5384//4867
f 5390//4882 5379//4872 5380//4883
f 5390//4882 5382//4884 5376//4869
f 5382//4884 5390//4882 5377//4879
f 5422//4885 5403//4886 5423//4887
f 5407//4888 5403//4886 5404//4889
f 5404//4889 5424//4890 5405//4891
f 5408//4892 5426//4893 5429//4894
f 5419//4895 5416//4896 5408//4892
f 5411//4897 5415//4898 5412//4899
f 5412//4899 5400//4900 5399//4901
f 5409//4902 5405//4891 5406//4903
f 5405//4891 5416//4896 5398//4904
f 5418//4905 5417//4906 5415//4898
f 5425//4907 5396//4908 5405//4891
f 5426//4893 5396//4908 5406//4903
f 5395//4909 5423//4887 5421//4910
f 5403//4886 5405//4891 5396//4908
f 5405//4891 5407//4888 5404//4889
f 5403//4886 5424//4890 5404//4889
f 5426//4893 5405//4891 5424//4890
f 5406//4903 5405//4891 5426//4893
f 5415//4898 5419//4895 5418//4905
f 5419//4895 5425//4907 5418//4905
f 5418//4905 5410//4911 5417//4906
f 5412//4899 5399//4901 5410//4911
f 5412//4899 5410//4911 5411//4897
f 5425//4907 5410//4911 5418//4905
f 5420//4912 5397//4913 5419//4895
f 5419//4895 5408//4892 5410//4911
f 5394//4914 5401//4915 5395//4909
f 5395//4909 5427//4916 5422//4885
f 5395//4909 5421//4910 5402//4917
f 5402//4917 5394//4914 5395//4909
f 5401//4915 5402//4917 5421//4910
f 5403//4886 5426//4893 5395//4909
f 5428//4918 5396//4908 5397//4913
f 5429//4894 5428//4918 5397//4913
f 5426//4893 5408//4892 5397//4913
f 5429//4894 5426//4893 5428//4918
f 5401//4915 5421//4910 5423//4887
f 5416//4896 5409//4902 5406//4903
f 5415//4898 5413//4919 5412//4899
f 5414//4920 5400//4900 5415//4898
f 5398//4904 5411//4897 5410//4911
f 5432//4921 5444//4922 5458//4923
f 5444//4922 5442//4924 5458//4923
f 5444//4922 5431//4925 5442//4924
f 5432//4921 5442//4924 5431//4925
f 5445//4926 5452//4927 5431//4925
f 5443//4928 5432//4921 5445//4926
f 5432//4921 5431//4925 5436//4929
f 5453//4930 5438//4931 5446//4932
f 5440//4933 5448//4934 5441//4935
f 5446//4932 5447//4936 5449//4937
f 5449//4937 5447//4936 5448//4934
f 5452//4927 5446//4932 5439//4938
f 5437//4939 5450//4940 5452//4927
f 5432//4921 5453//4930 5437//4939
f 5455//4941 5438//4931 5453//4930
f 5453//4930 5454//4942 5455//4941
f 5438//4931 5439//4938 5448//4934
f 5438//4931 5436//4929 5439//4938
f 5435//4943 5433//4944 5453//4930
f 5454//4942 5453//4930 5433//4944
f 5460//4945 5435//4943 5434//4946
f 5444//4922 5434//4946 5431//4925
f 5444//4922 5456//4947 5434//4946
f 5456//4947 5458//4923 5442//4924
f 5458//4923 5451//4948 5433//4944
f 5445//4926 5431//4925 5451//4948
f 5457//4949 5451//4948 5430//4950
f 5457//4949 5432//4921 5451//4948
f 5457//4949 5458//4923 5456//4947
f 5451//4948 5458//4923 5459//4951
f 5435//4943 5436//4929 5434//4946
f 5436//4929 5433//4944 5434//4946
f 5432//4921 5433//4944 5460//4945
f 5460//4945 5442//4924 5432//4921
f 5446//4932 5438//4931 5447//4936
f 5463//390 5462//390 5461//390
f 5463//390 5461//390 5462//390
f 5466//4952 5464//4953 5465//4954
f 5468//390 5467//390 5469//4955
f 5470//4956 5472//4957 5471//4958
f 5480//4959 5476//4960 5474//4961
f 5477//4962 5478//4963 5479//4964
f 5477//4962 5481//4965 5478//4963
f 5479//4964 5480//4959 5473//4966
f 5475//4967 5481//4965 5480//4959
f 5474//4961 5479//4964 5478//4963
f 5475//4967 5474//4961 5481//4965
f 5473//4966 5474//4961 5478//4963
f 5480//4959 5474//4961 5473//4966
f 5476//4960 5478//4963 5481//4965
f 5491//4968 5489//4969 5488//4970
f 5488//4970 5489//4969 5487//4971
f 5488//4970 5487//4971 5491//4968
f 5492//4972 5493//4973 5495//4974
f 5492//4972 5495//4974 5494//4975
f 5496//4976 5498//4977 5497//4978
f 5502//4979 5503//4980 5504//4981
f 5506//390 5505//390 5507//390
f 5513//4982 5511//4983 5514//4984
f 5514//4984 5512//4985 5513//4982
f 5518//4986 5519//4987 5517//4988
f 5521//4989 5522//4990 5520//4991
f 5524//390 5523//390 5525//390
f 5526//4992 5527//390 5528//390
f 5526//4992 5528//390 5527//390
f 5529//390 5530//390 5531//390
f 5529//390 5531//390 5530//390
f 5534//4993 5532//4994 5533//4995
f 5539//4996 5538//4997 5540//4998
f 5540//4998 5538//4997 5539//4996
f 5544//4999 5543//5000 5545//5001
f 5558//5002 5547//5003 5548//5004
f 5551//5005 5570//5006 5571//5007
f 5571//5007 5565//5008 5551//5005
f 5565//5008 5553//5009 5566//5010
f 5553//5009 5565//5008 5571//5007
f 5568//5011 5566//5010 5576//5012
f 5556//5013 5555//5014 5567//5015
f 5552//5016 5565//5008 5563//5017
f 5561//5018 5546//5019 5547//5003
f 5548//5004 5547//5003 5546//5019
f 5553//5009 5552//5016 5554//5020
f 5547//5003 5558//5002 5573//5021
f 5573//5021 5562//5022 5547//5003
f 5572//5023 5548//5004 5573//5021
f 5572//5023 5558//5002 5548//5004
f 5573//5021 5546//5019 5572//5023
f 5549//5024 5559//5025 5552//5016
f 5565//5008 5552//5016 5559//5025
f 5574//5026 5546//5019 5573//5021
f 5546//5019 5557//5027 5559//5025
f 5550//5028 5551//5005 5562//5022
f 5550//5028 5564//5029 5551//5005
f 5562//5022 5548//5004 5550//5028
f 5547//5003 5562//5022 5549//5024
f 5566//5010 5552//5016 5569//5030
f 5560//5031 5561//5018 5565//5008
f 5579//5032 5578//5033 5577//5034
f 5582//390 5581//390 5580//390
f 5584//5035 5585//5036 5583//5037
f 5586//5038 5587//5039 5588//5040
f 5591//5041 5593//5042 5592//5043
f 5596//390 5594//5044 5595//390
f 5600//5045 5601//5046 5599//390
f 5602//5047 5603//5048 5604//5049
f 5614//390 5613//390 5612//390
f 5614//390 5612//390 5613//390
f 5622//390 5621//390 5623//390
f 5624//390 5625//390 5626//390
f 5632//5050 5629//5051 5628//5052
f 5630//5053 5633//5054 5631//5055
f 5629//5051 5634//5056 5631//5055
f 5631//5055 5632//5050 5627//5057
f 5631//5055 5634//5056 5632//5050
f 5635//5058 5633//5054 5632//5050
f 5635//5058 5628//5052 5633//5054
f 5627//5057 5628//5052 5634//5056
f 5632//5050 5628//5052 5627//5057
f 5629//5051 5631//5055 5633//5054
f 5638//390 5636//390 5637//390
f 5638//390 5637//390 5636//390
f 5642//390 5641//390 5643//390
f 5646//390 5645//390 5644//390
f 5646//390 5644//390 5645//390
f 5650//390 5651//390 5652//390
f 5653//5059 5655//5060 5654//5061
f 5658//5062 5670//5063 5684//5064
f 5670//5063 5668//5065 5684//5064
f 5670//5063 5657//5066 5668//5065
f 5658//5062 5668//5065 5657//5066
f 5671//5067 5678//5068 5657//5066
f 5669//5069 5658//5062 5671//5067
f 5658//5062 5657//5066 5662//5070
f 5679//5071 5664//5072 5672//5073
f 5666//5074 5674//5075 5667//5076
f 5672//5073 5673//5077 5675//5078
f 5675//5078 5673//5077 5674//5075
f 5678//5068 5672//5073 5665//5079
f 5663//5080 5676//5081 5678//5068
f 5658//5062 5679//5071 5663//5080
f 5681//5082 5664//5072 5679//5071
f 5679//5071 5680//5083 5681//5082
f 5664//5072 5665//5079 5674//5075
f 5664//5072 5662//5070 5665//5079
f 5661//5084 5659//5085 5679//5071
f 5680//5083 5679//5071 5659//5085
f 5686//5086 5661//5084 5660//5087
f 5670//5063 5660//5087 5657//5066
f 5670//5063 5682//5088 5660//5087
f 5682//5088 5684//5064 5668//5065
f 5684//5064 5677//5089 5659//5085
f 5671//5067 5657//5066 5677//5089
f 5683//5090 5677//5089 5656//5091
f 5683//5090 5658//5062 5677//5089
f 5683//5090 5684//5064 5682//5088
f 5677//5089 5684//5064 5685//5092
f 5661//5084 5662//5070 5660//5087
f 5662//5070 5659//5085 5660//5087
f 5658//5062 5659//5085 5686//5086
f 5686//5086 5668//5065 5658//5062
f 5672//5073 5664//5072 5673//5077
f 5687//5093 5688//5094 5689//5095
f 5693//5096 5695//5097 5694//5098
f 5694//5098 5695//5097 5693//5096
f 5696//5099 5697//5100 5699//5101
f 5696//5099 5699//5101 5698//5102
f 5701//5103 5700//5104 5702//5105
f 5707//5106 5706//5107 5708//5108
f 5709//390 5710//5109 5711//390
f 5716//5110 5717//5111 5715//5112
f 5720//390 5721//390 5722//390
f 5720//390 5722//390 5721//390
f 5725//5113 5724//5114 5723//5115
f 5726//390 5727//390 5728//390
f 5726//390 5728//390 5727//390
f 5730//5116 5731//5117 5729//5118
f 5734//390 5732//390 5733//5119
f 5738//390 5739//390 5740//390
f 5738//390 5740//390 5739//390
f 5744//5120 5745//5121 5746//5122
f 5754//390 5752//390 5753//390
f 5758//5123 5780//5124 5756//5125
f 5757//5126 5756//5125 5780//5124
f 5780//5124 5758//5123 5768//5127
f 5767//5128 5766//5129 5758//5123
f 5761//5130 5782//5131 5768//5127
f 5782//5131 5785//5132 5768//5127
f 5762//5133 5758//5123 5759//5134
f 5760//5135 5782//5131 5761//5130
f 5786//5136 5773//5137 5771//5138
f 5775//5139 5773//5137 5772//5140
f 5760//5135 5762//5133 5778//5141
f 5763//5142 5773//5137 5777//5143
f 5779//5144 5787//5145 5783//5146
f 5766//5129 5767//5128 5756//5125
f 5767//5128 5765//5147 5756//5125
f 5767//5128 5780//5124 5765//5147
f 5756//5125 5757//5126 5766//5129
f 5764//5148 5781//5149 5756//5125
f 5781//5149 5783//5146 5766//5129
f 5782//5131 5758//5123 5785//5132
f 5766//5129 5783//5146 5758//5123
f 5765//5147 5780//5124 5784//5150
f 5785//5132 5784//5150 5780//5124
f 5784//5150 5785//5132 5761//5130
f 5761//5130 5768//5127 5784//5150
f 5761//5130 5769//5151 5760//5135
f 5770//5152 5763//5142 5769//5151
f 5771//5138 5763//5142 5770//5152
f 5769//5151 5761//5130 5785//5132
f 5764//5148 5784//5150 5755//5153
f 5784//5150 5781//5149 5755//5153
f 5787//5145 5786//5136 5783//5146
f 5783//5146 5786//5136 5778//5141
f 5778//5141 5762//5133 5783//5146
f 5779//5144 5760//5135 5758//5123
f 5771//5138 5785//5132 5758//5123
f 5760//5135 5778//5141 5758//5123
f 5758//5123 5778//5141 5771//5138
f 5763//5142 5774//5154 5760//5135
f 5774//5154 5788//5155 5772//5140
f 5774//5154 5773//5137 5789//5156
f 5789//5156 5776//5157 5774//5154
f 5775//5139 5788//5155 5774//5154
f 5791//390 5790//390 5792//390
f 5794//5158 5795//5159 5793//5160
f 5798//390 5797//390 5796//390
f 5804//390 5803//390 5802//390
f 5832//5161 5814//5162 5833//5163
f 5818//5164 5814//5162 5815//5165
f 5815//5165 5834//5166 5816//5167
f 5819//5168 5837//5169 5840//5170
f 5835//5171 5827//5172 5819//5168
f 5822//5173 5826//5174 5823//5175
f 5823//5175 5811//5176 5810//5177
f 5820//5178 5816//5167 5817//5179
f 5816//5167 5827//5172 5809//5180
f 5829//5181 5828//5182 5826//5174
f 5836//5183 5807//5184 5816//5167
f 5837//5169 5807//5184 5817//5179
f 5806//5185 5833//5163 5831//5186
f 5814//5162 5816//5167 5807//5184
f 5816//5167 5818//5164 5815//5165
f 5814//5162 5834//5166 5815//5165
f 5837//5169 5816//5167 5834//5166
f 5817//5179 5816//5167 5837//5169
f 5826//5174 5835//5171 5829//5181
f 5835//5171 5836//5183 5829//5181
f 5829//5181 5821//5187 5828//5182
f 5823//5175 5810//5177 5821//5187
f 5823//5175 5821//5187 5822//5173
f 5836//5183 5821//5187 5829//5181
f 5830//5188 5808//5189 5835//5171
f 5835//5171 5819//5168 5821//5187
f 5805//5190 5812//5191 5806//5185
f 5806//5185 5838//5192 5832//5161
f 5806//5185 5831//5186 5813//5193
f 5813//5193 5805//5190 5806//5185
f 5812//5191 5813//5193 5831//5186
f 5814//5162 5837//5169 5806//5185
f 5839//5194 5807//5184 5808//5189
f 5840//5170 5839//5194 5808//5189
f 5837//5169 5819//5168 5808//5189
f 5840//5170 5837//5169 5839//5194
f 5812//5191 5831//5186 5833//5163
f 5827//5172 5820//5178 5817//5179
f 5826//5174 5824//5195 5823//5175
f 5825//5196 5811//5176 5826//5174
f 5809//5180 5822//5173 5821//5187
f 5841//5197 5843//390 5842//390
f 5843//390 5841//5197 5842//390
f 5849//5198 5846//5199 5845//5200
f 5847//5201 5850//5202 5848//5203
f 5846//5199 5851//5204 5848//5203
f 5848//5203 5849//5198 5844//5205
f 5848//5203 5851//5204 5849//5198
f 5852//5206 5850//5202 5849//5198
f 5852//5206 5845//5200 5850//5202
f 5844//5205 5845//5200 5851//5204
f 5849//5198 5845//5200 5844//5205
f 5855//5207 5853//5208 5854//5209
f 5854//5209 5853//5208 5855//5207
f 5860//390 5858//390 5859//390
f 5860//390 5859//390 5858//390
f 5886//5210 5881//5211 5869//5212
f 5871//5213 5877//5214 5876//5215
f 5869//5212 5891//5216 5872//5217
f 5880//5218 5891//5216 5870//5219
f 5879//5220 5880//5218 5878//5221
f 5871//5213 5879//5220 5872//5217
f 5872//5217 5878//5221 5870//5219
f 5885//5222 5869//5212 5870//5219
f 5881//5211 5885//5222 5870//5219
f 5886//5210 5882//5223 5881//5211
f 5873//5224 5867//5225 5888//5226
f 5889//5227 5866//5228 5888//5226
f 5866//5228 5884//5229 5883//5230
f 5883//5230 5884//5229 5882//5223
f 5885//5222 5888//5226 5867//5225
f 5881//5211 5882//5223 5888//5226
f 5885//5222 5867//5225 5869//5212
f 5873//5224 5882//5223 5875//5231
f 5875//5231 5882//5223 5876//5215
f 5882//5223 5886//5210 5876//5215
f 5876//5215 5886//5210 5891//5216
f 5872//5217 5891//5216 5886//5210
f 5887//5232 5888//5226 5874//5233
f 5866//5228 5874//5233 5882//5223
f 5874//5233 5866//5228 5889//5227
f 5876//5215 5891//5216 5890//5234
f 5873//5224 5868//5235 5876//5215
f 5872//5217 5877//5214 5871//5213
f 5870//5219 5891//5216 5881//5211
f 5894//5236 5919//5237 5933//5238
f 5910//5239 5897//5240 5902//5241
f 5916//5242 5937//5243 5926//5244
f 5937//5243 5925//5245 5926//5244
f 5910//5239 5895//5246 5914//5247
f 5921//5248 5901//5249 5916//5242
f 5917//5250 5907//5251 5922//5252
f 5917//5250 5922//5252 5900//5253
f 5929//5254 5926//5244 5913//5255
f 5902//5241 5895//5246 5910//5239
f 5897//5240 5910//5239 5903//5256
f 5906//5257 5894//5236 5893//5258
f 5931//5259 5933//5238 5897//5240
f 5924//5260 5937//5243 5907//5251
f 5918//5261 5935//5262 5938//5263
f 5923//5264 5922//5252 5921//5248
f 5919//5237 5893//5258 5933//5238
f 5904//5265 5932//5266 5919//5237
f 5913//5255 5912//5267 5928//5268
f 5894//5236 5915//5269 5897//5240
f 5895//5246 5902//5241 5901//5249
f 5932//5266 5905//5270 5933//5238
f 5925//5245 5899//5271 5898//5272
f 5926//5244 5925//5245 5927//5273
f 5892//5274 5927//5273 5911//5275
f 5938//5263 5926//5244 5927//5273
f 5926//5244 5921//5248 5916//5242
f 5928//5268 5912//5267 5929//5254
f 5912//5267 5913//5255 5926//5244
f 5916//5242 5938//5263 5924//5260
f 5924//5260 5917//5250 5916//5242
f 5921//5248 5922//5252 5907//5251
f 5923//5264 5921//5248 5895//5246
f 5895//5246 5900//5253 5923//5264
f 5902//5241 5914//5247 5901//5249
f 5914//5247 5906//5257 5901//5249
f 5906//5257 5920//5276 5901//5249
f 5919//5237 5931//5259 5930//5277
f 5932//5266 5931//5259 5919//5237
f 5929//5254 5908//5278 5921//5248
f 5914//5247 5919//5237 5894//5236
f 5904//5265 5933//5238 5934//5279
f 5905//5270 5932//5266 5904//5265
f 5934//5279 5933//5238 5905//5270
f 5919//5237 5906//5257 5893//5258
f 5897//5240 5893//5258 5894//5236
f 5900//5253 5895//5246 5901//5249
f 5933//5238 5893//5258 5897//5240
f 5900//5253 5918//5261 5936//5280
f 5935//5262 5901//5249 5917//5250
f 5938//5263 5899//5271 5918//5261
f 5899//5271 5936//5280 5918//5261
f 5938//5263 5898//5272 5899//5271
f 5927//5273 5898//5272 5938//5263
f 5892//5274 5909//5281 5898//5272
f 5892//5274 5898//5272 5927//5273
f 5898//5272 5909//5281 5925//5245
f 5940//390 5939//390 5941//390
f 5942//390 5943//390 5944//390
f 5946//5282 5947//5283 5945//5284
f 5945//5284 5947//5283 5946//5282
f 5968//5285 5963//5286 5952//5287
f 5952//5287 5973//5288 5958//5289
f 5959//5290 5973//5288 5962//5291
f 5960//5292 5959//5290 5961//5293
f 5961//5293 5962//5291 5960//5292
f 5967//5294 5952//5287 5962//5291
f 5963//5286 5967//5294 5962//5291
f 5968//5285 5964//5295 5963//5286
f 5954//5296 5949//5297 5970//5298
f 5971//5299 5948//5300 5970//5298
f 5948//5300 5966//5301 5965//5302
f 5965//5302 5966//5301 5964//5295
f 5967//5294 5970//5298 5949//5297
f 5963//5286 5964//5295 5970//5298
f 5967//5294 5949//5297 5952//5287
f 5954//5296 5964//5295 5956//5303
f 5956//5303 5964//5295 5957//5304
f 5964//5295 5968//5285 5957//5304
f 5957//5304 5968//5285 5973//5288
f 5958//5289 5973//5288 5968//5285
f 5969//5305 5970//5298 5955//5306
f 5948//5300 5955//5306 5964//5295
f 5955//5306 5948//5300 5971//5299
f 5957//5304 5973//5288 5972//5307
f 5954//5296 5950//5308 5957//5304
f 5951//5309 5957//5304 5953//5310
f 5958//5289 5951//5309 5962//5291
f 5962//5291 5973//5288 5963//5286
f 5978//5311 6005//5312 6018//5313
f 5995//5314 6003//5315 6024//5316
f 5994//5317 5981//5318 5987//5319
f 6000//5320 6022//5321 6012//5322
f 6022//5321 6011//5323 6012//5322
f 5994//5317 5979//5324 5998//5325
f 6007//5326 5986//5327 6000//5320
f 6002//5328 5992//5329 6008//5330
f 6002//5328 6008//5330 5985//5331
f 6014//5332 6012//5322 5997//5333
f 5987//5319 5979//5324 5994//5317
f 5981//5318 5994//5317 5988//5334
f 5991//5335 5978//5311 5977//5336
f 6016//5337 6018//5313 5981//5318
f 6010//5338 6022//5321 5992//5329
f 6004//5339 6020//5340 6001//5341
f 6009//5342 6008//5330 6007//5326
f 6005//5312 5977//5336 6018//5313
f 5989//5343 6017//5344 6005//5312
f 5997//5333 5996//5345 6013//5346
f 5978//5311 5999//5347 5981//5318
f 5979//5324 5987//5319 5986//5327
f 6017//5344 5990//5348 6018//5313
f 6011//5323 5984//5349 5982//5350
f 6012//5322 6011//5323 5982//5350
f 5982//5350 6003//5315 5995//5314
f 5983//5351 5982//5350 6001//5341
f 6001//5341 5995//5314 5983//5351
f 6012//5322 6007//5326 6000//5320
f 6013//5346 5996//5345 6014//5332
f 5996//5345 5997//5333 6012//5322
f 6000//5320 6001//5341 6010//5338
f 6010//5338 6002//5328 6000//5320
f 6007//5326 6008//5330 5992//5329
f 6009//5342 6007//5326 5979//5324
f 5979//5324 5985//5331 6009//5342
f 5987//5319 5998//5325 5986//5327
f 5998//5325 5991//5335 5986//5327
f 5991//5335 6006//5352 5986//5327
f 6005//5312 6016//5337 6015//5353
f 6017//5344 6016//5337 6005//5312
f 6014//5332 5993//5354 6007//5326
f 5998//5325 6005//5312 5978//5311
f 5989//5343 6018//5313 6019//5355
f 5990//5348 6017//5344 5989//5343
f 6019//5355 6018//5313 5990//5348
f 6005//5312 5991//5335 5977//5336
f 5981//5318 5977//5336 5978//5311
f 5985//5331 5979//5324 5986//5327
f 6018//5313 5977//5336 5981//5318
f 5985//5331 6004//5339 6021//5356
f 6020//5340 5986//5327 6002//5328
f 6001//5341 5984//5349 6004//5339
f 5984//5349 6021//5356 6004//5339
f 6001//5341 5982//5350 6023//5357
f 6001//5341 6023//5357 5984//5349
f 6023//5357 5982//5350 5984//5349
f 6024//5316 6003//5315 5983//5351
f 6024//5316 5983//5351 5995//5314
f 6028//390 6029//390 6030//390
f 6032//5358 6031//5359 6033//5360
f 6031//5359 6032//5358 6033//5360
f 6036//5361 6035//5362 6034//5363
f 6040//390 6041//390 6042//390
f 6040//390 6042//390 6041//390
f 6045//390 6043//390 6044//390
f 6047//5364 6048//5365 6046//5366
f 6109//5367 6080//5368 6060//5369
f 6056//5370 6080//5368 6106//5371
f 6059//5372 6057//5373 6106//5371
f 6056//5370 6060//5369 6104//5374
f 6082//5375 6081//5376 6105//5377
f 6061//5378 6055//5379 6107//5380
f 6064//5381 6102//5382 6086//5383
f 6072//5384 6065//5385 6067//5386
f 6066//5387 6069//5388 6090//5389
f 6068//5390 6093//5391 6071//5392
f 6073//5393 6101//5394 6072//5384
f 6073//5393 6093//5391 6092//5395
f 6075//5396 6077//5397 6070//5398
f 6076//5399 6098//5400 6095//5401
f 6091//5402 6078//5403 6076//5399
f 6100//5404 6070//5398 6078//5403
f 6070//5398 6067//5386 6071//5392
f 6069//5388 6071//5392 6067//5386
f 6069//5388 6102//5382 6089//5405
f 6066//5387 6089//5405 6064//5381
f 6116//5406 6084//5407 6087//5408
f 6057//5373 6105//5377 6106//5371
f 6058//5409 6106//5371 6107//5380
f 6063//5410 6058//5409 6062//5411
f 6063//5410 6108//5412 6057//5373
f 6108//5412 6105//5377 6057//5373
f 6105//5377 6108//5412 6084//5407
f 6087//5408 6084//5407 6063//5410
f 6062//5411 6104//5374 6086//5383
f 6062//5411 6103//5413 6104//5374
f 6104//5374 6060//5369 6105//5377
f 6082//5375 6083//5414 6060//5369
f 6054//5415 6082//5375 6060//5369
f 6054//5415 6081//5376 6082//5375
f 6055//5379 6052//5416 6053//5417
f 6062//5411 6107//5380 6103//5413
f 6059//5372 6058//5409 6104//5374
f 6062//5411 6059//5372 6061//5378
f 6059//5372 6062//5411 6055//5379
f 6055//5379 6053//5417 6056//5370
f 6110//5418 6060//5369 6080//5368
f 6081//5376 6110//5418 6109//5367
f 6110//5418 6054//5415 6060//5369
f 6110//5418 6081//5376 6054//5415
f 6111//5419 6107//5380 6106//5371
f 6061//5378 6111//5419 6106//5371
f 6083//5414 6105//5377 6060//5369
f 6063//5410 6057//5373 6058//5409
f 6074//5420 6089//5405 6090//5389
f 6072//5384 6101//5394 6087//5408
f 6075//5396 6092//5395 6093//5391
f 6065//5385 6063//5410 6088//5421
f 6070//5398 6113//5422 6067//5386
f 6088//5421 6085//5423 6065//5385
f 6077//5397 6093//5391 6079//5424
f 6093//5391 6076//5399 6079//5424
f 6100//5404 6076//5399 6093//5391
f 6068//5390 6067//5386 6065//5385
f 6070//5398 6100//5404 6065//5385
f 6077//5397 6094//5425 6093//5391
f 6087//5408 6066//5387 6064//5381
f 6115//5426 6116//5406 6064//5381
f 6116//5406 6115//5426 6084//5407
f 6064//5381 6084//5407 6115//5426
f 6084//5407 6064//5381 6104//5374
f 6077//5397 6078//5403 6070//5398
f 6079//5424 6099//5427 6095//5401
f 6069//5388 6089//5405 6075//5396
f 6118//390 6117//390 6119//390
f 6128//390 6126//390 6127//390
f 6130//5428 6129//5429 6131//390
f 6130//5428 6131//390 6129//5429
f 6132//5430 6134//5431 6133//5432
f 6191//5433 6163//5434 6143//5435
f 6139//5436 6163//5434 6188//5437
f 6142//5438 6140//5439 6188//5437
f 6139//5436 6143//5435 6186//5440
f 6165//5441 6164//5442 6187//5443
f 6144//5444 6138//5445 6189//5446
f 6147//5447 6184//5448 6169//5449
f 6155//5450 6148//5451 6150//5452
f 6149//5453 6152//5454 6172//5455
f 6151//5456 6157//5457 6154//5458
f 6156//5459 6183//5460 6155//5450
f 6156//5459 6157//5457 6174//5461
f 6175//5462 6162//5463 6153//5464
f 6180//5465 6177//5466 6162//5463
f 6159//5467 6177//5466 6180//5465
f 6178//5468 6180//5465 6179//5469
f 6181//5470 6162//5463 6161//5471
f 6173//5472 6160//5473 6159//5467
f 6182//5474 6153//5464 6160//5473
f 6153//5464 6150//5452 6154//5458
f 6152//5454 6154//5458 6150//5452
f 6152//5454 6184//5448 6195//5475
f 6149//5453 6195//5475 6147//5447
f 6199//5476 6167//5477 6170//5478
f 6140//5439 6187//5443 6188//5437
f 6141//5479 6188//5437 6189//5446
f 6146//5480 6141//5479 6145//5481
f 6146//5480 6190//5482 6140//5439
f 6190//5482 6187//5443 6140//5439
f 6187//5443 6190//5482 6167//5477
f 6170//5478 6167//5477 6146//5480
f 6145//5481 6186//5440 6169//5449
f 6145//5481 6185//5483 6186//5440
f 6186//5440 6143//5435 6187//5443
f 6165//5441 6166//5484 6143//5435
f 6137//5485 6165//5441 6143//5435
f 6137//5485 6164//5442 6165//5441
f 6138//5445 6135//5486 6136//5487
f 6145//5481 6189//5446 6185//5483
f 6142//5438 6141//5479 6186//5440
f 6145//5481 6142//5438 6144//5444
f 6142//5438 6145//5481 6138//5445
f 6138//5445 6136//5487 6139//5436
f 6192//5488 6143//5435 6163//5434
f 6164//5442 6192//5488 6191//5433
f 6192//5488 6137//5485 6143//5435
f 6192//5488 6164//5442 6137//5485
f 6193//5489 6189//5446 6188//5437
f 6144//5444 6193//5489 6188//5437
f 6166//5484 6187//5443 6143//5435
f 6146//5480 6140//5439 6141//5479
f 6158//5490 6195//5475 6172//5455
f 6155//5450 6183//5460 6170//5478
f 6148//5451 6146//5480 6171//5491
f 6153//5464 6196//5492 6150//5452
f 6171//5491 6168//5493 6148//5451
f 6175//5462 6159//5467 6161//5471
f 6182//5474 6159//5467 6175//5462
f 6151//5456 6150//5452 6148//5451
f 6153//5464 6182//5474 6148//5451
f 6170//5478 6149//5453 6147//5447
f 6198//5494 6199//5476 6147//5447
f 6199//5476 6198//5494 6167//5477
f 6147//5447 6167//5477 6198//5494
f 6167//5477 6147//5447 6186//5440
f 6201//5495 6200//5496 6202//5497
f 6211//390 6209//390 6210//390
f 6215//5498 6217//5499 6216//5500
f 6274//5501 6246//5502 6226//5503
f 6222//5504 6246//5502 6271//5505
f 6225//5506 6223//5507 6271//5505
f 6222//5504 6226//5503 6269//5508
f 6248//5509 6247//5510 6270//5511
f 6227//5512 6221//5513 6272//5514
f 6230//5515 6267//5516 6252//5517
f 6238//5518 6231//5519 6233//5520
f 6232//5521 6235//5522 6255//5523
f 6234//5524 6240//5525 6237//5526
f 6239//5527 6266//5528 6238//5518
f 6239//5527 6240//5525 6257//5529
f 6258//5530 6245//5531 6236//5532
f 6263//5533 6260//5534 6245//5531
f 6242//5535 6260//5534 6263//5533
f 6261//5536 6263//5533 6262//5537
f 6264//5538 6245//5531 6244//5539
f 6256//5540 6243//5541 6242//5535
f 6265//5542 6236//5532 6243//5541
f 6236//5532 6233//5520 6237//5526
f 6235//5522 6237//5526 6233//5520
f 6235//5522 6267//5516 6278//5543
f 6232//5521 6278//5543 6230//5515
f 6282//5544 6250//5545 6253//5546
f 6223//5507 6270//5511 6271//5505
f 6224//5547 6271//5505 6272//5514
f 6229//5548 6224//5547 6228//5549
f 6229//5548 6273//5550 6223//5507
f 6273//5550 6270//5511 6223//5507
f 6270//5511 6273//5550 6250//5545
f 6253//5546 6250//5545 6229//5548
f 6228//5549 6269//5508 6252//5517
f 6228//5549 6268//5551 6269//5508
f 6269//5508 6226//5503 6270//5511
f 6248//5509 6249//5552 6226//5503
f 6220//5553 6248//5509 6226//5503
f 6220//5553 6247//5510 6248//5509
f 6221//5513 6218//5554 6219//5555
f 6228//5549 6272//5514 6268//5551
f 6225//5506 6224//5547 6269//5508
f 6228//5549 6225//5506 6227//5512
f 6225//5506 6228//5549 6221//5513
f 6221//5513 6219//5555 6222//5504
f 6275//5556 6226//5503 6246//5502
f 6247//5510 6275//5556 6274//5501
f 6275//5556 6220//5553 6226//5503
f 6275//5556 6247//5510 6220//5553
f 6276//5557 6272//5514 6271//5505
f 6227//5512 6276//5557 6271//5505
f 6249//5552 6270//5511 6226//5503
f 6229//5548 6223//5507 6224//5547
f 6241//5558 6278//5543 6255//5523
f 6238//5518 6266//5528 6253//5546
f 6231//5519 6229//5548 6254//5559
f 6236//5532 6279//5560 6233//5520
f 6254//5559 6251//5561 6231//5519
f 6258//5530 6242//5535 6244//5539
f 6265//5542 6242//5535 6258//5530
f 6234//5524 6233//5520 6231//5519
f 6236//5532 6265//5542 6231//5519
f 6253//5546 6232//5521 6230//5515
f 6281//5562 6282//5544 6230//5515
f 6282//5544 6281//5562 6250//5545
f 6230//5515 6250//5545 6281//5562
f 6250//5545 6230//5515 6269//5508
f 6284//5563 6283//5564 6285//5565
f 6294//390 6292//390 6293//390
f 6296//5566 6297//5567 6295//5568
f 6298//5569 6300//5570 6299//5571
f 6355//5572 6327//5573 6308//5574
f 6304//5575 6327//5573 6352//5576
f 6307//5577 6305//5578 6352//5576
f 6304//5575 6308//5574 6350//5579
f 6329//5580 6328//5581 6351//5582
f 6309//5583 6303//5584 6353//5585
f 6311//5586 6348//5587 6333//5588
f 6319//5589 6312//5590 6314//5591
f 6315//5592 6339//5593 6318//5594
f 6320//5595 6347//5596 6319//5589
f 6320//5595 6339//5593 6338//5597
f 6322//5598 6324//5599 6317//5600
f 6323//5601 6344//5602 6341//5603
f 6337//5604 6325//5605 6323//5601
f 6346//5606 6317//5600 6325//5605
f 6317//5600 6314//5591 6318//5594
f 6316//5607 6318//5594 6314//5591
f 6316//5607 6348//5587 6336//5608
f 6313//5609 6336//5608 6311//5586
f 6361//5610 6331//5611 6334//5612
f 6305//5578 6351//5582 6352//5576
f 6306//5613 6352//5576 6353//5585
f 6306//5613 6354//5614 6305//5578
f 6354//5614 6351//5582 6305//5578
f 6351//5582 6354//5614 6331//5611
f 6334//5612 6331//5611 6306//5613
f 6310//5615 6350//5579 6333//5588
f 6310//5615 6349//5616 6350//5579
f 6350//5579 6308//5574 6351//5582
f 6329//5580 6330//5617 6308//5574
f 6302//5618 6329//5580 6308//5574
f 6302//5618 6328//5581 6329//5580
f 6310//5615 6353//5585 6349//5616
f 6307//5577 6306//5613 6350//5579
f 6310//5615 6307//5577 6309//5583
f 6307//5577 6310//5615 6303//5584
f 6356//5619 6308//5574 6327//5573
f 6328//5581 6356//5619 6355//5572
f 6356//5619 6302//5618 6308//5574
f 6356//5619 6328//5581 6302//5618
f 6357//5620 6353//5585 6352//5576
f 6309//5583 6357//5620 6352//5576
f 6330//5617 6351//5582 6308//5574
f 6321//5621 6336//5608 6313//5609
f 6319//5589 6347//5596 6334//5612
f 6322//5598 6338//5597 6339//5593
f 6312//5590 6306//5613 6335//5622
f 6317//5600 6358//5623 6314//5591
f 6335//5622 6332//5624 6312//5590
f 6324//5599 6339//5593 6326//5625
f 6339//5593 6323//5601 6326//5625
f 6346//5606 6323//5601 6339//5593
f 6315//5592 6314//5591 6312//5590
f 6317//5600 6346//5606 6312//5590
f 6324//5599 6340//5626 6339//5593
f 6334//5612 6313//5609 6311//5586
f 6360//5627 6361//5610 6311//5586
f 6361//5610 6360//5627 6331//5611
f 6311//5586 6331//5611 6360//5627
f 6331//5611 6311//5586 6350//5579
f 6324//5599 6325//5605 6317//5600
f 6326//5625 6345//5628 6341//5603
f 6316//5607 6336//5608 6322//5598
f 6363//5629 6362//5630 6364//5631
f 6369//5632 6371//5633 6368//5634
f 6371//5633 6370//5635 6368//5634
f 6368//5634 6370//5635 6369//5632
f 6371//5633 6369//5632 6370//5635
f 6378//5636 6384//5637 6376//5638
f 6388//5639 6387//5640 6389//5641
f 6378//5636 6392//5642 6390//5643
f 6376//5638 6392//5642 6378//5636
f 6377//5644 6390//5643 6392//5642
f 6388//5639 6389//5641 6380//5645
f 6377//5644 6385//5646 6379//5647
f 6377//5644 6382//5648 6385//5646
f 6373//5649 6382//5648 6391//5650
f 6381//5651 6374//5652 6393//5653
f 6393//5653 6382//5648 6373//5649
f 6379//5647 6387//5640 6380//5645
f 6388//5639 6380//5645 6387//5640
f 6385//5646 6378//5636 6386//5654
f 6385//5646 6382//5648 6384//5637
f 6382//5648 6392//5642 6384//5637
f 6382//5648 6372//5655 6392//5642
f 6383//5656 6382//5648 6377//5644
f 6389//5641 6378//5636 6380//5645
f 6396//5657 6397//5658 6394//5659
f 6397//5658 6395//5660 6394//5659
f 6394//5659 6395//5660 6396//5657
f 6397//5658 6396//5657 6395//5660
f 6415//5661 6417//5662 6414//5663
f 6402//5664 6417//5662 6415//5661
f 6402//5664 6415//5661 6409//5665
f 6403//5666 6414//5663 6417//5662
f 6411//5667 6413//5668 6405//5669
f 6403//5666 6409//5665 6404//5670
f 6403//5666 6407//5671 6409//5665
f 6399//5672 6407//5671 6416//5673
f 6406//5674 6400//5675 6418//5676
f 6418//5676 6407//5671 6399//5672
f 6404//5670 6412//5677 6405//5669
f 6411//5667 6405//5669 6412//5677
f 6407//5671 6417//5662 6409//5665
f 6407//5671 6398//5678 6417//5662
f 6408//5679 6407//5671 6403//5666
f 6420//5680 6421//5681 6419//5681
f 6421//5681 6420//5680 6419//5681
f 6428//5682 6434//5683 6426//5684
f 6438//5685 6437//5686 6439//5687
f 6428//5682 6426//5684 6440//5688
f 6427//5689 6440//5688 6426//5684
f 6438//5685 6439//5687 6430//5690
f 6427//5689 6435//5691 6429//5692
f 6427//5689 6432//5693 6435//5691
f 6431//5694 6424//5695 6441//5696
f 6441//5696 6432//5693 6423//5697
f 6429//5692 6437//5686 6430//5690
f 6438//5685 6430//5690 6437//5686
f 6435//5691 6428//5682 6436//5698
f 6435//5691 6432//5693 6434//5683
f 6432//5693 6426//5684 6434//5683
f 6432//5693 6422//5699 6426//5684
f 6433//5700 6432//5693 6427//5689
f 6439//5687 6428//5682 6430//5690
f 6444//5701 6457//5702 6442//5703
f 6442//5703 6464//5704 6445//5705
f 6457//5702 6454//5706 6442//5703
f 6457//5702 6443//5707 6454//5706
f 6444//5701 6454//5706 6443//5707
f 6458//5708 6465//5709 6443//5707
f 6456//5710 6444//5701 6458//5708
f 6444//5701 6443//5707 6448//5711
f 6466//5712 6450//5713 6459//5714
f 6460//5715 6450//5713 6461//5716
f 6452//5717 6461//5716 6453//5718
f 6459//5714 6460//5715 6462//5719
f 6462//5719 6460//5715 6461//5716
f 6465//5709 6459//5714 6451//5720
f 6449//5721 6463//5722 6465//5709
f 6444//5701 6466//5712 6449//5721
f 6468//5723 6450//5713 6466//5712
f 6466//5712 6467//5724 6468//5723
f 6450//5713 6451//5720 6461//5716
f 6460//5715 6459//5714 6450//5713
f 6450//5713 6448//5711 6451//5720
f 6447//5725 6445//5705 6466//5712
f 6467//5724 6466//5712 6445//5705
f 6472//5726 6447//5725 6446//5727
f 6457//5702 6446//5727 6443//5707
f 6457//5702 6469//5728 6446//5727
f 6469//5728 6442//5703 6454//5706
f 6471//5729 6442//5703 6470//5730
f 6458//5708 6443//5707 6464//5704
f 6470//5730 6464//5704 6455//5731
f 6470//5730 6444//5701 6464//5704
f 6470//5730 6442//5703 6469//5728
f 6447//5725 6448//5711 6446//5727
f 6448//5711 6445//5705 6446//5727
f 6444//5701 6445//5705 6472//5726
f 6472//5726 6454//5706 6444//5701
f 6475//5732 6474//5733 6473//5734
f 6477//5735 6476//5736 6478//5737
f 6476//5736 6477//5735 6478//5737
f 6479//390 6480//390 6481//390
f 6479//390 6481//390 6480//390
f 6495//5738 6500//5739 6490//5740
f 6500//5739 6491//5741 6494//5742
f 6495//5738 6494//5742 6482//5743
f 6487//5744 6497//5745 6498//5746
f 6492//5747 6499//5748 6491//5741
f 6499//5748 6485//5749 6494//5742
f 6483//5750 6494//5742 6502//5751
f 6496//5752 6484//5753 6489//5754
f 6494//5742 6503//5755 6492//5747
f 6491//5741 6500//5739 6489//5754
f 6482//5743 6490//5740 6489//5754
f 6485//5749 6497//5745 6487//5744
f 6497//5745 6503//5755 6498//5746
f 6493//5756 6496//5752 6503//5755
f 6484//5753 6493//5756 6497//5745
f 6484//5753 6497//5745 6492//5747
f 6489//5754 6484//5753 6486//5757
f 6489//5754 6492//5747 6491//5741
f 6494//5742 6488//5758 6489//5754
f 6504//5759 6522//5760 6506//5761
f 6510//5762 6505//5763 6511//5764
f 6510//5762 6514//5765 6508//5766
f 6507//5767 6523//5768 6514//5765
f 6509//5769 6516//5770 6518//5771
f 6516//5770 6517//5772 6518//5771
f 6520//5773 6519//5774 6516//5770
f 6516//5770 6519//5774 6517//5772
f 6519//5774 6515//5775 6509//5769
f 6515//5775 6519//5774 6520//5773
f 6521//5776 6522//5760 6505//5763
f 6523//5768 6505//5763 6510//5762
f 6508//5766 6522//5760 6504//5759
f 6511//5764 6522//5760 6521//5776
f 6511//5764 6506//5761 6522//5760
f 6512//5777 6504//5759 6506//5761
f 6507//5767 6514//5765 6510//5762
f 6520//5773 6513//5778 6509//5769
f 6513//5778 6514//5765 6509//5769
f 6514//5765 6506//5761 6511//5764
f 6518//5771 6517//5772 6519//5774
f 6508//5766 6520//5773 6516//5770
f 6537//5779 6531//5780 6542//5781
f 6535//5782 6540//5783 6542//5781
f 6540//5783 6533//5784 6536//5785
f 6527//5786 6526//5787 6529//5788
f 6526//5787 6531//5780 6537//5779
f 6534//5789 6527//5786 6536//5785
f 6532//5790 6537//5779 6543//5791
f 6536//5785 6527//5786 6529//5788
f 6537//5779 6529//5788 6526//5787
f 6526//5787 6535//5782 6542//5781
f 6542//5781 6539//5792 6526//5787
f 6537//5779 6532//5790 6536//5785
f 6539//5792 6524//5793 6526//5787
f 6524//5793 6531//5780 6526//5787
f 6538//5794 6541//5795 6537//5779
f 6524//5793 6542//5781 6541//5795
f 6542//5781 6543//5791 6541//5795
f 6545//5796 6533//5784 6535//5782
f 6545//5796 6544//5797 6530//5798
f 6533//5784 6545//5796 6530//5798
f 6544//5797 6545//5796 6535//5782
f 6527//5786 6528//5799 6525//5800
f 6535//5782 6525//5800 6544//5797
f 6525//5800 6534//5789 6526//5787
f 6535//5782 6528//5799 6527//5786
f 6536//5785 6533//5784 6528//5799
f 6546//5801 6564//5802 6548//5803
f 6552//5804 6547//5805 6553//5806
f 6552//5804 6556//5807 6550//5808
f 6549//5809 6565//5810 6556//5807
f 6551//5811 6558//5812 6560//5813
f 6558//5812 6559//5814 6560//5813
f 6562//5815 6561//5816 6558//5812
f 6558//5812 6561//5816 6559//5814
f 6561//5816 6557//5817 6551//5811
f 6557//5817 6561//5816 6562//5815
f 6563//5818 6564//5802 6547//5805
f 6565//5810 6547//5805 6552//5804
f 6550//5808 6564//5802 6546//5801
f 6553//5806 6564//5802 6563//5818
f 6553//5806 6548//5803 6564//5802
f 6554//5819 6546//5801 6548//5803
f 6549//5809 6556//5807 6552//5804
f 6562//5815 6555//5820 6551//5811
f 6555//5820 6556//5807 6551//5811
f 6556//5807 6548//5803 6553//5806
f 6560//5813 6559//5814 6561//5816
f 6550//5808 6562//5815 6558//5812
f 6587//5821 6575//5822 6585//5823
f 6580//5824 6577//5825 6568//5826
f 6580//5824 6583//5827 6585//5823
f 6583//5827 6578//5828 6571//5829
f 6569//5830 6579//5831 6567//5832
f 6587//5821 6586//5833 6584//5834
f 6572//5835 6569//5830 6571//5829
f 6571//5829 6569//5830 6567//5832
f 6579//5831 6580//5824 6585//5823
f 6585//5823 6582//5836 6579//5831
f 6587//5821 6576//5837 6571//5829
f 6587//5821 6579//5831 6575//5822
f 6566//5838 6575//5822 6579//5831
f 6581//5839 6586//5833 6587//5821
f 6584//5834 6586//5833 6585//5823
f 6566//5838 6585//5823 6586//5833
f 6589//5840 6578//5828 6580//5824
f 6589//5840 6588//5841 6574//5842
f 6578//5828 6589//5840 6574//5842
f 6568//5826 6589//5840 6580//5824
f 6570//5843 6568//5826 6573//5844
f 6569//5830 6573//5844 6568//5826
f 6589//5840 6568//5826 6588//5841
f 6577//5825 6569//5830 6572//5835
f 6577//5825 6570//5843 6569//5830
f 6571//5829 6567//5832 6579//5831
f 6579//5831 6577//5825 6572//5835
f 6590//5845 6608//5846 6592//5847
f 6596//5848 6591//5849 6597//5850
f 6596//5848 6600//5851 6594//5852
f 6593//5853 6609//5854 6600//5851
f 6595//5855 6602//5856 6604//5857
f 6602//5856 6603//5858 6604//5857
f 6606//5859 6605//5860 6602//5856
f 6602//5856 6605//5860 6603//5858
f 6605//5860 6601//5861 6595//5855
f 6601//5861 6605//5860 6606//5859
f 6607//5862 6608//5846 6591//5849
f 6609//5854 6591//5849 6596//5848
f 6594//5852 6608//5846 6590//5845
f 6597//5850 6608//5846 6607//5862
f 6597//5850 6592//5847 6608//5846
f 6598//5863 6590//5845 6592//5847
f 6593//5853 6600//5851 6596//5848
f 6606//5859 6599//5864 6595//5855
f 6599//5864 6600//5851 6595//5855
f 6600//5851 6592//5847 6597//5850
f 6604//5857 6603//5858 6605//5860
f 6594//5852 6606//5859 6602//5856
f 6631//5865 6619//5866 6629//5867
f 6624//5868 6621//5869 6612//5870
f 6624//5868 6627//5871 6629//5867
f 6627//5871 6622//5872 6615//5873
f 6613//5874 6623//5875 6611//5876
f 6631//5865 6630//5877 6632//5878
f 6616//5879 6613//5874 6615//5873
f 6615//5873 6613//5874 6611//5876
f 6623//5875 6624//5868 6629//5867
f 6629//5867 6626//5880 6623//5875
f 6631//5865 6620//5881 6615//5873
f 6631//5865 6623//5875 6619//5866
f 6610//5882 6619//5866 6623//5875
f 6625//5883 6630//5877 6631//5865
f 6628//5884 6630//5877 6629//5867
f 6610//5882 6629//5867 6630//5877
f 6628//5884 6631//5865 6632//5878
f 6633//5885 6622//5872 6624//5868
f 6635//5886 6622//5872 6633//5885
f 6635//5886 6634//5887 6618//5888
f 6622//5872 6635//5886 6618//5888
f 6612//5870 6635//5886 6624//5868
f 6614//5889 6612//5870 6617//5890
f 6613//5874 6617//5890 6612//5870
f 6635//5886 6612//5870 6634//5887
f 6621//5869 6613//5874 6616//5879
f 6621//5869 6614//5889 6613//5874
f 6615//5873 6611//5876 6623//5875
f 6623//5875 6621//5869 6616//5879
f 6636//5891 6644//5892 6638//5893
f 6645//5894 6637//5895 6647//5896
f 6639//5897 6658//5898 6649//5899
f 6641//5900 6654//5901 6652//5902
f 6653//5903 6643//5904 6642//5905
f 6654//5901 6642//5905 6652//5902
f 6650//5906 6653//5903 6654//5901
f 6654//5901 6653//5903 6642//5905
f 6653//5903 6651//5907 6641//5900
f 6651//5907 6653//5903 6648//5908
f 6656//5909 6657//5910 6637//5895
f 6640//5911 6637//5895 6645//5894
f 6649//5899 6637//5895 6657//5910
f 6657//5910 6650//5906 6649//5899
f 6655//5912 6648//5908 6650//5906
f 6638//5893 6648//5908 6655//5912
f 6646//5913 6638//5893 6650//5906
f 6646//5913 6644//5892 6636//5891
f 6647//5896 6657//5910 6656//5909
f 6644//5892 6646//5913 6657//5910
f 6647//5896 6644//5892 6657//5910
f 6647//5896 6638//5893 6644//5892
f 6646//5913 6636//5891 6638//5893
f 6639//5897 6649//5899 6645//5894
f 6648//5908 6649//5899 6641//5900
f 6649//5899 6638//5893 6647//5896
f 6652//5902 6642//5905 6643//5904
f 6649//5899 6650//5906 6654//5901
f 6660//5914 6666//5915 6673//5916
f 6671//5917 6665//5918 6666//5915
f 6671//5917 6673//5916 6668//5919
f 6674//5920 6669//5921 6660//5914
f 6672//5922 6664//5923 6660//5914
f 6659//5924 6664//5923 6668//5919
f 6660//5914 6669//5921 6678//5925
f 6665//5918 6674//5920 6673//5916
f 6668//5919 6674//5920 6665//5918
f 6660//5914 6668//5919 6666//5915
f 6675//5926 6666//5915 6668//5919
f 6660//5914 6671//5917 6675//5926
f 6668//5919 6673//5916 6675//5926
f 6675//5926 6673//5916 6676//5927
f 6678//5925 6669//5921 6663//5928
f 6667//5929 6678//5925 6663//5928
f 6669//5921 6667//5929 6663//5928
f 6670//5930 6679//5931 6667//5929
f 6670//5930 6664//5923 6679//5931
f 6664//5923 6662//5932 6668//5919
f 6661//5933 6662//5932 6678//5925
f 6660//5914 6659//5924 6668//5919
f 6691//5934 6699//5935 6681//5936
f 6693//5937 6697//5938 6698//5939
f 6695//5940 6686//5941 6684//5942
f 6696//5943 6695//5940 6690//5944
f 6688//5945 6695//5940 6696//5943
f 6688//5945 6694//5946 6695//5940
f 6683//5947 6698//5939 6680//5948
f 6692//5949 6697//5938 6680//5948
f 6697//5938 6682//5950 6684//5942
f 6698//5939 6699//5935 6692//5949
f 6699//5935 6682//5950 6697//5938
f 6699//5935 6691//5934 6682//5950
f 6699//5935 6697//5938 6692//5949
f 6698//5939 6681//5936 6699//5935
f 6685//5951 6691//5934 6681//5936
f 6700//5952 6683//5947 6686//5941
f 6686//5941 6701//5953 6700//5952
f 6694//5946 6682//5950 6701//5953
f 6701//5953 6681//5936 6698//5939
f 6688//5945 6687//5954 6689//5955
f 6684//5942 6687//5954 6695//5940
f 6723//5956 6711//5957 6721//5958
f 6716//5959 6713//5960 6704//5961
f 6716//5959 6719//5962 6721//5958
f 6719//5962 6714//5963 6707//5964
f 6705//5965 6715//5966 6703//5967
f 6723//5956 6722//5968 6720//5969
f 6708//5970 6705//5965 6707//5964
f 6707//5964 6705//5965 6703//5967
f 6715//5966 6716//5959 6721//5958
f 6721//5958 6718//5971 6715//5966
f 6723//5956 6712//5972 6707//5964
f 6723//5956 6715//5966 6711//5957
f 6702//5973 6711//5957 6715//5966
f 6717//5974 6722//5968 6723//5956
f 6720//5969 6722//5968 6721//5958
f 6702//5973 6721//5958 6722//5968
f 6725//5975 6714//5963 6716//5959
f 6725//5975 6724//5976 6710//5977
f 6714//5963 6725//5975 6710//5977
f 6704//5961 6725//5975 6716//5959
f 6706//5978 6704//5961 6709//5979
f 6705//5965 6709//5979 6704//5961
f 6725//5975 6704//5961 6724//5976
f 6713//5960 6705//5965 6708//5970
f 6713//5960 6706//5978 6705//5965
f 6707//5964 6703//5967 6715//5966
f 6715//5966 6713//5960 6708//5970
f 6726//5980 6744//5981 6728//5982
f 6732//5983 6727//5984 6733//5985
f 6732//5983 6736//5986 6730//5987
f 6729//5988 6745//5989 6736//5986
f 6731//5990 6738//5991 6740//5992
f 6738//5991 6739//5993 6740//5992
f 6742//5994 6741//5995 6738//5991
f 6738//5991 6741//5995 6739//5993
f 6741//5995 6737//5996 6731//5990
f 6737//5996 6741//5995 6742//5994
f 6743//5997 6744//5981 6727//5984
f 6745//5989 6727//5984 6732//5983
f 6730//5987 6744//5981 6726//5980
f 6733//5985 6744//5981 6743//5997
f 6733//5985 6728//5982 6744//5981
f 6734//5998 6726//5980 6728//5982
f 6729//5988 6736//5986 6732//5983
f 6742//5994 6735//5999 6731//5990
f 6735//5999 6736//5986 6731//5990
f 6736//5986 6728//5982 6733//5985
f 6740//5992 6739//5993 6741//5995
f 6730//5987 6742//5994 6738//5991
f 6767//6000 6755//6001 6765//6002
f 6760//6003 6757//6004 6748//6005
f 6760//6003 6763//6006 6765//6002
f 6763//6006 6758//6007 6751//6008
f 6749//6009 6759//6010 6747//6011
f 6767//6000 6766//6012 6764//6013
f 6752//6014 6749//6009 6751//6008
f 6751//6008 6749//6009 6747//6011
f 6759//6010 6760//6003 6765//6002
f 6765//6002 6762//6015 6759//6010
f 6767//6000 6756//6016 6751//6008
f 6767//6000 6759//6010 6755//6001
f 6746//6017 6755//6001 6759//6010
f 6761//6018 6766//6012 6767//6000
f 6764//6013 6766//6012 6765//6002
f 6746//6017 6765//6002 6766//6012
f 6769//6019 6758//6007 6760//6003
f 6769//6019 6768//6020 6754//6021
f 6758//6007 6769//6019 6754//6021
f 6748//6005 6769//6019 6760//6003
f 6750//6022 6748//6005 6753//6023
f 6749//6009 6753//6023 6748//6005
f 6769//6019 6748//6005 6768//6020
f 6757//6004 6749//6009 6752//6014
f 6757//6004 6750//6022 6749//6009
f 6751//6008 6747//6011 6759//6010
f 6759//6010 6757//6004 6752//6014
f 6770//6024 6788//6025 6772//6026
f 6776//6027 6771//6028 6777//6029
f 6776//6027 6780//6030 6774//6031
f 6773//6032 6789//6033 6780//6030
f 6775//6034 6782//6035 6784//6036
f 6782//6035 6783//6037 6784//6036
f 6786//6038 6785//6039 6782//6035
f 6782//6035 6785//6039 6783//6037
f 6785//6039 6781//6040 6775//6034
f 6781//6040 6785//6039 6786//6038
f 6787//6041 6788//6025 6771//6028
f 6789//6033 6771//6028 6776//6027
f 6774//6031 6788//6025 6770//6024
f 6777//6029 6788//6025 6787//6041
f 6777//6029 6772//6026 6788//6025
f 6778//6042 6770//6024 6772//6026
f 6773//6032 6780//6030 6776//6027
f 6786//6038 6779//6043 6775//6034
f 6779//6043 6780//6030 6775//6034
f 6780//6030 6772//6026 6777//6029
f 6784//6036 6783//6037 6785//6039
f 6774//6031 6786//6038 6782//6035
f 6793//6044 6798//6045 6803//6046
f 6801//6047 6803//6046 6790//6048
f 6796//6049 6811//6050 6808//6051
f 6802//6052 6795//6053 6793//6044
f 6791//6054 6795//6053 6798//6045
f 6803//6046 6804//6055 6807//6056
f 6805//6057 6804//6055 6803//6046
f 6798//6045 6804//6055 6805//6057
f 6806//6058 6800//6059 6793//6044
f 6797//6060 6790//6048 6805//6057
f 6801//6047 6806//6058 6793//6044
f 6790//6048 6803//6046 6806//6058
f 6806//6058 6803//6046 6800//6059
f 6804//6055 6800//6059 6807//6056
f 6799//6061 6810//6062 6808//6051
f 6810//6062 6811//6050 6796//6049
f 6808//6051 6810//6062 6796//6049
f 6792//6063 6811//6050 6799//6061
f 6810//6062 6799//6061 6811//6050
f 6792//6063 6799//6061 6795//6053
f 6795//6053 6794//6064 6798//6045
f 6792//6063 6794//6064 6809//6065
f 6793//6044 6791//6054 6798//6045
f 6830//6066 6820//6067 6827//6068
f 6824//6069 6822//6070 6831//6071
f 6814//6072 6823//6073 6813//6074
f 6830//6066 6829//6075 6828//6076
f 6817//6077 6814//6072 6816//6078
f 6816//6078 6814//6072 6813//6074
f 6823//6073 6824//6069 6827//6068
f 6827//6068 6826//6079 6823//6073
f 6830//6066 6821//6080 6816//6078
f 6830//6066 6823//6073 6820//6067
f 6812//6081 6820//6067 6823//6073
f 6825//6082 6829//6075 6830//6066
f 6828//6076 6829//6075 6827//6068
f 6812//6081 6827//6068 6829//6075
f 6832//6083 6816//6078 6824//6069
f 6832//6083 6831//6071 6819//6084
f 6816//6078 6832//6083 6819//6084
f 6831//6071 6832//6083 6824//6069
f 6815//6085 6831//6071 6818//6086
f 6814//6072 6818//6086 6831//6071
f 6822//6070 6814//6072 6817//6077
f 6822//6070 6815//6085 6814//6072
f 6816//6078 6813//6074 6823//6073
f 6823//6073 6822//6070 6817//6077
f 6839//6087 6850//6088 6835//6089
f 6840//6090 6833//6091 6841//6092
f 6835//6089 6841//6092 6834//6093
f 6840//6090 6834//6093 6837//6094
f 6836//6095 6851//6096 6834//6093
f 6838//6097 6843//6098 6844//6099
f 6837//6094 6845//6100 6843//6098
f 6843//6098 6845//6100 6844//6099
f 6845//6100 6842//6101 6838//6097
f 6842//6101 6845//6100 6846//6102
f 6847//6103 6848//6104 6833//6091
f 6851//6096 6833//6091 6840//6090
f 6837//6094 6833//6091 6848//6104
f 6841//6092 6848//6104 6847//6103
f 6848//6104 6849//6105 6835//6089
f 6850//6088 6849//6105 6848//6104
f 6835//6089 6849//6105 6839//6087
f 6850//6088 6848//6104 6841//6092
f 6841//6092 6835//6089 6850//6088
f 6836//6095 6834//6093 6840//6090
f 6846//6102 6835//6089 6838//6097
f 6835//6089 6834//6093 6838//6097
f 6854//6106 6860//6107 6866//6108
f 6864//6109 6866//6108 6852//6110
f 6867//6111 6861//6112 6854//6106
f 6865//6113 6858//6114 6854//6106
f 6853//6115 6858//6114 6860//6107
f 6854//6106 6861//6112 6871//6116
f 6868//6117 6867//6111 6866//6108
f 6860//6107 6867//6111 6868//6117
f 6869//6118 6863//6119 6854//6106
f 6859//6120 6852//6110 6868//6117
f 6864//6109 6869//6118 6854//6106
f 6852//6110 6866//6108 6869//6118
f 6869//6118 6866//6108 6863//6119
f 6871//6116 6861//6112 6857//6121
f 6862//6122 6872//6123 6857//6121
f 6862//6122 6858//6114 6872//6123
f 6858//6114 6856//6124 6860//6107
f 6855//6125 6856//6124 6871//6116
f 6854//6106 6853//6115 6860//6107
f 6877//6126 6889//6127 6873//6128
f 6883//6129 6887//6130 6888//6131
f 6885//6132 6878//6133 6876//6134
f 6886//6135 6885//6132 6881//6136
f 6879//6137 6885//6132 6886//6135
f 6879//6137 6884//6138 6885//6132
f 6875//6139 6888//6131 6878//6133
f 6882//6140 6887//6130 6878//6133
f 6887//6130 6874//6141 6876//6134
f 6888//6131 6889//6127 6882//6140
f 6889//6127 6874//6141 6887//6130
f 6889//6127 6877//6126 6874//6141
f 6889//6127 6887//6130 6882//6140
f 6888//6131 6873//6128 6889//6127
f 6878//6133 6873//6128 6875//6139
f 6884//6138 6874//6141 6873//6128
f 6879//6137 6876//6134 6880//6142
f 6890//6143 6905//6144 6892//6145
f 6896//6146 6891//6147 6897//6148
f 6896//6146 6899//6149 6894//6150
f 6893//6151 6906//6152 6899//6149
f 6895//6153 6901//6154 6902//6155
f 6898//6156 6903//6157 6901//6154
f 6901//6154 6903//6157 6902//6155
f 6903//6157 6900//6158 6895//6153
f 6900//6158 6903//6157 6898//6156
f 6904//6159 6905//6144 6891//6147
f 6906//6152 6891//6147 6896//6146
f 6894//6150 6905//6144 6890//6143
f 6897//6148 6905//6144 6904//6159
f 6897//6148 6892//6145 6905//6144
f 6893//6151 6899//6149 6896//6146
f 6898//6156 6899//6149 6895//6153
f 6899//6149 6892//6145 6897//6148
f 6894//6150 6898//6156 6901//6154
f 6907//6160 6924//6161 6909//6162
f 6913//6163 6908//6164 6915//6165
f 6913//6163 6916//6166 6911//6167
f 6910//6168 6925//6169 6916//6166
f 6912//6170 6918//6171 6920//6172
f 6918//6171 6919//6173 6920//6172
f 6911//6167 6921//6174 6918//6171
f 6918//6171 6921//6174 6919//6173
f 6921//6174 6917//6175 6912//6170
f 6917//6175 6921//6174 6922//6176
f 6923//6177 6924//6161 6908//6164
f 6925//6169 6908//6164 6913//6163
f 6911//6167 6908//6164 6924//6161
f 6909//6162 6916//6166 6922//6176
f 6914//6178 6909//6162 6911//6167
f 6914//6178 6924//6161 6907//6160
f 6915//6165 6924//6161 6923//6177
f 6915//6165 6909//6162 6924//6161
f 6914//6178 6907//6160 6909//6162
f 6910//6168 6916//6166 6913//6163
f 6922//6176 6916//6166 6912//6170
f 6916//6166 6909//6162 6915//6165
f 6920//6172 6919//6173 6921//6174
f 6926//6179 6943//6180 6928//6181
f 6932//6182 6927//6183 6934//6184
f 6932//6182 6935//6185 6930//6186
f 6929//6187 6944//6188 6935//6185
f 6931//6189 6937//6190 6939//6191
f 6937//6190 6938//6192 6939//6191
f 6930//6186 6940//6193 6937//6190
f 6937//6190 6940//6193 6938//6192
f 6940//6193 6936//6194 6931//6189
f 6936//6194 6940//6193 6941//6195
f 6942//6196 6943//6180 6927//6183
f 6944//6188 6927//6183 6932//6182
f 6930//6186 6927//6183 6943//6180
f 6928//6181 6935//6185 6941//6195
f 6933//6197 6928//6181 6930//6186
f 6933//6197 6943//6180 6926//6179
f 6934//6184 6943//6180 6942//6196
f 6934//6184 6928//6181 6943//6180
f 6933//6197 6926//6179 6928//6181
f 6929//6187 6935//6185 6932//6182
f 6941//6195 6935//6185 6931//6189
f 6935//6185 6928//6181 6934//6184
f 6939//6191 6938//6192 6940//6193
f 6958//6198 6952//6199 6963//6200
f 6956//6201 6961//6202 6963//6200
f 6961//6202 6954//6203 6957//6204
f 6948//6205 6947//6206 6950//6207
f 6947//6206 6952//6199 6958//6198
f 6955//6208 6948//6205 6957//6204
f 6953//6209 6958//6198 6964//6210
f 6957//6204 6948//6205 6950//6207
f 6958//6198 6950//6207 6947//6206
f 6947//6206 6956//6201 6963//6200
f 6963//6200 6960//6211 6947//6206
f 6958//6198 6953//6209 6957//6204
f 6960//6211 6945//6212 6947//6206
f 6945//6212 6952//6199 6947//6206
f 6959//6213 6962//6214 6958//6198
f 6945//6212 6963//6200 6962//6214
f 6963//6200 6964//6210 6962//6214
f 6966//6215 6954//6203 6956//6201
f 6966//6215 6965//6216 6951//6217
f 6954//6203 6966//6215 6951//6217
f 6965//6216 6966//6215 6956//6201
f 6948//6205 6949//6218 6946//6219
f 6956//6201 6946//6219 6965//6216
f 6946//6219 6955//6208 6947//6206
f 6956//6201 6949//6218 6948//6205
f 6957//6204 6954//6203 6949//6218
f 2//25 8//31 10//2
f 28//1 30//6 10//2
f 16//18 23//12 12//7
f 4//29 13//19 32//23
f 295//270 307//311 270//317 292//315
f 20//35 22//14 7//16
f 20//35 7//16 19//15
f 21//36 24//22 6//17
f 21//36 22//14 24//22
f 5//20 17//27 12//7
f 23//12 13//19 15//8
f 23//12 31//11 18//13
f 22//14 18//13 31//11
f 26//28 32//23 15//8
f 32//23 13//19 3//24
f 2//25 28//1 29//3
f 10//2 8//31 29//3
f 10//2 14//4 12//7
f 17//27 15//8 12//7
f 12//7 15//8 32//23
f 32//23 31//11 4//29
f 24//22 17//27 6//17
f 3//24 35//34 10//2
f 33//9 30//6 2//25
f 35//34 33//9 10//2
f 34//32 30//6 28//1
f 2//25 30//6 34//32
f 9//33 8//31 1//30
f 4//29 3//24 33//9
f 36//10 26//28 15//8
f 4//29 26//28 36//10
f 23//12 18//13 5//20
f 21//36 6//17 7//16
f 13//19 4//29 15//8
f 64//39 63//74 53//37
f 75//45 64//39 45//38
f 66//71 67//62 50//50
f 37//56 52//58 48//43
f 44//49 54//61 50//50
f 64//39 59//67 61//53
f 61//53 44//49 64//39
f 54//61 47//51 50//50
f 78//63 76//65 54//61
f 54//61 51//76 55//48
f 53//37 69//59 75//45
f 45//38 72//73 41//68
f 40//44 52//58 73//57
f 67//62 54//61 44//49
f 62//60 51//76 42//72
f 51//76 78//63 42//72
f 66//71 62//60 49//40
f 62//60 42//72 56//41
f 66//71 49//40 67//62
f 50//50 61//53 55//48
f 44//49 61//53 67//62
f 64//39 58//55 59//67
f 37//56 64//39 69//59
f 69//59 52//58 70//6220
f 70//6220 37//56 69//59
f 37//56 48//43 58//55
f 63//74 72//73 45//38
f 45//38 74//6221 73//57
f 74//6221 45//38 46//69
f 74//6221 46//69 73//57
f 69//59 64//39 75//45
f 38//46 59//67 41//68
f 37//56 70//6220 52//58
f 58//55 48//43 59//67
f 44//49 57//64 43//52
f 76//65 55//48 43//52
f 76//65 57//64 44//49
f 51//76 76//65 77//75
f 76//65 51//76 54//61
f 47//51 51//76 62//60
f 47//51 55//48 51//76
f 69//59 53//37 63//74
f 61//53 59//67 55//48
f 63//74 45//38 69//59
f 71//47 63//74 64//39
f 81//78 87//6222 82//82
f 84//81 88//80 81//78
f 80//79 83//84 85//83
f 83//84 80//79 84//81
f 85//83 82//82 80//79
f 82//82 87//6222 86//77
f 81//78 86//77 87//6222
f 85//83 84//81 81//78
f 107//97 96//85 93//6223
f 90//94 103//88 114//105
f 107//97 93//6223 129//87
f 110//98 129//87 94//99
f 97//115 108//100 109//86
f 99//101 116//110 89//102
f 122//112 105//120 102//113
f 125//106 101//123 92//95
f 106//109 122//112 100//103
f 109//86 113//118 112//114
f 110//98 107//97 109//86
f 117//111 97//115 95//116
f 122//112 116//110 100//103
f 116//110 113//118 118//90
f 116//110 112//114 113//118
f 95//116 109//86 117//111
f 110//98 95//116 119//117
f 97//115 117//111 98//92
f 97//115 120//91 91//93
f 97//115 91//93 108//100
f 114//105 121//107 125//106
f 125//106 90//94 114//105
f 108//100 102//113 114//105
f 105//120 123//119 114//105
f 92//95 101//123 124//121
f 126//122 115//108 124//121
f 126//122 101//123 125//106
f 127//104 90//94 104//96
f 104//96 92//95 115//108
f 104//96 105//120 122//112
f 127//104 128//89 90//94
f 127//104 103//88 108//100
f 128//89 104//96 100//103
f 108//100 103//88 118//90
f 96//85 107//97 94//99
f 107//97 129//87 109//86
f 110//98 119//117 111//6224
f 119//117 93//6223 111//6224
f 93//6223 94//99 129//87
f 93//6223 119//117 94//99
f 96//85 129//87 110//98
f 96//85 110//98 93//6223
f 110//98 111//6224 93//6223
f 109//86 108//100 89//102
f 133//128 131//125 134//124
f 131//125 132//127 130//126
f 132//127 133//128 134//124
f 150//131 148//138 135//129
f 135//129 148//138 155//135
f 137//153 157//136 146//137
f 148//138 143//156 155//135
f 137//153 162//132 158//134
f 155//135 143//156 150//131
f 145//151 152//146 136//149
f 135//129 155//135 140//155
f 140//155 149//144 143//156
f 149//144 140//155 155//135
f 158//134 157//136 137//153
f 145//151 159//141 139//152
f 152//146 145//151 139//152
f 142//148 136//149 152//146
f 160//139 146//137 153//130
f 161//147 160//139 142//148
f 152//146 146//137 160//139
f 136//149 138//145 146//137
f 145//151 147//150 159//141
f 146//137 141//140 147//150
f 146//137 147//150 136//149
f 153//130 137//153 154//133
f 144//6225 151//143 135//129
f 144//6225 163//154 151//143
f 154//133 162//132 148//138
f 162//132 163//154 148//138
f 163//154 140//155 148//138
f 160//139 148//138 150//131
f 135//129 163//154 144//6225
f 153//130 162//132 137//153
f 160//139 153//130 154//133
f 143//156 149//144 150//131
f 135//129 140//155 163//154
f 157//136 158//134 138//145
f 166//6226 164//6227 165//6228
f 164//6227 166//6226 165//6228
f 168//163 169//165 191//168
f 180//188 204//185 203//177
f 211//174 210//178 209//173
f 171//201 201//200 170//197
f 195//179 213//159 177//180
f 173//204 172//158 175//205
f 179//207 204//185 180//188
f 190//199 170//197 209//173
f 223//198 206//196 211//174
f 223//198 194//171 206//196
f 190//199 207//172 194//171
f 190//199 210//178 177//180
f 219//170 211//174 194//171
f 211//174 206//196 210//178
f 195//179 170//197 201//200
f 195//179 222//160 213//159
f 173//204 174//169 195//179
f 175//205 196//202 174//169
f 196//202 211//174 213//159
f 196//202 212//157 211//174
f 197//203 173//204 211//174
f 202//183 184//189 172//158
f 202//183 205//182 184//189
f 205//182 208//181 179//207
f 179//207 208//181 178//184
f 198//206 172//158 178//184
f 222//160 202//183 211//174
f 202//183 189//190 208//181
f 178//184 184//189 189//190
f 222//160 178//184 202//183
f 179//207 199//176 204//185
f 215//192 182//167 187//162
f 187//162 203//177 215//192
f 205//182 204//185 199//176
f 204//185 205//182 193//175
f 215//192 178//184 193//175
f 188//208 179//207 180//188
f 180//188 203//177 181//186
f 182//167 191//168 187//162
f 217//194 218//166 183//195
f 176//193 183//195 218//166
f 208//181 184//189 199//176
f 196//202 175//205 172//158
f 207//172 185//212 219//170
f 207//172 190//199 200//209
f 185//212 207//172 200//209
f 221//211 219//170 185//212
f 221//211 220//210 219//170
f 220//210 185//212 200//209
f 200//209 190//199 219//170
f 190//199 209//173 210//178
f 198//206 186//6229 222//160
f 186//6229 203//177 222//160
f 186//6229 198//206 203//177
f 213//159 211//174 177//180
f 235//254 228//215 267//218
f 227//217 235//254 268//219
f 264//223 240//233 254//224
f 234//246 251//235 229//230
f 232//229 252//255 260//227
f 260//227 248//239 243//225
f 250//252 231//238 251//235
f 236//243 257//240 239//248
f 244//241 241//213 226//245
f 226//245 258//244 239//248
f 258//244 241//213 249//247
f 234//246 249//247 254//224
f 239//248 232//229 253//249
f 232//229 224//228 253//249
f 237//231 243//225 232//229
f 248//239 252//255 232//229
f 253//249 262//250 263//220
f 263//220 262//250 230//251
f 253//249 263//220 261//222
f 253//249 261//222 237//231
f 237//231 261//222 247//221
f 236//243 253//249 237//231
f 224//228 230//251 253//249
f 225//232 239//248 245//216
f 226//245 239//248 244//241
f 258//244 245//216 239//248
f 240//233 264//223 258//244
f 258//244 228//215 240//233
f 235//254 264//223 265//234
f 229//230 259//237 264//223
f 227//217 228//215 245//216
f 235//254 227//217 245//216
f 258//244 235//254 245//216
f 264//223 235//254 258//244
f 228//215 254//224 241//213
f 235//254 240//233 228//215
f 265//234 240//233 235//254
f 231//238 246//236 251//235
f 251//235 234//246 250//252
f 234//246 229//230 249//247
f 254//224 249//247 241//213
f 245//216 268//219 266//253
f 266//253 233//214 225//232
f 273//267 331//276 269//268
f 306//281 317//259 285//258
f 295//270 274//282 307//311
f 295//270 273//267 297//269 332//271
f 272//265 311//302 294//262
f 271//263 309//312 312//264
f 290//266 294//262 312//264
f 333//305 280//285 313//284 314//321
f 317//259 306//281 298//257
f 307//311 291//308 270//317
f 280//285 296//303 314//321
f 314//321 296//303 333//305
f 301//319 299//300 325//299
f 280//285 314//321 293//283
f 327//298 326//301 301//319
f 281//256 284//272 306//281
f 292//315 298//257 291//308
f 277//307 334//287 315//306
f 288//304 287//286 290//266
f 334//287 276//290 290//266
f 298//257 292//315 330//294
f 342//327 379//383 372//343 400//325
f 307//311 277//307 316//309
f 276//290 313//284 290//266
f 290//266 293//283 309//312
f 328//297 297//269 281//256
f 272//265 271//263 304//292
f 304//292 305//291 272//265
f 311//302 272//265 305//291
f 318//295 314//321 288//304
f 286//310 316//309 315//306
f 316//309 286//310 296//303
f 296//303 308//279 316//309
f 317//259 316//309 291//308
f 317//259 307//311 316//309
f 318//295 296//303 277//307
f 308//279 300//296 307//311
f 318//295 293//283 314//321
f 293//283 318//295 276//290
f 293//283 276//290 289//289
f 290//266 312//264 311//302
f 309//312 271//263 290//266
f 319//288 276//290 310//313
f 319//288 310//313 290//266
f 334//287 310//313 276//290
f 288//304 310//313 334//287
f 276//290 280//285 287//286
f 308//279 280//285 320//314
f 320//314 318//295 308//279
f 320//314 276//290 318//295
f 322//260 291//308 321//261
f 321//261 291//308 323//280
f 291//308 322//260 317//259
f 303//273 317//259 323//280
f 323//280 282//318 332//271
f 281//256 283//274 332//271
f 281//256 306//281 283//274
f 295//270 275//278 274//282
f 291//308 324//316 270//317
f 324//316 279//277 270//317
f 308//279 274//282 270//317
f 291//308 275//278 324//316
f 295//270 330//294 324//316
f 279//277 330//294 274//282
f 330//294 270//317 274//282
f 283//274 323//280 284//272
f 327//298 328//297 326//301
f 302//320 297//269 328//297
f 283//274 306//281 285//258
f 298//257 306//281 291//308
f 298//257 330//294 285//258
f 297//269 285//258 331//276
f 295//270 269//268 331//276
f 301//319 325//299 281//256
f 326//301 299//300 301//319
f 281//256 325//299 328//297
f 333//305 288//304 334//287
f 311//302 312//264 278//293
f 315//306 334//287 287//286
f 294//262 304//292 271//263
f 294//262 290//266 272//265
f 339//323 338//322 337//324
f 448//432 461//428 455//433 460//416
f 379//383 351//328 372//343
f 375//335 354//334 346//337
f 367//340 369//358 371//366
f 367//340 366//339 369//358
f 352//345 374//336 345//350
f 399//326 401//364 373//6230
f 343//331 378//330 344//380
f 380//351 394//379 397//381
f 386//374 340//376 385//375
f 370//338 382//359 366//339
f 371//366 366//339 383//387
f 341//367 340//376 392//354
f 400//325 352//345 380//351
f 362//369 387//361 341//367
f 388//363 384//360 363//368
f 341//367 348//352 340//376
f 389//365 368//378 405//356
f 360//357 353//344 398//348
f 402//373 385//375 348//352
f 348//352 360//357 402//373
f 385//375 355//355 347//353
f 347//353 355//355 386//374
f 386//374 402//373 347//353
f 347//353 354//334 392//354
f 393//377 395//333 361//341
f 393//377 354//334 395//333
f 393//377 392//354 354//334
f 394//379 347//353 360//357
f 374//336 353//344 380//351
f 380//351 352//345 395//333
f 353//344 392//354 345//350
f 345//350 392//354 346//337
f 360//357 405//356 392//354
f 345//350 346//337 396//342
f 352//345 400//325 353//344
f 360//357 398//348 380//351
f 398//348 343//331 344//380
f 358//349 378//330 377//332
f 357//329 377//332 399//326
f 399//326 356//347 372//343
f 401//364 351//328 356//347
f 359//382 379//383 342//327
f 351//328 400//325 356//347
f 356//347 400//325 372//343
f 373//6230 350//346 399//326
f 350//346 401//364 356//347
f 350//346 373//6230 401//364
f 379//383 359//382 400//325
f 358//349 344//380 378//330
f 398//348 344//380 400//325
f 394//379 360//357 397//381
f 355//355 392//354 386//374
f 386//374 349//384 403//385
f 385//375 347//353 348//352
f 364//371 368//378 389//365
f 382//359 388//363 406//389
f 406//389 364//371 390//370
f 365//362 382//359 381//386
f 381//386 369//358 389//365
f 367//340 390//370 370//338
f 371//366 383//387 367//340
f 383//387 382//359 367//340
f 369//358 404//6231 382//359
f 404//6231 381//386 382//359
f 404//6231 369//358 381//386
f 405//356 368//378 391//372
f 370//338 371//366 369//358
f 396//342 374//336 375//335
f 407//390 409//390 408//390
f 410//392 412//391 413//394
f 413//394 411//393 410//392
f 419//390 418//390 417//390
f 418//390 419//390 417//390
f 424//402 423//401 425//403
f 431//6232 430//6233 429//6234
f 429//6234 430//6233 431//6232
f 432//6235 434//6236 433//6237
f 434//6236 432//6235 433//6237
f 457//407 459//411 442//408
f 447//423 452//417 443//412
f 438//434 444//424 461//428
f 505//469 504//466 517//470 507//477
f 450//420 451//419 441//421
f 440//422 451//419 453//427
f 439//425 448//432 443//412
f 452//417 444//424 446//413
f 452//417 460//416 449//418
f 451//419 449//418 460//416
f 455//433 461//428 446//413
f 461//428 444//424 437//429
f 436//430 457//407 458//409
f 442//408 445//410 443//412
f 448//432 446//413 443//412
f 443//412 446//413 461//428
f 461//428 460//416 438//434
f 453//427 448//432 440//422
f 437//429 463//436 442//408
f 462//414 459//411 436//430
f 463//436 462//414 442//408
f 436//430 459//411 457//407
f 438//434 437//429 462//414
f 464//415 455//433 446//413
f 438//434 455//433 464//415
f 452//417 449//418 439//425
f 444//424 438//434 446//413
f 467//390 466//390 465//390
f 473//390 471//390 472//390
f 476//440 475//390 474//441
f 484//442 481//445 480//443
f 477//449 480//443 481//445
f 481//445 483//447 477//449
f 485//448 478//444 480//443
f 484//442 485//448 481//445
f 484//442 483//447 479//450
f 478//444 479//450 483//447
f 477//449 482//446 480//443
f 493//454 494//452 492//457
f 494//452 493//454 491//456
f 503//475 516//462 511//465
f 503//475 507//477 517//470
f 672//603 686//602 669//624 668//606
f 510//472 506//467 507//477
f 505//469 506//467 504//466
f 497//471 510//472 507//477
f 497//471 507//477 503//475
f 500//460 492//457 494//452
f 491//456 515//453 498//474
f 501//451 511//465 512//473
f 493//454 492//457 499//459
f 513//455 499//459 492//457
f 516//462 513//455 502//458
f 493//454 515//453 502//458
f 515//453 491//456 499//459
f 506//467 497//471 511//465
f 494//452 498//474 490//476
f 512//473 493//454 496//463
f 496//463 517//470 512//473
f 509//479 506//467 508//468
f 507//477 509//479 508//468
f 518//478 508//468 505//469
f 542//505 530//496 544//500
f 544//500 543//499 542//505
f 525//485 533//487 541//483
f 528//490 526//492 525//485
f 528//490 541//483 533//487
f 535//493 527//486 536//491
f 528//490 535//493 534//494
f 522//501 530//496 539//502
f 543//499 522//501 529//497
f 523//498 533//487 525//485
f 529//497 532//488 533//487
f 540//495 537//484 543//499
f 523//498 529//497 533//487
f 524//507 529//497 531//504
f 527//486 532//488 545//506
f 545//506 546//489 527//486
f 532//488 524//507 531//504
f 546//489 536//491 527//486
f 522//501 538//503 529//497
f 530//496 529//497 538//503
f 546//489 525//485 537//484
f 534//494 536//491 526//492
f 547//390 548//390 549//390
f 547//390 549//390 548//390
f 552//511 556//512 553//509
f 554//510 553//509 556//512
f 551//513 556//512 552//511
f 556//512 550//514 555//508
f 558//6238 559//6239 557//6240
f 557//6240 559//6239 558//6238
f 562//390 560//390 561//390
f 564//6241 563//6242 565//6243
f 563//6242 564//6241 565//6243
f 578//520 577//517 569//527
f 576//526 567//515 577//517
f 575//516 574//6244 577//517
f 574//6244 569//527 577//517
f 581//521 578//520 571//518
f 567//515 579//523 571//518
f 579//523 580//525 573//528
f 569//527 575//516 570//529
f 569//527 570//529 566//519
f 567//515 566//519 570//529
f 571//518 569//527 566//519
f 583//532 584//531 582//530
f 591//533 593//536 592//534
f 592//534 593//536 594//535
f 599//390 600//541 598//540
f 601//544 603//543 602//542
f 604//6245 606//6246 605//6247
f 606//6246 604//6245 605//6247
f 609//546 608//545 607//547
f 612//550 610//549 611//548
f 618//556 617//555 619//557
f 623//581 630//561 647//580
f 623//581 622//579 620//562
f 625//566 640//567 621//558
f 622//579 624//578 647//580
f 625//566 641//577 622//579
f 637//569 626//575 640//567
f 636//574 628//570 629//572
f 636//574 635//571 628//570
f 637//569 636//574 629//572
f 637//569 629//572 635//571
f 633//563 638//583 631//565
f 638//583 621//558 631//565
f 626//575 639//564 633//563
f 633//563 621//558 626//575
f 641//577 627//568 642//576
f 641//577 625//566 627//568
f 635//571 625//566 639//564
f 623//581 643//582 630//561
f 632//559 621//558 643//582
f 621//558 645//560 622//579
f 620//562 639//564 625//566
f 620//562 622//579 638//583
f 643//582 621//558 644//584
f 646//585 645//560 644//584
f 640//567 625//566 624//578
f 634//573 627//568 635//571
f 649//390 648//390 650//390
f 706//586 703//590 680//587
f 661//588 703//590 681//595
f 657//589 703//590 661//588
f 701//593 658//592 657//589
f 659//630 660//591 703//590
f 659//630 704//599 656//598
f 663//632 659//630 656//598
f 705//631 659//630 684//628
f 663//632 686//602 665//604
f 692//6248 691//612 678//621 679//613
f 672//603 667//605 686//602
f 686//602 667//605 711//6249
f 668//606 669//624 667//605
f 668//606 671//608 673//609
f 671//608 669//624 673//609
f 670//614 673//609 669//624
f 669//624 709//625 670//614
f 674//607 670//614 671//608
f 679//613 693//616 676//617
f 695//619 696//615 697//620
f 679//613 697//620 696//615
f 676//617 668//606 689//622
f 678//621 694//618 697//620
f 694//618 695//619 697//620
f 694//618 678//621 676//617
f 694//618 676//617 696//615
f 677//623 689//622 668//606
f 669//624 666//626 699//601
f 664//600 712//627 687//629
f 684//628 701//593 702//596
f 699//601 687//629 686//602
f 700//633 662//597 701//593
f 660//591 701//593 662//597
f 681//595 703//590 702//596
f 706//586 707//636 654//6250
f 656//598 654//6250 707//636
f 656//598 706//586 654//6250
f 706//586 656//598 703//590
f 659//630 658//592 701//593
f 663//632 662//597 704//599
f 660//591 656//598 657//589
f 660//591 657//589 658//592
f 707//636 657//589 656//598
f 680//587 657//589 707//636
f 706//586 661//588 681//595
f 703//590 656//598 662//597
f 704//599 708//637 700//633
f 708//637 662//597 700//633
f 702//596 683//634 682//594
f 687//629 669//624 686//602
f 666//626 669//624 698//610
f 709//625 675//638 698//610
f 675//638 666//626 698//610
f 698//610 669//624 687//629
f 672//603 668//606 673//609
f 709//625 691//612 670//614
f 673//609 670//614 674//607
f 691//612 690//611 674//607
f 709//625 673//609 690//611
f 709//625 690//611 691//612
f 672//603 659//630 665//604
f 710//640 711//6249 667//605
f 710//640 670//614 711//6249
f 665//604 686//602 711//6249
f 711//6249 670//614 665//604
f 685//641 688//639 659//630
f 672//603 687//629 659//630
f 668//606 691//612 674//607
f 677//623 670//614 679//613 676//617
f 692//6248 679//613 691//612
f 685//641 659//630 663//632
f 685//641 663//632 665//604
f 664//600 709//625 699//601
f 664//600 686//602 701//593
f 1705//1467 1680//1465 1717//1464 1704//1476
f 673//609 709//625 698//610
f 687//629 699//601 666//626
f 715//661 718//6251 735//648
f 721//642 722//653 723//651
f 732//647 729//660 721//642
f 733//649 722//653 721//642
f 728//652 727//643 721//642
f 727//643 735//648 719//644
f 726//662 734//656 725//654
f 718//6251 734//656 735//648
f 715//661 734//656 718//6251
f 736//659 715//661 724//657
f 736//659 717//658 725//654
f 725//654 717//658 715//661
f 717//658 724//657 715//661
f 734//656 715//661 736//659
f 716//655 734//656 736//659
f 722//653 728//652 730//646
f 729//660 732//647 728//652
f 730//646 728//652 732//647
f 735//648 726//662 720//650
f 735//648 734//656 726//662
f 733//649 720//650 722//653
f 738//390 737//390 739//390
f 738//390 739//390 737//390
f 742//390 741//390 740//390
f 745//6252 743//6253 744//6254
f 743//6253 745//6252 744//6254
f 748//390 747//390 746//390
f 750//665 749//664 751//663
f 755//670 753//667 756//666
f 753//667 754//669 752//668
f 754//669 755//670 756//666
f 757//672 759//671 760//674
f 760//674 758//673 757//672
f 763//390 762//390 761//390
f 764//675 765//678 766//676
f 765//678 764//675 767//677
f 768//680 770//679 771//682
f 771//682 769//681 768//680
f 772//684 774//683 775//686
f 775//686 773//685 772//684
f 777//687 776//690 779//688
f 776//690 777//687 780//689
f 781//693 783//692 784//695
f 784//695 782//694 781//693
f 789//6255 787//697 791//696
f 787//697 788//700 786//698
f 785//699 790//701 788//700
f 789//6255 790//701 787//697
f 788//700 790//701 791//696
f 790//701 789//6255 791//696
f 793//702 792//705 795//703
f 792//705 793//702 796//704
f 797//708 799//707 800//710
f 800//710 798//709 797//708
f 801//712 803//711 804//714
f 804//714 802//713 801//712
f 805//716 807//715 808//718
f 808//718 806//717 805//716
f 815//724 814//727 817//725
f 814//727 815//724 818//726
f 819//730 821//729 820//731
f 823//733 829//6256 824//737
f 826//736 830//735 823//733
f 822//734 825//739 827//738
f 825//739 822//734 826//736
f 827//738 824//737 822//734
f 824//737 829//6256 828//732
f 823//733 828//732 829//6256
f 827//738 826//736 823//733
f 833//743 836//742 835//741
f 834//744 836//742 833//743
f 832//745 834//744 833//743
f 834//744 831//746 837//740
f 843//748 842//747 841//749
f 845//751 851//6257 846//755
f 848//754 852//753 845//751
f 844//752 847//757 849//756
f 847//757 844//752 848//754
f 849//756 846//755 844//752
f 846//755 851//6257 850//750
f 845//751 850//750 851//6257
f 849//756 848//754 845//751
f 855//761 859//762 856//759
f 857//760 856//759 859//762
f 854//763 859//762 855//761
f 859//762 853//764 858//758
f 864//766 869//6258 865//770
f 867//769 870//768 864//766
f 863//767 866//771 865//770
f 866//771 863//767 867//769
f 865//770 869//6258 868//765
f 864//766 868//765 869//6258
f 865//770 867//769 864//766
f 873//773 872//772 871//774
f 875//776 880//6259 876//780
f 878//779 881//778 875//776
f 874//777 877//781 876//780
f 877//781 874//777 878//779
f 876//780 880//6259 879//775
f 875//776 879//775 880//6259
f 876//780 878//779 875//776
f 882//390 884//390 883//390
f 886//783 891//6260 887//787
f 889//786 892//785 886//783
f 885//784 888//788 887//787
f 888//788 885//784 889//786
f 887//787 891//6260 890//782
f 886//783 890//782 891//6260
f 887//787 889//786 886//783
f 895//790 894//789 893//791
f 898//795 901//794 900//793
f 899//796 901//794 898//795
f 897//797 899//796 898//795
f 899//796 896//798 902//792
f 908//802 911//801 910//800
f 909//803 911//801 908//802
f 907//804 909//803 908//802
f 909//803 906//805 912//799
f 914//6261 913//6262 915//6263
f 913//6262 914//6261 915//6263
f 918//811 923//807 920//810
f 919//808 923//807 918//811
f 921//806 920//810 923//807
f 917//812 919//808 918//811
f 919//808 916//813 922//809
f 925//6264 924//6265 926//6266
f 924//6265 925//6264 926//6266
f 927//6267 929//6268 928//6269
f 928//6269 929//6268 927//6267
f 931//817 938//6270 932//821
f 934//820 939//818 931//817
f 936//819 940//823 935//822
f 933//6271 940//823 936//819
f 934//820 940//823 933//6271
f 933//6271 936//819 934//820
f 935//822 932//821 930//816
f 935//822 930//816 936//819
f 932//821 938//6270 941//814
f 931//817 941//814 938//6270
f 935//822 934//820 931//817
f 951//825 950//832 948//827
f 949//824 943//829 951//825
f 943//829 948//827 950//832
f 948//827 945//833 947//6272
f 944//828 947//6272 945//833
f 948//827 947//6272 944//828
f 948//827 946//826 945//833
f 942//830 943//829 952//831
f 953//390 954//390 955//390
f 958//835 957//834 956//836
f 960//840 967//6273 961//844
f 963//843 968//841 960//840
f 965//842 969//846 964//845
f 962//6274 969//846 965//842
f 963//843 969//846 962//6274
f 962//6274 965//842 963//843
f 964//845 961//844 959//839
f 964//845 959//839 965//842
f 961//844 967//6273 970//837
f 960//840 970//837 967//6273
f 964//845 963//843 960//840
f 972//854 977//851 974//850
f 979//852 977//851 973//848
f 978//847 972//854 973//848
f 979//852 973//848 974//850
f 974//850 973//848 972//854
f 971//853 973//848 977//851
f 976//849 972//854 978//847
f 975//855 980//856 971//853
f 981//859 982//858 983//857
f 985//861 991//6275 986//865
f 988//864 992//863 985//861
f 984//862 987//867 989//866
f 987//867 984//862 988//864
f 989//866 986//865 984//862
f 986//865 991//6275 990//860
f 985//861 990//860 991//6275
f 989//866 988//864 985//861
f 995//869 994//868 993//870
f 998//877 1004//872 1000//874
f 999//873 1004//872 998//877
f 1001//875 1000//874 1004//872
f 997//878 999//873 998//877
f 999//873 996//879 1003//876
f 1007//886 1013//881 1009//883
f 1008//882 1013//881 1007//886
f 1010//884 1009//883 1013//881
f 1006//887 1008//882 1007//886
f 1008//882 1005//888 1012//885
f 1021//893 1027//6276 1022//897
f 1024//896 1028//895 1021//893
f 1020//894 1023//899 1025//898
f 1023//899 1020//894 1024//896
f 1025//898 1022//897 1020//894
f 1022//897 1027//6276 1026//892
f 1021//893 1026//892 1027//6276
f 1025//898 1024//896 1021//893
f 1033//901 1039//6277 1034//905
f 1036//904 1040//903 1033//901
f 1032//902 1035//907 1037//906
f 1035//907 1032//902 1036//904
f 1037//906 1034//905 1032//902
f 1034//905 1039//6277 1038//900
f 1033//901 1038//900 1039//6277
f 1037//906 1036//904 1033//901
f 1043//909 1042//908 1041//910
f 1046//916 1051//912 1048//915
f 1047//913 1051//912 1046//916
f 1049//911 1048//915 1051//912
f 1045//917 1047//913 1046//916
f 1047//913 1044//918 1050//914
f 1058//920 1062//926 1061//928
f 1061//928 1060//927 1058//920
f 1064//919 1063//923 1056//922
f 1056//922 1055//924 1058//920
f 1067//931 1066//930 1065//929
f 1081//933 1080//938 1075//935
f 1071//937 1073//939 1080//938
f 1080//938 1073//939 1075//935
f 1074//936 1077//941 1072//940
f 1075//935 1077//941 1074//936
f 1079//934 1076//942 1071//937
f 1071//937 1076//942 1073//939
f 1083//946 1090//6278 1084//950
f 1086//949 1091//947 1083//946
f 1088//948 1092//952 1087//951
f 1085//6279 1092//952 1088//948
f 1086//949 1092//952 1085//6279
f 1085//6279 1088//948 1086//949
f 1087//951 1084//950 1082//945
f 1087//951 1082//945 1088//948
f 1084//950 1090//6278 1093//943
f 1083//946 1093//943 1090//6278
f 1087//951 1086//949 1083//946
f 1096//954 1095//953 1094//955
f 1097//957 1099//956 1098//958
f 1101//962 1108//6280 1102//966
f 1104//965 1109//963 1101//962
f 1106//964 1110//968 1105//967
f 1103//6281 1110//968 1106//964
f 1104//965 1110//968 1103//6281
f 1103//6281 1106//964 1104//965
f 1105//967 1102//966 1100//961
f 1105//967 1100//961 1106//964
f 1102//966 1108//6280 1111//959
f 1101//962 1111//959 1108//6280
f 1105//967 1104//965 1101//962
f 1114//975 1121//970 1117//972
f 1116//971 1121//970 1114//975
f 1119//969 1118//973 1121//970
f 1118//973 1117//972 1121//970
f 1116//971 1112//977 1115//976
f 1113//979 1116//971 1114//975
f 1116//971 1115//976 1120//974
f 1127//983 1134//6282 1128//987
f 1130//986 1135//984 1127//983
f 1132//985 1136//989 1131//988
f 1129//6283 1136//989 1132//985
f 1130//986 1136//989 1129//6283
f 1129//6283 1132//985 1130//986
f 1131//988 1128//987 1126//982
f 1131//988 1126//982 1132//985
f 1128//987 1134//6282 1137//980
f 1127//983 1137//980 1134//6282
f 1131//988 1130//986 1127//983
f 1140//991 1139//990 1138//992
f 1143//999 1150//994 1146//996
f 1145//995 1150//994 1143//999
f 1148//993 1147//997 1150//994
f 1147//997 1146//996 1150//994
f 1145//995 1141//1001 1144//1000
f 1142//1003 1145//995 1143//999
f 1145//995 1144//1000 1149//998
f 1154//1010 1161//1005 1157//1007
f 1156//1006 1161//1005 1154//1010
f 1158//1008 1157//1007 1161//1005
f 1156//1006 1152//1012 1155//1011
f 1153//1014 1156//1006 1154//1010
f 1156//1006 1155//1011 1160//1009
f 1178//1015 1170//1020 1169//1016
f 1175//1021 1176//1017 1172//1022
f 1172//1022 1176//1017 1170//1020
f 1179//1019 1170//1020 1177//1018
f 1173//6284 1171//1024 1174//1023
f 1173//6284 1174//1023 1177//1018
f 1170//1020 1178//1015 1175//1021
f 1178//1015 1176//1017 1175//1021
f 1174//1023 1169//1016 1177//1018
f 1177//1018 1171//1024 1173//6284
f 1182//6285 1180//6286 1181//6287
f 1180//6286 1182//6285 1181//6287
f 1184//1028 1191//6288 1185//1032
f 1187//1031 1192//1029 1184//1028
f 1189//1030 1193//1034 1188//1033
f 1186//6289 1193//1034 1189//1030
f 1187//1031 1193//1034 1186//6289
f 1186//6289 1189//1030 1187//1031
f 1188//1033 1185//1032 1183//1027
f 1188//1033 1183//1027 1189//1030
f 1185//1032 1191//6288 1194//1025
f 1184//1028 1194//1025 1191//6288
f 1188//1033 1187//1031 1184//1028
f 1197//1036 1196//1035 1195//1037
f 1200//1043 1205//1039 1202//1042
f 1201//1040 1205//1039 1200//1043
f 1203//1038 1202//1042 1205//1039
f 1199//1046 1201//1040 1200//1043
f 1201//1040 1198//1045 1204//1041
f 1208//6290 1207//6291 1209//6292
f 1207//6291 1208//6290 1209//6292
f 1212//390 1210//390 1211//390
f 1212//390 1211//390 1210//390
f 1215//390 1213//390 1214//390
f 1218//390 1216//390 1217//390
f 1218//390 1217//390 1216//390
f 1221//390 1219//390 1220//390
f 1224//390 1222//390 1223//390
f 1224//390 1223//390 1222//390
f 1227//390 1225//390 1226//390
f 1229//1048 1230//1047 1228//1049
f 1236//390 1234//390 1235//390
f 1236//390 1235//390 1234//390
f 1239//390 1237//390 1238//390
f 1242//1055 1241//1054 1240//1053
f 1245//390 1243//390 1244//390
f 1247//1069 1260//1068 1248//1063
f 1252//1061 1246//1058 1255//1059
f 1254//1056 1246//1058 1250//1060
f 1249//1057 1247//1069 1246//1058
f 1246//1058 1247//1069 1257//1065
f 1259//1067 1256//1064 1258//1066
f 1253//1062 1259//1067 1258//1066
f 1258//1066 1256//1064 1246//1058
f 1251//1070 1260//1068 1249//1057
f 1251//1070 1249//1057 1255//1059
f 1248//1063 1255//1059 1246//1058
f 1247//1069 1248//1063 1257//1065
f 1280//1073 1276//1080 1277//1071
f 1277//1071 1276//1080 1285//1077
f 1264//1095 1287//1078 1273//1079
f 1276//1080 1295//1098 1285//1077
f 1264//1095 1293//1074 1274//1076
f 1285//1077 1295//1098 1280//1073
f 1264//1095 1274//1076 1288//1087
f 1272//1093 1282//1088 1263//1091
f 1277//1071 1285//1077 1267//1097
f 1267//1097 1278//1085 1295//1098
f 1278//1085 1267//1097 1285//1077
f 1288//1087 1287//1078 1264//1095
f 1272//1093 1289//1083 1266//1094
f 1282//1088 1272//1093 1266//1094
f 1290//6293 1282//1088 1269//1090
f 1263//1091 1290//6293 1269//1090
f 1290//6293 1263//1091 1282//1088
f 1291//1081 1273//1079 1283//1072
f 1292//1089 1291//1081 1269//1090
f 1282//1088 1273//1079 1291//1081
f 1263//1091 1265//1086 1273//1079
f 1272//1093 1275//1092 1289//1083
f 1273//1079 1268//1082 1275//1092
f 1273//1079 1275//1092 1263//1091
f 1283//1072 1264//1095 1284//1075
f 1271//6294 1281//1096 1277//1071
f 1281//1096 1294//6295 1293//1074
f 1271//6294 1294//6295 1281//1096
f 1284//1075 1293//1074 1276//1080
f 1293//1074 1294//6295 1276//1080
f 1294//6295 1267//1097 1276//1080
f 1291//1081 1276//1080 1280//1073
f 1277//1071 1294//6295 1271//6294
f 1283//1072 1277//1071 1264//1095
f 1291//1081 1283//1072 1284//1075
f 1270//1099 1280//1073 1295//1098
f 1270//1099 1279//1100 1280//1073
f 1279//1100 1278//1085 1280//1073
f 1270//1099 1295//1098 1278//1085
f 1277//1071 1267//1097 1294//6295
f 1287//1078 1288//1087 1265//1086
f 1309//1106 1308//1103 1299//1114
f 1307//1113 1297//1101 1308//1103
f 1306//1102 1305//6296 1308//1103
f 1305//6296 1299//1114 1308//1103
f 1312//1107 1309//1106 1301//1108
f 1297//1101 1310//1110 1301//1108
f 1310//1110 1311//1112 1304//1115
f 1299//1114 1306//1102 1300//1116
f 1299//1114 1300//1116 1296//1105
f 1297//1101 1296//1105 1300//1116
f 1302//1104 1297//1101 1301//1108
f 1301//1108 1299//1114 1296//1105
f 1331//1119 1329//1123 1315//1117
f 1315//1117 1329//1123 1336//1120
f 1319//1142 1339//1121 1341//1122
f 1329//1123 1325//1145 1336//1120
f 1316//1132 1343//1124 1338//1141
f 1336//1120 1325//1145 1331//1119
f 1327//1139 1333//1134 1318//1137
f 1315//1117 1336//1120 1322//1144
f 1322//1144 1330//1131 1325//1145
f 1330//1131 1322//1144 1336//1120
f 1335//1118 1338//1141 1343//1124
f 1327//1139 1340//1127 1321//1140
f 1333//1134 1327//1139 1321//1140
f 1324//1136 1318//1137 1333//1134
f 1341//1122 1334//1126 1316//1132
f 1334//1126 1341//1122 1333//1134
f 1342//1135 1341//1122 1324//1136
f 1318//1137 1320//1133 1334//1126
f 1327//1139 1328//1138 1340//1127
f 1334//1126 1323//1125 1328//1138
f 1334//1126 1328//1138 1318//1137
f 1335//1118 1319//1142 1338//1141
f 1326//6297 1332//1130 1315//1117
f 1343//1124 1317//1129 1344//1143
f 1326//6297 1344//1143 1332//1130
f 1343//1124 1344//1143 1329//1123
f 1344//1143 1322//1144 1329//1123
f 1341//1122 1329//1123 1331//1119
f 1315//1117 1344//1143 1326//6297
f 1335//1118 1317//1129 1319//1142
f 1339//1121 1319//1142 1316//1132
f 1341//1122 1335//1118 1343//1124
f 1325//1145 1330//1131 1331//1119
f 1315//1117 1322//1144 1344//1143
f 1358//1151 1357//1148 1348//1159
f 1356//1158 1346//1146 1357//1148
f 1355//1147 1354//6298 1357//1148
f 1354//6298 1348//1159 1357//1148
f 1361//1152 1358//1151 1350//1153
f 1346//1146 1359//1155 1350//1153
f 1359//1155 1360//1157 1353//1160
f 1348//1159 1355//1147 1349//1161
f 1348//1159 1349//1161 1345//1150
f 1346//1146 1345//1150 1349//1161
f 1351//1149 1346//1146 1350//1153
f 1350//1153 1348//1159 1345//1150
f 1379//1164 1377//1171 1364//1162
f 1364//1162 1377//1171 1384//1168
f 1366//1186 1386//1169 1375//1170
f 1377//1171 1372//1189 1384//1168
f 1366//1186 1391//1165 1387//1167
f 1384//1168 1372//1189 1379//1164
f 1374//1184 1381//1179 1365//1182
f 1364//1162 1384//1168 1369//1188
f 1369//1188 1378//1177 1372//1189
f 1378//1177 1369//1188 1384//1168
f 1387//1167 1386//1169 1366//1186
f 1374//1184 1388//1174 1368//1185
f 1381//1179 1374//1184 1368//1185
f 1371//1181 1365//1182 1381//1179
f 1389//1172 1375//1170 1382//1163
f 1390//1180 1389//1172 1371//1181
f 1381//1179 1375//1170 1389//1172
f 1365//1182 1367//1178 1375//1170
f 1374//1184 1376//1183 1388//1174
f 1375//1170 1370//1173 1376//1183
f 1375//1170 1376//1183 1365//1182
f 1382//1163 1366//1186 1383//1166
f 1373//6299 1380//1176 1364//1162
f 1373//6299 1392//1187 1380//1176
f 1383//1166 1391//1165 1377//1171
f 1391//1165 1392//1187 1377//1171
f 1392//1187 1369//1188 1377//1171
f 1389//1172 1377//1171 1379//1164
f 1364//1162 1392//1187 1373//6299
f 1382//1163 1391//1165 1366//1186
f 1389//1172 1382//1163 1383//1166
f 1372//1189 1378//1177 1379//1164
f 1364//1162 1369//1188 1392//1187
f 1386//1169 1387//1167 1367//1178
f 1400//1199 1393//1198 1405//1201
f 1403//1196 1402//1190 1395//1195
f 1402//1190 1404//1192 1395//1195
f 1394//1191 1398//1206 1404//1192
f 1406//1197 1404//1192 1398//1206
f 1405//1201 1406//1197 1400//1199
f 1407//1202 1406//1197 1405//1201
f 1408//1203 1406//1197 1401//1200
f 1407//1202 1409//1204 1401//1200
f 1409//1204 1405//1201 1401//1200
f 1408//1203 1401//1200 1404//1192
f 1394//1191 1403//1196 1396//1205
f 1396//1205 1410//1207 1394//1191
f 1393//1198 1410//1207 1396//1205
f 1397//1194 1393//1198 1403//1196
f 1398//1206 1393//1198 1406//1197
f 1428//1210 1426//1217 1413//1208
f 1413//1208 1426//1217 1434//1214
f 1416//1235 1436//1215 1439//1216
f 1426//1217 1422//1238 1434//1214
f 1416//1235 1414//1211 1437//1213
f 1434//1214 1422//1238 1428//1210
f 1442//1231 1443//1228 1439//1216
f 1424//1233 1430//1226 1443//1228
f 1413//1208 1434//1214 1419//1237
f 1419//1237 1427//1224 1422//1238
f 1427//1224 1419//1237 1434//1214
f 1437//1213 1436//1215 1416//1235
f 1424//1233 1438//1221 1418//1234
f 1430//1226 1424//1233 1418//1234
f 1439//1216 1443//1228 1430//1226
f 1440//1229 1443//1228 1421//1230
f 1441//1218 1439//1216 1432//1209
f 1439//1216 1431//1220 1437//1213
f 1442//1231 1441//1218 1421//1230
f 1415//1227 1417//1225 1431//1220
f 1424//1233 1425//1232 1438//1221
f 1431//1220 1420//1219 1425//1232
f 1431//1220 1425//1232 1443//1228
f 1432//1209 1416//1235 1433//1212
f 1423//6300 1429//1223 1413//1208
f 1423//6300 1444//1236 1429//1223
f 1433//1212 1414//1211 1426//1217
f 1414//1211 1444//1236 1426//1217
f 1444//1236 1419//1237 1426//1217
f 1441//1218 1426//1217 1428//1210
f 1413//1208 1444//1236 1423//6300
f 1432//1209 1414//1211 1416//1235
f 1441//1218 1432//1209 1433//1212
f 1422//1238 1427//1224 1428//1210
f 1413//1208 1419//1237 1444//1236
f 1436//1215 1437//1213 1417//1225
f 1458//1244 1457//1241 1448//1252
f 1456//1251 1446//1239 1457//1241
f 1455//1240 1454//6301 1457//1241
f 1454//6301 1448//1252 1457//1241
f 1461//1245 1458//1244 1450//1246
f 1446//1239 1459//1248 1450//1246
f 1459//1248 1460//1250 1453//1253
f 1448//1252 1455//1240 1449//1254
f 1448//1252 1449//1254 1445//1243
f 1446//1239 1445//1243 1449//1254
f 1451//1242 1446//1239 1450//1246
f 1450//1246 1448//1252 1445//1243
f 1479//1257 1477//1264 1464//1255
f 1464//1255 1477//1264 1484//1261
f 1466//1279 1486//1262 1475//1263
f 1477//1264 1472//1282 1484//1261
f 1466//1279 1491//1258 1487//1260
f 1484//1261 1472//1282 1479//1257
f 1474//1277 1481//1272 1465//1275
f 1464//1255 1484//1261 1469//1281
f 1469//1281 1478//1270 1472//1282
f 1478//1270 1469//1281 1484//1261
f 1487//1260 1486//1262 1466//1279
f 1474//1277 1488//1267 1468//1278
f 1481//1272 1474//1277 1468//1278
f 1471//1274 1465//1275 1481//1272
f 1489//1265 1475//1263 1482//1256
f 1490//1273 1489//1265 1471//1274
f 1481//1272 1475//1263 1489//1265
f 1465//1275 1467//1271 1475//1263
f 1474//1277 1476//1276 1488//1267
f 1475//1263 1470//1266 1476//1276
f 1475//1263 1476//1276 1465//1275
f 1482//1256 1466//1279 1483//1259
f 1473//6302 1480//1269 1464//1255
f 1473//6302 1492//1280 1480//1269
f 1483//1259 1491//1258 1477//1264
f 1491//1258 1492//1280 1477//1264
f 1492//1280 1469//1281 1477//1264
f 1489//1265 1477//1264 1479//1257
f 1464//1255 1492//1280 1473//6302
f 1482//1256 1491//1258 1466//1279
f 1489//1265 1482//1256 1483//1259
f 1472//1282 1478//1270 1479//1257
f 1464//1255 1469//1281 1492//1280
f 1486//1262 1487//1260 1467//1271
f 1505//1288 1504//1285 1496//1294
f 1503//1293 1494//1283 1504//1285
f 1502//1284 1501//6303 1504//1285
f 1501//6303 1496//1294 1504//1285
f 1499//1289 1505//1288 1498//1286
f 1494//1283 1506//1291 1498//1286
f 1506//1291 1507//1292 1500//1295
f 1496//1294 1502//1284 1497//1296
f 1496//1294 1497//1296 1493//1287
f 1494//1283 1493//1287 1497//1296
f 1498//1286 1496//1294 1493//1287
f 1526//1306 1516//1315 1515//1305
f 1524//1307 1523//1304 1526//1306
f 1510//1303 1526//1306 1523//1304
f 1515//1305 1512//1312 1510//1303
f 1510//1303 1512//1312 1519//1300
f 1514//1313 1512//1312 1521//1310
f 1527//1311 1514//1313 1521//1310
f 1528//1301 1519//1300 1512//1312
f 1528//1301 1512//1312 1522//1302
f 1529//1314 1527//1311 1522//1302
f 1514//1313 1529//1314 1522//1302
f 1518//1309 1510//1303 1519//1300
f 1522//1302 1527//1311 1519//1300
f 1511//1297 1516//1315 1513//1298
f 1515//1305 1517//1316 1511//1297
f 1520//1299 1513//1298 1512//1312
f 1512//1312 1515//1305 1511//1297
f 1516//1315 1526//1306 1518//1309
f 1518//1309 1513//1298 1516//1315
f 1533//1318 1540//6304 1534//1323
f 1536//1322 1541//1320 1533//1318
f 1538//1321 1535//1325 1537//1324
f 1535//1325 1538//1321 1536//1322
f 1537//1324 1534//1323 1532//1319
f 1537//1324 1532//1319 1538//1321
f 1534//1323 1540//6304 1539//1317
f 1533//1318 1539//1317 1540//6304
f 1537//1324 1536//1322 1533//1318
f 1542//1327 1544//1326 1543//1328
f 1547//1335 1553//1330 1549//1332
f 1548//1331 1553//1330 1547//1335
f 1550//1333 1549//1332 1553//1330
f 1546//1336 1548//1331 1547//1335
f 1548//1331 1545//1337 1552//1334
f 1555//6305 1554//6306 1556//6307
f 1554//6306 1555//6305 1556//6307
f 1560//1341 1561//1344 1562//1342
f 1561//1344 1560//1341 1563//1343
f 1564//1346 1566//1345 1567//1348
f 1567//1348 1565//1347 1564//1346
f 1568//1350 1570//1349 1571//1352
f 1571//1352 1569//1351 1568//1350
f 1572//1353 1573//1356 1574//1354
f 1573//1356 1572//1353 1575//1355
f 1581//1362 1586//6308 1582//1366
f 1584//1365 1587//1364 1581//1362
f 1580//1363 1583//1367 1582//1366
f 1583//1367 1580//1363 1584//1365
f 1582//1366 1586//6308 1585//1361
f 1581//1362 1585//1361 1586//6308
f 1582//1366 1584//1365 1581//1362
f 1588//1369 1590//1368 1591//1371
f 1591//1371 1589//1370 1588//1369
f 1594//1375 1595//1376 1596//1374
f 1595//1376 1593//1372 1596//1374
f 1598//1378 1603//6309 1599//1382
f 1601//1381 1604//1380 1598//1378
f 1597//1379 1600//1383 1599//1382
f 1600//1383 1597//1379 1601//1381
f 1599//1382 1603//6309 1602//1377
f 1598//1378 1602//1377 1603//6309
f 1599//1382 1601//1381 1598//1378
f 1606//1385 1611//6310 1607//1389
f 1609//1388 1612//1387 1606//1385
f 1605//1386 1608//1390 1607//1389
f 1608//1390 1605//1386 1609//1388
f 1607//1389 1611//6310 1610//1384
f 1606//1385 1610//1384 1611//6310
f 1607//1389 1609//1388 1606//1385
f 1615//1394 1619//1395 1616//1392
f 1617//1393 1616//1392 1619//1395
f 1614//1396 1619//1395 1615//1394
f 1619//1395 1613//1397 1618//1391
f 1622//1401 1626//1402 1623//1399
f 1624//1400 1623//1399 1626//1402
f 1621//1403 1626//1402 1622//1401
f 1626//1402 1620//1404 1625//1398
f 1629//1406 1627//1405 1628//1407
f 1630//1409 1632//1408 1633//1411
f 1633//1411 1631//1410 1630//1409
f 1634//1412 1635//1415 1636//1413
f 1635//1415 1634//1412 1637//1414
f 1640//1417 1639//1416 1638//1418
f 1645//6311 1644//6312 1646//6313
f 1644//6312 1645//6311 1646//6313
f 1649//1423 1648//1422 1647//1424
f 1652//1426 1651//1425 1650//1427
f 1654//390 1653//390 1655//390
f 1678//1449 1666//1429 1665//1450
f 1660//1433 1659//1445 1677//1431
f 1663//1435 1677//1431 1659//1445
f 1673//1441 1661//1437 1672//1440
f 1664//1438 1663//1435 1661//1437
f 1673//1441 1664//1438 1661//1437
f 1675//1432 1663//1435 1671//1439
f 1675//1432 1671//1439 1662//1434
f 1658//1443 1676//1428 1657//1444
f 1656//1430 1666//1429 1657//1444
f 1667//1447 1668//1448 1659//1445
f 1666//1429 1675//1432 1677//1431
f 1661//1437 1662//1434 1672//1440
f 1662//1434 1660//1433 1675//1432
f 1664//1438 1674//1442 1672//1440
f 1713//1487 1714//1477 1698//1466
f 1685//1481 1684//1459 1699//1472
f 1680//1465 1704//1476 1698//1466
f 1691//1460 1690//1492 1694//1489 1696//1458
f 1690//1492 1717//1464 1709//1470
f 1709//1470 1680//1465 1690//1492
f 1686//1463 1717//1464 1716//1461
f 1681//1453 1701//1473 1711//1454
f 1704//1476 1693//1468 1698//1466
f 1723//1478 1721//1480 1704//1476
f 1704//1476 1700//1495 1705//1467
f 1754//1513 1740//1512 1758//1511 1771//1506
f 1714//1477 1704//1476 1680//1465
f 1710//1475 1700//1495 1688//1488
f 1700//1495 1723//1478 1688//1488
f 1713//1487 1710//1475 1697//1455
f 1710//1475 1688//1488 1706//1456
f 1713//1487 1697//1455 1714//1477
f 1680//1465 1709//1470 1714//1477
f 1691//1460 1716//1461 1690//1492
f 1716//1461 1717//1464 1690//1492
f 1716//1461 1691//1460 1692//1462
f 1695//1474 1718//1485 1692//1462
f 1695//1474 1703//1483 1718//1485
f 1717//1464 1686//1463 1696//1458
f 1692//1462 1718//1485 1684//1459
f 1699//1472 1682//1490 1711//1454
f 1719//1491 1681//1453 1718//1485
f 1681//1453 1719//1491 1682//1490
f 1719//1491 1703//1483 1682//1490
f 1719//1491 1720//1484 1703//1483
f 1695//1474 1711//1454 1682//1490
f 1685//1481 1699//1472 1701//1473
f 1694//1489 1701//1473 1696//1458
f 1685//1481 1701//1473 1694//1489
f 1702//1482 1684//1459 1718//1485
f 1718//1485 1681//1453 1702//1482
f 1681//1453 1687//1452 1702//1482
f 1687//1452 1695//1474 1699//1472
f 1708//1493 1689//1469 1694//1489
f 1680//1465 1707//1479 1689//1469
f 1721//1480 1705//1467 1689//1469
f 1721//1480 1707//1479 1680//1465
f 1700//1495 1721//1480 1722//1494
f 1721//1480 1700//1495 1704//1476
f 1685//1481 1694//1489 1717//1464
f 1693//1468 1700//1495 1710//1475
f 1693//1468 1705//1467 1700//1495
f 1695//1474 1687//1452 1711//1454
f 1709//1470 1717//1464 1698//1466
f 1699//1472 1695//1474 1681//1453
f 1725//1497 1727//1496 1726//1498
f 1728//390 1730//390 1729//390
f 1740//1512 1749//1533 1772//1524 1753//1505
f 1744//1518 1751//1510 1733//1499
f 1772//1524 1769//1523 1761//1521
f 1767//1501 1765//1520 1766//1527
f 1770//1537 1769//1523 1754//1513 1739//1515
f 1762//1508 1761//1521 1738//1530
f 1769//1523 1738//1530 1761//1521
f 1762//1508 1746//1539 1748//1532
f 1748//1532 1746//1539 1731//1538
f 1764//1516 1758//1511 1763//1507
f 1740//1512 1764//1516 1749//1533
f 1772//1524 1749//1533 1763//1507
f 1757//1534 1764//1516 1740//1512
f 1765//1520 1744//1518 1756//1500
f 1736//1503 1744//1518 1765//1520
f 1764//1516 1744//1518 1747//1502
f 1747//1502 1745//1535 1764//1516
f 1734//1509 1745//1535 1752//1528
f 1752//1528 1751//1510 1734//1509
f 1742//1526 1768//1536 1743//1529
f 1742//1526 1756//1500 1752//1528
f 1767//1501 1742//1526 1733//1499
f 1756//1500 1751//1510 1752//1528
f 1752//1528 1733//1499 1742//1526
f 1736//1503 1752//1528 1745//1535
f 1745//1535 1734//1509 1758//1511
f 1757//1534 1744//1518 1764//1516
f 1759//1514 1760//1525 1739//1515
f 1740//1512 1755//1522 1739//1515
f 1804//1554 1793//1553 1807//1552 1819//1547
f 1769//1523 1755//1522 1740//1512
f 1738//1530 1769//1523 1770//1537
f 1753//1505 1754//1513 1771//1506
f 1771//1506 1758//1511 1759//1514
f 1759//1514 1754//1513 1761//1521
f 1774//390 1775//390 1773//390
f 1776//390 1778//390 1777//390
f 1818//1578 1817//1562 1804//1554 1787//1556
f 1789//1574 1793//1553 1788//1545
f 1794//1557 1790//1551 1781//1540
f 1820//1563 1817//1562 1809//1560
f 1815//1542 1813//1559 1814//1566
f 1820//1563 1803//1546 1793//1553
f 1810//1549 1809//1560 1786//1570
f 1817//1562 1786//1570 1809//1560
f 1810//1549 1797//1580 1799//1572
f 1799//1572 1797//1580 1779//1579
f 1811//1548 1801//1569 1812//1573
f 1811//1548 1789//1574 1807//1552
f 1793//1553 1789//1574 1801//1569
f 1820//1563 1801//1569 1811//1548
f 1788//1545 1800//1575 1789//1574
f 1800//1575 1788//1545 1794//1557
f 1813//1559 1794//1557 1806//1541
f 1798//1543 1813//1559 1784//1544
f 1798//1543 1794//1557 1813//1559
f 1794//1557 1798//1543 1789//1574
f 1798//1543 1796//1576 1789//1574
f 1782//1550 1796//1576 1802//1567
f 1802//1567 1790//1551 1782//1550
f 1791//1565 1816//1577 1792//1568
f 1791//1565 1806//1541 1802//1567
f 1815//1542 1791//1565 1781//1540
f 1806//1541 1790//1551 1802//1567
f 1802//1567 1781//1540 1791//1565
f 1784//1544 1802//1567 1796//1576
f 1796//1576 1782//1550 1807//1552
f 1793//1553 1805//1561 1787//1556
f 1892//1629 1887//1642 1861//1628 1866//1636
f 1817//1562 1805//1561 1793//1553
f 1786//1570 1817//1562 1818//1578
f 1803//1546 1804//1554 1819//1547
f 1819//1547 1807//1552 1795//1555
f 1795//1555 1804//1554 1809//1560
f 1822//390 1823//390 1821//390
f 1824//390 1826//390 1825//390
f 1829//390 1827//390 1828//390
f 1829//390 1828//390 1827//390
f 1833//1583 1832//1602 1848//1581
f 1839//1585 1843//1587 1833//1583
f 1839//1585 1848//1581 1832//1602
f 1834//1603 1843//1587 1832//1602
f 1841//1588 1834//1603 1840//1586
f 1843//1587 1834//1603 1841//1588
f 1830//1595 1836//1591 1846//1596
f 1850//1594 1830//1595 1835//1592
f 1837//1593 1832//1602 1833//1583
f 1835//1592 1831//1599 1832//1602
f 1847//1590 1844//1582 1837//1593
f 1837//1593 1835//1592 1832//1602
f 1849//1600 1850//1594 1837//1593
f 1850//1594 1849//1600 1836//1591
f 1831//1599 1835//1592 1838//1598
f 1834//1603 1831//1599 1851//1601
f 1851//1601 1852//1584 1834//1603
f 1852//1584 1840//1586 1834//1603
f 1830//1595 1845//1597 1835//1592
f 1836//1591 1835//1592 1845//1597
f 1852//1584 1833//1583 1844//1582
f 1842//1589 1840//1586 1843//1587
f 1853//1606 1855//1605 1854//1604
f 1875//1610 1858//1607 1862//1646
f 1861//1628 1887//1642 1893//1621
f 1875//1610 1862//1646 1897//1609
f 1876//1616 1864//1619 1871//1617
f 1894//1637 1873//1640 1869//1626
f 1870//1623 1892//1629 1866//1636
f 1876//1616 1874//1627 1870//1623
f 1874//1627 1888//1625 1870//1623
f 1869//1626 1866//1636 1876//1616
f 1888//1625 1891//1624 1859//1608
f 1885//1620 1858//1607 1891//1624
f 1883//1612 1882//1631 1891//1624
f 1892//1629 1870//1623 1865//1618
f 1888//1625 1859//1608 1890//1630
f 1882//1631 1859//1608 1891//1624
f 1891//1624 1863//1611 1884//1645
f 1883//1612 1891//1624 1884//1645
f 1885//1620 1889//1613 1876//1616
f 1868//1635 1881//1634 1878//1633
f 1867//1632 1868//1635 1878//1633
f 1893//1621 1870//1623 1866//1636
f 1856//1638 1869//1626 1870//1623
f 1879//1639 1867//1632 1869//1626
f 1895//6314 1886//1641 1878//1633
f 1878//1633 1881//1634 1896//6315
f 1896//6315 1895//6314 1878//1633
f 1895//6314 1896//6315 1881//1634
f 1886//1641 1895//6314 1881//1634
f 1880//1622 1861//1628 1870//1623
f 1870//1623 1867//1632 1879//1639
f 1856//1638 1873//1640 1894//1637
f 1879//1639 1873//1640 1856//1638
f 1861//1628 1886//1641 1881//1634
f 1865//1618 1888//1625 1885//1620 1876//1616
f 1880//1622 1866//1636 1861//1628
f 1866//1636 1887//1642 1876//1616
f 1881//1634 1870//1623 1861//1628
f 1876//1616 1887//1642 1892//1629
f 1858//1607 1875//1610 1872//1643
f 1875//1610 1897//1609 1859//1608
f 1884//1645 1862//1646 1857//1644
f 1857//1644 1863//1611 1883//1612
f 1862//1646 1863//1611 1897//1609
f 1884//1645 1863//1611 1862//1646
f 1858//1607 1897//1609 1863//1611
f 1863//1611 1857//1644 1858//1607
f 1934//1668 1929//1685 1903//1667 1910//1673
f 1899//390 1898//390 1900//390
f 1917//1650 1907//1647 1904//1687
f 1903//1667 1929//1685 1936//1660
f 1927//1680 1912//6316 1940//1679
f 1917//1650 1904//1687 1944//1649
f 1923//1651 1944//1649 1905//1652
f 1918//1656 1908//1659 1914//1657
f 1939//1678 1916//1684 1915//1665
f 1938//1666 1930//1664 1937//1674
f 1930//1664 1906//1663 1935//1670
f 1935//1670 1923//1651 1925//1648
f 1923//1651 1917//1650 1925//1648
f 1925//1648 1907//1647 1943//1671
f 1906//1663 1943//1671 1905//1652
f 1934//1668 1937//1674 1909//1658
f 1930//1664 1935//1670 1933//1669
f 1906//1663 1902//1675 1926//1654
f 1926//1654 1931//1653 1938//1666
f 1912//6316 1927//1680 1932//1677
f 1940//1679 1912//6316 1932//1677
f 1936//1660 1937//1674 1910//1673
f 1918//1656 1937//1674 1915//1665
f 1919//1681 1911//1682 1932//1677
f 1941//6317 1932//1677 1928//1683
f 1919//1681 1941//6317 1942//6318
f 1942//6318 1911//1682 1919//1681
f 1911//1682 1942//6318 1941//6317
f 1928//1683 1911//1682 1941//6317
f 1941//6317 1919//1681 1927//1680
f 1922//1661 1903//1667 1913//1662
f 1940//1679 1920//1676 1913//1662
f 1913//1662 1916//1684 1939//1678
f 1903//1667 1932//1677 1941//6317
f 1909//1658 1930//1664 1925//1648 1918//1656
f 1922//1661 1910//1673 1903//1667
f 1910//1673 1929//1685 1918//1656
f 1903//1667 1941//6317 1927//1680
f 1927//1680 1913//1662 1903//1667
f 1931//1653 1921//1655 1902//1675
f 1918//1656 1929//1685 1934//1668
f 1907//1647 1917//1650 1943//1671
f 1917//1650 1944//1649 1925//1648
f 1901//1686 1923//1651 1924//1672
f 1904//1687 1905//1652 1944//1649
f 1907//1647 1944//1649 1923//1651
f 1907//1647 1923//1651 1904//1687
f 1923//1651 1901//1686 1904//1687
f 1984//1725 1982//1728 1994//1730 1985//1729
f 1935//1670 1906//1663 1923//1651
f 1947//390 1946//1689 1945//1688
f 1955//1697 1952//1698 1951//1693
f 1953//1695 1954//1694 1952//1698
f 1954//1694 1953//1695 1951//1693
f 1963//1716 1976//1701 1970//1707
f 1977//1705 1966//1718 1964//1709
f 1966//1718 1969//1711 1965//1706
f 1964//1709 1965//1706 1977//1705
f 1956//1704 1977//1705 1958//1702
f 1966//1718 1977//1705 1956//1704
f 1959//1710 1969//1711 1966//1718
f 1959//1710 1956//1704 1963//1716
f 1974//1712 1952//1698 1954//1694
f 1948//1714 1975//1692 1960//1715
f 1961//1690 1956//1704 1972//1713
f 1948//1714 1974//1712 1955//1697
f 1974//1712 1971//1703 1955//1697
f 1976//1701 1953//1695 1962//1699
f 1955//1697 1975//1692 1962//1699
f 1975//1692 1948//1714 1949//1696
f 1965//1706 1959//1710 1970//1707
f 1973//1691 1960//1715 1950//1717
f 1972//1713 1955//1697 1958//1702
f 1958//1702 1977//1705 1972//1713
f 1968//1720 1965//1706 1967//1708
f 1966//1718 1968//1720 1967//1708
f 1978//1719 1967//1708 1964//1709
f 1980//390 1979//390 1981//1721
f 2181//1906 2194//1902 2188//1907 2193//1890
f 1986//1727 1987//1726 1985//1729
f 1987//1726 1986//1727 1984//1725
f 1997//1749 2011//1735 1998//1731
f 2012//1739 2001//1751 1999//1742
f 2001//1751 2004//1745 2000//1740
f 1999//1742 2000//1740 2012//1739
f 2005//1743 2012//1739 1998//1731
f 1988//1738 2012//1739 1990//1736
f 2001//1751 2012//1739 1988//1738
f 1991//1744 2004//1745 2001//1751
f 1991//1744 1988//1738 1997//1749
f 2009//1733 1985//1729 1987//1726
f 1993//1747 2010//1724 1992//1748
f 1995//1722 1988//1738 2007//1746
f 2009//1733 2006//1737 1998//1731
f 2011//1735 1986//1727 1996//1732
f 1998//1731 2010//1724 1996//1732
f 2010//1724 1993//1747 1982//1728
f 2000//1740 1991//1744 1998//1731
f 2008//1723 1992//1748 1983//1750
f 2007//1746 1998//1731 1990//1736
f 1990//1736 2012//1739 2007//1746
f 2003//1753 2000//1740 2002//1741
f 2001//1751 2003//1753 2002//1741
f 2013//1752 2002//1741 1999//1742
f 2019//390 2017//390 2018//390
f 2054//1782 2031//1769 2046//1768
f 2032//1797 2025//1759 2062//1762
f 2024//1761 2032//1797 2063//1763
f 2059//1767 2037//1778 2046//1768
f 2031//1769 2047//1780 2026//1770
f 2028//1775 2048//1798 2055//1773
f 2055//1773 2045//1784 2040//1771
f 2033//1788 2052//1785 2036//1792
f 2041//1786 2038//1757 2023//1790
f 2023//1790 2053//1789 2036//1792
f 2053//1789 2038//1757 2030//1791
f 2036//1792 2028//1775 2049//1793
f 2028//1775 2021//1774 2049//1793
f 2034//1776 2040//1771 2028//1775
f 2045//1784 2048//1798 2028//1775
f 2049//1793 2057//1794 2058//1764
f 2058//1764 2057//1794 2027//1795
f 2049//1793 2058//1764 2056//1766
f 2049//1793 2056//1766 2034//1776
f 2034//1776 2056//1766 2044//1765
f 2033//1788 2049//1793 2034//1776
f 2021//1774 2027//1795 2049//1793
f 2022//1777 2036//1792 2042//1760
f 2023//1790 2036//1792 2041//1786
f 2053//1789 2042//1760 2036//1792
f 2037//1778 2059//1767 2053//1789
f 2053//1789 2025//1759 2037//1778
f 2032//1797 2059//1767 2060//1779
f 2026//1770 2054//1782 2059//1767
f 2024//1761 2025//1759 2042//1760
f 2032//1797 2024//1761 2042//1760
f 2053//1789 2032//1797 2042//1760
f 2059//1767 2032//1797 2053//1789
f 2025//1759 2046//1768 2038//1757
f 2032//1797 2037//1778 2025//1759
f 2060//1779 2037//1778 2032//1797
f 2031//1769 2054//1782 2020//1783
f 2020//1783 2043//1781 2047//1780
f 2047//1780 2031//1769 2020//1783
f 2046//1768 2030//1791 2038//1757
f 2042//1760 2063//1763 2061//1796
f 2061//1796 2029//1758 2022//1777
f 2069//390 2067//390 2068//390
f 2082//1821 2083//1806 2090//1808
f 2072//1805 2090//1808 2086//1807
f 2070//1815 2091//1835 2099//1827
f 2093//1816 2084//6319 2092//1819
f 2077//1834 2070//1815 2084//6319
f 2085//1809 2082//1821 2114//1803
f 2107//1833 2073//1811 2111//6320
f 2086//1807 2101//6321 2114//1803
f 2086//1807 2111//6320 2085//1809
f 2078//1820 2098//1814 2089//1838
f 2097//6322 2093//1816 2099//1827
f 2084//6319 2093//1816 2097//6322
f 2107//1833 2074//1836 2076//1818
f 2112//1804 2108//1831 2100//1832
f 2070//1815 2088//1812 2078//1820
f 2096//1839 2093//1816 2078//1820
f 2078//1820 2089//1838 2096//1839
f 2098//1814 2093//1816 2096//1839
f 2091//1835 2084//6319 2097//6322
f 2097//6322 2109//6323 2110//6324
f 2097//6322 2110//6324 2091//1835
f 2109//6323 2091//1835 2110//6324
f 2084//6319 2091//1835 2077//1834
f 2099//1827 2109//6323 2097//6322
f 2091//1835 2109//6323 2099//1827
f 2079//1824 2093//1816 2107//1833
f 2079//1824 2107//1833 2083//1806
f 2071//1825 2107//1833 2104//1826
f 2111//6320 2083//1806 2107//1833
f 2083//1806 2082//1821 2073//1811
f 2111//6320 2086//1807 2083//1806
f 2082//1821 2085//1809 2111//6320
f 2114//1803 2101//6321 2094//1830
f 2112//1804 2094//1830 2101//6321
f 2101//6321 2085//1809 2112//1804
f 2082//1821 2111//6320 2073//1811
f 2085//1809 2101//6321 2086//1807
f 2095//1810 2112//1804 2100//1832
f 2095//1810 2075//1802 2112//1804
f 2113//1822 2095//1810 2100//1832
f 2081//1817 2114//1803 2075//1802
f 2083//1806 2072//1805 2080//1837
f 2084//6319 2070//1815 2092//1819
f 2078//1820 2079//1824 2104//1826
f 2116//1842 2117//1841 2118//1840
f 2121//390 2119//390 2120//390
f 2134//1862 2135//1847 2142//1849
f 2124//1846 2142//1849 2138//1848
f 2122//1856 2143//1876 2151//1868
f 2145//1857 2136//6325 2144//1860
f 2129//1875 2122//1856 2136//6325
f 2137//1850 2134//1862 2166//1844
f 2159//1874 2125//1852 2163//6326
f 2138//1848 2153//6327 2166//1844
f 2138//1848 2163//6326 2137//1850
f 2130//1861 2150//1855 2141//1879
f 2149//6328 2145//1857 2151//1868
f 2136//6325 2145//1857 2149//6328
f 2159//1874 2126//1877 2128//1859
f 2164//1845 2160//1872 2152//1873
f 2122//1856 2140//1853 2130//1861
f 2148//1880 2145//1857 2130//1861
f 2130//1861 2141//1879 2148//1880
f 2150//1855 2145//1857 2148//1880
f 2143//1876 2136//6325 2149//6328
f 2149//6328 2161//6329 2162//6330
f 2149//6328 2162//6330 2143//1876
f 2161//6329 2143//1876 2162//6330
f 2136//6325 2143//1876 2129//1875
f 2151//1868 2161//6329 2149//6328
f 2143//1876 2161//6329 2151//1868
f 2131//1865 2145//1857 2159//1874
f 2131//1865 2159//1874 2135//1847
f 2123//1866 2159//1874 2156//1867
f 2163//6326 2135//1847 2159//1874
f 2135//1847 2134//1862 2125//1852
f 2163//6326 2138//1848 2135//1847
f 2134//1862 2137//1850 2163//6326
f 2166//1844 2153//6327 2146//1871
f 2164//1845 2146//1871 2153//6327
f 2153//6327 2137//1850 2164//1845
f 2134//1862 2163//6326 2125//1852
f 2137//1850 2153//6327 2138//1848
f 2147//1851 2164//1845 2152//1873
f 2147//1851 2127//1843 2164//1845
f 2165//1863 2147//1851 2152//1873
f 2133//1858 2166//1844 2127//1843
f 2135//1847 2124//1846 2132//1878
f 2136//6325 2122//1856 2144//1860
f 2130//1861 2131//1865 2156//1867
f 2190//1881 2192//1885 2175//1882
f 2180//1897 2185//1891 2176//1886
f 2171//1908 2177//1898 2194//1902
f 2219//1940 2234//1936 2229//1941 2228//1924
f 2183//1894 2184//1893 2174//1895
f 2173//1896 2184//1893 2186//1901
f 2172//1899 2181//1906 2176//1886
f 2185//1891 2177//1898 2179//1887
f 2185//1891 2193//1890 2182//1892
f 2184//1893 2182//1892 2193//1890
f 2188//1907 2194//1902 2179//1887
f 2194//1902 2177//1898 2170//1903
f 2169//1904 2190//1881 2191//1883
f 2175//1882 2178//1884 2176//1886
f 2181//1906 2179//1887 2176//1886
f 2176//1886 2179//1887 2194//1902
f 2194//1902 2193//1890 2171//1908
f 2186//1901 2181//1906 2173//1896
f 2170//1903 2196//1910 2175//1882
f 2195//1888 2192//1885 2169//1904
f 2196//1910 2195//1888 2175//1882
f 2169//1904 2192//1885 2190//1881
f 2171//1908 2170//1903 2195//1888
f 2197//1889 2188//1907 2179//1887
f 2171//1908 2188//1907 2197//1889
f 2185//1891 2182//1892 2172//1899
f 2177//1898 2171//1908 2179//1887
f 2199//1912 2198//1911 2200//1913
f 2201//6331 2202//6332 2203//6333
f 2203//6333 2202//6332 2201//6331
f 2205//1938 2211//1944 2212//1915
f 2231//1914 2233//1919 2212//1915
f 2218//1931 2225//1925 2214//1920
f 2207//1942 2215//1932 2234//1936
f 2430//2103 2440//2105 2441//2132 2432//2110
f 2222//1946 2224//1927 2210//1929
f 2222//1946 2210//1929 2221//1928
f 2223//1947 2226//1935 2209//1930
f 2223//1947 2224//1927 2226//1935
f 2208//1933 2219//1940 2214//1920
f 2225//1925 2215//1932 2217//1921
f 2225//1925 2228//1924 2220//1926
f 2224//1927 2220//1926 2228//1924
f 2229//1941 2234//1936 2217//1921
f 2234//1936 2215//1932 2206//1937
f 2205//1938 2231//1914 2232//1916
f 2212//1915 2211//1944 2232//1916
f 2212//1915 2216//1917 2214//1920
f 2219//1940 2217//1921 2214//1920
f 2214//1920 2217//1921 2234//1936
f 2234//1936 2228//1924 2207//1942
f 2226//1935 2219//1940 2209//1930
f 2206//1937 2236//1945 2212//1915
f 2235//1922 2233//1919 2205//1938
f 2236//1945 2235//1922 2212//1915
f 2205//1938 2233//1919 2231//1914
f 2207//1942 2206//1937 2235//1922
f 2237//1923 2229//1941 2217//1921
f 2207//1942 2229//1941 2237//1923
f 2225//1925 2220//1926 2208//1933
f 2223//1947 2209//1930 2210//1929
f 2215//1932 2207//1942 2217//1921
f 2240//1949 2239//1948 2238//1950
f 2243//6334 2242//6335 2241//6336
f 2241//6336 2242//6335 2243//6334
f 2244//1957 2245//1959 2267//1962
f 2256//1980 2279//1978 2278//1970
f 2285//1968 2284//1971 2283//1967
f 2247//1991 2276//1990 2246//1987
f 2271//1972 2287//1953 2253//1973
f 2249//1994 2248//1952 2251//1992
f 2255//1997 2279//1978 2256//1980
f 2266//1989 2246//1987 2283//1967
f 2296//1988 2280//1986 2285//1968
f 2296//1988 2270//1965 2280//1986
f 2266//1989 2281//1966 2270//1965
f 2266//1989 2284//1971 2253//1973
f 2292//1964 2285//1968 2270//1965
f 2285//1968 2280//1986 2284//1971
f 2271//1972 2246//1987 2276//1990
f 2271//1972 2295//1954 2287//1953
f 2249//1994 2250//1963 2271//1972
f 2251//1992 2285//1968 2287//1953
f 2251//1992 2286//1951 2285//1968
f 2272//1993 2249//1994 2285//1968
f 2277//1976 2260//1981 2248//1952
f 2277//1976 2264//1975 2260//1981
f 2264//1975 2282//1974 2255//1997
f 2255//1997 2282//1974 2254//1977
f 2273//1995 2248//1952 2254//1977
f 2295//1954 2277//1976 2285//1968
f 2277//1976 2265//1982 2282//1974
f 2254//1977 2260//1981 2265//1982
f 2295//1954 2254//1977 2277//1976
f 2255//1997 2274//1969 2279//1978
f 2288//1996 2258//1961 2263//1956
f 2263//1956 2278//1970 2288//1996
f 2264//1975 2279//1978 2274//1969
f 2279//1978 2264//1975 2269//1958
f 2288//1996 2254//1977 2269//1958
f 2264//1975 2255//1997 2256//1980
f 2256//1980 2278//1970 2257//1998
f 2258//1961 2267//1962 2263//1956
f 2290//1984 2291//1960 2259//1985
f 2252//1983 2259//1985 2291//1960
f 2282//1974 2260//1981 2274//1969
f 2281//1966 2261//2002 2292//1964
f 2281//1966 2266//1989 2275//1999
f 2261//2002 2281//1966 2275//1999
f 2294//2001 2292//1964 2261//2002
f 2294//2001 2293//2000 2292//1964
f 2293//2000 2261//2002 2275//1999
f 2275//1999 2266//1989 2292//1964
f 2266//1989 2283//1967 2284//1971
f 2273//1995 2262//6337 2295//1954
f 2262//6337 2278//1970 2295//1954
f 2262//6337 2273//1995 2278//1970
f 2287//1953 2285//1968 2253//1973
f 2304//2005 2307//2004 2305//2008
f 2303//2006 2305//2008 2307//2004
f 2304//2005 2306//2007 2303//2006
f 2306//2007 2305//2008 2303//2006
f 2313//6338 2315//6339 2314//6340
f 2315//6339 2313//6338 2314//6340
f 2318//2017 2319//2019 2339//2022
f 2329//2039 2350//2037 2349//2030
f 2356//2028 2355//2031 2354//2027
f 2321//2050 2347//2049 2320//2046
f 2323//2052 2322//2012 2325//2051
f 2328//2055 2350//2037 2329//2039
f 2338//2048 2320//2046 2354//2027
f 2367//2047 2351//2045 2356//2028
f 2367//2047 2342//2025 2351//2045
f 2338//2048 2352//2026 2342//2025
f 2338//2048 2355//2031 2358//2013
f 2363//2024 2356//2028 2342//2025
f 2356//2028 2351//2045 2355//2031
f 2343//2032 2320//2046 2347//2049
f 2343//2032 2366//2014 2358//2013
f 2323//2052 2324//2023 2343//2032
f 2325//2051 2356//2028 2358//2013
f 2325//2051 2357//2011 2356//2028
f 2348//2035 2332//2040 2322//2012
f 2348//2035 2336//2034 2332//2040
f 2336//2034 2353//2033 2328//2055
f 2328//2055 2353//2033 2327//2036
f 2344//2053 2322//2012 2327//2036
f 2366//2014 2348//2035 2356//2028
f 2348//2035 2337//2041 2353//2033
f 2327//2036 2332//2040 2337//2041
f 2366//2014 2327//2036 2348//2035
f 2328//2055 2345//2029 2350//2037
f 2359//2054 2330//2021 2335//2016
f 2335//2016 2349//2030 2359//2054
f 2336//2034 2350//2037 2345//2029
f 2350//2037 2336//2034 2341//2018
f 2359//2054 2327//2036 2341//2018
f 2336//2034 2328//2055 2329//2039
f 2329//2039 2349//2030 2361//2043
f 2330//2021 2339//2022 2335//2016
f 2361//2043 2362//2020 2331//2044
f 2326//2042 2331//2044 2362//2020
f 2353//2033 2332//2040 2345//2029
f 2352//2026 2333//2059 2363//2024
f 2352//2026 2338//2048 2346//2056
f 2333//2059 2352//2026 2346//2056
f 2365//2058 2363//2024 2333//2059
f 2365//2058 2364//2057 2363//2024
f 2364//2057 2333//2059 2346//2056
f 2346//2056 2338//2048 2363//2024
f 2338//2048 2354//2027 2355//2031
f 2344//2053 2334//6341 2366//2014
f 2334//6341 2349//2030 2366//2014
f 2334//6341 2344//2053 2349//2030
f 2370//390 2368//390 2369//390
f 2380//2060 2377//2063 2376//2061
f 2374//2067 2376//2061 2377//2063
f 2377//2063 2378//2065 2374//2067
f 2381//2064 2375//2062 2376//2061
f 2380//2060 2381//2064 2377//2063
f 2382//2068 2379//2066 2375//2062
f 2374//2067 2379//2066 2376//2061
f 2385//6342 2387//6343 2386//6344
f 2387//6343 2385//6342 2386//6344
f 2392//2080 2398//2079 2400//6345
f 2406//2070 2403//2077 2390//2076
f 2393//2072 2401//2075 2390//2076
f 2402//2073 2395//2084 2394//2074
f 2399//2069 2391//2071 2392//2080
f 2405//2082 2399//2069 2400//6345
f 2405//2082 2400//6345 2398//2079
f 2399//2069 2392//2080 2400//6345
f 2392//2080 2404//2083 2402//2073
f 2402//2073 2404//2083 2395//2084
f 2397//2085 2392//2080 2391//2071
f 2391//2071 2390//2076 2404//2083
f 2390//2076 2394//2074 2404//2083
f 2396//2078 2392//2080 2402//2073
f 2412//2097 2418//2096 2420//6346
f 2426//2087 2423//2094 2410//2093
f 2413//2089 2421//2092 2410//2093
f 2422//2090 2415//2101 2414//2091
f 2419//2086 2411//2088 2412//2097
f 2425//2099 2419//2086 2420//6346
f 2425//2099 2420//6346 2418//2096
f 2419//2086 2412//2097 2420//6346
f 2412//2097 2424//2100 2422//2090
f 2422//2090 2424//2100 2415//2101
f 2417//2102 2412//2097 2411//2088
f 2411//2088 2410//2093 2424//2100
f 2410//2093 2414//2091 2424//2100
f 2416//2095 2412//2097 2422//2090
f 2503//2167 2488//2166 2508//2165 2521//2160
f 2463//2115 2462//2136 2434//2114
f 2443//2134 2441//2132 2465//2142
f 2437//2120 2460//2135 2434//2114
f 2464//2137 2437//2120 2438//2111
f 2447//2139 2449//2109 2444//2126
f 2460//2135 2469//2112 2434//2114
f 2471//2130 2467//2129 2460//2135
f 2460//2135 2461//2117 2445//2121
f 2454//2104 2447//2139 2444//2126
f 2456//2123 2434//2114 2464//2137
f 2441//2132 2452//2133 2454//2104
f 2440//2105 2447//2139 2452//2133
f 2462//2136 2460//2135 2437//2120
f 2461//2117 2471//2130 2433//2118
f 2463//2115 2450//2106 2462//2136
f 2463//2115 2448//2107 2450//2106
f 2462//2136 2450//2106 2460//2135
f 2451//2138 2434//2114 2462//2136
f 2437//2120 2464//2137 2462//2136
f 2455//2141 2464//2137 2438//2111
f 2447//2139 2440//2105 2449//2109
f 2444//2126 2449//2109 2455//2141
f 2449//2109 2440//2105 2432//2110
f 2449//2109 2446//2140 2464//2137
f 2439//2125 2442//2124 2441//2132
f 2440//2105 2443//2134 2465//2142
f 2454//2104 2439//2125 2441//2132
f 2430//2103 2439//2125 2454//2104
f 2432//2110 2442//2124 2446//2140
f 2442//2124 2466//2116 2446//2140
f 2456//2123 2446//2140 2466//2116
f 2455//2141 2449//2109 2464//2137
f 2437//2120 2453//2128 2436//2122
f 2467//2129 2435//2119 2436//2122
f 2467//2129 2453//2128 2437//2120
f 2461//2117 2467//2129 2468//2143
f 2467//2129 2461//2117 2460//2135
f 2460//2135 2445//2121 2435//2119
f 2470//2144 2456//2123 2445//2121
f 2469//2112 2463//2115 2458//2127
f 2469//2112 2461//2117 2463//2115
f 2469//2112 2445//2121 2461//2117
f 2445//2121 2469//2112 2470//2144
f 2493//2174 2483//2157 2490//2173
f 2488//2166 2498//2188 2485//2180 2502//2159
f 2493//2174 2500//2164 2480//2150
f 2485//2180 2519//2179 2511//2177
f 2517//2152 2515//2176 2516//2183
f 2520//2192 2519//2179 2503//2167 2487//2170
f 2512//2162 2511//2177 2486//2186
f 2519//2179 2486//2186 2511//2177
f 2513//2161 2484//2187 2497//2153
f 2484//2187 2485//2180 2504//2154
f 2513//2161 2497//2153 2485//2180
f 2514//2171 2508//2165 2513//2161
f 2488//2166 2514//2171 2498//2188
f 2485//2180 2498//2188 2513//2161
f 2507//2189 2514//2171 2488//2166
f 2515//2176 2493//2174 2506//2151
f 2483//2157 2493//2174 2515//2176
f 2490//2173 2507//2189 2493//2174
f 2514//2171 2490//2173 2496//2156
f 2496//2156 2495//2190 2514//2171
f 2481//2163 2495//2190 2501//2184
f 2501//2184 2500//2164 2481//2163
f 2491//2182 2518//2191 2492//2185
f 2491//2182 2506//2151 2501//2184
f 2517//2152 2491//2182 2480//2150
f 2506//2151 2500//2164 2501//2184
f 2501//2184 2480//2150 2491//2182
f 2483//2157 2501//2184 2495//2190
f 2495//2190 2481//2163 2508//2165
f 2507//2189 2490//2173 2514//2171
f 2509//2169 2510//2181 2487//2170
f 2488//2166 2505//2178 2487//2170
f 2956//2563 2967//2604 2930//2610 2952//2608
f 2519//2179 2505//2178 2488//2166
f 2486//2186 2519//2179 2520//2192
f 2502//2159 2503//2167 2521//2160
f 2521//2160 2508//2165 2494//2168
f 2494//2168 2503//2167 2511//2177
f 2525//390 2526//390 2524//390
f 2527//390 2529//390 2528//390
f 2543//2199 2542//2196 2533//2207
f 2541//2206 2531//2194 2542//2196
f 2540//2195 2539//6347 2542//2196
f 2539//6347 2533//2207 2542//2196
f 2546//2200 2543//2199 2535//2201
f 2531//2194 2544//2203 2535//2201
f 2544//2203 2545//2205 2538//2208
f 2533//2207 2540//2195 2534//2209
f 2533//2207 2534//2209 2530//2198
f 2531//2194 2530//2198 2534//2209
f 2536//2197 2531//2194 2535//2201
f 2535//2201 2533//2207 2530//2198
f 2561//2212 2559//2219 2547//2210
f 2547//2210 2559//2219 2566//2216
f 2549//2234 2568//2217 2557//2218
f 2559//2219 2554//2236 2566//2216
f 2549//2234 2573//2213 2569//2215
f 2566//2216 2554//2236 2561//2212
f 2556//2232 2563//2227 2548//2230
f 2547//2210 2566//2216 2574//2235
f 2574//2235 2560//2225 2554//2236
f 2560//2225 2574//2235 2566//2216
f 2569//2215 2568//2217 2549//2234
f 2556//2232 2570//2222 2551//2233
f 2563//2227 2556//2232 2551//2233
f 2553//2229 2548//2230 2563//2227
f 2571//2220 2557//2218 2564//2211
f 2572//2228 2571//2220 2553//2229
f 2563//2227 2557//2218 2571//2220
f 2548//2230 2550//2226 2557//2218
f 2556//2232 2558//2231 2570//2222
f 2557//2218 2552//2221 2558//2231
f 2557//2218 2558//2231 2548//2230
f 2564//2211 2549//2234 2565//2214
f 2555//6348 2562//2224 2547//2210
f 2555//6348 2574//2235 2562//2224
f 2565//2214 2573//2213 2559//2219
f 2573//2213 2574//2235 2559//2219
f 2571//2220 2559//2219 2561//2212
f 2547//2210 2574//2235 2555//6348
f 2564//2211 2573//2213 2549//2234
f 2571//2220 2564//2211 2565//2214
f 2554//2236 2560//2225 2561//2212
f 2568//2217 2569//2215 2550//2226
f 2592//2239 2590//2246 2577//2237
f 2577//2237 2590//2246 2597//2243
f 2580//2261 2599//2244 2588//2245
f 2590//2246 2585//2263 2597//2243
f 2580//2261 2578//2240 2600//2242
f 2597//2243 2585//2263 2592//2239
f 2587//2259 2594//2254 2579//2257
f 2577//2237 2597//2243 2604//2262
f 2604//2262 2591//2252 2585//2263
f 2591//2252 2604//2262 2597//2243
f 2600//2242 2599//2244 2580//2261
f 2587//2259 2601//2249 2582//2260
f 2594//2254 2587//2259 2582//2260
f 2584//2256 2579//2257 2594//2254
f 2602//2247 2588//2245 2595//2238
f 2603//2255 2602//2247 2584//2256
f 2594//2254 2588//2245 2602//2247
f 2579//2257 2581//2253 2588//2245
f 2587//2259 2589//2258 2601//2249
f 2588//2245 2583//2248 2589//2258
f 2588//2245 2589//2258 2579//2257
f 2595//2238 2580//2261 2596//2241
f 2586//6349 2593//2251 2577//2237
f 2586//6349 2604//2262 2593//2251
f 2596//2241 2578//2240 2590//2246
f 2578//2240 2604//2262 2590//2246
f 2602//2247 2590//2246 2592//2239
f 2577//2237 2604//2262 2586//6349
f 2595//2238 2578//2240 2580//2261
f 2602//2247 2595//2238 2596//2241
f 2585//2263 2591//2252 2592//2239
f 2599//2244 2600//2242 2581//2253
f 2617//2266 2615//2273 2605//2264
f 2605//2264 2615//2273 2621//2270
f 2607//2288 2623//2271 2626//2272
f 2615//2273 2611//2290 2621//2270
f 2607//2288 2631//2267 2624//2269
f 2621//2270 2611//2290 2617//2266
f 2629//2286 2630//2284 2626//2272
f 2605//2264 2621//2270 2632//2289
f 2632//2289 2616//2280 2611//2290
f 2616//2280 2632//2289 2621//2270
f 2624//2269 2623//2271 2607//2288
f 2613//2282 2625//2277 2609//2276
f 2626//2272 2630//2284 2613//2282
f 2627//2285 2630//2284 2622//2278
f 2628//2274 2626//2272 2619//2265
f 2626//2272 2609//2276 2624//2269
f 2629//2286 2628//2274 2622//2278
f 2606//2283 2608//2281 2609//2276
f 2613//2282 2614//2287 2625//2277
f 2609//2276 2610//2275 2614//2287
f 2609//2276 2614//2287 2630//2284
f 2619//2265 2607//2288 2620//2268
f 2612//6350 2618//2279 2605//2264
f 2612//6350 2632//2289 2618//2279
f 2620//2268 2631//2267 2615//2273
f 2631//2267 2632//2289 2615//2273
f 2628//2274 2615//2273 2617//2266
f 2605//2264 2632//2289 2612//6350
f 2619//2265 2631//2267 2607//2288
f 2628//2274 2619//2265 2620//2268
f 2611//2290 2616//2280 2617//2266
f 2623//2271 2624//2269 2608//2281
f 2634//2305 2647//2304 2635//2298
f 2639//2299 2635//2298 2643//2301
f 2638//2296 2633//2293 2642//2294
f 2641//2291 2633//2293 2637//2295
f 2636//2292 2634//2305 2633//2293
f 2633//2293 2634//2305 2644//2297
f 2643//2301 2644//2297 2639//2299
f 2645//2302 2644//2297 2643//2301
f 2646//2303 2644//2297 2640//2300
f 2645//2302 2643//2301 2640//2300
f 2646//2303 2640//2300 2633//2293
f 2647//2304 2636//2292 2642//2294
f 2635//2298 2642//2294 2633//2293
f 2634//2305 2635//2298 2644//2297
f 2662//2308 2660//2312 2648//2306
f 2648//2306 2660//2312 2665//2309
f 2652//2330 2668//2310 2671//2311
f 2660//2312 2656//2332 2665//2309
f 2649//2321 2674//2313 2667//2329
f 2665//2309 2656//2332 2662//2308
f 2672//2327 2673//2325 2671//2311
f 2648//2306 2665//2309 2675//2331
f 2675//2331 2661//2320 2656//2332
f 2661//2320 2675//2331 2665//2309
f 2664//2307 2667//2329 2674//2313
f 2658//2323 2669//2316 2654//2315
f 2671//2311 2673//2325 2658//2323
f 2670//2326 2673//2325 2666//2317
f 2671//2311 2654//2315 2649//2321
f 2672//2327 2671//2311 2666//2317
f 2651//2324 2653//2322 2654//2315
f 2658//2323 2659//2328 2669//2316
f 2654//2315 2655//2314 2659//2328
f 2654//2315 2659//2328 2673//2325
f 2664//2307 2652//2330 2667//2329
f 2657//6351 2663//2319 2648//2306
f 2674//2313 2650//2318 2675//2331
f 2657//6351 2675//2331 2663//2319
f 2674//2313 2675//2331 2660//2312
f 2671//2311 2660//2312 2662//2308
f 2648//2306 2675//2331 2657//6351
f 2664//2307 2650//2318 2652//2330
f 2668//2310 2652//2330 2649//2321
f 2671//2311 2664//2307 2674//2313
f 2656//2332 2661//2320 2662//2308
f 2690//2335 2704//2339 2681//2333
f 2681//2333 2704//2339 2692//2336
f 2678//2357 2694//2337 2697//2338
f 2704//2339 2683//2359 2692//2336
f 2692//2336 2683//2359 2690//2335
f 2678//2357 2686//2356 2695//2349
f 2700//2354 2701//2352 2697//2338
f 2681//2333 2703//6352 2676//2346
f 2681//2333 2689//2347 2683//2359
f 2689//2347 2681//2333 2692//2336
f 2695//2349 2694//2337 2678//2357
f 2685//2350 2696//2344 2680//2343
f 2697//2338 2701//2352 2685//2350
f 2698//2353 2701//2352 2693//2345
f 2699//2340 2697//2338 2691//2334
f 2697//2338 2680//2343 2695//2349
f 2700//2354 2699//2340 2693//2345
f 2677//2351 2679//2348 2680//2343
f 2685//2350 2687//2355 2696//2344
f 2680//2343 2682//2342 2687//2355
f 2680//2343 2687//2355 2701//2352
f 2691//2334 2678//2357 2702//2341
f 2681//2333 2684//2360 2703//6352
f 2676//2346 2702//2341 2686//2356
f 2702//2341 2676//2346 2703//6352
f 2702//2341 2703//6352 2684//2360
f 2704//2339 2702//2341 2688//2358
f 2702//2341 2681//2333 2688//2358
f 2704//2339 2688//2358 2683//2359
f 2699//2340 2704//2339 2690//2335
f 2691//2334 2676//2346 2678//2357
f 2699//2340 2691//2334 2702//2341
f 2683//2359 2689//2347 2690//2335
f 2694//2337 2695//2349 2679//2348
f 2711//2369 2705//2368 2716//2371
f 2714//2366 2713//2361 2707//2365
f 2713//2361 2715//2363 2707//2365
f 2706//2362 2710//2375 2715//2363
f 2717//2367 2715//2363 2710//2375
f 2716//2371 2717//2367 2711//2369
f 2718//2372 2717//2367 2716//2371
f 2719//2373 2717//2367 2712//2370
f 2718//2372 2716//2371 2712//2370
f 2719//2373 2712//2370 2715//2363
f 2706//2362 2714//2366 2708//2374
f 2708//2374 2720//2376 2706//2362
f 2705//2368 2720//2376 2708//2374
f 2709//2364 2705//2368 2714//2366
f 2710//2375 2705//2368 2717//2367
f 2734//2382 2733//2379 2724//2390
f 2732//2389 2722//2377 2733//2379
f 2731//2378 2730//6353 2733//2379
f 2730//6353 2724//2390 2733//2379
f 2737//2383 2734//2382 2726//2384
f 2722//2377 2735//2386 2726//2384
f 2735//2386 2736//2388 2729//2391
f 2724//2390 2731//2378 2725//2392
f 2724//2390 2725//2392 2721//2381
f 2722//2377 2721//2381 2725//2392
f 2727//2380 2722//2377 2726//2384
f 2726//2384 2724//2390 2721//2381
f 2755//2398 2754//2395 2745//2406
f 2753//2405 2743//2393 2754//2395
f 2752//2394 2751//6354 2754//2395
f 2751//6354 2745//2406 2754//2395
f 2758//2399 2755//2398 2747//2400
f 2743//2393 2756//2402 2747//2400
f 2756//2402 2757//2404 2750//2407
f 2745//2406 2752//2394 2746//2408
f 2745//2406 2746//2408 2742//2397
f 2743//2393 2742//2397 2746//2408
f 2748//2396 2743//2393 2747//2400
f 2747//2400 2745//2406 2742//2397
f 2771//2414 2770//2411 2764//2418
f 2769//2410 2768//6355 2770//2411
f 2768//6355 2764//2418 2770//2411
f 2766//2415 2771//2414 2765//2412
f 2762//2409 2772//2417 2767//2419
f 2764//2418 2769//2410 2761//2413
f 2765//2412 2764//2418 2761//2413
f 2789//2425 2788//2422 2780//2432
f 2787//2431 2778//2420 2788//2422
f 2786//2421 2785//6356 2788//2422
f 2785//6356 2780//2432 2788//2422
f 2792//2426 2789//2425 2782//2423
f 2778//2420 2790//2428 2782//2423
f 2790//2428 2791//2430 2784//2433
f 2780//2432 2786//2421 2781//2434
f 2780//2432 2781//2434 2777//2424
f 2778//2420 2777//2424 2781//2434
f 2782//2423 2780//2432 2777//2424
f 2797//2436 2796//2435 2795//2437
f 2800//390 2798//390 2799//390
f 2806//390 2804//390 2805//390
f 2806//390 2805//390 2804//390
f 2809//390 2807//390 2808//390
f 2812//2443 2811//2442 2810//2441
f 2815//390 2813//390 2814//390
f 2818//390 2816//390 2817//390
f 2823//2449 2833//2472 2821//2448
f 2837//2451 2829//2445 2821//2448
f 2822//2453 2836//2471 2846//2450
f 2822//2453 2833//2472 2836//2471
f 2822//2453 2838//2452 2834//2455
f 2838//2452 2825//2457 2833//2472
f 2834//2455 2836//2471 2825//2457
f 2839//2458 2835//2456 2837//2451
f 2835//2456 2839//2458 2842//2464
f 2841//2459 2825//2457 2840//2463
f 2841//2459 2827//2462 2828//2461
f 2840//2463 2826//2467 2828//2461
f 2841//2459 2828//2461 2826//2467
f 2827//2462 2841//2459 2840//2463
f 2841//2459 2826//2467 2839//2458
f 2835//2456 2842//2464 2838//2452
f 2837//2451 2821//2448 2834//2455
f 2837//2451 2820//2444 2832//2466
f 2829//2445 2822//2453 2846//2450
f 2834//2455 2838//2452 2833//2472
f 2825//2457 2826//2467 2840//2463
f 2826//2467 2838//2452 2839//2458
f 2836//2471 2833//2472 2825//2457
f 2836//2471 2824//2470 2846//2450
f 2844//2446 2831//2465 2845//2469
f 2819//2468 2844//2446 2845//2469
f 2832//2466 2820//2444 2831//2465
f 2820//2444 2845//2469 2831//2465
f 2822//2453 2829//2445 2820//2444
f 2844//2446 2819//2468 2823//2449
f 2833//2472 2822//2453 2821//2448
f 2847//2460 2825//2457 2841//2459
f 2847//2460 2839//2458 2825//2457
f 2854//2477 2856//2476 2855//2478
f 2860//2502 2867//2482 2884//2501
f 2860//2502 2859//2500 2857//2483
f 2862//2487 2877//2488 2858//2479
f 2859//2500 2861//2499 2884//2501
f 2862//2487 2878//2498 2859//2500
f 2874//2490 2863//2496 2877//2488
f 2873//2495 2865//2491 2866//2493
f 2873//2495 2872//2492 2865//2491
f 2874//2490 2873//2495 2866//2493
f 2874//2490 2866//2493 2872//2492
f 2870//2484 2875//2504 2868//2486
f 2875//2504 2858//2479 2868//2486
f 2863//2496 2876//2485 2870//2484
f 2870//2484 2858//2479 2863//2496
f 2878//2498 2864//2489 2879//2497
f 2878//2498 2862//2487 2864//2489
f 2872//2492 2862//2487 2876//2485
f 2860//2502 2880//2503 2867//2482
f 2869//2480 2858//2479 2880//2503
f 2858//2479 2882//2481 2859//2500
f 2857//2483 2876//2485 2862//2487
f 2857//2483 2859//2500 2875//2504
f 2880//2503 2858//2479 2881//2505
f 2883//2506 2882//2481 2881//2505
f 2877//2488 2862//2487 2861//2499
f 2871//2494 2864//2489 2872//2492
f 2888//2510 2889//2509 2890//2511
f 2893//2513 2891//2512 2892//2514
f 2897//2536 2896//2535 2894//2519
f 2898//2523 2907//2524 2895//2515
f 2896//2535 2907//2524 2903//2518
f 2898//2523 2914//2534 2896//2535
f 2911//2526 2899//2532 2907//2524
f 2910//2531 2901//2527 2902//2529
f 2910//2531 2909//2528 2901//2527
f 2911//2526 2910//2531 2902//2529
f 2911//2526 2902//2529 2909//2528
f 2906//2520 2912//2538 2904//2522
f 2912//2538 2895//2515 2904//2522
f 2899//2532 2913//2521 2906//2520
f 2906//2520 2895//2515 2899//2532
f 2914//2534 2900//2525 2915//2533
f 2914//2534 2898//2523 2900//2525
f 2909//2528 2898//2523 2913//2521
f 2897//2536 2916//2537 2903//2518
f 2905//2516 2895//2515 2916//2537
f 2895//2515 2918//2517 2896//2535
f 2894//2519 2913//2521 2898//2523
f 2894//2519 2896//2535 2912//2538
f 2916//2537 2895//2515 2917//2539
f 2919//2540 2918//2517 2917//2539
f 2908//2530 2900//2525 2909//2528
f 2920//2541 2922//2542 2921//390
f 2925//2545 2923//2544 2924//2543
f 2928//2547 2926//2546 2927//2548
f 2933//2560 2991//2569 2929//2561
f 2966//2574 2977//2552 2945//2551
f 2956//2563 2934//2575 2967//2604
f 2956//2563 2933//2560 2958//2562 2992//2564
f 2932//2558 2971//2595 2955//2555
f 2931//2556 2969//2605 2972//2557
f 2950//2559 2955//2555 2972//2557
f 2993//2598 2940//2578 2973//2577 2974//2614
f 2977//2552 2966//2574 2959//2550
f 2967//2604 2951//2601 2930//2610
f 2940//2578 2957//2596 2974//2614
f 2974//2614 2957//2596 2993//2598
f 2962//2612 2960//2593 2985//2592
f 2940//2578 2974//2614 2953//2576
f 2987//2591 2986//2594 2962//2612
f 2941//2549 2944//2565 2966//2574
f 2952//2608 2959//2550 2951//2601
f 2937//2600 2994//2580 2975//2599
f 2948//2597 2947//2579 2950//2559
f 2994//2580 2936//2583 2950//2559
f 2959//2550 2952//2608 2990//2587
f 3034//2635 3046//2672 3010//2678 3031//2676
f 2967//2604 2937//2600 2976//2602
f 2936//2583 2973//2577 2950//2559
f 2950//2559 2953//2576 2969//2605
f 2988//2590 2958//2562 2941//2549
f 2932//2558 2931//2556 2964//2585
f 2964//2585 2965//2584 2932//2558
f 2971//2595 2932//2558 2965//2584
f 2978//2588 2974//2614 2948//2597
f 2946//2603 2976//2602 2975//2599
f 2976//2602 2946//2603 2957//2596
f 2957//2596 2968//2572 2976//2602
f 2977//2552 2976//2602 2951//2601
f 2977//2552 2967//2604 2976//2602
f 2978//2588 2957//2596 2937//2600
f 2968//2572 2961//2589 2967//2604
f 2978//2588 2953//2576 2974//2614
f 2953//2576 2978//2588 2936//2583
f 2953//2576 2936//2583 2949//2582
f 2950//2559 2972//2557 2971//2595
f 2969//2605 2931//2556 2950//2559
f 2979//2581 2936//2583 2970//2606
f 2979//2581 2970//2606 2950//2559
f 2994//2580 2970//2606 2936//2583
f 2948//2597 2970//2606 2994//2580
f 2936//2583 2940//2578 2947//2579
f 2968//2572 2940//2578 2980//2607
f 2980//2607 2978//2588 2968//2572
f 2980//2607 2936//2583 2978//2588
f 2982//2553 2951//2601 2981//2554
f 2981//2554 2951//2601 2983//2573
f 2951//2601 2982//2553 2977//2552
f 2963//2566 2977//2552 2983//2573
f 2983//2573 2942//2611 2992//2564
f 2941//2549 2943//2567 2992//2564
f 2941//2549 2966//2574 2943//2567
f 2956//2563 2935//2571 2934//2575
f 2951//2601 2984//2609 2930//2610
f 2984//2609 2939//2570 2930//2610
f 2968//2572 2934//2575 2930//2610
f 2951//2601 2935//2571 2984//2609
f 2956//2563 2990//2587 2984//2609
f 2939//2570 2990//2587 2934//2575
f 2990//2587 2930//2610 2934//2575
f 2943//2567 2983//2573 2944//2565
f 2987//2591 2988//2590 2986//2594
f 2954//2613 2958//2562 2988//2590
f 2943//2567 2966//2574 2945//2551
f 2959//2550 2966//2574 2951//2601
f 2959//2550 2990//2587 2945//2551
f 2958//2562 2945//2551 2991//2569
f 2956//2563 2929//2561 2991//2569
f 2962//2612 2985//2592 2941//2549
f 2986//2594 2960//2593 2962//2612
f 2941//2549 2985//2592 2988//2590
f 2993//2598 2948//2597 2994//2580
f 2971//2595 2972//2557 2938//2586
f 2975//2599 2994//2580 2947//2579
f 2955//2555 2964//2585 2931//2556
f 2955//2555 2950//2559 2932//2558
f 2997//2616 2995//2615 2996//2617
f 2999//6357 3000//6358 2998//6359
f 3000//6358 2999//6357 2998//6359
f 3007//2619 3006//2618 3008//2620
f 3013//2632 3067//2641 3009//2633
f 3045//2645 3056//2624 3066//2623
f 3034//2635 3014//2646 3046//2672
f 3034//2635 3013//2632 3036//2634 3068//2636
f 3012//2630 3050//2663 3033//2627
f 3011//2628 3048//2673 3051//2629
f 3029//2631 3033//2627 3051//2629
f 3069//2666 3020//2649 3052//2648 3053//2682
f 3056//2624 3045//2645 3037//2622
f 3046//2672 3030//2669 3010//2678
f 3020//2649 3035//2664 3053//2682
f 3053//2682 3035//2664 3069//2666
f 3040//2680 3038//2662 3021//2621
f 3020//2649 3053//2682 3032//2647
f 3064//2661 3063//2660 3040//2680
f 3021//2621 3024//2637 3045//2645
f 3031//2676 3037//2622 3030//2669
f 3017//2668 3070//2651 3054//2667
f 3027//2665 3026//2650 3029//2631
f 3070//2651 3016//2654 3029//2631
f 3037//2622 3031//2676 3066//2623
f 3112//2704 3126//2748 3086//2753 3109//2751
f 3046//2672 3017//2668 3055//2670
f 3016//2654 3052//2648 3029//2631
f 3029//2631 3032//2647 3048//2673
f 3063//2660 3036//2634 3021//2621
f 3012//2630 3011//2628 3043//2656
f 3043//2656 3044//2655 3012//2630
f 3050//2663 3012//2630 3044//2655
f 3057//2658 3053//2682 3027//2665
f 3025//2671 3055//2670 3054//2667
f 3055//2670 3025//2671 3035//2664
f 3035//2664 3047//2644 3055//2670
f 3056//2624 3055//2670 3030//2669
f 3056//2624 3046//2672 3055//2670
f 3057//2658 3035//2664 3017//2668
f 3047//2644 3039//2659 3046//2672
f 3057//2658 3032//2647 3053//2682
f 3032//2647 3057//2658 3016//2654
f 3032//2647 3016//2654 3028//2653
f 3029//2631 3051//2629 3050//2663
f 3048//2673 3011//2628 3029//2631
f 3058//2652 3016//2654 3049//2674
f 3058//2652 3049//2674 3029//2631
f 3070//2651 3049//2674 3016//2654
f 3027//2665 3049//2674 3070//2651
f 3016//2654 3020//2649 3026//2650
f 3047//2644 3020//2649 3059//2675
f 3059//2675 3057//2658 3047//2644
f 3059//2675 3016//2654 3057//2658
f 3061//2625 3030//2669 3060//2626
f 3030//2669 3061//2625 3056//2624
f 3042//2638 3056//2624 3060//2626
f 3060//2626 3022//2679 3068//2636
f 3021//2621 3023//2639 3068//2636
f 3021//2621 3045//2645 3023//2639
f 3034//2635 3015//2643 3014//2646
f 3030//2669 3062//2677 3010//2678
f 3062//2677 3019//2642 3010//2678
f 3047//2644 3014//2646 3010//2678
f 3030//2669 3015//2643 3062//2677
f 3034//2635 3066//2623 3062//2677
f 3019//2642 3066//2623 3014//2646
f 3066//2623 3010//2678 3014//2646
f 3023//2639 3060//2626 3024//2637
f 3041//2681 3036//2634 3063//2660
f 3023//2639 3045//2645 3066//2623
f 3037//2622 3045//2645 3030//2669
f 3036//2634 3066//2623 3067//2641
f 3034//2635 3009//2633 3067//2641
f 3063//2660 3038//2662 3040//2680
f 3069//2666 3027//2665 3070//2651
f 3050//2663 3051//2629 3018//2657
f 3054//2667 3070//2651 3026//2650
f 3033//2627 3043//2656 3011//2628
f 3033//2627 3029//2631 3012//2630
f 3071//2685 3073//2684 3072//2683
f 3075//390 3076//2686 3074//390
f 3089//2701 3151//2710 3085//2702
f 3125//2715 3137//2693 3101//2692
f 3112//2704 3090//2716 3126//2748
f 3112//2704 3089//2701 3114//2703 3152//2705
f 3088//2699 3130//2738 3111//2696
f 3087//2697 3128//2749 3131//2698
f 3107//2700 3111//2696 3131//2698
f 3153//2741 3096//2719 3132//2718 3133//2759
f 3137//2693 3125//2715 3115//2691
f 3126//2748 3108//2744 3086//2753
f 3096//2719 3103//2739 3133//2759
f 3133//2759 3103//2739 3153//2741
f 3119//2756 3116//2736 3145//2735
f 3096//2719 3133//2759 3110//2717
f 3147//2734 3146//2737 3119//2756
f 3097//2690 3100//2706 3125//2715
f 3109//2751 3115//2691 3108//2744
f 3093//2743 3154//2723 3134//2742
f 3105//2740 3104//2722 3107//2700
f 3154//2723 3092//2726 3107//2700
f 3115//2691 3109//2751 3150//2730
f 3170//2768 3206//2824 3199//2784 3225//2766
f 3102//2752 3095//2711 3144//2754
f 3092//2726 3132//2718 3107//2700
f 3107//2700 3110//2717 3128//2749
f 3148//2733 3114//2703 3097//2690
f 3088//2699 3087//2697 3123//2728
f 3123//2728 3124//2727 3088//2699
f 3130//2738 3088//2699 3124//2727
f 3138//2731 3133//2759 3105//2740
f 3103//2739 3113//2746 3134//2742
f 3103//2739 3127//2713 3113//2746
f 3113//2746 3136//2747 3134//2742
f 3135//2745 3134//2742 3136//2747
f 3113//2746 3127//2713 3135//2745
f 3137//2693 3135//2745 3108//2744
f 3137//2693 3126//2748 3135//2745
f 3138//2731 3103//2739 3135//2745
f 3127//2713 3118//2732 3126//2748
f 3138//2731 3110//2717 3133//2759
f 3110//2717 3138//2731 3092//2726
f 3110//2717 3092//2726 3106//2725
f 3107//2700 3131//2698 3130//2738
f 3128//2749 3087//2697 3107//2700
f 3139//2724 3092//2726 3129//2750
f 3139//2724 3129//2750 3107//2700
f 3154//2723 3129//2750 3092//2726
f 3105//2740 3129//2750 3154//2723
f 3092//2726 3096//2719 3104//2722
f 3127//2713 3096//2719 3122//2720
f 3122//2720 3138//2731 3127//2713
f 3122//2720 3092//2726 3138//2731
f 3092//2726 3122//2720 3140//2721
f 3142//2694 3108//2744 3141//2695
f 3141//2695 3108//2744 3143//2714
f 3108//2744 3142//2694 3137//2693
f 3121//2707 3137//2693 3143//2714
f 3143//2714 3098//2755 3152//2705
f 3097//2690 3099//2708 3152//2705
f 3097//2690 3125//2715 3099//2708
f 3112//2704 3091//2712 3090//2716
f 3108//2744 3144//2754 3086//2753
f 3144//2754 3095//2711 3086//2753
f 3127//2713 3090//2716 3086//2753
f 3108//2744 3091//2712 3144//2754
f 3112//2704 3150//2730 3102//2752
f 3095//2711 3150//2730 3090//2716
f 3150//2730 3086//2753 3090//2716
f 3099//2708 3143//2714 3100//2706
f 3147//2734 3148//2733 3146//2737
f 3120//2757 3114//2703 3148//2733
f 3099//2708 3125//2715 3101//2692
f 3115//2691 3125//2715 3108//2744
f 3115//2691 3150//2730 3101//2692
f 3114//2703 3101//2692 3151//2710
f 3112//2704 3085//2702 3151//2710
f 3119//2756 3145//2735 3097//2690
f 3146//2737 3117//2758 3119//2756
f 3146//2737 3116//2736 3117//2758
f 3097//2690 3145//2735 3148//2733
f 3153//2741 3105//2740 3154//2723
f 3130//2738 3131//2698 3094//2729
f 3134//2742 3154//2723 3104//2722
f 3111//2696 3123//2728 3087//2697
f 3111//2696 3107//2700 3088//2699
f 3155//2762 3157//2761 3156//2760
f 3160//6360 3158//6361 3159//6362
f 3158//6361 3160//6360 3159//6362
f 3166//2765 3168//2764 3167//2763
f 3311//2902 3342//2956 3336//2918 3362//2900
f 3206//2824 3178//2769 3199//2784
f 3203//2776 3181//2775 3174//2778
f 3194//2781 3196//2799 3198//2809
f 3194//2781 3193//2780 3196//2799
f 3179//2786 3202//2777 3173//2791
f 3224//2767 3226//2805 3201//6363
f 3171//2772 3205//2771 3172//2821
f 3207//2792 3219//2820 3222//2822
f 3217//2795 3216//2816 3182//2796
f 3229//2806 3200//2817 3175//2794
f 3197//2779 3209//2800 3193//2780
f 3198//2809 3193//2780 3210//2827
f 3169//2810 3200//2817 3217//2795
f 3225//2766 3179//2786 3207//2792
f 3189//2812 3212//2802 3169//2810
f 3213//2804 3211//2801 3190//2811
f 3169//2810 3176//2793 3200//2817
f 3214//2808 3195//2819 3232//2797
f 3187//2798 3180//2785 3223//2789
f 3228//2807 3175//2794 3176//2793
f 3176//2793 3187//2798 3228//2807
f 3175//2794 3182//2796 3216//2816
f 3216//2816 3227//2815 3175//2794
f 3227//2815 3181//2775 3217//2795
f 3218//2818 3220//2774 3188//2782
f 3218//2818 3181//2775 3220//2774
f 3218//2818 3217//2795 3181//2775
f 3219//2820 3227//2815 3187//2798
f 3202//2777 3180//2785 3207//2792
f 3207//2792 3179//2786 3220//2774
f 3180//2785 3217//2795 3173//2791
f 3173//2791 3217//2795 3174//2778
f 3187//2798 3232//2797 3217//2795
f 3173//2791 3174//2778 3221//2783
f 3179//2786 3225//2766 3180//2785
f 3187//2798 3223//2789 3207//2792
f 3223//2789 3171//2772 3172//2821
f 3185//2790 3205//2771 3204//2773
f 3184//2770 3204//2773 3224//2767
f 3224//2767 3183//2788 3199//2784
f 3226//2805 3178//2769 3183//2788
f 3186//2823 3206//2824 3170//2768
f 3178//2769 3225//2766 3183//2788
f 3183//2788 3225//2766 3199//2784
f 3201//6363 3177//2787 3224//2767
f 3177//2787 3226//2805 3183//2788
f 3177//2787 3201//6363 3226//2805
f 3206//2824 3186//2823 3225//2766
f 3185//2790 3172//2821 3205//2771
f 3223//2789 3172//2821 3225//2766
f 3219//2820 3187//2798 3222//2822
f 3228//2807 3187//2798 3227//2815
f 3227//2815 3217//2795 3175//2794
f 3230//2825 3216//2816 3200//2817
f 3229//2806 3216//2816 3230//2825
f 3191//2814 3195//2819 3214//2808
f 3209//2800 3213//2804 3233//2828
f 3233//2828 3191//2814 3215//2813
f 3192//2803 3209//2800 3208//2826
f 3208//2826 3196//2799 3214//2808
f 3194//2781 3215//2813 3197//2779
f 3198//2809 3210//2827 3194//2781
f 3210//2827 3209//2800 3194//2781
f 3196//2799 3231//6364 3209//2800
f 3231//6364 3208//2826 3209//2800
f 3231//6364 3196//2799 3208//2826
f 3197//2779 3198//2809 3196//2799
f 3221//2783 3202//2777 3203//2776
f 3237//2832 3239//2835 3238//2833
f 3238//2833 3239//2835 3240//2834
f 3241//2838 3249//2840 3253//2836
f 3273//2848 3252//2847 3247//2850
f 3265//2853 3285//2868 3270//2876
f 3265//2853 3264//2852 3285//2868
f 3249//2840 3241//2838 3295//2887
f 3290//2855 3272//2849 3246//2859
f 3274//2874 3295//2887 3293//2888
f 3245//2845 3255//2844 3251//2885
f 3260//2865 3252//2847 3259//2854
f 3242//2891 3243//2877 3268//2863
f 3269//2851 3284//2869 3264//2852
f 3267//2883 3262//2866 3268//2863
f 3251//2885 3290//2855 3278//2860
f 3267//2883 3287//2872 3243//2877
f 3266//2880 3282//2879 3243//2877
f 3268//2863 3271//2881 3298//2882
f 3259//2854 3283//2857 3296//2862
f 3296//2862 3283//2857 3292//2841
f 3261//2867 3248//2864 3268//2863
f 3268//2863 3259//2854 3261//2867
f 3248//2864 3242//2891 3296//2862
f 3248//2864 3261//2867 3242//2891
f 3262//2866 3243//2877 3260//2865
f 3257//2846 3258//2856 3252//2847
f 3289//2884 3278//2860 3296//2862
f 3254//2843 3290//2855 3251//2885
f 3272//2849 3283//2857 3278//2860
f 3246//2859 3259//2854 3290//2855
f 3289//2884 3296//2862 3291//2861
f 3292//2841 3245//2845 3251//2885
f 3276//2873 3251//2885 3255//2844
f 3277//2886 3276//2873 3245//2845
f 3292//2841 3255//2844 3275//2842
f 3254//2843 3275//2842 3274//2874
f 3254//2843 3245//2845 3292//2841
f 3274//2874 3294//2889 3254//2843
f 3294//2889 3253//2836 3254//2843
f 3292//2841 3283//2857 3250//2858
f 3256//2839 3250//2858 3283//2857
f 3250//2858 3256//2839 3244//2837
f 3295//2887 3244//2837 3253//2836
f 3274//2874 3292//2841 3295//2887
f 3295//2887 3253//2836 3294//2889
f 3277//2886 3251//2885 3276//2873
f 3296//2862 3278//2860 3248//2864
f 3278//2860 3260//2865 3248//2864
f 3260//2865 3243//2877 3242//2891
f 3301//6365 3299//2894 3287//2872
f 3301//6365 3287//2872 3298//2882
f 3280//2870 3287//2872 3299//2894
f 3299//2894 3298//2882 3288//2875
f 3263//2871 3279//2893 3271//2881
f 3263//2871 3280//2870 3281//2892
f 3281//2892 3264//2852 3271//2881
f 3288//2875 3284//2869 3280//2870
f 3265//2853 3288//2875 3269//2851
f 3284//2869 3265//2853 3270//2876
f 3300//6366 3285//2868 3281//2892
f 3285//2868 3300//6366 3280//2870
f 3300//6366 3281//2892 3280//2870
f 3259//2854 3268//2863 3262//2866
f 3298//2882 3299//2894 3301//6365
f 3269//2851 3270//2876 3285//2868
f 3259//2854 3272//2849 3273//2848
f 3302//390 3304//390 3303//2895
f 3306//2899 3308//2898 3305//2897
f 3305//2897 3307//2896 3306//2899
f 3447//3024 3453//3033 3479//3046 3482//3038
f 3342//2956 3318//2903 3336//2918
f 3339//2910 3321//2909 3315//2912
f 3366//2915 3333//2933 3335//2942
f 3366//2915 3331//2914 3333//2933
f 3319//2920 3338//2911 3314//2925
f 3361//2901 3363//2940 3337//2921
f 3312//2906 3341//2905 3313//2954
f 3351//2949 3309//2951 3343//2927
f 3334//2913 3352//2934 3331//2914
f 3335//2942 3331//2914 3347//2960
f 3310//2943 3309//2951 3356//2930
f 3362//2900 3319//2920 3364//2926
f 3329//2945 3353//2936 3310//2943
f 3354//2946 3348//2935 3330//2944
f 3310//2943 3316//2929 3309//2951
f 3355//2941 3349//2947 3367//2938
f 3349//2947 3332//2952 3368//2932
f 3343//2927 3320//2919 3360//2923
f 3343//2927 3322//2931 3364//2926
f 3364//2926 3322//2931 3351//2949
f 3364//2926 3321//2909 3356//2930
f 3328//2916 3321//2909 3357//2908
f 3328//2916 3356//2930 3321//2909
f 3338//2911 3320//2919 3364//2926
f 3364//2926 3319//2920 3357//2908
f 3320//2919 3356//2930 3314//2925
f 3314//2925 3356//2930 3315//2912
f 3343//2927 3368//2932 3356//2930
f 3314//2925 3315//2912 3358//2917
f 3319//2920 3362//2900 3320//2919
f 3327//2928 3360//2923 3359//2953
f 3360//2923 3312//2906 3313//2954
f 3325//2924 3341//2905 3340//2907
f 3324//2904 3340//2907 3361//2901
f 3361//2901 3323//2922 3336//2918
f 3363//2940 3318//2903 3323//2922
f 3326//2955 3342//2956 3311//2902
f 3318//2903 3362//2900 3323//2922
f 3323//2922 3362//2900 3336//2918
f 3337//2921 3363//2940 3323//2922
f 3342//2956 3326//2955 3362//2900
f 3325//2924 3313//2954 3341//2905
f 3360//2923 3313//2954 3362//2900
f 3350//2950 3327//2928 3364//2926
f 3322//2931 3356//2930 3351//2949
f 3369//2958 3354//2946 3349//2947
f 3365//2939 3349//2947 3355//2941
f 3367//2938 3344//2937 3345//2959
f 3345//2959 3346//2948 3355//2941
f 3346//2948 3333//2933 3331//2914
f 3366//2915 3352//2934 3344//2937
f 3335//2942 3347//2960 3366//2915
f 3347//2960 3352//2934 3366//2915
f 3333//2933 3346//2948 3345//2959
f 3349//2947 3365//2939 3369//2958
f 3334//2913 3335//2942 3333//2933
f 3358//2917 3338//2911 3339//2910
f 3370//390 3371//2961 3372//390
f 3374//390 3373//390 3375//390
f 3407//2965 3394//2962 3396//2964
f 3389//2970 3408//3014 3406//2968
f 3390//2979 3379//2971 3425//2975
f 3434//2978 3412//2977 3419//2987
f 3384//2980 3400//2974 3402//2973
f 3384//2980 3427//2982 3385//2972
f 3402//2973 3385//2972 3427//2982
f 3400//2974 3427//2982 3380//2981
f 3425//2975 3400//2974 3380//2981
f 3382//3002 3425//2975 3386//3008
f 3376//3010 3377//2993 3382//3002
f 3431//3006 3376//3010 3409//3009
f 3423//2976 3420//2988 3412//2977
f 3434//2978 3418//3004 3420//2988
f 3377//2993 3376//3010 3425//2975
f 3391//3001 3421//2999 3377//2993
f 3413//2992 3432//2991 3391//3001
f 3377//2993 3413//2992 3391//3001
f 3393//2986 3395//3012 3424//2984
f 3416//3007 3409//3009 3382//3002
f 3382//3002 3410//2985 3416//3007
f 3409//3009 3386//3008 3381//3005
f 3426//3011 3427//2982 3390//2979
f 3426//3011 3379//2971 3427//2982
f 3426//3011 3382//3002 3379//2971
f 3428//2995 3408//3014 3389//2970
f 3427//2982 3417//2983 3399//2966
f 3400//2974 3385//2972 3417//2983
f 3402//2973 3410//2985 3425//2975
f 3429//2963 3389//2970 3427//2982
f 3414//3015 3381//3005 3410//2985
f 3403//2994 3389//2970 3398//2969
f 3408//3014 3378//3013 3403//2994
f 3428//2995 3398//2969 3406//2968
f 3406//2968 3378//3013 3428//2995
f 3408//3014 3403//2994 3406//2968
f 3378//3013 3406//2968 3394//2962
f 3394//2962 3404//3018 3378//3013
f 3404//3018 3397//2967 3378//3013
f 3383//3016 3407//2965 3429//2963
f 3407//2965 3383//3016 3388//3017
f 3388//3017 3394//2962 3407//2965
f 3430//3020 3394//2962 3388//3017
f 3388//3017 3404//3018 3430//3020
f 3387//3021 3405//3019 3430//3020
f 3405//3019 3387//3021 3404//3018
f 3403//2994 3378//3013 3389//2970
f 3376//3010 3431//3006 3381//3005
f 3431//3006 3409//3009 3416//3007
f 3386//3008 3425//2975 3381//3005
f 3433//2996 3392//2998 3432//2991
f 3401//2989 3432//2991 3392//2998
f 3392//2998 3436//2997 3401//2989
f 3401//2989 3436//2997 3415//3000
f 3401//2989 3415//3000 3423//2976
f 3422//2990 3411//3003 3415//3000
f 3422//2990 3401//2989 3411//3003
f 3423//2976 3415//3000 3418//3004
f 3412//2977 3401//2989 3419//2987
f 3401//2989 3423//2976 3434//2978
f 3434//2978 3420//2988 3401//2989
f 3419//2987 3418//3004 3434//2978
f 3412//2977 3435//3022 3401//2989
f 3401//2989 3435//3022 3411//3003
f 3393//2986 3433//2996 3395//3012
f 3382//3002 3386//3008 3376//3010
f 3402//2973 3380//2981 3390//2979
f 3437//3023 3439//390 3438//390
f 3441//390 3440//390 3442//390
f 3443//3051 3452//3031 3466//3030
f 3448//3026 3453//3033 3452//3031
f 3473//3050 3475//3053 3445//3040
f 3446//3039 3479//3046 3443//3051
f 3497//3069 3503//3078 3529//3091 3532//3083
f 3447//3024 3483//3054 3478//3055
f 3448//3026 3465//3047 3471//3049
f 3470//3045 3472//3034 3446//3039
f 3477//3035 3476//3064 3462//3063
f 3462//3063 3473//3050 3454//3061
f 3462//3063 3450//3059 3477//3035
f 3477//3035 3444//3027 3480//3036
f 3469//3028 3477//3035 3459//3029
f 3477//3035 3469//3028 3444//3027
f 3461//3044 3443//3051 3480//3036
f 3444//3027 3470//3045 3480//3036
f 3449//3048 3479//3046 3453//3033
f 3457//3025 3465//3047 3481//6367
f 3453//3033 3481//6367 3465//3047
f 3481//6367 3453//3033 3457//3025
f 3484//3060 3448//3026 3458//3057
f 3483//3054 3457//3025 3478//3055
f 3448//3026 3483//3054 3447//3024
f 3479//3046 3456//3032 3482//3038
f 3482//3038 3467//3056 3478//3055
f 3443//3051 3468//3037 3463//3052
f 3463//3052 3468//3037 3464//3041
f 3468//3037 3443//3051 3467//3056
f 3443//3051 3466//3030 3467//3056
f 3475//3053 3464//3041 3474//3043
f 3445//3040 3462//3063 3446//3039
f 3446//3039 3485//3062 3455//3042
f 3455//3042 3462//3063 3445//3040
f 3462//3063 3485//3062 3446//3039
f 3475//3053 3474//3043 3455//3042
f 3486//3065 3473//3050 3445//3040
f 3473//3050 3486//3065 3472//3034
f 3445//3040 3463//3052 3486//3065
f 3463//3052 3476//3064 3486//3065
f 3473//3050 3462//3063 3476//3064
f 3444//3027 3462//3063 3455//3042
f 3450//3059 3462//3063 3444//3027
f 3490//3067 3491//3066 3492//3068
f 3493//3096 3502//3076 3516//3075
f 3498//3071 3503//3078 3502//3076
f 3523//3095 3525//3098 3495//3085
f 3496//3084 3529//3091 3493//3096
f 3547//3114 3553//3123 3546//3129 3577//3128
f 3497//3069 3533//3099 3528//3100
f 3498//3071 3515//3092 3521//3094
f 3520//3090 3522//3079 3496//3084
f 3527//3080 3526//3109 3512//3108
f 3512//3108 3523//3095 3504//3106
f 3512//3108 3500//3104 3527//3080
f 3527//3080 3494//3072 3530//3081
f 3519//3073 3527//3080 3509//3074
f 3527//3080 3519//3073 3494//3072
f 3511//3089 3493//3096 3530//3081
f 3494//3072 3520//3090 3530//3081
f 3499//3093 3529//3091 3503//3078
f 3507//3070 3515//3092 3531//6368
f 3503//3078 3531//6368 3515//3092
f 3531//6368 3503//3078 3507//3070
f 3534//3105 3498//3071 3508//3102
f 3533//3099 3507//3070 3528//3100
f 3498//3071 3533//3099 3497//3069
f 3529//3091 3506//3077 3532//3083
f 3532//3083 3517//3101 3528//3100
f 3493//3096 3518//3082 3513//3097
f 3513//3097 3518//3082 3514//3086
f 3518//3082 3493//3096 3517//3101
f 3493//3096 3516//3075 3517//3101
f 3525//3098 3514//3086 3524//3088
f 3495//3085 3512//3108 3496//3084
f 3496//3084 3535//3107 3505//3087
f 3505//3087 3512//3108 3495//3085
f 3512//3108 3535//3107 3496//3084
f 3525//3098 3524//3088 3505//3087
f 3536//3110 3523//3095 3495//3085
f 3523//3095 3536//3110 3522//3079
f 3495//3085 3513//3097 3536//3110
f 3513//3097 3526//3109 3536//3110
f 3523//3095 3512//3108 3526//3109
f 3494//3072 3512//3108 3505//3087
f 3500//3104 3512//3108 3494//3072
f 3539//390 3537//390 3538//390
f 3539//390 3538//390 3537//390
f 3540//3112 3541//3111 3542//3113
f 3543//3138 3552//3121 3565//3120
f 3548//3116 3553//3123 3552//3121
f 3571//3137 3572//3133 3545//3130
f 3594//3160 3605//3190 3607//3175 3617//3163
f 3547//3114 3578//3139 3575//3140
f 3548//3116 3564//3134 3569//3136
f 3568//3143 3570//3124 3546//3129
f 3574//3125 3573//3150 3561//3149
f 3561//3149 3571//3137 3554//3147
f 3561//3149 3550//3145 3574//3125
f 3574//3125 3544//3117 3576//3126
f 3567//3118 3574//3125 3559//3119
f 3574//3125 3567//3118 3544//3117
f 3568//3143 3543//3138 3576//3126
f 3544//3117 3568//3143 3576//3126
f 3549//3135 3546//3129 3553//3123
f 3557//3115 3564//3134 3553//3123
f 3579//3146 3548//3116 3558//3142
f 3578//3139 3557//3115 3575//3140
f 3548//3116 3578//3139 3547//3114
f 3546//3129 3556//3122 3577//3128
f 3577//3128 3566//3141 3575//3140
f 3562//3127 3543//3138 3566//3141
f 3543//3138 3565//3120 3566//3141
f 3545//3130 3561//3149 3546//3129
f 3546//3129 3580//3148 3555//3132
f 3555//3132 3561//3149 3545//3130
f 3561//3149 3580//3148 3546//3129
f 3581//3151 3571//3137 3545//3130
f 3571//3137 3581//3151 3570//3124
f 3545//3130 3562//3127 3581//3151
f 3562//3127 3573//3150 3581//3151
f 3571//3137 3561//3149 3573//3150
f 3544//3117 3561//3149 3555//3132
f 3550//3145 3561//3149 3544//3117
f 3585//3153 3586//3152 3587//3154
f 3614//3157 3611//3161 3592//3159
f 3613//3169 3606//3164 3618//3170
f 3611//3161 3595//3168 3589//3155
f 3607//3175 3600//3185 3606//3164
f 3613//3169 3617//3163 3619//3184
f 3614//3157 3620//3171 3621//3177
f 3821//3371 3824//3356 3823//3358 3804//3362
f 3615//3166 3612//3191 3600//3185
f 3600//3185 3593//3183 3615//3166
f 3615//3166 3603//3181 3616//3162
f 3594//3160 3619//3184 3605//3190
f 3607//3175 3605//3190 3616//3162
f 3590//3186 3619//3184 3594//3160
f 3620//3171 3588//3172 3611//3161
f 3619//3184 3590//3186 3602//3158
f 3602//3158 3604//3187 3619//3184
f 3595//3168 3588//3172 3594//3160
f 3596//3176 3601//3156 3623//3178
f 3614//3157 3596//3176 3589//3155
f 3601//3156 3595//3168 3623//3178
f 3611//3161 3588//3172 3595//3168
f 3623//3178 3589//3155 3596//3176
f 3592//3159 3623//3178 3604//3187
f 3618//3170 3599//3167 3610//3189
f 3594//3160 3609//3173 3610//3189
f 3624//3174 3609//3173 3594//3160
f 3600//3185 3624//3174 3610//3189
f 3624//3174 3600//3185 3607//3175
f 3625//3165 3599//3167 3618//3170
f 3598//3182 3615//3166 3593//3183
f 3627//390 3628//390 3626//390
f 3629//390 3631//390 3630//390
f 3641//3220 3682//3193 3633//3211
f 3645//3239 3636//3194 3680//3197
f 3635//3196 3645//3239 3681//3198
f 3677//3202 3650//3212 3667//3203
f 3643//3229 3662//3214 3637//3209
f 3665//3217 3672//3216 3657//3215
f 3640//3208 3663//3240 3673//3206
f 3673//3206 3659//3219 3654//3204
f 3661//3236 3639//3218 3662//3214
f 3646//3225 3670//3222 3649//3231
f 3655//3223 3651//3192 3634//3228
f 3634//3228 3671//3227 3649//3231
f 3671//3227 3651//3192 3642//3230
f 3643//3229 3642//3230 3667//3203
f 3649//3231 3640//3208 3664//3232
f 3640//3208 3632//3207 3664//3232
f 3647//3210 3654//3204 3640//3208
f 3659//3219 3663//3240 3640//3208
f 3664//3232 3675//3233 3676//3199
f 3676//3199 3675//3233 3638//3234
f 3664//3232 3676//3199 3674//3201
f 3664//3232 3674//3201 3647//3210
f 3647//3210 3674//3201 3658//3200
f 3646//3225 3664//3232 3647//3210
f 3632//3207 3638//3234 3664//3232
f 3666//3221 3649//3231 3656//3195
f 3634//3228 3649//3231 3655//3223
f 3671//3227 3656//3195 3649//3231
f 3650//3212 3677//3202 3671//3227
f 3671//3227 3636//3194 3650//3212
f 3645//3239 3677//3202 3652//3213
f 3637//3209 3672//3216 3677//3202
f 3635//3196 3636//3194 3656//3195
f 3645//3239 3635//3196 3656//3195
f 3671//3227 3645//3239 3656//3195
f 3677//3202 3645//3239 3671//3227
f 3636//3194 3667//3203 3651//3192
f 3678//3235 3672//3216 3652//3213
f 3645//3239 3650//3212 3636//3194
f 3652//3213 3650//3212 3645//3239
f 3657//3215 3639//3218 3665//3217
f 3639//3218 3657//3215 3662//3214
f 3662//3214 3643//3229 3661//3236
f 3643//3229 3637//3209 3660//3237
f 3667//3203 3642//3230 3651//3192
f 3656//3195 3681//3198 3679//3238
f 3679//3238 3682//3193 3666//3221
f 3704//3250 3692//3241 3689//6369
f 3685//3268 3717//3282 3714//3258
f 3704//3250 3689//6369 3729//3243
f 3709//3251 3729//3243 3690//3252
f 3693//3271 3705//3253 3706//3242
f 3695//3254 3718//3264 3684//3255
f 3724//3266 3702//3280 3699//3257
f 3698//3277 3716//6370 3726//3260
f 3705//3253 3703//3267 3696//3263
f 3703//3267 3724//3266 3696//3263
f 3706//3242 3712//3274 3711//3270
f 3709//3251 3704//3250 3706//3242
f 3719//3265 3693//3271 3691//3272
f 3724//3266 3718//3264 3696//3263
f 3718//3264 3712//3274 3720//3269
f 3718//3264 3711//3270 3712//3274
f 3691//3272 3706//3242 3719//3265
f 3709//3251 3691//3272 3721//3273
f 3693//3271 3719//3265 3694//3245
f 3693//3271 3722//3244 3687//3246
f 3693//3271 3687//3246 3705//3253
f 3723//3261 3701//3276 3715//3262
f 3723//3261 3725//3275 3701//3276
f 3699//3257 3723//3261 3726//3260
f 3726//3260 3685//3268 3699//3257
f 3720//3269 3700//3249 3696//3263
f 3705//3253 3696//3263 3699//3257
f 3697//3279 3725//3275 3699//3257
f 3688//3248 3726//3260 3716//6370
f 3727//6371 3715//3262 3698//3277
f 3726//3260 3728//3278 3727//6371
f 3727//6371 3698//3277 3726//3260
f 3727//6371 3728//3278 3715//3262
f 3716//6370 3698//3277 3688//3248
f 3708//3247 3685//3268 3688//3248
f 3707//3259 3685//3268 3700//3249
f 3700//3249 3688//3248 3715//3262
f 3700//3249 3702//3280 3724//3266
f 3700//3249 3697//3279 3702//3280
f 3707//3259 3713//3256 3685//3268
f 3713//3256 3686//3281 3685//3268
f 3713//3256 3699//3257 3686//3281
f 3686//3281 3700//3249 3720//3269
f 3717//3282 3686//3281 3720//3269
f 3713//3256 3717//3282 3720//3269
f 3692//3241 3704//3250 3690//3252
f 3704//3250 3729//3243 3706//3242
f 3709//3251 3721//3273 3710//3284
f 3721//3273 3689//6369 3683//3283
f 3689//6369 3690//3252 3729//3243
f 3689//6369 3721//3273 3690//3252
f 3692//3241 3729//3243 3709//3251
f 3692//3241 3709//3251 3689//6369
f 3709//3251 3683//3283 3689//6369
f 3706//3242 3705//3253 3684//3255
f 3734//3294 3735//3296 3759//3299
f 3747//3318 3774//3320 3772//3308
f 3782//3305 3781//3309 3780//3304
f 3737//3335 3770//3334 3736//3331
f 3763//3310 3784//3290 3744//3311
f 3740//3339 3738//3289 3742//3340
f 3773//3315 3774//3320 3747//3318
f 3758//3333 3736//3331 3780//3304
f 3796//3332 3776//3330 3782//3305
f 3796//3332 3762//3302 3776//3330
f 3758//3333 3777//3303 3762//3302
f 3791//6372 3792//3301 3777//3303
f 3758//3333 3781//3309 3744//3311
f 3792//3301 3782//3305 3762//3302
f 3782//3305 3776//3330 3781//3309
f 3763//3310 3736//3331 3770//3334
f 3763//3310 3739//3291 3784//3290
f 3740//3339 3741//3300 3763//3310
f 3742//3340 3764//3336 3741//3300
f 3764//3336 3782//3305 3784//3290
f 3764//3336 3783//3288 3782//3305
f 3769//3338 3771//3314 3751//3323
f 3765//3337 3740//3339 3782//3305
f 3769//3338 3751//3323 3738//3289
f 3771//3314 3775//3313 3751//3323
f 3775//3313 3779//3312 3746//3319
f 3746//3319 3745//3317 3773//3315
f 3746//3319 3779//3312 3745//3317
f 3766//3341 3738//3289 3745//3317
f 3739//3291 3769//3338 3782//3305
f 3771//3314 3757//3324 3779//3312
f 3745//3317 3751//3323 3757//3324
f 3739//3291 3745//3317 3771//3314
f 3773//3315 3767//3307 3774//3320
f 3795//3345 3753//3316 3739//3291
f 3786//3326 3778//3342 3755//3293
f 3755//3293 3772//3308 3786//3326
f 3775//3313 3774//3320 3767//3307
f 3774//3320 3775//3313 3761//3306
f 3786//3326 3745//3317 3761//3306
f 3756//3343 3746//3319 3747//3318
f 3747//3318 3772//3308 3748//3321
f 3749//3298 3759//3299 3755//3293
f 3788//3328 3789//3297 3750//3329
f 3743//3327 3750//3329 3789//3297
f 3761//3306 3749//3298 3778//3342
f 3753//3316 3786//3326 3772//3308
f 3779//3312 3751//3323 3767//3307
f 3764//3336 3742//3340 3738//3289
f 3777//3303 3752//3349 3791//6372
f 3777//3303 3758//3333 3768//3346
f 3752//3349 3777//3303 3768//3346
f 3794//3348 3791//6372 3752//3349
f 3794//3348 3793//3347 3791//6372
f 3792//3301 3791//6372 3793//3347
f 3793//3347 3752//3349 3768//3346
f 3768//3346 3758//3333 3792//3301
f 3758//3333 3780//3304 3781//3309
f 3766//3341 3754//6373 3795//3345
f 3754//6373 3753//3316 3795//3345
f 3754//6373 3766//3341 3753//3316
f 3755//3293 3778//3342 3749//3298
f 3784//3290 3782//3305 3744//3311
f 3802//3350 3822//3374 3800//3353
f 3822//3374 3802//3350 3799//3352
f 3802//3350 3823//3358 3825//3376
f 3814//3364 3817//3383 3830//3382
f 3827//3363 3815//3380 3813//3366
f 3815//3380 3818//3369 3814//3364
f 3813//3366 3814//3364 3827//3363
f 3819//3367 3827//3363 3803//3359
f 3804//3362 3827//3363 3806//3360
f 3815//3380 3827//3363 3804//3362
f 3807//3368 3818//3369 3815//3380
f 3807//3368 3804//3362 3811//3377
f 3801//3373 3797//3355 3826//3351
f 3809//3372 3797//3355 3801//3373
f 3824//3356 3800//3353 3822//3374
f 3809//3372 3825//3376 3808//3375
f 3824//3356 3822//3374 3823//3358
f 3825//3376 3823//3358 3822//3374
f 3907//3451 3913//3460 3941//3473 3944//3465
f 3802//3350 3800//3353 3797//3355
f 3824//3356 3820//3361 3802//3350
f 3803//3359 3826//3351 3810//3354
f 3802//3350 3825//3376 3810//3354
f 3825//3376 3809//3372 3826//3351
f 3814//3364 3807//3368 3803//3359
f 3812//3378 3811//3377 3803//3359
f 3805//3357 3803//3359 3811//3377
f 3822//3374 3808//3375 3798//3379
f 3821//3371 3802//3350 3806//3360
f 3806//3360 3827//3363 3828//3370
f 3828//3370 3821//3371 3806//3360
f 3817//3383 3814//3364 3816//3365
f 3815//3380 3817//3383 3816//3365
f 3829//3381 3816//3365 3813//3366
f 3832//390 3833//390 3831//390
f 3868//3387 3856//3384 3858//3386
f 3850//3392 3869//3440 3867//3390
f 3852//3401 3837//3393 3890//3397
f 3897//3413 3878//3423 3876//3421
f 3899//3400 3874//3399 3883//3409
f 3849//3388 3841//3443 3842//3444
f 3843//3402 3861//3396 3863//3395
f 3843//3402 3865//3429 3844//3394
f 3863//3395 3844//3394 3865//3429
f 3861//3396 3892//3404 3838//3403
f 3890//3397 3861//3396 3838//3403
f 3840//3424 3890//3397 3845//3433
f 3834//3435 3835//3415 3840//3424
f 3895//3431 3834//3435 3870//3434
f 3887//3398 3884//3410 3874//3399
f 3899//3400 3882//3426 3884//3410
f 3835//3415 3834//3435 3890//3397
f 3853//3422 3885//3420 3835//3415
f 3875//3414 3897//3413 3853//3422
f 3835//3415 3875//3414 3853//3422
f 3855//3408 3857//3427 3888//3406
f 3879//3432 3870//3434 3840//3424
f 3840//3424 3871//3407 3879//3432
f 3870//3434 3845//3433 3839//3430
f 3891//3436 3892//3404 3852//3401
f 3891//3436 3837//3393 3892//3404
f 3891//3436 3840//3424 3837//3393
f 3893//3385 3869//3440 3850//3392
f 3836//3438 3869//3440 3848//3439
f 3865//3429 3881//3405 3849//3388
f 3861//3396 3844//3394 3881//3405
f 3863//3395 3871//3407 3890//3397
f 3892//3404 3865//3429 3843//3402
f 3865//3429 3849//3388 3842//3444
f 3877//3441 3839//3430 3871//3407
f 3851//3437 3839//3430 3877//3441
f 3864//3416 3850//3392 3860//3391
f 3869//3440 3836//3438 3864//3416
f 3893//3385 3860//3391 3867//3390
f 3867//3390 3848//3439 3893//3385
f 3869//3440 3864//3416 3867//3390
f 3848//3439 3867//3390 3856//3384
f 3856//3384 3859//3389 3848//3439
f 3893//3385 3865//3429 3842//3444
f 3842//3444 3868//3387 3893//3385
f 3868//3387 3841//3443 3847//3442
f 3847//3442 3856//3384 3868//3387
f 3894//3446 3856//3384 3847//3442
f 3847//3442 3859//3389 3894//3446
f 3846//3447 3866//3445 3894//3446
f 3866//3445 3846//3447 3859//3389
f 3864//3416 3836//3438 3850//3392
f 3880//3448 3895//3431 3839//3430
f 3895//3431 3870//3434 3879//3432
f 3845//3433 3890//3397 3839//3430
f 3895//3431 3880//3448 3896//3449
f 3898//3417 3854//3419 3897//3413
f 3862//3411 3897//3413 3854//3419
f 3854//3419 3901//3418 3862//3411
f 3862//3411 3901//3418 3878//3423
f 3862//3411 3878//3423 3887//3398
f 3886//3412 3873//6374 3878//3423
f 3873//6374 3886//3412 3872//3425
f 3886//3412 3862//3411 3872//3425
f 3873//6374 3872//3425 3878//3423
f 3887//3398 3878//3423 3882//3426
f 3874//3399 3862//3411 3883//3409
f 3862//3411 3887//3398 3899//3400
f 3899//3400 3884//3410 3862//3411
f 3883//3409 3882//3426 3899//3400
f 3874//3399 3900//3450 3862//3411
f 3862//3411 3900//3450 3872//3425
f 3855//3408 3898//3417 3857//3427
f 3840//3424 3845//3433 3834//3435
f 3863//3395 3838//3403 3852//3401
f 3902//3478 3912//3458 3926//3457
f 3908//3453 3913//3460 3912//3458
f 3933//3477 3936//3480 3905//3467
f 3906//3466 3941//3473 3902//3478
f 4019//3564 4056//3621 4049//3580 4078//3562
f 3907//3451 3945//3481 3940//3482
f 3932//3461 3937//3488 3902//3478
f 3908//3453 3925//3474 3931//3476
f 3930//3472 3932//3461 3906//3466
f 3939//3462 3938//3495 3922//3494
f 3922//3494 3933//3477 3914//3492
f 3922//3494 3910//3487 3939//3462
f 3939//3462 3904//3454 3942//3463
f 3929//3455 3939//3462 3903//3486
f 3939//3462 3929//3455 3904//3454
f 3906//3466 3902//3478 3937//3488
f 3921//3471 3937//3488 3942//3463
f 3904//3454 3930//3472 3942//3463
f 3935//3489 3909//3475 3902//3478
f 3935//3489 3941//3473 3913//3460
f 3917//3452 3925//3474 3943//6375
f 3913//3460 3943//6375 3925//3474
f 3943//6375 3913//3460 3917//3452
f 3909//3475 3935//3489 3913//3460
f 3946//3491 3908//3453 3918//3484
f 3945//3481 3947//3490 3940//3482
f 3908//3453 3945//3481 3907//3451
f 3941//3473 3916//3459 3944//3465
f 3907//3451 3947//3490 3917//3452
f 3944//3465 3927//3483 3940//3482
f 3902//3478 3928//3464 3923//3479
f 3923//3479 3928//3464 3924//3468
f 3928//3464 3902//3478 3927//3483
f 3902//3478 3926//3457 3927//3483
f 3936//3480 3924//3468 3934//3470
f 3905//3467 3922//3494 3906//3466
f 3906//3466 3948//3493 3915//3469
f 3915//3469 3922//3494 3905//3467
f 3922//3494 3948//3493 3906//3466
f 3936//3480 3934//3470 3915//3469
f 3949//3496 3933//3477 3905//3467
f 3933//3477 3949//3496 3932//3461
f 3905//3467 3923//3479 3949//3496
f 3923//3479 3938//3495 3949//3496
f 3933//3477 3922//3494 3938//3495
f 3904//3454 3922//3494 3915//3469
f 3910//3487 3922//3494 3904//3454
f 3903//3486 3919//3456 3929//3455
f 3947//3490 3945//3481 3917//3452
f 3950//3499 3958//3501 3962//3497
f 3983//3509 3961//3508 3955//3511
f 3974//3514 3996//3530 3979//3539
f 3974//3514 3973//3513 3996//3530
f 3958//3501 3950//3499 4009//3552
f 4003//3518 3982//3510 3954//3520
f 3984//3537 4009//3552 4007//3555
f 3953//3506 3964//3505 3960//3550
f 3968//3527 3961//3508 3967//3515
f 3951//3557 3989//3541 3957//3525
f 3978//3512 3995//3531 3973//3513
f 3979//3539 3973//3513 3980//3560
f 3976//3548 3971//3528 3999//3545
f 3960//3550 4003//3518 3988//3521
f 3976//3548 3998//3534 3989//3541
f 3975//3544 3993//3543 3989//3541
f 3999//3545 3977//3540 3997//3542
f 3999//3545 3981//3546 4013//3547
f 3967//3515 3994//3517 4011//3523
f 4011//3523 3994//3517 4006//3502
f 3969//3535 3956//3526 3957//3525
f 3957//3525 3967//3515 3969//3535
f 3956//3526 3951//3557 4011//3523
f 3956//3526 3970//3529 3951//3557
f 3971//3528 3989//3541 3968//3527
f 3966//3507 4004//3516 3961//3508
f 3961//3508 4004//3516 4001//3524
f 4002//3549 3988//3521 4011//3523
f 3963//3504 4003//3518 3960//3550
f 3982//3510 3994//3517 3988//3521
f 3954//3520 3967//3515 4004//3516
f 4002//3549 4011//3523 4005//3522
f 4006//3502 3953//3506 3960//3550
f 3986//3536 3960//3550 3964//3505
f 3987//3551 3986//3536 3953//3506
f 4006//3502 3964//3505 3985//3503
f 3963//3504 3985//3503 3984//3537
f 3963//3504 3953//3506 4006//3502
f 3984//3537 4008//3554 3963//3504
f 4008//3554 3962//3497 3963//3504
f 4006//3502 3994//3517 3959//3519
f 3965//3500 3959//3519 3994//3517
f 3959//3519 3965//3500 3952//3498
f 4009//3552 3952//3498 3962//3497
f 3984//3537 4006//3502 4009//3552
f 4009//3552 3962//3497 4008//3554
f 3984//3537 4007//3555 4010//3553
f 3987//3551 3960//3550 3986//3536
f 4011//3523 3988//3521 3956//3526
f 3988//3521 3968//3527 3956//3526
f 3968//3527 3989//3541 3951//3557
f 4016//6376 4014//3561 3998//3534
f 4016//6376 3998//3534 4013//3547
f 3991//3532 3998//3534 4014//3561
f 4014//3561 4013//3547 4000//3538
f 3972//3533 3990//3559 3981//3546
f 3972//3533 3991//3532 3992//3558
f 3992//3558 3973//3513 3981//3546
f 4000//3538 3995//3531 3991//3532
f 3974//3514 4000//3538 3978//3512
f 3974//3514 3979//3539 3980//3560
f 3995//3531 3974//3514 3980//3560
f 4015//6377 3996//3530 3992//3558
f 3996//3530 4015//6377 3991//3532
f 4015//6377 3992//3558 3991//3532
f 3967//3515 3999//3545 3971//3528
f 4013//3547 4014//3561 4016//6376
f 3978//3512 3979//3539 3996//3530
f 3967//3515 3982//3510 3983//3509
f 4090//3628 4096//3637 4124//3650 4127//3642
f 4056//3621 4028//3565 4049//3580
f 4052//3572 4031//3571 4023//3574
f 4044//3577 4046//3595 4048//3604
f 4044//3577 4043//3576 4046//3595
f 4029//3582 4051//3573 4022//3587
f 4077//3563 4079//3602 4050//6378
f 4020//3568 4055//3567 4021//3618
f 4057//3588 4072//3617 4075//3619
f 4063//3612 4017//3614 4062//3613
f 4047//3575 4059//3596 4043//3576
f 4048//3604 4043//3576 4060//3625
f 4018//3605 4017//3614 4070//3591
f 4078//3562 4029//3582 4057//3588
f 4039//3607 4065//3598 4018//3605
f 4066//3601 4061//3597 4040//3606
f 4018//3605 4025//3589 4017//3614
f 4067//3603 4045//3616 4083//3593
f 4037//3594 4030//3581 4076//3585
f 4080//3611 4062//3613 4025//3589
f 4025//3589 4037//3594 4080//3611
f 4062//3613 4032//3592 4024//3590
f 4024//3590 4032//3592 4063//3612
f 4063//3612 4080//3611 4024//3590
f 4024//3590 4031//3571 4070//3591
f 4071//3615 4073//3570 4038//3578
f 4071//3615 4031//3571 4073//3570
f 4071//3615 4070//3591 4031//3571
f 4072//3617 4024//3590 4037//3594
f 4051//3573 4030//3581 4057//3588
f 4057//3588 4029//3582 4073//3570
f 4030//3581 4070//3591 4022//3587
f 4022//3587 4070//3591 4023//3574
f 4037//3594 4083//3593 4070//3591
f 4022//3587 4023//3574 4074//3579
f 4029//3582 4078//3562 4030//3581
f 4037//3594 4076//3585 4057//3588
f 4076//3585 4020//3568 4021//3618
f 4035//3586 4055//3567 4054//3569
f 4034//3566 4054//3569 4077//3563
f 4077//3563 4033//3584 4049//3580
f 4079//3602 4028//3565 4033//3584
f 4036//3620 4056//3621 4019//3564
f 4028//3565 4078//3562 4033//3584
f 4033//3584 4078//3562 4049//3580
f 4050//6378 4027//3583 4077//3563
f 4027//3583 4079//3602 4033//3584
f 4027//3583 4050//6378 4079//3602
f 4056//3621 4036//3620 4078//3562
f 4035//3586 4021//3618 4055//3567
f 4076//3585 4021//3618 4078//3562
f 4072//3617 4037//3594 4075//3619
f 4032//3592 4070//3591 4063//3612
f 4063//3612 4026//3622 4081//3623
f 4062//3613 4024//3590 4025//3589
f 4041//3609 4045//3616 4067//3603
f 4064//3599 4066//3601 4084//3627
f 4084//3627 4041//3609 4068//3608
f 4042//3600 4064//3599 4058//3624
f 4058//3624 4046//3595 4067//3603
f 4059//3596 4064//3599 4068//3608
f 4044//3577 4068//3608 4047//3575
f 4048//3604 4060//3625 4044//3577
f 4060//3625 4059//3596 4044//3577
f 4046//3595 4082//6379 4064//3599
f 4082//6379 4058//3624 4064//3599
f 4082//6379 4046//3595 4058//3624
f 4083//3593 4045//3616 4069//3610
f 4047//3575 4048//3604 4046//3595
f 4074//3579 4051//3573 4052//3572
f 4085//3655 4095//3635 4109//3634
f 4091//3630 4096//3637 4095//3635
f 4116//3654 4119//3657 4088//3644
f 4089//3643 4124//3650 4085//3655
f 4136//3674 4142//3683 4151//3704 4171//3688
f 4090//3628 4128//3658 4123//3659
f 4115//3638 4120//3665 4085//3655
f 4091//3630 4108//3651 4114//3653
f 4113//3649 4115//3638 4089//3643
f 4122//3639 4121//3672 4105//3671
f 4105//3671 4116//3654 4097//3669
f 4105//3671 4093//3664 4122//3639
f 4122//3639 4087//3631 4125//3640
f 4112//3632 4122//3639 4086//3663
f 4122//3639 4112//3632 4087//3631
f 4089//3643 4085//3655 4120//3665
f 4104//3648 4120//3665 4125//3640
f 4087//3631 4113//3649 4125//3640
f 4118//3666 4092//3652 4085//3655
f 4118//3666 4124//3650 4096//3637
f 4100//3629 4108//3651 4126//6380
f 4096//3637 4126//6380 4108//3651
f 4126//6380 4096//3637 4100//3629
f 4092//3652 4118//3666 4096//3637
f 4129//3668 4091//3630 4101//3661
f 4128//3658 4130//3667 4123//3659
f 4091//3630 4128//3658 4090//3628
f 4124//3650 4099//3636 4127//3642
f 4090//3628 4130//3667 4100//3629
f 4127//3642 4110//3660 4123//3659
f 4085//3655 4111//3641 4106//3656
f 4106//3656 4111//3641 4107//3645
f 4111//3641 4085//3655 4110//3660
f 4085//3655 4109//3634 4110//3660
f 4119//3657 4107//3645 4117//3647
f 4088//3644 4105//3671 4089//3643
f 4089//3643 4131//3670 4098//3646
f 4098//3646 4105//3671 4088//3644
f 4105//3671 4131//3670 4089//3643
f 4119//3657 4117//3647 4098//3646
f 4132//3673 4116//3654 4088//3644
f 4116//3654 4132//3673 4115//3638
f 4088//3644 4106//3656 4132//3673
f 4106//3656 4121//3672 4132//3673
f 4116//3654 4105//3671 4121//3672
f 4087//3631 4105//3671 4098//3646
f 4093//3664 4105//3671 4087//3631
f 4086//3663 4102//3633 4112//3632
f 4130//3667 4128//3658 4100//3629
f 4133//3698 4141//3681 4154//3680
f 4137//3676 4142//3683 4141//3681
f 4160//3690 4163//3707 4134//3693
f 4135//3692 4151//3704 4133//3698
f 4218//3756 4217//3737 4211//3732 4202//3755
f 4136//3674 4172//3700 4166//3702
f 4137//3676 4153//3696 4170//3701
f 4158//3695 4159//3684 4135//3692
f 4165//3685 4164//3714 4143//3713
f 4143//3713 4160//3690 4167//3689
f 4143//3713 4139//3677 4165//3685
f 4157//3678 4139//3677 4168//3686
f 4165//3685 4148//3706 4157//3678
f 4149//3694 4133//3698 4168//3686
f 4150//3691 4158//3695 4168//3686
f 4162//3708 4138//3697 4133//3698
f 4162//3708 4151//3704 4142//3683
f 4145//3675 4153//3696 4169//6381
f 4142//3683 4169//6381 4153//3696
f 4169//6381 4142//3683 4145//3675
f 4138//3697 4162//3708 4142//3683
f 4173//3710 4137//3676 4146//3705
f 4172//3700 4174//3709 4166//3702
f 4137//3676 4172//3700 4136//3674
f 4151//3704 4144//3682 4171//3688
f 4136//3674 4174//3709 4145//3675
f 4171//3688 4155//3703 4166//3702
f 4133//3698 4156//3687 4152//3699
f 4156//3687 4133//3698 4155//3703
f 4133//3698 4154//3680 4155//3703
f 4163//3707 4152//3699 4161//3711
f 4134//3693 4150//3691 4135//3692
f 4135//3692 4175//3712 4161//3711
f 4167//3689 4150//3691 4134//3693
f 4150//3691 4175//3712 4135//3692
f 4175//3712 4143//3713 4167//3689
f 4176//3715 4160//3690 4134//3693
f 4160//3690 4176//3715 4159//3684
f 4134//3693 4152//3699 4176//3715
f 4152//3699 4164//3714 4176//3715
f 4160//3690 4143//3713 4164//3714
f 4174//3709 4172//3700 4145//3675
f 4206//3718 4203//3722 4182//3720
f 4205//3730 4198//3725 4211//3732
f 4212//3748 4178//3731 4184//3721
f 4203//3722 4185//3729 4179//3716
f 4199//3738 4190//3750 4198//3725
f 4205//3730 4210//3724 4212//3748
f 4206//3718 4213//3735 4214//3740
f 4199//3738 4210//3724 4178//3731
f 4207//3727 4204//3757 4190//3750
f 4190//3750 4183//3747 4207//3727
f 4207//3727 4193//3745 4208//3723
f 4196//3743 4209//3749 4208//3723
f 4178//3731 4212//3748 4196//3743
f 4199//3738 4196//3743 4208//3723
f 4194//3751 4212//3748 4184//3721
f 4213//3735 4177//3733 4203//3722
f 4180//3734 4194//3751 4177//3733
f 4212//3748 4180//3734 4192//3719
f 4192//3719 4180//3734 4182//3720
f 4192//3719 4195//3752 4212//3748
f 4185//3729 4177//3733 4184//3721
f 4186//3739 4191//3717 4216//3741
f 4206//3718 4186//3739 4179//3716
f 4191//3717 4185//3729 4216//3741
f 4203//3722 4177//3733 4185//3729
f 4216//3741 4179//3716 4186//3739
f 4182//3720 4216//3741 4195//3752
f 4194//3751 4180//3734 4212//3748
f 4211//3732 4189//3754 4202//3755
f 4178//3731 4201//3736 4202//3755
f 4282//3803 4295//3852 4252//3857 4278//3855
f 4217//3737 4201//3736 4178//3731
f 4190//3750 4217//3737 4218//3756
f 4217//3737 4190//3750 4199//3738
f 4219//3726 4189//3754 4211//3732
f 4188//3746 4207//3727 4183//3747
f 4242//3761 4221//3764 4223//3762
f 4224//3784 4232//3763 4250//3783
f 4224//3784 4223//3762 4221//3764
f 4226//3768 4244//3769 4222//3758
f 4223//3762 4225//3782 4250//3783
f 4226//3768 4245//3781 4223//3762
f 4237//3771 4227//3778 4244//3769
f 4237//3771 4241//3779 4227//3778
f 4240//3776 4230//3774 4231//3775
f 4240//3776 4239//3773 4230//3774
f 4239//3773 4229//3777 4231//3775
f 4237//3771 4240//3776 4231//3775
f 4237//3771 4231//3775 4229//3777
f 4237//3771 4243//3766 4241//3779
f 4236//3765 4242//3761 4234//3767
f 4242//3761 4222//3758 4234//3767
f 4227//3778 4243//3766 4236//3765
f 4236//3765 4222//3758 4227//3778
f 4245//3781 4228//3770 4246//3780
f 4245//3781 4226//3768 4228//3770
f 4229//3777 4226//3768 4243//3766
f 4224//3784 4247//3785 4232//3763
f 4235//3759 4222//3758 4247//3785
f 4222//3758 4220//3760 4223//3762
f 4221//3764 4243//3766 4226//3768
f 4247//3785 4222//3758 4248//3787
f 4233//3788 4249//3786 4248//3787
f 4242//3761 4220//3760 4249//3786
f 4233//3788 4242//3761 4249//3786
f 4244//3769 4226//3768 4225//3782
f 4255//3800 4322//3809 4251//3801
f 4277//3814 4307//3792 4268//3791
f 4282//3803 4256//3815 4295//3852
f 4282//3803 4255//3800 4284//3802 4325//3804
f 4254//3798 4299//3841 4281//3795
f 4253//3796 4297//3835 4310//3797
f 4276//3799 4281//3795 4310//3797
f 4326//3844 4263//3818 4301//3817 4303//3865
f 4307//3792 4277//3814 4285//3790
f 4295//3852 4305//3847 4252//3857
f 4263//3818 4271//3842 4303//3865
f 4303//3865 4271//3842 4326//3844
f 4289//3860 4286//3839 4317//3838
f 4263//3818 4303//3865 4302//3816
f 4319//3837 4318//3840 4289//3860
f 4264//3789 4267//3805 4277//3814
f 4278//3855 4285//3790 4305//3847
f 4259//3846 4327//3822 4304//3845
f 4273//3843 4272//3821 4274//3823
f 4327//3822 4258//3826 4274//3823
f 4285//3790 4278//3855 4323//3831
f 4360//3880 4376//3930 4329//3936 4355//3934
f 4269//3856 4262//3810 4316//3858
f 4295//3852 4279//3849 4306//3848
f 4258//3826 4301//3817 4274//3823
f 4276//3799 4302//3816 4297//3835
f 4320//3836 4284//3802 4264//3789
f 4254//3798 4253//3796 4293//3829
f 4293//3829 4294//3828 4254//3798
f 4299//3841 4254//3798 4294//3828
f 4308//3832 4303//3865 4273//3843
f 4271//3842 4283//3850 4304//3845
f 4271//3842 4296//3812 4283//3850
f 4270//3851 4306//3848 4304//3845
f 4306//3848 4270//3851 4283//3850
f 4283//3850 4296//3812 4306//3848
f 4307//3792 4306//3848 4305//3847
f 4307//3792 4295//3852 4306//3848
f 4308//3832 4271//3842 4279//3849
f 4296//3812 4288//3833 4295//3852
f 4308//3832 4302//3816 4303//3865
f 4302//3816 4308//3832 4258//3826
f 4280//3834 4258//3826 4275//3825
f 4276//3799 4310//3797 4299//3841
f 4297//3835 4253//3796 4276//3799
f 4300//3854 4310//3797 4260//3830
f 4311//3824 4258//3826 4298//3827
f 4311//3824 4298//3827 4276//3799
f 4327//3822 4298//3827 4258//3826
f 4273//3843 4298//3827 4327//3822
f 4258//3826 4263//3818 4272//3821
f 4296//3812 4263//3818 4292//3819
f 4292//3819 4308//3832 4296//3812
f 4292//3819 4258//3826 4308//3832
f 4258//3826 4292//3819 4312//3820
f 4315//3813 4313//3794 4314//3793
f 4314//3793 4305//3847 4277//3814
f 4307//3792 4305//3847 4314//3793
f 4291//3806 4307//3792 4315//3813
f 4315//3813 4265//3859 4325//3804
f 4264//3789 4266//3807 4325//3804
f 4264//3789 4277//3814 4266//3807
f 4282//3803 4257//3811 4256//3815
f 4305//3847 4316//3858 4252//3857
f 4316//3858 4262//3810 4252//3857
f 4296//3812 4256//3815 4252//3857
f 4305//3847 4257//3811 4316//3858
f 4282//3803 4323//3831 4269//3856
f 4262//3810 4323//3831 4256//3815
f 4323//3831 4252//3857 4256//3815
f 4266//3807 4315//3813 4267//3805
f 4261//3861 4320//3836 4318//3840
f 4290//3863 4284//3802 4320//3836
f 4266//3807 4277//3814 4268//3791
f 4285//3790 4277//3814 4305//3847
f 4285//3790 4323//3831 4268//3791
f 4284//3802 4268//3791 4322//3809
f 4282//3803 4251//3801 4322//3809
f 4289//3860 4317//3838 4264//3789
f 4318//3840 4287//3864 4289//3860
f 4318//3840 4286//3839 4287//3864
f 4264//3789 4317//3838 4320//3836
f 4326//3844 4273//3843 4327//3822
f 4299//3841 4300//3854 4260//3830
f 4304//3845 4327//3822 4272//3821
f 4281//3795 4293//3829 4253//3796
f 4281//3795 4276//3799 4254//3798
f 4332//3877 4403//3886 4328//3878
f 4375//3891 4370//3869 4344//3868
f 4360//3880 4333//3892 4376//3930
f 4360//3880 4332//3877 4362//3879 4406//3881
f 4331//3875 4380//3918 4359//3872
f 4330//3873 4378//3912 4391//3874
f 4352//3876 4359//3872 4391//3874
f 4407//3921 4339//3895 4382//3894 4384//3946
f 4370//3869 4375//3891 4363//3867
f 4376//3930 4386//3924 4329//3936
f 4339//3895 4347//3919 4384//3946
f 4384//3946 4347//3919 4407//3921
f 4367//3939 4364//3916 4398//3915
f 4339//3895 4384//3946 4383//3893
f 4400//3914 4399//3917 4367//3939
f 4340//3866 4343//3882 4375//3891
f 4355//3934 4363//3867 4386//3924
f 4336//3923 4408//3899 4385//3922
f 4349//3920 4348//3898 4350//3900
f 4408//3899 4335//3903 4350//3900
f 4363//3867 4355//3934 4404//3908
f 4444//3968 4440//3984 4411//3967 4420//3972
f 4345//3935 4338//3887 4397//3937
f 4376//3930 4356//3926 4387//3925
f 4335//3903 4382//3894 4350//3900
f 4352//3876 4383//3893 4378//3912
f 4401//3913 4362//3879 4340//3866
f 4331//3875 4330//3873 4373//3906
f 4373//3906 4374//3905 4331//3875
f 4380//3918 4331//3875 4374//3905
f 4389//3909 4384//3946 4349//3920
f 4347//3919 4361//3927 4385//3922
f 4347//3919 4377//3889 4361//3927
f 4346//3928 4387//3925 4385//3922
f 4387//3925 4346//3928 4361//3927
f 4361//3927 4377//3889 4387//3925
f 4370//3869 4376//3930 4388//3929
f 4388//3929 4387//3925 4386//3924
f 4388//3929 4376//3930 4387//3925
f 4389//3909 4347//3919 4356//3926
f 4377//3889 4366//3910 4376//3930
f 4371//3931 4366//3910 4389//3909
f 4389//3909 4383//3893 4384//3946
f 4383//3893 4389//3909 4335//3903
f 4357//3911 4335//3903 4351//3902
f 4352//3876 4391//3874 4380//3918
f 4378//3912 4330//3873 4352//3876
f 4381//3933 4391//3874 4337//3907
f 4392//3901 4335//3903 4379//3904
f 4392//3901 4379//3904 4352//3876
f 4408//3899 4379//3904 4335//3903
f 4349//3920 4379//3904 4408//3899
f 4335//3903 4339//3895 4348//3898
f 4377//3889 4339//3895 4372//3896
f 4372//3896 4389//3909 4377//3889
f 4372//3896 4335//3903 4389//3909
f 4335//3903 4372//3896 4393//3897
f 4395//3870 4354//3945 4394//3871
f 4394//3871 4354//3945 4396//3890
f 4354//3945 4395//3870 4370//3869
f 4370//3869 4386//3924 4354//3945
f 4369//3883 4370//3869 4396//3890
f 4396//3890 4341//3938 4406//3881
f 4340//3866 4342//3884 4406//3881
f 4340//3866 4375//3891 4342//3884
f 4360//3880 4334//3888 4333//3892
f 4386//3924 4397//3937 4329//3936
f 4397//3937 4338//3887 4329//3936
f 4377//3889 4333//3892 4329//3936
f 4386//3924 4334//3888 4397//3937
f 4360//3880 4404//3908 4345//3935
f 4338//3887 4404//3908 4333//3892
f 4404//3908 4329//3936 4333//3892
f 4342//3884 4396//3890 4343//3882
f 4353//3940 4401//3913 4399//3917
f 4400//3914 4401//3913 4353//3940
f 4358//3942 4362//3879 4401//3913
f 4342//3884 4375//3891 4344//3868
f 4363//3867 4375//3891 4386//3924
f 4363//3867 4404//3908 4344//3868
f 4362//3879 4344//3868 4403//3886
f 4360//3880 4328//3878 4403//3886
f 4367//3939 4398//3915 4340//3866
f 4399//3917 4365//3943 4367//3939
f 4399//3917 4364//3916 4365//3943
f 4340//3866 4398//3915 4401//3913
f 4375//3891 4354//3945 4386//3924
f 4407//3921 4349//3920 4408//3899
f 4380//3918 4381//3933 4337//3907
f 4385//3922 4408//3899 4348//3898
f 4359//3872 4373//3906 4330//3873
f 4359//3872 4352//3876 4331//3875
f 4427//3950 4417//3947 4453//3989
f 4411//3967 4440//3984 4447//3960
f 4427//3950 4453//3989 4452//3949
f 4434//3951 4452//3949 4415//3952
f 4428//3956 4418//3959 4423//3957
f 4449//3980 4426//3982 4425//3965
f 4448//3966 4441//3964 4422//3962
f 4441//3964 4416//3963 4445//3970
f 4445//3970 4434//3951 4437//3948
f 4434//3951 4427//3950 4437//3948
f 4437//3948 4417//3947 4436//3971
f 4444//3968 4422//3962 4419//3958
f 4441//3964 4445//3970 4443//3969
f 4416//3963 4413//3973 4438//3954
f 4438//3954 4442//3953 4448//3966
f 4421//3977 4433//3976 4429//3975
f 4421//3977 4429//3975 4446//3974
f 4414//3978 4411//3967 4425//3965
f 4447//3960 4422//3962 4420//3972
f 4428//3956 4422//3962 4425//3965
f 4430//3981 4446//3974 4425//3965
f 4450//6382 4439//3983 4429//3975
f 4429//3975 4433//3976 4451//6383
f 4451//6383 4450//6382 4429//3975
f 4450//6382 4451//6383 4433//3976
f 4439//3983 4450//6382 4433//3976
f 4432//3961 4411//3967 4422//3962
f 4422//3962 4446//3974 4430//3981
f 4409//3979 4426//3982 4449//3980
f 4430//3981 4426//3982 4409//3979
f 4414//3978 4439//3983 4433//3976
f 4419//3958 4441//3964 4437//3948 4428//3956
f 4432//3961 4420//3972 4411//3967
f 4420//3972 4440//3984 4428//3956
f 4433//3976 4422//3962 4414//3978
f 4442//3953 4431//3955 4413//3973
f 4428//3956 4440//3984 4444//3968
f 4417//3947 4427//3950 4424//3985
f 4427//3950 4452//3949 4437//3948
f 4436//3971 4412//3988 4435//3987
f 4412//3988 4415//3952 4410//3986
f 4410//3986 4434//3951 4436//3971
f 4453//3989 4415//3952 4452//3949
f 4436//3971 4415//3952 4412//3988
f 4417//3947 4452//3949 4434//3951
f 4417//3947 4434//3951 4453//3989
f 4434//3951 4410//3986 4453//3989
f 4490//4011 4486//4029 4456//4010 4466//4023
f 4445//3970 4416//3963 4434//3951
f 4474//3993 4463//3990 4460//4032
f 4456//4010 4486//4029 4492//4003
f 4474//3993 4460//4032 4498//3992
f 4481//3994 4498//3992 4461//3995
f 4475//3999 4464//4002 4471//4000
f 4494//4024 4472//4027 4469//4008
f 4493//4016 4490//4011 4466//4023
f 4475//3999 4473//4009 4493//4016
f 4473//4009 4487//4007 4493//4016
f 4469//4008 4466//4023 4475//3999
f 4487//4007 4462//4006 4491//4013
f 4491//4013 4481//3994 4483//3991
f 4481//3994 4474//3993 4483//3991
f 4483//3991 4463//3990 4497//4014
f 4462//4006 4497//4014 4461//3995
f 4490//4011 4493//4016 4465//4001
f 4487//4007 4491//4013 4489//4012
f 4462//4006 4458//4017 4484//3997
f 4484//3997 4488//3996 4475//3999
f 4468//4021 4480//4020 4476//4019
f 4467//4018 4468//4021 4476//4019
f 4459//4022 4456//4010 4469//4008
f 4492//4003 4493//4016 4466//4023
f 4454//4025 4469//4008 4493//4016
f 4477//4026 4467//4018 4469//4008
f 4495//6384 4485//4028 4476//4019
f 4476//4019 4480//4020 4496//6385
f 4496//6385 4495//6384 4476//4019
f 4495//6384 4496//6385 4480//4020
f 4485//4028 4495//6384 4480//4020
f 4479//4004 4456//4010 4470//4005
f 4470//4005 4467//4018 4477//4026
f 4454//4025 4472//4027 4494//4024
f 4477//4026 4472//4027 4454//4025
f 4459//4022 4485//4028 4480//4020
f 4465//4001 4487//4007 4483//3991 4475//3999
f 4479//4004 4466//4023 4456//4010
f 4466//4023 4486//4029 4475//3999
f 4480//4020 4470//4005 4459//4022
f 4488//3996 4478//3998 4458//4017
f 4475//3999 4486//4029 4490//4011
f 4463//3990 4474//3993 4497//4014
f 4474//3993 4498//3992 4483//3991
f 4457//4031 4460//4032 4455//4030
f 4455//4030 4481//3994 4482//4015
f 4460//4032 4461//3995 4498//3992
f 4463//3990 4498//3992 4481//3994
f 4463//3990 4481//3994 4460//4032
f 4481//3994 4455//4030 4460//4032
f 4525//4073 4499//4052 4548//4051 4523//4074
f 4491//4013 4462//4006 4481//3994
f 4536//4070 4537//4067 4517//4044
f 4504//4046 4503//4040 4518//4055
f 4528//4080 4525//4073 4529//4075
f 4510//4041 4509//4079 4513//4078 4515//4039
f 4530//4053 4499//4052 4509//4079
f 4505//4050 4530//4053 4539//4048
f 4500//4034 4541//4047 4533//4035
f 4518//4055 4541//4047 4545//4064
f 4523//4074 4532//4042 4517//4044
f 4524//4059 4546//4058 4531//4072
f 4760//4266 4733//4265 4754//4264 4781//4259
f 4524//4059 4517//4044 4499//4052
f 4535//4043 4531//4072 4508//4068
f 4546//4058 4508//4068 4531//4072
f 4536//4070 4535//4043 4516//4036
f 4535//4043 4507//4069 4526//4037
f 4536//4070 4516//4036 4524//4059
f 4530//4053 4519//4054 4538//4071
f 4517//4044 4530//4053 4548//4051
f 4499//4052 4530//4053 4537//4067
f 4524//4059 4537//4067 4536//4070
f 4510//4041 4539//4048 4509//4079
f 4539//4048 4530//4053 4509//4079
f 4539//4048 4510//4041 4512//4049
f 4514//4056 4540//6386 4512//4049
f 4514//4056 4534//4066 4540//6386
f 4512//4049 4540//6386 4534//4066
f 4514//4056 4522//4062 4534//4066
f 4530//4053 4505//4050 4515//4039
f 4512//4049 4534//4066 4503//4040
f 4518//4055 4501//4063 4533//4035
f 4542//4076 4500//4034 4534//4066
f 4500//4034 4542//4076 4501//4063
f 4544//4077 4511//4061 4501//4063
f 4544//4077 4543//4065 4511//4061
f 4543//4065 4544//4077 4542//4076
f 4514//4056 4533//4035 4501//4063
f 4504//4046 4545//4064 4541//4047
f 4513//4078 4541//4047 4515//4039
f 4541//4047 4513//4078 4520//4045
f 4504//4046 4520//4045 4513//4078
f 4521//4060 4503//4040 4534//4066
f 4534//4066 4500//4034 4521//4060
f 4500//4034 4506//4033 4521//4060
f 4506//4033 4514//4056 4518//4055
f 4529//4075 4513//4078 4528//4080
f 4499//4052 4527//4057 4528//4080
f 4546//4058 4525//4073 4528//4080
f 4546//4058 4527//4057 4499//4052
f 4508//4068 4546//4058 4547//4081
f 4504//4046 4513//4078 4530//4053
f 4532//4042 4525//4073 4531//4072
f 4514//4056 4506//4033 4533//4035
f 4518//4055 4514//4056 4500//4034
f 4572//4105 4559//4106 4574//4100
f 4574//4100 4573//4099 4572//4105
f 4554//4085 4562//4087 4571//4083
f 4557//4090 4555//4092 4554//4085
f 4557//4090 4571//4083 4562//4087
f 4564//4093 4556//4086 4565//4091
f 4557//4090 4564//4093 4563//4094
f 4551//4101 4567//4096 4569//4102
f 4573//4099 4551//4101 4558//4097
f 4552//4098 4562//4087 4554//4085
f 4558//4097 4561//4088 4562//4087
f 4567//4096 4559//4106 4573//4099
f 4570//4095 4566//4084 4573//4099
f 4552//4098 4558//4097 4562//4087
f 4553//4108 4558//4097 4560//4104
f 4556//4086 4561//4088 4575//4107
f 4575//4107 4576//4089 4556//4086
f 4561//4088 4553//4108 4560//4104
f 4576//4089 4565//4091 4556//4086
f 4551//4101 4568//4103 4558//4097
f 4567//4096 4558//4097 4568//4103
f 4576//4089 4554//4085 4566//4084
f 4563//4094 4565//4091 4555//4092
f 4586//4137 4627//4110 4578//4128
f 4590//4156 4581//4111 4625//4114
f 4580//4113 4590//4156 4626//4115
f 4622//4119 4595//4129 4612//4120
f 4588//4146 4607//4131 4582//4126
f 4610//4134 4617//4133 4602//4132
f 4585//4125 4608//4157 4618//4123
f 4618//4123 4604//4136 4599//4121
f 4606//4153 4584//4135 4607//4131
f 4591//4142 4615//4139 4594//4148
f 4600//4140 4596//4109 4579//4145
f 4579//4145 4616//4144 4594//4148
f 4616//4144 4596//4109 4587//4147
f 4588//4146 4587//4147 4612//4120
f 4594//4148 4585//4125 4609//4149
f 4585//4125 4577//4124 4609//4149
f 4592//4127 4599//4121 4585//4125
f 4604//4136 4608//4157 4585//4125
f 4609//4149 4620//4150 4621//4116
f 4621//4116 4620//4150 4583//4151
f 4609//4149 4621//4116 4619//4118
f 4609//4149 4619//4118 4592//4127
f 4592//4127 4619//4118 4603//4117
f 4591//4142 4609//4149 4592//4127
f 4577//4124 4583//4151 4609//4149
f 4611//4138 4594//4148 4601//4112
f 4579//4145 4594//4148 4600//4140
f 4616//4144 4601//4112 4594//4148
f 4595//4129 4622//4119 4616//4144
f 4616//4144 4581//4111 4595//4129
f 4590//4156 4622//4119 4597//4130
f 4582//4126 4617//4133 4622//4119
f 4580//4113 4581//4111 4601//4112
f 4590//4156 4580//4113 4601//4112
f 4616//4144 4590//4156 4601//4112
f 4622//4119 4590//4156 4616//4144
f 4581//4111 4612//4120 4596//4109
f 4623//4152 4617//4133 4597//4130
f 4590//4156 4595//4129 4581//4111
f 4597//4130 4595//4129 4590//4156
f 4602//4132 4584//4135 4610//4134
f 4584//4135 4602//4132 4607//4131
f 4607//4131 4588//4146 4606//4153
f 4588//4146 4582//4126 4605//4154
f 4612//4120 4587//4147 4596//4109
f 4601//4112 4626//4115 4624//4155
f 4624//4155 4627//4110 4611//4138
f 4678//4160 4634//4166 4640//4158
f 4637//4187 4681//4201 4631//4161
f 4642//4184 4643//4162 4650//4164
f 4631//4161 4650//4164 4646//4163
f 4629//4173 4652//4168 4661//4190
f 4636//4180 4674//4172 4653//4193
f 4645//4175 4642//4184 4680//4159
f 4669//4197 4632//4174 4677//6387
f 4646//4163 4664//6388 4680//4159
f 4646//4163 4677//6387 4645//4175
f 4673//4183 4672//4179 4649//4203
f 4659//6389 4636//4180 4661//4190
f 4674//4172 4636//4180 4659//6389
f 4681//4201 4637//4187 4643//4162
f 4669//4197 4633//4200 4635//4182
f 4678//4160 4670//4195 4662//4196
f 4629//4173 4648//4176 4673//4183
f 4658//4204 4636//4180 4673//4183
f 4673//4183 4649//4203 4658//4204
f 4672//4179 4636//4180 4658//4204
f 4652//4168 4674//4172 4659//6389
f 4659//6389 4675//6390 4676//6391
f 4659//6389 4676//6391 4652//4168
f 4675//6390 4652//4168 4676//6391
f 4674//4172 4651//4169 4629//4173
f 4661//4190 4675//6390 4659//6389
f 4652//4168 4675//6390 4661//4190
f 4636//4180 4669//4197 4643//4162
f 4630//4188 4671//4198 4667//4189
f 4669//4197 4671//4198 4630//4188
f 4677//6387 4643//4162 4669//4197
f 4643//4162 4642//4184 4632//4174
f 4677//6387 4646//4163 4643//4162
f 4642//4184 4645//4175 4677//6387
f 4680//4159 4664//6388 4656//4194
f 4678//4160 4656//4194 4664//6388
f 4664//6388 4645//4175 4678//4160
f 4642//4184 4677//6387 4632//4174
f 4645//4175 4664//6388 4646//4163
f 4628//4167 4678//4160 4662//4196
f 4628//4167 4657//4199 4678//4160
f 4657//4199 4634//4166 4678//4160
f 4679//4185 4628//4167 4662//4196
f 4639//4181 4680//4159 4640//4158
f 4643//4162 4631//4161 4638//4202
f 4693//4230 4732//4245 4685//4208
f 4697//4228 4698//4209 4705//4211
f 4685//4208 4705//4211 4701//4210
f 4683//4222 4706//4242 4714//4234
f 4708//4223 4699//4216 4707//4226
f 4690//4215 4683//4222 4699//4216
f 4700//4218 4697//4228 4731//4206
f 4723//4240 4686//4217 4728//6392
f 4701//4210 4717//6393 4731//4206
f 4701//4210 4728//6392 4700//4218
f 4691//4227 4713//4221 4704//4247
f 4712//6394 4708//4223 4714//4234
f 4699//4216 4708//4223 4712//6394
f 4732//4245 4693//4230 4698//4209
f 4723//4240 4687//4244 4689//4225
f 4729//4207 4724//4238 4715//4239
f 4683//4222 4703//4219 4691//4227
f 4711//4248 4708//4223 4691//4227
f 4691//4227 4704//4247 4711//4248
f 4713//4221 4708//4223 4711//4248
f 4706//4242 4699//4216 4712//6394
f 4712//6394 4726//6395 4727//6396
f 4712//6394 4727//6396 4706//4242
f 4726//6395 4706//4242 4727//6396
f 4716//4214 4706//4242 4690//4215
f 4714//4234 4726//6395 4712//6394
f 4706//4242 4726//6395 4714//4234
f 4692//4231 4708//4223 4725//4241
f 4692//4231 4723//4240 4698//4209
f 4684//4232 4725//4241 4720//4233
f 4723//4240 4725//4241 4684//4232
f 4728//6392 4698//4209 4723//4240
f 4698//4209 4697//4228 4686//4217
f 4728//6392 4701//4210 4698//4209
f 4697//4228 4700//4218 4728//6392
f 4731//4206 4717//6393 4709//4237
f 4729//4207 4709//4237 4717//6393
f 4717//6393 4700//4218 4729//4207
f 4697//4228 4728//6392 4686//4217
f 4700//4218 4717//6393 4701//4210
f 4682//4213 4729//4207 4715//4239
f 4682//4213 4710//4243 4729//4207
f 4710//4243 4688//4205 4729//4207
f 4730//4229 4682//4213 4715//4239
f 4695//4224 4731//4206 4688//4205
f 4698//4209 4685//4208 4694//4246
f 4699//4216 4683//4222 4707//4226
f 4691//4227 4692//4231 4720//4233
f 4748//4273 4738//4256 4745//4272
f 4733//4265 4753//4285 4759//4279 4758//4258
f 4772//4270 4733//4265 4743//4280
f 4748//4273 4756//4263 4735//4249
f 4759//4279 4779//4278 4768//4276
f 4765//4282 4754//4264 4772//4270
f 4776//4251 4774//4275 4775//4284
f 4780//4297 4779//4278 4760//4266 4742//4269
f 4769//4261 4768//4276 4741//4289
f 4779//4278 4741//4289 4768//4276
f 4770//4260 4739//4290 4752//4252
f 4739//4290 4740//4291 4761//4253
f 4770//4260 4752//4252 4759//4279
f 4772//4270 4755//4271 4771//4286
f 4772//4270 4754//4264 4770//4260
f 4733//4265 4772//4270 4753//4285
f 4759//4279 4753//4285 4770//4260
f 4764//4292 4772//4270 4743//4280
f 4748//4273 4773//4293 4774//4275
f 4773//4293 4748//4273 4763//4250
f 4738//4256 4748//4273 4774//4275
f 4745//4272 4764//4292 4748//4273
f 4772//4270 4745//4272 4751//4255
f 4751//4255 4750//4294 4772//4270
f 4736//4262 4750//4294 4757//4287
f 4757//4287 4756//4263 4736//4262
f 4746//4283 4777//4296 4747//4288
f 4746//4283 4778//4295 4757//4287
f 4776//4251 4746//4283 4735//4249
f 4778//4295 4756//4263 4757//4287
f 4735//4249 4778//4295 4763//4250
f 4757//4287 4735//4249 4746//4283
f 4738//4256 4757//4287 4750//4294
f 4750//4294 4736//4262 4765//4282
f 4764//4292 4745//4272 4772//4270
f 4766//4268 4767//4281 4742//4269
f 4733//4265 4762//4277 4742//4269
f 4861//4358 4845//4361 4850//4369 4858//4368
f 4779//4278 4762//4277 4733//4265
f 4741//4289 4779//4278 4780//4297
f 4758//4258 4760//4266 4781//4259
f 4781//4259 4765//4282 4749//4267
f 4749//4267 4760//4266 4768//4276
f 4778//4295 4746//4283 4763//4250
f 4785//4305 4786//4307 4809//4310
f 4798//4330 4822//4327 4821//4319
f 4831//4316 4830//4320 4828//4315
f 4788//4343 4819//4342 4787//4339
f 4813//4321 4833//4301 4795//4322
f 4791//4346 4789//4300 4793//4347
f 4797//4349 4822//4327 4798//4330
f 4808//4341 4787//4339 4828//4315
f 4842//4340 4824//4338 4831//4316
f 4842//4340 4812//4313 4824//4338
f 4808//4341 4825//4314 4812//4313
f 4808//4341 4830//4320 4795//4322
f 4839//4312 4831//4316 4812//4313
f 4831//4316 4824//4338 4830//4320
f 4813//4321 4787//4339 4819//4342
f 4813//4321 4790//4302 4833//4301
f 4791//4346 4792//4311 4813//4321
f 4793//4347 4814//4344 4792//4311
f 4814//4344 4831//4316 4833//4301
f 4814//4344 4832//4299 4831//4316
f 4815//4345 4791//4346 4831//4316
f 4820//4325 4802//4331 4789//4300
f 4820//4325 4823//4324 4802//4331
f 4823//4324 4827//4323 4797//4349
f 4797//4349 4827//4323 4796//4326
f 4816//4348 4789//4300 4796//4326
f 4790//4302 4820//4325 4831//4316
f 4820//4325 4807//4332 4827//4323
f 4796//4326 4802//4331 4807//4332
f 4790//4302 4796//4326 4820//4325
f 4797//4349 4817//4318 4822//4327
f 4790//4302 4829//4352 4821//4319
f 4835//4334 4826//4350 4805//4304
f 4805//4304 4821//4319 4835//4334
f 4823//4324 4822//4327 4817//4318
f 4822//4327 4823//4324 4811//4317
f 4835//4334 4796//4326 4811//4317
f 4806//4351 4797//4349 4798//4330
f 4798//4330 4821//4319 4799//4328
f 4800//4309 4809//4310 4805//4304
f 4837//4336 4838//4308 4801//4337
f 4794//4335 4801//4337 4838//4308
f 4811//4317 4800//4309 4826//4350
f 4827//4323 4802//4331 4817//4318
f 4814//4344 4793//4347 4789//4300
f 4825//4314 4803//4356 4839//4312
f 4825//4314 4808//4341 4818//4353
f 4803//4356 4825//4314 4818//4353
f 4841//4355 4839//4312 4803//4356
f 4841//4355 4840//4354 4839//4312
f 4840//4354 4803//4356 4818//4353
f 4818//4353 4808//4341 4839//4312
f 4808//4341 4828//4315 4830//4320
f 4816//4348 4804//6397 4829//4352
f 4804//6397 4821//4319 4829//4352
f 4804//6397 4816//4348 4821//4319
f 4805//4304 4826//4350 4800//4309
f 4833//4301 4831//4316 4795//4322
f 4845//4361 4853//4370 4855//6398
f 4858//4368 4859//4367 4843//4366
f 4846//4362 4856//4365 4843//4366
f 4858//4368 4843//4366 4861//4358
f 4854//4357 4852//4360 4845//4361
f 4852//4360 4854//4357 4844//4359
f 4860//4372 4854//4357 4855//6398
f 4860//4372 4855//6398 4853//4370
f 4924//4435 4936//4437 4937//4464 4927//4442
f 4854//4357 4845//4361 4855//6398
f 4845//4361 4849//4373 4857//4363
f 4848//4374 4844//4359 4857//4363
f 4857//4363 4849//4373 4848//4374
f 4851//4375 4845//4361 4844//4359
f 4843//4366 4847//4364 4844//4359
f 4850//4369 4845//4361 4857//4363
f 4864//4382 4865//4384 4887//4387
f 4876//4405 4901//4407 4899//4396
f 4909//4393 4908//4397 4907//4392
f 4867//4422 4897//4421 4866//4418
f 4891//4398 4911//4378 4873//4399
f 4869//4425 4868//4377 4871//4426
f 4900//4404 4901//4407 4876//4405
f 4886//4420 4866//4418 4907//4392
f 4923//4419 4903//4417 4909//4393
f 4923//4419 4890//4390 4903//4417
f 4886//4420 4904//4391 4890//4390
f 4918//6399 4919//4389 4904//4391
f 4886//4420 4908//4397 4873//4399
f 4919//4389 4909//4393 4890//4390
f 4909//4393 4903//4417 4908//4397
f 4891//4398 4866//4418 4897//4421
f 4891//4398 4922//4379 4911//4378
f 4869//4425 4870//4388 4891//4398
f 4871//4426 4892//4423 4870//4388
f 4892//4423 4909//4393 4911//4378
f 4892//4423 4910//4376 4909//4393
f 4893//4424 4869//4425 4909//4393
f 4898//4402 4880//4410 4868//4377
f 4898//4402 4902//4401 4880//4410
f 4902//4401 4906//4400 4875//4406
f 4875//4406 4874//4403 4900//4404
f 4875//4406 4906//4400 4874//4403
f 4894//4427 4868//4377 4874//4403
f 4922//4379 4898//4402 4909//4393
f 4898//4402 4885//4411 4906//4400
f 4874//4403 4880//4410 4885//4411
f 4922//4379 4874//4403 4898//4402
f 4900//4404 4895//4395 4901//4407
f 4913//4413 4905//4428 4883//4381
f 4883//4381 4899//4396 4913//4413
f 4902//4401 4901//4407 4895//4395
f 4901//4407 4902//4401 4889//4394
f 4913//4413 4874//4403 4889//4394
f 4884//4429 4875//4406 4876//4405
f 4876//4405 4899//4396 4877//4408
f 4878//4386 4887//4387 4883//4381
f 4915//4415 4916//4385 4879//4416
f 4872//4414 4879//4416 4916//4385
f 4889//4394 4878//4386 4905//4428
f 4906//4400 4880//4410 4895//4395
f 4892//4423 4871//4426 4868//4377
f 4904//4391 4881//4434 4918//6399
f 4904//4391 4886//4420 4896//4431
f 4881//4434 4904//4391 4896//4431
f 4921//4433 4918//6399 4881//4434
f 4921//4433 4920//4432 4918//6399
f 4919//4389 4918//6399 4920//4432
f 4920//4432 4881//4434 4896//4431
f 4896//4431 4886//4420 4919//4389
f 4886//4420 4907//4392 4908//4397
f 4894//4427 4882//6400 4922//4379
f 4882//6400 4899//4396 4922//4379
f 4882//6400 4894//4427 4899//4396
f 4883//4381 4905//4428 4878//4386
f 4911//4378 4909//4393 4873//4399
f 5007//4522 4981//4495 4997//4494 4993//4506
f 4962//4447 4963//4468 4930//4446
f 4939//4466 4937//4464 4966//4480
f 4933//4452 4959//4471 4930//4446
f 4964//4473 4933//4452 4934//4443
f 4943//4475 4944//4476 4940//4458
f 4959//4471 4970//4444 4930//4446
f 4972//4462 4968//4461 4959//4471
f 4959//4471 4960//4449 4941//4453
f 4952//4436 4943//4475 4940//4458
f 4964//4473 4930//4446 4956//4472
f 4954//4455 4930//4446 4964//4473
f 4937//4464 4950//4465 4952//4436
f 4936//4437 4943//4475 4950//4465
f 4963//4468 4959//4471 4933//4452
f 4960//4449 4972//4462 4928//4450
f 4962//4447 4947//4438 4961//4467
f 4962//4447 4945//4439 4947//4438
f 4928//4450 4929//4470 4925//4469
f 4961//4467 4947//4438 4959//4471
f 4948//4474 4956//4472 4963//4468
f 4933//4452 4964//4473 4963//4468
f 4959//4471 4963//4468 4961//4467
f 4953//4478 4964//4473 4934//4443
f 4943//4475 4936//4437 4944//4476
f 4940//4458 4944//4476 4953//4478
f 4944//4476 4936//4437 4927//4442
f 4946//4441 4942//4477 4964//4473
f 4935//4457 4938//4456 4937//4464
f 4936//4437 4939//4466 4965//4479
f 4952//4436 4935//4457 4937//4464
f 4924//4435 4935//4457 4952//4436
f 4927//4442 4938//4456 4942//4477
f 4938//4456 4967//4448 4942//4477
f 4967//4448 4954//4455 4949//6401
f 4949//6401 4942//4477 4967//4448
f 4942//4477 4949//6401 4954//4455
f 4953//4478 4944//4476 4964//4473
f 4933//4452 4951//4460 4932//4454
f 4968//4461 4931//4451 4932//4454
f 4968//4461 4951//4460 4933//4452
f 4960//4449 4968//4461 4969//4481
f 4968//4461 4960//4449 4959//4471
f 4959//4471 4941//4453 4931//4451
f 4971//4482 4954//4455 4941//4453
f 4970//4444 4962//4447 4957//4459
f 4970//4444 4960//4449 4962//4447
f 4970//4444 4941//4453 4960//4449
f 4941//4453 4970//4444 4971//4482
f 4975//4485 5002//4520 4992//4483
f 5015//4491 4975//4485 4982//4484
f 5004//4516 5005//4507 4987//4496
f 4974//4502 4991//4504 4985//4489
f 4981//4495 4993//4506 4987//4496
f 5026//4531 5064//4592 5057//4547 5090//4529
f 5003//4501 4997//4494 4999//4497
f 4999//4497 4981//4495 5003//4501
f 4993//4506 5001//4524 4987//4496
f 5018//4508 5016//4510 4993//4506
f 4993//4506 4988//4523 5007//4522
f 4992//4483 5008//4505 5015//4491
f 4982//4484 5011//4519 4978//4513
f 4977//4490 4991//4504 5013//4503
f 5005//4507 4993//4506 4981//4495
f 5000//4515 4988//4523 4979//4517
f 4988//4523 5018//4508 4979//4517
f 5004//4516 5000//4515 4986//4486
f 5000//4515 4979//4517 4994//4487
f 5004//4516 4986//4486 5005//4507
f 4999//4497 4989//4498 5006//4518
f 4981//4495 4999//4497 5005//4507
f 4984//4499 4980//4512 5007//4522
f 5003//4501 4996//4500 4997//4494
f 4974//4502 5003//4501 5008//4505
f 5008//4505 4991//4504 5009//6402
f 5009//6402 4974//4502 5008//4505
f 4974//4502 4985//4489 4996//4500
f 5003//4501 4981//4495 4975//4485
f 4997//4494 4985//4489 4984//4499
f 5002//4520 5011//4519 4982//4484
f 5013//4503 4983//6403 5012//4514
f 4982//4484 5014//6404 5013//4503
f 5014//6404 4982//4484 5012//4514
f 4983//6403 5014//6404 5012//4514
f 5014//6404 4983//6403 5013//4503
f 5008//4505 4975//4485 5015//4491
f 4974//4502 5009//6402 4991//4504
f 4996//4500 4985//4489 4997//4494
f 4981//4495 4995//4509 4980//4512
f 5016//4510 5007//4522 4980//4512
f 5016//4510 4995//4509 4981//4495
f 4988//4523 5016//4510 5017//4521
f 5016//4510 4988//4523 4993//4506
f 5001//4524 4988//4523 5000//4515
f 5001//4524 5007//4522 4988//4523
f 5008//4505 4992//4483 5002//4520
f 4999//4497 4997//4494 4987//4496
f 5002//4520 4982//4484 5008//4505
f 5010//4493 5002//4520 4975//4485
f 5020//4525 5022//4528 5021//4526
f 5021//4526 5022//4528 5023//4527
f 5129//4613 5145//4663 5098//4669 5124//4667
f 5064//4592 5035//4532 5057//4547
f 5060//4539 5038//4538 5030//4541
f 5051//4544 5054//4562 5056//4571
f 5051//4544 5050//4543 5054//4562
f 5036//4549 5059//4540 5029//4554
f 5089//4530 5091//4569 5058//6405
f 5027//4535 5063//4534 5028//4589
f 5065//4555 5083//4587 5087//4590
f 5073//4582 5024//4584 5072//4583
f 5055//4542 5068//4563 5050//4543
f 5056//4571 5050//4543 5069//4596
f 5025//4572 5024//4584 5081//4558
f 5084//4588 5036//4549 5065//4555
f 5046//4574 5076//4565 5025//4572
f 5077//4575 5070//4564 5047//4573
f 5048//4579 5071//4576 5078//4570
f 5025//4572 5032//4556 5024//4584
f 5078//4570 5071//4576 5067//4577
f 5071//4576 5053//4586 5095//4560
f 5044//4561 5037//4548 5088//4552
f 5092//4581 5072//4583 5032//4556
f 5032//4556 5044//4561 5092//4581
f 5072//4583 5039//4559 5031//4557
f 5031//4557 5039//4559 5073//4582
f 5073//4582 5092//4581 5031//4557
f 5031//4557 5038//4538 5081//4558
f 5082//4585 5085//4537 5045//4545
f 5082//4585 5038//4538 5085//4537
f 5082//4585 5081//4558 5038//4538
f 5083//4587 5031//4557 5044//4561
f 5059//4540 5037//4548 5065//4555
f 5065//4555 5036//4549 5085//4537
f 5037//4548 5081//4558 5029//4554
f 5029//4554 5081//4558 5030//4541
f 5044//4561 5095//4560 5081//4558
f 5029//4554 5030//4541 5086//4546
f 5036//4549 5084//4588 5037//4548
f 5044//4561 5088//4552 5065//4555
f 5088//4552 5027//4535 5028//4589
f 5042//4553 5063//4534 5062//4536
f 5041//4533 5062//4536 5089//4530
f 5084//4588 5090//4529 5043//4591
f 5042//4553 5090//4529 5084//4588
f 5089//4530 5040//4551 5057//4547
f 5091//4569 5035//4532 5040//4551
f 5043//4591 5064//4592 5026//4531
f 5035//4532 5090//4529 5040//4551
f 5040//4551 5090//4529 5057//4547
f 5058//6405 5034//4550 5089//4530
f 5034//4550 5091//4569 5040//4551
f 5034//4550 5058//6405 5091//4569
f 5064//4592 5043//4591 5090//4529
f 5042//4553 5028//4589 5063//4534
f 5088//4552 5028//4589 5084//4588
f 5083//4587 5044//4561 5087//4590
f 5039//4559 5081//4558 5073//4582
f 5073//4582 5033//4593 5093//4594
f 5072//4583 5031//4557 5032//4556
f 5048//4579 5053//4586 5071//4576
f 5074//4568 5077//4575 5048//4579
f 5075//4566 5074//4568 5096//4598
f 5096//4598 5048//4579 5079//4578
f 5052//6406 5049//4567 5066//4595
f 5049//4567 5075//4566 5066//4595
f 5052//6406 5066//4595 5067//4577
f 5052//6406 5067//4577 5049//4567
f 5066//4595 5054//4562 5078//4570
f 5068//4563 5075//4566 5079//4578
f 5051//4544 5079//4578 5055//4542
f 5056//4571 5069//4596 5051//4544
f 5069//4596 5068//4563 5051//4544
f 5054//4562 5094//6407 5075//4566
f 5094//6407 5066//4595 5075//4566
f 5094//6407 5054//4562 5066//4595
f 5095//4560 5053//4586 5080//4580
f 5055//4542 5056//4571 5054//4562
f 5086//4546 5059//4540 5060//4539
f 5101//4610 5172//4619 5097//4611
f 5144//4624 5139//4602 5113//4601
f 5129//4613 5102//4625 5145//4663
f 5129//4613 5101//4610 5131//4612 5175//4614
f 5100//4608 5149//4651 5128//4605
f 5099//4606 5147//4645 5160//4607
f 5121//4609 5128//4605 5160//4607
f 5176//4654 5108//4628 5151//4627 5153//4679
f 5139//4602 5144//4624 5132//4600
f 5145//4663 5155//4657 5098//4669
f 5108//4628 5116//4652 5153//4679
f 5153//4679 5116//4652 5176//4654
f 5136//4672 5133//4649 5167//4648
f 5108//4628 5153//4679 5152//4626
f 5169//4647 5168//4650 5136//4672
f 5109//4599 5112//4615 5144//4624
f 5124//4667 5132//4600 5155//4657
f 5105//4656 5177//4632 5154//4655
f 5118//4653 5117//4631 5119//4633
f 5177//4632 5104//4636 5119//4633
f 5132//4600 5124//4667 5173//4641
f 5195//4692 5232//4748 5225//4708 5253//4690
f 5114//4668 5107//4620 5166//4670
f 5145//4663 5125//4659 5156//4658
f 5104//4636 5151//4627 5119//4633
f 5121//4609 5152//4626 5147//4645
f 5170//4646 5131//4612 5109//4599
f 5100//4608 5099//4606 5142//4639
f 5142//4639 5143//4638 5100//4608
f 5149//4651 5100//4608 5143//4638
f 5158//4642 5153//4679 5118//4653
f 5116//4652 5130//4660 5154//4655
f 5116//4652 5146//4622 5130//4660
f 5115//4661 5156//4658 5154//4655
f 5156//4658 5115//4661 5130//4660
f 5130//4660 5146//4622 5156//4658
f 5139//4602 5145//4663 5157//4662
f 5157//4662 5156//4658 5155//4657
f 5157//4662 5145//4663 5156//4658
f 5158//4642 5116//4652 5125//4659
f 5146//4622 5135//4643 5145//4663
f 5140//4664 5135//4643 5158//4642
f 5158//4642 5152//4626 5153//4679
f 5152//4626 5158//4642 5104//4636
f 5126//4644 5104//4636 5120//4635
f 5121//4609 5160//4607 5149//4651
f 5147//4645 5099//4606 5121//4609
f 5150//4666 5160//4607 5106//4640
f 5161//4634 5104//4636 5148//4637
f 5161//4634 5148//4637 5121//4609
f 5177//4632 5148//4637 5104//4636
f 5118//4653 5148//4637 5177//4632
f 5104//4636 5108//4628 5117//4631
f 5146//4622 5108//4628 5141//4629
f 5141//4629 5158//4642 5146//4622
f 5141//4629 5104//4636 5158//4642
f 5104//4636 5141//4629 5162//4630
f 5164//4603 5123//4678 5163//4604
f 5163//4604 5123//4678 5165//4623
f 5123//4678 5164//4603 5139//4602
f 5139//4602 5155//4657 5123//4678
f 5138//4616 5139//4602 5165//4623
f 5165//4623 5110//4671 5175//4614
f 5109//4599 5111//4617 5175//4614
f 5109//4599 5144//4624 5111//4617
f 5129//4613 5103//4621 5102//4625
f 5155//4657 5166//4670 5098//4669
f 5166//4670 5107//4620 5098//4669
f 5146//4622 5102//4625 5098//4669
f 5155//4657 5103//4621 5166//4670
f 5129//4613 5173//4641 5114//4668
f 5107//4620 5173//4641 5102//4625
f 5173//4641 5098//4669 5102//4625
f 5111//4617 5165//4623 5112//4615
f 5122//4673 5170//4646 5168//4650
f 5169//4647 5170//4646 5122//4673
f 5127//4675 5131//4612 5170//4646
f 5111//4617 5144//4624 5113//4601
f 5132//4600 5144//4624 5155//4657
f 5132//4600 5173//4641 5113//4601
f 5131//4612 5113//4601 5172//4619
f 5129//4613 5097//4611 5172//4619
f 5136//4672 5167//4648 5109//4599
f 5168//4650 5134//4676 5136//4672
f 5168//4650 5133//4649 5134//4676
f 5109//4599 5167//4648 5170//4646
f 5144//4624 5123//4678 5155//4657
f 5176//4654 5118//4653 5177//4632
f 5149//4651 5150//4666 5106//4640
f 5154//4655 5177//4632 5117//4631
f 5128//4605 5142//4639 5099//4606
f 5128//4605 5121//4609 5100//4608
f 5180//4681 5179//4680 5178//4682
f 5183//390 5181//390 5182//4683
f 5184//4685 5185//4684 5186//4686
f 5187//390 5189//390 5188//390
f 5292//4769 5307//4819 5261//4825 5287//4823
f 5232//4748 5204//4693 5225//4708
f 5228//4700 5207//4699 5199//4702
f 5220//4705 5222//4723 5224//4731
f 5220//4705 5219//4704 5222//4723
f 5205//4710 5227//4701 5198//4715
f 5252//4691 5254//4729 5226//6408
f 5196//4696 5231//4695 5197//4745
f 5233//4716 5247//4744 5250//4746
f 5239//4739 5193//4741 5238//4740
f 5223//4703 5235//4724 5219//4704
f 5224//4731 5219//4704 5236//4752
f 5194//4732 5193//4741 5245//4719
f 5253//4690 5205//4710 5233//4716
f 5215//4734 5240//4726 5194//4732
f 5241//4728 5237//4725 5216//4733
f 5194//4732 5201//4717 5193//4741
f 5242//4730 5221//4743 5258//4721
f 5213//4722 5206//4709 5251//4713
f 5255//4738 5238//4740 5201//4717
f 5201//4717 5213//4722 5255//4738
f 5238//4740 5208//4720 5200//4718
f 5200//4718 5208//4720 5239//4739
f 5239//4739 5255//4738 5200//4718
f 5200//4718 5207//4699 5245//4719
f 5246//4742 5248//4698 5214//4706
f 5246//4742 5207//4699 5248//4698
f 5246//4742 5245//4719 5207//4699
f 5247//4744 5200//4718 5213//4722
f 5227//4701 5206//4709 5233//4716
f 5233//4716 5205//4710 5248//4698
f 5206//4709 5245//4719 5198//4715
f 5198//4715 5245//4719 5199//4702
f 5213//4722 5258//4721 5245//4719
f 5198//4715 5199//4702 5249//4707
f 5205//4710 5253//4690 5206//4709
f 5213//4722 5251//4713 5233//4716
f 5251//4713 5196//4696 5197//4745
f 5211//4714 5231//4695 5230//4697
f 5210//4694 5230//4697 5252//4691
f 5252//4691 5209//4712 5225//4708
f 5254//4729 5204//4693 5209//4712
f 5212//4747 5232//4748 5195//4692
f 5204//4693 5253//4690 5209//4712
f 5209//4712 5253//4690 5225//4708
f 5226//6408 5203//4711 5252//4691
f 5203//4711 5254//4729 5209//4712
f 5203//4711 5226//6408 5254//4729
f 5232//4748 5212//4747 5253//4690
f 5211//4714 5197//4745 5231//4695
f 5251//4713 5197//4745 5253//4690
f 5247//4744 5213//4722 5250//4746
f 5208//4720 5245//4719 5239//4739
f 5239//4739 5202//4749 5256//4750
f 5238//4740 5200//4718 5201//4717
f 5217//4736 5221//4743 5242//4730
f 5235//4724 5241//4728 5259//4754
f 5259//4754 5217//4736 5243//4735
f 5218//4727 5235//4724 5234//4751
f 5234//4751 5222//4723 5242//4730
f 5220//4705 5243//4735 5223//4703
f 5224//4731 5236//4752 5220//4705
f 5236//4752 5235//4724 5220//4705
f 5222//4723 5257//6409 5235//4724
f 5257//6409 5234//4751 5235//4724
f 5257//6409 5222//4723 5234//4751
f 5258//4721 5221//4743 5244//4737
f 5223//4703 5224//4731 5222//4723
f 5249//4707 5227//4701 5228//4700
f 5264//4766 5334//4775 5260//4767
f 5286//4780 5302//4758 5276//4757
f 5292//4769 5265//4781 5307//4819
f 5292//4769 5264//4766 5294//4768 5337//4770
f 5263//4764 5311//4807 5291//4761
f 5262//4762 5309//4801 5322//4763
f 5284//4765 5291//4761 5322//4763
f 5338//4810 5271//4784 5313//4783 5315//4834
f 5302//4758 5286//4780 5295//4756
f 5307//4819 5317//4813 5261//4825
f 5271//4784 5279//4808 5315//4834
f 5315//4834 5279//4808 5338//4810
f 5299//4828 5296//4805 5329//4804
f 5271//4784 5315//4834 5314//4782
f 5331//4803 5330//4806 5299//4828
f 5272//4755 5275//4771 5286//4780
f 5287//4823 5295//4756 5317//4813
f 5268//4812 5339//4788 5316//4811
f 5281//4809 5280//4787 5282//4789
f 5339//4788 5267//4792 5282//4789
f 5295//4756 5287//4823 5335//4797
f 5346//4836 5344//4839 5350//4841 5347//4840
f 5277//4824 5270//4776 5328//4826
f 5307//4819 5288//4815 5318//4814
f 5267//4792 5313//4783 5282//4789
f 5284//4765 5314//4782 5309//4801
f 5332//4802 5294//4768 5272//4755
f 5263//4764 5262//4762 5305//4795
f 5305//4795 5306//4794 5263//4764
f 5311//4807 5263//4764 5306//4794
f 5320//4798 5315//4834 5281//4809
f 5279//4808 5293//4816 5316//4811
f 5279//4808 5308//4778 5293//4816
f 5278//4817 5318//4814 5316//4811
f 5318//4814 5278//4817 5293//4816
f 5293//4816 5308//4778 5318//4814
f 5302//4758 5307//4819 5319//4818
f 5319//4818 5318//4814 5317//4813
f 5319//4818 5307//4819 5318//4814
f 5320//4798 5279//4808 5288//4815
f 5308//4778 5298//4799 5307//4819
f 5303//4820 5298//4799 5320//4798
f 5320//4798 5314//4782 5315//4834
f 5314//4782 5320//4798 5267//4792
f 5289//4800 5267//4792 5283//4791
f 5284//4765 5322//4763 5311//4807
f 5309//4801 5262//4762 5284//4765
f 5312//4822 5322//4763 5269//4796
f 5323//4790 5267//4792 5310//4793
f 5323//4790 5310//4793 5284//4765
f 5339//4788 5310//4793 5267//4792
f 5281//4809 5310//4793 5339//4788
f 5267//4792 5271//4784 5280//4787
f 5308//4778 5271//4784 5304//4785
f 5304//4785 5320//4798 5308//4778
f 5304//4785 5267//4792 5320//4798
f 5267//4792 5304//4785 5324//4786
f 5327//4779 5325//4760 5326//4759
f 5326//4759 5317//4813 5286//4780
f 5302//4758 5317//4813 5326//4759
f 5301//4772 5302//4758 5327//4779
f 5327//4779 5273//4827 5337//4770
f 5272//4755 5274//4773 5337//4770
f 5272//4755 5286//4780 5274//4773
f 5292//4769 5266//4777 5265//4781
f 5317//4813 5328//4826 5261//4825
f 5328//4826 5270//4776 5261//4825
f 5308//4778 5265//4781 5261//4825
f 5317//4813 5266//4777 5328//4826
f 5292//4769 5335//4797 5277//4824
f 5270//4776 5335//4797 5265//4781
f 5335//4797 5261//4825 5265//4781
f 5274//4773 5327//4779 5275//4771
f 5285//4829 5332//4802 5330//4806
f 5331//4803 5332//4802 5285//4829
f 5290//4831 5294//4768 5332//4802
f 5274//4773 5286//4780 5276//4757
f 5295//4756 5286//4780 5317//4813
f 5295//4756 5335//4797 5276//4757
f 5294//4768 5276//4757 5334//4775
f 5292//4769 5260//4767 5334//4775
f 5299//4828 5329//4804 5272//4755
f 5330//4806 5297//4832 5299//4828
f 5330//4806 5296//4805 5297//4832
f 5272//4755 5329//4804 5332//4802
f 5338//4810 5281//4809 5339//4788
f 5311//4807 5312//4822 5269//4796
f 5316//4811 5339//4788 5280//4787
f 5291//4761 5305//4795 5262//4762
f 5291//4761 5284//4765 5263//4764
f 5342//6410 5340//6411 5341//6412
f 5341//6412 5340//6411 5342//6410
f 5367//4858 5368//4844 5349//4835 5351//4849
f 5348//4838 5349//4835 5347//4840
f 5349//4835 5348//4838 5346//4836
f 5357//4861 5370//4846 5358//4842
f 5360//4851 5363//4866 5374//4865
f 5371//4850 5361//4863 5359//4853
f 5361//4863 5364//4856 5360//4851
f 5359//4853 5360//4851 5371//4850
f 5365//4854 5371//4850 5358//4842
f 5351//4849 5371//4850 5353//4847
f 5361//4863 5371//4850 5351//4849
f 5354//4855 5364//4856 5361//4863
f 5354//4855 5351//4849 5357//4861
f 5368//4844 5347//4840 5349//4835
f 5343//4859 5369//4837 5355//4860
f 5392//4868 5377//4879 5381//4877 5388//4876
f 5343//4859 5368//4844 5350//4841
f 5368//4844 5366//4848 5358//4842
f 5370//4846 5348//4838 5356//4843
f 5358//4842 5369//4837 5356//4843
f 5369//4837 5343//4859 5344//4839
f 5360//4851 5354//4855 5358//4842
f 5346//4836 5355//4860 5345//4862
f 5367//4858 5358//4842 5353//4847
f 5353//4847 5371//4850 5372//4857
f 5372//4857 5367//4858 5353//4847
f 5363//4866 5360//4851 5362//4852
f 5361//4863 5363//4866 5362//4852
f 5373//4864 5362//4852 5359//4853
f 5377//4879 5383//4878 5385//6413
f 5388//4876 5389//4875 5375//4874
f 5378//4870 5386//4873 5375//4874
f 5387//4871 5380//4883 5379//4872
f 5388//4876 5375//4874 5392//4868
f 5384//4867 5376//4869 5377//4879
f 5391//4881 5384//4867 5385//6413
f 5391//4881 5385//6413 5383//4878
f 5410//4911 5425//4907 5420//4912 5419//4895
f 5384//4867 5377//4879 5385//6413
f 5377//4879 5390//4882 5387//4871
f 5387//4871 5390//4882 5380//4883
f 5382//4884 5377//4879 5376//4869
f 5376//4869 5375//4874 5390//4882
f 5375//4874 5379//4872 5390//4882
f 5381//4877 5377//4879 5387//4871
f 5395//4909 5401//4915 5403//4886
f 5422//4885 5424//4890 5403//4886
f 5409//4902 5416//4896 5405//4891
f 5397//4913 5406//4903 5425//4907
f 5779//5144 5783//5146 5782//5131 5760//5135
f 5413//4919 5415//4898 5400//4900
f 5413//4919 5400//4900 5412//4899
f 5414//4920 5417//4906 5399//4901
f 5414//4920 5415//4898 5417//4906
f 5398//4904 5410//4911 5405//4891
f 5416//4896 5406//4903 5408//4892
f 5416//4896 5419//4895 5411//4897
f 5415//4898 5411//4897 5419//4895
f 5420//4912 5425//4907 5408//4892
f 5425//4907 5406//4903 5396//4908
f 5395//4909 5422//4885 5423//4887
f 5403//4886 5401//4915 5423//4887
f 5403//4886 5407//4888 5405//4891
f 5410//4911 5408//4892 5405//4891
f 5405//4891 5408//4892 5425//4907
f 5425//4907 5419//4895 5397//4913
f 5417//4906 5410//4911 5399//4901
f 5396//4908 5428//4918 5403//4886
f 5426//4893 5424//4890 5395//4909
f 5428//4918 5426//4893 5403//4886
f 5427//4916 5424//4890 5422//4885
f 5395//4909 5424//4890 5427//4916
f 5402//4917 5401//4915 5394//4914
f 5397//4913 5396//4908 5426//4893
f 5429//4894 5420//4912 5408//4892
f 5397//4913 5420//4912 5429//4894
f 5416//4896 5411//4897 5398//4904
f 5414//4920 5399//4901 5400//4900
f 5406//4903 5397//4913 5408//4892
f 5434//4946 5442//4924 5460//4945
f 5434//4946 5433//4944 5431//4925
f 5436//4929 5453//4930 5432//4921
f 5433//4944 5435//4943 5460//4945
f 5436//4929 5454//4942 5433//4944
f 5446//4932 5437//4939 5453//4930
f 5446//4932 5450//4940 5437//4939
f 5449//4937 5440//4933 5441//4935
f 5449//4937 5448//4934 5440//4933
f 5448//4934 5439//4938 5441//4935
f 5446//4932 5449//4937 5441//4935
f 5446//4932 5441//4935 5439//4938
f 5446//4932 5452//4927 5450//4940
f 5445//4926 5451//4948 5443//4928
f 5451//4948 5432//4921 5443//4928
f 5437//4939 5452//4927 5445//4926
f 5445//4926 5432//4921 5437//4939
f 5454//4942 5438//4931 5455//4941
f 5454//4942 5436//4929 5438//4931
f 5439//4938 5436//4929 5452//4927
f 5434//4946 5456//4947 5442//4924
f 5444//4922 5432//4921 5456//4947
f 5432//4921 5458//4923 5433//4944
f 5431//4925 5452//4927 5436//4929
f 5431//4925 5433//4944 5451//4948
f 5456//4947 5432//4921 5457//4949
f 5430//4950 5458//4923 5457//4949
f 5451//4948 5459//4951 5430//4950
f 5458//4923 5430//4950 5459//4951
f 5453//4930 5436//4929 5435//4943
f 5447//4936 5438//4931 5448//4934
f 5464//4953 5466//4952 5465//4954
f 5468//390 5469//4955 5467//390
f 5471//4958 5472//4957 5470//4956
f 5480//4959 5477//4962 5476//4960
f 5473//4966 5476//4960 5477//4962
f 5477//4962 5479//4964 5473//4966
f 5481//4965 5474//4961 5476//4960
f 5480//4959 5481//4965 5477//4962
f 5480//4959 5479//4964 5475//4967
f 5474//4961 5475//4967 5479//4964
f 5473//4966 5478//4963 5476//4960
f 5484//6414 5486//6415 5485//6416
f 5486//6415 5484//6414 5485//6416
f 5490//6417 5489//4969 5491//4968
f 5490//6417 5487//4971 5489//4969
f 5487//4971 5490//6417 5491//4968
f 5492//4972 5494//4975 5493//4973
f 5493//4973 5494//4975 5495//4974
f 5498//4977 5496//4976 5497//4978
f 5501//390 5499//390 5500//390
f 5501//390 5500//390 5499//390
f 5503//4980 5502//4979 5504//4981
f 5506//390 5507//390 5505//390
f 5510//390 5509//6418 5508//6419
f 5510//390 5508//6419 5509//6418
f 5512//4985 5514//4984 5511//4983
f 5511//4983 5513//4982 5512//4985
f 5517//4988 5519//4987 5518//4986
f 5520//4991 5522//4990 5521//4989
f 5524//390 5525//390 5523//390
f 5532//4994 5534//4993 5533//4995
f 5536//6420 5537//6421 5535//6422
f 5535//6422 5537//6421 5536//6420
f 5544//4999 5545//5001 5543//5000
f 5565//5008 5561//5018 5547//5003
f 5549//5024 5564//5029 5548//5004
f 5549//5024 5562//5022 5564//5029
f 5547//5003 5552//5016 5551//5005
f 5552//5016 5570//5006 5562//5022
f 5551//5005 5564//5029 5570//5006
f 5552//5016 5563//5017 5569//5030
f 5566//5010 5563//5017 5565//5008
f 5563//5017 5566//5010 5569//5030
f 5568//5011 5553//5009 5567//5015
f 5568//5011 5555//5014 5556//5013
f 5567//5015 5554//5020 5556//5013
f 5568//5011 5556//5013 5554//5020
f 5555//5014 5568//5011 5567//5015
f 5568//5011 5554//5020 5566//5010
f 5565//5008 5547//5003 5551//5005
f 5565//5008 5559//5025 5560//5031
f 5551//5005 5552//5016 5562//5022
f 5570//5006 5553//5009 5571//5007
f 5570//5006 5552//5016 5553//5009
f 5553//5009 5554//5020 5567//5015
f 5554//5020 5552//5016 5566//5010
f 5564//5029 5562//5022 5570//5006
f 5564//5029 5550//5028 5548//5004
f 5562//5022 5573//5021 5548//5004
f 5572//5023 5546//5019 5558//5002
f 5574//5026 5561//5018 5575//6423
f 5546//5019 5559//5025 5549//5024
f 5552//5016 5547//5003 5549//5024
f 5561//5018 5558//5002 5546//5019
f 5573//5021 5558//5002 5561//5018
f 5573//5021 5561//5018 5574//5026
f 5546//5019 5574//5026 5557//5027
f 5557//5027 5574//5026 5575//6423
f 5557//5027 5575//6423 5561//5018
f 5560//5031 5559//5025 5561//5018
f 5559//5025 5557//5027 5561//5018
f 5549//5024 5548//5004 5546//5019
f 5576//5012 5553//5009 5568//5011
f 5576//5012 5566//5010 5553//5009
f 5577//5034 5578//5033 5579//5032
f 5582//390 5580//390 5581//390
f 5585//5036 5584//5035 5583//5037
f 5587//5039 5586//5038 5588//5040
f 5593//5042 5591//5041 5592//5043
f 5596//390 5595//390 5594//5044
f 5601//5046 5600//5045 5599//390
f 5603//5048 5602//5047 5604//5049
f 5607//390 5606//390 5605//390
f 5607//390 5605//390 5606//390
f 5615//6424 5617//6425 5616//6426
f 5617//6425 5615//6424 5616//6426
f 5618//6427 5620//6428 5619//6429
f 5620//6428 5618//6427 5619//6429
f 5622//390 5623//390 5621//390
f 5624//390 5626//390 5625//390
f 5632//5050 5630//5053 5629//5051
f 5627//5057 5629//5051 5630//5053
f 5630//5053 5631//5055 5627//5057
f 5633//5054 5628//5052 5629//5051
f 5632//5050 5633//5054 5630//5053
f 5632//5050 5634//5056 5635//5058
f 5628//5052 5635//5058 5634//5056
f 5627//5057 5634//5056 5629//5051
f 5642//390 5643//390 5641//390
f 5648//6430 5647//6431 5649//6432
f 5647//6431 5648//6430 5649//6432
f 5650//390 5652//390 5651//390
f 5655//5060 5653//5059 5654//5061
f 5660//5087 5668//5065 5686//5086
f 5660//5087 5659//5085 5657//5066
f 5662//5070 5679//5071 5658//5062
f 5659//5085 5661//5084 5686//5086
f 5662//5070 5680//5083 5659//5085
f 5672//5073 5663//5080 5679//5071
f 5672//5073 5676//5081 5663//5080
f 5675//5078 5666//5074 5667//5076
f 5675//5078 5674//5075 5666//5074
f 5674//5075 5665//5079 5667//5076
f 5672//5073 5675//5078 5667//5076
f 5672//5073 5667//5076 5665//5079
f 5672//5073 5678//5068 5676//5081
f 5671//5067 5677//5089 5669//5069
f 5677//5089 5658//5062 5669//5069
f 5663//5080 5678//5068 5671//5067
f 5671//5067 5658//5062 5663//5080
f 5680//5083 5664//5072 5681//5082
f 5680//5083 5662//5070 5664//5072
f 5665//5079 5662//5070 5678//5068
f 5660//5087 5682//5088 5668//5065
f 5670//5063 5658//5062 5682//5088
f 5658//5062 5684//5064 5659//5085
f 5657//5066 5678//5068 5662//5070
f 5657//5066 5659//5085 5677//5089
f 5682//5088 5658//5062 5683//5090
f 5656//5091 5684//5064 5683//5090
f 5677//5089 5685//5092 5656//5091
f 5684//5064 5656//5091 5685//5092
f 5679//5071 5662//5070 5661//5084
f 5673//5077 5664//5072 5674//5075
f 5689//5095 5688//5094 5687//5093
f 5690//6433 5691//6434 5692//6435
f 5691//6434 5690//6433 5692//6435
f 5696//5099 5698//5102 5697//5100
f 5697//5100 5698//5102 5699//5101
f 5700//5104 5701//5103 5702//5105
f 5705//390 5703//390 5704//390
f 5705//390 5704//390 5703//390
f 5706//5107 5707//5106 5708//5108
f 5709//390 5711//390 5710//5109
f 5714//390 5712//390 5713//390
f 5714//390 5713//390 5712//390
f 5715//5112 5717//5111 5716//5110
f 5723//5115 5724//5114 5725//5113
f 5729//5118 5731//5117 5730//5116
f 5733//5119 5732//390 5734//390
f 5737//6436 5736//6437 5735//6438
f 5736//6437 5737//6436 5735//6438
f 5741//390 5743//6439 5742//6440
f 5741//390 5742//6440 5743//6439
f 5745//5121 5744//5120 5746//5122
f 5749//6441 5750//6442 5751//6443
f 5751//6443 5750//6442 5749//6441
f 5754//390 5753//390 5752//390
f 5758//5123 5781//5149 5757//5126
f 5781//5149 5758//5123 5756//5125
f 5758//5123 5782//5131 5784//5150
f 5769//5151 5785//5132 5771//5138
f 5773//5137 5776//5157 5789//5156
f 5786//5136 5774//5154 5772//5140
f 5774//5154 5777//5143 5773//5137
f 5772//5140 5773//5137 5786//5136
f 5778//5141 5786//5136 5771//5138
f 5760//5135 5786//5136 5762//5133
f 5774//5154 5786//5136 5760//5135
f 5763//5142 5777//5143 5774//5154
f 5763//5142 5760//5135 5769//5151
f 5766//5129 5757//5126 5781//5149
f 5756//5125 5784//5150 5764//5148
f 5783//5146 5781//5149 5782//5131
f 5784//5150 5782//5131 5781//5149
f 5821//5187 5836//5183 5830//5188 5835//5171
f 5758//5123 5757//5126 5767//5128
f 5780//5124 5767//5128 5757//5126
f 5783//5146 5759//5134 5758//5123
f 5783//5146 5762//5133 5759//5134
f 5785//5132 5780//5124 5768//5127
f 5758//5123 5784//5150 5768//5127
f 5784//5150 5756//5125 5765//5147
f 5773//5137 5763//5142 5771//5138
f 5770//5152 5769//5151 5771//5138
f 5781//5149 5764//5148 5755//5153
f 5779//5144 5758//5123 5762//5133
f 5762//5133 5786//5136 5787//5145
f 5787//5145 5779//5144 5762//5133
f 5776//5157 5773//5137 5775//5139
f 5774//5154 5776//5157 5775//5139
f 5788//5155 5775//5139 5772//5140
f 5791//390 5792//390 5790//390
f 5795//5159 5794//5158 5793//5160
f 5798//390 5796//390 5797//390
f 5799//6444 5800//6445 5801//6446
f 5801//6446 5800//6445 5799//6444
f 5804//390 5802//390 5803//390
f 5806//5185 5812//5191 5814//5162
f 5832//5161 5834//5166 5814//5162
f 5820//5178 5827//5172 5816//5167
f 5808//5189 5817//5179 5836//5183
f 5917//5250 5901//5249 5921//5248 5937//5243
f 5824//5195 5826//5174 5811//5176
f 5824//5195 5811//5176 5823//5175
f 5825//5196 5828//5182 5810//5177
f 5825//5196 5826//5174 5828//5182
f 5809//5180 5821//5187 5816//5167
f 5827//5172 5817//5179 5819//5168
f 5827//5172 5835//5171 5822//5173
f 5826//5174 5822//5173 5835//5171
f 5830//5188 5836//5183 5819//5168
f 5836//5183 5817//5179 5807//5184
f 5806//5185 5832//5161 5833//5163
f 5814//5162 5812//5191 5833//5163
f 5814//5162 5818//5164 5816//5167
f 5821//5187 5819//5168 5816//5167
f 5816//5167 5819//5168 5836//5183
f 5836//5183 5835//5171 5808//5189
f 5828//5182 5821//5187 5810//5177
f 5807//5184 5839//5194 5814//5162
f 5837//5169 5834//5166 5806//5185
f 5839//5194 5837//5169 5814//5162
f 5838//5192 5834//5166 5832//5161
f 5806//5185 5834//5166 5838//5192
f 5813//5193 5812//5191 5805//5190
f 5808//5189 5807//5184 5837//5169
f 5840//5170 5830//5188 5819//5168
f 5808//5189 5830//5188 5840//5170
f 5827//5172 5822//5173 5809//5180
f 5825//5196 5810//5177 5811//5176
f 5817//5179 5808//5189 5819//5168
f 5849//5198 5847//5201 5846//5199
f 5844//5205 5846//5199 5847//5201
f 5847//5201 5848//5203 5844//5205
f 5850//5202 5845//5200 5846//5199
f 5850//5202 5846//5199 5848//5203
f 5849//5198 5850//5202 5847//5201
f 5849//5198 5851//5204 5852//5206
f 5845//5200 5852//5206 5851//5204
f 5844//5205 5851//5204 5846//5199
f 5865//390 5863//390 5864//390
f 5865//390 5864//390 5863//390
f 5887//5232 5874//5233 5889//5227
f 5889//5227 5888//5226 5887//5232
f 5869//5212 5877//5214 5886//5210
f 5872//5217 5870//5219 5869//5212
f 5872//5217 5886//5210 5877//5214
f 5879//5220 5871//5213 5880//5218
f 5872//5217 5879//5220 5878//5221
f 5866//5228 5882//5223 5884//5229
f 5888//5226 5866//5228 5873//5224
f 5867//5225 5877//5214 5869//5212
f 5873//5224 5876//5215 5877//5214
f 5882//5223 5874//5233 5888//5226
f 5885//5222 5881//5211 5888//5226
f 5867//5225 5873//5224 5877//5214
f 5868//5235 5873//5224 5875//5231
f 5871//5213 5876//5215 5890//5234
f 5890//5234 5891//5216 5871//5213
f 5876//5215 5868//5235 5875//5231
f 5891//5216 5880//5218 5871//5213
f 5866//5228 5883//5230 5873//5224
f 5882//5223 5873//5224 5883//5230
f 5891//5216 5869//5212 5881//5211
f 5878//5221 5880//5218 5870//5219
f 5906//5257 5897//5240 5903//5256
f 5901//5249 5912//5267 5938//5263 5916//5242
f 5906//5257 5914//5247 5894//5236
f 5938//5263 5935//5262 5924//5260
f 5933//5238 5931//5259 5932//5266
f 5936//5280 5935//5262 5917//5250 5900//5253
f 5925//5245 5924//5260 5899//5271
f 5935//5262 5899//5271 5924//5260
f 5925//5245 5909//5281 5927//5273
f 5927//5273 5909//5281 5911//5275
f 5911//5275 5909//5281 5892//5274
f 5929//5254 5913//5255 5928//5268
f 5929//5254 5921//5248 5926//5244
f 5901//5249 5929//5254 5912//5267
f 5938//5263 5912//5267 5926//5244
f 5920//5276 5929//5254 5901//5249
f 5906//5257 5930//5277 5931//5259
f 5930//5277 5906//5257 5919//5237
f 5897//5240 5906//5257 5931//5259
f 5903//5256 5920//5276 5906//5257
f 5929//5254 5903//5256 5910//5239
f 5910//5239 5908//5278 5929//5254
f 5895//5246 5908//5278 5915//5269
f 5915//5269 5914//5247 5895//5246
f 5904//5265 5934//5279 5905//5270
f 5904//5265 5919//5237 5915//5269
f 5933//5238 5904//5265 5894//5236
f 5919//5237 5914//5247 5915//5269
f 5915//5269 5894//5236 5904//5265
f 5897//5240 5915//5269 5908//5278
f 5908//5278 5895//5246 5921//5248
f 5920//5276 5903//5256 5929//5254
f 5922//5252 5923//5264 5900//5253
f 5901//5249 5918//5261 5900//5253
f 6002//5328 5986//5327 6007//5326 6022//5321
f 5935//5262 5918//5261 5901//5249
f 5899//5271 5935//5262 5936//5280
f 5916//5242 5917//5250 5937//5243
f 5937//5243 5921//5248 5907//5251
f 5907//5251 5917//5250 5924//5260
f 5940//390 5941//390 5939//390
f 5942//390 5944//390 5943//390
f 5969//5305 5955//5306 5971//5299
f 5971//5299 5970//5298 5969//5305
f 5952//5287 5951//5309 5968//5285
f 5958//5289 5962//5291 5952//5287
f 5958//5289 5968//5285 5951//5309
f 5953//5310 5962//5291 5951//5309
f 5960//5292 5953//5310 5959//5290
f 5962//5291 5953//5310 5960//5292
f 5948//5300 5964//5295 5966//5301
f 5970//5298 5948//5300 5954//5296
f 5949//5297 5951//5309 5952//5287
f 5954//5296 5957//5304 5951//5309
f 5964//5295 5955//5306 5970//5298
f 5967//5294 5963//5286 5970//5298
f 5949//5297 5954//5296 5951//5309
f 5950//5308 5954//5296 5956//5303
f 5953//5310 5957//5304 5972//5307
f 5972//5307 5973//5288 5953//5310
f 5957//5304 5950//5308 5956//5303
f 5973//5288 5959//5290 5953//5310
f 5948//5300 5965//5302 5954//5296
f 5964//5295 5954//5296 5965//5302
f 5973//5288 5952//5287 5963//5286
f 5961//5293 5959//5290 5962//5291
f 5976//390 5974//390 5975//390
f 5976//390 5975//390 5974//390
f 5991//5335 5981//5318 5988//5334
f 5986//5327 5996//5345 6001//5341 6000//5320
f 5991//5335 5998//5325 5978//5311
f 6001//5341 6020//5340 6010//5338
f 6018//5313 6016//5337 6017//5344
f 6021//5356 6020//5340 6002//5328 5985//5331
f 6011//5323 6010//5338 5984//5349
f 6020//5340 5984//5349 6010//5338
f 6012//5322 5982//5350 5995//5314
f 5982//5350 5983//5351 6003//5315
f 6012//5322 5995//5314 6001//5341
f 6014//5332 5997//5333 6013//5346
f 6014//5332 6007//5326 6012//5322
f 5986//5327 6014//5332 5996//5345
f 6001//5341 5996//5345 6012//5322
f 6006//5352 6014//5332 5986//5327
f 5991//5335 6015//5353 6016//5337
f 6015//5353 5991//5335 6005//5312
f 5981//5318 5991//5335 6016//5337
f 5988//5334 6006//5352 5991//5335
f 6014//5332 5988//5334 5994//5317
f 5994//5317 5993//5354 6014//5332
f 5979//5324 5993//5354 5999//5347
f 5999//5347 5998//5325 5979//5324
f 5989//5343 6019//5355 5990//5348
f 5989//5343 6005//5312 5999//5347
f 6018//5313 5989//5343 5978//5311
f 6005//5312 5998//5325 5999//5347
f 5999//5347 5978//5311 5989//5343
f 5981//5318 5999//5347 5993//5354
f 5993//5354 5979//5324 6007//5326
f 6006//5352 5988//5334 6014//5332
f 6008//5330 6009//5342 5985//5331
f 5986//5327 6004//5339 5985//5331
f 6072//5384 6086//5383 6069//5388 6068//5390
f 6020//5340 6004//5339 5986//5327
f 5984//5349 6020//5340 6021//5356
f 6000//5320 6002//5328 6022//5321
f 6022//5321 6007//5326 5992//5329
f 5992//5329 6002//5328 6010//5338
f 6027//390 6025//390 6026//390
f 6027//390 6026//390 6025//390
f 6028//390 6030//390 6029//390
f 6035//5362 6036//5361 6034//5363
f 6037//6447 6039//6448 6038//6449
f 6039//6448 6037//6447 6038//6449
f 6045//390 6044//390 6043//390
f 6048//5365 6047//5364 6046//5366
f 6049//390 6050//390 6051//390
f 6049//390 6051//390 6050//390
f 6109//5367 6106//5371 6080//5368
f 6060//5369 6106//5371 6081//5376
f 6056//5370 6106//5371 6060//5369
f 6104//5374 6057//5373 6056//5370
f 6058//5409 6059//5372 6106//5371
f 6058//5409 6107//5380 6055//5379
f 6062//5411 6058//5409 6055//5379
f 6108//5412 6063//5410 6084//5407
f 6062//5411 6086//5383 6065//5385
f 6155//5450 6169//5449 6152//5454 6151//5456
f 6072//5384 6067//5386 6086//5383
f 6090//5389 6089//5405 6066//5387
f 6086//5383 6067//5386 6114//6450
f 6068//5390 6069//5388 6067//5386
f 6068//5390 6071//5392 6073//5393
f 6071//5392 6069//5388 6073//5393
f 6070//5398 6073//5393 6069//5388
f 6069//5388 6075//5396 6070//5398
f 6093//5391 6070//5398 6071//5392
f 6077//5397 6098//5400 6078//5403
f 6095//5401 6097//6451 6096//6452
f 6095//5401 6099//5427 6097//6451
f 6079//5424 6098//5400 6077//5397
f 6076//5399 6100//5404 6091//5402
f 6079//5424 6096//6452 6099//5427
f 6096//6452 6097//6451 6099//5427
f 6098//5400 6076//5399 6078//5403
f 6096//6452 6079//5424 6076//5399
f 6096//6452 6076//5399 6095//5401
f 6078//5403 6091//5402 6100//5404
f 6069//5388 6066//5387 6102//5382
f 6064//5381 6116//5406 6087//5408
f 6084//5407 6104//5374 6105//5377
f 6102//5382 6087//5408 6086//5383
f 6103//5413 6061//5378 6104//5374
f 6059//5372 6104//5374 6061//5378
f 6082//5375 6105//5377 6112//6453
f 6081//5376 6106//5371 6105//5377
f 6109//5367 6110//5418 6052//5416
f 6053//5417 6052//5416 6110//5418
f 6055//5379 6109//5367 6052//5416
f 6109//5367 6055//5379 6106//5371
f 6058//5409 6057//5373 6104//5374
f 6062//5411 6061//5378 6107//5380
f 6059//5372 6055//5379 6056//5370
f 6059//5372 6056//5370 6057//5373
f 6110//5418 6056//5370 6053//5417
f 6080//5368 6056//5370 6110//5418
f 6109//5367 6060//5369 6081//5376
f 6106//5371 6055//5379 6061//5378
f 6107//5380 6111//5419 6103//5413
f 6111//5419 6061//5378 6103//5413
f 6105//5377 6083//5414 6112//6453
f 6083//5414 6082//5375 6112//6453
f 6087//5408 6069//5388 6086//5383
f 6090//5389 6069//5388 6101//5394
f 6089//5405 6101//5394 6075//5396
f 6089//5405 6074//5420 6101//5394
f 6074//5420 6090//5389 6101//5394
f 6101//5394 6069//5388 6087//5408
f 6072//5384 6068//5390 6073//5393
f 6073//5393 6070//5398 6093//5391
f 6075//5396 6073//5393 6092//5395
f 6072//5384 6063//5410 6065//5385
f 6113//5422 6114//6450 6067//5386
f 6113//5422 6070//5398 6114//6450
f 6065//5385 6086//5383 6114//6450
f 6114//6450 6070//5398 6065//5385
f 6085//5423 6088//5421 6063//5410
f 6072//5384 6087//5408 6063//5410
f 6100//5404 6093//5391 6068//5390
f 6100//5404 6068//5390 6065//5385
f 6094//5425 6077//5397 6075//5396
f 6094//5425 6075//5396 6093//5391
f 6085//5423 6063//5410 6062//5411
f 6085//5423 6062//5411 6065//5385
f 6064//5381 6089//5405 6102//5382
f 6064//5381 6086//5383 6104//5374
f 6079//5424 6095//5401 6098//5400
f 6073//5393 6075//5396 6101//5394
f 6087//5408 6102//5382 6066//5387
f 6119//390 6117//390 6118//390
f 6121//390 6120//390 6122//6454
f 6121//390 6122//6454 6120//390
f 6123//6455 6125//6456 6124//6457
f 6124//6457 6125//6456 6123//6455
f 6128//390 6127//390 6126//390
f 6133//5432 6134//5431 6132//5430
f 6191//5433 6188//5437 6163//5434
f 6143//5435 6188//5437 6164//5442
f 6139//5436 6188//5437 6143//5435
f 6186//5440 6140//5439 6139//5436
f 6141//5479 6142//5438 6188//5437
f 6141//5479 6189//5446 6138//5445
f 6145//5481 6141//5479 6138//5445
f 6190//5482 6146//5480 6167//5477
f 6145//5481 6169//5449 6148//5451
f 6176//6458 6175//5462 6161//5471 6162//5463
f 6155//5450 6150//5452 6169//5449
f 6172//5455 6195//5475 6149//5453
f 6169//5449 6150//5452 6197//6459
f 6151//5456 6152//5454 6150//5452
f 6151//5456 6154//5458 6156//5459
f 6154//5458 6152//5454 6156//5459
f 6153//5464 6156//5459 6152//5454
f 6152//5454 6195//5475 6153//5464
f 6157//5457 6153//5464 6154//5458
f 6162//5463 6177//5466 6159//5467
f 6179//5469 6180//5465 6181//5470
f 6162//5463 6181//5470 6180//5465
f 6159//5467 6182//5474 6173//5472
f 6161//5471 6178//5468 6181//5470
f 6178//5468 6179//5469 6181//5470
f 6178//5468 6161//5471 6159//5467
f 6178//5468 6159//5467 6180//5465
f 6160//5473 6173//5472 6182//5474
f 6152//5454 6149//5453 6184//5448
f 6147//5447 6199//5476 6170//5478
f 6167//5477 6186//5440 6187//5443
f 6184//5448 6170//5478 6169//5449
f 6185//5483 6144//5444 6186//5440
f 6142//5438 6186//5440 6144//5444
f 6165//5441 6187//5443 6194//6460
f 6164//5442 6188//5437 6187//5443
f 6191//5433 6192//5488 6135//5486
f 6136//5487 6135//5486 6192//5488
f 6138//5445 6191//5433 6135//5486
f 6191//5433 6138//5445 6188//5437
f 6141//5479 6140//5439 6186//5440
f 6145//5481 6144//5444 6189//5446
f 6142//5438 6138//5445 6139//5436
f 6142//5438 6139//5436 6140//5439
f 6192//5488 6139//5436 6136//5487
f 6163//5434 6139//5436 6192//5488
f 6191//5433 6143//5435 6164//5442
f 6188//5437 6138//5445 6144//5444
f 6189//5446 6193//5489 6185//5483
f 6193//5489 6144//5444 6185//5483
f 6187//5443 6166//5484 6194//6460
f 6166//5484 6165//5441 6194//6460
f 6170//5478 6152//5454 6169//5449
f 6172//5455 6152//5454 6183//5460
f 6195//5475 6158//5490 6183//5460
f 6158//5490 6172//5455 6183//5460
f 6183//5460 6152//5454 6170//5478
f 6155//5450 6151//5456 6156//5459
f 6195//5475 6175//5462 6153//5464
f 6156//5459 6153//5464 6157//5457
f 6175//5462 6174//5461 6157//5457
f 6195//5475 6156//5459 6174//5461
f 6195//5475 6174//5461 6175//5462
f 6155//5450 6146//5480 6148//5451
f 6196//5492 6197//6459 6150//5452
f 6196//5492 6153//5464 6197//6459
f 6148//5451 6169//5449 6197//6459
f 6197//6459 6153//5464 6148//5451
f 6168//5493 6171//5491 6146//5480
f 6155//5450 6170//5478 6146//5480
f 6182//5474 6175//5462 6157//5457
f 6182//5474 6157//5457 6151//5456
f 6182//5474 6151//5456 6148//5451
f 6160//5473 6153//5464 6162//5463 6159//5467
f 6176//6458 6162//5463 6175//5462
f 6168//5493 6146//5480 6145//5481
f 6168//5493 6145//5481 6148//5451
f 6147//5447 6195//5475 6184//5448
f 6147//5447 6169//5449 6186//5440
f 6238//5518 6252//5517 6235//5522 6234//5524
f 6156//5459 6195//5475 6183//5460
f 6170//5478 6184//5448 6149//5453
f 6202//5497 6200//5496 6201//5495
f 6204//390 6203//390 6205//390
f 6204//390 6205//390 6203//390
f 6208//6461 6207//6462 6206//6463
f 6206//6463 6207//6462 6208//6461
f 6211//390 6210//390 6209//390
f 6213//6464 6212//390 6214//6465
f 6213//6464 6214//6465 6212//390
f 6216//5500 6217//5499 6215//5498
f 6274//5501 6271//5505 6246//5502
f 6226//5503 6271//5505 6247//5510
f 6222//5504 6271//5505 6226//5503
f 6269//5508 6223//5507 6222//5504
f 6224//5547 6225//5506 6271//5505
f 6224//5547 6272//5514 6221//5513
f 6228//5549 6224//5547 6221//5513
f 6273//5550 6229//5548 6250//5545
f 6228//5549 6252//5517 6231//5519
f 6259//6466 6258//5530 6244//5539 6245//5531
f 6238//5518 6233//5520 6252//5517
f 6255//5523 6278//5543 6232//5521
f 6252//5517 6233//5520 6280//6467
f 6234//5524 6235//5522 6233//5520
f 6234//5524 6237//5526 6239//5527
f 6237//5526 6235//5522 6239//5527
f 6236//5532 6239//5527 6235//5522
f 6235//5522 6278//5543 6236//5532
f 6240//5525 6236//5532 6237//5526
f 6245//5531 6260//5534 6242//5535
f 6262//5537 6263//5533 6264//5538
f 6245//5531 6264//5538 6263//5533
f 6242//5535 6265//5542 6256//5540
f 6244//5539 6261//5536 6264//5538
f 6261//5536 6262//5537 6264//5538
f 6261//5536 6244//5539 6242//5535
f 6261//5536 6242//5535 6263//5533
f 6243//5541 6256//5540 6265//5542
f 6235//5522 6232//5521 6267//5516
f 6230//5515 6282//5544 6253//5546
f 6250//5545 6269//5508 6270//5511
f 6267//5516 6253//5546 6252//5517
f 6268//5551 6227//5512 6269//5508
f 6225//5506 6269//5508 6227//5512
f 6248//5509 6270//5511 6277//6468
f 6247//5510 6271//5505 6270//5511
f 6274//5501 6275//5556 6218//5554
f 6219//5555 6218//5554 6275//5556
f 6221//5513 6274//5501 6218//5554
f 6274//5501 6221//5513 6271//5505
f 6224//5547 6223//5507 6269//5508
f 6228//5549 6227//5512 6272//5514
f 6225//5506 6221//5513 6222//5504
f 6225//5506 6222//5504 6223//5507
f 6275//5556 6222//5504 6219//5555
f 6246//5502 6222//5504 6275//5556
f 6274//5501 6226//5503 6247//5510
f 6271//5505 6221//5513 6227//5512
f 6272//5514 6276//5557 6268//5551
f 6276//5557 6227//5512 6268//5551
f 6270//5511 6249//5552 6277//6468
f 6249//5552 6248//5509 6277//6468
f 6253//5546 6235//5522 6252//5517
f 6255//5523 6235//5522 6266//5528
f 6278//5543 6241//5558 6266//5528
f 6241//5558 6255//5523 6266//5528
f 6266//5528 6235//5522 6253//5546
f 6238//5518 6234//5524 6239//5527
f 6278//5543 6258//5530 6236//5532
f 6239//5527 6236//5532 6240//5525
f 6258//5530 6257//5529 6240//5525
f 6278//5543 6239//5527 6257//5529
f 6278//5543 6257//5529 6258//5530
f 6238//5518 6229//5548 6231//5519
f 6279//5560 6280//6467 6233//5520
f 6279//5560 6236//5532 6280//6467
f 6231//5519 6252//5517 6280//6467
f 6280//6467 6236//5532 6231//5519
f 6251//5561 6254//5559 6229//5548
f 6238//5518 6253//5546 6229//5548
f 6265//5542 6258//5530 6240//5525
f 6265//5542 6240//5525 6234//5524
f 6265//5542 6234//5524 6231//5519
f 6243//5541 6236//5532 6245//5531 6242//5535
f 6259//6466 6245//5531 6258//5530
f 6251//5561 6229//5548 6228//5549
f 6251//5561 6228//5549 6231//5519
f 6230//5515 6278//5543 6267//5516
f 6230//5515 6252//5517 6269//5508
f 6319//5589 6333//5588 6316//5607 6315//5592
f 6239//5527 6278//5543 6266//5528
f 6253//5546 6267//5516 6232//5521
f 6285//5565 6283//5564 6284//5563
f 6287//390 6286//390 6288//6469
f 6287//390 6288//6469 6286//390
f 6289//6470 6291//6471 6290//6472
f 6290//6472 6291//6471 6289//6470
f 6294//390 6293//390 6292//390
f 6297//5567 6296//5566 6295//5568
f 6299//5571 6300//5570 6298//5569
f 6355//5572 6352//5576 6327//5573
f 6308//5574 6352//5576 6328//5581
f 6304//5575 6352//5576 6308//5574
f 6350//5579 6305//5578 6304//5575
f 6306//5613 6307//5577 6352//5576
f 6306//5613 6353//5585 6303//5584
f 6310//5615 6306//5613 6303//5584
f 6354//5614 6306//5613 6331//5611
f 6310//5615 6333//5588 6312//5590
f 6413//5668 6411//5667 6410//6473 6415//5661
f 6319//5589 6314//5591 6333//5588
f 6333//5588 6314//5591 6359//6474
f 6315//5592 6316//5607 6314//5591
f 6315//5592 6318//5594 6320//5595
f 6318//5594 6316//5607 6320//5595
f 6317//5600 6320//5595 6316//5607
f 6316//5607 6322//5598 6317//5600
f 6339//5593 6317//5600 6318//5594
f 6324//5599 6344//5602 6325//5605
f 6341//5603 6343//6475 6342//6476
f 6341//5603 6345//5628 6343//6475
f 6326//5625 6344//5602 6324//5599
f 6323//5601 6346//5606 6337//5604
f 6326//5625 6342//6476 6345//5628
f 6342//6476 6343//6475 6345//5628
f 6344//5602 6323//5601 6325//5605
f 6342//6476 6326//5625 6323//5601
f 6342//6476 6323//5601 6341//5603
f 6325//5605 6337//5604 6346//5606
f 6316//5607 6313//5609 6348//5587
f 6311//5586 6361//5610 6334//5612
f 6331//5611 6350//5579 6351//5582
f 6348//5587 6334//5612 6333//5588
f 6349//5616 6309//5583 6350//5579
f 6307//5577 6350//5579 6309//5583
f 6328//5581 6352//5576 6351//5582
f 6355//5572 6356//5619 6301//6477
f 6303//5584 6301//6477 6356//5619
f 6303//5584 6355//5572 6301//6477
f 6355//5572 6303//5584 6352//5576
f 6306//5613 6305//5578 6350//5579
f 6310//5615 6309//5583 6353//5585
f 6307//5577 6303//5584 6304//5575
f 6307//5577 6304//5575 6305//5578
f 6356//5619 6304//5575 6303//5584
f 6327//5573 6304//5575 6356//5619
f 6355//5572 6308//5574 6328//5581
f 6352//5576 6303//5584 6309//5583
f 6353//5585 6357//5620 6349//5616
f 6357//5620 6309//5583 6349//5616
f 6351//5582 6330//5617 6329//5580
f 6334//5612 6316//5607 6333//5588
f 6313//5609 6316//5607 6347//5596
f 6336//5608 6347//5596 6322//5598
f 6336//5608 6321//5621 6347//5596
f 6321//5621 6313//5609 6347//5596
f 6347//5596 6316//5607 6334//5612
f 6319//5589 6315//5592 6320//5595
f 6320//5595 6317//5600 6339//5593
f 6322//5598 6320//5595 6338//5597
f 6319//5589 6306//5613 6312//5590
f 6358//5623 6359//6474 6314//5591
f 6358//5623 6317//5600 6359//6474
f 6312//5590 6333//5588 6359//6474
f 6359//6474 6317//5600 6312//5590
f 6332//5624 6335//5622 6306//5613
f 6319//5589 6334//5612 6306//5613
f 6346//5606 6339//5593 6315//5592
f 6346//5606 6315//5592 6312//5590
f 6340//5626 6324//5599 6322//5598
f 6340//5626 6322//5598 6339//5593
f 6332//5624 6306//5613 6310//5615
f 6332//5624 6310//5615 6312//5590
f 6311//5586 6336//5608 6348//5587
f 6311//5586 6333//5588 6350//5579
f 6326//5625 6341//5603 6344//5602
f 6320//5595 6322//5598 6347//5596
f 6334//5612 6348//5587 6313//5609
f 6364//5631 6362//5630 6363//5629
f 6366//390 6365//6478 6367//6479
f 6366//390 6367//6479 6365//6478
f 6372//5655 6375//6480 6392//5642
f 6378//5636 6379//5647 6380//5645
f 6389//5641 6386//5654 6378//5636
f 6390//5643 6379//5647 6378//5636
f 6385//5646 6384//5637 6378//5636
f 6384//5637 6392//5642 6376//5638
f 6383//5656 6391//5650 6382//5648
f 6375//6480 6391//5650 6392//5642
f 6372//5655 6391//5650 6375//6480
f 6393//5653 6372//5655 6381//5651
f 6393//5653 6374//5652 6382//5648
f 6382//5648 6374//5652 6372//5655
f 6374//5652 6381//5651 6372//5655
f 6391//5650 6372//5655 6393//5653
f 6373//5649 6391//5650 6393//5653
f 6379//5647 6385//5646 6387//5640
f 6386//5654 6389//5641 6385//5646
f 6387//5640 6385//5646 6389//5641
f 6392//5642 6383//5656 6377//5644
f 6392//5642 6391//5650 6383//5656
f 6390//5643 6377//5644 6379//5647
f 6398//5678 6401//6481 6417//5662
f 6413//5668 6404//5670 6405//5669
f 6490//5740 6482//5743 6501//6482 6495//5738
f 6410//6473 6409//5665 6415//5661
f 6409//5665 6417//5662 6402//5664
f 6408//5679 6416//5673 6407//5671
f 6401//6481 6416//5673 6417//5662
f 6398//5678 6416//5673 6401//6481
f 6418//5676 6398//5678 6406//5674
f 6418//5676 6400//5675 6407//5671
f 6407//5671 6400//5675 6398//5678
f 6400//5675 6406//5674 6398//5678
f 6416//5673 6398//5678 6418//5676
f 6399//5672 6416//5673 6418//5676
f 6404//5670 6409//5665 6412//5677
f 6410//6473 6411//5667 6409//5665
f 6412//5677 6409//5665 6411//5667
f 6417//5662 6408//5679 6403//5666
f 6417//5662 6416//5673 6408//5679
f 6415//5661 6404//5670 6413//5668
f 6414//5663 6404//5670 6415//5661
f 6414//5663 6403//5666 6404//5670
f 6422//5699 6425//6483 6426//5684
f 6428//5682 6429//5692 6430//5690
f 6439//5687 6436//5698 6428//5682
f 6440//5688 6429//5692 6428//5682
f 6435//5691 6434//5683 6428//5682
f 6433//5700 6423//5697 6432//5693
f 6425//6483 6423//5697 6426//5684
f 6422//5699 6423//5697 6425//6483
f 6441//5696 6422//5699 6431//5694
f 6441//5696 6424//5695 6432//5693
f 6432//5693 6424//5695 6422//5699
f 6424//5695 6431//5694 6422//5699
f 6423//5697 6422//5699 6441//5696
f 6429//5692 6435//5691 6437//5686
f 6436//5698 6439//5687 6435//5691
f 6437//5686 6435//5691 6439//5687
f 6426//5684 6433//5700 6427//5689
f 6426//5684 6423//5697 6433//5700
f 6440//5688 6427//5689 6429//5692
f 6464//5704 6443//5707 6445//5705
f 6446//5727 6454//5706 6472//5726
f 6446//5727 6445//5705 6443//5707
f 6448//5711 6466//5712 6444//5701
f 6445//5705 6447//5725 6472//5726
f 6448//5711 6467//5724 6445//5705
f 6459//5714 6449//5721 6466//5712
f 6459//5714 6463//5722 6449//5721
f 6462//5719 6452//5717 6453//5718
f 6462//5719 6461//5716 6452//5717
f 6461//5716 6451//5720 6453//5718
f 6459//5714 6462//5719 6453//5718
f 6459//5714 6453//5718 6451//5720
f 6459//5714 6465//5709 6463//5722
f 6458//5708 6464//5704 6456//5710
f 6464//5704 6444//5701 6456//5710
f 6449//5721 6465//5709 6458//5708
f 6458//5708 6444//5701 6449//5721
f 6467//5724 6450//5713 6468//5723
f 6467//5724 6448//5711 6450//5713
f 6451//5720 6448//5711 6465//5709
f 6446//5727 6469//5728 6454//5706
f 6457//5702 6444//5701 6469//5728
f 6444//5701 6442//5703 6445//5705
f 6443//5707 6465//5709 6448//5711
f 6469//5728 6444//5701 6470//5730
f 6455//5731 6471//5729 6470//5730
f 6464//5704 6442//5703 6471//5729
f 6455//5731 6464//5704 6471//5729
f 6466//5712 6448//5711 6447//5725
f 6475//5732 6473//5734 6474//5733
f 6490//5740 6494//5742 6489//5754
f 6490//5740 6500//5739 6494//5742
f 6495//5738 6482//5743 6500//5739
f 6482//5743 6494//5742 6491//5741
f 6494//5742 6492//5747 6486//5757
f 6503//5755 6484//5753 6492//5747
f 6484//5753 6496//5752 6493//5756
f 6486//5757 6492//5747 6489//5754
f 6487//5744 6503//5755 6485//5749
f 6494//5742 6496//5752 6488//5758
f 6496//5752 6489//5754 6488//5758
f 6496//5752 6494//5742 6486//5757
f 6492//5747 6485//5749 6499//5748
f 6483//5750 6499//5748 6494//5742
f 6494//5742 6501//6482 6502//5751
f 6502//5751 6491//5741 6483//5750
f 6500//5739 6482//5743 6489//5754
f 6482//5743 6491//5741 6501//6482
f 6508//5766 6514//5765 6511//5764 6505//5763
f 6495//5738 6501//6482 6494//5742
f 6491//5741 6502//5751 6501//6482
f 6499//5748 6483//5750 6491//5741
f 6492//5747 6497//5745 6485//5749
f 6498//5746 6503//5755 6487//5744
f 6503//5755 6494//5742 6485//5749
f 6493//5756 6503//5755 6497//5745
f 6484//5753 6503//5755 6486//5757
f 6486//5757 6503//5755 6496//5752
f 6514//5765 6523//5768 6509//5769
f 6508//5766 6513//5778 6520//5773
f 6518//5771 6519//5774 6509//5769
f 6520//5773 6509//5769 6515//5775
f 6511//5764 6507//5767 6510//5762
f 6507//5767 6511//5764 6521//5776
f 6521//5776 6505//5763 6507//5767
f 6523//5768 6507//5767 6505//5763
f 6508//5766 6523//5768 6510//5762
f 6508//5766 6509//5769 6523//5768
f 6513//5778 6508//5766 6506//5761
f 6504//5759 6512//5777 6508//5766
f 6505//5763 6522//5760 6508//5766
f 6539//5792 6531//5780 6538//5794 6524//5793
f 6506//5761 6508//5766 6512//5777
f 6509//5769 6508//5766 6516//5770
f 6514//5765 6513//5778 6506//5761
f 6531//5780 6539//5792 6542//5781
f 6542//5781 6524//5793 6538//5794 6537//5779
f 6531//5780 6524//5793 6541//5795 6538//5794
f 6527//5786 6525//5800 6526//5787
f 6529//5788 6537//5779 6536//5785
f 6534//5789 6536//5785 6526//5787
f 6526//5787 6536//5785 6535//5782
f 6535//5782 6533//5784 6540//5783
f 6532//5790 6540//5783 6536//5785
f 6537//5779 6541//5795 6543//5791
f 6543//5791 6542//5781 6532//5790
f 6550//5808 6556//5807 6553//5806 6547//5805
f 6540//5783 6532//5790 6542//5781
f 6533//5784 6530//5798 6544//5797
f 6528//5799 6535//5782 6536//5785
f 6528//5799 6544//5797 6525//5800
f 6528//5799 6533//5784 6544//5797
f 6534//5789 6535//5782 6527//5786
f 6525//5800 6535//5782 6534//5789
f 6556//5807 6565//5810 6551//5811
f 6550//5808 6555//5820 6562//5815
f 6560//5813 6561//5816 6551//5811
f 6562//5815 6551//5811 6557//5817
f 6553//5806 6549//5809 6552//5804
f 6549//5809 6553//5806 6563//5818
f 6563//5818 6547//5805 6549//5809
f 6565//5810 6549//5809 6547//5805
f 6550//5808 6565//5810 6552//5804
f 6550//5808 6551//5811 6565//5810
f 6555//5820 6550//5808 6548//5803
f 6546//5801 6554//5819 6550//5808
f 6547//5805 6564//5802 6550//5808
f 6582//5836 6575//5822 6581//5839 6566//5838
f 6548//5803 6550//5808 6554//5819
f 6551//5811 6550//5808 6558//5812
f 6556//5807 6555//5820 6548//5803
f 6575//5822 6582//5836 6585//5823
f 6585//5823 6566//5838 6581//5839 6587//5821
f 6575//5822 6566//5838 6586//5833 6581//5839
f 6569//5830 6568//5826 6579//5831
f 6570//5843 6572//5835 6571//5829
f 6572//5835 6570//5843 6579//5831
f 6579//5831 6570//5843 6580//5824
f 6580//5824 6578//5828 6583//5827
f 6579//5831 6587//5821 6571//5829
f 6576//5837 6583//5827 6571//5829
f 6576//5837 6587//5821 6584//5834
f 6584//5834 6585//5823 6576//5837
f 6582//5836 6566//5838 6579//5831
f 6594//5852 6600//5851 6597//5850 6591//5849
f 6583//5827 6576//5837 6585//5823
f 6578//5828 6574//5842 6588//5841
f 6570//5843 6571//5829 6578//5828
f 6570//5843 6577//5825 6580//5824
f 6570//5843 6588//5841 6568//5826
f 6570//5843 6578//5828 6588//5841
f 6569//5830 6570//5843 6573//5844
f 6568//5826 6577//5825 6579//5831
f 6600//5851 6609//5854 6595//5855
f 6594//5852 6599//5864 6606//5859
f 6604//5857 6605//5860 6595//5855
f 6606//5859 6595//5855 6601//5861
f 6597//5850 6593//5853 6596//5848
f 6593//5853 6597//5850 6607//5862
f 6607//5862 6591//5849 6593//5853
f 6609//5854 6593//5853 6591//5849
f 6594//5852 6609//5854 6596//5848
f 6594//5852 6595//5855 6609//5854
f 6599//5864 6594//5852 6592//5847
f 6590//5845 6598//5863 6594//5852
f 6591//5849 6608//5846 6594//5852
f 6626//5880 6619//5866 6625//5883 6610//5882
f 6592//5847 6594//5852 6598//5863
f 6595//5855 6594//5852 6602//5856
f 6600//5851 6599//5864 6592//5847
f 6619//5866 6626//5880 6629//5867
f 6629//5867 6610//5882 6625//5883 6631//5865
f 6619//5866 6610//5882 6630//5877 6625//5883
f 6613//5874 6612//5870 6623//5875
f 6614//5889 6616//5879 6615//5873
f 6616//5879 6614//5889 6623//5875
f 6623//5875 6614//5889 6624//5868
f 6624//5868 6622//5872 6627//5871
f 6623//5875 6631//5865 6615//5873
f 6620//5881 6627//5871 6615//5873
f 6620//5881 6631//5865 6628//5884
f 6628//5884 6629//5867 6620//5881
f 6626//5880 6610//5882 6623//5875
f 6718//5971 6711//5957 6717//5974 6702//5973
f 6628//5884 6632//5878 6630//5877
f 6627//5871 6620//5881 6629//5867
f 6633//5885 6624//5868 6635//5886
f 6622//5872 6618//5888 6634//5887
f 6614//5889 6615//5873 6622//5872
f 6614//5889 6621//5869 6624//5868
f 6614//5889 6634//5887 6612//5870
f 6614//5889 6622//5872 6634//5887
f 6613//5874 6614//5889 6617//5890
f 6612//5870 6621//5869 6623//5875
f 6649//5899 6658//5898 6641//5900
f 6654//5901 6641//5900 6640//5911
f 6652//5902 6653//5903 6641//5900
f 6653//5903 6652//5902 6643//5904
f 6650//5906 6648//5908 6653//5903
f 6648//5908 6641//5900 6651//5907
f 6647//5896 6639//5897 6645//5894
f 6639//5897 6647//5896 6656//5909
f 6656//5909 6637//5895 6639//5897
f 6640//5911 6639//5897 6637//5895
f 6649//5899 6640//5911 6645//5894
f 6655//5912 6650//5906 6638//5893
f 6647//5896 6637//5895 6649//5899
f 6657//5910 6646//5913 6650//5906
f 6640//5911 6649//5899 6654//5901
f 6658//5898 6639//5897 6640//5911
f 6640//5911 6641//5900 6658//5898
f 6649//5899 6648//5908 6638//5893
f 6666//5915 6665//5918 6673//5916
f 6671//5917 6668//5919 6665//5918
f 6671//5917 6660//5914 6673//5916
f 6668//5919 6672//5922 6678//5925
f 6662//5932 6672//5922 6668//5919
f 6668//5919 6670//5930 6674//5920
f 6661//5933 6664//5923 6672//5922
f 6664//5923 6659//5924 6660//5914
f 6678//5925 6672//5922 6660//5914
f 6668//5919 6678//5925 6670//5930
f 6670//5930 6669//5921 6674//5920
f 6675//5926 6676//5927 6660//5914
f 6675//5926 6671//5917 6666//5915
f 6673//5916 6674//5920 6676//5927
f 6676//5927 6677//6484 6660//5914
f 6677//6484 6674//5920 6660//5914
f 6674//5920 6677//6484 6676//5927
f 6669//5921 6670//5930 6667//5929
f 6678//5925 6667//5929 6679//5931
f 6678//5925 6662//5932 6670//5930
f 6679//5931 6664//5923 6661//5933
f 6661//5933 6678//5925 6679//5931
f 6664//5923 6670//5930 6662//5932
f 6661//5933 6672//5922 6662//5932
f 6698//5939 6683//5947 6693//5937
f 6693//5937 6701//5953 6684//5942
f 6680//5948 6686//5941 6683//5947
f 6683//5947 6700//5952 6701//5953
f 6684//5942 6682//5950 6687//5954
f 6701//5953 6686//5941 6695//5940
f 6695//5940 6687//5954 6690//5944
f 6687//5954 6688//5945 6690//5944
f 6687//5954 6694//5946 6689//5955
f 6694//5946 6688//5945 6689//5955
f 6680//5948 6698//5939 6692//5949
f 6680//5948 6697//5938 6693//5937
f 6686//5941 6680//5948 6684//5942
f 6693//5937 6684//5942 6680//5948
f 6682//5950 6694//5946 6687//5954
f 6685//5951 6682//5950 6691//5934
f 6684//5942 6698//5939 6697//5938
f 6701//5953 6698//5939 6684//5942
f 6681//5936 6682//5950 6685//5951
f 6701//5953 6693//5937 6683//5947
f 6701//5953 6695//5940 6694//5946
f 6701//5953 6682//5950 6681//5936
f 6688//5945 6696//5943 6690//5944
f 6711//5957 6718//5971 6721//5958
f 6721//5958 6702//5973 6717//5974 6723//5956
f 6711//5957 6702//5973 6722//5968 6717//5974
f 6705//5965 6704//5961 6715//5966
f 6706//5978 6708//5970 6707//5964
f 6708//5970 6706//5978 6715//5966
f 6715//5966 6706//5978 6716//5959
f 6716//5959 6714//5963 6719//5962
f 6715//5966 6723//5956 6707//5964
f 6712//5972 6719//5962 6707//5964
f 6712//5972 6723//5956 6720//5969
f 6720//5969 6721//5958 6712//5972
f 6718//5971 6702//5973 6715//5966
f 6730//5987 6736//5986 6733//5985 6727//5984
f 6719//5962 6712//5972 6721//5958
f 6714//5963 6710//5977 6724//5976
f 6706//5978 6707//5964 6714//5963
f 6706//5978 6713//5960 6716//5959
f 6706//5978 6724//5976 6704//5961
f 6706//5978 6714//5963 6724//5976
f 6705//5965 6706//5978 6709//5979
f 6704//5961 6713//5960 6715//5966
f 6736//5986 6745//5989 6731//5990
f 6730//5987 6735//5999 6742//5994
f 6740//5992 6741//5995 6731//5990
f 6742//5994 6731//5990 6737//5996
f 6733//5985 6729//5988 6732//5983
f 6729//5988 6733//5985 6743//5997
f 6743//5997 6727//5984 6729//5988
f 6745//5989 6729//5988 6727//5984
f 6730//5987 6745//5989 6732//5983
f 6730//5987 6731//5990 6745//5989
f 6735//5999 6730//5987 6728//5982
f 6726//5980 6734//5998 6730//5987
f 6727//5984 6744//5981 6730//5987
f 6762//6015 6755//6001 6761//6018 6746//6017
f 6728//5982 6730//5987 6734//5998
f 6731//5990 6730//5987 6738//5991
f 6736//5986 6735//5999 6728//5982
f 6755//6001 6762//6015 6765//6002
f 6765//6002 6746//6017 6761//6018 6767//6000
f 6755//6001 6746//6017 6766//6012 6761//6018
f 6749//6009 6748//6005 6759//6010
f 6750//6022 6752//6014 6751//6008
f 6752//6014 6750//6022 6759//6010
f 6759//6010 6750//6022 6760//6003
f 6760//6003 6758//6007 6763//6006
f 6759//6010 6767//6000 6751//6008
f 6756//6016 6763//6006 6751//6008
f 6756//6016 6767//6000 6764//6013
f 6764//6013 6765//6002 6756//6016
f 6762//6015 6746//6017 6759//6010
f 6774//6031 6780//6030 6777//6029 6771//6028
f 6763//6006 6756//6016 6765//6002
f 6758//6007 6754//6021 6768//6020
f 6750//6022 6751//6008 6758//6007
f 6750//6022 6757//6004 6760//6003
f 6750//6022 6768//6020 6748//6005
f 6750//6022 6758//6007 6768//6020
f 6749//6009 6750//6022 6753//6023
f 6748//6005 6757//6004 6759//6010
f 6780//6030 6789//6033 6775//6034
f 6774//6031 6779//6043 6786//6038
f 6784//6036 6785//6039 6775//6034
f 6786//6038 6775//6034 6781//6040
f 6777//6029 6773//6032 6776//6027
f 6773//6032 6777//6029 6787//6041
f 6787//6041 6771//6028 6773//6032
f 6789//6033 6773//6032 6771//6028
f 6774//6031 6789//6033 6776//6027
f 6774//6031 6775//6034 6789//6033
f 6779//6043 6774//6031 6772//6026
f 6770//6024 6778//6042 6774//6031
f 6771//6028 6788//6025 6774//6031
f 6797//6060 6798//6045 6801//6047 6790//6048
f 6772//6026 6774//6031 6778//6042
f 6775//6034 6774//6031 6782//6035
f 6780//6030 6779//6043 6772//6026
f 6798//6045 6797//6060 6803//6046
f 6798//6045 6790//6048 6806//6058 6801//6047
f 6801//6047 6793//6044 6803//6046
f 6798//6045 6802//6052 6809//6065
f 6794//6064 6802//6052 6798//6045
f 6793//6044 6799//6061 6808//6051
f 6798//6045 6799//6061 6804//6055
f 6792//6063 6795//6053 6802//6052
f 6795//6053 6791//6054 6793//6044
f 6809//6065 6802//6052 6793//6044
f 6798//6045 6809//6065 6799//6061
f 6799//6061 6793//6044 6804//6055
f 6800//6059 6804//6055 6793//6044
f 6803//6046 6797//6060 6805//6057
f 6805//6057 6790//6048 6798//6045
f 6826//6079 6820//6067 6825//6082 6812//6081
f 6803//6046 6807//6056 6800//6059
f 6809//6065 6793//6044 6808//6051
f 6809//6065 6808//6051 6792//6063
f 6809//6065 6794//6064 6799//6061
f 6792//6063 6808//6051 6811//6050
f 6795//6053 6799//6061 6794//6064
f 6792//6063 6802//6052 6794//6064
f 6820//6067 6826//6079 6827//6068
f 6827//6068 6812//6081 6825//6082 6830//6066
f 6820//6067 6812//6081 6829//6075 6825//6082
f 6814//6072 6831//6071 6823//6073
f 6815//6085 6817//6077 6816//6078
f 6817//6077 6815//6085 6823//6073
f 6823//6073 6815//6085 6824//6069
f 6824//6069 6816//6078 6827//6068
f 6823//6073 6830//6066 6816//6078
f 6821//6080 6827//6068 6816//6078
f 6821//6080 6830//6066 6828//6076
f 6828//6076 6827//6068 6821//6080
f 6826//6079 6812//6081 6823//6073
f 6837//6094 6834//6093 6841//6092 6833//6091
f 6816//6078 6819//6084 6831//6071
f 6815//6085 6822//6070 6824//6069
f 6815//6085 6816//6078 6831//6071
f 6814//6072 6815//6085 6818//6086
f 6831//6071 6822//6070 6823//6073
f 6839//6087 6849//6105 6850//6088
f 6834//6093 6851//6096 6838//6097
f 6844//6099 6845//6100 6838//6097
f 6837//6094 6846//6102 6845//6100
f 6846//6102 6838//6097 6842//6101
f 6841//6092 6836//6095 6840//6090
f 6836//6095 6841//6092 6847//6103
f 6847//6103 6833//6091 6836//6095
f 6851//6096 6836//6095 6833//6091
f 6837//6094 6851//6096 6840//6090
f 6837//6094 6838//6097 6851//6096
f 6846//6102 6837//6094 6835//6089
f 6859//6120 6860//6107 6864//6109 6852//6110
f 6848//6104 6835//6089 6837//6094
f 6838//6097 6837//6094 6843//6098
f 6860//6107 6859//6120 6866//6108
f 6860//6107 6852//6110 6869//6118 6864//6109
f 6864//6109 6854//6106 6866//6108
f 6860//6107 6865//6113 6871//6116
f 6856//6124 6865//6113 6860//6107
f 6860//6107 6862//6122 6867//6111
f 6855//6125 6858//6114 6865//6113
f 6858//6114 6853//6115 6854//6106
f 6871//6116 6865//6113 6854//6106
f 6860//6107 6871//6116 6862//6122
f 6862//6122 6861//6112 6867//6111
f 6866//6108 6859//6120 6868//6117
f 6868//6117 6852//6110 6860//6107
f 6894//6150 6899//6149 6897//6148 6891//6147
f 6866//6108 6867//6111 6863//6119
f 6863//6119 6870//6485 6854//6106
f 6870//6485 6867//6111 6854//6106
f 6867//6111 6870//6485 6863//6119
f 6861//6112 6862//6122 6857//6121
f 6871//6116 6857//6121 6872//6123
f 6871//6116 6856//6124 6862//6122
f 6872//6123 6858//6114 6855//6125
f 6855//6125 6871//6116 6872//6123
f 6858//6114 6862//6122 6856//6124
f 6855//6125 6865//6113 6856//6124
f 6888//6131 6875//6139 6883//6129
f 6883//6129 6873//6128 6876//6134
f 6873//6128 6878//6133 6885//6132
f 6885//6132 6876//6134 6881//6136
f 6876//6134 6879//6137 6881//6136
f 6876//6134 6884//6138 6880//6142
f 6884//6138 6879//6137 6880//6142
f 6878//6133 6888//6131 6882//6140
f 6878//6133 6887//6130 6883//6129
f 6883//6129 6876//6134 6878//6133
f 6874//6141 6884//6138 6876//6134
f 6876//6134 6888//6131 6887//6130
f 6873//6128 6888//6131 6876//6134
f 6873//6128 6874//6141 6877//6126
f 6873//6128 6883//6129 6875//6139
f 6873//6128 6885//6132 6884//6138
f 6879//6137 6886//6135 6881//6136
f 6899//6149 6906//6152 6895//6153
f 6902//6155 6903//6157 6895//6153
f 6898//6156 6895//6153 6900//6158
f 6897//6148 6893//6151 6896//6146
f 6893//6151 6897//6148 6904//6159
f 6904//6159 6891//6147 6893//6151
f 6906//6152 6893//6151 6891//6147
f 6894//6150 6906//6152 6896//6146
f 6894//6150 6895//6153 6906//6152
f 6898//6156 6894//6150 6892//6145
f 6890//6143 6892//6145 6894//6150
f 6891//6147 6905//6144 6894//6150
f 6911//6167 6916//6166 6915//6165 6908//6164
f 6895//6153 6894//6150 6901//6154
f 6899//6149 6898//6156 6892//6145
f 6916//6166 6925//6169 6912//6170
f 6920//6172 6921//6174 6912//6170
f 6911//6167 6922//6176 6921//6174
f 6922//6176 6912//6170 6917//6175
f 6915//6165 6910//6168 6913//6163
f 6910//6168 6915//6165 6923//6177
f 6923//6177 6908//6164 6910//6168
f 6925//6169 6910//6168 6908//6164
f 6911//6167 6925//6169 6913//6163
f 6911//6167 6912//6170 6925//6169
f 6922//6176 6911//6167 6909//6162
f 6930//6186 6935//6185 6934//6184 6927//6183
f 6924//6161 6914//6178 6911//6167
f 6912//6170 6911//6167 6918//6171
f 6935//6185 6944//6188 6931//6189
f 6939//6191 6940//6193 6931//6189
f 6930//6186 6941//6195 6940//6193
f 6941//6195 6931//6189 6936//6194
f 6934//6184 6929//6187 6932//6182
f 6929//6187 6934//6184 6942//6196
f 6942//6196 6927//6183 6929//6187
f 6944//6188 6929//6187 6927//6183
f 6930//6186 6944//6188 6932//6182
f 6930//6186 6931//6189 6944//6188
f 6941//6195 6930//6186 6928//6181
f 6960//6211 6952//6199 6959//6213 6945//6212
f 6943//6180 6933//6197 6930//6186
f 6931//6189 6930//6186 6937//6190
f 6952//6199 6960//6211 6963//6200
f 6963//6200 6945//6212 6959//6213 6958//6198
f 6952//6199 6945//6212 6962//6214 6959//6213
f 6948//6205 6946//6219 6947//6206
f 6950//6207 6958//6198 6957//6204
f 6955//6208 6957//6204 6947//6206
f 6947//6206 6957//6204 6956//6201
f 6956//6201 6954//6203 6961//6202
f 6953//6209 6961//6202 6957//6204
f 6958//6198 6962//6214 6964//6210
f 6964//6210 6963//6200 6953//6209
f 6961//6202 6953//6209 6963//6200
f 6954//6203 6951//6217 6965//6216
f 6949//6218 6956//6201 6957//6204
f 6949//6218 6965//6216 6946//6219
f 6949//6218 6954//6203 6965//6216
f 6955//6208 6956//6201 6948//6205
f 6946//6219 6956//6201 6955//6208
l 6970 7093
l 6988 6989
l 6994 6995
l 2316 2317
l 2388 2389
l 6999 7112
l 7003 7115
l 3080 3081
l 7009 7010
l 7015 7118
l 7019 7121
l 3551 7021
l 7023 7124
l 7027 7127
l 7032 7033
l 7037 7133
l 7043 7134
l 7047 7137
l 7051 7140
l 4502 7054
l 7055 7143
l 7060 7147
l 4613 7146
l 7066 7151
l 7070 7154
l 4926 7071
l 7074 7157
l 7078 7160
l 5515 5516
l 5718 5719
l 5861 5862
l 7084 7161
l 7088 7164
l 39 6967
l 2050 7105
l 2102 7107
l 2154 7109
l 3164 3165
l 4614 7172
l 4665 7148
l 4976 7075
l 5610 5611
l 6971 6972
l 6977 7096
l 6981 7099
l 1783 6984
l 6985 7102
l 6990 7106
l 2051 7168
l 2103 7169
l 6996 7110
l 2155 7170
l 7000 7113
l 7004 7116
l 7011 7012
l 3451 7013
l 7016 7119
l 7020 7122
l 7024 7125
l 7028 7128
l 3911 7034
l 7038 7039
l 7044 7135
l 7048 7138
l 7052 7141
l 7056 7144
l 7061 7062
l 4666 7173
l 4718 7150
l 7079 7080
l 5747 5748
l 7085 7162
l 5980 7087
l 7089 7165
l 255 7094
l 2431 6997
l 3591 7025
l 4719 7174
l 5896 7083
l 6968 7091
l 6973 7095
l 256 7167
l 1683 6976
l 6978 7097
l 6982 7100
l 6986 7103
l 6991 6992
l 2312 2311
l 2384 2383
l 7005 7006
l 7029 7030
l 7035 7131
l 7040 7041
l 7045 7136
l 7049 7139
l 7053 7142
l 7057 7145
l 7063 7149
l 4737 7067
l 7068 7152
l 7072 7155
l 7076 7158
l 7081 7082
l 5589 5590
l 5857 5856
l 7086 7163
l 7090 7166
l 3501 7017
l 3668 7129
l 4094 7042
l 5541 5542
l 6969 7092
l 6974 6975
l 6979 7098
l 6983 7101
l 6987 7104
l 6993 7108
l 6998 7111
l 2482 7001
l 7002 7114
l 7007 7008
l 7014 7117
l 7018 7120
l 7022 7123
l 7026 7126
l 7031 7130
l 3669 7171
l 7036 7132
l 4140 7046
l 7058 7059
l 7064 7065
l 7069 7153
l 7073 7156
l 7077 7159
l 5483 5482
l 335 336
l 486 487
l 489 488
l 1735 6980
l 3004 3005
l 4181 7050
l 5640 5639
l 713 714
l 1261 1262
l 1313 1314
l 1362 1363
l 1411 1412
l 1462 1463
l 1508 1509
l 1530 1531
l 2408 2409
l 2428 2429
l 2575 2576
l 2738 2739
l 2740 2741
l 2759 2760
l 2773 2774
l 2775 2776
l 2793 2794
l 5597 5598
l 5608 5609
