# Blender 5.2.2 LTS
# www.blender.org
mtllib tree1_brown.mtl
o cgaxis_models_98_14_02
v -63.283161 -0.000420 48.346397
v -60.227993 0.000004 48.167328
v -62.997536 -0.000830 45.381012
v -60.287987 0.000003 45.097363
v -61.195621 5.913199 47.295864
v -61.106495 23.252951 47.080486
v -61.440872 42.199730 46.907196
v -61.938995 43.008221 46.900906
v -61.974850 21.736929 47.076996
v -61.194332 6.006118 46.022400
v -61.069363 22.078310 46.187675
v -61.441143 42.219986 46.403049
v -62.079746 12.432009 46.283913
v -61.978779 23.270561 46.212444
v -61.945015 42.220329 46.403057
v -61.579639 9.395919 47.649952
v -61.532345 19.188248 47.266834
v -61.597740 24.462130 47.227505
v -60.930561 4.868032 46.627106
v -60.775173 9.510274 46.863575
v -61.834476 5.749567 45.764420
v -61.583828 9.407723 46.047039
v -61.516758 19.402084 45.959538
v -61.677597 27.493639 46.125591
v -62.910145 4.082458 46.573238
v -62.326115 10.464550 46.852444
v -62.197670 18.405750 46.636848
v -62.206852 27.915678 46.655857
v -64.108971 0.000004 46.850384
v -61.316635 0.000003 44.737335
v -59.853172 -0.007188 46.640690
v -61.704689 0.000004 48.335709
v -61.154770 5.012263 47.286083
v -61.177921 4.919806 45.932114
v -62.595242 4.904031 45.933617
v -60.969238 10.536809 47.441696
v -61.045460 18.888792 47.102997
v -61.306149 28.439363 47.033573
v -62.069038 27.871935 47.040150
v -62.012886 18.844215 47.108337
v -62.096115 10.626195 47.458237
v -62.531837 5.506724 47.277393
v -60.958344 10.533996 46.304962
v -61.048988 18.834646 46.138165
v -61.305244 28.389067 46.276081
v -62.138237 10.057358 46.274700
v -62.007530 19.000702 46.131397
v -62.067848 28.081722 46.272537
v -61.694813 39.926453 47.023342
v -61.850616 5.792005 47.527382
v -61.526344 12.641516 47.582054
v -61.352814 42.532166 46.654991
v -60.964539 5.942068 46.660683
v -60.772133 12.169195 46.842453
v -60.918861 22.433790 46.596203
v -61.166992 28.277683 46.655048
v -61.693077 42.532684 46.314732
v -61.530048 12.849454 46.081112
v -62.042019 41.718826 46.654987
v -62.480320 8.265749 46.799206
v -62.132576 22.689632 46.638988
v -61.674309 68.750801 46.696831
v -62.752068 2.987507 47.578804
v -61.690651 3.527362 47.748615
v -60.988201 3.508731 47.463997
v -60.697811 3.458773 46.569168
v -61.042999 3.508759 45.786205
v -61.790512 3.800438 45.540672
v -62.682701 3.510769 45.806267
v -60.789680 1.582145 47.655586
v -60.468910 1.644189 46.598354
v -60.850281 1.582146 45.621994
v -61.688007 1.582171 45.328999
v -62.781025 1.683463 45.702381
v -63.495647 1.345770 46.813484
v -62.963928 1.640747 47.821526
v -62.396309 5.018035 47.430595
v -62.454906 -0.003818 48.668159
v -62.273678 3.201407 47.760651
v -62.412430 1.582328 48.122326
v -63.541855 0.000004 47.613621
v -62.811146 3.782899 47.070011
v -63.170609 1.397498 47.341946
v -63.459648 -0.000075 46.194698
v -62.994328 1.531659 45.967224
v -62.279449 -0.001907 45.152599
v -62.027271 1.546070 45.373310
v -61.471733 5.081409 47.472752
v -61.029625 0.000004 48.149113
v -61.005585 1.601550 47.758263
v -60.136517 0.000004 47.355629
v -60.512383 1.576511 46.911919
v -60.178158 -0.004497 45.995426
v -60.684700 1.600232 45.880604
v -61.699131 68.815331 46.674103
v -61.667377 68.804749 46.650269
v -62.018261 41.729969 46.794830
v -61.617813 62.361546 46.766178
v -61.726112 62.028664 46.788982
v -61.832912 41.730484 46.980167
v -61.556877 42.572926 46.971760
v -62.208359 5.724749 47.465527
v -62.491711 3.978051 47.536209
v -60.819519 0.756001 47.965176
v -61.496544 5.753438 47.466251
v -61.820301 12.975824 47.521629
v -61.906952 9.310305 47.595253
v -61.256042 9.437151 47.596134
v -61.222782 12.667830 47.526913
v -61.772381 19.630060 47.213985
v -61.269604 19.417219 47.223335
v -61.889782 27.524187 47.150631
v -61.307476 23.366045 47.198692
v -61.482815 28.682323 47.134945
v -61.577728 61.726860 46.566574
v -61.559082 62.028416 46.688019
v -61.376289 42.571091 46.518780
v -61.376297 42.571972 46.791191
v -61.023842 5.918154 47.005077
v -60.816509 3.750455 47.025986
v -60.456150 0.756000 45.720497
v -61.021030 5.973870 46.312073
v -60.813324 10.577716 47.185059
v -60.889511 8.253023 47.127029
v -60.803379 9.976702 46.574512
v -60.974525 22.969057 46.876003
v -60.914894 18.632351 46.896118
v -60.942596 21.815636 46.371605
v -61.201450 28.381035 46.858494
v -61.201057 28.361439 46.451515
v -61.781490 61.726841 46.539639
v -61.660049 62.028416 46.520992
v -61.832912 41.730087 46.329807
v -61.556877 42.572475 46.338211
v -61.497383 5.703209 45.822033
v -61.412003 3.643038 45.615440
v -62.607117 0.756011 45.408871
v -62.197792 5.857713 45.832619
v -61.234703 13.036532 46.125824
v -61.262402 9.408522 46.099342
v -61.987026 8.253683 46.029240
v -61.825638 12.591472 46.132027
v -61.261101 21.457188 46.051811
v -61.271473 18.818068 46.006817
v -61.792435 18.803730 46.007378
v -61.769962 22.554895 46.069084
v -61.481079 28.548756 46.173595
v -61.890495 27.978651 46.166386
v -61.832100 60.796513 46.596935
v -61.827072 62.028530 46.688023
v -62.018257 41.730316 46.515152
v -62.723267 5.273088 46.267269
v -62.824879 4.100016 46.219631
v -63.112011 0.823032 48.060848
v -62.698849 5.581625 46.968777
v -62.233715 12.295454 46.538074
v -62.428131 8.237816 46.469246
v -62.280910 10.018615 47.195766
v -62.093098 23.080843 46.405067
v -62.148529 18.678999 46.361507
v -62.124760 20.054972 46.860737
v -62.170509 28.007830 46.445393
v -62.095146 23.116922 46.882816
v -62.170544 28.000187 46.864609
v -61.732388 67.189034 46.710381
v -61.649353 68.738411 46.653996
v -61.700966 68.786507 46.615601
v -61.668762 68.729774 46.618298
v -61.733543 68.741936 46.669353
v -61.730152 68.766304 46.632423
v -62.694141 1.837038 47.953957
v -60.835293 3.104871 47.283432
v -60.990078 4.886815 46.241474
v -61.346088 2.548600 45.551636
v -62.464474 4.272971 45.734623
v -62.829697 3.251475 46.015869
v -62.742619 3.856814 47.292084
v -61.137428 3.298566 47.589455
v -60.808762 2.810636 45.981464
v -62.535927 1.820304 45.579193
v -62.988457 2.296696 47.299877
v -62.894794 -0.005146 48.583458
v -60.439987 0.756004 47.605446
v -61.018593 0.756001 45.157993
v -62.905521 0.705868 45.548595
v -61.920761 4.888223 47.584736
v -62.048016 2.863520 47.854584
v -62.062191 1.340148 48.132256
v -63.331860 1.401782 47.109470
v -62.979004 3.213402 46.889587
v -63.204037 2.048744 46.479408
v -63.586159 0.756030 46.536633
v -61.795601 -0.004293 44.915714
v -62.066711 4.640256 45.644020
v -62.053940 3.025839 45.503845
v -61.392441 -0.001794 48.192284
v -61.819260 1.615298 47.990658
v -60.644997 2.529433 46.891453
v -60.332466 0.723217 47.136257
v -60.203796 0.827435 46.616150
v -60.600826 2.549791 46.585648
v -60.539482 0.756002 47.882969
v -61.054245 8.253003 47.401443
v -61.004261 5.080790 46.989662
v -60.152550 0.000004 47.818054
v -60.600288 0.756000 45.391148
v -60.733841 0.000003 44.816067
v -61.525948 0.756003 45.067268
v -62.261471 8.253868 46.193821
v -61.874458 10.057363 46.116478
v -63.887333 0.000004 47.217171
v -62.296432 10.057374 46.538414
v -60.917290 2.548578 47.542152
v -60.975662 2.548591 45.726959
v -61.755562 2.548672 45.454330
v -63.173721 2.549782 46.725834
v -60.673698 1.582157 47.434525
v -61.242840 1.582150 45.427368
v -62.048122 0.000004 48.543213
v -63.867970 0.000004 46.541615
v -62.676773 0.000003 45.235180
v -60.582237 0.000004 48.208290
v -59.960503 0.000004 46.975212
v -60.184811 0.000003 45.529800
v -61.664791 40.029358 46.608322
v -61.772549 40.015968 46.530746
v -61.627110 40.141266 46.563850
v -61.729065 40.149994 46.476463
v -64.344475 41.647800 49.906754
v -64.323380 41.619766 49.757088
v -64.591774 41.810307 50.210632
v -63.151203 41.070122 48.442547
v -63.152565 41.016457 48.272640
v -62.997913 41.038685 48.076317
v -62.686230 40.902252 47.868759
v -66.320358 42.158741 52.282574
v -65.673096 42.106491 51.543777
v -66.811005 42.229664 52.922653
v -67.279266 42.221111 53.506115
v -66.474899 42.180069 52.530075
v -65.369110 41.980179 51.169582
v -65.336578 41.957169 51.038273
v -65.422760 42.050774 51.146683
v -64.031235 41.574139 49.386879
v -63.712646 41.461685 49.130661
v -62.345734 40.476810 47.257816
v -61.500229 31.469278 46.614037
v -61.577129 31.467781 46.517941
v -61.444542 31.597368 46.569393
v -61.530899 31.575098 46.479271
v -66.611389 32.922733 50.645050
v -66.653503 32.926678 50.594158
v -66.033073 33.033787 50.090954
v -63.600101 32.566956 48.265511
v -63.560558 32.528496 48.099251
v -64.117310 32.824528 48.670006
v -68.491043 32.484978 52.083263
v -69.117332 32.256573 52.593456
v -68.418266 32.549934 52.085461
v -70.066475 31.693392 53.369518
v -70.274368 31.525696 53.571068
v -70.987328 30.953539 54.133526
v -69.281387 32.126907 52.775105
v -69.695023 31.907162 53.066250
v -69.318787 32.136971 52.804657
v -67.844704 32.693726 51.627399
v -67.579399 32.762032 51.344200
v -67.276695 32.891167 51.097855
v -67.240891 32.896503 51.144768
v -65.416000 32.932594 49.593399
v -64.486160 32.898434 48.843132
v -65.673470 33.039459 49.900387
v -64.743431 32.856380 49.166183
v -62.378292 32.033485 47.300396
v -62.453995 32.030098 47.217831
v -62.333122 32.085350 47.120796
v -62.951637 32.425560 47.751472
v -63.262901 32.522030 47.859108
v -64.493324 32.791950 48.850319
v -65.679085 32.947533 49.906368
v -68.195297 32.638046 51.842262
v -61.559536 31.309162 46.754257
v -61.697140 31.332272 46.712116
v -61.550499 31.447491 46.720158
v -61.688496 31.447491 46.683590
v -63.668377 31.038687 54.581303
v -63.700981 31.091360 54.405952
v -63.731167 31.136286 54.521156
v -63.656940 31.130810 54.539787
v -62.430851 31.765654 50.002575
v -62.774467 31.758307 50.842625
v -62.801266 31.860851 50.945084
v -62.649734 31.870613 50.808994
v -64.542053 29.516188 57.636093
v -64.547874 29.562397 57.657711
v -64.565453 29.401300 57.907463
v -64.545044 29.401043 57.831993
v -64.961365 28.233913 59.346603
v -64.892120 28.402527 59.112816
v -65.144852 27.594692 59.968845
v -65.224625 27.227898 60.310902
v -64.836426 28.701408 58.772663
v -64.108795 30.347691 56.215851
v -64.169373 30.352074 56.203568
v -64.181015 30.392250 56.247814
v -64.121696 30.397787 56.264881
v -63.255203 31.532961 52.688530
v -63.261234 31.625456 52.711212
v -63.169327 31.631012 52.736324
v -62.894875 31.686354 51.718369
v -61.943047 31.620171 48.173115
v -62.268372 31.709297 48.907486
v -62.332809 31.857365 49.147945
v -61.901077 31.722263 48.020893
v -61.927898 31.652208 47.597122
v -62.291397 31.869633 49.485756
v -63.286221 31.433195 53.168484
v -59.871952 44.269489 48.038174
v -60.238270 44.186081 47.860615
v -59.922909 44.327187 47.997299
v -61.702690 43.133270 46.554058
v -61.778824 43.129208 46.652912
v -61.826981 43.248528 46.614120
v -61.750641 43.251472 46.515991
v -58.300247 45.120033 49.308048
v -57.558346 45.380997 49.908016
v -56.793453 45.706764 50.527466
v -55.936993 45.976395 51.232567
v -57.408298 45.448555 50.086143
v -57.091976 45.608643 50.334599
v -59.032433 44.725613 48.808651
v -58.669106 44.973648 49.094826
v -60.655296 43.847462 47.533993
v -61.690331 54.281689 46.583790
v -61.781612 54.364403 46.629932
v -61.724712 54.367439 46.556087
v -58.943821 56.319042 48.858955
v -59.817963 55.618027 48.098690
v -57.814610 57.251213 49.734951
v -57.963310 57.108273 49.602818
v -60.610046 55.066566 47.549831
v -59.509281 55.933693 48.415825
v -60.109074 55.472248 47.863503
v -61.750656 54.285988 46.655834
v -61.489555 60.815231 47.453274
v -61.369247 60.915180 47.688702
v -61.029152 61.594822 48.968376
v -61.130550 61.474731 48.634842
v -60.982956 61.648952 49.035362
v -60.834496 61.867123 49.577591
v -61.391167 60.965393 47.776409
v -61.343163 61.025471 47.781315
v -61.682896 60.159966 46.590790
v -61.746845 60.158607 46.610703
v -61.757809 60.212814 46.572926
v -61.694145 60.213863 46.553349
v -61.598335 41.542755 49.275997
v -61.595619 41.680237 49.460571
v -61.627022 40.951012 47.649296
v -61.744133 40.947445 47.650951
v -61.776783 40.619438 46.649925
v -61.644386 40.624447 46.644127
v -61.587814 42.121071 52.589817
v -61.582161 42.201927 52.762131
v -61.537678 42.164082 52.537647
v -61.535248 42.130280 52.666603
v -61.540604 42.493568 54.104145
v -61.517258 42.626289 54.397938
v -61.492619 42.989677 55.382706
v -61.506592 42.540703 54.202831
v -61.570774 41.889263 50.828426
v -61.643105 41.882904 50.782955
v -61.650356 41.921310 50.542286
v -61.572617 41.948635 50.740116
v -61.696754 41.495525 49.119747
v -61.715290 41.419518 48.544239
v -61.615891 41.321793 48.286564
v -61.775440 40.493172 46.715504
v -61.642418 40.493172 46.712185
v -53.670589 34.857552 54.230396
v -58.446068 37.295952 49.718365
v -57.991634 37.280628 50.241512
v -58.243874 37.357857 50.008011
v -57.824257 37.337276 50.304672
v -60.950241 36.616825 47.355469
v -60.923805 36.670467 47.530464
v -60.367462 37.024632 48.042980
v -60.406563 36.983448 47.870506
v -55.652859 36.540386 52.408466
v -55.678295 36.600147 52.384991
v -55.587406 36.564461 52.410851
v -54.203415 35.431847 53.747940
v -54.203434 35.459496 53.747974
v -54.264797 35.520180 53.659210
v -55.399353 36.410999 52.588451
v -54.925713 36.076973 53.080353
v -54.848320 36.051105 53.108578
v -57.266621 37.178196 50.829952
v -56.758266 37.033592 51.384369
v -57.308846 37.240196 50.874027
v -56.592865 37.046394 51.463783
v -59.182751 37.235500 49.139996
v -59.186230 37.320312 49.136776
v -59.128944 37.326740 49.074169
v -59.736576 37.112621 48.501556
v -61.763535 36.090450 46.595921
v -61.838921 36.090450 46.676632
v -61.877487 36.187469 46.640610
v -61.802101 36.187469 46.559898
v -61.314987 36.565777 47.167969
v -61.237633 36.565777 47.085148
v -60.101933 37.009064 48.289093
v -56.388332 36.944580 51.727802
v -56.363518 36.894405 51.679348
v -56.681980 40.026718 56.295273
v -60.175453 40.286400 49.498535
v -60.009705 40.392338 49.986248
v -60.228722 40.381027 49.570881
v -60.157570 40.376049 49.533806
v -61.696884 39.038410 46.537945
v -61.799568 39.034912 46.593437
v -61.825649 39.142067 46.544476
v -61.720615 39.139378 46.491302
v -58.099476 40.624577 53.618942
v -58.579807 40.731415 52.707169
v -58.171646 40.685577 53.385677
v -58.211815 40.646225 53.307682
v -57.230236 40.342018 55.260235
v -57.292904 40.394604 55.151428
v -57.322353 40.427311 55.034977
v -57.517139 40.472504 54.656876
v -57.941158 40.625305 53.919392
v -58.924236 40.665314 51.926418
v -59.384438 40.601261 51.174778
v -59.394516 40.663654 51.155472
v -58.877705 40.728683 52.016567
v -60.587288 40.091049 48.891136
v -61.033955 39.871796 48.042519
v -60.948677 39.876347 47.996128
v -60.933380 39.779873 48.025501
v -61.213810 39.613102 47.701324
v -59.535648 40.542130 50.741024
v -59.539787 40.609772 50.733078
v -58.760452 40.672882 52.363255
v -61.593208 65.986794 46.470623
v -62.013119 67.408562 47.099850
v -61.613968 65.969398 46.499748
v -61.642319 65.970444 46.479412
v -61.623234 65.986893 46.451496
v -61.695721 7.721415 45.777699
v -61.634644 7.721415 45.913914
v -61.734852 7.864405 45.795242
v -61.678135 7.883970 45.935364
v -53.995754 8.560308 42.363186
v -53.964630 8.556421 42.436863
v -53.855682 8.625742 42.387611
v -58.059280 8.542077 44.161701
v -57.535606 8.586604 44.057697
v -57.522732 8.703992 44.051880
v -57.732407 8.690201 44.018051
v -50.317986 7.773072 40.731918
v -48.269444 6.973694 39.853695
v -48.549294 7.133301 39.981121
v -48.240330 6.974226 39.812222
v -47.378033 6.537958 39.438679
v -50.012089 7.679382 40.644981
v -49.960976 7.699889 40.621799
v -50.036251 7.727941 40.607410
v -52.187050 8.267322 41.560684
v -52.158070 8.270850 41.618439
v -51.727749 8.239964 41.423958
v -53.155247 8.520571 41.990414
v -55.702179 8.660426 43.226257
v -55.693336 8.759104 43.222282
v -55.481358 8.761539 43.020733
v -55.904678 8.661403 43.207893
v -60.280155 8.139203 45.150894
v -59.796516 8.245644 45.080719
v -59.249496 8.479651 44.834705
v -60.562370 8.206461 45.275967
v -59.036842 8.522020 44.594402
v -51.709236 8.218293 41.348091
v -61.995739 9.300398 46.828979
v -61.844707 9.309144 46.830967
v -61.995739 9.445766 46.862946
v -61.846447 9.468256 46.867989
v -61.921097 9.491464 31.453600
v -61.958782 10.252419 38.187729
v -61.981888 10.015867 42.823940
v -61.855976 9.865607 43.947811
v -61.855999 10.037925 43.626900
v -61.983734 10.099340 43.150372
v -61.895035 10.073407 35.164032
v -61.895275 10.121593 35.114723
v -61.946465 10.106486 35.044727
v -61.917912 9.703968 32.559807
v -61.906731 9.760785 32.717697
v -61.937233 9.827710 33.081047
v -61.946064 10.059481 34.969219
v -61.883415 10.256626 38.187599
v -61.883907 10.326713 38.067444
v -61.955612 10.298866 37.329292
v -61.868996 10.174864 41.101662
v -61.869610 10.288834 40.967274
v -61.968925 10.320011 40.264786
v -61.970509 10.205499 40.530022
v -61.987526 9.656398 45.174664
v -61.990196 9.714635 45.600918
v -59.234726 35.055565 51.758194
v -59.298660 35.050892 51.786240
v -59.259026 35.119606 51.872486
v -59.629227 35.122608 50.881493
v -61.021336 34.476685 47.785435
v -61.063335 34.518902 47.964672
v -60.760792 34.805775 48.616543
v -61.040497 34.583843 47.744759
v -58.208588 34.820000 54.031639
v -57.197716 34.017811 56.345615
v -57.091629 33.950039 56.513889
v -56.984573 33.805737 56.752541
v -56.643440 33.396461 57.532013
v -57.702541 34.468014 55.156937
v -57.615746 34.383358 55.438877
v -57.647236 34.455296 55.279831
v -58.517860 34.899647 53.347542
v -58.456097 34.868439 53.617001
v -58.356968 34.879974 53.832870
v -58.903950 35.073864 52.492001
v -60.395000 34.871208 49.410492
v -60.032829 35.076427 50.195972
v -60.314152 34.965012 49.359699
v -59.984074 34.978851 50.092354
v -61.524685 34.057514 46.680973
v -61.627728 34.057514 46.727932
v -61.650730 34.185684 46.683777
v -61.541786 34.162975 46.643440
v -60.485531 34.790535 48.979088
v -59.846996 35.017563 50.598701
v -61.404610 39.213585 57.184410
v -61.534416 39.385941 50.556675
v -61.615627 39.281883 50.216267
v -61.603409 39.474556 50.629459
v -61.533058 39.479908 50.625683
v -61.609871 37.523724 46.640469
v -61.724957 37.520039 46.645962
v -61.727219 37.616856 46.576336
v -61.611938 37.613888 46.575527
v -61.532127 39.766865 53.118229
v -61.508381 39.812511 53.922066
v -61.459679 39.810093 54.123974
v -61.444592 39.518429 56.081650
v -61.421478 39.560555 55.987835
v -61.416130 39.465687 56.265556
v -61.452236 39.749287 54.495537
v -61.491268 39.738079 54.491302
v -61.466576 39.679802 55.334480
v -61.496361 39.719196 52.367504
v -61.577778 39.593506 51.509918
v -61.552841 39.777584 52.381672
v -61.496075 39.772003 52.381866
v -61.651398 38.869099 49.038479
v -61.676254 38.584965 48.197514
v -61.566566 38.919121 48.935787
v -61.581886 38.461601 48.167908
v -61.688789 38.247925 47.785336
v -61.590797 38.334538 47.734459
v -61.641853 39.075977 49.351360
v -61.557625 38.997807 49.378674
v -61.643627 39.098511 46.583275
v -61.774601 39.098511 46.541985
v -61.621784 39.235222 46.514072
v -61.752251 39.238735 46.471035
v -63.105320 40.852272 51.112934
v -63.169868 40.841125 51.073765
v -62.927479 40.737564 50.284431
v -62.429276 40.241558 49.025681
v -62.403786 40.197441 48.575764
v -62.248032 40.142075 48.465473
v -63.656406 41.111584 52.648659
v -63.616398 41.164227 52.703270
v -63.738670 41.154930 53.081612
v -64.203995 41.250771 54.428577
v -64.480698 41.205715 55.357468
v -64.174828 41.219170 54.367725
v -64.039436 41.248158 54.012337
v -63.597610 41.153740 52.458405
v -63.189888 40.973167 51.375328
v -62.746555 40.472836 49.694046
v -62.739895 40.646671 49.984669
v -61.921993 39.558643 47.443195
v -62.177063 39.773735 47.845512
v -59.461479 42.302544 49.426971
v -59.202927 42.637520 49.910583
v -61.651306 40.547878 46.578373
v -61.776306 40.556629 46.670292
v -57.519905 43.730900 52.036766
v -57.329159 43.766766 52.193684
v -56.027843 44.551785 53.906097
v -56.028255 44.569454 53.898693
v -57.289982 43.812492 52.326206
v -58.207466 43.276287 51.054630
v -59.139969 42.589611 49.990475
v -60.723354 41.543186 47.996216
v -60.500324 41.637501 48.075649
v -61.814823 40.676003 46.621948
v -61.691708 40.676003 46.525757
v -60.161861 44.017311 45.962559
v -60.141830 44.017242 46.041443
v -59.876217 44.223309 45.934895
v -59.449291 44.430866 45.690720
v -61.857536 43.141396 46.609596
v -61.815636 43.137218 46.710884
v -61.865841 43.241066 46.730366
v -61.904495 43.238560 46.627930
v -58.265667 44.830456 45.294113
v -58.026077 44.976887 45.198513
v -56.187351 45.551865 44.464504
v -56.972054 45.336433 44.741516
v -55.755001 45.668674 44.283085
v -57.061153 45.266834 44.775566
v -58.656925 44.683979 45.386189
v -61.925564 54.235085 46.866329
v -61.856236 54.244522 46.927853
v -61.952152 54.317760 46.899719
v -59.648781 55.877235 44.120789
v -60.386642 55.469978 44.963512
v -59.464397 56.029694 43.885220
v -58.979763 56.310810 43.226276
v -58.564095 56.524353 42.724094
v -60.546017 55.291786 45.160683
v -60.929600 55.054249 45.747940
v -61.876556 54.310867 46.955532
v -61.736694 60.218903 46.762131
v -61.770142 60.160313 46.696949
v -59.784401 61.812229 44.260868
v -61.718620 60.161369 46.738743
v -61.788143 60.217842 46.720421
v -61.387634 67.124245 46.769867
v -61.391914 67.160583 46.756477
v -61.433678 67.020500 46.731842
v -61.048054 67.777382 46.852390
v -61.787762 66.250877 46.667683
v -61.781837 66.252350 46.630650
v -61.752846 66.237701 46.671967
v -61.927872 68.457314 45.991306
v -61.665668 66.808571 46.772678
v -61.628052 66.808311 46.758339
v -61.618340 66.824402 46.790066
v -61.656147 66.823349 46.801575
v -61.759434 67.636734 47.612022
v -61.767174 67.233192 47.282623
v -61.743393 66.982834 47.081951
v -61.745323 67.192917 47.269329
v -61.726276 66.235001 46.645020
v -61.762901 66.231102 46.650848
v -61.760960 66.250877 46.616070
v -62.864517 67.641289 46.562943
v -62.467052 67.239113 46.585487
v -62.253922 67.052269 46.601196
v -62.485714 67.279190 46.604420
v -61.731274 66.355835 46.681244
v -61.697746 66.380951 46.682587
v -61.719677 66.361732 46.644390
v -60.792679 67.658264 46.003510
v -61.112526 67.292778 46.239162
v -61.315372 67.087196 46.353168
v -61.341541 67.015816 46.368595
v -61.751125 66.406479 46.686680
v -61.773922 66.429504 46.704830
v -61.780247 66.414421 46.661964
v -60.232117 64.826263 46.889030
v -60.678326 64.542480 46.834072
v -60.943146 64.369102 46.769775
v -60.922775 64.353310 46.772198
v -61.782791 63.667336 46.633812
v -61.776680 63.653381 46.677109
v -61.804638 63.684799 46.674004
v -62.595131 64.871277 47.162666
v -62.381340 64.740349 47.027866
v -62.623871 64.923111 47.207592
v -63.077564 65.236824 47.473549
v -61.711117 64.103523 46.665668
v -61.686226 64.139793 46.647461
v -61.727226 64.111694 46.625076
v -61.659004 65.095345 45.298687
v -61.675835 64.677170 45.778759
v -61.682957 64.560364 45.948910
v -61.699963 64.678726 45.795135
v -61.768616 63.747211 46.680489
v -61.726463 63.757374 46.695400
v -61.767891 63.778137 46.716125
v -62.818718 65.271599 46.270973
v -62.310501 64.623566 46.442150
v -62.190056 64.508507 46.485649
v -62.477085 64.852867 46.408085
v -61.735516 63.724106 46.686291
v -61.702587 63.746250 46.699474
v -61.715744 63.727661 46.649002
v -61.418091 65.271065 47.685040
v -61.738693 63.649723 46.399361
v -61.730255 63.619003 46.438820
v -61.773323 63.616455 46.454037
v -61.781322 63.644817 46.417522
v -62.448483 64.450119 44.864460
v -62.176613 64.063293 45.516655
v -62.060883 63.928379 45.802956
v -62.188770 64.058067 45.565041
v -61.757351 63.233017 46.700779
v -61.709007 63.238598 46.686432
v -61.737774 63.277695 46.728809
v -60.024158 64.278198 47.597992
v -60.661327 63.910114 47.269550
v -60.937450 63.783592 47.124104
v -60.686192 63.921459 47.224041
v -60.924355 63.743687 47.090904
v -61.793667 63.162327 46.608036
v -61.761269 63.112080 46.621975
v -61.795296 63.126747 46.662025
v -62.878330 64.084808 46.530327
v -62.477119 63.812504 46.565216
v -62.895775 64.124344 46.555656
v -63.487129 64.527115 46.484676
v -61.720444 63.086433 46.689358
v -61.711426 63.090313 46.639935
v -61.682346 63.120548 46.640251
v -61.680527 63.128151 46.690086
v -61.736603 64.305481 47.580818
v -61.743214 64.172974 47.374794
v -61.700615 64.527855 47.832790
v -61.701748 64.919220 48.363983
v -61.721653 63.425213 46.629135
v -61.771339 63.421333 46.634472
v -61.771641 63.455109 46.599930
v -61.721893 63.459869 46.593796
v -61.829052 62.830185 46.770504
v -60.801235 64.321640 45.719856
v -61.833946 62.796169 46.713070
v -61.802319 62.796387 46.745319
v -61.856281 62.824013 46.733620
v -60.091560 62.974968 44.237026
v -61.232105 61.713467 45.967407
v -61.224171 61.781532 45.867569
v -61.174217 61.788628 45.794743
v -60.442070 62.630680 44.750145
v -60.606125 62.480663 45.025372
v -60.589245 62.520908 44.945465
v -61.040482 61.916164 45.678738
v -61.747566 60.947727 46.624901
v -61.692898 60.948978 46.663254
v -61.718037 60.998425 46.700085
v -61.772884 60.997459 46.661942
v -64.382080 63.068199 45.758503
v -64.386940 63.068314 45.772854
v -61.704746 60.947758 46.727421
v -61.684109 60.946312 46.664459
v -61.646626 61.000477 46.677216
v -61.668388 61.000668 46.740559
v -64.767426 62.577347 47.471882
v -63.194790 61.944321 47.017719
v -63.193420 61.988350 47.017406
v -62.559010 61.665230 46.889324
v -62.722633 61.699505 46.933258
v -63.733795 62.222233 47.204529
v -63.930664 62.267906 47.257519
v -61.669884 61.064865 46.651878
v -61.686867 61.066284 46.587086
v -61.652454 61.122513 46.577759
v -61.635353 61.121422 46.642136
v -59.512848 63.339252 48.231735
v -61.763241 61.059036 46.701225
v -61.796234 61.108063 46.678005
v -61.758476 61.107834 46.624302
v -61.724228 61.057652 46.647434
v -62.153858 62.543423 47.622433
v -62.105686 62.542225 47.507275
v -62.079292 62.508884 47.555771
v -62.568283 62.891010 48.615524
v -62.547066 62.904972 48.564686
v -62.641685 62.970276 48.850449
v -62.869827 63.084057 49.359253
v -62.156246 62.626163 47.731964
v -61.667179 62.049335 46.609600
v -61.722134 62.050632 46.585495
v -61.711922 62.103127 46.561787
v -61.656815 62.104225 46.584698
v -64.220390 63.897354 47.107983
v -62.413277 62.741070 46.758572
v -62.484638 62.797165 46.817749
v -62.565624 62.804642 46.825821
v -63.614887 63.542114 47.004700
v -63.351662 63.411831 46.945839
v -63.501839 63.502476 47.000240
v -62.669151 62.893349 46.805611
v -61.687393 62.039417 46.648487
v -61.694016 62.046284 46.589413
v -61.651707 62.090401 46.591522
v -61.646908 62.081608 46.650539
v -62.561691 63.897606 44.215649
v -62.095512 63.039337 45.527458
v -61.936104 62.723297 45.971943
v -62.033951 62.804600 45.809044
v -62.271183 63.411827 45.050068
v -62.402092 63.594448 44.736904
v -62.077518 62.942875 45.706097
v -61.726128 62.039421 46.650414
v -61.668888 62.046261 46.634995
v -61.664333 62.089584 46.676270
v -61.721970 62.082443 46.691528
v -61.792854 61.827457 46.704128
v -59.999367 63.992523 44.536583
v -59.991169 63.997505 44.548225
v -61.713032 61.803238 46.744240
v -61.747723 61.779922 46.692982
v -61.757092 61.850349 46.755795
v -60.358391 64.099403 48.745785
v -61.772701 62.136143 46.680546
v -61.770035 62.176800 46.640850
v -61.717056 62.156975 46.624302
v -61.719406 62.115211 46.664833
v -58.430199 60.127731 46.358524
v -58.428391 60.127552 46.375832
v -61.752460 57.638035 46.731384
v -61.796036 57.697948 46.735806
v -61.758766 57.636337 46.654007
v -61.805222 57.700169 46.658318
v -61.645218 58.451523 47.566467
v -61.632393 58.616459 47.681221
v -61.566513 58.692574 47.780113
v -61.566071 58.623928 47.782040
v -61.487984 59.518402 49.042824
v -61.451069 59.509094 49.065186
v -61.376293 60.019367 49.997086
v -61.539570 59.167271 48.556484
v -61.670639 57.638954 46.597649
v -61.748543 57.637489 46.606602
v -61.753456 57.695873 46.554153
v -61.675484 57.697010 46.545521
v -62.322433 57.859657 42.754681
v -61.881592 57.578300 45.321281
v -61.846737 57.553936 45.528767
v -61.873318 57.457596 45.753479
v -61.899097 57.470764 45.585812
v -62.076733 57.859520 44.143658
v -62.162022 57.932560 43.635555
v -62.122910 57.903484 44.097214
v -62.128468 57.870117 44.065437
v -62.233665 57.895248 43.281406
v -62.243328 57.921959 43.314709
v -62.012627 57.725319 44.823303
v -62.001873 57.826714 44.591278
v -61.980556 57.725296 45.029202
v -61.742905 56.853985 46.667946
v -61.664703 56.856922 46.658237
v -61.656544 56.920490 46.703041
v -61.734310 56.917873 46.712967
v -61.114948 58.477623 45.722874
v -61.130947 58.395977 45.745014
v -59.911041 59.336437 44.070702
v -60.310040 59.114292 44.586243
v -59.578308 59.529606 43.567745
v -60.494167 58.934422 44.846088
v -60.817581 58.643799 45.392990
v -60.884087 58.647148 45.489754
v -61.760925 57.755371 46.632816
v -61.697205 57.757034 46.678513
v -61.720478 57.821774 46.712349
v -61.785294 57.823055 46.668156
v -64.619301 60.697590 46.425522
v -63.204601 59.113232 46.529579
v -63.158558 59.136612 46.533360
v -63.358246 59.326252 46.563065
v -62.871353 58.795101 46.611347
v -63.960819 59.915947 46.503311
v -61.697929 57.745144 46.727779
v -61.690353 57.745888 46.649948
v -61.640732 57.806755 46.654160
v -61.648636 57.805641 46.732407
v -61.678932 56.851315 46.647030
v -65.368370 58.790424 46.689510
v -65.367981 58.790947 46.707226
v -61.677868 56.852848 46.724762
v -61.643131 56.920994 46.647018
v -61.643002 56.920750 46.725426
v -62.703472 59.958290 43.286404
v -62.019981 59.280888 45.494583
v -62.008293 59.320103 45.533047
v -62.027275 59.276390 45.651081
v -62.098209 59.321587 45.406853
v -62.401520 59.727554 44.248375
v -62.390511 59.708439 44.400414
v -62.467796 59.747437 44.134945
v -61.731461 58.742943 46.673809
v -61.664177 58.741295 46.652897
v -61.655415 58.804531 46.682720
v -61.722378 58.805813 46.703331
v -61.741665 58.550259 46.601158
v -61.682266 61.072395 49.919159
v -61.666431 61.065929 49.923977
v -61.772636 58.495739 46.644016
v -61.702320 58.468788 46.663986
v -61.670094 58.524677 46.620037
v -59.799366 60.912441 44.308506
v -61.019344 59.670208 45.803986
v -61.186661 59.532700 46.001137
v -60.838215 59.984245 45.497570
v -60.219898 60.536026 44.806057
v -60.426697 60.377090 45.064129
v -61.006432 59.725994 45.711674
v -61.741745 58.728394 46.621872
v -61.693424 58.739006 46.671776
v -61.731228 58.788605 46.700584
v -61.781288 58.780251 46.651951
v -60.955338 59.546417 47.019428
v -60.839314 59.594002 47.098015
v -59.710220 60.552200 47.815544
v -59.996922 60.336605 47.602543
v -60.019852 60.275074 47.595432
v -59.128326 60.911575 48.164963
v -60.525688 59.905548 47.335026
v -60.762402 59.755360 47.189156
v -61.708138 58.728428 46.592834
v -61.750053 58.739010 46.647964
v -61.784229 58.788609 46.614937
v -61.743584 58.780228 46.557941
v -61.678555 58.854797 46.750679
v -64.496452 61.135193 45.850422
v -61.706169 58.806313 46.711723
v -61.670765 58.829544 46.657166
v -61.643402 58.877155 46.694649
v -65.812111 57.342403 45.058022
v -62.838634 56.858746 46.205185
v -62.622890 56.823742 46.289242
v -62.834740 56.924244 46.279465
v -62.677624 56.759678 46.343891
v -64.412231 57.330391 45.591999
v -64.420334 57.374935 45.588837
v -64.877243 57.410160 45.449421
v -64.338760 57.317375 45.668362
v -65.291023 57.389099 45.250565
v -65.221901 57.374348 45.308601
v -63.383125 57.073399 46.056164
v -63.607761 57.149815 45.906200
v -63.388237 57.145199 45.991882
v -63.863693 57.270744 45.860748
v -61.698746 56.114429 46.743393
v -61.662415 56.119202 46.661697
v -61.612648 56.189960 46.681728
v -61.648502 56.185547 46.763142
v -61.204502 57.151211 45.446438
v -61.283279 57.194748 45.470230
v -61.310081 57.061131 45.534763
v -60.730827 57.896591 44.229378
v -60.713356 57.966461 44.183731
v -60.576828 58.131485 43.735031
v -60.216621 58.485020 42.881420
v -60.402660 58.326405 43.352600
v -60.750435 57.957455 44.161488
v -61.178238 57.274323 45.378338
v -61.761452 56.112286 46.638950
v -61.678135 56.109718 46.669624
v -61.700752 56.178059 46.727280
v -61.783054 56.175858 46.692432
v -61.846439 56.328796 48.106449
v -61.842632 56.368664 48.051189
v -61.756470 56.195522 47.765625
v -61.774410 56.255070 47.987198
v -61.926964 56.983803 49.334167
v -61.946663 57.174904 49.636440
v -61.883553 57.037777 49.332321
v -61.899052 57.079418 49.526402
v -62.008377 57.596783 50.718941
v -61.659828 55.320000 46.594906
v -61.748520 55.321815 46.587090
v -61.744995 55.393661 46.535080
v -61.656246 55.392262 46.542580
v -65.778999 58.400490 48.776661
v -63.204517 57.211800 47.380138
v -63.087517 57.223690 47.317604
v -63.059101 57.222237 47.380592
v -64.675026 57.959145 48.170769
v -64.655594 57.996593 48.160461
v -64.374054 57.880367 48.062847
v -64.926765 58.074886 48.349129
v -65.771172 58.421680 48.776859
v -63.277069 57.277355 47.493694
v -61.646343 56.220665 46.650448
v -61.690514 56.222721 46.564007
v -61.645557 56.302624 46.540573
v -61.599617 56.304211 46.625469
v -58.401653 59.259602 48.059818
v -61.738159 56.220066 46.635826
v -58.408974 59.259426 48.077915
v -61.821552 56.285435 46.696320
v -61.787666 56.285130 46.615437
v -61.770805 56.218460 46.717876
v -57.594090 57.525246 47.001976
v -57.592655 57.525276 46.982277
v -61.775291 55.324669 46.730072
v -61.813866 55.399960 46.727074
v -61.767559 55.322269 46.641823
v -61.808502 55.402107 46.639088
v -62.441868 58.594116 50.516605
v -61.993370 57.849014 47.992023
v -61.996357 57.916714 48.008919
v -61.917358 57.871422 47.897739
v -61.937340 57.850792 47.999798
v -62.208241 58.252537 49.177097
v -62.257271 58.369076 49.448189
v -62.223415 58.372963 49.459000
v -62.238575 58.356564 49.536934
v -61.660069 57.214241 46.592682
v -61.738052 57.215973 46.577091
v -61.731880 57.287354 46.542572
v -61.653347 57.286045 46.558033
v -60.079865 59.894081 43.406532
v -60.093250 59.887218 43.393936
v -61.694088 56.969025 46.758732
v -61.747208 57.029530 46.784878
v -61.807873 57.000080 46.729088
v -61.754223 56.937801 46.701626
v -61.676186 57.194725 46.643406
v -63.145397 58.947456 47.734833
v -64.082230 60.137680 48.521000
v -64.071129 60.154510 48.509426
v -61.673286 57.255032 46.557568
v -61.633492 57.243599 46.624962
v -61.714825 57.207863 46.574879
v -62.314888 58.229649 45.632824
v -62.192211 58.112640 45.839367
v -62.345264 58.249851 45.706528
v -62.366314 58.221287 45.654942
v -62.891148 58.983822 44.722095
v -62.925114 59.071541 44.681824
v -63.003448 59.116177 44.621124
v -63.007236 59.084305 44.604065
v -63.509003 59.677986 43.730854
v -61.724922 57.201008 46.662735
v -61.654800 57.210129 46.626301
v -61.637062 57.267895 46.678745
v -61.707752 57.258377 46.715080
v -61.790405 57.302521 46.693981
v -59.352829 59.918350 48.974030
v -59.367607 59.924355 48.982643
v -61.725208 57.275455 46.657047
v -61.798683 57.358810 46.639626
v -61.733658 57.332630 46.601860
v -61.709621 51.057346 46.670261
v -61.651859 51.138927 46.578571
v -61.662632 51.149719 46.678047
v -66.264793 52.972607 45.857403
v -67.406670 53.262558 45.686699
v -66.023560 52.862965 45.933437
v -65.305496 52.625244 46.007351
v -65.775177 52.824074 45.975708
v -64.054932 52.150551 46.270226
v -63.074657 51.737804 46.357590
v -64.072273 52.242115 46.200108
v -64.102814 52.238087 46.261642
v -61.700203 51.044044 46.570229
v -61.624718 51.025291 46.410381
v -61.715523 51.118301 46.346859
v -61.617496 51.127556 46.358158
v -62.126858 52.348469 48.973209
v -62.204720 52.688148 49.803116
v -62.429237 53.104782 50.911087
v -62.592602 53.475368 52.020641
v -62.321411 52.901249 50.482468
v -62.320999 52.800686 50.218094
v -61.981850 52.061466 48.496830
v -61.947144 51.759670 47.834553
v -61.724567 51.021004 46.396294
v -61.646656 54.897400 46.647690
v -62.817924 55.998016 44.435238
v -63.386635 56.388611 43.453503
v -63.694874 56.608498 42.780674
v -64.209969 56.879784 41.829750
v -63.309105 56.283188 43.604961
v -63.384827 56.368385 43.365902
v -62.383293 55.488434 45.410870
v -62.317169 55.489483 45.383965
v -62.352459 55.538597 45.471287
v -61.710537 54.802128 46.625790
v -61.732529 54.886478 46.686207
v -61.459579 54.751354 46.601048
v -61.421692 54.834030 46.581394
v -64.777550 56.484745 48.253918
v -63.637817 55.986225 47.716389
v -63.608864 55.907730 47.701881
v -65.320137 56.713882 48.576725
v -65.239204 56.646008 48.535522
v -66.212906 57.041183 49.022202
v -64.707527 56.409710 48.216721
v -62.710159 55.434647 47.159740
v -62.757511 55.537773 47.184708
v -61.487076 54.785362 46.509663
v -61.715893 50.529736 46.566677
v -61.742382 50.542225 46.674355
v -61.789719 50.635483 46.665550
v -61.771896 50.640022 46.556839
v -58.772427 51.969444 47.133595
v -56.683029 52.660995 47.536484
v -55.427189 52.980812 47.786312
v -57.669872 52.299358 47.346439
v -57.035419 52.517662 47.512379
v -56.910118 52.601749 47.534615
v -59.668671 51.521847 46.962147
v -59.136017 51.749535 47.138687
v -59.171329 51.816143 47.132511
v -61.825008 50.526249 46.964191
v -61.725037 50.533947 46.986767
v -61.733482 50.624699 47.032822
v -61.833725 50.621960 47.012833
v -61.239655 51.918877 44.262405
v -60.900196 52.665981 42.351562
v -60.708000 53.046970 41.213112
v -61.020176 52.457268 42.788292
v -61.015591 52.510906 42.765564
v -61.412716 51.592522 44.825291
v -61.132545 52.115082 43.661507
v -61.367985 51.769829 44.591038
v -67.225235 51.198410 49.295818
v -62.493446 50.148422 47.045521
v -62.532642 50.145107 46.967079
v -62.474846 50.214981 46.938572
v -61.639278 49.815590 46.639210
v -64.819962 50.998310 48.095097
v -64.274666 50.879707 47.897060
v -66.327980 51.168743 48.840176
v -66.183807 51.195419 48.769058
v -65.712105 51.110439 48.581955
v -65.237564 51.025146 48.301838
v -65.738876 51.154968 48.594757
v -64.030350 50.749569 47.780334
v -63.913418 50.704510 47.647453
v -63.679630 50.694340 47.532719
v -63.062286 50.481720 47.316692
v -61.732849 49.711781 46.569546
v -61.689590 49.804211 46.548546
v -61.687344 49.711781 46.663277
v -61.420418 50.145866 47.201874
v -61.473988 50.263760 47.290863
v -61.824692 49.807358 46.351719
v -60.452911 50.978836 49.362255
v -60.483360 50.987690 49.162392
v -59.667706 51.317307 50.950932
v -59.617626 51.363979 51.052013
v -59.707756 51.333340 50.789604
v -59.184750 51.425274 51.904465
v -60.001019 51.189968 50.175194
v -60.159813 51.172684 49.953918
v -60.824383 50.680481 48.449219
v -61.348988 50.295582 47.543674
v -60.777626 50.835705 48.704037
v -61.151066 50.490280 47.766907
v -61.894703 49.705334 46.444515
v -61.915707 49.797760 46.401249
v -61.800968 49.705334 46.399014
v -61.759197 48.773788 46.603024
v -61.681137 48.766949 46.659412
v -61.710720 48.858868 46.696510
v -61.787407 48.862812 46.639240
v -59.430565 50.393250 43.729435
v -60.141033 50.018417 44.556309
v -58.294430 50.898777 42.239399
v -58.993069 50.619602 43.105793
v -59.421757 50.371555 43.647560
v -59.499306 50.305218 43.818878
v -60.528957 49.695652 45.048191
v -60.577568 49.629379 45.221550
v -60.457073 49.780781 45.064877
v -61.531090 48.725876 46.893147
v -61.437576 48.810947 46.844635
v -64.585854 50.542870 44.476723
v -64.680687 50.598820 44.352875
v -65.830727 51.081055 43.480076
v -64.656479 50.529766 44.420612
v -64.383751 50.409019 44.580681
v -63.300911 49.812820 45.493446
v -62.597626 49.431633 45.954296
v -63.109108 49.796787 45.560467
v -62.603878 49.491066 46.042686
v -61.475208 48.717182 46.814144
v -61.499847 48.803856 46.918667
v -61.757309 48.090218 46.589226
v -61.739117 48.181828 46.545631
v -61.648964 48.177769 46.585419
v -62.773441 49.371021 49.074520
v -63.283695 49.862022 50.431927
v -63.515629 50.007618 50.892570
v -63.917274 50.275463 51.900757
v -63.084938 49.645210 49.963879
v -63.249825 49.755657 50.241680
v -62.209724 48.765045 47.902294
v -62.550053 49.063080 48.529835
v -62.498989 49.149445 48.584644
v -61.668118 48.077026 46.633766
v -62.003407 48.058186 46.619522
v -62.043247 48.141449 46.603260
v -58.198769 49.958538 48.130245
v -56.771004 50.483185 48.747276
v -58.382915 49.835457 48.051960
v -58.047543 49.982105 48.235653
v -58.185513 49.966496 48.179058
v -60.633293 48.781902 47.096432
v -59.853157 49.177170 47.498631
v -60.069592 49.149452 47.409428
v -60.508739 48.925591 47.149235
v -62.003464 48.138432 46.511803
v -61.960884 48.049240 46.529552
v -62.213600 44.309498 45.080818
v -62.195690 44.426437 44.759693
v -62.331005 44.720650 44.211269
v -62.425938 44.734440 44.155067
v -61.833298 43.523438 46.738514
v -61.714584 43.532436 46.715069
v -61.703190 43.623688 46.761578
v -61.821297 43.623688 46.789658
v -62.819576 45.232605 42.207714
v -63.214298 45.452736 40.598225
v -63.490398 45.496384 39.513977
v -63.141048 45.370239 41.059185
v -63.157986 45.399082 40.828270
v -63.149567 45.413155 41.021263
v -62.666790 44.975250 43.115627
v -62.640011 45.015400 42.943287
v -62.762379 45.132156 42.702244
v -61.900204 44.023514 45.962139
v -62.089817 44.191883 45.619289
v -58.769424 43.917789 45.782562
v -59.661991 43.507706 46.122284
v -60.056702 43.457390 46.128155
v -61.781616 42.463814 46.590103
v -61.742451 42.455551 46.715652
v -61.798851 42.568386 46.731438
v -61.834034 42.568386 46.604244
v -57.234653 44.580021 45.367596
v -55.187420 45.211632 44.851368
v -55.276199 45.191196 44.841274
v -55.893124 44.972351 45.006954
v -54.199738 45.458042 44.562210
v -55.972103 44.940407 45.074387
v -57.822144 44.281345 45.599667
v -57.472168 44.499573 45.500744
v -60.334694 43.307053 46.313694
v -63.479507 43.403976 46.610912
v -64.275658 43.759533 46.474415
v -64.008942 43.731033 46.572891
v -61.709972 42.532681 46.736031
v -61.698597 42.540039 46.615597
v -61.648506 42.636578 46.618412
v -61.650658 42.647274 46.739624
v -66.474060 44.596218 46.350246
v -67.231934 44.888119 46.308731
v -66.021484 44.499081 46.434032
v -68.894867 45.328384 46.222549
v -67.878387 45.072655 46.303883
v -67.407425 44.897808 46.336609
v -65.478867 44.239323 46.471272
v -64.951225 44.113342 46.436745
v -62.850082 43.225174 46.552574
v -62.644894 43.546013 44.860291
v -62.796974 43.763382 44.367542
v -62.748581 43.735859 44.647293
v -61.735950 42.541248 46.720551
v -61.626072 42.548847 46.670170
v -61.601910 42.653255 46.718586
v -61.709381 42.656116 46.773788
v -63.764832 44.568356 42.455688
v -64.137901 44.877464 41.721855
v -63.638512 44.495552 42.833855
v -64.893394 45.308567 40.234901
v -64.434425 45.042156 41.207951
v -64.907181 45.303291 40.239243
v -63.914375 44.655937 42.270782
v -62.917278 43.963375 44.130997
v -60.743874 45.265644 48.289906
v -60.576412 45.492710 48.543816
v -60.438187 45.549206 48.605721
v -61.741734 44.290482 46.554970
v -61.845757 44.298927 46.617088
v -61.876766 44.408901 46.569225
v -61.774582 44.406136 46.504753
v -59.469624 46.260719 50.230286
v -58.446716 46.834324 51.785652
v -58.898342 46.583572 51.018013
v -57.879177 47.087376 52.633751
v -58.843750 46.562538 51.104347
v -58.705551 46.659779 51.392002
v -59.922199 45.849335 49.414097
v -59.767963 46.001049 49.775814
v -61.044048 44.950554 47.652317
v -62.807030 45.525173 48.912743
v -62.519863 45.182850 48.159878
v -62.853859 45.589504 48.829117
v -61.615875 44.310471 46.620075
v -61.726482 44.298920 46.570446
v -61.698284 44.417736 46.515739
v -61.592930 44.406666 46.575722
v -63.625549 46.165970 50.366314
v -64.024353 46.522636 51.163284
v -64.208260 46.666092 51.619186
v -63.976501 46.468006 51.172714
v -64.947426 47.065804 53.025005
v -64.349350 46.689770 51.813015
v -63.076046 45.839622 49.431499
v -62.147614 44.993698 47.643349
v -64.315964 45.792950 47.215508
v -64.670227 45.904747 47.186214
v -64.272598 45.886955 47.207153
v -61.680367 44.614674 46.729053
v -61.702572 44.623592 46.589569
v -61.642715 44.739887 46.577824
v -61.615944 44.739887 46.716629
v -66.721046 46.516685 47.594044
v -66.749855 46.536221 47.669426
v -70.180595 46.826042 48.287842
v -68.896454 46.797668 48.067776
v -70.178871 46.819901 48.304237
v -68.106880 46.684395 47.921173
v -67.810661 46.640919 47.812645
v -68.415344 46.761051 47.933472
v -66.083122 46.310909 47.544426
v -66.095474 46.307739 47.470127
v -65.014206 46.109432 47.255196
v -63.283005 45.378124 46.907055
v -63.013962 45.399448 46.853481
v -62.499977 45.176239 46.879566
v -62.652294 45.108551 46.908043
v -63.201168 45.790874 44.862286
v -63.151909 45.839970 44.918476
v -61.716770 44.641403 46.725380
v -61.623940 44.645355 46.647388
v -61.584999 44.760223 46.692371
v -61.680077 44.749153 46.767582
v -65.254837 46.928631 42.531082
v -64.486900 46.599697 43.402306
v -65.684525 47.146320 42.044750
v -66.405190 47.409550 41.243813
v -65.152954 46.855080 42.713928
v -65.484512 47.050808 42.326973
v -63.762482 46.102325 44.334743
v -64.158470 46.403797 43.874039
v -62.590397 45.428543 45.703445
v -62.413052 45.185444 45.911297
v -61.480316 47.988781 44.672558
v -61.461361 48.144348 44.519012
v -61.472168 48.366791 43.993996
v -61.860081 46.988014 46.713280
v -61.739727 46.980659 46.725620
v -61.747776 47.095257 46.784496
v -61.867321 47.092491 46.767002
v -61.188869 48.966404 42.390656
v -60.838863 49.774551 39.578342
v -60.950546 49.539913 40.516357
v -61.060642 49.384930 41.077286
v -61.094437 49.266109 41.315742
v -61.149235 49.016857 42.078529
v -61.455784 48.331074 43.876469
v -59.980812 47.857761 46.679031
v -59.181313 48.211506 46.806595
v -61.752296 46.989216 46.573513
v -61.762459 46.996819 46.693970
v -61.812347 47.093010 46.691711
v -61.806084 47.093010 46.570477
v -56.525688 49.237171 46.881271
v -55.626945 49.490131 46.966587
v -54.551571 49.756535 46.998669
v -54.550045 49.751263 47.013081
v -56.582600 49.173527 46.924194
v -57.604111 48.828220 46.818123
v -57.802765 48.823715 46.869595
v -58.842476 48.427273 46.747040
v -60.413155 47.772472 46.752670
v -60.674419 47.649124 46.637959
v -61.049118 43.047222 47.895210
v -60.904762 43.322430 48.324318
v -61.740578 42.313747 46.571575
v -61.829865 42.310524 46.621017
v -61.853943 42.410206 46.575279
v -61.761814 42.401199 46.531406
v -60.097439 43.968861 49.817966
v -59.586384 44.278503 50.761166
v -59.372730 44.438396 51.155334
v -58.934078 44.668175 51.945686
v -59.531006 44.291458 50.795090
v -59.705414 44.211281 50.461807
v -60.266773 43.750278 49.389679
v -60.469761 43.622559 49.128242
v -60.472229 43.644291 48.999119
v -61.272659 42.899384 47.646992
v -61.292885 42.896591 47.429131
v -63.485783 43.288578 48.178650
v -63.388783 43.224419 47.953712
v -63.609009 43.424019 48.140476
v -61.650871 42.269798 46.676140
v -61.739681 42.281914 46.559639
v -61.692150 42.399570 46.519669
v -61.598328 42.399570 46.632416
v -65.904236 43.935169 50.074337
v -66.037399 44.024364 50.186680
v -66.312943 44.054050 50.500866
v -67.630737 44.036282 51.531799
v -67.786201 44.010220 51.709686
v -68.648476 43.861767 52.403992
v -66.954391 44.020069 51.026917
v -67.252281 44.012573 51.212685
v -64.993462 43.791245 49.415958
v -64.766800 43.707329 49.117432
v -64.735413 43.787525 49.091301
v -64.461205 43.739998 48.977886
v -62.452545 42.875607 47.163101
v -62.724163 43.069988 47.554478
v -62.349815 42.719795 47.247845
v -60.903839 42.970028 45.873840
v -60.946239 42.999317 45.904392
v -61.082462 42.889969 45.964172
v -59.994232 43.772259 44.989201
v -60.212170 43.642380 45.145447
v -59.896656 43.833237 44.860962
v -59.396690 44.179565 44.417240
v -60.844151 43.058231 45.745872
v -61.745396 42.094757 46.619522
v -61.700638 42.104618 46.675724
v -61.740017 42.158203 46.699711
v -61.786293 42.150833 46.644901
v -61.707977 60.094509 46.732021
v -64.495682 62.380440 45.452602
v -61.678291 60.095539 46.667152
v -61.670204 60.150764 46.748310
v -61.640312 60.152142 46.683514
v -61.311592 55.915680 47.379593
v -61.764198 55.507088 46.631741
v -61.430759 55.955387 47.314678
v -61.313320 55.999653 47.375996
v -60.436428 56.626678 49.366013
v -59.702805 56.869461 50.875702
v -59.320194 56.912247 51.644344
v -59.958523 56.802162 50.263050
v -59.980236 56.843311 50.304188
v -59.903187 56.860973 50.381050
v -60.676250 56.451469 48.731426
v -61.137245 56.140114 47.919643
v -60.758060 56.501286 48.703167
v -60.700527 56.497372 48.679943
v -61.780994 55.580223 46.597496
v -61.695408 55.580223 46.556656
v -61.676567 55.496086 46.596142
v -61.701454 65.816856 46.781235
v -61.613773 67.107803 45.729794
v -61.735046 65.803017 46.759724
v -61.697269 65.793266 46.750546
v -62.757504 66.239349 45.472931
v -62.257656 65.847504 46.036861
v -62.184059 65.818085 46.120209
v -62.454250 66.010567 45.842648
v -61.740646 65.318314 46.697468
v -61.724628 65.350861 46.713730
v -61.708183 65.321808 46.673565
v -61.565006 64.993591 46.527596
v -62.628265 66.181328 47.016033
v -61.565784 64.978218 46.566990
v -61.591518 64.967224 46.538471
v -61.292358 66.812027 45.381031
v -61.535858 66.207634 46.108337
v -61.523361 66.279663 46.070366
v -61.456875 66.471146 45.811054
v -61.772057 65.623566 46.677525
v -61.782120 65.651154 46.703808
v -61.737640 65.631866 46.698807
v -61.058842 67.154358 47.256771
v -61.304340 66.789665 47.054810
v -61.429829 66.582535 46.917961
v -61.445019 66.515739 46.905094
v -61.767757 65.922699 46.663555
v -61.788574 65.940331 46.644485
v -61.751255 65.927155 46.633129
v -60.499645 66.431099 47.288948
v -61.042202 65.996460 47.031258
v -60.944313 66.104378 47.080200
v -60.894909 66.125771 47.080006
v -61.760120 65.290253 46.630814
v -61.773499 65.284920 46.668034
v -61.803719 65.319191 46.655464
v -61.785355 65.318718 46.620522
v -61.955067 66.475670 47.085484
v -61.989643 66.604256 47.190628
v -61.932415 66.470634 47.092117
v -62.198666 67.019508 47.647400
v -61.745121 65.964935 46.616920
v -61.712887 65.969704 46.626049
v -61.738956 65.942085 46.648705
v -62.205338 66.308449 46.385120
v -62.235821 66.371368 46.367603
v -62.471119 66.536156 46.258320
v -62.804840 66.784035 46.058659
v -61.733601 65.850945 46.686943
v -61.713715 65.875954 46.697254
v -61.714600 65.853561 46.658844
v -61.751080 66.137466 47.683022
v -61.729092 65.985687 47.387722
v -61.728237 66.093086 47.633732
v -61.736248 66.400581 48.196621
v -61.725529 65.436852 46.630501
v -61.765396 65.431839 46.634335
v -61.761345 65.466431 46.608593
v -60.878971 66.986778 46.512787
v -61.098713 66.854912 46.533848
v -61.209400 66.746719 46.551834
v -60.523277 67.203133 46.436699
v -61.780258 66.313652 46.650162
v -61.765289 66.302773 46.681034
v -61.786320 66.328362 46.686558
v -63.893475 65.995316 47.951500
v -61.671368 64.038467 46.642151
v -61.698841 63.975590 46.692322
v -61.712757 63.996029 46.636681
v -61.656155 64.019722 46.697418
v -62.208523 66.120697 44.490925
v -61.732204 64.311623 46.707840
v -61.680637 64.328537 46.709877
v -61.696899 64.367973 46.744904
v -61.748188 64.349655 46.741665
v -60.815037 64.801956 45.728203
v -61.186424 64.649712 46.057568
v -60.712322 64.865097 45.574757
v -60.460041 64.994377 45.317863
v -59.824993 65.188797 44.682503
v -60.813965 64.834976 45.726795
v -61.748482 64.244598 46.628891
v -61.708851 64.243317 46.666378
v -61.726025 64.293381 46.683983
v -61.764938 64.292473 46.645710
v -59.412285 65.928589 47.039093
v -60.614742 65.178299 46.824425
v -61.064522 64.873993 46.745316
v -60.984409 64.925171 46.718296
v -60.947769 64.905449 46.731400
v -60.204464 65.485657 46.892567
v -59.992161 65.596611 46.910526
v -61.717350 64.233315 46.602062
v -61.732761 64.241547 46.653759
v -61.767303 64.280830 46.638828
v -61.752098 64.272812 46.587025
v -61.735298 64.937737 47.422916
v -61.727829 64.874039 47.280830
v -61.689098 64.925171 47.355865
v -61.705421 65.173813 47.741241
v -61.752663 65.549789 48.308117
v -61.737942 65.515144 48.205498
v -61.766647 65.929176 48.958141
v -61.684502 64.234299 46.612877
v -61.738579 64.240578 46.607258
v -61.728470 64.280807 46.569977
v -61.675121 64.272812 46.577171
v -58.663200 42.000145 45.246777
v -58.771008 41.951851 45.399555
v -58.959263 41.989956 45.373280
v -60.484329 41.218391 46.023846
v -60.730450 41.067753 46.271061
v -61.755756 40.694130 46.726971
v -60.510990 41.343117 46.035522
v -55.957851 42.842045 44.152058
v -56.518497 42.664185 44.327827
v -54.086628 43.123451 43.309235
v -54.533360 43.038643 43.479458
v -53.363995 43.169754 42.990528
v -55.193451 42.935238 43.812260
v -55.453236 42.938408 43.873127
v -56.931408 42.539993 44.583309
v -57.639267 42.417995 44.896481
v -57.237915 42.544994 44.637043
v -59.305088 41.845818 45.636890
v -61.683155 40.542233 46.695915
v -61.805500 40.673874 46.587227
v -61.742485 40.542233 46.559769
v -59.237740 41.799660 47.388081
v -58.508183 41.995949 47.689896
v -59.060890 41.937141 47.441021
v -60.747185 41.228809 46.938641
v -61.738800 40.763840 46.780991
v -60.865246 41.316460 47.025955
v -61.760578 40.881329 46.636639
v -55.337875 42.439522 48.545547
v -53.632851 42.494633 49.060909
v -55.895432 42.359230 48.379738
v -55.409054 42.394753 48.566734
v -55.766655 42.412334 48.465538
v -57.749702 42.146122 47.830669
v -57.334721 42.212444 48.021980
v -57.915844 42.204525 47.857182
v -57.616364 42.244877 47.870110
v -59.947422 41.569595 47.285118
v -59.671753 41.768295 47.362598
v -60.186123 41.578732 47.105740
v -61.791183 40.868057 46.766026
v -61.695107 40.750050 46.655323
v -69.884186 42.269913 47.769932
v -64.536438 42.230602 47.127178
v -65.041695 42.337650 47.106819
v -64.436035 42.300110 47.114719
v -62.639736 41.601429 46.779442
v -62.656258 41.732815 46.781994
v -61.625114 41.280357 46.774757
v -67.497414 42.599720 47.437923
v -67.108383 42.610817 47.441967
v -68.803474 42.491840 47.615330
v -68.804214 42.494427 47.647861
v -69.210548 42.394348 47.696926
v -67.912430 42.539509 47.539093
v -68.405052 42.504681 47.561371
v -66.120018 42.502827 47.320194
v -66.629677 42.542210 47.320484
v -65.973473 42.556019 47.232624
v -65.711555 42.519711 47.269852
v -63.859539 42.042103 46.945217
v -64.136299 42.227257 46.983372
v -63.207478 41.943699 46.966152
v -62.992859 41.757198 46.940166
v -61.710453 41.147453 46.651829
v -61.649410 41.265427 46.643974
v -61.693470 41.147453 46.783806
v -60.077587 42.410057 43.406357
v -60.390942 42.225746 44.213058
v -60.091114 42.451550 43.607407
v -60.467251 42.321484 44.164795
v -61.359417 41.580601 45.900185
v -61.652943 41.162159 46.762749
v -61.679558 41.275066 46.815304
v -59.038738 42.570843 41.490559
v -59.277107 42.630947 41.970959
v -59.221581 42.621952 41.732933
v -59.348026 42.557426 41.979473
v -58.325451 42.433155 40.051308
v -58.411465 42.496746 40.224884
v -58.494560 42.513443 40.317234
v -57.957924 42.279884 39.288654
v -58.679794 42.523811 40.678806
v -59.823692 42.465622 43.068939
v -59.874229 42.540245 43.009117
v -60.927689 41.867088 45.297237
v -60.827869 42.065681 45.095604
v -61.177025 41.872112 45.545773
v -60.792824 42.034531 44.796822
v -61.797146 41.265686 46.750755
v -61.769157 41.146572 46.695278
v -61.882915 40.996082 43.844296
v -61.783756 39.980831 46.646893
v -61.752274 40.724380 44.632183
v -61.645748 40.096882 46.685753
v -62.081146 42.513680 38.459953
v -61.964706 41.761845 41.613964
v -62.002579 41.953243 40.695862
v -61.934143 41.850574 41.066303
v -61.928745 41.889118 41.136639
v -61.758396 40.886902 44.457195
v -61.840149 40.727741 44.947666
v -61.651768 39.969643 46.637009
v -61.778522 40.097553 46.691635
v -61.772018 40.687664 46.658550
v -61.684868 40.682983 46.557281
v -61.727306 40.800503 46.697128
v -61.634079 40.810837 46.600475
v -68.411308 41.954689 40.647060
v -64.801811 42.069611 43.918510
v -64.482544 42.001526 44.093342
v -63.540165 41.665791 45.060383
v -63.303608 41.597992 45.128044
v -63.092358 41.631912 45.315411
v -66.724915 42.230347 42.118504
v -68.025673 42.057095 40.974564
v -67.424538 42.162460 41.547707
v -67.064728 42.241016 41.819992
v -67.453705 42.191349 41.521267
v -66.239822 42.236897 42.619431
v -65.572212 42.192284 43.135078
v -65.821312 42.281643 42.915253
v -66.114670 42.295849 42.732319
v -64.510529 42.092514 44.068779
v -64.415237 42.064838 44.268505
v -62.632088 41.230984 45.879066
v -62.326309 41.103188 45.993229
v -62.787643 41.451260 45.739895
v -61.804138 39.933193 46.540672
v -61.724434 39.933193 46.646652
v -61.853237 40.050713 46.577599
v -61.781273 40.069920 46.689426
v -57.902248 41.418705 43.646828
v -58.199959 41.367554 43.959507
v -58.502575 41.395439 44.190544
v -58.071320 41.462547 43.771946
v -60.071686 40.848145 45.251926
v -60.116306 40.923424 45.424057
v -56.173485 41.503368 42.415592
v -56.731037 41.542503 42.775879
v -56.762012 41.481319 42.798855
v -55.229729 41.355721 41.695625
v -55.350719 41.390614 41.752956
v -54.608761 41.204128 41.211597
v -55.767170 41.422977 42.061783
v -56.010098 41.450451 42.290791
v -57.087864 41.477013 43.112270
v -57.103481 41.534794 43.124348
v -59.342255 41.084225 44.831966
v -59.225819 41.234909 44.626717
v -59.030155 41.190914 44.481640
v -61.117714 40.353451 46.032120
v -60.661079 40.565113 45.836899
v -60.706493 40.701492 45.725681
v -61.704548 38.393749 46.676994
v -61.664783 38.393749 46.545551
v -61.638958 38.523617 46.698555
v -61.595318 38.530460 46.566551
v -65.682426 40.010048 45.359158
v -65.657204 40.089741 45.452675
v -64.053635 39.508530 45.837986
v -63.366268 39.357414 46.040176
v -63.538780 39.421413 46.111031
v -67.810654 40.465191 44.786732
v -69.534454 40.545303 44.252087
v -70.510773 40.501743 43.940838
v -68.923065 40.500114 44.441483
v -69.158691 40.508015 44.332382
v -69.092323 40.541069 44.351788
v -66.792122 40.260941 45.100651
v -67.370453 40.355000 44.860233
v -67.335938 40.408684 44.870380
v -65.154068 39.968369 45.514545
v -64.786980 39.747704 45.723419
v -62.930389 39.031433 46.298241
v -62.532398 38.854065 46.290813
v -61.766716 38.396595 46.536674
v -61.759113 38.411537 46.668652
v -61.838516 38.532867 46.545067
v -61.813473 38.514393 46.676525
v -57.169495 40.100838 46.029099
v -57.923058 39.916523 46.195225
v -57.813889 40.024109 46.181171
v -57.769753 40.044773 46.094963
v -59.288597 39.507458 46.260799
v -59.587772 39.389263 46.403427
v -59.710659 39.464554 46.306820
v -54.394051 40.484058 45.721386
v -55.115341 40.401009 45.800579
v -54.312698 40.490513 45.747879
v -53.618446 40.458160 45.635784
v -52.858780 40.444859 45.559330
v -54.215183 40.451233 45.735565
v -56.013412 40.302536 45.958591
v -56.390266 40.303333 46.004559
v -56.022732 40.352192 45.901505
v -59.196831 39.637035 46.353584
v -60.893715 38.843689 46.441124
v -60.822392 39.004864 46.553761
v -64.800148 40.707623 48.030838
v -65.548965 40.866283 48.290348
v -64.799934 40.776413 47.942497
v -64.766556 40.781391 48.015373
v -61.697346 39.438759 46.627850
v -61.747833 39.435265 46.522091
v -61.697231 39.542412 46.499352
v -61.649582 39.539722 46.606483
v -67.939346 41.078091 49.397350
v -68.870659 41.077770 49.829800
v -68.181229 41.130436 49.565338
v -68.058525 41.075691 49.509598
v -70.353828 40.815334 50.518028
v -70.570496 40.750900 50.647831
v -71.693832 40.427692 51.147255
v -71.185837 40.601341 50.917542
v -69.282982 40.981991 50.063988
v -69.208252 40.993160 49.986721
v -69.975075 40.911198 50.377956
v -66.488762 41.011814 48.796124
v -66.844810 41.036530 48.891159
v -67.262444 41.124386 49.084297
v -66.397491 41.064007 48.754707
v -64.034233 40.466415 47.586353
v -63.300800 40.301197 47.246048
v -63.123375 40.246777 47.271469
v -63.221230 40.180218 47.315964
v -62.883446 40.013454 47.052109
v -66.023605 41.010124 48.510323
v -66.029678 39.730957 35.776100
v -63.121315 40.714760 43.219547
v -63.042534 40.709023 43.185921
v -63.029537 40.789532 43.218815
v -63.108990 40.795662 43.250408
v -61.790630 39.436413 46.626343
v -61.674679 39.432137 46.577965
v -61.653767 39.543652 46.631889
v -61.769035 39.547073 46.679478
v -64.409561 40.885571 39.780998
v -64.738716 40.823124 38.962807
v -64.614563 40.899689 39.413544
v -64.522469 40.869480 39.648319
v -65.424042 40.342678 37.259201
v -65.687088 40.120182 36.606602
v -65.661499 40.177181 36.738796
v -65.607735 40.209087 36.876221
v -65.039680 40.639801 38.326241
v -65.204300 40.538853 37.806538
v -65.221039 40.560051 37.863155
v -63.848606 40.935654 41.363045
v -63.722157 40.928513 41.495815
v -64.114807 40.995831 40.516907
v -63.843098 41.003113 41.377132
v -62.344803 40.214672 44.919376
v -62.332981 40.313374 44.949135
v -62.430088 40.307652 44.985477
v -62.441833 40.208958 44.955872
v -63.570438 40.967365 41.873211
v -54.587074 38.671745 37.416336
v -59.588337 39.636166 43.754848
v -58.949039 39.786018 43.068508
v -58.842457 39.882534 42.930809
v -59.255241 39.804504 43.332584
v -61.801861 38.372925 46.559254
v -61.704178 38.377201 46.638268
v -61.739819 38.487862 46.683201
v -61.837067 38.484436 46.605145
v -57.121655 39.810284 40.709141
v -56.506752 39.719189 39.913246
v -56.691097 39.754139 40.073441
v -56.719662 39.714294 40.109634
v -55.459675 39.246914 38.558880
v -55.194435 39.097485 38.174286
v -55.186085 39.062416 38.163578
v -54.940578 38.924858 37.885654
v -55.919739 39.438114 39.094940
v -56.286095 39.590771 39.627407
v -55.946301 39.485756 39.128590
v -57.772270 39.875698 41.447754
v -58.011555 39.876484 41.857052
v -57.708275 39.936619 41.465942
v -58.418697 39.937950 42.269794
v -60.048893 39.431831 44.492546
v -60.580364 39.278191 45.179756
v -60.135643 39.525387 44.448811
v -60.741638 39.124191 45.217949
v -60.883942 38.979023 45.572731
v -60.992702 39.079636 45.536903
v -59.773502 39.632038 44.135952
v -58.657108 39.835510 42.572468
v -57.465939 39.904770 41.057518
v -72.211845 39.213585 46.342522
v -64.830956 39.155300 46.588799
v -64.825958 39.160366 46.510147
v -65.221443 39.353130 46.501362
v -65.657562 39.474564 46.561527
v -61.674446 37.520042 46.695797
v -61.668579 37.523720 46.580265
v -61.601585 37.616852 46.582561
v -61.606869 37.613884 46.697254
v -68.296715 39.771915 46.426792
v -68.144928 39.819027 46.430511
v -68.299484 39.822853 46.477654
v -68.964622 39.769848 46.455883
v -71.012253 39.534683 46.363171
v -70.752373 39.605923 46.384758
v -71.295578 39.462269 46.379726
v -71.665779 39.386589 46.356518
v -69.679337 39.749634 46.432209
v -69.566956 39.733143 46.397438
v -69.520920 39.776875 46.398514
v -67.319214 39.707912 46.508347
v -66.612106 39.609417 46.468227
v -66.512703 39.653549 46.470760
v -66.960510 39.715954 46.519543
v -63.195938 38.461609 46.547562
v -63.963737 38.919109 46.529907
v -63.085472 38.514015 46.646469
v -63.196083 38.466682 46.643009
v -62.762508 38.334538 46.557800
v -64.379562 39.075977 46.603878
v -66.099312 39.501629 46.547436
v -51.218994 39.323833 50.845776
v -57.620983 39.549473 48.228214
v -57.798950 39.507862 48.237743
v -58.159286 39.472832 48.094460
v -57.700409 39.602474 48.196030
v -61.638653 37.515594 46.584442
v -61.687183 37.519524 46.697483
v -61.751728 37.615799 46.672073
v -61.707817 37.618965 46.557083
v -55.189056 39.914890 49.277161
v -54.408875 39.962395 49.587078
v -55.086349 39.974365 49.259560
v -54.428333 39.917770 49.528107
v -52.787178 39.733910 50.231464
v -52.164154 39.624493 50.465508
v -52.124683 39.593040 50.468033
v -51.687344 39.476658 50.667263
v -52.741314 39.748959 50.216331
v -53.895561 39.883854 49.790607
v -53.290321 39.851196 50.031101
v -53.779560 39.915699 49.793095
v -55.979885 39.857533 48.896294
v -56.427105 39.797199 48.783363
v -56.877804 39.793587 48.603924
v -56.411293 39.860226 48.721161
v -59.378857 38.921021 47.611233
v -59.407940 39.009449 47.599548
v -60.105305 38.652649 47.213779
v -60.201748 38.484921 47.174164
v -60.552433 38.292774 47.145401
v -60.600391 38.385250 47.126095
v -58.964218 39.176907 47.679615
v -58.935089 39.093441 47.691341
v -55.558426 39.949650 49.129948
v -67.873703 36.295929 54.928616
v -64.176086 38.555237 49.992897
v -64.232285 38.561169 49.950203
v -64.265877 38.629101 49.996037
v -64.409607 38.616608 50.305103
v -62.344112 37.952621 47.543999
v -62.422798 37.956730 47.479336
v -62.795208 38.269108 47.990208
v -62.285725 38.023968 47.465878
v -66.402969 37.857864 52.908291
v -66.408264 37.897671 52.915287
v -66.005089 38.134247 52.443317
v -66.037384 38.069901 52.486328
v -67.532013 36.775684 54.450733
v -67.362022 36.994122 54.243885
v -67.376511 36.943676 54.275986
v -66.690033 37.612762 53.358280
v -66.986687 37.386265 53.705593
v -66.651497 37.683090 53.306919
v -65.118195 38.455830 51.253788
v -65.614929 38.296707 51.834419
v -65.163025 38.507397 51.219166
v -65.118271 38.513184 51.254105
v -63.301147 38.383148 48.679745
v -63.524727 38.527973 48.984699
v -63.696014 38.581757 49.351265
v -63.231678 38.388977 48.729870
v -61.688549 37.440254 46.659462
v -61.770935 37.440254 46.598473
v -61.738674 37.546677 46.550911
v -61.659405 37.530296 46.620094
v -62.990406 38.379467 48.406799
v -64.928413 38.497448 50.899353
v -65.853050 38.233017 52.158165
v -65.043716 37.166218 45.012245
v -65.386566 37.160572 44.764740
v -65.002243 37.231091 44.960403
v -65.798012 37.203892 44.618908
v -62.624813 36.619789 46.274742
v -62.586380 36.615913 46.190662
v -63.152271 36.919857 45.903511
v -62.498562 36.661324 46.340508
v -67.598030 36.722839 43.635334
v -68.057510 36.565765 43.401291
v -67.630592 36.761681 43.665443
v -67.512527 36.762115 43.726822
v -69.440887 35.675243 42.701759
v -69.210670 35.882385 42.814259
v -69.257416 35.829533 42.816090
v -70.085327 35.107418 42.377415
v -68.577225 36.279175 43.170918
v -68.483025 36.306087 43.185032
v -66.317093 37.081352 44.348434
v -66.405479 37.061718 44.244835
v -66.292992 37.134212 44.302269
v -67.026794 36.962486 43.958202
v -64.480103 37.126926 45.226189
v -64.098030 37.140495 45.421097
v -64.509399 37.198154 45.291206
v -63.826683 37.008453 45.647072
v -61.736660 36.148731 46.733253
v -61.693829 36.148731 46.650181
v -61.675533 36.230946 46.712189
v -62.233551 36.550987 46.370544
v -63.479378 36.926128 45.736511
v -63.499737 37.005093 45.817379
v -60.105610 36.719925 45.705536
v -60.066868 36.723774 45.783318
v -60.147171 36.789677 45.826202
v -59.519115 36.929798 45.402218
v -61.864021 35.957741 46.614365
v -61.809036 35.957741 46.718742
v -61.858040 36.061897 46.744556
v -61.913029 36.061897 46.640182
v -57.904133 36.924599 44.626987
v -57.718113 36.972786 44.527542
v -57.328526 36.855991 44.265167
v -55.966404 36.492748 43.588333
v -56.173885 36.578941 43.667145
v -56.382751 36.618320 43.775215
v -55.433578 36.235325 43.293968
v -56.684349 36.735615 43.972801
v -57.240555 36.886497 44.219608
v -58.798824 36.945408 45.028366
v -58.919285 36.924610 45.168613
v -59.033520 36.984756 45.229679
v -58.386421 37.008305 44.813965
v -61.166325 36.312870 46.373203
v -61.194187 36.414215 46.387836
v -60.866203 36.581993 46.099041
v -61.124020 36.355099 46.232376
v -61.690929 35.540295 48.621849
v -61.773869 35.588306 48.792774
v -61.777409 35.620384 48.586521
v -61.689140 35.735580 49.228973
v -61.696285 34.763515 46.589245
v -61.814251 34.763515 46.590481
v -61.814831 34.867676 46.535095
v -61.696865 34.867676 46.533859
v -61.732559 35.767712 51.300793
v -61.680676 35.735210 50.968979
v -61.697823 35.279068 53.244247
v -61.673439 35.317982 53.181934
v -61.678566 35.040043 53.826260
v -61.676231 35.537449 52.377056
v -61.720631 35.623051 51.952869
v -61.712433 35.553097 52.416256
v -61.677849 35.682564 51.883587
v -61.686687 35.724194 49.813515
v -61.746384 35.754330 50.429668
v -61.755585 35.798370 49.852196
v -61.683479 35.812813 50.449863
v -61.800446 35.118656 47.320080
v -61.798916 35.261070 47.393188
v -61.695133 35.219982 47.287457
v -61.694523 35.160877 47.422028
v -61.692013 35.528461 48.230347
v -64.489830 36.152630 47.730659
v -64.516747 36.158222 47.645657
v -64.256073 36.244202 47.557495
v -64.854431 36.251534 47.856117
v -61.659412 35.736416 46.769173
v -62.960899 36.008316 47.095074
v -62.707359 36.079086 47.009022
v -61.627129 35.870403 46.763008
v -67.303192 35.958244 48.611805
v -67.161537 36.032749 48.564674
v -66.816208 36.093288 48.509136
v -66.929230 36.007103 48.543835
v -68.850578 35.564400 49.139496
v -68.678673 35.653629 49.082539
v -68.559746 35.685936 49.077087
v -69.615326 35.299473 49.407326
v -68.231659 35.741829 48.969135
v -65.711456 36.141273 48.139168
v -65.735962 36.141144 48.071907
v -65.771866 36.211220 48.086987
v -63.294052 36.162159 47.331348
v -63.250248 36.049259 47.312580
v -61.704506 35.732140 46.643921
v -61.673203 35.861336 46.638000
v -61.813229 36.878468 42.831631
v -61.705013 36.901348 43.861721
v -61.715622 37.000080 43.534554
v -61.788834 36.715820 45.703819
v -61.663982 36.740120 45.580387
v -61.635624 36.654076 46.786793
v -61.793839 36.851513 45.653648
v -61.762749 36.517853 40.324440
v -61.761784 36.628914 40.552155
v -61.822380 36.656620 40.708096
v -61.779472 35.946495 38.589111
v -61.778915 36.084465 38.839405
v -61.795517 35.577530 37.739731
v -61.815063 36.198124 39.261990
v -61.816547 36.246227 39.280769
v -61.820030 36.690922 41.146919
v -61.737751 36.831448 42.170193
v -61.741325 36.903244 42.120869
v -61.818546 36.937229 42.375629
v -61.684277 36.942081 44.932827
v -61.808659 36.988068 44.225906
v -61.804821 36.879528 44.228554
v -61.630310 36.496193 46.748425
v -61.779320 36.631531 46.784847
v -61.774860 36.491116 46.750404
v -62.563274 48.166161 48.165195
v -61.624660 47.291351 46.630714
v -61.719471 47.287781 46.575916
v -61.693439 47.385162 46.532589
v -61.599388 47.385162 46.589096
v -64.169098 49.310165 50.720783
v -64.231812 49.382793 50.827950
v -65.030029 49.788761 52.192474
v -64.625687 49.598675 51.544865
v -63.476681 48.871571 49.663345
v -63.162991 48.598812 49.021915
v -63.171745 48.680305 49.037327
v -63.531635 48.975559 49.752964
v -62.356606 47.918667 47.656151
v -62.213890 47.887691 47.414978
v -62.295464 48.030949 47.726719
v -60.911167 48.134899 48.260223
v -60.830750 48.268867 48.402683
v -60.629887 48.361271 48.612537
v -61.738449 47.281361 46.566788
v -61.836018 47.288280 46.616592
v -61.862591 47.393620 46.568459
v -61.763073 47.378544 46.522209
v -59.874733 48.772766 50.108906
v -59.675999 48.825428 50.363804
v -59.816910 48.715343 50.104179
v -58.544704 48.994968 52.465946
v -59.017925 48.980270 51.634636
v -58.956696 48.981651 51.687836
v -59.121468 48.931610 51.384781
v -59.468349 48.854027 50.832039
v -60.481747 48.375828 48.885014
v -60.132477 48.595402 49.647961
v -61.408615 47.739170 47.176540
v -61.270634 47.768478 47.430229
v -63.774570 47.216877 47.934742
v -63.690025 47.157421 47.798962
v -63.500793 47.181591 47.770493
v -61.676346 46.184189 46.677807
v -61.741970 46.164589 46.589630
v -61.698521 46.261791 46.563137
v -61.633190 46.281044 46.651539
v -65.215408 47.710167 48.801666
v -65.478165 47.710297 48.959621
v -66.800690 47.922462 49.753246
v -67.430832 47.954361 50.120953
v -66.260834 47.845764 49.389542
v -66.103867 47.862736 49.292149
v -64.892136 47.563305 48.541756
v -64.280899 47.450958 48.164871
v -62.576340 46.649483 47.107761
v -62.620579 46.775307 47.135387
v -60.241154 47.700932 46.911438
v -59.569733 48.079556 46.937443
v -61.738724 46.945293 46.575672
v -61.757690 46.948864 46.683613
v -61.805805 47.042675 46.676140
v -61.792416 47.050098 46.567440
v -57.013145 49.002464 47.358799
v -55.307831 49.445045 47.649586
v -56.923141 48.982380 47.374180
v -55.974201 49.281982 47.556129
v -58.925095 48.266331 47.043858
v -58.447983 48.457603 47.182446
v -58.219040 48.606865 47.217186
v -60.621731 47.626987 46.853722
v -60.719452 47.469120 46.745510
v -60.475399 48.003288 44.959026
v -60.660358 47.965969 45.183430
v -61.875896 46.930672 46.655136
v -61.781002 46.928276 46.730610
v -61.816292 47.035999 46.774052
v -61.911427 47.039398 46.699009
v -58.220448 49.337818 42.280945
v -57.288307 49.726261 41.101822
v -58.621372 49.113522 42.706924
v -58.213966 49.297249 42.272484
v -58.195339 49.358768 42.190681
v -59.472736 48.609695 43.844643
v -59.750832 48.512745 44.190548
v -59.291439 48.807186 43.520309
v -60.915462 47.627750 45.647053
v -61.065140 47.624519 45.834103
v -62.957363 46.675846 45.299606
v -62.672688 46.624691 45.512753
v -62.744789 46.631145 45.562649
v -61.787891 45.776752 46.749798
v -61.703377 45.768898 46.675262
v -61.670380 45.869087 46.715519
v -61.757698 45.869087 46.787094
v -64.314972 47.601295 43.620930
v -65.570160 48.199848 42.066570
v -65.992508 48.371151 41.530575
v -64.942558 47.897991 42.781834
v -65.143921 48.029114 42.540199
v -63.996929 47.359779 44.014042
v -63.720303 47.218719 44.253105
v -64.119423 47.516308 43.771721
v -62.477772 46.382824 45.746243
v -61.009026 46.714039 44.899410
v -61.231777 46.630161 45.252197
v -61.776081 45.775822 46.666332
v -61.671276 45.779495 46.707699
v -61.690746 45.886330 46.759495
v -61.794357 45.876034 46.715027
v -59.894390 47.952282 41.866020
v -60.359657 47.575222 42.974121
v -59.364887 48.349777 40.405861
v -59.732178 48.105530 41.338291
v -59.955914 47.889503 41.922142
v -60.168133 47.660358 42.612766
v -60.696987 47.165302 43.858212
v -60.729813 47.136086 44.137184
v -61.394485 46.314693 45.674202
v -59.401718 45.859211 46.865326
v -61.851444 44.933971 46.546375
v -61.862431 44.918816 46.684025
v -61.915482 45.047329 46.688938
v -61.902576 45.057938 46.550819
v -55.063267 47.073875 47.436043
v -54.489799 47.175411 47.458500
v -53.394207 47.340645 47.589966
v -56.329704 46.749016 47.240772
v -55.254318 46.984688 47.412624
v -57.575787 46.416576 47.167973
v -57.660610 46.468540 47.164089
v -57.031334 46.648514 47.162819
v -60.318005 45.532398 46.863110
v -60.256596 45.676811 46.879208
v -60.245850 45.682579 46.766624
v -61.906368 45.698986 45.197109
v -61.984879 45.820236 45.088078
v -61.827072 44.957283 46.708973
v -61.735199 44.960201 46.700783
v -61.730755 45.039238 46.741604
v -61.822056 45.045277 46.754349
v -62.143265 46.438026 43.493378
v -62.357578 47.086967 41.256397
v -62.309475 46.976795 41.723557
v -62.127003 46.484112 43.235870
v -62.140846 46.386898 43.517380
v -62.084229 46.398796 43.616882
v -61.851166 45.557091 45.683899
v -61.936085 45.522640 45.590801
v -63.435249 45.983788 46.407990
v -63.728935 46.188705 46.452927
v -61.660873 45.105392 46.707176
v -61.646557 45.108963 46.598534
v -61.598164 45.202778 46.603928
v -61.605579 45.212784 46.713253
v -65.541435 46.875309 46.233738
v -67.165482 47.369324 46.035561
v -68.131630 47.606136 45.909580
v -66.553604 47.158016 46.110207
v -66.800858 47.268620 46.045776
v -64.768250 46.531284 46.326771
v -65.952293 46.972359 46.136513
v -64.949547 46.670750 46.245007
v -62.856827 45.816864 46.469955
v -62.908588 45.740524 46.553852
v -59.863331 46.219990 47.507526
v -59.518803 46.470875 47.751732
v -61.796764 45.180763 46.562290
v -61.850132 45.193649 46.658279
v -61.891270 45.281834 46.638222
v -61.845253 45.284332 46.539196
v -57.375996 47.288258 48.760841
v -57.362728 47.288963 48.725796
v -57.402981 47.239265 48.705685
v -55.949001 47.707462 49.424408
v -57.337276 47.263397 48.779305
v -59.271275 46.503250 47.868488
v -59.489239 46.467464 47.690331
v -61.486549 46.262432 48.841156
v -61.599216 46.062027 48.389004
v -61.598179 46.154701 48.397861
v -61.645817 45.191544 46.586197
v -61.754593 45.187237 46.596989
v -61.758469 45.284229 46.546825
v -61.649174 45.281048 46.539856
v -61.427818 46.865864 50.400280
v -61.419598 46.953609 50.493885
v -61.288898 47.298832 51.588024
v -61.246834 47.539829 52.503330
v -61.187191 47.684406 53.093800
v -61.315739 47.143940 51.207550
v -61.437603 46.609310 49.524700
v -61.572502 45.811733 47.624809
v -61.939819 54.383778 46.604088
v -61.952087 54.380001 46.682590
v -61.989735 54.454189 46.675522
v -61.973797 54.450745 46.597488
v -59.944054 55.416344 47.032742
v -58.838230 55.860001 47.190067
v -57.477036 56.334225 47.454693
v -58.562492 55.931225 47.242165
v -58.122795 56.115849 47.349335
v -60.104450 55.283501 46.950588
v -60.345825 55.179466 46.962421
v -60.463371 55.181355 46.883579
v -61.935677 53.034725 46.741928
v -61.908173 53.044182 46.812675
v -61.309940 53.421108 46.528927
v -59.733273 54.015800 45.738281
v -58.251904 54.263340 45.085106
v -58.522522 54.244186 45.186794
v -57.838718 54.295853 44.881813
v -59.044495 54.133873 45.424770
v -59.303619 54.073513 45.582203
v -59.324951 54.105293 45.592205
v -60.476624 53.730347 46.077618
v -60.425873 53.732395 46.112186
v -60.377235 53.803478 46.089157
v -61.121021 53.521980 46.372318
v -61.953461 53.094505 46.778141
v -61.760368 53.186539 46.632229
v -61.433685 53.628780 47.320061
v -61.367756 53.630253 47.285328
v -60.734127 54.106110 48.804882
v -60.428684 54.311012 49.450279
v -60.641628 54.131443 48.874180
v -59.831627 54.451294 50.684113
v -59.521500 54.446152 51.353931
v -60.104637 54.371040 50.053951
v -60.182564 54.357750 49.970901
v -60.305573 54.343868 49.613235
v -61.216579 53.705544 47.617500
v -61.209030 53.760876 47.796078
v -60.967960 54.016647 48.307564
v -60.869572 54.046837 48.376469
v -61.776524 53.258545 46.598351
v -61.696030 53.258545 46.560997
v -61.678791 53.179825 46.598145
v -61.748154 54.591145 46.570122
v -61.669315 54.596485 46.581703
v -62.292793 55.951176 49.885029
v -62.539883 56.283691 51.147671
v -62.395885 56.068295 50.286884
v -62.264599 55.865646 49.736023
v -62.254555 55.776768 49.476246
v -61.896126 55.100685 47.778667
v -61.956802 55.099815 47.773491
v -62.083717 55.471115 48.495228
v -61.993488 55.378078 48.298813
v -61.715717 54.515343 46.615635
v -61.732254 52.236240 46.660965
v -61.680565 52.227978 46.590229
v -61.646488 52.313606 46.618370
v -61.703632 52.307739 46.684391
v -63.817890 53.445210 44.887779
v -63.901283 53.521194 44.883461
v -65.322304 54.067791 43.690685
v -64.999611 53.960640 43.982624
v -65.647163 54.167576 43.444103
v -63.756851 53.410923 45.001774
v -63.702145 53.454681 44.980404
v -62.681637 52.849651 45.794491
v -62.754807 52.940422 45.821480
v -61.483952 53.906258 46.777611
v -61.442612 53.987770 46.785522
v -63.722336 55.065838 46.305786
v -65.013969 55.589764 45.996494
v -65.452324 55.746769 45.940468
v -66.364319 56.053719 45.741390
v -64.840530 55.481022 46.030579
v -63.694099 54.999107 46.311558
v -62.800186 54.586887 46.431240
v -62.836739 54.676434 46.424576
v -61.468250 53.902500 46.690643
v -61.428299 53.981323 46.698769
v -61.537647 52.116264 46.523670
v -61.599148 52.122334 46.469948
v -61.514683 52.187111 46.495205
v -63.687920 53.675667 49.091564
v -63.743095 53.723747 49.213737
v -64.535652 54.138191 50.168400
v -63.420593 53.468124 48.755344
v -63.293526 53.410969 48.666130
v -62.375423 52.800777 47.445339
v -62.663406 53.034531 47.896461
v -61.581219 52.181011 46.445415
v -61.861557 51.452484 46.896172
v -61.782795 51.459042 46.934334
v -61.878506 51.536335 46.935989
v -60.836731 52.707901 44.598450
v -60.001965 53.462296 42.728260
v -59.820881 53.599331 42.342941
v -60.345890 53.142693 43.584614
v -61.047615 52.426525 45.071365
v -60.648064 52.805603 44.291092
v -61.157234 52.310493 45.474262
v -61.796173 51.527542 46.967148
v -56.919964 34.617405 46.410709
v -57.245049 34.581085 46.509758
v -57.035698 34.683247 46.416939
v -60.286678 33.874187 46.593914
v -59.442291 34.120026 46.650280
v -59.447067 34.223381 46.650589
v -60.455086 33.939011 46.603180
v -53.283638 34.756935 46.258259
v -53.415726 34.809135 46.266617
v -52.773552 34.761074 46.181019
v -53.425415 34.758965 46.216732
v -50.919926 34.513382 46.079296
v -49.530735 34.186707 46.011116
v -51.536793 34.584042 46.113350
v -51.407417 34.560467 46.137810
v -51.495827 34.611137 46.143459
v -55.178677 34.769440 46.314934
v -55.173702 34.766113 46.377216
v -55.518311 34.823967 46.398907
v -54.856903 34.846134 46.296936
v -57.730934 34.582306 46.541107
v -58.756149 34.388340 46.511124
v -58.663086 34.313423 46.505909
v -61.591431 33.415897 46.670654
v -61.589100 33.427937 46.785591
v -61.631748 33.538521 46.789124
v -61.632252 33.521496 46.673084
v -60.121239 33.652512 41.817234
v -59.905678 33.652618 41.350140
v -60.201057 33.724319 42.345917
v -60.122227 33.739845 41.820095
v -61.017094 33.304340 44.736481
v -61.165833 33.078762 45.599316
v -61.178734 33.185337 45.644432
v -61.288624 33.178734 45.616909
v -58.993649 33.232002 38.285473
v -59.221619 33.389503 38.876736
v -59.163548 33.303612 38.687450
v -58.530174 32.649055 36.722984
v -58.489822 32.633499 36.586792
v -58.132198 31.995487 35.356628
v -58.352005 32.355198 36.046371
v -58.531498 32.635426 36.629375
v -58.843433 33.034096 37.777790
v -58.849518 33.040993 37.666031
v -59.733597 33.602615 40.552052
v -59.323231 33.448544 39.394886
v -59.421001 33.553329 39.721676
v -59.605934 33.612949 40.135105
v -60.403034 33.595928 43.027519
v -60.675846 33.566719 43.945816
v -60.766666 33.571335 43.919296
v -60.530884 33.580563 43.150112
v -61.628162 32.676880 46.735725
v -61.516296 32.659225 46.762638
v -61.528214 32.764687 46.802124
v -61.636623 32.764687 46.769402
v -60.794632 33.392246 44.345947
v -59.799477 33.696819 40.993637
v -67.109810 33.784916 46.875988
v -67.112236 33.789589 46.806087
v -67.128761 33.854340 46.806465
v -66.226517 33.856903 46.861275
v -63.625454 33.436665 46.817722
v -62.757553 33.210670 46.691750
v -62.785870 33.335819 46.692802
v -63.619579 33.539814 46.817413
v -70.648254 33.248848 46.895729
v -69.672928 33.537430 46.921188
v -70.929161 33.190220 46.941738
v -72.440315 32.620453 46.942360
v -72.332817 32.685299 46.965229
v -73.437904 32.129139 46.975925
v -71.691109 32.909348 46.954567
v -70.835007 33.244698 46.900600
v -68.778732 33.646896 46.905144
v -68.933296 33.623901 46.851849
v -68.810417 33.699875 46.848907
v -67.993500 33.803230 46.891193
v -65.363319 33.718643 46.760242
v -64.482788 33.699024 46.737640
v -64.917717 33.754921 46.839626
v -65.361320 33.723274 46.847225
v -61.535187 32.809193 46.781349
v -61.544216 32.791542 46.665665
v -61.502979 32.897003 46.664783
v -61.492054 32.919716 46.779446
v -64.065613 33.524563 46.726856
v -65.798370 33.834240 46.771599
v -61.604233 30.929333 46.610546
v -61.485172 30.927837 46.579357
v -61.587696 31.036652 46.668510
v -61.468639 31.035154 46.637318
v -63.111279 32.402142 40.681633
v -62.943062 32.415062 41.040382
v -62.937893 32.489063 41.056717
v -63.111290 32.471558 40.678249
v -62.243969 32.007572 44.082264
v -62.328583 32.181740 43.352917
v -62.326077 32.278877 43.357708
v -62.215572 32.087185 44.188961
v -63.758991 31.945013 37.999989
v -63.809231 31.944088 37.811737
v -63.808632 31.990538 37.996460
v -63.835560 31.916803 37.895199
v -64.358101 31.001110 35.804768
v -64.363228 31.039888 35.835716
v -64.620056 30.413620 34.886543
v -64.241234 31.282515 36.343891
v -64.178360 31.361624 36.460754
v -64.081375 31.595322 36.951351
v -63.411148 32.291573 39.521854
v -63.353912 32.295715 39.506828
v -63.334400 32.364086 39.577099
v -63.427258 32.342827 39.456615
v -62.632996 32.356922 42.203194
v -62.629986 32.442245 42.210590
v -62.812851 32.475906 41.842136
v -62.813763 32.393646 41.842575
v -61.874332 31.493526 45.529324
v -61.768917 31.490740 45.492523
v -61.727543 31.544571 45.645294
v -61.837158 31.552294 45.670719
v -62.034668 31.877350 44.462688
v -62.025162 31.982082 44.493938
v -62.520397 32.253132 42.990353
v -62.515511 32.344799 43.004601
v -61.599461 30.023848 46.548649
v -61.533085 30.007000 46.632259
v -61.643044 30.118418 46.578781
v -61.575439 30.099270 46.662121
v -52.932270 29.561827 40.773205
v -56.927113 31.257921 43.452621
v -56.894661 31.261314 43.499165
v -57.461971 31.353405 43.886383
v -59.199780 31.086067 44.964054
v -59.625671 30.950949 45.352757
v -59.204075 31.173494 44.968201
v -55.076077 30.880749 42.259289
v -53.648632 30.098236 41.276199
v -53.416725 29.955587 41.116005
v -53.463905 29.971548 41.125793
v -54.541336 30.601690 41.852123
v -54.100227 30.391312 41.587502
v -54.540127 30.635883 41.851841
v -55.850594 31.071800 42.731659
v -55.538151 30.995760 42.574547
v -56.325039 31.230795 43.111851
v -56.133808 31.198366 42.922489
v -58.309769 31.247246 44.461742
v -58.875809 31.237022 44.846066
v -57.783443 31.358278 44.024288
v -58.065319 31.271347 44.210506
v -60.297218 30.721901 45.691742
v -60.690929 30.513977 46.066158
v -60.886555 30.516745 46.199810
v -60.267967 30.830465 45.672684
v -59.993629 30.913408 45.602509
v -61.567802 31.423527 46.522141
v -61.610264 31.446005 46.644463
v -61.600483 31.546225 46.488251
v -61.642941 31.568705 46.610577
v -54.906731 31.683527 48.818859
v -54.794376 31.656933 48.938519
v -55.621128 31.941681 48.603958
v -54.806541 31.725729 48.846352
v -58.822727 32.027035 47.373806
v -58.718967 32.058361 47.525162
v -57.938961 32.193283 47.765686
v -58.049076 32.174862 47.620487
v -52.169483 30.476254 50.053211
v -51.911415 30.365046 50.161594
v -52.101711 30.489559 50.026188
v -52.082222 30.423122 50.045387
v -50.846241 29.542576 50.675484
v -49.853210 28.539160 51.189930
v -50.366840 29.088203 50.902798
v -51.185287 29.805969 50.476387
v -51.067463 29.697563 50.571430
v -53.353626 31.119446 49.469383
v -53.375175 31.125002 49.521984
v -54.148090 31.512379 49.186054
v -53.377522 31.190144 49.447701
v -57.218689 32.072430 48.034367
v -56.805145 32.127323 48.165733
v -56.372749 32.072300 48.229706
v -56.393845 31.982189 48.238884
v -60.330456 31.787567 46.891956
v -60.377338 31.810978 46.998634
v -59.503178 32.085209 47.250061
v -60.537006 31.860834 46.804893
v -60.850555 31.808178 46.839054
v -59.199627 32.094513 47.228535
v -57.587624 32.066891 47.802799
v -56.025043 31.933071 48.467903
v -52.985176 30.992441 49.680141
v -61.757504 32.884674 46.528267
v -61.679764 32.884674 46.417988
v -61.730255 33.015415 46.547474
v -61.652515 33.015415 46.437195
v -72.587410 29.077284 38.811356
v -67.878677 32.694599 42.175335
v -67.547302 32.793556 42.317688
v -67.928230 32.732254 42.051563
v -67.608597 32.866707 42.367702
v -64.349007 33.318893 44.690311
v -64.279121 33.323727 44.597034
v -64.997322 33.418282 44.097340
v -65.058540 33.413086 44.183247
v -70.628616 31.071224 40.165939
v -69.974747 31.616549 40.621128
v -69.893471 31.693832 40.743160
v -70.460587 31.221235 40.338608
v -71.899551 29.892742 39.280666
v -71.900856 29.934044 39.311188
v -72.022766 29.759029 39.223747
v -70.858002 30.932507 40.054798
v -71.334328 30.507626 39.674137
v -69.251991 32.036068 41.198586
v -68.609192 32.356014 41.576176
v -68.965446 32.235741 41.327202
v -68.655136 32.421627 41.622936
v -66.524895 33.093536 43.030415
v -66.542946 33.180256 43.017693
v -66.465370 33.210377 43.182545
v -66.447914 33.121956 43.194817
v -62.888947 33.178997 45.723438
v -62.825077 33.174999 45.617901
v -63.567917 33.396900 45.096539
v -62.835247 33.290066 45.760323
v -62.383389 33.209106 45.924973
v -63.937508 33.416405 44.982540
v -65.415833 33.275295 43.929142
v -65.357162 33.275291 43.845913
v -69.615448 31.788233 40.872410
v -61.497223 33.465660 46.433182
v -61.427536 33.448254 46.534588
v -61.542076 33.583542 46.496078
v -61.464035 33.543205 46.585346
v -51.011391 35.411640 39.192345
v -57.018234 35.544720 43.659138
v -55.899338 35.742657 42.967754
v -56.512009 35.699974 43.418465
v -56.674118 35.690441 43.442848
v -58.905479 34.905277 44.886986
v -58.559662 35.001247 44.779655
v -53.461967 35.921219 41.126289
v -54.030457 35.892197 41.538895
v -51.692394 35.618996 39.768131
v -51.900906 35.672535 39.908352
v -51.791756 35.624130 39.820522
v -52.968040 35.823643 40.736519
v -52.476460 35.760063 40.395721
v -52.982235 35.863045 40.803478
v -55.310913 35.838379 42.473557
v -54.287529 35.893429 41.794693
v -54.795433 35.927349 42.185223
v -55.260941 35.902538 42.453266
v -57.171211 35.467396 43.855232
v -58.144417 35.256001 44.533058
v -58.364285 35.215767 44.568710
v -60.443344 34.135918 45.828705
v -59.983067 34.333485 45.675728
v -60.091599 34.393230 45.773350
v -59.860363 34.559361 45.505787
v -61.455456 26.925577 46.489780
v -61.434555 26.925043 46.613682
v -61.535004 27.022995 46.482075
v -61.512272 27.020153 46.606720
v -55.821701 29.452351 45.820656
v -55.159893 29.554005 45.834305
v -55.499359 29.574198 45.855694
v -55.014000 29.626905 45.748749
v -58.649490 28.604284 46.102467
v -58.978256 28.468620 46.245361
v -58.227913 28.897133 46.135975
v -58.370678 28.832539 46.056526
v -52.670040 29.579977 45.656609
v -51.736446 29.497549 45.600677
v -51.988953 29.532135 45.572098
v -50.431969 29.174942 45.549343
v -49.711544 28.951345 45.514118
v -49.897186 28.993437 45.511971
v -49.011963 28.668089 45.506447
v -51.467133 29.410618 45.555717
v -51.380329 29.388849 45.589043
v -50.864597 29.301630 45.532452
v -53.374329 29.616732 45.647591
v -53.846645 29.624445 45.732784
v -54.268188 29.678129 45.755573
v -53.425682 29.668915 45.644310
v -56.703854 29.275455 45.979977
v -56.718887 29.355776 45.970753
v -56.725716 29.350044 45.888996
v -57.430393 29.065720 45.968624
v -59.822273 28.023111 46.250591
v -60.340080 27.723503 46.432846
v -60.618328 27.676239 46.459221
v -59.737610 28.193457 46.222534
v -59.433079 28.360886 46.291348
v -57.880028 28.918127 46.108913
v -54.674488 29.584837 45.732857
v -53.018974 29.650013 45.672077
v -61.452675 26.910309 46.659714
v -61.557678 26.924028 46.722332
v -61.482933 27.005646 46.588089
v -61.587936 27.019365 46.650707
v -58.348206 28.858498 51.487087
v -58.410763 28.873358 51.523746
v -58.409950 28.940384 51.510582
v -58.135544 28.903303 51.838112
v -60.030746 28.331741 48.749825
v -60.123333 28.348383 48.798851
v -59.708099 28.679792 49.412800
v -59.625511 28.662781 49.366066
v -56.446995 27.801949 55.017643
v -56.542908 27.957787 54.825150
v -56.404438 27.836285 55.004559
v -56.812820 28.200441 54.231087
v -55.905731 27.035585 56.056751
v -55.745358 26.754969 56.406982
v -55.889870 27.069267 56.047272
v -55.453205 26.078083 57.024876
v -55.588531 26.427557 56.703384
v -56.292107 27.641594 55.238682
v -56.110550 27.390966 55.664051
v -57.533844 28.674154 52.907600
v -57.585323 28.674126 52.937237
v -57.179554 28.513086 53.647102
v -57.527470 28.726965 52.906590
v -59.274796 28.751108 50.117043
v -59.055218 28.887609 50.451756
v -58.804237 28.917696 50.700542
v -59.198475 28.747671 50.070339
v -60.854393 27.645424 47.513329
v -60.946381 27.654514 47.576859
v -60.543488 28.138380 48.143051
v -60.878899 27.732147 47.452957
v -61.193272 27.505222 47.201683
v -60.267204 28.265669 48.363796
v -57.779449 28.807516 52.586121
v -57.009178 28.326731 53.971210
v -56.952362 28.368269 53.957870
v -55.248951 23.841507 51.590324
v -58.882759 24.973513 48.801273
v -59.021507 24.967587 48.796791
v -59.546448 24.993671 48.407009
v -59.401615 25.006912 48.404228
v -60.927017 24.440475 47.236389
v -60.997978 24.435488 47.329525
v -61.807125 24.133579 46.729198
v -61.730476 24.141726 46.620899
v -57.466488 24.853638 49.955112
v -57.460880 24.907936 49.959469
v -56.984531 24.730234 50.250549
v -55.736202 24.195171 51.206417
v -56.040237 24.344933 50.973476
v -55.548416 24.046432 51.377640
v -56.387337 24.502123 50.756039
v -56.407314 24.554075 50.741238
v -56.695641 24.685610 50.471855
v -57.864185 24.931641 49.578671
v -58.197117 24.958670 49.410091
v -58.457794 25.053352 49.216160
v -58.415291 25.049105 49.158314
v -60.040154 24.792152 48.041168
v -60.561108 24.737362 47.653896
v -60.407383 24.768124 47.634094
v -59.891457 24.815544 48.028530
v -61.752735 24.002464 46.770519
v -61.672630 24.002464 46.664265
v -57.640213 24.951675 49.749088
v -64.983643 26.820028 48.104870
v -64.439598 26.877314 47.787453
v -64.376488 26.974070 47.758129
v -65.006989 26.892925 48.112331
v -62.648537 26.787596 47.163788
v -62.589970 26.764997 47.013676
v -61.671963 26.678041 46.630215
v -62.638775 26.903522 47.156307
v -66.691902 26.340120 48.747837
v -66.664871 26.412781 48.734241
v -67.168022 26.163124 49.008080
v -67.125572 26.127762 48.991852
v -68.355156 25.406353 49.476501
v -68.191658 25.526684 49.439014
v -68.986198 24.821543 49.769524
v -67.942978 25.656357 49.334873
v -67.885422 25.709925 49.269772
v -67.498566 25.986624 49.098434
v -66.190414 26.522671 48.602123
v -65.556519 26.710129 48.261688
v -65.560341 26.783579 48.261108
v -66.177383 26.597231 48.594757
v -63.542946 26.878687 47.410294
v -63.240906 26.967257 47.280857
v -63.856953 26.997219 47.645721
v -63.798443 26.895847 47.625114
v -61.711376 26.527554 46.650723
v -61.626877 26.658688 46.755959
v -61.660725 26.531233 46.773712
v -66.929993 24.122372 41.837902
v -64.291992 25.990803 44.752190
v -64.247299 26.010332 44.697712
v -63.866837 26.162922 45.056213
v -64.286331 26.064157 44.788040
v -62.467037 26.036785 46.228802
v -62.406521 26.074606 46.149261
v -61.707813 25.989649 46.815128
v -65.597748 25.510580 43.439266
v -65.869164 25.260460 43.183414
v -66.659157 24.496450 42.193935
v -66.649956 24.540268 42.251163
v -66.522797 24.657825 42.403404
v -65.988197 25.166368 42.993519
v -66.251274 24.970835 42.708080
v -66.028137 25.192137 43.027218
v -65.115395 25.705606 43.974644
v -65.083313 25.727392 43.930084
v -64.700424 25.947615 44.320099
v -65.156593 25.755527 43.963272
v -63.394093 26.126827 45.406277
v -62.721905 26.214596 45.963982
v -63.201702 26.196928 45.711189
v -63.366531 26.100653 45.538658
v -61.637016 25.896273 46.668789
v -61.636410 26.007807 46.716526
v -61.708149 25.857927 46.759285
v -59.382111 26.627022 40.620937
v -60.809082 27.654366 43.741333
v -60.856754 27.695757 44.050339
v -60.923298 27.773111 44.172642
v -61.093124 27.762205 44.466133
v -61.533085 27.585369 45.946709
v -61.448685 27.612026 45.976223
v -61.687325 27.555128 46.778286
v -61.492157 27.709089 45.697716
v -60.113426 27.354374 42.122440
v -60.275291 27.433855 42.389526
v -60.239212 27.379967 42.339458
v -59.694538 26.979818 41.229649
v -59.745090 27.002586 41.275990
v -59.693787 26.934313 41.195812
v -59.883904 27.141270 41.641323
v -60.431179 27.535557 42.910252
v -60.490952 27.603235 43.020786
v -60.717529 27.669903 43.453983
v -61.174416 27.708521 45.022869
v -61.335751 27.760109 45.466198
v -61.218552 27.687056 44.912777
v -61.644882 27.449459 46.762825
v -61.779297 27.513416 46.745728
v -61.740311 27.415972 46.731247
v -61.612530 15.437528 46.524399
v -61.525948 15.435550 46.661804
v -61.678886 15.579141 46.568249
v -61.592304 15.577163 46.705654
v -48.060425 14.752289 38.070999
v -55.188004 17.399250 42.542812
v -54.702686 17.379894 42.348480
v -55.153374 17.502020 42.637501
v -54.291798 17.440868 41.984791
v -57.869175 17.091736 44.210415
v -57.801716 17.096636 44.317978
v -58.733196 16.963768 44.911499
v -57.797127 17.240189 44.167629
v -51.781548 16.828123 40.483772
v -50.992722 16.587635 39.977787
v -51.029144 16.588299 39.935436
v -51.668430 16.778559 40.336445
v -49.454243 15.737844 38.984993
v -48.819515 15.356615 38.574387
v -48.972176 15.439752 38.637672
v -48.564247 15.132652 38.393944
v -50.412617 16.251078 39.547028
v -50.479233 16.295027 39.645771
v -49.859573 16.019072 39.246960
v -49.971550 16.070015 39.269535
v -53.411407 17.241529 41.432507
v -53.369884 17.234158 41.498451
v -53.373455 17.313835 41.501785
v -52.516537 17.116457 40.871387
v -56.036259 17.368486 43.198471
v -57.007484 17.374828 43.816689
v -56.014053 17.485899 43.058605
v -56.536224 17.322720 43.381977
v -60.349442 16.180180 45.748371
v -59.588253 16.495863 45.443783
v -60.443375 16.257786 45.983265
v -60.526176 16.251209 45.859760
v -60.736088 15.920011 46.167580
v -59.193813 16.828478 45.030750
v -59.158272 16.690271 45.006363
v -52.058491 16.979805 40.661865
v -63.585205 24.738247 41.911438
v -63.348175 24.649698 42.279579
v -63.539154 24.845531 41.789871
v -63.620338 24.839949 41.819096
v -61.798630 23.016478 46.628525
v -61.665749 23.020689 46.579693
v -61.643028 23.145405 46.640152
v -61.774727 23.142164 46.689114
v -64.782547 24.994720 38.595016
v -65.102684 24.992691 37.775593
v -64.779327 24.990192 38.774933
v -65.931290 24.634470 35.651348
v -65.945236 24.634899 35.704140
v -65.816071 24.677761 36.044567
v -66.472382 24.211864 34.286270
v -65.331467 24.883211 37.319286
v -65.629684 24.758574 36.425034
v -65.215897 24.974867 37.624264
v -64.195984 24.943083 40.305103
v -63.934998 24.901075 40.774044
v -64.328438 25.048786 39.762871
v -64.392708 25.054575 39.789516
v -62.805771 24.287207 43.666916
v -62.764080 24.362160 43.773975
v -62.462936 23.992878 44.869499
v -62.840107 24.231878 43.876583
v -62.330906 23.712141 45.217777
v -62.217556 23.712141 45.174141
v -62.201279 23.824827 45.216431
v -63.049976 24.500568 43.323006
v -70.405861 18.582724 36.542545
v -65.573341 21.504683 42.266861
v -65.178909 21.511473 42.591537
v -65.226395 21.607222 42.536732
v -65.970734 21.566267 41.797577
v -63.283253 21.043606 44.973560
v -62.641090 20.764347 45.532887
v -63.179470 21.162445 44.910980
v -62.554131 20.794895 45.837589
v -68.247536 20.627335 39.029118
v -68.284286 20.658836 38.986370
v -68.329140 20.659094 39.013927
v -67.855789 20.882368 39.573635
v -69.685860 19.456442 37.362675
v -69.924133 19.215223 37.116306
v -69.438835 19.706221 37.700974
v -70.032768 19.057655 36.996559
v -68.733459 20.313854 38.534973
v -69.268196 19.854696 37.846630
v -69.055161 20.075867 38.093647
v -69.149513 20.018759 38.042953
v -66.624329 21.364134 41.025818
v -67.099106 21.200890 40.362560
v -66.569397 21.437809 40.978153
v -67.228989 21.235542 40.312660
v -63.902378 21.309191 44.071842
v -64.164780 21.476135 43.767487
v -63.858040 21.383867 44.294708
v -64.523422 21.437096 43.508801
v -61.762585 20.066124 46.764229
v -61.661545 20.066124 46.677925
v -61.620304 20.182850 46.726208
v -61.721344 20.182850 46.812511
v -62.221500 20.638020 46.019669
v -62.360535 20.513008 46.066830
v -64.909081 21.579023 43.052876
v -66.174332 21.436567 41.436653
v -67.495026 21.093784 39.901993
v -61.816757 23.071644 46.607975
v -61.665756 23.071644 46.675049
v -61.848282 23.217484 46.678944
v -61.697674 23.227896 46.751740
v -59.755524 24.953413 42.298107
v -59.767395 25.102308 42.075626
v -60.559361 24.322020 44.146275
v -60.739967 24.308100 44.559166
v -58.342838 25.552061 39.061493
v -58.604633 25.499142 39.500267
v -57.659721 25.623806 37.494072
v -57.238186 25.608896 36.501652
v -57.943844 25.615479 38.041142
v -57.883350 25.658152 38.006523
v -57.978287 25.655237 38.117458
v -59.314320 25.244726 41.074974
v -59.064350 25.319977 40.711430
v -58.824142 25.499552 40.163376
v -58.886139 25.495968 40.124706
v -59.814919 25.021210 42.433632
v -60.505001 24.607431 43.703854
v -60.183689 24.728418 42.992847
v -61.181835 23.838932 45.200798
v -61.231987 23.625208 45.677944
v -61.291943 23.873175 45.447998
v -63.496819 26.168615 43.836380
v -63.949421 26.670807 43.085190
v -61.781738 24.539352 46.679424
v -65.569016 27.913200 40.407921
v -66.665176 28.650063 38.573982
v -65.207069 27.590322 41.007988
v -66.240471 28.391356 39.235855
v -64.067657 26.730070 42.720165
v -64.610359 27.251057 41.847675
v -62.539238 25.391111 45.166355
v -62.788322 25.760782 44.768902
v -61.742020 24.686268 46.744125
v -61.648739 24.528473 46.591148
v -61.610222 24.670641 46.653885
v -58.326496 10.926744 45.709171
v -57.577232 10.852185 45.599174
v -57.548252 10.939885 45.593456
v -57.955750 10.992113 45.608452
v -60.651825 10.792561 46.351284
v -60.484215 10.811954 46.450554
v -60.563614 10.938151 46.477386
v -60.601192 10.947646 46.341797
v -54.939400 10.037222 44.804699
v -54.887230 10.081154 44.790844
v -55.408092 10.316846 44.878353
v -54.709408 9.920999 44.673981
v -53.100685 8.913026 44.222076
v -53.653660 9.285940 44.363510
v -52.593632 8.448752 44.061985
v -52.591705 8.455287 44.048412
v -53.887386 9.453579 44.478214
v -53.983334 9.561773 44.509537
v -54.006893 9.581944 44.469616
v -56.921364 10.725016 45.313061
v -56.136757 10.513228 45.168655
v -56.152424 10.602615 45.175945
v -56.787853 10.781769 45.277306
v -59.052570 10.942754 46.035213
v -59.046539 11.067850 46.037113
v -59.079109 11.065912 45.921661
v -59.454281 10.928879 46.022099
v -61.712410 10.502947 46.802765
v -61.755280 10.656297 46.819416
v -61.799206 10.660724 46.665524
v -61.756340 10.507374 46.648876
v -55.793888 10.386127 44.988197
v -62.942833 11.721462 49.678040
v -63.085640 11.729527 49.796062
v -62.821270 11.833731 49.295296
v -63.055965 11.767943 49.955101
v -62.137482 11.638453 47.625252
v -61.721485 11.566434 46.646503
v -61.614548 11.520230 46.697453
v -64.167381 11.318090 51.849838
v -63.901520 11.507810 51.414452
v -63.867588 11.493815 51.471752
v -64.236298 11.241089 52.056728
v -64.759956 10.917462 52.916187
v -64.833214 10.834656 53.006847
v -65.313210 10.445136 53.697018
v -64.671257 10.988505 52.698467
v -64.584023 11.084719 52.583549
v -63.634056 11.537739 51.006779
v -63.636532 11.577140 50.887791
v -63.341888 11.735363 50.366417
v -62.596584 11.745747 48.725990
v -62.343582 11.809623 48.218712
v -62.356571 11.804536 48.498074
v -62.133144 11.647651 47.899239
v -61.776752 11.433214 46.659748
v -61.666931 11.392923 46.710407
v -68.770691 7.784013 40.023407
v -64.212021 9.076970 44.418255
v -64.139374 9.072007 44.338802
v -64.113274 9.181294 44.363567
v -64.186844 9.176012 44.442074
v -62.331360 8.359703 46.227200
v -62.428059 8.477245 45.937222
v -62.190189 8.494576 46.159756
v -62.493969 8.612518 46.070171
v -66.588585 9.007527 42.046070
v -66.820114 8.935881 41.914589
v -66.340195 9.011045 42.376053
v -68.225319 8.169800 40.518742
v -68.272461 8.178631 40.495625
v -68.033257 8.310175 40.747456
v -67.184845 8.735968 41.563072
v -67.100700 8.768952 41.568764
v -67.560173 8.597902 41.139751
v -67.532333 8.628233 41.228912
v -65.324120 9.150153 43.349472
v -65.763878 9.109835 42.819294
v -65.305542 9.236407 43.248753
v -65.891647 9.174962 42.805668
v -63.299458 8.849451 45.122864
v -63.001194 8.878352 45.401894
v -63.364017 8.970959 45.233978
v -63.115211 8.752301 45.473457
v -61.646767 7.977676 46.665138
v -61.592800 8.119457 46.716290
v -61.702930 8.119457 46.832489
v -61.756901 7.977675 46.781338
v -64.976013 9.148395 43.556862
v -65.038643 9.240017 43.623741
v -61.382195 16.873089 46.638378
v -61.490047 16.873089 46.759712
v -61.412174 17.030392 46.611729
v -61.520027 17.030392 46.733063
v -49.477894 12.292133 57.328701
v -54.585403 16.612602 52.730484
v -55.029503 16.763456 52.455204
v -55.484352 17.033592 52.055355
v -54.552341 16.689730 52.759815
v -58.170044 17.392759 49.513943
v -58.555748 17.399673 49.352032
v -57.837025 17.508865 49.983147
v -58.620819 17.533310 49.107487
v -52.268047 15.218789 54.889656
v -51.800480 14.925439 55.227268
v -52.340443 15.294389 54.742134
v -49.969761 12.944617 56.908546
v -50.272514 13.353185 56.622433
v -50.291908 13.356494 56.583710
v -50.886066 14.033962 56.049915
v -51.001198 14.088143 56.002552
v -51.568024 14.694333 55.504757
v -53.441326 16.025034 53.756397
v -53.860291 16.237032 53.485310
v -53.916824 16.354584 53.435577
v -53.102329 15.904814 54.059471
v -56.227108 17.139000 51.401844
v -56.616287 17.332815 51.059002
v -56.064308 17.228741 51.402184
v -57.027527 17.309898 50.538456
v -59.466393 17.329550 48.355228
v -60.163300 17.238142 47.927563
v -60.371399 17.343229 47.745441
v -60.267235 17.350302 47.638771
v -60.590260 17.109606 47.346268
v -59.081024 17.512852 48.889290
v -57.441303 17.343075 50.331997
v -57.352291 17.465172 50.247192
v -55.755444 17.027397 51.679604
v -52.729156 15.613084 54.483372
v -59.344715 10.078985 48.918537
v -59.177425 10.065524 49.231071
v -59.393299 10.209203 48.955093
v -59.082981 10.136460 49.153912
v -61.106720 9.996334 47.192379
v -60.995773 10.082794 47.455761
v -61.791988 10.027714 46.707699
v -61.092693 10.121058 47.147842
v -57.561924 9.380742 51.123322
v -57.585751 9.397800 50.998966
v -56.422161 8.256177 52.749924
v -56.532436 8.431763 52.512501
v -56.124237 7.745934 53.263424
v -56.795647 8.715037 52.114872
v -56.777485 8.667779 52.214588
v -57.073814 9.046738 51.751369
v -57.042870 9.019606 51.722836
v -58.422256 9.844245 49.953197
v -58.476009 9.864537 50.007057
v -58.454006 9.940376 49.993343
v -57.822243 9.640745 50.647614
v -59.957397 10.159328 48.430508
v -60.440014 10.261594 47.913456
v -60.270008 10.228499 47.920700
v -60.294464 10.116466 47.948986
v -61.798870 9.878593 46.771111
v -61.695858 9.966654 46.615383
v -61.701591 9.832456 46.672539
v -57.805573 9.605420 50.781731
v -61.483242 14.906835 46.547405
v -61.629799 14.905032 46.568596
v -61.495174 15.035956 46.475872
v -61.644859 15.049664 46.489117
v -59.464787 14.282052 60.970291
v -60.429153 16.664463 54.223679
v -60.635838 16.700205 53.386780
v -60.639900 16.783463 53.367592
v -60.403549 16.728453 54.412361
v -60.931923 16.434639 50.605930
v -61.186749 16.202101 49.673134
v -61.129772 16.423231 50.059044
v -60.945526 16.531975 50.517372
v -60.084354 16.151608 57.047962
v -60.093262 16.230461 56.994678
v -59.909813 15.937794 57.859276
v -59.696907 15.156529 59.552658
v -59.660412 15.170210 59.581238
v -59.583973 14.832421 60.102547
v -59.544827 14.592939 60.512897
v -59.835423 15.698073 58.374649
v -59.880020 15.688701 58.371586
v -59.878132 15.729303 58.387970
v -60.150227 16.380051 56.184738
v -60.339390 16.534906 55.359570
v -60.365788 16.633085 55.190239
v -60.134106 16.415174 56.301941
v -60.931561 16.565638 51.399433
v -60.909840 16.694197 51.555073
v -60.683220 16.773441 52.411163
v -60.681843 16.668659 52.411324
v -61.304672 15.583216 47.885441
v -61.439796 15.583624 47.894947
v -61.329735 16.029015 48.680836
v -61.332684 15.649707 47.701126
v -61.135555 16.175083 49.115948
v -61.128418 16.049068 49.154594
v -47.337936 15.973453 48.028706
v -55.008511 17.972893 47.283863
v -55.862461 17.967497 47.294956
v -54.903099 18.051825 47.378281
v -55.433083 18.056767 47.243111
v -60.132229 17.277399 46.788940
v -59.967915 17.328781 46.939568
v -59.018143 17.695326 47.020508
v -59.189686 17.655602 46.881664
v -51.867756 17.611216 47.644833
v -50.997818 17.462233 47.720402
v -51.836258 17.673647 47.586021
v -51.852261 17.614147 47.584576
v -48.679092 16.613588 47.921478
v -48.371475 16.506912 47.947926
v -48.705563 16.655212 47.887733
v -49.571301 16.975346 47.804543
v -50.306587 17.207973 47.779930
v -49.661224 17.033314 47.835991
v -50.233044 17.232462 47.740913
v -53.334442 17.850052 47.444031
v -53.762749 17.902382 47.477859
v -52.886822 17.865965 47.554928
v -53.859360 17.984865 47.393887
v -57.969147 17.769321 47.112148
v -56.930248 18.004128 47.202633
v -57.106865 17.987307 47.081341
v -57.010536 17.888569 47.090618
v -61.586391 16.773098 46.655830
v -61.598812 16.773098 46.791512
v -61.648232 16.899988 46.786987
v -61.641846 16.917007 46.647568
v -60.651752 17.258011 46.880005
v -58.565285 17.655050 46.941387
v -63.880871 26.554674 50.123619
v -63.637337 26.425865 49.566051
v -62.264324 25.668795 47.695610
v -62.555355 25.949659 47.887611
v -62.204903 25.774775 47.605743
v -65.268486 26.807528 52.089752
v -65.197174 26.875137 51.979568
v -65.212288 26.877111 52.130920
v -66.566948 26.700630 54.103127
v -66.537224 26.664640 54.122631
v -67.143829 26.474726 55.016285
v -65.831352 26.789248 53.060471
v -66.177658 26.755636 53.500317
v -65.876961 26.841637 53.034340
v -66.164261 26.796328 53.561527
v -64.898323 26.792992 51.657234
v -64.464424 26.701242 50.847904
v -64.204544 26.731211 50.446495
v -64.337585 26.777376 50.810814
v -62.623894 25.856236 47.993408
v -63.219479 26.400440 49.130203
v -63.084782 26.199074 48.928970
v -61.771908 25.122643 46.669224
v -61.731331 25.264584 46.607277
v -61.597408 25.264584 46.695004
v -61.637981 25.122643 46.756950
v -63.374245 26.414639 49.157379
v -61.672230 23.909033 46.648148
v -61.753185 23.909033 46.510666
v -61.608536 24.050423 46.610641
v -61.689495 24.050423 46.473156
v -65.927025 25.567839 49.116390
v -65.969666 25.577389 49.030708
v -66.536041 25.757633 49.370358
v -65.832840 25.646402 49.061787
v -64.126175 25.095896 48.074451
v -64.053535 25.037697 47.882435
v -63.509922 24.963930 47.556953
v -68.295387 25.835022 50.419540
v -68.513817 25.828367 50.618454
v -69.978645 25.670822 51.466900
v -70.995903 25.440256 52.045975
v -69.547371 25.696819 51.216808
v -69.777428 25.672209 51.306477
v -69.602692 25.730669 51.202091
v -67.652512 25.774435 50.117996
v -67.971458 25.778654 50.226334
v -67.089836 25.805796 49.790405
v -64.774307 25.393564 48.315086
v -64.433250 25.314064 48.251034
v -62.527515 24.395496 47.142883
v -62.682438 24.437601 47.067402
v -62.370502 24.435667 46.881172
v -62.820694 24.700258 47.314053
v -61.874111 25.125013 49.830307
v -61.971226 25.622635 51.054897
v -61.626133 23.961815 46.622711
v -61.785011 23.948643 46.616589
v -61.785564 24.103100 46.557014
v -62.281322 26.602922 54.634533
v -62.198357 26.483662 54.138325
v -62.377567 27.001879 56.452892
v -62.264896 26.488014 54.385479
v -62.131081 26.190851 53.251362
v -62.111748 25.779711 51.875874
v -62.035442 25.492674 50.597721
v -61.947662 24.914846 49.213337
v -61.780167 24.819662 48.553959
v -61.626320 24.099741 46.569481
v -57.112072 26.659409 46.606018
v -57.669121 26.554663 46.707775
v -57.595245 26.664738 46.706146
v -58.324787 26.522717 46.615917
v -60.588711 25.664186 46.633518
v -60.585209 25.668808 46.774384
v -61.796326 25.282545 46.802265
v -54.688423 26.869968 46.643932
v -55.153080 26.883320 46.586517
v -55.337624 26.804291 46.588215
v -52.798355 26.655792 46.601601
v -53.103104 26.740183 46.608524
v -53.097775 26.743288 46.569611
v -51.790073 26.473150 46.568119
v -53.656513 26.763805 46.574554
v -54.101078 26.786039 46.630333
v -55.741734 26.800777 46.666889
v -56.105042 26.844740 46.674381
v -56.846291 26.773703 46.603336
v -59.104290 26.199072 46.741138
v -59.412109 26.243746 46.747917
v -60.175018 25.987221 46.630497
v -59.106697 26.202593 46.621307
v -61.713367 25.122643 46.801315
v -61.789864 25.264584 46.642368
v -61.715824 25.122643 46.641235
v -65.499733 26.237541 45.191162
v -65.463547 26.241056 45.101940
v -65.469353 26.337549 45.099567
v -64.836838 26.172318 45.472942
v -62.767002 25.271751 46.353355
v -62.714268 25.276054 46.222672
v -61.594200 24.883179 46.679070
v -68.963226 26.751543 43.669998
v -71.041481 26.822767 42.821911
v -71.048096 26.826086 42.837597
v -69.337425 26.724661 43.564713
v -68.672287 26.677900 43.789047
v -68.595467 26.725271 43.879246
v -66.996155 26.517111 44.558125
v -66.745262 26.480482 44.577423
v -66.784126 26.567537 44.561333
v -66.454063 26.520882 44.786682
v -64.080078 25.829992 45.665283
v -63.795692 25.867754 45.781502
v -63.146519 25.599035 46.191696
v -64.125755 25.833151 45.776108
v -61.669693 24.725227 46.647266
v -61.662956 24.867212 46.823498
v -61.731239 24.725225 46.795063
v -61.675900 22.370308 46.680328
v -61.676552 22.370308 46.519764
v -61.595188 22.522154 46.681923
v -61.591705 22.530159 46.519402
v -66.515236 24.244444 46.668156
v -67.577713 24.482132 46.583656
v -66.416504 24.332897 46.668278
v -64.588921 23.673731 46.675388
v -64.298912 23.564638 46.545010
v -64.075226 23.624863 46.542370
v -63.835903 23.537310 46.677135
v -69.494263 24.757011 46.602093
v -70.515526 24.880941 46.613811
v -69.149559 24.792309 46.662544
v -69.748337 24.780735 46.661037
v -71.259865 24.885990 46.656460
v -71.410194 24.850485 46.656055
v -72.457970 24.834354 46.642174
v -71.026245 24.845322 46.619251
v -67.937134 24.545763 46.664043
v -68.175804 24.664465 46.589527
v -65.931091 24.089540 46.564243
v -66.173332 24.264860 46.567406
v -62.782063 22.930212 46.676456
v -62.695858 22.889585 46.531818
v -57.390060 25.050047 45.105358
v -57.942787 24.922554 45.386013
v -56.772194 25.257710 44.995178
v -57.406731 25.139212 45.110832
v -61.782547 23.416826 46.522251
v -61.740604 23.421038 46.656857
v -61.802120 23.545753 46.676525
v -61.844604 23.542521 46.542004
v -52.678871 25.334312 43.632381
v -53.861210 25.452923 44.027115
v -52.967472 25.402866 43.671814
v -53.885551 25.390007 43.968712
v -50.928104 25.061226 43.028736
v -50.969505 25.107897 43.062569
v -50.382458 24.966316 42.835812
v -49.219440 24.621880 42.472385
v -49.225060 24.606176 42.469139
v -51.668995 25.224512 43.252312
v -52.345821 25.338583 43.521164
v -55.763103 25.313696 44.578426
v -54.825031 25.378481 44.347206
v -55.329292 25.416182 44.514576
v -55.968304 25.369658 44.645111
v -59.833275 24.313122 46.017265
v -59.783955 24.458715 46.000629
v -58.916965 24.762508 45.598255
v -58.894485 24.657539 45.590889
v -60.347111 24.112492 46.060677
v -60.390163 24.225180 46.074818
v -58.386829 24.900917 45.534431
v -56.347565 25.230278 44.853920
v -54.317150 25.453850 44.108829
v -61.731255 22.366880 46.504166
v -61.796566 22.366880 46.655937
v -61.813457 22.535597 46.468754
v -61.876778 22.531370 46.621441
v -56.506142 24.463520 48.794384
v -57.161724 24.318214 48.614368
v -56.261478 24.608456 48.901775
v -59.328030 23.565462 47.554070
v -59.255112 23.617247 47.732834
v -59.830833 23.526276 47.490147
v -59.383953 23.689068 47.529224
v -53.165649 24.959394 50.303280
v -54.389126 24.882223 49.719952
v -54.619789 24.798798 49.619099
v -52.636913 24.956427 50.488766
v -52.725697 24.919510 50.449848
v -51.573071 24.901169 50.966270
v -53.421391 24.901220 50.195148
v -55.243237 24.710630 49.425102
v -55.781376 24.710548 49.196617
v -58.075687 24.162392 48.229168
v -57.791534 24.227676 48.229488
v -57.832569 24.101416 48.211292
v -60.770916 22.901253 46.926273
v -60.747692 22.942993 47.097904
v -65.757195 26.587214 47.928001
v -64.767654 26.225584 47.518883
v -65.336838 26.501675 47.801849
v -61.734200 24.532719 46.559265
v -61.661057 24.680471 46.537136
v -68.102303 27.679090 48.568943
v -68.481529 27.772047 48.746651
v -70.752571 28.650280 49.413521
v -68.593056 27.876846 48.780209
v -67.289680 27.268181 48.312843
v -64.201378 25.827232 47.339085
v -61.611534 24.686268 46.688179
v -63.298893 25.390949 47.193535
v -61.689323 24.528473 46.712692
v -61.693653 24.658823 46.505802
v -61.812576 24.658823 46.612164
v -61.745682 24.812643 46.444748
v -61.861851 24.800215 46.557068
v -58.043510 26.402376 50.641827
v -57.992546 26.496498 50.699532
v -59.968678 25.761482 48.455887
v -60.274261 25.655111 48.314648
v -60.403576 25.734890 48.171822
v -60.254723 25.768572 48.132557
v -56.452587 26.579969 52.528500
v -56.720493 26.599493 52.138081
v -55.361202 26.400749 53.731617
v -55.338615 26.420618 53.705101
v -54.571415 26.189850 54.589172
v -55.827179 26.471237 53.151276
v -56.053665 26.490564 52.967571
v -57.091389 26.515905 51.719280
v -57.601238 26.489906 51.258293
v -57.647888 26.550184 51.207096
v -59.155163 26.134834 49.546310
v -58.998165 26.300648 49.718773
v -58.910866 26.292332 49.657009
v -58.942299 26.172041 49.621178
v -60.977608 25.187410 47.318722
v -61.148212 25.145260 47.343456
v -61.298855 25.203598 47.177025
v -72.667580 22.746368 57.734409
v -65.117523 24.059793 50.112316
v -65.197533 24.067501 50.029835
v -65.166412 24.167896 49.997860
v -66.005035 24.356842 51.009182
v -61.661179 22.345089 46.622803
v -61.779118 22.350836 46.503109
v -61.726368 22.494844 46.450180
v -61.604683 22.499443 46.566219
v -69.412399 24.155447 54.365833
v -68.796722 24.348677 53.731487
v -69.363068 24.222635 54.409451
v -68.735474 24.275272 53.775120
v -71.509010 23.463844 56.525158
v -71.686714 23.345501 56.758217
v -71.146835 23.567814 56.212864
v -72.119904 23.074053 57.175552
v -70.026711 23.980507 55.079678
v -70.835976 23.719013 55.832317
v -70.075012 24.035349 55.048832
v -70.546516 23.859663 55.605232
v -66.917427 24.364103 51.932655
v -66.984154 24.356003 51.869183
v -66.968903 24.455469 51.853592
v -67.751175 24.452755 52.777168
v -63.453674 23.388241 48.232929
v -63.421875 23.528479 48.200455
v -63.324383 23.520796 48.299854
v -63.352505 23.395918 48.328556
v -64.645943 24.035913 49.635998
v -68.329109 24.323389 53.250938
v -60.545925 24.960909 50.773857
v -60.342369 25.144701 51.906113
v -60.285561 25.263081 52.112034
v -60.557068 25.060791 50.733177
v -61.671307 23.411596 46.539051
v -61.820694 23.416843 46.576839
v -61.838596 23.552567 46.508816
v -61.690464 23.548368 46.470749
v -59.118076 25.045107 56.344707
v -59.135502 25.117596 56.282242
v -59.093864 25.065022 56.207302
v -58.233887 24.155914 59.514030
v -58.620152 24.670631 58.144981
v -58.472637 24.535736 58.536552
v -58.000294 23.779251 60.343578
v -58.589413 24.643276 58.099945
v -58.728706 24.733477 57.751072
v -58.961086 25.039671 56.706230
v -59.616669 25.254684 54.252987
v -59.689251 25.262037 54.274509
v -59.681606 25.329407 54.302330
v -59.948444 25.331039 53.013988
v -60.931519 24.710299 49.779388
v -61.215305 24.521902 48.752502
v -61.144787 24.454615 48.527107
v -61.134251 24.332970 48.565937
v -61.377857 24.154957 48.165459
v -60.783981 24.955851 50.311913
v -60.070110 25.205399 52.557377
v -59.458866 25.290346 54.840549
v -57.805122 23.500378 47.138927
v -57.003292 23.745403 47.343082
v -58.043755 23.524357 47.200863
v -57.423798 23.705898 47.195251
v -61.650658 21.500372 46.571644
v -61.673214 21.504797 46.708424
v -61.750690 21.613281 46.698059
v -61.733715 21.616850 46.560398
v -53.867420 24.204033 47.775150
v -52.930233 24.257568 47.903397
v -53.857544 24.266026 47.713913
v -52.645191 24.202124 47.891506
v -50.924015 23.991272 48.178249
v -50.213612 23.873844 48.275265
v -50.739624 23.974503 48.169907
v -49.100544 23.539097 48.419506
v -49.708115 23.722189 48.321869
v -52.313637 24.169065 47.987495
v -51.586563 24.132277 48.087090
v -52.244469 24.211924 47.950298
v -54.835472 24.139400 47.572346
v -55.355213 24.071413 47.569427
v -55.988876 24.054340 47.482296
v -55.793724 24.086111 47.433136
v -58.901012 23.084106 47.084503
v -59.986618 22.696276 46.935909
v -58.921253 23.183723 46.975040
v -59.838615 22.639332 46.840492
v -60.310799 22.376141 46.891903
v -60.351742 22.480350 46.765530
v -56.380554 23.884569 47.347313
v -54.311253 24.243200 47.713928
v -66.203583 23.921370 44.238331
v -66.161407 23.914022 44.158291
v -65.255783 23.719215 44.642040
v -66.111832 23.984398 44.288376
v -61.708508 21.495024 46.699932
v -61.634922 21.499752 46.570824
v -61.559406 21.619389 46.612228
v -61.631844 21.615576 46.740715
v -69.063629 24.388508 42.604057
v -69.894264 24.443010 42.160301
v -69.914162 24.440065 42.214848
v -69.086716 24.381790 42.666874
v -71.910751 24.143375 41.103439
v -72.528175 24.029247 40.752937
v -73.589020 23.671822 40.195461
v -72.974213 23.882729 40.542271
v -70.556015 24.344458 41.863758
v -70.643845 24.334154 41.760204
v -71.223351 24.305170 41.450466
v -71.507385 24.269573 41.344582
v -67.678246 24.240191 43.433662
v -67.641861 24.240191 43.366329
v -67.127281 24.235851 43.641701
v -68.176102 24.395203 43.162506
v -64.352058 23.228130 45.123734
v -63.398735 22.863087 45.633125
v -64.291786 23.292400 45.283855
v -64.243217 23.149633 45.310604
v -62.991882 22.430103 45.994556
v -62.931290 22.430105 45.882401
v -62.937160 22.541372 46.024120
v -68.633553 24.423615 42.834511
v -69.804764 20.261372 49.812397
v -64.571793 20.992237 47.819313
v -63.869560 20.832624 47.438255
v -63.888397 20.943203 47.446163
v -64.573921 21.087292 47.820160
v -61.660343 19.946144 46.708363
v -61.719898 19.929493 46.579388
v -61.657818 20.054815 46.555149
v -61.606190 20.054815 46.687370
v -66.622200 21.167459 48.532623
v -66.720261 21.157007 48.644203
v -66.652779 21.096729 48.618423
v -69.058052 20.573814 49.504036
v -68.939934 20.657843 49.456699
v -69.049370 20.584578 49.534210
v -67.766251 20.939083 49.043488
v -67.714241 20.963663 48.968349
v -67.754883 20.998152 48.984631
v -68.268501 20.877766 49.235790
v -65.639679 21.103878 48.228550
v -66.073441 21.118916 48.315285
v -65.239441 21.165167 47.984329
v -65.637001 21.182915 48.227501
v -62.594540 20.380875 46.929386
v -62.616726 20.528168 46.938519
v -62.453564 20.478737 47.010281
v -63.256268 20.658581 47.317471
v -63.513161 20.849857 47.415295
v -64.964081 21.041889 47.874508
v -52.385628 18.871792 52.932987
v -57.219276 21.328926 49.664864
v -57.385090 21.339035 49.637489
v -58.047630 21.427702 49.199707
v -57.206474 21.396713 49.673328
v -60.716099 20.718052 47.305252
v -60.895523 20.663353 47.319061
v -60.134769 21.078379 47.820210
v -60.202442 21.036448 47.653316
v -55.244423 20.844233 51.054939
v -54.669846 20.628975 51.434551
v -55.144390 20.864618 51.061161
v -54.618885 20.566214 51.415928
v -53.131374 19.576773 52.439022
v -53.006966 19.483810 52.531876
v -52.893585 19.386938 52.581207
v -53.434673 19.842060 52.215412
v -54.190205 20.316452 51.750744
v -53.807686 20.110340 52.003395
v -54.155575 20.349915 51.728924
v -55.802402 21.050777 50.618759
v -55.675644 21.037300 50.769089
v -56.657536 21.312874 50.118893
v -56.200844 21.211533 50.350739
v -58.763485 21.293083 48.727142
v -59.130421 21.320435 48.484447
v -58.720360 21.385975 48.652061
v -59.424294 21.161562 48.177586
v -61.776146 20.127165 46.596409
v -61.838585 20.127165 46.689934
v -61.883278 20.225946 46.660099
v -61.820839 20.225946 46.566570
v -61.231129 20.611153 47.097229
v -61.167061 20.611153 47.001259
v -59.827408 21.062515 48.023701
v -58.355721 21.325418 48.897999
v -62.820183 19.362747 57.466141
v -62.115116 20.928776 51.457703
v -62.241528 20.925350 51.698811
v -62.020245 21.070086 50.614632
v -61.755138 20.749849 48.018551
v -61.907372 20.750738 48.000816
v -61.937721 20.968941 48.413124
v -61.741222 20.889515 47.933186
v -62.444572 20.624365 53.751953
v -62.512825 20.541140 54.460846
v -62.404095 20.628340 54.107849
v -62.713116 19.875141 56.386646
v -62.655045 19.946604 56.230412
v -62.683830 19.808491 56.453770
v -62.525276 20.274548 55.117855
v -62.628876 20.140398 55.574844
v -62.338360 20.682917 53.498974
v -62.259178 21.005247 51.918842
v -62.195770 20.957674 52.231598
v -62.051174 20.930775 49.624222
v -61.879776 21.032978 49.287727
v -61.936031 20.934193 49.785347
v -61.796116 20.471193 46.674992
v -61.786125 20.640139 46.634415
v -61.613045 20.634029 46.651596
v -61.623035 20.465084 46.692173
v -62.091919 21.070904 50.121624
v -61.570992 19.727621 43.993134
v -61.513149 19.638414 44.428795
v -61.511368 19.754183 44.408466
v -61.531017 19.893072 43.627831
v -61.872944 18.751923 46.727497
v -61.731003 18.735273 46.733437
v -61.737801 18.860596 46.799732
v -61.879635 18.876852 46.793442
v -61.224091 19.898579 41.427750
v -61.141670 19.862036 40.560604
v -61.291451 19.902512 41.413853
v -61.008575 19.512657 39.167458
v -61.008163 19.402403 38.833981
v -60.914886 19.067596 38.064480
v -61.106579 19.647770 39.730930
v -61.075691 19.679558 39.868355
v -61.178398 19.841057 40.386860
v -61.447632 19.891142 42.862858
v -61.364517 19.896141 42.872757
v -61.366631 19.973555 42.893848
v -61.372917 20.000431 42.170082
v -61.648857 19.162571 45.859283
v -61.646461 19.308249 45.831306
v -61.688648 19.576513 45.057976
v -61.692696 19.441574 45.092659
v -61.254471 19.983395 41.740978
v -53.330868 20.040380 37.628223
v -57.719696 22.735247 42.285404
v -57.778454 22.746330 42.460117
v -58.311169 22.847601 43.037563
v -57.823967 22.822342 42.396187
v -60.940285 22.033688 45.709251
v -60.855186 22.038811 45.796352
v -60.229843 22.460470 45.116707
v -60.965286 22.153784 45.735725
v -55.816372 22.174812 40.337296
v -55.908665 22.279478 40.437328
v -55.359760 21.946543 39.771675
v -55.397518 21.919636 39.811913
v -54.036942 20.867352 38.406879
v -54.032852 20.890310 38.402603
v -53.865009 20.674200 38.183788
v -54.582645 21.352221 38.946251
v -54.961136 21.647154 39.409145
v -54.947754 21.686941 39.394745
v -56.494572 22.447657 40.980221
v -56.759628 22.543465 41.356964
v -57.073193 22.701172 41.696560
v -56.471416 22.509825 40.955204
v -59.006653 22.695934 43.791988
v -59.333992 22.725929 44.146450
v -59.730282 22.653196 44.423813
v -59.774708 22.538183 44.470985
v -61.843643 21.417215 46.678120
v -61.753391 21.417213 46.762177
v -61.793556 21.525555 46.805305
v -61.883812 21.525555 46.721249
v -61.205536 21.948027 46.176296
v -59.955471 22.443058 44.819839
v -58.753647 22.821426 43.384624
v -58.749924 22.731400 43.380627
v -51.889393 19.191000 44.574860
v -58.179604 20.218161 45.873245
v -57.562222 20.229633 45.840954
v -57.467072 20.323429 45.816032
v -60.527962 19.976082 46.527054
v -61.763611 19.880583 46.812717
v -60.571041 20.108740 46.387424
v -54.487770 19.974689 45.091766
v -52.735634 19.505016 44.768616
v -53.253860 19.648018 44.840172
v -54.096230 19.837925 45.013573
v -53.398563 19.674837 44.913895
v -54.167992 19.910999 45.080772
v -56.276634 20.173773 45.467918
v -55.667629 20.115641 45.415459
v -55.936646 20.217434 45.472542
v -56.444672 20.270458 45.500568
v -59.004097 20.171537 46.172901
v -59.287281 20.278738 46.233635
v -58.758640 20.312317 45.993271
v -60.092079 20.053253 46.287090
v -61.721546 19.708637 46.809967
v -61.794258 19.858456 46.656570
v -61.756031 19.703014 46.653725
v -60.792122 27.474491 36.333786
v -61.439358 25.882296 43.095226
v -61.388371 25.700470 43.753288
v -61.470875 25.896650 43.427593
v -61.644684 25.171412 45.245586
v -61.537903 25.019197 45.609894
v -61.634323 24.620279 46.812565
v -61.793392 24.626305 46.801590
v -61.062565 26.412352 39.756268
v -61.048080 26.503990 39.574135
v -61.100548 26.458853 39.494396
v -60.861629 27.088123 37.291924
v -60.892986 27.114626 37.290432
v -60.928421 26.945665 37.662827
v -60.960190 26.703211 38.492714
v -61.072838 26.570711 39.204025
v -61.288895 26.187044 41.504719
v -61.236179 26.138390 41.864796
v -61.262444 26.178326 42.182419
v -61.324356 26.221510 41.882915
v -61.451622 25.582909 44.539505
v -61.605373 25.465382 44.833965
v -61.627060 24.468353 46.733978
v -61.786541 24.468351 46.719959
v -61.826794 23.997654 46.543888
v -61.711334 23.991800 46.655746
v -61.881927 24.149546 46.600338
v -61.765564 24.142551 46.712334
v -58.357391 25.895250 43.140888
v -58.241749 25.904642 43.159779
v -60.210865 25.043713 44.957207
v -59.605206 25.316938 44.536983
v -60.196514 25.142492 45.132683
v -60.358067 25.100361 45.099689
v -56.416943 26.481926 41.322788
v -56.147213 26.536097 40.971027
v -55.526882 26.569954 40.362991
v -54.933182 26.648941 39.780521
v -54.184963 26.646372 39.060532
v -55.591022 26.558769 40.489624
v -55.291039 26.627844 40.186775
v -56.931465 26.318533 41.741547
v -57.112637 26.263178 42.021954
v -57.597919 26.208437 42.510010
v -57.422253 26.270052 42.224285
v -58.787178 25.799500 43.710644
v -58.873619 25.802555 43.646591
v -60.961231 24.525337 45.897671
v -61.588280 15.297572 46.343498
v -61.429707 15.297572 46.405304
v -61.603554 15.462484 46.382683
v -61.444981 15.462484 46.444489
v -55.429119 10.431184 30.775972
v -58.077389 15.004204 37.444870
v -58.185959 15.164570 37.981186
v -58.378242 15.421991 38.482731
v -58.060535 15.084913 37.401505
v -60.123817 15.847907 42.617825
v -59.985115 15.841749 42.667488
v -59.628716 15.966914 41.734871
v -60.163261 15.993411 42.720303
v -56.892799 13.656328 34.623035
v -56.570007 13.181458 33.781864
v -56.941914 13.712498 34.565239
v -56.648254 13.158833 33.824448
v -55.830406 11.556003 31.851717
v -55.752911 11.388921 31.649187
v -55.686230 11.121799 31.399082
v -55.960049 11.812895 32.087654
v -56.381630 12.757512 33.288990
v -56.144936 12.323808 32.671970
v -56.418026 12.798726 33.243744
v -57.333363 14.197246 35.559052
v -57.566521 14.570512 36.371098
v -57.628387 14.729149 36.531826
v -57.475449 14.451104 35.919827
v -58.784531 15.564398 39.540897
v -58.979446 15.769246 40.047775
v -59.298367 15.855365 40.532749
v -59.304623 15.732993 40.548820
v -60.941505 15.663042 44.704792
v -60.800797 15.668147 44.771248
v -60.383400 15.941771 43.693748
v -61.045471 15.779404 44.972317
v -61.038986 15.706545 45.394375
v -59.393456 15.783183 41.123650
v -58.674892 15.550951 38.954422
v -58.683460 15.445443 38.976406
v -57.032623 13.943239 34.986382
v -61.706230 17.466267 46.716869
v -61.773430 17.451012 46.583424
v -61.643780 17.608232 46.648296
v -61.725334 17.559566 46.530460
v -68.058907 20.092373 49.757069
v -68.791962 20.196402 50.060856
v -67.997749 20.142122 49.604977
v -64.610146 19.022974 48.024242
v -65.441818 19.313854 48.296574
v -64.602646 19.096760 47.851505
v -65.306961 19.421770 48.329014
v -71.677628 20.428762 51.704311
v -72.079582 20.402388 52.007839
v -71.442818 20.383152 51.644756
v -74.350128 20.025911 53.379131
v -73.821350 20.172842 53.031288
v -75.221642 19.811817 53.956818
v -73.289032 20.234402 52.746597
v -72.571327 20.316870 52.259300
v -73.445618 20.240131 52.835667
v -69.790924 20.334682 50.699612
v -70.513786 20.363857 51.034832
v -69.734123 20.379549 50.572083
v -70.667183 20.444902 51.180412
v -67.150917 19.853172 49.174412
v -66.286026 19.708450 48.699230
v -67.413666 20.055323 49.393738
v -66.244690 19.632399 48.820492
v -63.048332 18.272680 47.296715
v -63.677704 18.537931 47.445618
v -62.918217 18.277082 47.061764
v -63.790192 18.783062 47.605282
v -69.272743 20.350271 50.396469
v -61.728863 10.910760 46.440010
v -61.594860 10.927267 46.379345
v -61.702374 11.025466 46.529732
v -61.568371 11.041972 46.469067
v -67.500519 9.907936 33.237637
v -65.179390 13.187580 39.353767
v -65.109108 13.204286 39.320229
v -64.712013 13.361258 40.228470
v -65.196022 13.264500 39.338089
v -63.146252 12.620996 43.748901
v -63.475883 12.943311 42.813454
v -63.225163 12.889893 43.345917
v -63.509830 13.000533 43.036255
v -66.464874 12.145464 36.072193
v -66.247917 12.488697 36.636803
v -66.522224 12.188589 36.081146
v -66.284355 12.430784 36.680210
v -67.246323 10.651872 33.969841
v -67.065506 11.137660 34.492928
v -67.254494 10.698465 33.996639
v -67.080040 11.117864 34.535904
v -67.381729 10.329933 33.639366
v -66.737679 11.787839 35.486946
v -66.870590 11.490301 35.013187
v -66.711395 11.829682 35.450836
v -66.917053 11.517368 35.010773
v -65.750275 12.905026 38.000999
v -65.871880 12.784135 37.539558
v -65.547432 13.088419 38.331211
v -65.919456 12.862469 37.612644
v -64.286781 13.240960 41.122807
v -63.869545 13.231264 42.031242
v -64.385864 13.336218 41.170860
v -63.925713 13.102456 42.135159
v -62.328728 11.795234 45.338570
v -62.211117 11.806655 45.274487
v -62.649055 12.425373 44.479584
v -62.237087 11.810829 45.547546
v -61.965714 11.626547 45.756985
v -62.804863 12.435190 44.136486
v -62.915741 12.541497 44.242401
v -64.581238 13.247035 40.709217
v -61.535915 15.414094 46.653797
v -61.471447 15.425902 46.507671
v -61.504265 15.546487 46.693111
v -61.436958 15.573532 46.552605
v -74.913063 11.927498 39.484577
v -68.403542 15.910019 43.422527
v -69.310112 15.679650 42.843506
v -68.369392 16.028013 43.354881
v -69.307976 15.762442 42.955322
v -65.201988 16.156626 45.022675
v -64.731720 16.153448 45.098675
v -64.638870 16.285360 45.167797
v -65.679733 16.300955 44.818787
v -72.514709 14.120336 41.026691
v -71.711311 14.693202 41.515694
v -72.420471 14.247195 41.154984
v -72.402939 14.195152 41.153305
v -73.759010 13.122502 40.247742
v -74.068192 12.874434 40.054321
v -74.202873 12.743681 39.998005
v -74.243820 12.664751 39.962490
v -73.416977 13.452611 40.516792
v -72.879448 13.907804 40.813869
v -70.960739 15.032984 42.013927
v -70.927994 15.039618 41.954094
v -70.199799 15.445428 42.377110
v -71.008827 15.085541 42.001122
v -67.528587 16.080400 43.762310
v -66.550507 16.292376 44.265930
v -67.518860 16.179432 43.904278
v -66.664162 16.157667 44.314251
v -63.655373 15.983334 45.735634
v -62.979557 15.880928 45.882267
v -62.670654 15.950027 46.040802
v -63.968090 16.171135 45.622620
v -62.418270 15.835595 46.307709
v -66.073311 16.193346 44.472862
v -69.705475 15.538877 42.719578
v -61.763565 10.909829 46.639275
v -61.756752 10.928490 46.492596
v -61.671593 11.024265 46.658104
v -61.664780 11.042926 46.511425
v -76.758316 13.024774 46.137238
v -69.367500 14.081492 46.655323
v -68.570457 13.980341 46.594887
v -69.546196 14.189194 46.580780
v -68.958931 14.105348 46.679123
v -65.603462 13.145752 46.729053
v -65.599319 13.154597 46.613647
v -65.489792 13.238242 46.628979
v -65.660400 13.286797 46.743984
v -72.277206 14.127791 46.456036
v -72.364357 14.175570 46.458492
v -73.190300 14.065282 46.460670
v -72.450157 14.105158 46.503693
v -75.733948 13.422642 46.222210
v -75.119576 13.634579 46.274494
v -75.683701 13.450295 46.254833
v -75.452797 13.505568 46.273758
v -74.535141 13.777308 46.354847
v -73.861328 13.904880 46.361919
v -73.815125 13.956846 46.370430
v -70.950691 14.167884 46.586239
v -70.458466 14.170971 46.539818
v -70.947922 14.242873 46.528229
v -70.443855 14.231978 46.619911
v -67.021713 13.626343 46.613983
v -67.479881 13.858644 46.624458
v -67.486092 13.840639 46.721519
v -67.502747 13.743987 46.708435
v -63.733425 12.249664 46.708691
v -63.089539 11.889144 46.560326
v -62.753757 11.832428 46.567295
v -63.905132 12.493503 46.732460
v -62.558235 11.502722 46.675087
v -62.477341 11.618743 46.693604
v -64.252716 12.539631 46.589760
v -64.193207 12.656060 46.607338
v -71.948143 14.199423 46.540836
v -63.786564 17.835180 52.007900
v -64.203575 17.840578 52.753197
v -63.824753 17.922594 51.859818
v -64.170860 17.919512 52.890762
v -62.108212 17.170080 48.153339
v -62.229317 17.173765 48.094547
v -62.635002 17.563005 49.055107
v -62.046242 17.265873 48.010902
v -65.802063 17.259274 56.515079
v -65.902809 17.244123 56.752766
v -65.390297 17.538198 55.701061
v -65.857773 17.196045 56.774616
v -66.839745 16.308079 58.963562
v -66.685570 16.485407 58.676823
v -66.536537 16.605391 58.334602
v -67.207718 15.843495 59.851139
v -66.573021 16.626331 58.333408
v -66.014946 17.119404 57.135246
v -64.998444 17.654015 54.796722
v -65.061691 17.659325 54.772198
v -64.618782 17.863626 53.730705
v -64.799149 17.788279 54.337059
v -63.418793 17.756248 50.901249
v -63.210136 17.799896 50.409744
v -62.862984 17.720730 49.885246
v -62.905876 17.625326 49.984039
v -61.493896 16.640781 46.725574
v -61.619080 16.640781 46.671795
v -61.599495 16.767672 46.626202
v -61.474308 16.767670 46.679981
v -61.996155 17.125694 47.545052
v -62.808632 17.522734 49.463501
v -63.531628 17.895327 51.422688
v -64.376259 17.809322 53.363976
v -65.275070 17.623526 55.273090
v -67.161774 18.843111 46.471062
v -67.663063 18.900316 46.353111
v -67.017578 18.922344 46.384266
v -68.198563 19.039574 46.410969
v -63.102432 17.949730 46.708126
v -63.586578 18.103426 46.550125
v -64.114601 18.369040 46.647507
v -71.362724 19.013439 46.169834
v -71.188591 19.083298 46.178482
v -72.150261 19.015968 46.184978
v -74.603477 18.670708 46.012028
v -74.279495 18.734177 46.061840
v -74.597473 18.637287 46.043385
v -76.049812 18.323122 45.949448
v -72.578232 18.927195 46.160088
v -73.541901 18.814476 46.063980
v -72.823837 18.943432 46.099194
v -69.164040 19.019899 46.355412
v -69.346077 19.027449 46.270458
v -69.133614 19.094965 46.281006
v -70.226631 19.111202 46.295052
v -65.999405 18.664585 46.433254
v -64.403954 18.452532 46.511482
v -66.180313 18.800911 46.528450
v -65.156296 18.495296 46.587669
v -61.541691 17.397491 46.791924
v -61.534439 17.397491 46.655872
v -61.480350 17.537329 46.655590
v -61.485058 17.545034 46.798119
v -70.828117 19.029182 46.261116
v -61.495838 13.968158 46.635952
v -61.568821 13.966233 46.495693
v -61.427940 14.106024 46.598732
v -61.500923 14.104099 46.458473
v -68.941368 15.835349 50.443142
v -68.092216 15.876812 49.899559
v -68.539146 15.948305 50.134235
v -68.029472 15.973035 49.972500
v -64.877113 15.463693 48.358192
v -65.370338 15.577078 48.471169
v -65.284660 15.686767 48.424541
v -65.386665 15.723108 48.616482
v -72.318733 15.033007 52.133633
v -71.687050 15.330677 51.796593
v -72.252136 15.106188 52.158699
v -71.489647 15.322735 51.763737
v -74.502579 13.888375 53.300293
v -74.543098 13.885055 53.345535
v -73.926018 14.236061 53.030815
v -75.322571 13.302256 53.751389
v -72.827782 14.803555 52.458183
v -73.962143 14.249324 53.010212
v -72.958824 14.801789 52.474319
v -73.372154 14.583911 52.741028
v -70.302353 15.629779 51.146793
v -70.769440 15.534621 51.312183
v -69.972992 15.783092 50.890579
v -70.774475 15.596314 51.391102
v -66.723877 15.802122 49.179958
v -67.092690 15.951428 49.371883
v -66.664658 15.913075 49.271732
v -66.218887 15.750115 49.044651
v -63.482853 15.000151 47.644310
v -62.771049 14.654153 47.120552
v -63.672832 15.194947 47.583961
v -62.534264 14.729765 47.158661
v -62.304470 14.439728 47.047012
v -62.317787 14.575621 46.880283
v -64.063843 15.186033 47.786900
v -63.962349 15.322299 47.891109
v -67.582375 15.867205 49.744450
v -69.438835 15.779492 50.609562
v -69.410408 15.860578 50.684589
v -63.354984 19.233313 41.378006
v -63.266182 19.227747 41.347336
v -63.257435 19.326525 41.373726
v -63.346478 19.320881 41.403946
v -62.126274 18.594770 45.213074
v -61.943920 18.543840 45.338627
v -61.953480 18.693518 45.309185
v -62.415852 18.961298 44.304977
v -64.824684 18.672270 36.629692
v -64.560402 18.939621 37.427513
v -64.893410 18.712523 36.589912
v -64.613945 18.880104 37.461765
v -65.563522 17.911175 34.398087
v -65.634941 17.828184 34.276592
v -65.990417 17.242071 33.138924
v -65.328514 18.240320 35.231331
v -65.320892 18.180779 35.131252
v -65.049271 18.515591 35.952461
v -63.999416 19.174128 39.370045
v -64.278534 19.040573 38.283684
v -63.924187 19.250839 39.357544
v -64.353951 19.102646 38.268856
v -62.601406 19.023621 43.355293
v -62.596912 19.130951 43.369045
v -62.865807 19.198185 42.903797
v -62.709873 19.018078 43.389835
v -61.620094 18.039070 46.770565
v -61.490551 18.039070 46.728355
v -61.475178 18.165958 46.775539
v -61.604721 18.165958 46.817749
v -61.916470 18.523981 45.866730
v -63.759369 19.207611 39.856033
v -63.836937 19.287479 39.876251
v -61.279259 23.792282 41.755505
v -61.285873 23.467848 42.850861
v -61.196156 23.877291 41.768990
v -61.336143 23.705898 42.371964
v -61.735058 21.500372 46.625916
v -61.596722 21.504801 46.641239
v -61.604279 21.616848 46.721542
v -61.741653 21.613277 46.706970
v -60.952419 24.203690 38.874149
v -60.851982 24.255693 37.666214
v -61.014809 24.266445 38.868275
v -60.918896 24.203939 37.831619
v -60.698757 23.991280 35.829308
v -60.696449 24.021753 35.802410
v -60.734959 24.017050 35.843002
v -60.553761 23.539091 33.995605
v -60.635284 23.784916 34.818222
v -60.815624 24.169065 37.227024
v -60.856403 24.211926 37.159966
v -61.088150 24.151846 39.673382
v -61.123108 23.981300 40.896511
v -61.026970 24.209881 39.755451
v -61.201981 24.054342 40.917130
v -61.441101 22.678833 44.727283
v -61.445450 22.781649 44.776516
v -61.476765 23.183718 43.878994
v -61.465721 23.123541 43.758511
v -61.605122 22.376141 45.260525
v -61.610222 22.480350 45.318554
v -61.330559 23.372433 43.392365
v -62.037750 9.291880 46.775867
v -61.908092 9.289598 46.889458
v -62.051212 9.462713 46.794666
v -61.921555 9.460431 46.908260
v -55.770668 9.490144 39.686913
v -56.134850 9.552474 40.249153
v -55.666248 9.573788 39.709538
v -56.783432 9.721899 40.835857
v -58.936100 9.672421 43.267467
v -59.068768 9.802475 43.637833
v -58.635418 9.808165 42.932255
v -53.661461 9.143855 37.394753
v -52.774086 8.783873 36.281193
v -51.449211 8.354212 34.829163
v -51.394726 8.279661 34.711483
v -50.326668 7.816040 33.509621
v -52.031063 8.544067 35.503098
v -52.011509 8.570272 35.414841
v -54.247910 9.196330 37.956871
v -54.034119 9.162420 37.823849
v -54.300087 9.296323 38.017834
v -57.947933 9.672137 42.341732
v -57.138840 9.755591 41.411427
v -57.240913 9.640311 41.351048
v -60.809559 9.511634 45.392281
v -60.143318 9.586000 44.866470
v -60.948570 9.630531 45.790684
v -60.413410 9.718739 44.945530
v -61.974258 13.456333 46.668873
v -62.033276 13.447897 46.832314
v -61.988400 13.617654 46.663174
v -62.049591 13.633925 46.826347
v -54.097321 13.394424 49.598915
v -54.529732 13.447486 49.551701
v -54.270309 13.517884 49.644653
v -52.963181 13.335554 50.022018
v -56.764606 13.617902 48.603115
v -57.620129 13.640545 48.432770
v -58.707298 13.795137 48.036777
v -57.902359 13.790606 48.176258
v -49.725746 12.593861 51.301548
v -49.539631 12.617758 51.368523
v -48.970558 12.402747 51.517262
v -46.949112 11.824028 52.314095
v -46.333214 11.597840 52.509113
v -45.468708 11.263433 52.845268
v -47.665272 12.018233 52.052784
v -48.582428 12.351051 51.662609
v -51.668995 13.029134 50.506832
v -51.968681 13.074043 50.482239
v -52.176266 13.195910 50.405804
v -50.884171 12.939438 50.799057
v -56.248253 13.706061 48.927364
v -55.060261 13.609930 49.237129
v -59.598240 13.617453 47.551773
v -60.286804 13.593340 47.462479
v -60.656384 13.723650 47.158913
v -61.840965 9.720327 46.695847
v -62.014519 9.715763 46.688133
v -61.839703 9.885518 46.680305
v -62.013718 9.901792 46.670784
v -62.277676 9.665341 55.085117
v -62.423073 9.546836 56.042900
v -62.365746 9.543924 56.733891
v -62.119160 9.888581 52.105179
v -62.220139 9.908410 51.377979
v -62.237103 10.026014 51.833050
v -62.093269 10.031677 51.642735
v -62.513630 8.990335 59.495594
v -62.513268 8.927256 59.472221
v -62.746220 7.959092 63.116730
v -62.790550 7.532465 64.293602
v -62.642632 8.336026 61.801888
v -62.659222 8.504918 61.218773
v -62.641609 8.652145 60.852207
v -62.646503 8.356627 61.884510
v -62.401779 9.341009 57.387825
v -62.522682 9.186689 58.237335
v -62.497295 9.373371 57.703007
v -62.330692 9.773853 53.930599
v -62.353542 9.840103 54.486794
v -62.210609 9.895848 53.864445
v -61.968952 9.884431 49.168953
v -62.092838 9.861206 48.543205
v -62.147259 10.052669 49.777973
v -61.956722 10.034307 48.982487
v -61.835892 9.720084 46.831223
v -61.868393 9.731614 46.670460
v -61.820591 9.882293 46.829842
v -61.852940 9.897672 46.668339
v -78.164749 7.658548 50.116219
v -70.689796 9.535813 48.628288
v -71.017433 9.497216 48.608955
v -69.503075 9.787996 48.289944
v -69.664696 9.764836 48.423233
v -66.182693 9.902491 47.720215
v -66.403137 9.894859 47.632545
v -73.865791 8.942653 49.205376
v -74.054268 8.958956 49.245640
v -76.353821 8.268766 49.727314
v -76.585320 8.232350 49.776096
v -76.223686 8.311053 49.738518
v -75.835060 8.466241 49.661453
v -73.185158 9.093949 49.131550
v -71.654350 9.468916 48.743587
v -72.652344 9.282811 49.024960
v -68.481857 9.785297 48.072407
v -66.933510 10.007890 47.746349
v -67.164032 9.993588 47.919098
v -68.641708 9.768944 48.216549
v -63.555397 9.857722 47.181431
v -64.211403 9.883650 47.170067
v -64.675690 10.038427 47.267853
v -64.118195 10.030839 47.299137
v -61.636047 7.724106 45.846321
v -61.704060 7.737356 45.978550
v -61.688457 7.879177 45.801800
v -61.751110 7.873873 45.940670
v -47.691986 8.366405 53.038506
v -55.172684 9.481009 49.028061
v -53.917988 9.547132 49.760944
v -55.242008 9.576953 49.084724
v -54.124702 9.607616 49.560711
v -58.509029 8.897489 47.349899
v -58.716747 8.867049 47.390198
v -57.775890 9.203774 47.702110
v -51.430267 9.358605 51.048126
v -51.356045 9.406149 51.081154
v -51.544250 9.367330 50.924126
v -49.249508 8.893468 52.203438
v -49.060448 8.871786 52.301662
v -49.004009 8.842796 52.298386
v -49.736755 9.022459 51.899445
v -50.326130 9.196825 51.575455
v -53.315281 9.523442 49.989700
v -53.440701 9.602803 49.998512
v -52.030083 9.496302 50.659039
v -56.607334 9.337810 48.414890
v -57.381847 9.309456 48.023319
v -55.920761 9.505757 48.636024
v -56.887497 9.262430 48.157742
v -60.215969 8.343546 46.523712
v -60.419441 8.300303 46.575050
v -60.631248 8.359747 46.461369
v -59.426613 8.755059 46.889957
v -59.166313 8.864592 47.161755
v -62.142792 7.718171 46.885647
v -62.255531 7.720719 46.787823
v -62.115559 7.862326 46.858021
v -62.228298 7.864875 46.760193
v -67.695297 8.312416 53.247196
v -67.359856 8.389999 52.736191
v -66.859840 8.545562 52.158070
v -67.715523 8.384798 53.272167
v -64.763802 8.422719 49.905506
v -64.543259 8.376599 49.458023
v -65.207558 8.571282 50.237686
v -64.402481 8.494898 49.493652
v -69.874512 7.701547 55.639179
v -71.868500 6.534795 57.948925
v -71.803902 6.545504 57.894802
v -72.456467 6.082495 58.613350
v -70.484024 7.341005 56.408909
v -71.002670 7.073144 56.936108
v -70.974182 7.122292 56.904430
v -70.536011 7.363253 56.468975
v -68.996353 7.962231 54.725636
v -69.317856 7.879325 54.997391
v -68.469872 8.215040 54.022030
v -68.971214 8.038875 54.698940
v -65.800568 8.482688 50.924271
v -66.137245 8.593225 51.476372
v -66.319893 8.473942 51.681911
v -63.164536 8.090557 48.061939
v -63.276974 8.092032 47.986450
v -63.066418 8.169264 47.742367
v -63.073036 8.199558 47.959782
v -64.161995 8.436166 49.015896
v -62.228348 7.725560 46.830708
v -62.191685 7.739836 46.697750
v -62.184891 7.854852 46.846626
v -62.145340 7.877750 46.714069
v -76.212456 7.366040 43.228928
v -69.619057 8.888646 44.984306
v -68.806259 8.912227 45.108856
v -69.783035 8.955187 44.869640
v -65.846603 8.683501 45.944515
v -66.429710 8.774730 45.689808
v -66.028503 8.820356 45.790585
v -66.212341 8.837223 45.855701
v -72.593193 8.571153 44.212158
v -75.218208 7.760608 43.497940
v -74.970955 7.879279 43.546597
v -74.867371 7.923481 43.603630
v -73.680336 8.248451 43.920258
v -73.583382 8.281147 43.904476
v -73.584229 8.315206 43.905579
v -71.846306 8.663221 44.406582
v -71.133354 8.767168 44.528545
v -71.881393 8.708860 44.340652
v -70.518471 8.893137 44.754288
v -67.897179 8.983824 45.335377
v -68.355408 8.994946 45.312698
v -67.914764 8.884892 45.421726
v -63.667240 8.200650 46.479557
v -64.163780 8.344226 46.234909
v -64.441010 8.532104 46.171925
v -64.063332 8.440784 46.389183
v -57.397011 6.424988 33.058708
v -59.657841 8.419840 40.329506
v -59.726513 8.419733 40.850983
v -59.571198 8.503362 40.333847
v -59.972462 8.506446 41.344742
v -61.182617 7.753925 45.244408
v -61.055882 7.757224 45.290939
v -61.096745 7.857880 45.425396
v -61.228622 7.849703 45.392830
v -58.665638 8.044748 37.323738
v -58.427673 7.898106 36.529488
v -58.771786 8.142037 37.461040
v -58.493614 7.858659 36.564129
v -57.774536 7.065150 34.350163
v -57.858341 7.230430 34.630104
v -57.886848 7.205431 34.607903
v -57.643719 6.830884 33.825375
v -58.227783 7.640781 35.861115
v -58.300541 7.719995 35.942619
v -59.064674 8.253798 38.410889
v -59.241947 8.353925 39.237598
v -58.961632 8.306181 38.306824
v -59.371117 8.447478 39.403271
v -60.181061 8.340104 42.369389
v -60.485695 8.316514 43.384312
v -60.594879 8.322074 43.352062
v -60.617470 8.190996 43.424770
v -61.636757 7.224638 46.730865
v -61.506432 7.224638 46.770599
v -61.520905 7.351525 46.818066
v -61.651230 7.351525 46.778332
v -60.629986 8.106589 43.865349
v -60.030743 8.479182 41.867786
v -60.124203 8.379744 41.832676
vn 0.6776 0.7221 -0.1394
vn -0.1310 0.5287 -0.8386
vn -0.2101 0.8721 0.4419
vn -0.7070 0.0112 0.7071
vn -0.9405 0.0117 0.3397
vn -0.7150 0.0030 0.6991
vn -0.7082 0.0063 -0.7060
vn -0.9382 0.0006 -0.3460
vn -0.9390 0.0117 -0.3436
vn -0.8589 0.1308 0.4952
vn -0.8614 0.2966 -0.4123
vn -0.9418 0.0110 -0.3359
vn -0.5066 0.0135 0.8621
vn -0.9625 0.0136 0.2709
vn -0.5593 0.0132 -0.8289
vn -0.9999 0.0112 0.0002
vn -0.7460 0.1233 -0.6545
vn -0.9397 0.1119 -0.3231
vn -0.9332 0.1001 -0.3451
vn -0.9908 0.1238 -0.0537
vn -0.9400 0.0880 0.3298
vn -0.9957 0.0896 -0.0252
vn -0.9999 0.0155 0.0006
vn -0.9275 0.0124 -0.3737
vn -0.9993 0.0335 0.0148
vn -0.9343 0.0552 0.3522
vn -0.7106 0.0012 0.7036
vn -0.9375 0.0162 0.3475
vn -0.7070 0.0356 0.7063
vn -0.9447 -0.0105 0.3278
vn -0.9999 0.0074 -0.0070
vn -1.0000 -0.0046 0.0005
vn -0.9373 -0.0000 -0.3484
vn -0.6654 0.1401 -0.7332
vn -0.8747 0.0930 -0.4758
vn -0.7219 0.0890 -0.6862
vn -0.7286 0.0884 0.6792
vn -0.9429 0.1165 0.3120
vn -0.7946 0.1827 0.5790
vn -0.9167 0.1079 0.3846
vn -0.8954 0.2012 0.3971
vn -0.6685 0.2137 -0.7124
vn -0.8192 0.1566 -0.5517
vn -0.7610 0.2097 -0.6139
vn -0.9238 0.1756 0.3403
vn 0.6449 0.7288 0.2300
vn 0.4401 -0.6338 0.6360
vn 0.6931 0.6982 0.1794
vn -0.0316 0.9994 -0.0138
vn 0.7295 -0.3326 0.5976
vn 0.4765 0.8239 0.3067
vn 0.3985 -0.5940 0.6988
vn 0.7414 0.6285 0.2352
vn 0.4521 -0.6897 0.5656
vn 0.5530 0.7997 0.2340
vn 0.3755 0.6756 0.6345
vn 0.4871 -0.6946 0.5293
vn 0.3718 0.8403 0.3946
vn 0.6836 -0.3928 0.6151
vn 0.1694 0.7752 0.6085
vn 0.2458 0.6002 0.7611
vn 0.1411 0.6024 0.7856
vn 0.6191 -0.5385 0.5716
vn 0.2339 -0.6347 0.7365
vn 0.6532 0.7061 0.2734
vn 0.5993 0.7241 0.3413
vn 0.3238 -0.6716 0.6664
vn 0.5553 0.7147 0.4252
vn 0.4242 -0.6208 0.6593
vn 0.7575 -0.6151 0.2188
vn 0.6571 0.7353 0.1661
vn 0.6381 0.7462 0.1897
vn 0.7935 -0.5920 0.1410
vn 0.6391 0.7025 0.3131
vn 0.6848 -0.5508 -0.4771
vn 0.2156 0.6420 -0.7358
vn 0.2016 0.6957 -0.6894
vn 0.2157 0.7386 -0.6387
vn 0.6525 -0.5774 -0.4908
vn 0.2627 0.7491 -0.6081
vn 0.7006 -0.6392 -0.3171
vn 0.1768 0.6332 -0.7535
vn 0.2706 0.5349 -0.8004
vn 0.7773 -0.5770 -0.2508
vn 0.7022 -0.6741 -0.2293
vn 0.7206 -0.6423 0.2611
vn 0.6591 0.6887 -0.3022
vn 0.6765 0.6775 -0.2888
vn 0.7360 -0.6596 0.1525
vn 0.5817 0.7872 -0.2050
vn 0.6390 -0.7528 0.1583
vn 0.7671 0.6336 -0.1003
vn 0.9213 -0.3616 0.1432
vn 0.2943 0.7035 -0.6469
vn 0.6994 -0.6252 -0.3464
vn 0.2635 0.6673 -0.6966
vn 0.6311 -0.5812 -0.5137
vn 0.4438 0.6881 -0.5741
vn 0.5855 -0.5417 -0.6031
vn 0.4381 0.8263 -0.3539
vn 0.5191 0.8130 -0.2638
vn 0.5332 -0.5055 -0.6783
vn 0.3800 -0.5262 -0.7608
vn 0.6792 0.6979 -0.2272
vn 0.7242 0.6720 -0.1547
vn -0.3514 -0.6989 -0.6229
vn -0.2132 0.7768 -0.5925
vn -0.1091 0.8095 -0.5770
vn -0.1618 0.6381 -0.7528
vn -0.4162 -0.6686 -0.6162
vn -0.2438 -0.6162 -0.7489
vn -0.3642 0.7180 -0.5932
vn -0.3432 0.7282 -0.5933
vn -0.7150 -0.6991 0.0091
vn -0.6221 0.7829 0.0076
vn -0.5833 0.8101 -0.0590
vn -0.7953 -0.6010 0.0793
vn -0.7412 0.6653 -0.0898
vn -0.6773 0.7250 -0.1249
vn 0.5120 0.8496 -0.1263
vn 0.6491 -0.6931 -0.3134
vn 0.5201 0.8156 -0.2534
vn 0.6842 -0.5643 -0.4620
vn 0.6175 0.7851 -0.0477
vn 0.6053 0.7956 -0.0252
vn 0.5287 0.8250 0.1996
vn 0.6441 -0.6729 -0.3638
vn 0.7401 -0.6203 -0.2598
vn 0.5067 0.7832 -0.3603
vn 0.0118 -0.2878 0.9576
vn 0.7127 -0.6750 -0.1906
vn 0.4319 0.8811 0.1927
vn 0.8065 -0.5873 -0.0671
vn 0.5660 0.8221 0.0614
vn 0.7865 -0.5584 0.2639
vn 0.6549 0.6428 -0.3973
vn 0.6230 0.7169 -0.3130
vn 0.7711 -0.5702 0.2831
vn 0.7113 0.6790 0.1814
vn 0.6077 0.7723 0.1849
vn 0.7022 -0.5620 0.4372
vn 0.7411 0.6693 -0.0518
vn 0.7222 0.6916 0.0144
vn 0.6731 -0.6489 0.3547
vn 0.5689 0.8219 0.0292
vn 0.7420 -0.6482 -0.1711
vn 0.3706 0.6337 -0.6790
vn 0.4081 0.6230 -0.6673
vn 0.7753 -0.5799 -0.2502
vn 0.2634 0.7650 -0.5877
vn 0.7750 -0.5522 -0.3074
vn 0.2029 -0.8502 0.4858
vn -0.0678 -0.5735 -0.8164
vn -0.4767 0.7601 -0.4417
vn -0.3822 0.8599 -0.3384
vn 0.4574 0.8810 0.1212
vn 0.5274 -0.1028 -0.8434
vn -0.8376 0.4976 -0.2252
vn -0.2340 0.2046 -0.9505
vn -0.8828 -0.3082 -0.3544
vn -0.4842 0.3228 0.8133
vn -0.1548 0.8900 -0.4289
vn -0.0017 0.7755 0.6313
vn 0.6238 -0.4028 0.6698
vn 0.3194 0.5452 -0.7751
vn 0.9646 -0.1495 0.2174
vn -0.3718 0.4811 -0.7939
vn 0.4775 -0.4377 -0.7618
vn 0.1439 -0.0168 -0.9894
vn -0.4774 0.7496 -0.4585
vn -0.0486 0.2776 0.9595
vn -0.8093 -0.4323 0.3978
vn 0.5545 0.4977 0.6669
vn 0.7878 0.4429 0.4281
vn 0.6345 -0.3831 -0.6713
vn 0.0021 0.7179 -0.6962
vn -0.2614 0.7762 -0.5737
vn 0.4925 0.7206 -0.4880
vn -0.1192 -0.4839 -0.8670
vn -0.8626 0.4455 -0.2396
vn -0.7719 0.4286 0.4695
vn -0.6327 -0.5590 0.5359
vn 0.1535 0.5772 0.8020
vn -0.9075 0.3395 0.2473
vn 0.1112 -0.3439 0.9324
vn 0.3924 0.8655 0.3114
vn -0.0969 -0.5475 0.8312
vn 0.5245 0.6938 0.4935
vn 0.6128 0.4976 -0.6139
vn 0.3636 -0.5728 -0.7347
vn -0.4803 0.5873 -0.6514
vn -0.8216 -0.5435 -0.1719
vn -0.5902 0.6736 0.4449
vn -0.4927 0.8152 0.3046
vn -0.6654 0.7441 -0.0593
vn -0.7219 -0.5714 0.3903
vn 0.3540 0.4093 0.8409
vn -0.3432 0.2019 0.9173
vn -0.3291 -0.6203 0.7120
vn 0.3140 0.6326 0.7080
vn -0.3629 0.8587 0.3618
vn -0.7016 -0.7106 -0.0538
vn -0.5877 0.6665 0.4587
vn 0.3425 -0.7367 0.5831
vn 0.9344 0.2819 -0.2179
vn 0.4826 0.3274 0.8123
vn 0.5789 0.4505 -0.6797
vn 0.7953 -0.5508 0.2533
vn -0.7626 0.6424 -0.0766
vn 0.7497 -0.5828 -0.3134
vn 0.0615 0.4745 -0.8781
vn -0.0158 0.6525 -0.7577
vn -0.7614 0.6087 -0.2228
vn -0.6605 -0.7355 0.1512
vn -0.0778 0.2815 0.9564
vn -0.9241 -0.0714 -0.3754
vn -0.3438 -0.6865 0.6407
vn -0.1619 0.8983 0.4084
vn -0.4814 -0.5729 0.6634
vn 0.0573 0.7497 0.6593
vn -0.0456 0.8270 0.5604
vn -0.3960 -0.6988 0.5957
vn -0.8640 -0.2245 -0.4506
vn -0.9504 0.2137 -0.2261
vn 0.0183 0.9498 0.3124
vn 0.3685 -0.6172 -0.6952
vn 0.6930 -0.5776 0.4313
vn 0.7044 0.6221 -0.3417
vn 0.5866 0.7429 -0.3226
vn 0.2192 -0.5199 0.8256
vn 0.5716 0.6757 0.4656
vn -0.6286 -0.7438 0.2273
vn 0.1162 -0.5791 0.8070
vn 0.6022 0.6565 0.4543
vn -0.7320 0.2034 0.6503
vn 0.8120 0.4084 0.4170
vn -0.2228 0.9675 0.1193
vn -0.2815 -0.4486 0.8483
vn 0.1553 0.7872 0.5968
vn -0.9518 0.2648 -0.1545
vn 0.7340 -0.5676 0.3729
vn 0.6976 0.6873 -0.2023
vn 0.6219 0.7603 -0.1876
vn -0.1381 0.7502 -0.6466
vn 0.3939 -0.5528 -0.7343
vn -0.1407 0.6397 -0.7557
vn -0.0366 0.6932 -0.7198
vn 0.3473 -0.5611 -0.7513
vn -0.0000 -0.0000 -0.0000
vn -0.7506 -0.5571 -0.3554
vn -0.6667 0.7298 0.1511
vn -0.7857 -0.4880 -0.3802
vn -0.7260 0.6655 0.1733
vn -0.7341 0.6584 0.1660
vn 0.0611 -0.6456 0.7612
vn 0.5673 0.6901 0.4494
vn 0.5039 0.7396 0.4462
vn 0.4231 0.7797 0.4616
vn 0.1528 -0.7106 0.6868
vn 0.7895 -0.6116 -0.0513
vn 0.4565 0.6840 -0.5690
vn 0.4416 0.7394 -0.5082
vn 0.8319 -0.5141 -0.2089
vn 0.4464 0.7891 -0.4220
vn 0.8359 -0.4551 -0.3067
vn 0.4916 0.7917 -0.3628
vn -0.5137 -0.5826 -0.6299
vn -0.6284 0.7642 -0.1451
vn -0.5265 0.8363 -0.1531
vn -0.1186 0.7178 0.6861
vn -0.6976 -0.5963 0.3971
vn -0.2220 0.6115 0.7595
vn -0.2623 0.6220 0.7378
vn -0.6823 -0.5524 0.4789
vn 0.7295 0.6838 -0.0150
vn 0.6583 -0.5243 0.5401
vn 0.7171 0.6965 -0.0272
vn -0.7423 -0.6552 -0.1403
vn -0.6292 0.6308 0.4541
vn -0.5494 0.7244 0.4164
vn -0.2271 0.0570 -0.9722
vn -0.7303 -0.6817 0.0441
vn -0.5073 0.8329 0.2210
vn -0.8121 -0.5794 -0.0696
vn -0.6672 0.6575 0.3501
vn -0.7428 -0.6684 -0.0377
vn -0.5202 0.7934 0.3162
vn 0.0916 -0.6049 -0.7910
vn -0.4809 0.6382 -0.6012
vn -0.4452 0.7217 -0.5301
vn 0.0138 -0.5678 -0.8230
vn -0.3844 0.6765 -0.6281
vn -0.3714 0.6923 -0.6187
vn -0.0156 -0.6404 -0.7679
vn -0.3161 -0.5591 0.7665
vn 0.2792 0.6725 0.6854
vn 0.2559 0.7171 0.6482
vn -0.2607 -0.5463 0.7960
vn 0.2207 0.7805 0.5849
vn -0.2049 -0.4952 0.8442
vn 0.1544 0.7953 0.5863
vn -0.8185 -0.5639 0.1097
vn -0.4583 0.6834 0.5683
vn -0.4686 0.6763 0.5683
vn -0.4339 0.7892 0.4346
vn -0.8089 -0.5473 0.2148
vn -0.3509 0.8091 0.4714
vn 0.3126 0.8141 -0.4894
vn 0.7368 -0.6612 -0.1411
vn 0.4177 0.6923 -0.5885
vn 0.8011 -0.5683 -0.1878
vn 0.4336 0.6466 -0.6276
vn 0.5309 -0.5923 0.6061
vn 0.7907 0.6074 0.0768
vn 0.6932 0.7207 -0.0049
vn 0.6532 0.7564 0.0349
vn 0.5999 -0.5667 0.5647
vn 0.6039 0.7920 0.0898
vn 0.6539 -0.5383 0.5317
vn 0.1218 0.8485 0.5150
vn 0.1090 -0.5565 0.8237
vn 0.2423 0.7621 0.6004
vn -0.2822 0.7438 0.6059
vn -0.7517 -0.5325 0.3892
vn -0.2547 0.7198 0.6458
vn -0.6836 -0.6759 0.2755
vn -0.3431 0.7383 0.5807
vn 0.3585 -0.6495 -0.6705
vn -0.2745 0.6490 -0.7095
vn -0.2702 0.6491 -0.7111
vn -0.2106 0.8109 -0.5460
vn 0.2216 -0.4737 -0.8524
vn -0.2623 0.7480 -0.6097
vn 0.3059 -0.5585 -0.7710
vn 0.7865 -0.6144 -0.0620
vn 0.5141 0.6086 -0.6044
vn 0.4066 0.7089 -0.5763
vn 0.7602 -0.6439 -0.0866
vn 0.3998 0.7488 -0.5286
vn 0.4364 0.7555 -0.4886
vn 0.7916 -0.5833 -0.1817
vn 0.4626 0.2687 0.8449
vn 0.7095 -0.6917 -0.1348
vn 0.5168 -0.5475 0.6582
vn 0.3504 0.8385 0.4174
vn 0.3615 0.7180 0.5948
vn 0.4484 -0.5722 0.6866
vn 0.5320 0.7636 0.3658
vn 0.2989 -0.6827 0.6668
vn 0.6036 0.7330 0.3138
vn -0.1866 -0.6103 -0.7699
vn -0.8103 0.4978 -0.3091
vn -0.6800 0.7222 -0.1263
vn -0.5511 0.4294 0.7155
vn -0.7797 -0.6066 0.1550
vn 0.0393 0.7743 0.6316
vn -0.9550 0.2379 -0.1769
vn -0.3843 -0.5824 -0.7163
vn -0.6451 0.6407 0.4163
vn 0.8900 -0.3182 -0.3266
vn 0.7436 -0.1143 -0.6588
vn -0.2843 0.5691 -0.7715
vn 0.2921 0.7674 -0.5708
vn 0.6298 -0.3464 0.6952
vn 0.8667 0.4791 -0.1389
vn -0.2601 0.3688 0.8924
vn -0.7411 -0.5596 0.3709
vn 0.3225 0.7064 0.6301
vn 0.3407 0.8034 -0.4884
vn 0.9543 -0.2611 0.1455
vn -0.3325 0.7760 -0.5359
vn 0.1725 -0.4279 -0.8872
vn -0.1771 -0.0257 -0.9839
vn -0.5782 0.7660 -0.2809
vn -0.4712 -0.7303 -0.4947
vn -0.8768 0.2741 0.3950
vn 0.6769 0.2379 -0.6966
vn -0.5016 -0.5216 -0.6902
vn -0.4191 0.8972 -0.1395
vn -0.6541 0.7228 -0.2229
vn 0.0514 0.2787 -0.9590
vn 0.5867 -0.5757 -0.5695
vn -0.2308 0.5247 -0.8194
vn -0.0321 0.5036 0.8633
vn 0.9010 -0.3347 0.2761
vn 0.1172 0.8518 -0.5105
vn 0.7705 0.5312 -0.3523
vn -0.4052 0.7706 -0.4920
vn -0.0764 -0.6922 -0.7176
vn -0.4704 0.6780 -0.5649
vn 0.9122 0.0871 -0.4004
vn -0.3421 -0.2998 -0.8906
vn 0.0040 0.9875 0.1573
vn -0.2213 -0.5492 -0.8059
vn -0.3225 0.8162 -0.4794
vn 0.4563 -0.5601 -0.6914
vn -0.1163 0.6867 -0.7175
vn -0.0606 0.7116 -0.7000
vn 0.3846 -0.5780 -0.7197
vn -0.0006 0.7682 -0.6402
vn 0.2763 -0.6079 -0.7444
vn 0.1292 0.7216 -0.6801
vn 0.1524 0.7896 -0.5944
vn -0.1219 -0.5951 0.7944
vn 0.3906 0.6935 0.6053
vn 0.3180 0.7334 0.6009
vn -0.9750 -0.1817 0.1280
vn 0.1617 -0.3327 0.9290
vn -0.0155 0.7006 0.7134
vn 0.0325 -0.5672 0.8229
vn 0.2009 0.7513 0.6287
vn 0.0847 0.8256 0.5579
vn 0.1191 -0.5201 0.8458
vn -0.6628 -0.5914 -0.4592
vn -0.6194 0.7759 -0.1197
vn -0.5439 0.8175 -0.1896
vn -0.5965 -0.6177 -0.5125
vn -0.6654 0.7465 -0.0051
vn -0.8097 -0.4578 -0.3671
vn -0.5540 0.7618 -0.3359
vn -0.5562 0.7515 -0.3548
vn -0.7598 -0.6171 -0.2044
vn -0.6817 0.6801 0.2699
vn -0.6435 0.7150 0.2733
vn -0.7955 -0.5859 -0.1545
vn -0.5901 0.7677 0.2499
vn -0.0572 0.2560 -0.9650
vn -0.8124 -0.5714 -0.1162
vn -0.7130 -0.6118 0.3425
vn -0.2707 0.6298 0.7280
vn -0.1832 0.7346 0.6533
vn -0.5928 -0.6032 0.5337
vn -0.2912 0.7636 0.5764
vn -0.3854 0.8315 0.4001
vn -0.6080 -0.6820 0.4064
vn -0.7269 -0.1794 -0.6629
vn -0.5544 -0.4686 0.6879
vn -0.4249 0.8634 0.2719
vn -0.3239 -0.5857 -0.7430
vn -0.5874 0.7591 -0.2806
vn -0.4854 0.8005 -0.3515
vn -0.4316 -0.6125 -0.6622
vn -0.4497 0.7226 -0.5251
vn -0.3065 0.8363 -0.4547
vn -0.1979 0.8589 -0.4724
vn -0.4965 -0.6615 -0.5620
vn -0.4639 -0.5992 0.6524
vn 0.0635 0.6371 0.7681
vn 0.0426 0.7104 0.7025
vn -0.0303 0.7867 0.6166
vn -0.4000 -0.5993 0.6934
vn -0.3435 -0.5612 0.7530
vn -0.1113 0.8235 0.5563
vn -0.1916 0.8503 0.4902
vn -0.2816 -0.5831 0.7620
vn -0.1002 -0.2987 -0.9491
vn -0.1230 0.7577 -0.6409
vn 0.9928 -0.0124 -0.1188
vn 0.1092 -0.6030 -0.7902
vn -0.3416 0.7168 -0.6079
vn -0.2314 0.7360 -0.6362
vn 0.0167 -0.5505 -0.8347
vn -0.1385 0.7649 -0.6291
vn -0.0558 -0.5100 -0.8584
vn 0.4759 -0.4647 0.7467
vn 0.0230 0.9055 0.4236
vn -0.2359 0.9524 0.1933
vn 0.3517 -0.7840 0.5115
vn 0.1695 0.8803 0.4431
vn -0.3475 -0.3823 -0.8562
vn -0.5858 -0.6689 0.4577
vn -0.6494 0.7603 -0.0171
vn -0.7275 0.6764 0.1147
vn -0.6920 -0.6133 0.3809
vn -0.5074 0.8563 0.0967
vn -0.4218 0.7904 -0.4443
vn -0.6538 -0.5841 -0.4811
vn -0.4350 0.8442 -0.3132
vn -0.4881 -0.5936 -0.6398
vn -0.6998 0.6899 -0.1852
vn -0.6175 0.7505 -0.2355
vn -0.5815 -0.5542 -0.5956
vn -0.6236 0.7076 -0.3324
vn -0.0095 -0.5535 0.8328
vn -0.0423 0.6834 0.7288
vn -0.0669 0.2879 0.9553
vn 0.0755 -0.3212 0.9440
vn -0.1855 0.9826 -0.0115
vn -0.2968 0.9512 -0.0846
vn -0.0752 -0.5139 0.8546
vn 0.0497 0.7434 0.6670
vn -0.2394 -0.6322 0.7369
vn 0.2031 0.6766 0.7077
vn 0.1636 0.7816 0.6019
vn 0.2897 0.8134 -0.5044
vn 0.3032 -0.5460 -0.7810
vn 0.2077 0.8215 -0.5310
vn 0.1845 0.9674 0.1735
vn 0.3267 -0.2726 -0.9050
vn 0.3935 0.4280 -0.8136
vn 0.9004 -0.2892 0.3251
vn 0.3542 -0.5807 -0.7330
vn 0.1987 0.7109 -0.6747
vn -0.4436 -0.6365 0.6309
vn 0.8550 -0.2992 0.4236
vn -0.2375 0.8204 0.5201
vn 0.5203 0.7975 0.3053
vn 0.5055 -0.6700 0.5437
vn 0.6401 0.7054 0.3045
vn 0.4804 0.7633 0.4319
vn 0.5459 -0.7182 0.4314
vn -0.4634 -0.6022 0.6501
vn -0.2043 0.6969 0.6875
vn -0.2148 0.7961 0.5657
vn -0.3860 -0.5967 0.7035
vn -0.2933 0.8553 0.4272
vn -0.2460 0.9658 -0.0817
vn -0.3563 -0.5904 0.7242
vn -0.1878 -0.6764 -0.7121
vn -0.4871 0.7731 -0.4062
vn -0.3782 0.7966 -0.4716
vn -0.2361 0.8454 -0.4790
vn -0.3627 -0.5934 -0.7185
vn 0.7359 -0.6503 0.1886
vn 0.6815 0.6996 -0.2149
vn 0.5882 0.8010 -0.1116
vn 0.8407 -0.5394 0.0469
vn 0.5486 0.8359 0.0169
vn 0.8533 -0.5190 -0.0495
vn 0.4862 0.8571 0.1701
vn 0.7628 0.6175 0.1921
vn 0.8869 -0.4449 -0.1241
vn 0.2625 -0.7078 0.6558
vn 0.1833 0.7771 0.6021
vn 0.0926 0.7906 0.6053
vn 0.3833 -0.5063 0.7725
vn 0.0973 0.6187 0.7796
vn 0.0055 -0.3994 -0.9167
vn -0.8761 -0.4586 0.1486
vn -0.5470 0.7942 -0.2646
vn -0.7389 0.6628 -0.1219
vn -0.8370 -0.5387 0.0963
vn -0.6431 0.7636 -0.0575
vn 0.5187 -0.5942 0.6147
vn 0.7117 0.6968 0.0889
vn 0.6020 0.7964 0.0571
vn 0.4585 -0.6144 0.6420
vn 0.7680 0.6309 0.1096
vn 0.8182 -0.3964 -0.4164
vn 0.4769 0.7980 -0.3685
vn 0.6396 0.6796 -0.3591
vn 0.8327 -0.5202 -0.1897
vn 0.4394 0.7023 -0.5601
vn 0.4229 0.7781 -0.4646
vn 0.3586 0.8902 0.2811
vn 0.2543 -0.5911 0.7654
vn 0.5161 0.7851 0.3423
vn -0.1746 0.8694 -0.4621
vn 0.3641 -0.5859 -0.7240
vn -0.2056 0.7610 -0.6153
vn 0.4079 -0.5924 -0.6947
vn -0.2086 0.6662 -0.7160
vn -0.5269 -0.5297 -0.6647
vn -0.6149 0.7692 -0.1737
vn -0.6755 0.6575 -0.3338
vn -0.4790 -0.5418 -0.6907
vn -0.6762 0.7176 -0.1669
vn -0.3672 0.6544 0.6610
vn -0.7662 -0.6008 0.2279
vn -0.3455 0.6466 0.6801
vn -0.3624 0.7202 0.5916
vn -0.7370 -0.5929 0.3247
vn -0.6999 -0.5255 -0.4837
vn -0.6345 0.7641 0.1167
vn -0.5934 0.8028 0.0573
vn -0.7300 -0.5224 -0.4406
vn -0.6163 0.7867 -0.0351
vn 0.2691 -0.5265 -0.8064
vn -0.1563 0.7144 -0.6821
vn -0.1362 0.8521 -0.5053
vn 0.3286 -0.5843 -0.7420
vn -0.1824 0.7152 -0.6746
vn 0.2159 -0.4807 -0.8499
vn -0.0496 0.7982 -0.6004
vn -0.7879 -0.5809 -0.2045
vn -0.6380 0.6661 0.3863
vn -0.5789 0.7343 0.3546
vn -0.6834 0.6755 0.2767
vn -0.8150 -0.5622 -0.1403
vn -0.0267 0.9721 0.2330
vn 0.2180 0.7307 0.6469
vn -0.3664 -0.5701 0.7354
vn 0.2426 0.6754 0.6964
vn -0.3002 -0.5258 0.7959
vn 0.1661 0.7566 0.6324
vn 0.1048 0.7616 0.6395
vn -0.2582 -0.5669 0.7823
vn 0.5255 -0.5921 -0.6109
vn 0.1158 0.6898 -0.7147
vn 0.8709 0.2725 0.4089
vn 0.5701 -0.5065 -0.6469
vn 0.0384 0.6556 -0.7541
vn 0.0659 0.6664 -0.7427
vn 0.7505 -0.6136 0.2455
vn 0.6896 0.6301 -0.3570
vn 0.6199 0.6936 -0.3669
vn 0.7921 -0.5841 0.1772
vn 0.5584 0.7623 -0.3272
vn 0.8470 -0.5215 0.1032
vn 0.4633 0.8447 -0.2679
vn -0.2064 0.7130 -0.6701
vn 0.4303 -0.6118 -0.6638
vn -0.1602 0.6289 -0.7608
vn 0.3892 -0.5955 -0.7028
vn -0.2028 0.8137 -0.5447
vn 0.9301 0.3240 0.1729
vn 0.3900 -0.6121 -0.6879
vn -0.2510 -0.5777 -0.7767
vn -0.4058 0.8271 -0.3889
vn -0.2839 0.8813 -0.3778
vn -0.1291 -0.5850 -0.8007
vn -0.5095 0.7280 -0.4587
vn -0.1348 -0.5656 -0.8136
vn -0.5029 0.8639 0.0257
vn 0.8139 -0.5716 -0.1041
vn 0.5196 0.6662 -0.5349
vn 0.5753 0.6841 -0.4483
vn 0.4954 0.8081 -0.3186
vn 0.7150 -0.6778 -0.1713
vn -0.0031 1.0000 0.0052
vn 0.8020 -0.5013 -0.3248
vn 0.6448 -0.6439 0.4119
vn 0.8321 0.5449 -0.1037
vn 0.7450 0.6498 -0.1510
vn -0.6987 -0.5939 0.3989
vn -0.2346 0.6253 0.7443
vn -0.0758 0.7814 0.6195
vn -0.1217 0.8457 0.5195
vn -0.6762 -0.5650 0.4728
vn -0.2854 0.6728 0.6825
vn -0.3831 -0.5084 0.7712
vn 0.1784 0.6699 0.7207
vn 0.1867 0.7628 0.6191
vn 0.1039 0.7376 0.6672
vn 0.6695 0.7010 0.2458
vn 0.4553 -0.5546 0.6965
vn 0.6952 0.6898 0.2022
vn -0.6439 0.7636 0.0470
vn -0.6807 -0.4859 -0.5483
vn -0.7329 0.6796 0.0301
vn 0.0564 0.8266 -0.5600
vn -0.0503 -0.6856 -0.7262
vn -0.0240 0.8389 -0.5438
vn -0.1120 -0.5957 -0.7953
vn 0.1874 0.8933 -0.4086
vn -0.6836 -0.6318 -0.3653
vn -0.7297 0.6835 -0.0204
vn -0.7180 0.6870 -0.1113
vn -0.8762 -0.4582 -0.1493
vn -0.4741 0.8159 -0.3309
vn -0.3924 0.8212 -0.4143
vn -0.6528 -0.6948 -0.3018
vn -0.5417 0.8205 -0.1824
vn -0.6838 -0.5966 -0.4201
vn -0.7359 0.6767 0.0223
vn -0.8277 -0.5253 -0.1972
vn -0.6891 0.6708 -0.2741
vn -0.0700 0.8367 0.5432
vn 0.0287 -0.6892 0.7240
vn 0.0234 0.7790 0.6266
vn 0.1612 -0.4069 0.8992
vn -0.0364 0.1664 0.9854
vn -0.3312 0.8298 0.4491
vn -0.1859 0.8482 0.4960
vn 0.0820 -0.6810 0.7276
vn -0.0567 -0.6987 0.7131
vn 0.0797 0.7098 0.6999
vn -0.7380 -0.5494 0.3919
vn -0.6739 0.7388 -0.0091
vn -0.5354 0.8162 -0.2173
vn -0.7113 -0.5143 0.4791
vn -0.3032 0.8537 -0.4234
vn -0.4691 -0.6335 -0.6153
vn -0.3396 0.8381 -0.4269
vn -0.1192 0.8455 -0.5205
vn 0.2798 -0.7918 -0.5429
vn 0.2067 0.6068 -0.7675
vn 0.2325 0.6122 -0.7557
vn -0.3007 -0.5800 0.7571
vn -0.5456 0.7086 0.4474
vn -0.5889 0.7430 0.3180
vn -0.1132 -0.6288 0.7692
vn -0.6730 0.6164 0.4088
vn -0.6706 0.4059 0.6209
vn -0.2746 -0.5224 0.8073
vn -0.4299 -0.6948 0.5766
vn -0.3864 0.7292 0.5648
vn -0.4276 0.7352 0.5259
vn 0.7543 -0.2247 -0.6168
vn -0.4289 -0.8379 -0.3377
vn -0.1245 0.9119 -0.3911
vn -0.4388 -0.4356 -0.7860
vn -0.4958 0.8355 -0.2369
vn -0.4425 0.8280 -0.3444
vn -0.5187 0.8217 -0.2364
vn -0.2723 -0.3999 -0.8752
vn -0.5864 0.7898 -0.1800
vn -0.3374 -0.4155 -0.8447
vn 0.1392 -0.6891 -0.7112
vn -0.3285 0.5589 -0.7614
vn -0.2113 0.5810 -0.7860
vn 0.0562 -0.6674 -0.7425
vn -0.1115 0.7227 -0.6821
vn -0.1364 -0.6630 -0.7361
vn 0.0271 0.5947 -0.8035
vn 0.1987 0.8248 -0.5293
vn 0.6809 -0.7206 -0.1306
vn 0.5144 0.6153 -0.5973
vn 0.5727 0.6128 -0.5445
vn 0.6189 -0.7494 -0.2355
vn 0.5657 0.7317 -0.3802
vn 0.5483 -0.7634 -0.3416
vn 0.7093 0.6278 -0.3207
vn 0.5571 -0.5900 -0.5844
vn 0.7925 0.5954 -0.1323
vn 0.7576 0.6507 0.0519
vn 0.4326 -0.7102 -0.5555
vn 0.3718 0.7310 -0.5722
vn 0.4277 0.7405 -0.5184
vn 0.6330 -0.6444 -0.4289
vn 0.2077 0.6831 -0.7002
vn 0.2832 0.7064 -0.6487
vn 0.7013 -0.4755 0.5311
vn 0.3760 -0.4417 -0.8146
vn 0.5814 0.8091 -0.0858
vn 0.4794 0.7308 -0.4860
vn 0.4201 -0.6157 -0.6667
vn 0.5317 -0.6783 -0.5072
vn 0.4936 0.8297 -0.2607
vn -0.3617 -0.8794 0.3096
vn -0.4204 0.5380 0.7307
vn -0.5225 0.5890 0.6165
vn -0.4508 -0.6349 -0.6275
vn -0.1799 -0.6811 0.7097
vn -0.8622 0.2705 0.4283
vn -0.7874 0.5525 0.2735
vn -0.7300 0.5745 -0.3702
vn -0.5730 -0.8117 -0.1131
vn -0.8434 0.4644 -0.2703
vn -0.4171 -0.8966 -0.1485
vn -0.8269 0.5394 -0.1588
vn -0.6581 0.5139 -0.5503
vn -0.7112 -0.6957 -0.1007
vn -0.6862 0.5645 -0.4588
vn -0.4168 -0.6142 -0.6701
vn -0.3379 0.8215 -0.4594
vn -0.2294 0.8284 -0.5109
vn -0.4644 -0.6995 -0.5431
vn -0.1401 0.8169 -0.5595
vn -0.5765 -0.6334 -0.5162
vn -0.1816 0.6598 -0.7292
vn -0.1224 0.6687 -0.7334
vn -0.6179 -0.6688 -0.4135
vn -0.7578 -0.6504 0.0516
vn -0.5040 0.7276 0.4653
vn -0.5702 0.7229 0.3902
vn -0.7271 -0.6356 0.2595
vn -0.6492 0.7099 0.2732
vn -0.6703 0.7292 0.1377
vn -0.7200 -0.5671 0.4000
vn -0.3055 0.7315 0.6095
vn -0.3522 0.7866 0.5071
vn -0.6706 -0.5543 0.4930
vn -0.4924 0.7090 0.5048
vn -0.5642 0.7957 0.2204
vn -0.5664 -0.5618 0.6030
vn -0.4359 0.8581 0.2716
vn -0.7327 0.6253 0.2687
vn -0.5710 -0.4567 0.6822
vn -0.5108 -0.4550 0.7294
vn -0.7962 0.5724 0.1960
vn -0.1330 -0.6971 0.7045
vn -0.5499 0.7631 -0.3397
vn -0.6475 -0.6265 -0.4338
vn -0.6786 0.7185 -0.1526
vn -0.6568 0.7278 -0.1972
vn 0.4060 -0.0262 -0.9135
vn -0.7524 -0.5482 -0.3652
vn -0.6473 0.7218 -0.2451
vn -0.6415 -0.5897 -0.4907
vn -0.6631 0.7470 -0.0477
vn -0.5916 -0.5962 -0.5427
vn -0.7049 0.7086 0.0297
vn -0.7935 -0.5864 0.1627
vn -0.3961 0.6744 0.6231
vn -0.3587 0.7293 0.5826
vn -0.8248 -0.4986 0.2666
vn -0.3480 0.7705 0.5340
vn -0.4874 -0.5125 -0.7070
vn 0.1436 0.7725 -0.6186
vn 0.2362 0.6911 -0.6831
vn -0.2526 -0.5904 -0.7665
vn -0.1776 0.7524 -0.6343
vn -0.1179 0.7515 -0.6491
vn 0.4562 -0.8409 0.2913
vn 0.8560 0.4322 0.2836
vn 0.7719 0.5432 0.3304
vn 0.7104 -0.6962 0.1027
vn 0.4279 0.6192 0.6584
vn 0.4875 -0.8474 0.2105
vn 0.7326 0.5372 0.4179
vn 0.5859 -0.8089 0.0492
vn 0.6447 0.5358 0.5452
vn -0.6416 -0.4709 -0.6055
vn -0.6301 -0.2082 0.7481
vn -0.3910 0.8681 -0.3060
vn -0.6620 -0.6222 0.4178
vn -0.2697 0.7129 0.6473
vn -0.3663 0.7200 0.5895
vn -0.5166 -0.6395 0.5694
vn -0.4449 0.7420 0.5015
vn -0.4600 0.8278 0.3212
vn -0.5218 -0.5102 0.6836
vn -0.6169 0.7139 0.3312
vn -0.2737 -0.7240 0.6332
vn -0.6289 0.7098 0.3175
vn 0.5246 -0.7124 0.4661
vn 0.5857 -0.1279 -0.8004
vn 0.4246 0.7300 0.5355
vn 0.4335 0.7572 -0.4886
vn 0.5518 -0.6311 -0.5451
vn 0.3896 0.7082 -0.5888
vn 0.4587 -0.6302 -0.6264
vn 0.5336 0.7020 -0.4716
vn 0.5317 0.7639 -0.3658
vn 0.3011 -0.5699 -0.7646
vn 0.6406 0.7447 -0.1872
vn 0.7404 0.6006 -0.3017
vn 0.7740 0.4808 -0.4120
vn 0.2620 -0.7130 -0.6504
vn 0.8696 0.2897 -0.3998
vn 0.8757 0.2934 -0.3835
vn 0.1983 -0.8683 -0.4547
vn 0.6808 0.5634 -0.4680
vn 0.7626 0.5310 -0.3694
vn -0.4915 -0.3755 0.7858
vn 0.8772 -0.3701 -0.3059
vn 0.4592 0.8010 0.3841
vn 0.7557 -0.5613 -0.3374
vn 0.5932 0.7802 0.1987
vn 0.0601 -0.5711 -0.8187
vn 0.0455 0.7314 -0.6804
vn 0.1315 0.8189 -0.5586
vn -0.0607 -0.4011 -0.9140
vn 0.3027 0.7634 -0.5707
vn 0.2936 0.4613 -0.8372
vn 0.2737 -0.6396 -0.7183
vn -0.1899 0.7128 -0.6752
vn -0.1008 0.6587 -0.7456
vn 0.5824 -0.6231 0.5222
vn 0.6512 0.7356 0.1868
vn 0.5943 0.7361 0.3238
vn 0.8242 -0.2530 0.5066
vn 0.3901 0.8404 0.3762
vn -0.5293 -0.1761 0.8299
vn 0.6591 -0.5766 0.4828
vn 0.6031 0.6793 0.4181
vn 0.2665 0.7835 0.5614
vn 0.3745 -0.5729 0.7291
vn 0.3518 0.7489 0.5616
vn 0.2406 -0.6226 0.7446
vn 0.5709 0.7038 0.4228
vn 0.5032 0.7311 0.4607
vn 0.1015 0.8535 0.5110
vn 0.3801 -0.7146 0.5872
vn 0.8187 -0.5348 0.2091
vn 0.6880 0.7101 -0.1494
vn 0.6042 0.7800 -0.1631
vn 0.7325 -0.6178 0.2860
vn 0.7175 0.6707 -0.1877
vn 0.6228 0.7539 -0.2091
vn 0.6947 -0.6679 0.2670
vn 0.0662 -0.5676 -0.8207
vn -0.1796 0.7684 -0.6143
vn -0.0977 0.7713 -0.6289
vn 0.1965 -0.6773 -0.7090
vn -0.3034 0.7595 -0.5755
vn -0.0619 -0.5361 -0.8419
vn -0.0140 0.8096 -0.5869
vn 0.0963 0.6863 -0.7210
vn -0.1345 0.7687 0.6253
vn -0.4182 -0.6887 0.5923
vn -0.0672 0.7554 0.6518
vn -0.4792 -0.6581 0.5808
vn 0.0471 0.7469 0.6633
vn -0.3605 -0.6298 0.6880
vn -0.2280 0.6945 0.6824
vn -0.3326 -0.6400 0.6927
vn -0.9780 0.1382 0.1561
vn -0.2911 -0.6514 0.7007
vn 0.2858 0.6366 0.7163
vn 0.2879 0.6892 0.6649
vn -0.2094 -0.6243 0.7526
vn 0.1564 0.7557 0.6359
vn -0.1005 -0.6948 0.7121
vn 0.0743 0.8651 0.4960
vn -0.0415 -0.6407 0.7667
vn -0.0328 0.8897 0.4553
vn 0.5991 -0.7184 -0.3534
vn 0.0482 0.8161 -0.5759
vn 0.9524 0.2662 -0.1486
vn -0.1206 0.8112 -0.5722
vn -0.2741 -0.5217 -0.8079
vn -0.2430 0.6995 -0.6720
vn -0.1424 -0.9685 0.2044
vn -0.1999 0.4963 -0.8448
vn 0.1239 0.8810 -0.4567
vn 0.3802 -0.5561 -0.7390
vn 0.1115 0.7436 -0.6593
vn -0.0680 -0.5927 0.8025
vn 0.4951 0.6607 0.5642
vn 0.4659 0.6999 0.5413
vn 0.7071 -0.6574 -0.2604
vn 0.2936 0.6697 -0.6821
vn 0.3503 0.7127 -0.6077
vn 0.4827 0.8391 -0.2510
vn 0.5280 -0.6551 -0.5404
vn 0.4096 0.8334 -0.3711
vn -0.6187 -0.4011 0.6755
vn 0.3194 -0.9204 -0.2252
vn 0.2902 0.6512 0.7012
vn 0.4224 -0.6794 0.6000
vn 0.6066 0.7185 0.3402
vn 0.4554 0.8288 0.3250
vn 0.3341 0.8616 0.3821
vn 0.4780 -0.7099 0.5173
vn 0.3102 0.8064 0.5034
vn 0.6225 -0.5791 0.5265
vn 0.6765 -0.5349 0.5061
vn 0.2080 0.8220 0.5302
vn 0.7267 -0.5011 0.4700
vn 0.8097 -0.4583 -0.3666
vn 0.5529 0.8317 0.0510
vn 0.5599 0.8119 0.1654
vn 0.7141 -0.6675 -0.2110
vn 0.5106 0.8447 -0.1607
vn 0.6923 0.7143 -0.1020
vn 0.1079 -0.5208 -0.8468
vn 0.0769 0.8025 -0.5917
vn 0.1595 0.8204 -0.5491
vn 0.1696 0.4399 -0.8819
vn 0.1679 -0.5840 -0.7942
vn 0.0198 0.7005 -0.7134
vn 0.3842 -0.5419 -0.7475
vn -0.2801 0.6361 -0.7190
vn -0.2272 0.7522 -0.6185
vn 0.2994 -0.5312 -0.7925
vn -0.0828 0.7262 -0.6825
vn -0.3754 0.6671 0.6434
vn -0.3669 -0.6952 0.6182
vn -0.1818 0.8364 0.5171
vn -0.4376 0.7781 0.4507
vn -0.3155 -0.7048 0.6354
vn 0.0150 -0.5831 0.8122
vn 0.5296 0.6629 0.5292
vn 0.5107 0.6758 0.5314
vn 0.1018 -0.5883 0.8022
vn 0.4424 0.6962 0.5653
vn 0.3051 -0.4858 -0.8191
vn 0.5083 0.8246 -0.2482
vn 0.6214 0.7436 -0.2468
vn 0.6482 -0.6335 0.4225
vn -0.5886 -0.8029 -0.0948
vn 0.7633 0.4268 -0.4850
vn 0.2849 -0.7110 -0.6429
vn 0.5257 0.7155 -0.4602
vn 0.5802 -0.6693 -0.4642
vn 0.1485 0.6663 -0.7307
vn 0.1932 0.6936 -0.6940
vn 0.5337 -0.6047 -0.5912
vn 0.2666 0.8120 -0.5193
vn 0.7008 -0.7106 0.0624
vn 0.6566 0.7482 0.0953
vn 0.6435 0.7397 0.1969
vn 0.6393 0.7392 0.2116
vn 0.7852 -0.6191 -0.0117
vn 0.7060 -0.7024 0.0906
vn 0.7123 0.7008 0.0400
vn 0.5560 0.7586 0.3398
vn 0.7174 -0.6896 -0.0988
vn -0.7239 -0.6771 -0.1324
vn -0.6094 0.7916 0.0459
vn -0.6014 0.7965 -0.0625
vn -0.7268 -0.6863 -0.0286
vn -0.5479 0.7980 -0.2510
vn -0.4346 0.8079 -0.3981
vn -0.5093 -0.8401 0.1865
vn -0.4740 0.4029 -0.7829
vn -0.7581 -0.4926 -0.4274
vn -0.1498 0.7865 -0.5991
vn -0.1906 0.2291 -0.9546
vn -0.2723 -0.5211 -0.8089
vn -0.0473 0.6571 -0.7523
vn -0.0735 -0.6659 -0.7424
vn -0.2508 0.7595 -0.6002
vn -0.1574 0.7530 -0.6389
vn -0.7851 -0.5827 -0.2100
vn -0.6056 0.7838 0.1375
vn -0.6836 0.7292 0.0318
vn -0.7380 -0.6050 -0.2987
vn -0.6889 0.6886 0.2263
vn -0.7048 0.6774 0.2107
vn -0.4717 -0.8234 -0.3156
vn -0.8501 0.5239 0.0537
vn -0.5241 0.8253 0.2102
vn -0.5765 0.6972 -0.4262
vn -0.3975 -0.6385 -0.6591
vn -0.6168 0.7112 -0.3373
vn -0.3624 -0.5963 -0.7163
vn -0.6897 0.6497 -0.3196
vn -0.5024 -0.6585 -0.5603
vn -0.4809 0.7859 -0.3886
vn -0.3924 0.8242 -0.4082
vn -0.4443 -0.6782 -0.5853
vn -0.6875 0.6749 -0.2682
vn -0.8786 -0.4770 -0.0226
vn -0.4188 0.6831 -0.5983
vn -0.3810 0.6500 -0.6576
vn -0.8686 -0.4882 -0.0850
vn -0.5256 0.6509 -0.5478
vn -0.8271 -0.2010 0.5249
vn 0.5403 -0.2320 0.8088
vn 0.1216 0.9123 0.3911
vn 0.1766 -0.3978 0.9003
vn 0.5705 0.7831 0.2474
vn 0.5161 0.8156 0.2618
vn 0.4424 0.8518 0.2807
vn 0.2352 -0.4169 0.8780
vn 0.3562 0.8953 0.2674
vn 0.3026 -0.4157 0.8577
vn 0.1922 0.9338 0.3017
vn 0.4162 -0.4049 0.8142
vn 0.3580 0.8224 0.4421
vn 0.1253 0.9138 0.3863
vn 0.4855 -0.3204 0.8134
vn -0.7382 -0.6663 0.1055
vn -0.6059 0.5814 0.5430
vn -0.5520 0.7010 0.4516
vn -0.7322 -0.6409 0.2306
vn -0.5365 0.7894 0.2985
vn -0.7252 0.6806 -0.1041
vn -0.6793 -0.5350 0.5024
vn -0.6253 0.7800 -0.0236
vn -0.7515 0.6323 -0.1884
vn -0.5880 -0.5720 0.5720
vn -0.4524 0.7216 -0.5240
vn -0.8080 -0.2956 0.5096
vn -0.4370 -0.7496 0.4971
vn -0.1613 0.5730 0.8036
vn -0.1761 0.5622 0.8080
vn 0.3423 -0.7127 0.6122
vn -0.7967 0.4647 0.3863
vn -0.4044 0.7030 0.5850
vn -0.2529 -0.7444 0.6180
vn -0.3181 0.6790 0.6617
vn -0.2029 -0.7011 0.6836
vn -0.5052 0.6900 0.5183
vn -0.6576 0.1538 0.7375
vn 0.0062 -0.7158 0.6982
vn -0.6739 0.6015 0.4290
vn -0.0949 -0.6611 0.7442
vn 0.0840 0.6498 0.7554
vn -0.0073 0.7074 0.7068
vn -0.9294 -0.3581 -0.0895
vn 0.0593 -0.4829 0.8737
vn -0.3157 0.7050 0.6351
vn 0.0680 -0.7963 0.6011
vn -0.0656 0.6083 0.7910
vn -0.1603 0.7410 0.6521
vn -0.1258 0.2907 0.9485
vn 0.8249 -0.5382 0.1732
vn 0.4769 0.7790 0.4070
vn 0.4898 0.7156 0.4980
vn 0.7049 -0.6821 0.1945
vn 0.5895 0.7156 0.3747
vn 0.5234 0.8127 0.2559
vn 0.7321 -0.5882 0.3435
vn 0.6723 0.7051 0.2255
vn 0.0103 -0.3309 0.9436
vn -0.1620 0.8159 0.5550
vn -0.2592 -0.6360 0.7269
vn 0.1829 0.7038 0.6864
vn 0.1705 0.7028 0.6907
vn 0.1026 0.7861 0.6096
vn -0.1826 -0.6015 0.7777
vn -0.1327 -0.6446 0.7529
vn 0.0267 0.7869 0.6165
vn -0.0395 0.8101 0.5849
vn -0.0911 -0.7098 0.6985
vn 0.0015 -0.5268 0.8500
vn -0.1044 0.7931 0.6001
vn 0.2590 0.7201 0.6437
vn 0.4022 -0.6028 0.6891
vn 0.2709 0.7965 0.5406
vn 0.4819 0.7030 0.5230
vn 0.1562 -0.6024 0.7828
vn 0.5526 0.7102 0.4363
vn 0.2780 -0.6191 0.7345
vn 0.3983 0.7546 0.5215
vn 0.3801 0.7513 0.5396
vn 0.5220 -0.5013 0.6901
vn 0.0717 0.8250 0.5605
vn 0.0101 0.7705 0.6374
vn 0.5751 -0.4934 0.6526
vn -0.0790 0.7571 0.6485
vn -0.3326 0.8035 0.4938
vn 0.5875 -0.7232 0.3631
vn -0.7422 -0.6671 0.0636
vn -0.5785 0.6893 0.4362
vn -0.5290 0.7767 0.3418
vn -0.7234 -0.6806 0.1165
vn -0.6224 0.7347 0.2699
vn -0.7371 -0.6053 0.3005
vn -0.6457 0.7418 0.1813
vn -0.5563 0.8299 0.0424
vn -0.7651 -0.5304 0.3652
vn -0.6227 0.7819 -0.0274
vn -0.8224 -0.5279 -0.2122
vn -0.7125 0.6842 0.1556
vn -0.5415 0.8362 0.0866
vn -0.6315 0.7589 -0.1587
vn -0.8318 -0.5514 -0.0629
vn -0.4948 0.8685 -0.0292
vn -0.8480 -0.5134 -0.1317
vn -0.3488 0.8144 -0.4637
vn -0.6188 -0.6511 -0.4395
vn -0.4313 0.7741 -0.4634
vn -0.2294 0.8507 -0.4729
vn -0.7021 -0.5339 -0.4711
vn -0.7611 -0.3649 -0.5362
vn 0.6347 -0.2942 -0.7146
vn -0.5053 0.7262 -0.4661
vn -0.5887 -0.6027 -0.5387
vn -0.5063 0.7723 -0.3837
vn 0.3033 -0.6835 -0.6640
vn 0.2100 0.6740 -0.7083
vn 0.1943 0.7595 -0.6209
vn 0.2660 -0.6815 -0.6818
vn 0.2526 0.7520 -0.6088
vn 0.2977 0.7379 -0.6056
vn 0.2350 -0.6359 -0.7351
vn 0.1590 -0.7028 -0.6934
vn 0.3322 0.7464 -0.5766
vn 0.1474 -0.6403 -0.7538
vn 0.3650 0.7762 -0.5140
vn 0.6641 0.7476 0.0010
vn 0.7162 -0.6920 0.0901
vn 0.7360 0.6769 -0.0063
vn 0.7501 -0.6613 0.0057
vn 0.7220 0.6902 0.0492
vn 0.6967 0.7122 0.0863
vn 0.5823 0.7989 0.1506
vn 0.7542 -0.6559 -0.0308
vn 0.2210 -0.6963 0.6829
vn 0.0538 0.6637 0.7461
vn -0.0556 0.8091 0.5851
vn 0.3063 -0.5775 0.7567
vn -0.1234 0.8126 0.5697
vn -0.9239 -0.3180 0.2129
vn 0.2109 -0.6898 0.6926
vn 0.0863 0.7084 0.7006
vn 0.1498 -0.6807 0.7171
vn 0.1654 0.7457 0.6454
vn 0.5140 0.1287 -0.8481
vn 0.2999 -0.5523 -0.7778
vn 0.4145 0.8154 -0.4042
vn 0.4887 -0.7324 -0.4741
vn 0.0852 0.6433 -0.7608
vn 0.1421 0.6491 -0.7473
vn 0.2036 0.6408 -0.7402
vn 0.4421 -0.7180 -0.5377
vn 0.2329 0.7364 -0.6352
vn 0.4243 -0.7309 -0.5346
vn 0.3982 -0.6065 -0.6882
vn 0.3022 0.7414 -0.5992
vn 0.3453 0.7910 -0.5051
vn 0.2969 -0.6858 -0.6645
vn 0.5462 -0.6493 0.5292
vn 0.5471 0.7405 0.3903
vn 0.4280 0.8148 0.3912
vn -0.1647 -0.5989 0.7837
vn -0.1681 0.7662 0.6203
vn -0.2391 0.7941 0.5587
vn -0.8845 -0.3792 -0.2717
vn 0.3088 -0.9280 0.2086
vn -0.3933 0.7099 0.5842
vn -0.3212 0.8059 0.4973
vn -0.1247 -0.5008 0.8565
vn -0.2948 -0.6260 0.7220
vn 0.0357 0.7311 0.6814
vn -0.1194 0.6665 0.7359
vn 0.0468 -0.7424 0.6683
vn -0.7583 -0.6169 -0.2106
vn -0.6028 0.7789 -0.1731
vn -0.5032 0.8306 -0.2385
vn -0.8251 -0.5560 -0.1003
vn -0.4825 0.8084 -0.3372
vn -0.4289 0.8010 -0.4176
vn -0.8226 -0.5442 -0.1649
vn 0.9776 0.0128 0.2102
vn 0.8227 0.0120 -0.5684
vn 0.9914 0.1311 -0.0030
vn 0.5378 0.0155 0.8429
vn 0.9999 0.0121 0.0001
vn 0.7072 0.0131 0.7069
vn 0.9385 0.0114 0.3450
vn 0.9387 0.0113 -0.3447
vn 0.7077 0.0131 -0.7064
vn 0.9999 0.0140 0.0093
vn 0.9255 0.0226 0.3780
vn 0.9424 -0.0026 0.3344
vn 0.7172 0.0281 0.6963
vn 0.9415 0.0291 0.3358
vn 0.7073 0.0255 0.7064
vn 0.9995 0.0290 -0.0096
vn 0.7272 0.0022 -0.6864
vn 0.9370 0.0165 -0.3490
vn 0.9489 -0.0102 -0.3154
vn 0.7044 0.0324 -0.7091
vn 0.5636 0.0844 -0.8217
vn 0.3213 0.1874 0.9282
vn 0.7050 0.1457 0.6941
vn 0.9067 0.1151 0.4058
vn 0.7257 0.1484 0.6718
vn 0.9944 0.1057 -0.0030
vn 0.9896 0.1261 -0.0694
vn 0.9338 0.0999 -0.3437
vn 0.9664 0.1277 0.2231
vn 0.9453 0.1419 0.2937
vn 0.9184 0.3262 -0.2239
vn 0.9451 0.3248 -0.0371
vn 0.9199 0.3874 -0.0603
vn -0.3339 0.6792 -0.6536
vn -0.7335 -0.6608 -0.1594
vn -0.7599 -0.5876 -0.2780
vn -0.6256 0.0187 0.7799
vn -0.7957 -0.2065 -0.5694
vn -0.6406 -0.6910 -0.3349
vn -0.3462 0.8249 -0.4469
vn -0.7045 -0.6299 -0.3270
vn -0.2917 0.8082 -0.5116
vn -0.6162 -0.6574 -0.4337
vn -0.5590 -0.6787 -0.4762
vn -0.3535 -0.4876 -0.7983
vn -0.5760 0.7765 -0.2555
vn -0.4521 -0.4422 -0.7747
vn -0.6738 0.6700 -0.3116
vn -0.5191 -0.6353 -0.5718
vn -0.4159 -0.6858 -0.5973
vn -0.4517 0.7568 -0.4725
vn -0.4978 0.7504 -0.4348
vn -0.3990 -0.6513 -0.6455
vn -0.2715 -0.5624 0.7810
vn -0.6617 0.6638 0.3485
vn -0.1813 -0.6363 0.7498
vn 0.7555 0.2558 0.6031
vn -0.5651 0.7389 0.3670
vn -0.3027 -0.6569 0.6905
vn -0.6062 0.7224 0.3326
vn -0.3632 -0.5205 0.7727
vn 0.6447 0.5557 0.5250
vn -0.7373 0.4922 0.4627
vn 0.0019 -0.6964 0.7176
vn -0.7005 0.6143 0.3633
vn -0.1941 -0.6028 0.7739
vn -0.0872 -0.6813 0.7267
vn -0.5125 0.8236 -0.2431
vn -0.4506 -0.7125 0.5379
vn -0.6465 -0.5631 0.5147
vn -0.7065 -0.6898 0.1585
vn -0.6383 0.7587 -0.1302
vn -0.7236 -0.6450 0.2458
vn -0.7132 -0.6359 0.2950
vn -0.7187 0.6484 -0.2511
vn -0.7040 -0.6289 0.3300
vn -0.6448 0.7347 -0.2108
vn -0.5681 -0.7821 0.2559
vn -0.7905 0.6026 -0.1092
vn -0.7116 -0.6910 0.1270
vn -0.5771 0.7166 0.3917
vn -0.3687 -0.6133 0.6985
vn -0.3836 -0.6238 0.6810
vn -0.6636 -0.5221 0.5358
vn -0.2356 0.8491 0.4728
vn -0.6066 -0.5245 0.5974
vn -0.5153 0.3453 0.7844
vn -0.2426 0.7154 0.6553
vn -0.6465 -0.6774 0.3510
vn -0.7278 0.6774 0.1069
vn -0.5225 -0.6186 0.5867
vn -0.6313 -0.5690 0.5270
vn -0.7013 0.6861 0.1935
vn -0.5790 -0.6870 0.4391
vn -0.4678 0.8398 0.2755
vn -0.6498 -0.6868 0.3258
vn -0.7576 -0.5653 0.3264
vn -0.2410 0.3473 -0.9063
vn -0.9504 -0.2917 0.1081
vn 0.4178 -0.6250 0.6594
vn 0.0953 0.7312 0.6755
vn 0.4537 -0.6980 0.5540
vn 0.4091 0.7552 0.5121
vn 0.1636 -0.7005 0.6946
vn 0.1662 -0.5416 0.8240
vn -0.0348 -0.7885 0.6141
vn 0.4824 0.8336 0.2691
vn -0.0150 -0.1920 -0.9813
vn 0.6467 0.7442 -0.1670
vn 0.1735 -0.9675 0.1838
vn 0.6391 0.7534 0.1546
vn 0.7359 -0.6615 -0.1443
vn 0.7603 -0.6419 -0.1000
vn -0.6245 0.7738 0.1064
vn -0.5796 -0.6767 0.4540
vn -0.6484 -0.6416 0.4097
vn -0.8830 0.1172 0.4545
vn -0.4539 0.8178 0.3539
vn -0.8176 -0.5158 0.2561
vn -0.5638 0.8063 0.1789
vn -0.6665 -0.6655 0.3360
vn -0.6767 0.7356 0.0304
vn -0.5397 -0.6768 0.5008
vn -0.6758 0.7203 -0.1562
vn -0.7054 -0.6657 0.2434
vn -0.8467 -0.5189 0.1177
vn -0.6088 -0.7922 -0.0417
vn -0.6619 0.7496 0.0091
vn -0.8944 -0.4461 0.0306
vn -0.9896 0.0876 0.1139
vn -0.3818 0.9133 0.1420
vn -0.6703 0.7402 -0.0524
vn -0.7813 -0.5636 0.2682
vn -0.6204 0.7117 -0.3297
vn -0.7305 -0.5712 0.3742
vn -0.8098 -0.5868 0.0041
vn -0.5825 0.6553 -0.4809
vn -0.7616 -0.6402 0.1004
vn -0.8084 -0.5833 -0.0785
vn -0.6109 0.6698 -0.4221
vn -0.5873 0.7974 -0.1386
vn -0.3001 -0.9495 -0.0913
vn -0.2862 -0.0213 0.9579
vn -0.6920 -0.7201 -0.0502
vn -0.5640 0.7476 -0.3507
vn -0.7806 -0.6051 -0.1566
vn -0.5120 0.8161 -0.2679
vn -0.7374 0.6500 0.1838
vn -0.3928 -0.6078 0.6901
vn -0.4510 -0.5877 0.6717
vn -0.4203 -0.6416 0.6416
vn -0.6098 0.7819 0.1296
vn 0.5310 -0.6198 0.5779
vn -0.0422 0.6819 0.7303
vn 0.5508 -0.6401 0.5357
vn -0.0760 0.8292 0.5538
vn 0.4761 -0.6007 0.6422
vn 0.2390 0.4519 0.8595
vn 0.2029 0.8206 0.5343
vn 0.7935 -0.4738 0.3820
vn 0.2524 0.7367 0.6274
vn 0.7667 -0.5963 0.2379
vn -0.6697 -0.3981 0.6270
vn -0.9389 0.2457 -0.2412
vn 0.7036 0.6096 -0.3652
vn -0.6016 -0.5299 -0.5977
vn -0.0603 -0.1478 -0.9872
vn 0.4289 0.1937 0.8823
vn -0.2573 0.5605 0.7871
vn 0.8357 -0.5365 0.1174
vn -0.3104 0.3163 0.8964
vn -0.6090 0.6690 0.4262
vn 0.4363 -0.6515 0.6206
vn 0.2151 0.7428 -0.6340
vn -0.7212 -0.6655 -0.1925
vn -0.6081 -0.1881 -0.7712
vn 0.4312 0.6431 0.6329
vn 0.9949 -0.0978 -0.0238
vn 0.5608 -0.6177 -0.5513
vn 0.8151 0.5747 -0.0731
vn -0.1837 -0.3282 -0.9266
vn 0.1652 -0.1609 -0.9730
vn 0.1556 0.7829 0.6024
vn -0.8559 0.4230 -0.2974
vn -0.5176 -0.4364 0.7359
vn -0.3234 0.4707 -0.8209
vn 0.5465 0.7837 0.2953
vn 0.3762 -0.7074 -0.5984
vn 0.8143 -0.2872 -0.5044
vn -0.6253 0.7379 0.2540
vn -0.0945 -0.5649 0.8197
vn -0.3904 -0.1552 0.9075
vn -0.5004 -0.6081 -0.6163
vn 0.5811 0.6713 -0.4600
vn -0.3729 -0.5084 -0.7762
vn 0.0444 0.5548 0.8308
vn 0.8702 -0.4685 0.1526
vn 0.3741 0.6076 0.7006
vn 0.8499 -0.5003 0.1658
vn 0.1797 -0.8677 -0.4634
vn 0.2109 0.8001 -0.5615
vn -0.4302 -0.4398 -0.7884
vn 0.6305 0.6349 0.4465
vn -0.7647 0.5561 0.3254
vn -0.0400 -0.5294 0.8474
vn -0.3839 0.2130 0.8984
vn -0.3387 0.8559 -0.3909
vn -0.7649 -0.6379 -0.0890
vn -0.8630 0.4865 0.1363
vn 0.3376 0.6985 -0.6310
vn -0.4987 -0.8637 0.0732
vn -0.4341 -0.3836 -0.8151
vn 0.4459 0.8142 0.3717
vn 0.8209 -0.2774 -0.4991
vn -0.2730 0.4961 -0.8242
vn 0.4302 0.6077 0.6676
vn -0.5961 0.7504 -0.2856
vn -0.6707 -0.2510 0.6979
vn 0.0879 0.4835 0.8709
vn -0.6604 0.6727 -0.3336
vn -0.7429 -0.5129 0.4302
vn -0.7155 0.5836 -0.3840
vn -0.6862 -0.5214 0.5072
vn 0.5481 0.8308 -0.0964
vn 0.6051 -0.7556 -0.2509
vn -0.0998 -0.9924 0.0718
vn 0.5757 0.8156 0.0577
vn 0.7803 -0.5414 -0.3131
vn 0.5780 0.5565 0.5969
vn 0.2747 0.7496 0.6022
vn 0.8142 -0.5243 0.2493
vn 0.5040 0.5037 -0.7016
vn -0.5516 -0.5772 -0.6022
vn -0.0546 0.8490 0.5256
vn 0.8709 -0.4346 0.2295
vn 0.7400 0.4959 0.4544
vn -0.5877 0.7937 0.1569
vn -0.2763 -0.3146 0.9081
vn 0.2163 0.4851 -0.8473
vn 0.2751 0.8628 -0.4241
vn 0.2395 -0.6128 -0.7531
vn 0.1298 -0.6513 -0.7476
vn 0.4239 0.8058 -0.4136
vn 0.0600 -0.5686 -0.8204
vn -0.0681 0.3861 0.9199
vn -0.5723 0.7510 -0.3295
vn -0.7659 -0.5880 0.2602
vn 0.7608 0.6262 0.1703
vn -0.6786 0.5553 0.4808
vn 0.1587 -0.5440 0.8239
vn 0.7171 0.3883 0.5787
vn -0.3605 0.6265 0.6910
vn 0.2749 -0.6136 0.7402
vn -0.6723 0.6771 -0.2993
vn -0.7754 -0.6279 0.0670
vn -0.1800 0.2188 0.9590
vn 0.7629 0.6344 0.1245
vn 0.0484 0.7500 0.6597
vn 0.9394 -0.2528 0.2317
vn -0.8329 -0.4752 -0.2837
vn 0.0915 0.6057 -0.7905
vn -0.8183 -0.3937 -0.4187
vn -0.4453 0.4922 -0.7480
vn 0.6616 0.7343 0.1520
vn 0.5410 -0.4500 -0.7105
vn 0.5206 -0.4326 -0.7361
vn 0.0627 0.6960 0.7153
vn -0.6471 0.7480 -0.1477
vn -0.4994 -0.2600 0.8264
vn -0.0990 -0.5084 -0.8554
vn 0.3879 0.6186 -0.6833
vn -0.2289 -0.6700 -0.7062
vn -0.0586 -0.5357 -0.8424
vn 0.3798 0.7160 -0.5858
vn 0.2842 0.8055 -0.5199
vn -0.1466 0.3361 0.9303
vn -0.4612 0.8187 -0.3422
vn -0.7934 -0.5958 0.1248
vn -0.8114 -0.5650 0.1497
vn -0.6775 0.6200 -0.3957
vn -0.7406 -0.6374 0.2127
vn -0.4844 0.7687 -0.4177
vn -0.4473 0.2638 -0.8546
vn 0.5448 0.8368 -0.0544
vn 0.6184 -0.5837 -0.5262
vn 0.4904 -0.6470 -0.5839
vn 0.8267 0.5501 -0.1186
vn -0.2427 -0.9124 -0.3295
vn 0.5916 0.8059 0.0225
vn -0.8372 0.3349 0.4324
vn -0.0273 0.7534 -0.6570
vn -0.5709 -0.5554 -0.6046
vn 0.9487 0.2619 0.1771
vn -0.3384 0.7636 0.5500
vn -0.0108 -0.4885 0.8725
vn 0.5894 0.7303 0.3454
vn 0.8575 -0.5108 -0.0610
vn -0.1340 0.8075 -0.5745
vn -0.5220 -0.6282 -0.5769
vn -0.4498 -0.6433 -0.6195
vn -0.8995 0.0312 0.4359
vn -0.1717 0.9098 -0.3780
vn -0.4246 -0.4073 -0.8086
vn 0.4363 0.0895 0.8953
vn -0.5551 0.8023 0.2196
vn -0.7871 -0.4301 0.4422
vn -0.7318 -0.4668 0.4965
vn -0.6403 0.7668 0.0454
vn -0.5954 -0.5866 0.5490
vn 0.7654 -0.5934 0.2489
vn 0.3266 0.6976 0.6377
vn 0.7377 -0.6521 0.1751
vn 0.5957 0.2700 -0.7565
vn 0.2785 0.7998 0.5317
vn 0.7140 -0.6587 0.2373
vn 0.5931 0.7083 -0.3828
vn 0.2798 -0.5871 -0.7596
vn -0.7425 0.3381 -0.5783
vn 0.6642 0.6697 -0.3321
vn 0.1516 -0.6540 -0.7412
vn 0.2736 -0.5516 -0.7880
vn -0.4769 0.7827 -0.4000
vn -0.8170 -0.5554 -0.1554
vn -0.3709 0.2583 0.8920
vn -0.4261 0.7736 -0.4691
vn -0.7799 -0.6231 -0.0586
vn -0.5115 0.7227 0.4648
vn -0.0042 -0.5944 0.8041
vn -0.0786 -0.5587 0.8257
vn 0.6803 0.7280 0.0844
vn 0.6538 -0.6519 -0.3841
vn 0.6683 -0.6799 -0.3017
vn 0.5931 0.8051 -0.0116
vn 0.7715 -0.5899 -0.2383
vn 0.5225 0.8472 -0.0958
vn 0.0476 0.6632 0.7469
vn 0.4069 -0.6002 0.6885
vn 0.9342 0.2496 -0.2551
vn 0.4584 -0.5394 0.7063
vn -0.1037 0.6453 0.7569
vn 0.4935 -0.6495 0.5784
vn 0.4117 -0.5901 0.6944
vn -0.1061 0.7497 0.6533
vn 0.2640 0.7720 -0.5782
vn -0.1411 -0.5548 -0.8199
vn -0.9624 0.2650 -0.0602
vn 0.3154 0.7467 -0.5856
vn -0.1944 -0.5740 -0.7955
vn 0.3562 0.7083 -0.6095
vn -0.2555 -0.6054 -0.7539
vn 0.1271 0.4086 -0.9038
vn 0.6239 0.7794 -0.0576
vn 0.5323 -0.6511 -0.5411
vn 0.6521 0.7581 -0.0113
vn 0.6042 -0.5723 -0.5544
vn -0.7414 0.6568 0.1374
vn -0.4607 -0.6310 0.6241
vn -0.5341 -0.5924 0.6032
vn -0.6054 0.7935 0.0612
vn -0.5304 -0.6300 0.5673
vn -0.5558 0.8218 0.1254
vn 0.5247 0.2633 0.8096
vn -0.8376 -0.5264 -0.1461
vn -0.4465 0.6744 -0.5881
vn -0.7525 -0.6585 -0.0094
vn -0.8259 -0.5277 -0.1985
vn -0.4273 0.7191 -0.5481
vn -0.8154 -0.5276 -0.2381
vn -0.3757 0.7935 -0.4787
vn -0.3888 -0.6018 -0.6977
vn 0.1572 0.7231 -0.6726
vn -0.4391 -0.6031 -0.6660
vn -0.2948 -0.6533 -0.6974
vn 0.0875 0.7928 -0.6031
vn -0.3299 -0.6508 -0.6838
vn -0.0181 0.6438 -0.7649
vn -0.2617 -0.6624 -0.7019
vn -0.9056 0.2282 -0.3576
vn -0.0106 0.8476 -0.5306
vn 0.5129 -0.5478 -0.6610
vn 0.6217 0.7479 -0.2326
vn 0.4453 -0.5458 -0.7098
vn 0.7117 0.6750 -0.1945
vn 0.3387 -0.6134 -0.7134
vn 0.8295 -0.5392 -0.1459
vn 0.6204 0.6798 0.3911
vn 0.7271 -0.6481 -0.2264
vn 0.6081 0.7497 0.2610
vn 0.8627 -0.5010 -0.0691
vn 0.1271 0.2649 -0.9559
vn 0.8542 0.0345 0.5188
vn -0.2321 0.8190 0.5248
vn 0.0880 -0.4344 0.8964
vn -0.2985 0.8003 0.5201
vn 0.1923 -0.5630 0.8038
vn -0.3217 0.6824 0.6564
vn 0.2624 -0.6048 0.7519
vn -0.6968 0.7164 0.0362
vn -0.5255 -0.5916 0.6114
vn -0.4927 -0.6516 0.5768
vn -0.7392 0.6729 0.0293
vn -0.4640 -0.6357 0.6169
vn -0.5510 0.8321 0.0625
vn -0.5789 -0.6087 0.5425
vn -0.6468 0.7606 0.0565
vn -0.5010 -0.5635 -0.6569
vn -0.3251 0.7781 -0.5375
vn -0.5938 -0.4847 -0.6422
vn -0.3695 0.8448 -0.3872
vn -0.7646 -0.1040 0.6360
vn -0.2030 0.6689 -0.7151
vn -0.7065 -0.5962 -0.3813
vn -0.6654 -0.5985 -0.4462
vn 0.5412 0.3756 0.7523
vn 0.0245 0.7270 0.6862
vn 0.8232 -0.4581 0.3354
vn -0.6317 -0.5652 0.5306
vn -0.7448 0.6664 0.0338
vn -0.5596 -0.5856 0.5865
vn -0.6680 0.7212 0.1833
vn -0.7573 -0.4542 0.4692
vn -0.8939 -0.0280 0.4474
vn -0.6986 0.7045 0.1256
vn 0.3932 0.5644 0.7259
vn 0.6266 -0.5024 -0.5958
vn 0.0536 0.7886 -0.6126
vn 0.6006 0.7964 0.0715
vn 0.3877 -0.5158 -0.7640
vn 0.6449 -0.2615 -0.7181
vn -0.6326 0.7218 0.2806
vn 0.3826 0.6232 -0.6821
vn -0.7823 -0.5637 -0.2651
vn 0.2689 0.6003 -0.7532
vn 0.1407 0.7228 0.6766
vn 0.9222 -0.3833 -0.0515
vn 0.7371 0.5726 0.3591
vn -0.7052 0.5932 0.3884
vn 0.0833 -0.5282 0.8450
vn -0.7171 0.6026 0.3501
vn 0.1705 -0.5814 0.7956
vn -0.9503 -0.2764 -0.1430
vn -0.6833 0.3106 -0.6607
vn -0.2210 -0.6983 0.6809
vn 0.6583 0.7489 -0.0760
vn 0.0512 -0.4792 -0.8762
vn -0.7212 0.5506 -0.4204
vn 0.3317 -0.2400 -0.9123
vn -0.9509 0.2906 -0.1064
vn -0.6986 -0.5892 0.4059
vn 0.3100 0.7462 -0.5891
vn -0.6612 -0.2578 -0.7045
vn -0.6864 0.6122 0.3925
vn 0.4539 0.7504 0.4805
vn 0.8630 -0.2725 -0.4254
vn -0.5579 0.8027 0.2109
vn 0.0509 -0.3011 0.9522
vn 0.8510 0.4979 0.1672
vn -0.9950 -0.0947 0.0328
vn -0.8813 -0.3593 0.3069
vn 0.4364 -0.4282 0.7914
vn 0.5710 -0.6199 0.5382
vn -0.0384 0.6954 0.7176
vn 0.5757 -0.6140 0.5400
vn 0.4673 -0.6515 0.5977
vn 0.0933 0.6870 0.7206
vn 0.5173 -0.6077 0.6027
vn 0.0943 0.7954 0.5986
vn -0.0148 -0.5779 0.8160
vn -0.4603 0.7123 0.5299
vn 0.0671 -0.5898 0.8048
vn -0.1502 -0.6098 0.7782
vn -0.3097 0.7822 0.5405
vn -0.0864 -0.5999 0.7954
vn -0.1401 0.7631 -0.6309
vn -0.1234 -0.5276 -0.8405
vn -0.0558 -0.5176 -0.8538
vn -0.1906 0.7110 -0.6768
vn -0.2085 -0.6047 -0.7687
vn 0.1171 0.7418 -0.6603
vn -0.2835 -0.5969 -0.7506
vn -0.0239 0.7967 -0.6039
vn 0.6534 -0.7110 0.2600
vn 0.5034 0.7700 0.3921
vn 0.7684 -0.6005 0.2212
vn 0.4420 -0.1850 -0.8778
vn 0.6198 0.7721 0.1400
vn 0.7995 -0.3839 0.4619
vn 0.7617 -0.5151 0.3931
vn 0.4952 0.8201 0.2867
vn 0.4377 0.7687 0.4664
vn 0.7809 -0.6087 0.1404
vn 0.6326 0.7606 0.1459
vn 0.7512 -0.6200 -0.2263
vn 0.7336 -0.6270 -0.2620
vn 0.7252 0.6585 0.2014
vn 0.6555 -0.6954 -0.2946
vn 0.2775 -0.6137 -0.7391
vn 0.6708 0.6795 -0.2972
vn 0.2239 -0.6423 -0.7330
vn 0.2938 0.8582 -0.4208
vn 0.5946 -0.4926 -0.6354
vn 0.3962 0.6328 -0.6653
vn 0.4747 0.7699 -0.4265
vn 0.5179 -0.5494 -0.6557
vn 0.3346 -0.6266 -0.7038
vn 0.5538 0.7805 -0.2900
vn 0.1308 0.7050 0.6970
vn 0.6686 -0.6489 0.3631
vn 0.6499 -0.5841 0.4863
vn 0.5905 -0.6321 0.5018
vn 0.1901 0.7645 0.6159
vn 0.5511 -0.6132 0.5659
vn 0.2516 0.8081 0.5326
vn 0.4815 0.6761 -0.5578
vn -0.0883 -0.6108 -0.7869
vn -0.0899 -0.6243 -0.7760
vn -0.9556 -0.0189 -0.2940
vn 0.1841 0.8368 -0.5156
vn 0.2188 -0.6202 -0.7533
vn 0.3833 0.7735 -0.5047
vn 0.0273 -0.5675 -0.8229
vn 0.0957 -0.5751 -0.8125
vn 0.0888 0.7754 0.6252
vn 0.1742 -0.4872 0.8558
vn 0.1243 -0.5310 0.8382
vn -0.2373 0.7249 0.6467
vn 0.3838 -0.5853 0.7142
vn 0.3651 -0.6738 0.6424
vn 0.2515 -0.5585 0.7905
vn -0.1445 0.7469 0.6490
vn -0.2541 -0.6951 -0.6726
vn -0.2908 0.8758 -0.3854
vn -0.3407 -0.6320 -0.6960
vn -0.1965 0.8508 -0.4873
vn -0.3447 -0.6446 -0.6824
vn -0.0894 0.6947 -0.7137
vn -0.5600 -0.6173 -0.5526
vn -0.4943 -0.5720 -0.6546
vn -0.4296 -0.5562 -0.7114
vn -0.1330 0.7234 -0.6775
vn 0.5502 0.7387 -0.3895
vn 0.6795 -0.6927 -0.2418
vn 0.8630 0.2611 -0.4325
vn 0.4407 0.8690 -0.2252
vn 0.6563 -0.6765 -0.3342
vn 0.5570 0.8044 0.2065
vn 0.6509 -0.5052 0.5667
vn 0.5658 -0.5718 0.5940
vn 0.7972 0.3787 0.4701
vn 0.4691 0.8166 0.3363
vn 0.5770 -0.7061 0.4105
vn 0.7368 -0.5609 0.3775
vn 0.3361 0.7516 0.5676
vn 0.7501 -0.6156 0.2416
vn -0.9603 -0.2777 -0.0247
vn -0.0195 0.0557 -0.9983
vn -0.2127 -0.6691 -0.7121
vn 0.3236 0.7258 -0.6071
vn -0.3005 -0.6127 -0.7309
vn -0.3597 -0.5272 0.7699
vn -0.1716 0.8281 0.5337
vn -0.2971 -0.5308 0.7937
vn -0.0830 0.8310 0.5500
vn -0.3110 -0.7666 0.5617
vn -0.3496 0.7984 0.4902
vn -0.0648 -0.6743 0.7357
vn -0.1648 -0.6600 0.7330
vn -0.6645 -0.6748 -0.3211
vn -0.3495 0.7672 -0.5378
vn -0.7401 -0.6240 -0.2507
vn -0.3171 0.7001 -0.6397
vn -0.7548 -0.6268 -0.1934
vn -0.6297 -0.4768 -0.6133
vn -0.6327 0.7045 -0.3216
vn -0.5973 -0.6352 -0.4896
vn -0.8428 0.4527 -0.2912
vn -0.8856 0.2240 -0.4069
vn 0.1740 -0.6411 -0.7475
vn 0.4770 0.7587 -0.4437
vn 0.1258 -0.6293 -0.7669
vn 0.5659 -0.6780 -0.4692
vn -0.1276 0.8126 -0.5687
vn 0.5905 -0.3873 -0.7080
vn -0.6771 -0.6145 -0.4049
vn -0.2579 0.7753 -0.5766
vn 0.7089 -0.5746 -0.4089
vn 0.2445 0.8440 -0.4774
vn 0.3239 -0.5502 -0.7696
vn 0.3810 -0.6567 -0.6508
vn 0.5185 0.3658 0.7729
vn 0.3102 0.8667 0.3907
vn 0.3805 -0.5008 0.7775
vn -0.8244 -0.5658 0.0164
vn -0.5820 0.8123 -0.0389
vn -0.7900 -0.6015 0.1183
vn -0.8684 -0.4923 -0.0592
vn -0.4925 0.8652 0.0943
vn -0.9364 0.3164 0.1520
vn -0.6439 0.7299 0.2294
vn -0.9021 -0.3149 0.2949
vn -0.4375 0.7621 -0.4773
vn -0.1792 -0.3951 -0.9010
vn -0.1794 -0.5175 -0.8367
vn -0.2673 -0.6804 -0.6823
vn -0.1549 0.8144 -0.5592
vn -0.3646 -0.6066 -0.7065
vn 0.9306 -0.3421 0.1303
vn 0.3995 0.8360 -0.3762
vn 0.9010 -0.4214 0.1033
vn 0.7273 -0.6780 -0.1065
vn 0.6264 0.7689 0.1281
vn 0.7308 -0.6632 -0.1614
vn 0.7924 -0.6096 -0.0196
vn 0.6273 0.7766 0.0581
vn -0.7840 -0.5912 -0.1893
vn -0.3536 0.7542 -0.5532
vn -0.8009 -0.5801 -0.1483
vn -0.8211 -0.4823 -0.3053
vn -0.7158 0.6980 0.0221
vn -0.4995 -0.6032 0.6218
vn -0.6370 -0.5169 0.5719
vn -0.6937 -0.5396 0.4771
vn -0.5792 0.8065 0.1189
vn -0.6166 -0.5987 0.5113
vn 0.4840 0.0404 0.8741
vn -0.5934 0.7634 0.2553
vn -0.1251 0.9166 -0.3796
vn -0.5562 -0.4814 -0.6774
vn -0.5006 -0.5575 -0.6623
vn -0.0729 0.8431 -0.5327
vn -0.5785 -0.6793 -0.4515
vn -0.3565 0.8239 0.4407
vn 0.0791 -0.5703 0.8176
vn -0.2531 0.6051 0.7548
vn 0.1464 -0.5984 0.7877
vn -0.4152 0.7294 0.5437
vn 0.1993 -0.6139 0.7638
vn 0.7826 -0.4795 0.3970
vn 0.2851 0.7486 0.5986
vn 0.7747 -0.5747 0.2639
vn 0.7230 -0.5919 0.3563
vn 0.3671 0.7272 0.5800
vn 0.6060 0.2622 -0.7510
vn 0.7180 0.6604 -0.2198
vn 0.4219 -0.5694 -0.7056
vn 0.3538 -0.6658 -0.6569
vn 0.5338 -0.5201 -0.6668
vn 0.6994 0.6719 -0.2437
vn 0.5100 0.6764 0.5313
vn 0.7885 -0.6137 -0.0415
vn 0.8270 -0.5605 0.0441
vn 0.4039 0.7858 0.4684
vn 0.8561 -0.4996 0.1322
vn 0.3430 0.2580 -0.9032
vn 0.4782 0.7725 0.4178
vn 0.0306 -0.5796 0.8143
vn -0.2119 0.7752 0.5951
vn 0.0832 -0.5961 0.7986
vn 0.9794 0.1715 0.1065
vn 0.7421 -0.5844 -0.3281
vn 0.6595 0.7083 0.2515
vn 0.6865 -0.6145 -0.3887
vn 0.6548 0.7287 0.2007
vn 0.7943 -0.5475 -0.2635
vn -0.1001 0.2874 -0.9526
vn -0.9592 0.2599 -0.1117
vn 0.2847 0.7428 -0.6060
vn -0.0757 -0.4916 -0.8675
vn -0.1669 -0.5927 -0.7880
vn 0.3882 0.7197 -0.5756
vn -0.2309 -0.6141 -0.7547
vn 0.3404 0.7452 -0.5734
vn -0.5357 0.6718 0.5116
vn -0.0708 -0.5827 0.8096
vn -0.1733 -0.5308 0.8296
vn -0.4262 0.6624 0.6161
vn 0.1911 -0.6434 0.7413
vn 0.1456 -0.5896 0.7945
vn -0.3993 0.7326 0.5512
vn -0.2903 0.4564 0.8410
vn -0.5751 -0.6454 0.5027
vn -0.7411 0.6695 0.0501
vn -0.5551 -0.6013 0.5747
vn -0.7104 -0.5199 0.4744
vn -0.6827 0.7148 0.1516
vn -0.5995 -0.6349 0.4873
vn 0.4215 0.0298 0.9064
vn -0.7145 0.6947 0.0830
vn -0.7503 -0.6428 0.1548
vn -0.7978 0.4775 -0.3681
vn -0.0567 -0.9165 0.3959
vn -0.5300 0.7632 -0.3696
vn -0.7667 -0.6322 0.1121
vn -0.1729 0.2600 0.9500
vn -0.5421 0.7887 -0.2899
vn 0.3592 -0.4871 -0.7960
vn 0.6603 0.6758 -0.3276
vn 0.1728 -0.6589 -0.7321
vn 0.6203 0.4785 -0.6215
vn 0.5908 0.7585 -0.2751
vn 0.2437 -0.6932 -0.6782
vn -0.9247 0.3323 -0.1857
vn 0.3902 0.7522 -0.5309
vn 0.0127 -0.4305 -0.9025
vn -0.4301 0.6165 -0.6595
vn -0.7205 -0.6416 -0.2632
vn -0.5932 0.3301 0.7342
vn -0.2813 0.7106 -0.6449
vn -0.7568 -0.6085 -0.2387
vn 0.3708 0.7606 0.5329
vn 0.7969 -0.6037 0.0221
vn 0.8679 -0.4662 0.1712
vn -0.0223 0.8321 0.5542
vn 0.1507 -0.6044 0.7823
vn 0.0732 -0.7160 0.6942
vn 0.1525 0.8663 0.4756
vn -0.0794 -0.6725 0.7359
vn -0.0026 -0.6235 0.7818
vn 0.6174 0.7854 -0.0449
vn 0.8199 -0.4733 0.3220
vn 0.8091 -0.4428 0.3864
vn 0.5412 0.8103 -0.2247
vn 0.3912 -0.8171 0.4234
vn 0.2643 -0.4395 -0.8585
vn 0.6076 0.7369 0.2963
vn 0.7300 -0.6760 0.1006
vn 0.6875 -0.7085 0.1596
vn 0.7564 -0.6051 0.2484
vn 0.6072 0.7567 0.2423
vn -0.1784 0.3057 -0.9353
vn -0.2607 0.8491 -0.4593
vn 0.1280 -0.6631 -0.7375
vn -0.0852 -0.6779 -0.7302
vn 0.1057 0.7586 -0.6429
vn -0.1289 -0.6676 -0.7333
vn 0.4819 0.7704 -0.4174
vn 0.7372 -0.6750 -0.0308
vn 0.7796 0.3598 -0.5126
vn 0.2477 0.8089 0.5332
vn 0.5745 -0.5983 0.5586
vn 0.5126 -0.5900 0.6238
vn 0.6679 0.6146 0.4197
vn 0.4268 0.8933 0.1408
vn 0.3734 -0.4767 0.7958
vn 0.6948 -0.5371 -0.4784
vn 0.6794 0.7151 0.1648
vn 0.2991 -0.4623 0.8347
vn 0.3259 -0.7472 0.5792
vn 0.3886 0.7967 0.4628
vn 0.4023 0.7925 0.4584
vn -0.3204 -0.4939 0.8083
vn -0.1436 0.8532 0.5015
vn -0.2372 -0.5656 0.7898
vn -0.2785 0.8488 0.4494
vn -0.1256 -0.5478 0.8271
vn 0.0209 0.8842 0.4666
vn -0.3941 -0.5305 0.7505
vn -0.4686 -0.5093 0.7218
vn 0.1356 0.8716 0.4710
vn -0.5205 -0.4996 0.6925
vn 0.3052 0.7719 0.5577
vn -0.5707 -0.4982 0.6528
vn -0.6741 -0.4413 0.5924
vn 0.6436 -0.5149 -0.5664
vn 0.1388 0.7479 -0.6492
vn 0.5611 -0.6383 -0.5269
vn 0.3709 0.7065 -0.6027
vn 0.4065 -0.6799 -0.6103
vn 0.4540 -0.6985 -0.5532
vn -0.2824 0.7355 -0.6158
vn 0.6869 -0.6656 -0.2918
vn 0.5316 -0.0226 -0.8467
vn 0.4309 0.7501 -0.5017
vn 0.3274 -0.6947 -0.6405
vn 0.1152 0.5762 -0.8091
vn 0.6934 -0.5875 -0.4172
vn 0.4300 -0.6038 0.6712
vn 0.4847 0.7450 0.4583
vn 0.4520 -0.6838 0.5729
vn 0.6626 0.3996 0.6335
vn 0.5894 -0.7260 0.3542
vn 0.1670 0.5641 0.8087
vn 0.6309 -0.7194 0.2907
vn 0.3486 0.5480 0.7604
vn 0.5192 -0.7655 0.3801
vn 0.5090 -0.7702 0.3843
vn 0.4807 -0.7155 0.5070
vn 0.4405 0.5127 0.7369
vn 0.3878 0.7538 0.5306
vn 0.3067 -0.5505 0.7765
vn -0.1911 0.7755 0.6018
vn 0.3413 -0.4789 0.8088
vn -0.1137 -0.6733 0.7306
vn 0.1966 0.8582 0.4742
vn 0.0145 -0.3392 0.9406
vn 0.3682 0.9184 -0.1450
vn 0.2105 0.5403 0.8147
vn 0.9334 -0.3587 -0.0104
vn 0.0122 0.8941 0.4477
vn 0.1285 -0.5012 0.8558
vn 0.0805 -0.6054 0.7919
vn -0.6038 0.7825 0.1520
vn -0.5717 -0.5449 0.6134
vn -0.6257 -0.5922 0.5078
vn -0.0768 0.6893 0.7204
vn -0.2145 -0.7872 -0.5782
vn 0.3105 -0.6905 0.6533
vn -0.1300 0.7521 0.6461
vn -0.8936 -0.3619 0.2655
vn -0.8061 -0.5326 0.2578
vn -0.2546 0.8593 0.4436
vn -0.7671 -0.5670 0.3001
vn -0.6461 0.7633 -0.0007
vn -0.4882 -0.5195 0.7013
vn -0.2355 -0.6458 0.7263
vn -0.6138 0.6886 0.3861
vn -0.1910 -0.6324 0.7507
vn -0.3011 -0.6598 0.6885
vn -0.5946 0.6908 0.4114
vn -0.3784 -0.6830 0.6248
vn -0.5046 0.7139 0.4856
vn -0.4556 -0.6757 0.5795
vn -0.4040 0.7040 0.5840
vn -0.7225 -0.6147 0.3164
vn -0.7144 0.6123 -0.3388
vn -0.0361 -0.5446 -0.8379
vn -0.4038 -0.6865 -0.6047
vn -0.0961 0.7458 -0.6592
vn -0.4263 -0.6835 -0.5925
vn -0.3301 -0.7032 -0.6297
vn -0.1993 0.7592 -0.6195
vn 0.5938 -0.4138 -0.6901
vn 0.2165 0.9657 -0.1433
vn 0.4862 -0.4188 -0.7669
vn 0.6510 -0.4132 -0.6367
vn 0.1078 0.9520 -0.2865
vn 0.0147 0.9261 -0.3771
vn 0.7274 -0.4102 -0.5501
vn 0.8068 -0.1706 -0.5657
vn -0.1942 0.9031 -0.3830
vn 0.4648 0.4194 -0.7798
vn -0.0775 0.7782 -0.6232
vn 0.8877 -0.0937 0.4508
vn 0.3671 0.9109 -0.1884
vn 0.9038 -0.1691 0.3930
vn 0.5726 0.8041 -0.1596
vn 0.4167 -0.4333 -0.7991
vn 0.8886 -0.4246 0.1737
vn 0.3339 0.9092 0.2488
vn 0.8957 -0.4239 0.1346
vn 0.8800 -0.4138 0.2333
vn 0.4150 0.8952 0.1624
vn 0.3171 0.9480 0.0253
vn 0.8631 -0.4053 0.3012
vn 0.5825 0.6800 0.4453
vn 0.2586 -0.6715 0.6944
vn 0.1752 -0.6694 0.7219
vn 0.7030 0.6768 0.2187
vn 0.1818 -0.5865 0.7893
vn -0.2380 -0.7930 0.5609
vn 0.7176 -0.5252 -0.4574
vn 0.6502 0.6643 0.3687
vn 0.5878 -0.6233 0.5157
vn 0.1424 0.6515 0.7452
vn 0.6471 -0.6144 0.4514
vn 0.4917 -0.7120 0.5013
vn 0.1943 0.7269 0.6587
vn 0.4411 -0.6369 0.6323
vn 0.2467 0.7900 0.5613
vn 0.3527 -0.6729 0.6502
vn 0.3249 0.8196 0.4719
vn 0.7151 -0.6038 -0.3523
vn 0.7015 0.6955 -0.1554
vn 0.6455 -0.6415 -0.4145
vn -0.3448 -0.2564 -0.9030
vn 0.5014 0.7617 -0.4103
vn 0.8035 -0.5528 -0.2211
vn 0.7600 -0.5968 -0.2574
vn 0.6444 0.7306 -0.2257
vn 0.6176 0.7370 -0.2745
vn 0.5512 -0.5561 -0.6221
vn 0.5832 0.7859 -0.2054
vn 0.4577 -0.5758 -0.6775
vn 0.7400 -0.4750 -0.4763
vn 0.2791 0.8555 -0.4362
vn 0.5810 -0.6878 -0.4351
vn 0.7804 -0.6252 0.0047
vn 0.4923 0.6637 0.5631
vn 0.7889 -0.6145 0.0070
vn 0.7991 -0.4915 0.3462
vn 0.5923 0.7685 0.2420
vn 0.7544 -0.5924 0.2829
vn 0.6140 0.6969 0.3706
vn 0.6882 -0.6999 0.1912
vn 0.4509 0.7368 0.5038
vn 0.8104 -0.5722 0.1257
vn 0.6865 0.7263 -0.0351
vn 0.4993 -0.5786 -0.6450
vn 0.5342 -0.5729 -0.6217
vn 0.6646 0.7440 -0.0696
vn 0.7541 0.6090 -0.2459
vn 0.2102 -0.6210 0.7551
vn 0.6481 0.7615 -0.0061
vn -0.0252 -0.4925 0.8699
vn -0.8714 -0.4225 -0.2493
vn -0.3066 0.9154 -0.2610
vn -0.8794 -0.4089 -0.2438
vn -0.8808 -0.2846 -0.3785
vn -0.3346 0.9059 -0.2595
vn -0.7950 -0.4109 -0.4462
vn -0.3034 0.9467 -0.1081
vn -0.7894 -0.3947 -0.4702
vn -0.3216 0.9469 0.0067
vn -0.5534 0.8284 -0.0868
vn -0.7454 -0.4046 -0.5298
vn -0.2788 0.9341 0.2232
vn -0.7975 -0.1974 -0.5701
vn 0.3977 -0.6623 -0.6349
vn 0.5964 0.7314 -0.3309
vn 0.3486 -0.6136 -0.7085
vn 0.5997 -0.5785 -0.5530
vn 0.3868 0.7902 -0.4753
vn 0.4812 -0.6721 -0.5627
vn 0.6601 -0.5731 -0.4856
vn 0.2823 0.7978 -0.5327
vn -0.4991 -0.7001 0.5106
vn -0.3944 0.7696 0.5021
vn -0.4909 -0.6452 0.5855
vn -0.2270 0.7854 0.5759
vn -0.5936 -0.6189 0.5144
vn -0.6005 -0.6802 0.4203
vn -0.7294 -0.6041 0.3210
vn 0.0198 0.6844 0.7289
vn -0.7691 -0.4998 0.3982
vn -0.2758 0.3628 0.8901
vn -0.6540 -0.6414 0.4010
vn 0.2266 0.7571 0.6128
vn -0.8266 -0.5552 0.0918
vn -0.5865 -0.3795 0.7155
vn -0.3643 0.9149 0.1738
vn -0.5178 -0.4294 0.7399
vn -0.6699 -0.3406 0.6597
vn -0.3638 0.8836 0.2947
vn -0.7212 -0.3984 0.5667
vn -0.2484 0.9133 0.3228
vn 0.0246 0.8387 0.5441
vn -0.8426 -0.2652 0.4686
vn -0.6545 -0.6546 0.3783
vn -0.7056 0.6697 -0.2316
vn -0.6609 -0.6264 0.4134
vn -0.9758 0.0873 0.2005
vn -0.4740 0.7733 0.4211
vn -0.6456 -0.7391 -0.1923
vn -0.7313 -0.6244 0.2744
vn -0.6789 0.7156 -0.1647
vn -0.0189 0.7863 0.6176
vn -0.0475 -0.5887 0.8070
vn -0.1168 -0.6024 0.7896
vn 0.0261 -0.6230 0.7818
vn -0.1858 0.7198 0.6689
vn 0.1112 -0.6871 0.7180
vn -0.2282 -0.5860 0.7775
vn 0.1689 0.7906 0.5886
vn -0.1992 -0.6539 0.7299
vn 0.2470 0.7807 0.5740
vn -0.4063 -0.8162 0.4108
vn 0.0816 0.8316 0.5493
vn -0.0975 0.7012 0.7063
vn -0.7160 -0.5889 -0.3749
vn -0.4318 0.7860 -0.4425
vn -0.7276 -0.6226 -0.2880
vn -0.4777 0.8740 -0.0890
vn -0.6781 -0.5363 -0.5026
vn -0.4814 -0.6415 -0.5973
vn -0.2541 0.6782 -0.6896
vn -0.5663 -0.6546 -0.5008
vn -0.3526 -0.6852 -0.6373
vn -0.2223 0.8119 -0.5398
vn -0.6475 0.7142 -0.2659
vn -0.7438 -0.6426 0.1843
vn -0.7252 -0.6681 0.1665
vn -0.6879 0.6679 -0.2842
vn -0.6859 -0.6950 0.2157
vn -0.6571 0.7278 -0.1962
vn -0.7706 -0.6276 0.1109
vn -0.0670 0.2282 0.9713
vn 0.0019 -0.6935 0.7205
vn 0.0688 0.7622 0.6437
vn 0.0584 -0.5559 0.8292
vn -0.0351 -0.3670 0.9296
vn 0.1121 0.7250 0.6795
vn 0.2841 -0.6382 0.7156
vn -0.2942 0.6985 0.6523
vn 0.3175 -0.6229 0.7149
vn 0.2095 -0.6464 0.7336
vn -0.2085 0.7668 0.6071
vn 0.0179 -0.6370 -0.7706
vn 0.5339 0.6916 -0.4865
vn -0.0094 -0.6229 -0.7822
vn 0.0723 -0.6610 -0.7469
vn 0.4498 0.7536 -0.4794
vn -0.5784 -0.0666 -0.8130
vn 0.2638 0.7778 -0.5704
vn 0.2457 -0.6345 -0.7328
vn -0.3072 -0.6296 -0.7136
vn 0.2975 0.6755 -0.6747
vn -0.3234 -0.6204 -0.7146
vn 0.1296 0.8344 -0.5358
vn -0.1398 -0.6399 -0.7556
vn -0.0990 -0.6888 -0.7182
vn 0.1995 0.7078 -0.6777
vn -0.1897 -0.6196 -0.7617
vn 0.0257 0.8751 -0.4832
vn -0.0356 -0.5656 -0.8239
vn 0.3346 -0.6885 0.6435
vn 0.0808 0.7817 0.6184
vn 0.3880 -0.5973 0.7019
vn 0.3431 0.7872 0.5125
vn 0.2206 0.7883 0.5744
vn 0.2801 -0.5617 0.7785
vn 0.2423 -0.4794 0.8435
vn -0.0118 -0.6452 0.7639
vn -0.5359 0.6813 0.4987
vn 0.0166 -0.6262 0.7795
vn -0.2190 0.8603 0.4604
vn -0.3115 -0.5080 0.8031
vn 0.9162 -0.0249 0.3999
vn -0.1674 -0.6035 0.7796
vn -0.4541 0.7182 0.5273
vn -0.0580 -0.6777 0.7330
vn -0.1686 -0.6877 0.7061
vn -0.3234 0.8126 0.4848
vn -0.4576 -0.5486 -0.6998
vn 0.1079 0.6889 -0.7168
vn -0.4925 -0.6021 -0.6284
vn 0.0723 0.6343 -0.7697
vn -0.5183 -0.6148 -0.5945
vn 0.0890 0.7282 -0.6796
vn -0.5788 -0.5716 0.5816
vn -0.5878 0.7384 0.3305
vn -0.4479 -0.6428 0.6214
vn -0.4980 -0.7493 0.4365
vn -0.3827 0.8116 0.4414
vn -0.5602 0.8117 -0.1654
vn -0.5173 -0.5068 -0.6897
vn -0.4379 0.8469 -0.3017
vn -0.5288 -0.6529 -0.5423
vn -0.5232 -0.5663 -0.6368
vn -0.5416 0.7912 -0.2841
vn -0.6842 0.7286 -0.0317
vn -0.6431 -0.6156 0.4555
vn -0.7438 -0.5610 0.3635
vn 0.1195 -0.9309 -0.3452
vn -0.4395 0.8239 0.3578
vn -0.7704 -0.6338 0.0693
vn -0.1776 -0.6879 0.7038
vn -0.0435 0.8343 0.5497
vn -0.1067 -0.4893 0.8656
vn 0.1727 0.8863 0.4298
vn -0.1839 -0.6839 0.7060
vn -0.0975 -0.8367 0.5388
vn 0.0703 0.8624 0.5014
vn -0.4271 0.7022 0.5696
vn 0.2464 -0.5664 0.7864
vn 0.1056 -0.5258 0.8440
vn 0.0433 -0.5816 0.8123
vn -0.3369 0.7631 0.5515
vn 0.0245 -0.6959 0.7177
vn -0.2500 0.6750 0.6941
vn 0.2753 0.7631 -0.5847
vn 0.3293 -0.6812 -0.6539
vn 0.4230 -0.6537 -0.6274
vn -0.8471 -0.2683 -0.4587
vn 0.0491 0.8586 -0.5104
vn 0.1802 -0.9800 0.0844
vn 0.2727 0.6954 -0.6649
vn 0.5941 0.7119 -0.3745
vn 0.0325 -0.6076 -0.7936
vn 0.1400 -0.6383 -0.7569
vn 0.1816 -0.6718 -0.7181
vn 0.4917 0.7875 -0.3716
vn 0.2532 -0.6900 -0.6780
vn 0.3738 0.8396 -0.3941
vn -0.8640 -0.3711 0.3404
vn -0.4501 0.8424 -0.2962
vn -0.0038 -0.7578 -0.6524
vn -0.1681 0.7885 -0.5916
vn -0.3210 -0.6981 -0.6400
vn -0.2860 -0.6187 -0.7318
vn -0.2084 -0.5950 -0.7762
vn -0.2832 0.7006 -0.6550
vn -0.2497 -0.6500 0.7178
vn -0.4947 0.7488 0.4412
vn -0.1866 -0.6158 0.7655
vn -0.6670 -0.4448 0.5977
vn -0.0074 0.7787 0.6273
vn -0.6157 -0.4461 0.6495
vn 0.0482 0.7125 0.7000
vn -0.3911 -0.7126 0.5825
vn -0.2965 0.8449 0.4452
vn -0.3781 -0.6020 0.7033
vn -0.5024 0.3591 0.7865
vn -0.2053 0.8152 0.5416
vn -0.8367 -0.4832 -0.2576
vn -0.5628 0.8029 0.1966
vn -0.6949 -0.6780 -0.2398
vn -0.7103 0.6628 0.2372
vn -0.1038 -0.4066 0.9077
vn -0.7454 -0.6665 -0.0119
vn -0.6113 0.7792 -0.1389
vn -0.7491 -0.6612 0.0415
vn 0.7521 -0.6358 0.1737
vn 0.6345 0.7725 -0.0257
vn 0.7289 -0.6751 0.1137
vn 0.2725 0.7923 0.5459
vn 0.7114 -0.6191 0.3327
vn 0.6744 -0.6384 0.3710
vn 0.4324 0.8084 0.3995
vn 0.6359 -0.5982 0.4877
vn 0.5149 -0.7094 0.4813
vn 0.4791 -0.6574 0.5816
vn 0.4600 0.8561 0.2355
vn 0.3217 0.8004 0.5059
vn 0.1076 -0.5178 0.8487
vn -0.0197 -0.7338 0.6791
vn 0.9284 -0.3134 -0.1997
vn 0.3934 0.8457 0.3606
vn 0.2997 -0.6429 0.7049
vn 0.0006 0.7615 0.6481
vn 0.3050 -0.6360 0.7089
vn 0.2267 -0.6087 0.7603
vn 0.0579 0.7902 0.6101
vn 0.7863 -0.6158 -0.0498
vn 0.6174 0.7601 0.2026
vn 0.8082 -0.5764 -0.1208
vn 0.7506 -0.6194 -0.2301
vn 0.6859 0.6484 0.3303
vn 0.7566 -0.6106 -0.2340
vn 0.6174 0.7344 0.2819
vn 0.5464 -0.8185 -0.1775
vn 0.7969 0.5860 0.1470
vn 0.6471 -0.7604 -0.0561
vn 0.3060 0.6385 0.7061
vn 0.7209 -0.6418 0.2616
vn 0.7333 -0.5817 0.3520
vn 0.6359 -0.6255 0.4521
vn 0.3372 0.7495 0.5697
vn 0.6115 -0.7045 0.3603
vn 0.3809 0.6666 0.6408
vn 0.6986 -0.5743 0.4268
vn 0.3021 0.6889 0.6589
vn 0.4194 0.7071 0.5692
vn 0.5596 -0.7078 0.4310
vn 0.6740 -0.6768 0.2961
vn 0.5768 0.7990 0.1699
vn 0.6937 -0.6734 0.2554
vn 0.6646 -0.4454 0.6000
vn 0.6969 0.6860 -0.2093
vn 0.6888 -0.4734 0.5491
vn 0.6903 0.6590 -0.2987
vn 0.4168 -0.5608 0.7154
vn 0.5534 0.7822 0.2861
vn 0.7092 -0.6853 0.1658
vn 0.6023 -0.6791 0.4195
vn 0.6555 0.7547 0.0275
vn 0.6858 -0.6206 0.3801
vn -0.5447 -0.7392 -0.3960
vn -0.0648 0.5668 -0.8213
vn -0.5959 -0.7078 -0.3795
vn -0.5018 -0.7406 -0.4470
vn -0.1559 0.5639 -0.8110
vn -0.4494 -0.7478 -0.4887
vn -0.1969 0.6311 -0.7503
vn -0.4014 -0.7452 -0.5325
vn -0.3307 0.5656 -0.7555
vn -0.3583 -0.7324 -0.5790
vn -0.3470 0.6388 -0.6867
vn -0.3799 0.7085 -0.5947
vn -0.3489 -0.6583 -0.6670
vn -0.4425 -0.3855 -0.8097
vn -0.4653 0.7799 -0.4186
vn -0.2027 -0.7266 -0.6565
vn 0.9494 -0.0700 -0.3063
vn 0.6313 0.7705 0.0882
vn 0.5752 -0.5070 -0.6420
vn 0.6199 -0.5142 -0.5927
vn 0.7656 -0.4992 -0.4057
vn 0.4709 0.8793 -0.0719
vn 0.7364 -0.4581 -0.4979
vn 0.7235 -0.6481 -0.2377
vn 0.3502 0.9151 -0.1999
vn 0.8796 -0.4267 -0.2101
vn 0.2748 0.9015 -0.3345
vn 0.2101 0.8573 -0.4701
vn 0.9122 -0.3819 -0.1486
vn 0.9313 -0.3520 -0.0939
vn 0.2507 0.7704 -0.5862
vn 0.0775 0.7488 -0.6582
vn 0.7332 -0.3906 -0.5566
vn -0.2900 0.7867 -0.5449
vn 0.6670 -0.3878 -0.6362
vn 0.1496 0.8880 -0.4348
vn 0.3485 -0.5623 -0.7499
vn 0.4540 -0.4331 -0.7787
vn 0.5175 -0.4465 -0.7300
vn 0.0182 0.8951 -0.4454
vn 0.5975 -0.5510 -0.5826
vn -0.0882 0.8737 -0.4785
vn -0.1661 0.8189 -0.5494
vn 0.0888 0.8718 -0.4818
vn -0.0639 -0.4620 -0.8846
vn 0.0078 -0.4904 -0.8715
vn 0.1878 0.7624 -0.6192
vn -0.1699 -0.5442 -0.8216
vn -0.7381 -0.6572 -0.1526
vn -0.4968 0.7732 -0.3941
vn -0.7530 -0.6476 -0.1170
vn -0.7165 -0.6210 -0.3178
vn -0.5717 0.7793 -0.2566
vn -0.7616 -0.5923 -0.2630
vn -0.6228 -0.6853 -0.3774
vn -0.5721 0.8029 -0.1676
vn -0.6091 0.7928 -0.0219
vn -0.6307 -0.6510 -0.4224
vn -0.9111 0.2462 -0.3306
vn -0.1618 0.7907 -0.5904
vn 0.1133 -0.4753 -0.8725
vn 0.2431 0.6604 -0.7105
vn -0.2029 -0.6860 -0.6987
vn -0.1266 -0.6131 -0.7798
vn -0.0690 -0.6188 -0.7825
vn 0.1956 0.7517 -0.6298
vn 0.1212 0.7767 -0.6181
vn -0.0231 -0.6851 -0.7281
vn -0.3517 -0.6297 -0.6927
vn -0.2666 0.7703 -0.5792
vn -0.3706 -0.7073 -0.6020
vn -0.0763 0.7085 -0.7016
vn -0.5762 -0.6098 -0.5442
vn -0.5010 -0.6755 -0.5411
vn -0.2445 -0.6044 -0.7582
vn -0.3960 0.7968 -0.4564
vn -0.2415 -0.6993 -0.6728
vn -0.4710 0.7957 -0.3808
vn -0.2213 -0.5368 -0.8142
vn -0.5544 0.7383 -0.3842
vn -0.5961 0.3570 -0.7192
vn 0.3257 0.8167 -0.4764
vn 0.5917 -0.7948 0.1345
vn -0.2801 -0.4329 -0.8568
vn 0.8205 -0.5410 -0.1849
vn 0.5475 0.7917 -0.2709
vn 0.7118 -0.6679 -0.2174
vn 0.8475 -0.5144 -0.1308
vn 0.4619 0.8170 -0.3453
vn 0.4462 0.7877 -0.4249
vn 0.8548 -0.5187 -0.0166
vn 0.5759 0.7830 0.2350
vn 0.8362 -0.5376 -0.1086
vn 0.8357 -0.5356 0.1213
vn 0.5073 0.8617 0.0082
vn 0.8498 -0.5240 0.0574
vn 0.5151 0.8476 0.1278
vn 0.5572 -0.6668 0.4949
vn 0.4828 0.7514 0.4498
vn 0.6000 -0.6447 0.4736
vn 0.5371 -0.5490 0.6404
vn 0.5222 0.8240 0.2199
vn 0.4908 -0.6506 0.5796
vn 0.5441 0.8294 0.1266
vn 0.5545 0.6956 0.4568
vn 0.5452 -0.6471 0.5329
vn -0.2155 -0.6682 0.7120
vn -0.2771 0.7410 0.6116
vn -0.1829 -0.7173 0.6724
vn 0.0816 0.8250 0.5592
vn -0.4302 -0.5304 0.7305
vn 0.8863 -0.3252 0.3299
vn -0.2360 0.7598 0.6058
vn -0.2635 -0.6398 0.7219
vn -0.3137 -0.6318 0.7088
vn -0.1713 0.7717 0.6124
vn 0.0007 0.8158 0.5784
vn -0.3968 -0.5699 0.7196
vn -0.7439 -0.6683 0.0093
vn -0.6645 0.7435 -0.0750
vn -0.7042 -0.7096 0.0259
vn -0.4747 0.8333 0.2833
vn -0.8325 -0.5260 -0.1740
vn -0.0492 -0.3258 0.9441
vn -0.6781 0.7344 -0.0282
vn -0.7650 -0.6431 -0.0348
vn -0.7622 -0.6353 -0.1241
vn -0.6335 0.7709 0.0657
vn -0.7745 -0.6272 -0.0823
vn -0.5984 0.7903 0.1317
vn -0.7698 -0.6183 -0.1583
vn -0.3861 0.8345 -0.3930
vn 0.0711 -0.6781 -0.7316
vn -0.1548 0.7463 -0.6474
vn -0.1210 -0.6912 -0.7124
vn -0.1093 -0.6839 -0.7214
vn -0.2112 0.7194 -0.6617
vn -0.0553 -0.6257 -0.7781
vn -0.3143 -0.5424 0.7791
vn -0.3538 0.8247 0.4413
vn -0.1822 -0.6088 0.7721
vn -0.3882 -0.4905 0.7802
vn -0.2807 0.8387 0.4667
vn -0.4249 0.8109 -0.4024
vn -0.6240 -0.6608 -0.4172
vn -0.6128 -0.6018 -0.5122
vn -0.5648 -0.4187 -0.7111
vn -0.5241 0.8417 -0.1303
vn -0.5581 -0.4949 -0.6660
vn -0.3775 0.8868 0.2667
vn -0.5905 -0.4366 0.6787
vn -0.4647 0.8322 -0.3026
vn -0.5900 -0.5695 -0.5722
vn -0.5347 0.8017 -0.2674
vn 0.2614 -0.4986 -0.8265
vn 0.0913 0.8362 -0.5407
vn 0.1956 -0.5791 -0.7915
vn -0.0424 0.5612 -0.8266
vn 0.2074 0.7546 -0.6226
vn 0.1386 -0.5768 -0.8050
vn 0.3288 -0.5596 -0.7607
vn -0.0037 0.8523 -0.5230
vn 0.5663 0.8117 0.1428
vn 0.6895 -0.7012 0.1817
vn 0.7778 -0.5604 0.2846
vn 0.7487 -0.5271 0.4020
vn 0.6154 0.7873 -0.0375
vn 0.7762 -0.5261 0.3475
vn 0.2952 -0.4309 -0.8528
vn 0.5752 0.8012 -0.1648
vn 0.4854 -0.7304 0.4806
vn 0.5416 0.8401 0.0280
vn 0.7610 -0.6294 0.1572
vn 0.6186 0.7248 0.3034
vn 0.7470 -0.6613 0.0685
vn -0.3503 0.0062 0.9366
vn -0.3422 0.0114 0.9395
vn -0.0066 0.0125 0.9999
vn -0.2329 0.0123 0.9724
vn -0.4072 0.1037 0.9074
vn -0.3588 0.0343 0.9328
vn -0.3728 0.1570 0.9146
vn -0.0514 0.1042 0.9932
vn -0.2067 0.1807 0.9616
vn 0.0044 0.2499 0.9683
vn 0.1205 0.2978 0.9470
vn 0.3473 0.1935 0.9176
vn -0.6725 0.0323 0.7394
vn -0.3410 0.0052 0.9400
vn -0.3449 0.0425 0.9377
vn 0.6797 0.0012 0.7335
vn 0.3876 0.0364 0.9211
vn 0.3736 -0.0228 0.9273
vn -0.0223 0.0109 0.9997
vn -0.3297 0.0148 0.9440
vn -0.0103 0.0382 0.9992
vn 0.3304 0.0173 0.9437
vn 0.3855 0.0154 0.9226
vn -0.7949 0.2686 0.5440
vn -0.4419 0.2629 0.8577
vn 0.7232 0.0957 0.6840
vn 0.4293 0.1174 0.8955
vn -0.7089 0.3591 0.6070
vn -0.3606 0.3503 0.8644
vn -0.7708 0.3214 0.5501
vn 0.4488 0.2500 0.8580
vn 0.2304 0.2370 0.9438
vn 0.3839 0.2744 0.8817
vn 0.2471 0.1534 0.9568
vn 0.2617 0.2297 0.9374
vn 0.3593 0.0774 0.9300
vn 0.1990 0.1231 0.9722
vn 0.5317 -0.6484 0.5449
vn 0.4701 -0.6591 0.5870
vn 0.7544 -0.5845 0.2987
vn -0.7820 -0.6191 -0.0719
vn 0.5947 -0.7366 0.3219
vn -0.7656 -0.6013 -0.2287
vn 0.7197 -0.5883 -0.3687
vn -0.9379 0.3423 0.0556
vn 0.8652 -0.4884 -0.1133
vn 0.7514 -0.6592 0.0305
vn -0.7251 -0.6198 -0.3001
vn -0.7660 -0.6254 -0.1487
vn 0.6970 -0.6137 -0.3709
vn 0.8214 0.4233 -0.3824
vn 0.7962 -0.5832 0.1610
vn 0.0136 0.3672 0.9300
vn 0.7244 -0.6826 0.0963
vn 0.5642 -0.6284 0.5356
vn -0.7883 -0.5909 0.1714
vn 0.7692 0.3209 -0.5526
vn 0.3484 -0.6379 -0.6868
vn -0.5262 -0.5486 0.6497
vn 0.7610 -0.6075 -0.2277
vn 0.7832 -0.6008 -0.1599
vn -0.6768 -0.6049 0.4196
vn 0.6845 -0.6940 -0.2231
vn 0.7266 -0.5961 -0.3417
vn 0.7918 -0.3811 -0.4773
vn 0.6151 -0.7122 -0.3382
vn 0.2106 -0.3259 0.9216
vn -0.2173 0.3115 -0.9251
vn 0.8221 -0.4317 -0.3710
vn -0.4507 -0.6462 -0.6159
vn -0.1414 -0.6651 -0.7332
vn -0.6901 -0.7068 -0.1553
vn -0.7695 -0.6269 -0.1217
vn -0.7826 -0.6185 -0.0704
vn 0.7597 -0.6479 -0.0547
vn -0.7341 -0.6787 -0.0223
vn 0.7258 -0.6686 -0.1618
vn 0.6589 -0.5084 -0.5544
vn -0.8170 0.3036 0.4902
vn 0.7179 -0.6619 0.2157
vn 0.8669 -0.4973 0.0332
vn 0.8060 -0.5786 0.1248
vn 0.5957 -0.6194 0.5115
vn 0.0231 -0.6540 -0.7561
vn -0.1339 -0.5411 -0.8302
vn 0.0184 -0.6131 -0.7898
vn -0.5542 -0.4440 -0.7041
vn -0.7560 0.5113 -0.4087
vn -0.3239 -0.6644 -0.6736
vn 0.7633 -0.6195 0.1831
vn -0.3406 -0.6256 -0.7019
vn 0.1892 0.3357 0.9228
vn -0.6541 -0.4862 0.5794
vn 0.5971 0.6889 -0.4109
vn -0.1945 -0.3174 -0.9281
vn -0.5172 -0.0734 -0.8527
vn 0.6281 0.3390 0.7004
vn -0.0657 -0.6001 0.7972
vn 0.0375 0.6377 -0.7694
vn -0.9865 0.1631 -0.0108
vn -0.5715 -0.5428 -0.6154
vn -0.9179 0.1703 0.3585
vn -0.8152 -0.5697 -0.1043
vn 0.6785 -0.6606 -0.3213
vn -0.8166 0.5727 -0.0715
vn 0.1731 0.5452 0.8203
vn -0.5444 -0.5331 0.6477
vn 0.8795 0.3860 -0.2785
vn -0.7973 -0.4256 0.4281
vn 0.7632 -0.4796 0.4329
vn -0.3355 -0.5478 -0.7664
vn -0.6345 0.5600 -0.5328
vn 0.7811 -0.5424 -0.3092
vn 0.8538 0.4337 0.2879
vn -0.4133 -0.6435 0.6443
vn -0.8395 0.3164 0.4417
vn -0.7659 -0.5921 -0.2506
vn 0.8685 -0.2573 0.4237
vn 0.1141 -0.7382 -0.6649
vn 0.1296 0.3427 -0.9305
vn 0.6020 -0.7365 0.3086
vn 0.4892 -0.5571 0.6711
vn 0.9599 0.1889 -0.2069
vn 0.8026 -0.5145 0.3018
vn -0.8246 -0.5657 0.0004
vn 0.5401 0.3254 -0.7761
vn -0.5407 -0.5246 -0.6576
vn -0.4304 -0.5662 -0.7029
vn -0.5574 -0.5472 0.6244
vn -0.6151 0.3244 0.7186
vn -0.9379 -0.2597 0.2300
vn 0.6894 -0.5129 -0.5115
vn 0.0619 -0.2612 -0.9633
vn -0.5903 -0.5772 0.5642
vn 0.8501 -0.5262 -0.0227
vn -0.5197 -0.5410 -0.6612
vn 0.6224 -0.7573 -0.1978
vn -0.5878 -0.5199 -0.6198
vn 0.7248 0.3785 -0.5756
vn 0.6925 -0.5319 -0.4873
vn 0.7869 0.3861 -0.4814
vn 0.3884 -0.6326 -0.6701
vn -0.0368 -0.7366 -0.6753
vn 0.4627 0.6583 -0.5938
vn -0.1141 -0.6039 0.7889
vn 0.6566 -0.7356 0.1667
vn 0.9192 0.3367 0.2045
vn -0.3404 -0.5255 0.7797
vn -0.4107 -0.5782 0.7050
vn 0.6706 -0.6069 0.4266
vn 0.7174 -0.6010 0.3523
vn -0.7430 -0.6671 0.0533
vn -0.7625 -0.6365 0.1166
vn 0.1660 -0.5365 0.8274
vn -0.6006 -0.5216 -0.6059
vn -0.0551 -0.7425 0.6675
vn 0.1671 -0.5821 0.7958
vn 0.1406 -0.5877 0.7968
vn 0.4394 -0.6666 -0.6021
vn 0.0872 -0.5922 0.8011
vn 0.7836 -0.6008 -0.1581
vn -0.6136 -0.6531 -0.4439
vn 0.3114 -0.5235 0.7930
vn -0.3963 -0.6577 -0.6406
vn -0.4047 -0.6049 -0.6858
vn -0.6478 -0.6181 0.4454
vn -0.8140 -0.5804 -0.0224
vn 0.4799 -0.6689 0.5677
vn 0.5228 -0.6857 0.5064
vn -0.0869 -0.5935 0.8001
vn 0.5228 -0.5791 -0.6255
vn 0.5505 -0.5358 -0.6403
vn 0.5721 -0.6573 -0.4907
vn 0.6615 -0.6014 -0.4480
vn -0.3662 -0.6478 0.6681
vn -0.8124 0.0382 -0.5818
vn 0.5278 -0.6046 -0.5965
vn -0.7602 -0.6494 0.0207
vn -0.4512 -0.6002 0.6604
vn 0.7558 -0.6486 -0.0904
vn 0.7692 -0.5864 -0.2539
vn -0.1929 -0.6470 0.7377
vn -0.1317 -0.5910 0.7959
vn -0.7610 -0.1470 0.6319
vn -0.0799 -0.6116 0.7871
vn -0.7423 -0.6364 0.2096
vn -0.7672 -0.5670 0.3000
vn -0.6368 0.2464 -0.7306
vn -0.6915 -0.6046 -0.3952
vn -0.7867 -0.5283 -0.3194
vn -0.8178 -0.5099 -0.2669
vn 0.7780 0.4076 -0.4781
vn 0.3219 -0.5508 0.7701
vn 0.1803 -0.6540 0.7347
vn -0.0734 -0.7402 -0.6684
vn -0.0997 -0.5601 -0.8224
vn -0.6789 -0.5661 0.4676
vn 0.8285 -0.5148 -0.2203
vn 0.8357 -0.4423 -0.3257
vn 0.4224 0.0588 0.9045
vn 0.7450 -0.6670 0.0100
vn 0.8244 -0.5532 -0.1195
vn -0.9871 -0.0319 -0.1567
vn 0.3563 -0.0340 0.9338
vn 0.4913 0.7604 0.4248
vn -0.7952 0.2234 0.5637
vn 0.0675 -0.4354 0.8977
vn 0.3431 0.1698 -0.9238
vn 0.7174 -0.4528 -0.5295
vn -0.3111 0.6578 0.6859
vn 0.6148 -0.6506 0.4458
vn -0.0358 0.3820 0.9235
vn 0.8412 0.5153 -0.1639
vn 0.5981 -0.6671 0.4441
vn -0.3361 -0.7335 0.5908
vn -0.0608 -0.6073 -0.7922
vn 0.3240 -0.6267 -0.7087
vn 0.9599 0.0387 0.2776
vn -0.1731 -0.6353 0.7526
vn 0.5010 -0.6624 -0.5570
vn -0.0575 -0.6209 0.7818
vn -0.6297 -0.6793 -0.3770
vn -0.5842 -0.5723 -0.5755
vn 0.8061 -0.5855 0.0862
vn -0.4485 -0.6670 -0.5950
vn -0.5695 -0.5471 0.6135
vn -0.6764 -0.6286 0.3838
vn 0.4607 -0.5979 0.6559
vn -0.4808 -0.6137 -0.6263
vn 0.7871 -0.1790 -0.5903
vn 0.6288 0.3005 0.7172
vn 0.4999 -0.6085 0.6163
vn -0.2055 -0.6130 -0.7628
vn -0.3562 -0.6293 -0.6908
vn 0.1843 -0.5373 -0.8230
vn 0.1770 -0.6047 -0.7765
vn 0.2623 -0.6621 -0.7020
vn 0.2191 -0.5563 0.8016
vn 0.2692 -0.5962 0.7563
vn 0.1186 -0.6026 0.7892
vn -0.5477 -0.6902 -0.4730
vn 0.6881 -0.5782 0.4384
vn 0.5690 -0.3969 -0.7202
vn 0.8289 0.1695 0.5331
vn -0.6880 -0.6931 -0.2153
vn -0.7061 -0.5544 -0.4405
vn -0.7239 -0.5743 -0.3823
vn -0.0774 -0.5768 -0.8132
vn -0.1857 -0.6292 0.7548
vn 0.0032 -0.5110 -0.8596
vn 0.0172 -0.8026 -0.5963
vn 0.4805 -0.6381 -0.6017
vn -0.0604 -0.5655 0.8226
vn 0.5562 -0.5566 -0.6171
vn -0.5629 -0.4867 -0.6680
vn 0.7905 -0.4677 0.3955
vn 0.8013 -0.5164 0.3019
vn 0.7313 -0.5275 0.4324
vn -0.4579 -0.5192 -0.7216
vn 0.0056 -0.3692 0.9293
vn 0.1637 -0.7018 0.6933
vn 0.0992 -0.6836 0.7231
vn 0.2989 -0.6900 0.6593
vn -0.7062 -0.7056 -0.0583
vn -0.7682 -0.6394 0.0328
vn 0.8233 -0.5653 0.0508
vn 0.7930 0.4994 0.3489
vn 0.5743 -0.5692 0.5884
vn -0.4913 0.2520 0.8338
vn 0.7609 -0.6472 -0.0471
vn 0.7538 -0.5927 -0.2837
vn 0.7869 -0.5670 -0.2433
vn 0.4215 0.6096 0.6714
vn 0.3542 -0.5342 0.7676
vn -0.6203 -0.4974 -0.6065
vn 0.1677 -0.5608 0.8108
vn 0.4332 -0.6359 -0.6387
vn 0.9498 0.2628 0.1698
vn 0.3028 -0.5115 -0.8042
vn -0.3584 -0.6183 -0.6994
vn -0.5805 0.5226 0.6245
vn -0.6052 0.2552 -0.7541
vn -0.7338 -0.6325 0.2479
vn -0.5382 -0.6364 -0.5526
vn -0.6167 -0.5774 -0.5351
vn 0.1583 -0.6508 0.7426
vn -0.7301 -0.6358 -0.2503
vn -0.4046 -0.6361 0.6570
vn 0.5844 -0.6678 -0.4610
vn 0.0802 0.2547 0.9637
vn -0.8240 0.5639 -0.0549
vn -0.8164 -0.5163 0.2589
vn -0.7480 -0.5738 0.3335
vn 0.4615 -0.3308 0.8232
vn 0.4768 -0.5228 0.7066
vn 0.9054 0.0883 -0.4152
vn 0.3631 0.4550 0.8131
vn 0.7563 -0.6542 -0.0054
vn -0.7599 0.2530 -0.5988
vn -0.0952 -0.5323 -0.8412
vn -0.4509 -0.6091 0.6525
vn 0.3399 -0.6552 0.6746
vn -0.4984 -0.6526 -0.5707
vn -0.7939 0.5852 -0.1649
vn 0.0780 -0.5845 -0.8077
vn 0.2146 -0.6199 0.7547
vn 0.1478 -0.5987 -0.7872
vn 0.0236 -0.6775 -0.7352
vn 0.2641 -0.6229 0.7364
vn 0.2044 -0.6975 -0.6868
vn -0.6975 -0.6751 -0.2403
vn 0.8188 -0.5701 0.0677
vn -0.9516 0.0885 -0.2945
vn -0.8035 0.3830 -0.4558
vn -0.9019 -0.4314 0.0193
vn -0.1880 -0.5691 -0.8005
vn -0.1921 -0.6009 0.7759
vn -0.1339 -0.6269 0.7675
vn -0.7248 -0.6835 0.0865
vn 0.6990 -0.6371 -0.3250
vn -0.7880 -0.6150 0.0296
vn -0.2169 -0.5151 -0.8293
vn 0.9619 0.0052 -0.2734
vn -0.7181 -0.6540 0.2377
vn 0.7486 -0.6318 -0.2008
vn -0.7677 -0.6195 0.1640
vn 0.6450 -0.5553 0.5250
vn -0.1967 -0.5611 -0.8040
vn -0.2733 -0.5748 -0.7713
vn -0.3633 -0.5672 -0.7392
vn -0.4231 -0.6367 -0.6447
vn -0.6227 -0.3608 -0.6943
vn -0.5159 -0.6182 -0.5930
vn -0.5290 0.1528 -0.8347
vn 0.2086 -0.7988 -0.5644
vn 0.1502 -0.7502 -0.6440
vn -0.6866 -0.7106 0.1539
vn 0.4916 -0.1001 -0.8651
vn -0.0022 -0.5188 0.8549
vn -0.1884 -0.4777 -0.8581
vn -0.5210 -0.3636 -0.7722
vn -0.5716 -0.4152 -0.7078
vn -0.5747 -0.3832 -0.7231
vn -0.0087 -0.7821 -0.6231
vn 0.1985 -0.4688 0.8607
vn 0.3908 -0.3987 0.8296
vn 0.3300 -0.6082 -0.7219
vn 0.2616 -0.6454 -0.7177
vn 0.2248 -0.7382 -0.6360
vn -0.0675 -0.6841 -0.7263
vn -0.2082 -0.5349 -0.8189
vn 0.4367 -0.6114 -0.6599
vn -0.4350 0.2608 0.8619
vn -0.5720 -0.5675 0.5923
vn 0.4002 -0.5230 -0.7525
vn -0.6443 -0.4627 0.6090
vn 0.6459 -0.5398 0.5399
vn 0.3854 -0.5599 0.7335
vn -0.2638 -0.6340 -0.7270
vn 0.2889 -0.6281 0.7225
vn -0.1901 -0.5853 -0.7882
vn 0.4678 -0.5228 0.7126
vn -0.1134 -0.5631 -0.8186
vn 0.5408 -0.4670 0.6997
vn -0.1204 -0.8029 0.5838
vn -0.7797 -0.6193 -0.0925
vn -0.3207 -0.6598 -0.6796
vn -0.2400 -0.6404 -0.7296
vn -0.1911 -0.5894 -0.7849
vn -0.7963 -0.4873 0.3584
vn -0.7636 -0.4927 0.4173
vn -0.7198 0.6807 0.1364
vn -0.7273 -0.6391 0.2502
vn -0.7708 -0.6082 0.1894
vn 0.7715 -0.5083 -0.3826
vn 0.8185 -0.4185 -0.3936
vn -0.7489 -0.6055 0.2694
vn -0.5132 -0.7040 0.4909
vn 0.5969 -0.5920 -0.5415
vn -0.6181 -0.6868 -0.3823
vn 0.7808 -0.5979 0.1814
vn -0.7908 -0.6006 0.1185
vn -0.3469 -0.5456 -0.7629
vn 0.1435 -0.6046 0.7835
vn -0.4558 -0.2686 -0.8486
vn -0.4404 -0.6225 -0.6470
vn 0.0485 -0.6130 0.7886
vn 0.2115 -0.6704 0.7112
vn -0.1421 -0.6635 -0.7346
vn -0.7079 -0.6290 0.3213
vn 0.7570 -0.4559 -0.4680
vn 0.3525 -0.6813 -0.6416
vn -0.4359 -0.6407 0.6321
vn 0.5940 -0.6622 -0.4568
vn 0.4535 -0.7054 -0.5448
vn 0.3090 -0.5739 -0.7584
vn -0.6909 -0.5639 0.4525
vn 0.3811 -0.5827 -0.7178
vn 0.4280 -0.8724 -0.2359
vn 0.4105 -0.8374 -0.3610
vn 0.1699 -0.8405 -0.5144
vn 0.3303 -0.8489 -0.4127
vn 0.7663 -0.6320 0.1153
vn 0.8089 -0.5878 0.0103
vn -0.7741 -0.6032 0.1924
vn 0.8144 -0.5752 -0.0761
vn 0.8261 -0.5396 -0.1626
vn -0.8108 -0.5734 0.1178
vn 0.8346 -0.4985 -0.2344
vn -0.8427 -0.5364 0.0465
vn -0.8834 -0.4684 -0.0124
vn 0.2180 -0.6653 -0.7141
vn 0.1315 -0.5988 -0.7901
vn -0.0271 -0.6517 -0.7580
vn 0.6012 -0.7007 0.3842
vn -0.7680 -0.5947 -0.2375
vn 0.4576 -0.6120 0.6450
vn 0.5514 -0.5969 0.5828
vn 0.2416 -0.7201 0.6505
vn -0.3598 -0.5459 -0.7566
vn -0.8493 -0.1690 0.5001
vn 0.9836 -0.1798 -0.0123
vn -0.0145 -0.7149 -0.6991
vn -0.1531 -0.6313 0.7602
vn -0.0022 -0.5909 0.8067
vn -0.1979 -0.5873 -0.7848
vn 0.4495 -0.6023 0.6597
vn 0.0348 -0.6175 -0.7858
vn -0.0782 -0.5783 -0.8121
vn -0.1065 -0.6900 -0.7159
vn 0.4006 -0.6868 -0.6064
vn 0.4819 -0.6417 -0.5967
vn 0.3427 -0.5076 -0.7905
vn 0.0486 -0.5266 0.8487
vn -0.0212 -0.5772 0.8163
vn -0.1104 -0.6331 0.7661
vn 0.6531 -0.1755 0.7366
vn -0.7095 0.2045 0.6744
vn 0.6485 -0.6318 -0.4246
vn 0.6899 -0.6289 -0.3586
vn 0.5655 -0.6507 -0.5067
vn 0.6462 -0.6228 -0.4410
vn 0.7454 -0.6445 -0.1705
vn -0.7630 -0.5789 0.2877
vn 0.8256 -0.5536 -0.1088
vn 0.1263 -0.9276 -0.3516
vn 0.8050 -0.5932 -0.0070
vn 0.2278 -0.6787 -0.6982
vn 0.3504 -0.5179 0.7804
vn 0.3974 -0.7207 0.5680
vn 0.3198 -0.0862 0.9436
vn 0.2084 -0.6933 0.6898
vn -0.5090 -0.5569 -0.6563
vn -0.4239 -0.5934 -0.6842
vn 0.1779 -0.6223 0.7623
vn 0.4278 -0.6700 -0.6067
vn 0.7335 0.5147 -0.4439
vn 0.9170 -0.3957 -0.0503
vn -0.7944 -0.5910 -0.1401
vn 0.8170 -0.5557 -0.1538
vn -0.7275 -0.5834 -0.3613
vn -0.7575 -0.5904 -0.2786
vn -0.7275 -0.6597 -0.1884
vn 0.7860 -0.6129 -0.0804
vn 0.5439 -0.6145 -0.5714
vn 0.3850 -0.4869 0.7840
vn -0.4285 0.3641 -0.8269
vn -0.5304 -0.6697 -0.5198
vn -0.4984 -0.6020 -0.6239
vn 0.5335 -0.4672 0.7051
vn -0.7015 -0.5420 -0.4628
vn 0.3878 -0.5663 0.7272
vn 0.1642 -0.5971 0.7852
vn -0.1303 -0.6776 -0.7238
vn -0.2016 -0.6207 -0.7577
vn 0.0944 0.3700 -0.9242
vn 0.9131 -0.3743 -0.1619
vn -0.6141 -0.7554 -0.2286
vn -0.7086 -0.6875 -0.1589
vn -0.2948 -0.6116 -0.7342
vn 0.2540 -0.7128 -0.6538
vn -0.7899 0.2227 -0.5714
vn -0.7252 -0.6805 -0.1051
vn -0.7460 -0.6322 -0.2094
vn 0.7068 -0.5085 0.4918
vn -0.8098 -0.5767 -0.1077
vn -0.6796 0.3460 -0.6469
vn 0.0764 -0.4952 0.8654
vn 0.3535 -0.4279 0.8318
vn -0.9347 0.3442 -0.0888
vn -0.5741 -0.7120 0.4043
vn -0.6149 -0.7336 0.2894
vn -0.0851 -0.7382 0.6692
vn -0.3716 -0.7453 0.5535
vn 0.2498 -0.4503 -0.8572
vn -0.2654 -0.8166 0.5126
vn 0.3133 -0.5054 -0.8040
vn -0.3100 -0.4406 -0.8425
vn -0.4340 -0.6360 0.6381
vn -0.3565 -0.6628 0.6585
vn -0.1787 -0.7035 0.6878
vn -0.0137 -0.7585 0.6515
vn 0.7160 -0.6522 0.2491
vn 0.9294 -0.2802 0.2403
vn 0.5599 -0.8211 -0.1106
vn 0.3073 0.7051 0.6390
vn 0.3331 0.4569 -0.8248
vn 0.6780 -0.6184 0.3974
vn 0.0740 -0.6083 -0.7903
vn -0.0395 -0.6834 0.7290
vn -0.4624 -0.6369 -0.6170
vn 0.1626 -0.6716 0.7228
vn -0.4455 -0.0407 -0.8943
vn 0.4235 -0.6858 0.5918
vn 0.0615 -0.6040 0.7946
vn 0.2953 -0.6888 0.6620
vn -0.9245 0.3744 0.0711
vn -0.9435 0.2981 0.1444
vn 0.8122 -0.5458 -0.2058
vn -0.7136 -0.5643 -0.4152
vn -0.7969 -0.5276 -0.2942
vn -0.9488 0.2920 -0.1203
vn 0.2921 -0.9341 0.2053
vn 0.5080 -0.8404 0.1889
vn -0.5016 -0.6730 -0.5437
vn -0.5981 -0.6336 -0.4908
vn -0.6234 -0.6488 -0.4363
vn 0.4738 0.4913 -0.7308
vn 0.1269 -0.6009 -0.7892
vn 0.7642 -0.6416 -0.0658
vn 0.8115 -0.5775 -0.0893
vn 0.8170 -0.5611 -0.1328
vn 0.7292 -0.6824 0.0509
vn 0.1075 -0.6758 0.7292
vn -0.2041 -0.6749 -0.7091
vn 0.0801 -0.7300 0.6788
vn -0.0270 -0.5618 -0.8268
vn 0.2693 -0.5835 0.7662
vn -0.1672 -0.6682 -0.7250
vn -0.4654 -0.5493 0.6941
vn 0.2878 -0.6892 -0.6649
vn -0.4574 -0.7143 0.5297
vn 0.6079 -0.6160 0.5010
vn 0.6584 -0.6096 0.4415
vn 0.7606 -0.4194 0.4956
vn 0.6603 -0.6123 0.4349
vn 0.7943 -0.2294 0.5625
vn -0.0174 -0.6171 -0.7867
vn -0.3789 -0.7156 0.5868
vn -0.3590 -0.6478 0.6720
vn 0.0553 -0.5988 -0.7990
vn -0.2254 -0.6169 0.7540
vn -0.6736 -0.6991 -0.2398
vn -0.7052 -0.6323 -0.3208
vn -0.9132 0.1519 -0.3781
vn -0.7260 0.4828 -0.4897
vn -0.7077 0.0110 -0.7065
vn -0.3478 0.0124 -0.9375
vn -0.0325 0.0178 -0.9993
vn 0.0001 0.0114 -0.9999
vn 0.1794 0.0142 -0.9837
vn 0.3470 0.0113 -0.9378
vn 0.7094 0.1032 -0.6972
vn 0.3483 0.0811 -0.9339
vn 0.7007 0.0333 -0.7127
vn 0.3398 0.0996 -0.9352
vn -0.3267 0.2081 -0.9219
vn -0.3128 0.2452 -0.9176
vn -0.3700 0.2009 -0.9070
vn -0.3473 0.1157 -0.9306
vn -0.4703 0.1008 -0.8767
vn 0.3461 0.0158 -0.9380
vn 0.3550 0.0202 -0.9347
vn -0.7248 0.0009 -0.6889
vn -0.3464 0.0091 -0.9381
vn -0.3653 0.0167 -0.9307
vn -0.1956 0.0737 -0.9779
vn -0.4106 0.1121 -0.9049
vn -0.3519 0.2498 -0.9021
vn -0.0246 0.3312 -0.9432
vn -0.0558 0.3935 -0.9176
vn -0.3994 0.7331 -0.5505
vn -0.3727 0.7009 -0.6081
vn -0.2558 0.5746 -0.7774
vn -0.1236 0.7383 -0.6631
vn -0.3094 0.6713 -0.6735
vn -0.5538 0.7166 -0.4240
vn 0.6597 0.7479 0.0735
vn -0.6298 0.7114 -0.3120
vn -0.6187 0.7516 -0.2286
vn 0.3775 0.6804 0.6281
vn -0.7417 0.6414 0.1961
vn -0.6621 0.6587 0.3574
vn 0.4239 0.7358 -0.5281
vn -0.7442 0.6378 -0.1985
vn -0.1403 0.9311 -0.3368
vn -0.4470 0.7600 0.4718
vn -0.2466 0.7292 0.6383
vn 0.5477 0.8103 -0.2085
vn -0.4262 0.8306 0.3583
vn 0.4279 -0.2550 0.8671
vn 0.6691 0.7232 -0.1709
vn -0.5533 0.6635 0.5036
vn 0.4664 0.8412 -0.2735
vn -0.5655 0.7942 0.2223
vn 0.9340 0.3331 -0.1293
vn 0.5080 0.6308 0.5865
vn -0.0479 0.7514 -0.6581
vn -0.4062 0.7676 -0.4957
vn 0.1589 0.7266 0.6684
vn 0.2707 0.7294 0.6282
vn 0.3105 0.8148 0.4896
vn -0.6574 0.7500 0.0722
vn 0.7235 0.6820 0.1073
vn 0.6280 0.7765 0.0528
vn 0.6709 0.7379 -0.0725
vn 0.5965 0.8025 -0.0115
vn 0.4247 0.7901 -0.4420
vn -0.5066 0.8214 0.2619
vn -0.6714 0.7098 -0.2132
vn -0.7091 0.6816 0.1805
vn -0.0355 0.6761 0.7359
vn -0.7242 0.6679 -0.1713
vn 0.3961 0.6101 0.6862
vn -0.6363 0.7626 -0.1161
vn -0.7487 0.6318 -0.2005
vn 0.3545 0.6383 0.6833
vn -0.8108 0.2973 0.5042
vn 0.6807 0.5769 0.4514
vn -0.7347 0.6672 0.1227
vn 0.6860 0.7273 0.0220
vn -0.4423 0.6344 0.6339
vn 0.4797 0.4850 -0.7312
vn 0.4562 0.6110 0.6469
vn 0.4788 0.4695 -0.7418
vn -0.4176 0.7028 -0.5760
vn 0.0230 0.6076 0.7939
vn 0.6387 0.5603 -0.5273
vn -0.7512 0.4977 -0.4335
vn -0.7824 0.6226 -0.0158
vn 0.3277 0.5661 0.7564
vn 0.0425 0.5555 -0.8304
vn 0.6401 0.7682 0.0113
vn -0.5052 0.6884 -0.5205
vn 0.4195 0.5787 0.6994
vn 0.5050 0.5176 0.6907
vn 0.3950 0.6439 -0.6552
vn -0.5120 0.5959 0.6187
vn 0.6744 0.6633 0.3244
vn 0.7091 0.6967 -0.1090
vn -0.8572 0.2728 -0.4369
vn -0.0909 0.7493 0.6560
vn 0.6727 0.2783 -0.6856
vn -0.3284 0.5672 0.7553
vn 0.7370 0.4954 0.4598
vn -0.1754 -0.0785 -0.9814
vn -0.5780 0.8154 -0.0329
vn 0.6432 0.7450 0.1767
vn -0.4995 0.8501 0.1670
vn -0.5175 0.8552 0.0293
vn 0.9057 -0.0262 -0.4230
vn 0.6934 0.7191 0.0452
vn -0.3575 0.7466 -0.5610
vn -0.4597 0.7142 0.5278
vn 0.0245 0.6863 0.7269
vn -0.6623 0.7421 0.1035
vn 0.5814 0.6580 -0.4786
vn -0.5869 0.6960 -0.4137
vn 0.7079 0.7050 -0.0427
vn -0.4395 0.5403 0.7176
vn 0.7472 0.6484 0.1460
vn 0.1977 0.6943 0.6921
vn -0.3843 0.7368 0.5562
vn -0.3658 0.8022 0.4718
vn 0.4794 0.7944 0.3730
vn 0.0262 0.7387 -0.6735
vn 0.5780 0.7729 0.2617
vn -0.4562 -0.0689 -0.8872
vn 0.5366 0.7610 0.3645
vn -0.4068 0.6745 0.6161
vn 0.5852 0.7096 0.3925
vn 0.0073 0.7356 -0.6774
vn -0.0734 0.6094 -0.7894
vn -0.0667 0.7634 -0.6425
vn 0.3145 0.8473 0.4281
vn -0.5567 0.8242 0.1036
vn -0.7849 0.6160 0.0670
vn -0.6938 0.7202 -0.0016
vn 0.3413 0.6869 0.6416
vn 0.6299 0.6929 -0.3509
vn 0.5963 0.8026 -0.0186
vn -0.0501 0.6967 -0.7156
vn -0.5526 0.6522 0.5188
vn -0.4880 0.6514 0.5809
vn 0.0253 0.6895 -0.7238
vn 0.7393 0.6592 0.1374
vn 0.3372 0.6081 -0.7187
vn 0.3642 0.7668 0.5286
vn 0.6553 0.7323 -0.1853
vn 0.6012 0.7428 -0.2946
vn -0.5798 0.8002 0.1532
vn 0.4436 0.8296 0.3390
vn -0.6322 0.7488 0.1994
vn 0.6299 0.6730 0.3877
vn -0.1953 0.7842 -0.5889
vn -0.3192 0.7711 -0.5509
vn 0.6589 0.4577 -0.5970
vn 0.0786 0.5735 0.8154
vn 0.6596 0.5834 -0.4740
vn 0.5060 0.8147 -0.2834
vn 0.9596 -0.1086 0.2594
vn -0.8473 0.5057 -0.1624
vn -0.4174 0.6794 0.6035
vn 0.1770 0.8252 0.5365
vn -0.6035 0.6436 0.4706
vn -0.5556 0.6445 -0.5253
vn 0.0158 0.7152 0.6987
vn -0.5227 0.7387 -0.4256
vn -0.4744 0.6141 0.6307
vn -0.3884 0.7292 0.5634
vn -0.2524 0.6959 0.6723
vn 0.1786 0.6122 -0.7702
vn 0.2075 0.7203 -0.6619
vn 0.4599 0.6836 0.5667
vn 0.6980 0.6929 0.1806
vn 0.4936 0.7604 -0.4221
vn 0.3913 0.8361 0.3845
vn 0.3990 0.6983 0.5942
vn 0.2847 0.8120 -0.5095
vn 0.4649 0.6484 -0.6028
vn -0.4028 0.6905 -0.6009
vn -0.1934 0.5874 0.7858
vn -0.0572 0.7880 0.6130
vn -0.0777 0.6678 0.7403
vn -0.5858 0.1132 -0.8025
vn 0.3118 0.7921 0.5248
vn -0.1754 0.7324 -0.6579
vn -0.5234 0.8225 0.2225
vn 0.6375 0.7515 -0.1696
vn -0.0870 0.8620 -0.4994
vn -0.1762 0.8733 -0.4542
vn 0.4796 0.6965 0.5336
vn 0.4255 0.7971 0.4284
vn 0.2361 0.6801 -0.6941
vn 0.1574 0.7985 -0.5811
vn -0.0268 0.7706 -0.6367
vn 0.3255 0.7028 0.6325
vn 0.3968 0.6361 -0.6617
vn 0.0559 0.7816 -0.6212
vn -0.4623 0.6795 0.5697
vn -0.0915 0.7118 -0.6964
vn -0.6017 0.6411 0.4764
vn -0.5114 0.7180 0.4722
vn -0.3208 0.7080 0.6291
vn -0.4920 0.6981 -0.5201
vn -0.4648 0.8082 -0.3616
vn 0.6234 0.7782 0.0762
vn -0.6188 0.7845 -0.0403
vn 0.3083 0.7628 0.5684
vn -0.6394 0.7300 -0.2414
vn 0.1344 0.7776 0.6142
vn 0.0592 0.8767 -0.4774
vn 0.4307 0.7078 -0.5599
vn 0.0130 0.7675 0.6409
vn 0.4648 0.8552 0.2296
vn 0.5931 0.7034 -0.3917
vn -0.4418 0.8652 0.2371
vn -0.5692 0.5163 0.6399
vn 0.2324 0.8104 0.5379
vn 0.1119 0.7996 0.5900
vn 0.0490 0.6836 0.7282
vn -0.0684 0.8528 -0.5178
vn 0.5897 0.5259 0.6130
vn 0.0129 0.8332 -0.5528
vn -0.6286 0.7632 -0.1494
vn -0.2376 0.8455 -0.4782
vn -0.3655 0.7476 -0.5545
vn 0.3536 0.7150 0.6031
vn -0.1109 0.6908 -0.7145
vn -0.0867 0.7826 -0.6165
vn 0.2836 0.7443 0.6046
vn 0.5738 0.8182 -0.0352
vn 0.6688 0.7324 -0.1278
vn -0.6594 0.7421 0.1204
vn -0.6648 0.7462 0.0346
vn 0.5871 0.7787 -0.2212
vn -0.2791 0.8515 -0.4439
vn -0.4360 0.6513 -0.6211
vn -0.7654 0.6260 0.1494
vn 0.6042 0.7082 0.3653
vn -0.1684 0.5833 -0.7946
vn -0.0258 0.7704 -0.6370
vn -0.4054 0.6165 0.6749
vn -0.7338 0.6511 -0.1939
vn 0.3638 0.6307 0.6855
vn 0.3067 0.6884 0.6573
vn 0.5477 0.8233 -0.1491
vn -0.2737 0.6563 0.7031
vn 0.7558 0.6180 0.2166
vn 0.3717 0.6090 -0.7007
vn -0.4858 0.6818 0.5470
vn -0.7135 0.6520 -0.2566
vn -0.6391 0.7276 -0.2491
vn -0.5787 0.7881 -0.2098
vn -0.0060 0.6882 0.7255
vn -0.0000 0.8022 0.5971
vn 0.1112 0.8212 0.5597
vn 0.5574 0.8157 -0.1548
vn 0.4324 0.6165 -0.6580
vn 0.4435 0.7363 -0.5111
vn 0.7229 0.6685 0.1746
vn -0.3931 0.6085 -0.6894
vn 0.3752 0.7990 0.4698
vn 0.3749 0.3274 -0.8673
vn 0.5681 0.6034 0.5596
vn 0.0719 0.8355 0.5447
vn -0.2695 0.7528 -0.6005
vn -0.2122 0.7215 0.6590
vn -0.1533 0.7429 0.6516
vn -0.1920 0.7573 -0.6242
vn -0.0888 0.7681 0.6342
vn -0.1189 0.7996 -0.5887
vn 0.6530 0.7466 0.1272
vn 0.6055 0.7948 0.0402
vn 0.1749 0.7690 0.6149
vn 0.2105 0.7833 -0.5849
vn 0.2631 0.7459 0.6119
vn 0.1906 0.6061 -0.7722
vn 0.0426 0.7089 -0.7040
vn -0.0421 0.8162 -0.5762
vn -0.1470 0.8286 -0.5403
vn -0.5904 0.7856 0.1851
vn 0.7067 0.7001 -0.1022
vn 0.6048 0.7783 -0.1689
vn -0.5697 0.7459 0.3451
vn 0.7287 0.6827 0.0549
vn 0.6648 0.7468 -0.0181
vn 0.0671 0.7397 0.6695
vn -0.6316 0.7044 -0.3239
vn 0.1914 0.5697 0.7993
vn 0.2563 0.6677 0.6989
vn -0.5688 0.7242 -0.3899
vn 0.0819 0.8501 -0.5202
vn 0.4388 0.6798 -0.5877
vn 0.5331 0.7685 0.3538
vn 0.1414 0.7573 0.6376
vn 0.5309 0.6522 -0.5411
vn 0.3518 0.6692 -0.6545
vn -0.1220 0.8528 0.5078
vn 0.1090 0.6174 -0.7791
vn -0.3661 0.8003 0.4749
vn -0.7540 0.6568 0.0122
vn -0.2894 0.7587 0.5837
vn 0.5105 0.7142 -0.4789
vn 0.1192 0.6670 -0.7355
vn 0.2519 0.4242 0.8698
vn -0.1129 0.9705 -0.2130
vn -0.4059 0.7511 0.5207
vn -0.4999 0.5451 -0.6730
vn -0.3329 0.6147 0.7150
vn -0.0814 0.8170 0.5709
vn 0.1163 0.8036 0.5837
vn -0.0214 0.7293 -0.6839
vn -0.2634 0.7347 0.6252
vn -0.4196 0.5728 -0.7042
vn 0.9060 0.4173 0.0702
vn -0.5479 0.8136 0.1946
vn -0.4064 0.8748 0.2637
vn 0.3960 0.6116 -0.6849
vn -0.7321 0.6793 -0.0504
vn 0.6519 0.7412 -0.1599
vn -0.4822 0.7801 0.3988
vn -0.4106 0.7085 0.5740
vn 0.8316 0.5483 0.0883
vn -0.0138 0.8140 0.5807
vn -0.2217 0.7802 0.5849
vn -0.4054 0.7748 -0.4850
vn 0.1062 0.8043 0.5846
vn -0.3066 0.7705 -0.5589
vn 0.3336 0.8099 0.4826
vn -0.6063 0.6970 -0.3828
vn -0.0983 0.7355 0.6704
vn -0.5158 0.7339 -0.4421
vn -0.2117 0.7108 0.6708
vn -0.0279 0.8046 0.5932
vn 0.2242 0.8011 0.5550
vn -0.6331 0.5532 0.5415
vn -0.7003 0.5862 0.4074
vn 0.3952 0.8552 -0.3353
vn 0.3465 0.9352 -0.0723
vn 0.4104 0.8178 0.4034
vn -0.4452 0.7887 -0.4240
vn 0.5391 0.7171 0.4419
vn 0.7375 0.6749 0.0246
vn 0.6688 0.7431 -0.0209
vn 0.4263 0.8232 -0.3749
vn 0.3178 0.7300 -0.6051
vn 0.7249 0.6542 -0.2157
vn 0.5793 0.7104 -0.3997
vn 0.5192 0.7325 0.4403
vn 0.7839 0.6049 -0.1401
vn 0.4104 0.7612 0.5022
vn 0.0277 0.8036 -0.5946
vn 0.3075 0.7459 0.5909
vn 0.5229 0.7308 0.4388
vn 0.5536 0.5174 0.6526
vn 0.6832 0.6622 -0.3078
vn -0.1273 0.7741 0.6201
vn 0.5718 0.7803 -0.2531
vn -0.1849 0.6297 0.7545
vn -0.3937 0.7106 0.5832
vn -0.4993 0.7247 0.4749
vn 0.0101 0.9470 0.3210
vn -0.1583 0.8093 0.5657
vn -0.5275 0.8212 0.2176
vn 0.5569 0.8305 -0.0068
vn -0.5748 0.8114 0.1062
vn 0.6014 0.7670 -0.2237
vn -0.7262 0.6835 -0.0737
vn -0.6108 0.7917 -0.0079
vn -0.5205 0.7903 0.3233
vn -0.6607 0.5475 0.5135
vn 0.5447 0.8312 0.1112
vn 0.5554 0.8235 -0.1158
vn 0.5259 0.7494 -0.4023
vn -0.2909 0.6239 0.7253
vn -0.2686 0.7262 0.6329
vn 0.2296 0.8306 -0.5073
vn 0.3555 0.7743 0.5235
vn -0.5685 0.7539 -0.3295
vn -0.5278 0.6677 -0.5250
vn -0.3904 0.7338 -0.5560
vn -0.1205 0.7294 -0.6734
vn -0.3660 0.6753 -0.6404
vn -0.3565 0.8278 -0.4332
vn -0.0822 0.6658 -0.7416
vn -0.1141 0.7601 0.6397
vn -0.0374 0.7998 0.5991
vn 0.3773 0.7629 -0.5250
vn 0.3197 0.7219 -0.6137
vn -0.9997 -0.0229 0.0045
vn 0.2213 0.6990 -0.6800
vn 0.3001 0.7606 0.5756
vn -0.4041 0.7361 -0.5429
vn -0.0449 0.7358 0.6757
vn 0.0742 0.6909 0.7192
vn -0.2626 0.7924 -0.5505
vn 0.1906 0.7240 0.6629
vn 0.0381 0.7163 -0.6967
vn -0.5328 0.6674 0.5203
vn 0.2532 0.8435 -0.4737
vn 0.4213 0.7343 0.5323
vn -0.7394 0.6166 0.2704
vn -0.6712 0.7140 0.1995
vn -0.4793 0.7922 0.3778
vn 0.3994 0.7831 -0.4768
vn -0.6881 0.6569 0.3080
vn -0.3478 0.8573 -0.3796
vn -0.3480 0.7794 -0.5210
vn 0.5537 0.7827 -0.2843
vn -0.6824 0.7309 -0.0071
vn -0.5488 0.8340 0.0566
vn -0.5456 0.8199 0.1733
vn -0.6622 0.6990 0.2699
vn -0.1630 0.7308 0.6629
vn -0.0906 0.8132 0.5748
vn 0.3207 0.7616 -0.5631
vn -0.0090 0.7567 0.6537
vn 0.3259 0.7866 0.5244
vn -0.0874 0.7512 -0.6542
vn -0.0571 0.8592 0.5085
vn -0.3488 0.7621 -0.5454
vn 0.3436 0.8508 -0.3976
vn -0.4735 0.7527 0.4574
vn -0.0477 0.6037 0.7958
vn -0.6856 0.7223 -0.0906
vn -0.5984 0.8011 0.0084
vn 0.5792 0.7830 0.2266
vn 0.5861 0.8023 0.1133
vn -0.6757 0.6959 0.2430
vn 0.7085 0.6128 0.3500
vn 0.5714 0.7429 0.3487
vn -0.5366 -0.8386 -0.0940
vn 0.7874 0.6143 -0.0509
vn 0.6249 0.7806 -0.0097
vn -0.6377 0.7528 0.1632
vn -0.3335 0.8486 -0.4107
vn 0.6246 0.7808 0.0130
vn 0.5627 0.8163 0.1307
vn 0.6124 0.7773 -0.1440
vn -0.1960 0.8558 -0.4788
vn -0.6294 0.7444 -0.2229
vn 0.2805 0.6694 0.6879
vn -0.5563 0.7682 -0.3170
vn 0.4669 0.7058 0.5327
vn 0.1418 0.8274 0.5434
vn 0.2536 0.7459 0.6158
vn -0.0754 0.7719 -0.6312
vn 0.3806 0.8119 0.4427
vn 0.7095 0.0219 -0.7043
vn 0.6543 0.7527 -0.0728
vn -0.4383 0.7763 -0.4529
vn 0.6812 0.6258 -0.3799
vn -0.6441 0.7514 -0.1433
vn 0.5983 0.7038 0.3830
vn -0.5661 0.7965 -0.2126
vn 0.7020 0.7003 0.1295
vn -0.5552 0.7701 -0.3143
vn 0.7793 0.6258 -0.0310
vn -0.1481 0.4176 -0.8965
vn -0.5924 0.7937 0.1385
vn 0.6572 0.7524 -0.0444
vn -0.4804 0.6017 0.6381
vn 0.7348 0.6681 0.1176
vn 0.2492 0.8831 -0.3974
vn -0.1284 0.6328 -0.7636
vn -0.5926 0.6805 0.4310
vn -0.2146 0.6601 0.7198
vn 0.3612 0.8416 -0.4016
vn -0.1620 0.8824 -0.4417
vn -0.0644 0.8570 -0.5113
vn -0.2279 0.8896 -0.3958
vn -0.0094 0.2401 -0.9707
vn 0.3383 0.7490 -0.5697
vn 0.3345 0.5715 0.7493
vn 0.4275 0.7193 -0.5476
vn 0.0030 0.8012 -0.5983
vn 0.6778 0.7313 0.0760
vn -0.5398 0.6865 -0.4872
vn 0.6338 0.7598 0.1448
vn -0.6155 0.7133 -0.3352
vn -0.7016 0.6896 -0.1794
vn 0.0561 0.7990 -0.5988
vn -0.0809 0.8118 -0.5783
vn -0.0122 0.8073 -0.5900
vn -0.0465 0.6350 -0.7711
vn -0.3838 0.6984 -0.6042
vn 0.6704 0.7419 -0.0105
vn 0.6532 0.7515 -0.0922
vn -0.6523 0.7183 0.2420
vn 0.5792 0.7120 0.3970
vn 0.6844 0.6727 0.2814
vn 0.4704 0.7197 0.5106
vn 0.5061 0.8026 0.3157
vn -0.0892 0.7601 0.6436
vn -0.1337 0.7561 0.6406
vn 0.4153 0.7897 -0.4517
vn -0.5603 0.8060 0.1908
vn 0.5575 0.8013 0.2169
vn 0.5408 0.7936 0.2788
vn -0.2472 0.7494 -0.6143
vn -0.3134 0.8349 -0.4525
vn -0.0935 0.7442 -0.6614
vn -0.1444 0.7416 -0.6552
vn -0.4802 0.7930 0.3748
vn -0.5300 0.6826 0.5031
vn -0.1895 0.8673 0.4602
vn -0.0852 0.8827 0.4622
vn -0.4432 0.7423 0.5025
vn -0.0282 0.8547 0.5184
vn 0.3712 0.7995 0.4723
vn 0.3067 0.7932 0.5261
vn -0.4481 0.7237 -0.5249
vn -0.6260 0.7716 -0.1130
vn 0.1322 0.8413 0.5242
vn -0.1237 0.8626 -0.4906
vn 0.3618 0.7515 -0.5517
vn 0.2870 0.7478 -0.5987
vn 0.6300 0.7328 0.2570
vn -0.9398 0.0032 0.3418
vn -0.9321 0.1109 -0.3449
vn -0.8640 0.2603 0.4310
vn -0.8308 0.3156 0.4584
vn -0.7058 0.0062 -0.7084
vn -0.7072 0.0502 -0.7052
vn -0.9371 0.0601 -0.3440
vn -0.7021 0.1018 -0.7047
vn -0.9381 0.0072 -0.3462
vn -0.6988 0.0103 -0.7152
vn -0.9476 0.3152 0.0526
vn -0.9168 0.3982 -0.0309
vn -0.7831 0.3511 0.5133
vn -0.8326 0.2852 0.4748
vn -0.6544 0.2483 -0.7143
vn -0.9767 0.2067 0.0569
vn -0.9005 0.1718 -0.3995
vn -0.7916 0.2547 -0.5554
vn -0.7270 0.2872 -0.6237
vn 0.7282 0.6837 0.0483
vn 0.2092 -0.6087 0.7653
vn 0.0109 0.7144 0.6996
vn 0.8289 -0.5169 -0.2137
vn 0.6088 0.6830 0.4035
vn 0.7723 -0.6338 -0.0428
vn 0.6081 0.6290 0.4843
vn 0.7634 -0.6364 -0.1103
vn 0.6068 0.5691 -0.5549
vn 0.8066 -0.5688 0.1609
vn 0.6869 0.7190 -0.1061
vn 0.2471 0.6413 -0.7264
vn 0.7105 -0.6170 -0.3385
vn 0.7260 -0.6230 0.2914
vn 0.5263 0.7183 -0.4551
vn 0.5410 0.7337 -0.4111
vn 0.7561 -0.6520 -0.0570
vn 0.4807 0.6657 -0.5708
vn 0.5020 0.6803 -0.5341
vn -0.3979 -0.9153 -0.0626
vn -0.4591 0.6426 -0.6134
vn -0.1397 -0.6552 -0.7424
vn -0.2657 -0.7112 -0.6508
vn -0.7569 0.6398 0.1328
vn -0.6849 0.7189 0.1184
vn 0.7518 -0.6498 -0.1126
vn 0.6120 0.6046 -0.5098
vn 0.7543 -0.6490 -0.0995
vn 0.6417 0.6505 -0.4063
vn 0.7076 -0.6049 0.3653
vn 0.7073 0.6830 -0.1825
vn 0.7128 0.6967 -0.0813
vn 0.6035 -0.6086 0.5152
vn 0.7373 0.6718 -0.0712
vn -0.5257 0.6262 -0.5757
vn 0.1702 -0.8659 0.4704
vn -0.7849 0.5981 -0.1618
vn 0.7109 -0.3716 0.5971
vn 0.8267 0.5465 0.1339
vn 0.8465 -0.4132 0.3358
vn -0.0633 0.7886 0.6116
vn -0.3739 -0.5132 -0.7726
vn -0.8337 0.5513 -0.0312
vn 0.5264 0.7003 0.4822
vn -0.0950 -0.5423 0.8348
vn 0.7723 0.6338 0.0438
vn 0.5615 -0.6296 0.5370
vn 0.5613 -0.6232 0.5446
vn -0.3863 -0.6055 0.6958
vn 0.5238 0.4426 0.7278
vn -0.7721 -0.5861 -0.2457
vn -0.6744 0.4143 0.6112
vn 0.7388 -0.5469 0.3937
vn 0.6645 0.5507 -0.5053
vn 0.7080 0.5557 -0.4359
vn -0.7384 -0.6705 0.0723
vn -0.5630 0.6877 0.4584
vn -0.8302 -0.5304 -0.1716
vn -0.7511 0.6549 -0.0834
vn -0.7553 0.6485 -0.0944
vn -0.4338 -0.5619 -0.7044
vn -0.5598 -0.5530 0.6172
vn 0.4120 0.5483 0.7277
vn -0.5758 0.6715 0.4665
vn -0.7616 -0.6436 -0.0758
vn -0.6811 -0.7321 0.0001
vn -0.8726 0.3813 -0.3054
vn -0.2336 -0.6110 -0.7564
vn -0.1199 -0.6196 -0.7757
vn 0.7512 -0.5787 -0.3176
vn 0.0504 0.4802 -0.8757
vn 0.0515 0.6003 0.7981
vn -0.5959 -0.5615 0.5742
vn -0.5316 -0.5231 -0.6661
vn -0.7853 0.5953 0.1701
vn -0.7906 0.5943 0.1476
vn 0.6974 0.6260 -0.3490
vn 0.6987 -0.5673 0.4358
vn 0.7907 -0.5304 0.3057
vn 0.6316 0.6265 0.4567
vn 0.0171 -0.6075 0.7941
vn -0.5505 -0.8202 0.1554
vn 0.6416 -0.6625 0.3866
vn 0.7242 0.6753 -0.1397
vn 0.7994 -0.5240 0.2938
vn -0.1360 0.5537 -0.8215
vn -0.2660 0.6441 -0.7172
vn 0.6531 -0.6339 0.4143
vn 0.7229 0.6745 -0.1498
vn -0.7555 -0.6444 -0.1183
vn -0.5438 0.5249 0.6548
vn -0.7886 -0.6138 0.0358
vn -0.9307 0.2786 -0.2372
vn -0.7783 -0.6146 -0.1286
vn -0.5013 0.4346 0.7482
vn 0.1060 0.6147 0.7816
vn 0.5074 0.2804 -0.8148
vn -0.6238 0.5013 0.5997
vn -0.7466 0.6199 -0.2414
vn 0.0380 -0.6193 0.7842
vn 0.7963 -0.6026 -0.0532
vn -0.0011 0.6307 -0.7760
vn 0.4333 0.6617 0.6119
vn 0.4296 0.6602 0.6161
vn -0.0350 -0.7038 0.7096
vn -0.3668 0.6094 0.7029
vn -0.7568 0.6277 0.1823
vn 0.6835 0.6294 0.3698
vn -0.8123 0.5025 -0.2962
vn -0.0642 -0.6363 -0.7687
vn 0.5555 0.6893 -0.4651
vn 0.5134 0.6416 -0.5699
vn 0.5201 0.6764 -0.5215
vn -0.2832 -0.6746 -0.6817
vn -0.6500 0.7294 -0.2132
vn -0.0431 0.5258 -0.8495
vn 0.6503 0.2910 0.7018
vn -0.2295 0.4439 -0.8662
vn 0.5863 -0.5722 -0.5734
vn 0.8212 0.4444 -0.3581
vn 0.5145 -0.6504 0.5588
vn -0.5553 0.5968 -0.5792
vn 0.0159 -0.6358 -0.7717
vn 0.2147 0.7507 0.6248
vn -0.2218 -0.6482 0.7285
vn -0.7705 0.6327 -0.0782
vn -0.6675 0.6003 -0.4406
vn -0.2055 -0.6083 -0.7666
vn -0.5132 -0.6408 0.5709
vn 0.4362 0.6817 0.5873
vn 0.0192 -0.6518 0.7581
vn 0.5451 0.6734 0.4994
vn 0.5325 0.6757 0.5099
vn 0.3335 -0.6893 0.6432
vn -0.8754 -0.2708 0.4004
vn -0.6201 0.6870 0.3787
vn -0.6714 -0.6893 0.2721
vn -0.7183 -0.6813 0.1411
vn -0.5418 0.6662 0.5126
vn -0.5594 0.6847 0.4672
vn -0.7567 -0.6518 0.0513
vn -0.7752 -0.6317 0.0079
vn -0.7015 -0.6075 0.3727
vn -0.6947 0.6985 -0.1713
vn -0.3645 -0.6572 -0.6597
vn -0.4197 0.7863 -0.4533
vn 0.3390 0.5935 0.7300
vn -0.3392 -0.6085 0.7174
vn -0.3855 -0.5836 0.7147
vn -0.0573 0.5899 -0.8054
vn 0.6180 -0.6093 -0.4968
vn 0.0551 0.6774 -0.7336
vn 0.3974 -0.6958 -0.5983
vn 0.4810 0.7160 0.5059
vn 0.4319 -0.6491 0.6262
vn 0.3933 -0.6372 0.6628
vn 0.7723 0.5939 0.2254
vn -0.5490 -0.6351 0.5434
vn -0.2205 -0.5922 0.7750
vn -0.5403 0.0251 0.8411
vn -0.5781 -0.5483 0.6043
vn -0.5850 0.6264 -0.5151
vn -0.1270 -0.6457 -0.7529
vn -0.0543 -0.6344 -0.7711
vn -0.4130 -0.8488 -0.3301
vn 0.8213 -0.3732 -0.4315
vn 0.6827 0.6627 -0.3079
vn 0.6775 0.6763 -0.2893
vn 0.7420 -0.6323 0.2226
vn 0.7113 -0.6338 0.3038
vn 0.1992 -0.7101 0.6753
vn -0.7620 0.6338 0.1330
vn -0.7055 -0.6986 -0.1192
vn -0.7001 -0.7004 -0.1389
vn 0.5239 0.5935 -0.6109
vn -0.7914 0.6112 0.0107
vn 0.5018 0.6567 -0.5629
vn 0.7681 -0.5579 0.3141
vn -0.0123 -0.6759 -0.7369
vn -0.2630 0.6180 -0.7409
vn -0.5795 0.6567 0.4826
vn -0.6010 0.6653 0.4428
vn -0.7705 -0.6318 -0.0844
vn -0.7878 -0.6047 -0.1170
vn -0.6621 0.7421 0.1047
vn -0.6542 0.7563 0.0036
vn -0.6875 -0.6683 0.2841
vn -0.6483 0.7152 0.2612
vn -0.5199 0.7122 -0.4716
vn 0.3785 -0.7875 -0.4865
vn 0.0843 0.5462 -0.8334
vn 0.3326 -0.7937 -0.5094
vn 0.0467 -0.8056 -0.5906
vn -0.0589 -0.7558 -0.6522
vn 0.5764 0.4726 -0.6666
vn -0.0640 -0.6376 -0.7677
vn -0.2992 0.6834 0.6659
vn -0.5018 -0.6798 0.5348
vn -0.5362 -0.6726 0.5100
vn -0.3732 -0.6907 0.6193
vn -0.4797 0.7248 0.4946
vn -0.3417 -0.6806 0.6481
vn -0.3569 0.8695 -0.3414
vn 0.4687 0.4819 -0.7404
vn 0.7460 -0.6646 -0.0424
vn 0.7736 -0.6337 0.0005
vn 0.4690 -0.7632 -0.4444
vn 0.6716 -0.6230 -0.4010
vn 0.4088 0.6616 0.6287
vn 0.1866 -0.6749 0.7139
vn 0.1172 -0.6628 0.7396
vn -0.3063 -0.8803 0.3624
vn -0.1970 -0.8739 0.4443
vn -0.3989 -0.8755 0.2726
vn -0.1434 -0.8335 0.5335
vn -0.8945 0.4143 -0.1678
vn -0.4078 -0.8770 -0.2542
vn -0.3977 -0.8700 -0.2915
vn -0.6370 0.6460 -0.4206
vn -0.6023 0.6766 -0.4235
vn -0.0988 -0.6286 -0.7714
vn -0.5605 0.6993 -0.4437
vn -0.3449 0.3691 -0.8630
vn -0.2835 -0.6445 -0.7101
vn -0.5711 0.6380 0.5164
vn -0.7682 -0.6401 0.0110
vn -0.7711 -0.6363 -0.0214
vn -0.5939 0.7256 0.3477
vn -0.7528 -0.5995 0.2717
vn -0.3407 0.6340 0.6943
vn -0.4709 -0.3879 0.7923
vn -0.4838 -0.6385 -0.5986
vn -0.7821 0.6228 -0.0214
vn -0.5087 -0.6360 -0.5803
vn -0.4919 0.3304 -0.8055
vn 0.4231 -0.7039 0.5705
vn -0.3344 0.7273 -0.5993
vn -0.2840 0.7373 -0.6129
vn -0.0686 -0.6445 -0.7616
vn -0.0431 -0.6431 -0.7646
vn 0.4761 -0.8781 0.0471
vn 0.3520 -0.8768 0.3277
vn -0.3973 0.7435 0.5379
vn -0.5546 -0.7038 0.4439
vn -0.2769 0.6473 0.7102
vn -0.7164 -0.6190 0.3220
vn 0.3500 0.7106 -0.6103
vn 0.5977 -0.6580 -0.4580
vn 0.5377 0.5076 -0.6732
vn 0.6325 0.4545 -0.6272
vn 0.5476 0.3983 -0.7358
vn 0.4402 -0.8662 -0.2364
vn 0.6788 0.6164 -0.3991
vn 0.7667 -0.6217 0.1602
vn 0.7581 -0.6165 0.2125
vn 0.6580 0.6970 -0.2849
vn -0.0835 -0.6976 -0.7116
vn -0.0290 0.7172 -0.6963
vn 0.2896 -0.6573 -0.6958
vn 0.7301 0.6731 0.1180
vn 0.7304 0.6709 0.1279
vn 0.4582 -0.6061 0.6501
vn 0.6173 0.6271 0.4751
vn 0.1108 -0.6333 0.7660
vn 0.0959 -0.6242 0.7754
vn 0.4547 0.7265 0.5152
vn -0.2814 0.6170 -0.7350
vn 0.2652 -0.6419 -0.7195
vn 0.2991 -0.6307 -0.7161
vn -0.0291 0.6189 0.7849
vn -0.5355 -0.6402 0.5508
vn -0.5619 -0.6300 0.5361
vn -0.3610 0.6999 -0.6163
vn -0.3222 -0.6296 0.7069
vn 0.0345 -0.6103 -0.7914
vn -0.4876 0.6874 -0.5383
vn -0.4850 0.6804 -0.5495
vn 0.5625 -0.6313 -0.5339
vn 0.0257 0.6436 -0.7649
vn 0.5222 -0.6424 -0.5610
vn 0.5773 -0.6204 -0.5308
vn 0.1078 0.7342 -0.6704
vn 0.4589 0.6713 -0.5820
vn 0.7369 -0.6338 -0.2351
vn 0.3212 -0.6322 0.7051
vn 0.6890 0.6647 0.2889
vn 0.6480 0.6966 0.3079
vn 0.3572 -0.6484 0.6724
vn 0.5775 0.6814 -0.4497
vn 0.5957 0.6762 -0.4335
vn 0.7458 -0.6580 0.1042
vn 0.6684 -0.6969 -0.2601
vn -0.2934 0.6437 -0.7068
vn 0.4815 -0.6120 -0.6274
vn 0.0327 0.6500 0.7592
vn 0.0184 0.6418 0.7667
vn -0.6459 -0.5984 0.4740
vn -0.6732 -0.5885 0.4478
vn -0.6067 -0.6123 0.5069
vn -0.5439 0.5572 0.6274
vn -0.4293 -0.6887 0.5843
vn -0.5021 -0.6648 0.5531
vn 0.1848 0.6614 0.7269
vn 0.2380 0.7407 0.6283
vn 0.6407 -0.6453 -0.4161
vn 0.1274 0.6404 -0.7574
vn 0.3312 -0.6832 -0.6508
vn 0.7104 0.7010 -0.0625
vn 0.7155 0.6964 -0.0557
vn 0.6800 -0.7103 0.1819
vn 0.6769 -0.7033 0.2173
vn -0.3383 -0.6663 -0.6645
vn -0.5529 0.7151 -0.4276
vn -0.3167 -0.6368 -0.7030
vn -0.7329 0.6201 -0.2799
vn -0.5717 -0.7080 -0.4147
vn -0.2877 0.6388 -0.7135
vn 0.0052 -0.7253 -0.6884
vn -0.6687 -0.6422 -0.3747
vn -0.7115 0.6918 -0.1232
vn -0.6337 -0.6881 -0.3534
vn -0.6099 -0.6865 -0.3958
vn -0.6595 -0.6998 -0.2744
vn -0.6032 0.6975 -0.3869
vn -0.5335 0.4917 0.6882
vn -0.7358 -0.6749 -0.0561
vn -0.7687 -0.6336 -0.0873
vn -0.6012 -0.7184 0.3500
vn -0.0506 -0.7184 0.6937
vn 0.3940 0.4931 0.7757
vn 0.3834 0.4910 0.7822
vn -0.4332 -0.6309 0.6436
vn 0.1914 0.5930 0.7821
vn -0.2955 -0.7475 0.5949
vn 0.1348 0.6350 0.7606
vn 0.5657 -0.6853 0.4585
vn 0.5614 -0.6669 0.4900
vn 0.7509 0.6563 0.0731
vn -0.2641 -0.6483 0.7141
vn 0.6044 0.6412 0.4727
vn 0.0621 -0.5976 0.7994
vn -0.6249 0.7481 0.2231
vn -0.6826 -0.7058 0.1895
vn -0.7392 -0.6735 -0.0014
vn -0.5715 0.6927 0.4400
vn -0.6841 0.6500 0.3310
vn -0.6966 0.6417 0.3209
vn -0.7203 -0.5556 -0.4153
vn -0.5020 -0.6701 -0.5467
vn -0.5852 0.6946 -0.4185
vn 0.1894 0.6727 0.7153
vn 0.5298 -0.7196 -0.4489
vn 0.4280 -0.6865 0.5878
vn 0.6467 0.6762 0.3528
vn 0.6207 0.6821 0.3867
vn 0.4400 -0.7018 0.5602
vn -0.0032 0.6097 0.7927
vn -0.7258 0.6876 -0.0185
vn -0.7075 0.6988 -0.1053
vn -0.6140 -0.6840 -0.3939
vn -0.6117 -0.6669 -0.4255
vn -0.7424 0.6697 0.0156
vn 0.9366 0.0262 -0.3493
vn 0.7063 0.0263 -0.7074
vn 0.9993 0.0317 -0.0173
vn 0.9414 0.0258 0.3363
vn 0.7101 0.0245 0.7036
vn 0.9415 -0.0226 0.3361
vn 0.7038 -0.0314 0.7097
vn 0.9437 0.0692 0.3234
vn 0.9999 -0.0112 0.0016
vn 0.9061 0.3903 -0.1629
vn 0.6791 0.4827 -0.5529
vn 0.6760 0.4320 -0.5970
vn 0.9051 0.3417 -0.2531
vn 0.6463 0.2717 -0.7130
vn 0.8837 0.2267 -0.4095
vn 0.9388 0.0099 -0.3443
vn 0.9379 -0.0605 0.3417
vn 0.7017 -0.0625 0.7097
vn 0.9986 -0.0366 0.0388
vn 0.7314 0.0003 -0.6820
vn 0.9046 0.2311 0.3581
vn 0.6747 0.2598 0.6909
vn 0.9471 0.2170 0.2365
vn 0.8854 0.1153 -0.4504
vn 0.6663 0.1211 -0.7358
vn 0.6279 0.1298 -0.7674
vn 0.9051 0.3488 0.2433
vn 0.6195 0.4129 0.6676
vn 0.9020 0.3890 0.1873
vn 0.6098 0.4605 0.6451
vn 0.9075 0.3468 0.2369
vn 0.9151 0.3258 0.2375
vn 0.9902 0.1249 -0.0620
vn 0.9763 0.2099 -0.0519
vn 0.8691 0.3705 0.3278
vn -0.7487 -0.6011 -0.2796
vn -0.6892 -0.6338 -0.3511
vn -0.6564 -0.6471 -0.3878
vn -0.6162 0.7209 -0.3173
vn 0.8850 -0.4611 0.0647
vn -0.6879 0.7183 -0.1043
vn -0.7007 0.7124 -0.0397
vn -0.6302 -0.6877 -0.3604
vn -0.7297 0.6821 0.0474
vn -0.6372 -0.6106 -0.4703
vn -0.7360 0.6610 0.1459
vn -0.6373 -0.5789 -0.5087
vn -0.7378 0.6427 -0.2064
vn -0.5693 -0.5845 0.5781
vn -0.7081 0.6407 0.2970
vn -0.2589 -0.6450 0.7190
vn -0.6845 0.6506 0.3290
vn 0.1145 0.6947 0.7101
vn -0.5009 0.7520 0.4284
vn -0.5269 -0.6116 0.5902
vn -0.7485 0.6592 0.0726
vn 0.3332 -0.6820 0.6511
vn 0.2521 0.7302 0.6350
vn 0.2781 -0.6863 0.6720
vn 0.2359 -0.6911 0.6832
vn 0.7135 -0.6992 0.0452
vn 0.7147 -0.6994 0.0090
vn -0.6641 -0.6908 0.2860
vn -0.7367 -0.5630 0.3745
vn -0.7368 0.5878 -0.3342
vn -0.7438 0.6418 0.1868
vn 0.3317 -0.2885 0.8982
vn -0.6705 -0.5297 0.5195
vn 0.8491 0.3531 0.3929
vn 0.4662 -0.3020 -0.8315
vn 0.3134 0.5678 0.7611
vn 0.8334 -0.5526 0.0046
vn 0.0833 0.5557 -0.8272
vn -0.5396 -0.6539 -0.5303
vn 0.6159 0.5760 -0.5375
vn -0.1820 -0.5727 -0.7993
vn -0.7668 -0.6361 -0.0857
vn -0.4950 0.6939 -0.5229
vn -0.7647 -0.6443 -0.0098
vn 0.4077 0.6443 -0.6471
vn -0.5387 -0.4353 -0.7213
vn 0.6009 -0.4634 -0.6514
vn 0.6674 0.6663 0.3326
vn -0.7224 0.5728 -0.3873
vn -0.6909 -0.5155 0.5068
vn 0.7693 0.6039 0.2085
vn 0.6086 -0.6477 -0.4583
vn 0.7673 -0.6364 0.0792
vn 0.4074 0.6011 0.6876
vn -0.3942 -0.5070 -0.7665
vn 0.5003 0.5027 -0.7050
vn 0.7563 0.6515 0.0604
vn 0.6173 -0.6247 -0.4782
vn 0.6276 -0.6209 -0.4697
vn -0.3394 -0.6305 -0.6980
vn 0.3102 0.6340 -0.7084
vn 0.8782 -0.4163 0.2354
vn 0.0125 0.6904 0.7234
vn -0.0354 -0.4725 0.8806
vn -0.7386 0.6199 0.2648
vn 0.6422 0.7467 -0.1734
vn 0.5908 0.6725 -0.4457
vn -0.0757 -0.6001 -0.7964
vn 0.4221 0.7357 0.5297
vn 0.4381 0.6825 0.5851
vn 0.8186 -0.5532 -0.1548
vn 0.5059 0.5604 0.6557
vn -0.7692 -0.5797 0.2689
vn -0.7333 -0.5865 0.3439
vn -0.6936 0.5829 -0.4233
vn -0.0365 0.7800 -0.6248
vn -0.0547 0.6342 -0.7713
vn -0.6382 -0.6068 -0.4738
vn -0.0150 0.6322 -0.7747
vn -0.6463 -0.5918 -0.4817
vn -0.6315 0.6944 -0.3449
vn -0.7682 -0.6312 0.1067
vn -0.7560 -0.6372 0.1499
vn -0.6487 0.6488 -0.3977
vn 0.4940 -0.4224 -0.7600
vn 0.7441 0.6495 0.1562
vn -0.4117 0.6822 0.6042
vn 0.6494 0.6371 0.4152
vn -0.5924 -0.6315 -0.5003
vn -0.5613 -0.6326 -0.5336
vn -0.4811 -0.6472 0.5914
vn -0.5740 0.6229 -0.5316
vn 0.7381 0.6595 0.1426
vn 0.7762 0.6259 -0.0757
vn -0.1099 0.6464 0.7551
vn -0.7402 0.6607 0.1248
vn 0.1539 0.6303 -0.7609
vn -0.5957 -0.6710 -0.4415
vn -0.3390 0.6322 0.6967
vn -0.1958 0.6702 -0.7159
vn 0.0816 0.6423 0.7621
vn 0.8273 -0.4453 0.3425
vn 0.3817 0.5939 0.7082
vn 0.7272 -0.5932 0.3455
vn 0.7234 -0.5985 0.3442
vn -0.7532 0.6573 0.0266
vn 0.2831 -0.4794 0.8307
vn -0.6125 0.6438 0.4586
vn -0.5449 0.6444 -0.5366
vn -0.8766 -0.3685 0.3096
vn -0.3847 -0.6062 -0.6960
vn -0.3806 -0.6121 -0.6932
vn 0.3607 -0.6675 -0.6514
vn -0.0404 0.6530 -0.7563
vn -0.5631 -0.6101 -0.5574
vn 0.6695 0.7325 -0.1235
vn 0.6294 -0.6716 -0.3908
vn 0.7401 0.6725 0.0066
vn 0.5709 -0.6305 -0.5258
vn 0.5908 -0.6472 -0.4818
vn 0.7248 0.6877 -0.0414
vn 0.4091 0.6342 0.6560
vn 0.7583 -0.6032 0.2475
vn 0.9043 -0.3434 -0.2537
vn 0.7905 0.3647 -0.4921
vn 0.4079 0.6438 -0.6474
vn -0.3453 -0.5841 -0.7346
vn 0.0715 0.6902 -0.7200
vn 0.0488 -0.5571 0.8290
vn 0.0533 -0.5699 0.8200
vn -0.6050 0.6488 0.4616
vn -0.1342 0.5492 0.8249
vn -0.6211 -0.6523 -0.4344
vn 0.4733 -0.5650 -0.6758
vn 0.1279 -0.5885 -0.7983
vn 0.4856 -0.6599 0.5734
vn 0.4250 -0.6761 0.6019
vn 0.0383 0.6873 0.7254
vn 0.6066 -0.6166 0.5018
vn 0.5889 -0.6248 0.5126
vn -0.7093 0.6446 -0.2852
vn -0.7233 -0.6168 0.3105
vn -0.7218 -0.6283 0.2903
vn -0.7119 0.6672 -0.2192
vn -0.1989 -0.6881 -0.6978
vn -0.3755 -0.6807 -0.6290
vn -0.7668 -0.6368 -0.0803
vn -0.4323 0.6517 -0.6232
vn -0.6274 -0.6860 -0.3685
vn 0.7506 -0.6324 0.1914
vn 0.7390 0.6389 -0.2136
vn 0.3156 -0.6492 -0.6921
vn -0.2972 0.6406 0.7080
vn 0.2067 -0.7152 0.6676
vn -0.3157 0.6156 0.7221
vn -0.1059 -0.6913 0.7148
vn -0.5634 0.6578 0.4999
vn -0.6719 -0.6409 0.3711
vn 0.4921 -0.7039 0.5122
vn -0.1836 -0.6400 -0.7462
vn -0.7642 0.6442 0.0311
vn 0.6070 0.6959 0.3838
vn 0.6998 -0.7129 -0.0460
vn 0.5945 0.6821 0.4257
vn -0.2598 -0.7109 -0.6535
vn -0.0013 -0.6973 -0.7168
vn 0.1123 -0.6549 -0.7473
vn 0.7675 0.6289 0.1242
vn 0.5992 -0.6353 -0.4872
vn 0.6273 -0.6411 -0.4421
vn 0.7449 0.6599 0.0982
vn 0.7140 -0.6953 -0.0822
vn 0.6850 0.6807 -0.2596
vn 0.6589 -0.7030 -0.2676
vn 0.6452 -0.6505 -0.4007
vn 0.6445 -0.6794 0.3508
vn -0.3724 0.8030 0.4653
vn -0.0875 -0.5302 0.8434
vn -0.6905 -0.7045 0.1636
vn 0.5117 0.7185 -0.4710
vn 0.2875 -0.6903 -0.6639
vn 0.5488 -0.6411 -0.5366
vn 0.2784 0.6817 -0.6766
vn 0.4933 -0.5184 0.6984
vn -0.1319 0.8035 0.5806
vn -0.7294 0.6812 -0.0631
vn -0.4515 -0.4909 0.7451
vn -0.6956 -0.5961 0.4009
vn 0.4442 -0.4112 -0.7960
vn 0.0989 0.6420 0.7603
vn 0.6502 -0.6094 0.4538
vn 0.3095 -0.6710 0.6738
vn 0.7295 0.6830 0.0365
vn 0.5731 -0.6230 -0.5324
vn 0.5692 -0.6475 -0.5067
vn 0.6407 -0.6373 -0.4282
vn 0.5568 0.3496 -0.7535
vn 0.3212 -0.6570 -0.6820
vn 0.7256 0.6578 -0.2017
vn 0.3028 0.7007 -0.6460
vn 0.2965 0.6512 -0.6986
vn 0.4044 -0.6482 -0.6452
vn 0.0487 0.6778 0.7337
vn 0.3562 -0.7020 0.6167
vn 0.2855 -0.7145 0.6387
vn 0.0953 0.6925 0.7151
vn 0.2011 0.6912 0.6941
vn -0.0617 -0.6774 0.7330
vn 0.5484 0.6923 -0.4690
vn 0.4462 -0.6618 -0.6024
vn 0.6861 0.6654 -0.2942
vn 0.2654 -0.6351 -0.7254
vn 0.2141 0.7131 -0.6676
vn -0.3472 -0.7032 0.6205
vn -0.5362 0.7165 0.4462
vn -0.5729 0.6957 0.4334
vn -0.7567 -0.3995 0.5174
vn 0.1654 -0.6736 0.7204
vn 0.8917 -0.4459 0.0780
vn -0.5959 -0.6993 -0.3949
vn -0.5768 0.7012 -0.4191
vn -0.4448 0.6351 -0.6315
vn -0.7520 -0.6484 -0.1184
vn -0.0777 0.6671 -0.7409
vn -0.6311 -0.6300 -0.4526
vn -0.5944 -0.6417 -0.4847
vn 0.1654 -0.6446 0.7464
vn 0.1370 -0.6706 -0.7290
vn 0.1704 -0.6811 -0.7121
vn -0.2680 -0.6432 -0.7173
vn -0.0342 0.6353 0.7715
vn 0.5011 -0.6507 0.5705
vn -0.3286 -0.6224 0.7104
vn -0.3430 -0.6299 0.6969
vn -0.3716 -0.6500 0.6629
vn -0.6111 -0.6751 -0.4131
vn -0.5533 -0.6684 -0.4971
vn -0.2941 0.6725 -0.6791
vn -0.7117 -0.6316 -0.3074
vn -0.6777 -0.6520 -0.3400
vn -0.3466 0.6714 -0.6550
vn -0.7505 0.6562 -0.0781
vn -0.6527 -0.6031 0.4585
vn -0.6817 -0.7125 0.1660
vn -0.7692 -0.6337 0.0822
vn 0.2430 -0.5545 0.7959
vn -0.4556 0.5914 0.6653
vn 0.6563 0.5892 -0.4713
vn 0.0195 -0.5761 -0.8171
vn 0.0157 0.6446 -0.7643
vn -0.5467 -0.6663 -0.5071
vn -0.0441 0.6701 -0.7409
vn -0.1665 -0.6172 0.7690
vn -0.6221 0.6508 0.4352
vn -0.6506 0.6409 0.4074
vn -0.6782 0.7091 -0.1930
vn -0.7464 -0.6609 0.0776
vn 0.7153 -0.6987 0.0123
vn 0.6999 -0.6654 -0.2594
vn 0.7299 -0.6230 0.2813
vn 0.2686 0.6737 0.6884
vn 0.5897 0.7081 0.3883
vn 0.7256 -0.6762 0.1279
vn 0.7318 0.6685 0.1328
vn 0.5317 -0.4913 -0.6898
vn 0.1589 -0.5761 -0.8018
vn 0.4266 0.7889 -0.4422
vn 0.4455 0.6539 -0.6115
vn -0.3938 -0.4838 -0.7815
vn 0.0653 -0.6205 -0.7815
vn 0.1359 -0.5551 -0.8206
vn -0.2570 -0.5103 -0.8207
vn -0.2122 -0.5210 -0.8268
vn 0.3158 0.7651 -0.5611
vn -0.7499 -0.6569 -0.0775
vn -0.5322 0.6896 -0.4912
vn 0.0284 -0.7117 -0.7019
vn -0.6109 -0.6417 -0.4637
vn -0.0350 0.6374 -0.7698
vn -0.1897 0.6786 -0.7096
vn 0.6898 -0.6774 -0.2554
vn 0.6941 0.6889 -0.2089
vn 0.6258 -0.6544 -0.4244
vn 0.6476 -0.6860 -0.3316
vn 0.6222 -0.6497 -0.4368
vn 0.7561 0.6545 -0.0070
vn 0.6917 0.5901 0.4163
vn 0.7233 -0.6104 -0.3229
vn 0.5479 0.8254 -0.1359
vn 0.2978 -0.9316 0.2086
vn 0.4680 0.7211 0.5109
vn 0.5715 -0.7227 0.3888
vn -0.3377 -0.6957 0.6340
vn -0.6996 0.7145 0.0084
vn -0.1252 -0.5752 0.8083
vn -0.1367 -0.5827 0.8011
vn 0.8363 -0.2892 0.4657
vn -0.6526 -0.6739 -0.3462
vn -0.6368 -0.6686 -0.3841
vn -0.4142 0.7194 -0.5575
vn -0.4097 0.7138 -0.5680
vn 0.2672 0.7590 -0.5937
vn 0.7586 -0.6508 0.0324
vn 0.6044 0.6970 0.3858
vn 0.5925 0.6829 0.4273
vn 0.7570 -0.6534 -0.0034
vn 0.3430 0.0110 0.9393
vn 0.0544 0.3392 0.9391
vn 0.0071 0.0064 1.0000
vn 0.3432 -0.0074 0.9392
vn 0.0027 -0.0061 1.0000
vn 0.0040 0.0311 0.9995
vn 0.3372 0.0158 0.9413
vn -0.0868 0.2755 0.9574
vn 0.0218 0.3197 0.9473
vn 0.0712 0.1640 0.9839
vn 0.2764 0.3999 -0.8739
vn 0.0599 0.0922 -0.9939
vn 0.0124 0.1032 -0.9946
vn -0.2317 0.1641 -0.9588
vn 0.3463 0.0312 -0.9376
vn 0.0172 0.0445 -0.9989
vn -0.0010 -0.0060 -1.0000
vn 0.3243 -0.0120 -0.9459
vn -0.1753 0.1091 -0.9785
vn -0.3503 0.0928 -0.9320
vn -0.3529 0.0315 -0.9351
vn -0.3509 -0.0005 -0.9364
vn 0.3370 -0.0074 -0.9415
vn 0.0092 0.0122 -0.9999
vn -0.3322 -0.0097 -0.9432
vn 0.3298 0.1146 -0.9371
vn 0.3176 0.2581 -0.9124
vn 0.0338 0.2127 -0.9765
vn 0.0745 0.1024 -0.9919
vn 0.3006 0.4181 -0.8572
vn 0.3142 0.4750 -0.8220
vt 0.719861 3.767537
vt 0.897073 3.765680
vt 0.468169 3.768193
vt 0.375000 1.314040
vt 0.312500 1.192581
vt 0.375000 -0.125708
vt 0.125000 -0.105619
vt 0.187500 -0.112673
vt 0.187500 1.192614
vt 0.347420 3.759093
vt 0.229133 3.762111
vt 0.187500 3.004288
vt 0.583838 3.611109
vt -0.319453 3.091610
vt -0.090140 3.094968
vt 0.250000 1.191522
vt 0.131382 -2.418751
vt 0.187500 -2.351232
vt 0.187500 -1.864423
vt 0.245038 -2.519721
vt 0.307589 -2.289551
vt 0.250000 -1.860828
vt 0.250000 -1.008067
vt 0.187500 -1.490604
vt 0.250000 -1.645645
vt 0.312500 -1.691425
vt 0.375000 -0.714506
vt 0.312500 -0.866916
vt 0.375000 -0.973334
vt 0.312500 -0.583845
vt 0.250000 -0.624349
vt 0.250000 -0.121491
vt 0.187500 -0.587103
vt 0.125000 -2.676814
vt 0.166055 -2.597713
vt 0.126953 -2.580332
vt 0.375000 -2.298690
vt 0.343750 -2.547275
vt 0.375000 -2.610309
vt 0.312500 -2.555378
vt 0.322403 -2.636086
vt 0.126307 -2.727114
vt 0.159644 -2.682193
vt 0.187500 -2.772519
vt 0.281250 -2.597070
vt 0.125001 1.832150
vt 0.374999 3.026595
vt 0.125001 3.953629
vt 0.125002 -4.161666
vt 0.374999 -3.662729
vt 0.125001 -2.090028
vt 0.374999 6.227873
vt 0.125001 6.227808
vt 0.374999 0.578052
vt 0.125001 0.060707
vt 0.125001 -0.568916
vt 0.374999 0.147898
vt 0.125001 1.221077
vt 0.374999 -3.007018
vt 0.125001 -1.949516
vt 0.125001 -3.043033
vt 0.177229 -4.267569
vt 0.374999 -1.281667
vt 0.374999 5.104207
vt 0.125001 6.228080
vt 0.125001 4.369423
vt 0.374999 3.624362
vt 0.125001 3.000355
vt 0.374999 2.290731
vt 0.374999 3.683905
vt 0.125001 4.079816
vt 0.125001 3.063478
vt 0.374999 2.353986
vt 0.125001 1.571960
vt 0.374999 0.471228
vt 0.125001 3.364012
vt 0.125001 0.511357
vt 0.125001 -1.860518
vt 0.374999 -2.911408
vt 0.125002 -4.013967
vt 0.374999 1.216014
vt 0.125001 1.215949
vt 0.125001 -1.444300
vt 0.992647 -4.949379
vt 0.374999 -1.879169
vt 0.374999 3.029549
vt 0.125001 4.080055
vt 0.125001 2.225243
vt 0.374999 1.112086
vt 0.125001 0.875602
vt 0.374999 -2.597671
vt 0.125001 -2.475971
vt 0.439950 -4.095783
vt 0.125001 3.064936
vt 0.374999 3.757986
vt 0.374999 2.290456
vt 0.125001 1.572392
vt 0.374999 0.788899
vt 0.125001 0.074515
vt 0.125001 -1.359782
vt 0.374999 -0.578341
vt 0.374999 -2.833133
vt 0.125001 -2.583067
vt 0.125001 -3.535776
vt 0.374999 0.149571
vt 0.125001 1.311990
vt 0.125001 -0.503149
vt 0.125001 -1.647890
vt 0.374999 -1.276487
vt 0.374999 3.323716
vt 0.125001 3.060799
vt 0.374999 -0.215599
vt 0.125001 1.316654
vt 0.125001 -0.847701
vt 0.374999 -2.597815
vt 0.125001 -2.538489
vt 0.125002 -4.001637
vt 0.125001 -0.505023
vt 0.374999 0.147701
vt 0.125001 0.929210
vt 0.374999 -2.935162
vt 0.125001 -1.892340
vt 0.125001 -3.043003
vt 0.125002 -4.217011
vt 0.374999 -1.279861
vt 0.374999 1.639478
vt 0.125001 2.289035
vt 0.500039 -5.227698
vt 0.375000 -4.457522
vt 0.125002 -4.221739
vt 0.374999 -3.006520
vt 0.125001 -2.703987
vt 0.374999 2.290620
vt 0.125001 2.647890
vt 0.125001 1.571993
vt 0.374999 -2.366031
vt 0.125001 -1.894443
vt 0.125001 -3.538054
vt 0.374999 2.860144
vt 0.125001 3.561392
vt 0.125001 1.567685
vt 0.374999 0.134023
vt 0.125001 -0.216449
vt 0.374999 4.079822
vt 0.125001 2.153621
vt 0.374999 0.448677
vt 0.125001 -1.672541
vt 0.374999 -3.089738
vt 0.022071 -5.227423
vt 0.374999 -1.289191
vt 0.125001 -0.222604
vt 0.125001 -3.606941
vt 0.208344 -5.227705
vt 0.375000 -4.061482
vt 0.125002 -4.386971
vt 0.125001 -2.816398
vt 0.374999 -2.816564
vt 0.125001 -2.816602
vt 0.188387 -5.227515
vt 0.562223 -5.227480
vt 0.375000 -4.465405
vt 0.125002 -4.085124
vt 0.374999 -2.816526
vt 0.125001 -2.816615
vt 0.375000 -4.224734
vt 0.235695 -2.816578
vt 0.125002 -4.216027
vt 0.733190 -4.511526
vt 0.374999 -2.816484
vt 0.125001 -2.816428
vt 0.486166 -5.227706
vt 0.375000 -4.061626
vt 0.125002 -4.387001
vt 0.125001 -2.816429
vt 0.422489 -5.227465
vt 0.374999 -2.816590
vt 0.125001 -2.816600
vt -0.118198 -5.227674
vt 0.374999 -0.931948
vt 0.125001 -0.931934
vt 0.557140 -5.227389
vt 0.375000 -4.225100
vt 0.125002 -3.999741
vt 0.374999 -2.721849
vt 0.125001 -2.540219
vt -0.242422 -5.227653
vt 0.374999 -0.931948
vt 0.125001 -0.931938
vt 0.374999 -2.512837
vt 0.125001 -2.363853
vt 0.125001 -3.083030
vt 0.557011 -5.227561
vt 0.375000 -4.272400
vt 0.125001 -3.484430
vt -0.109704 -5.227674
vt 0.374999 -0.931950
vt 0.125001 -0.931944
vt 0.125002 -3.999615
vt 0.374999 -2.840197
vt 0.125001 -2.576641
vt 0.374999 -0.931953
vt 0.125001 -0.931948
vt -0.191138 -5.227681
vt 0.440057 -5.227584
vt 0.398776 -4.444674
vt 0.125001 -3.327273
vt 0.374999 -2.721582
vt 0.125001 -2.576517
vt 0.125002 -3.999551
vt -0.180274 -5.227685
vt 0.374999 -0.931954
vt 0.125001 -0.931944
vt 0.486256 -5.227679
vt 0.375000 -4.701304
vt 0.125002 -4.396636
vt 0.374999 -3.042991
vt 0.125001 -2.546220
vt 0.125001 -3.495753
vt 0.374999 -3.915559
vt 0.375000 -4.415657
vt 0.079851 -4.011485
vt 0.125002 -4.701304
vt 0.283899 -5.227356
vt 0.374999 -2.721734
vt 0.125001 -2.540364
vt 0.125002 -3.999663
vt 0.375000 -4.467893
vt 0.125002 -3.977390
vt 0.033591 -5.227498
vt 0.374999 -2.941216
vt 0.125001 -2.757138
vt 0.486060 -5.227343
vt 0.125001 -0.931868
vt -0.008323 -5.227702
vt 0.374999 -3.730039
vt 0.125001 -3.471531
vt -0.216198 -5.227543
vt 0.374999 -1.283390
vt 0.125001 1.216303
vt 0.125001 -2.784558
vt 0.125001 -1.940913
vt 0.374999 -1.003866
vt 0.125001 1.216259
vt 0.125002 -4.008030
vt 0.374999 -3.021182
vt -0.249895 -5.227683
vt 0.374999 -3.523817
vt 0.125001 -3.564341
vt 0.374999 -1.283439
vt 0.125001 1.216049
vt 0.125001 -1.571983
vt 0.374999 0.142012
vt 0.125001 1.216189
vt 0.125001 -0.563530
vt 0.125001 -1.956127
vt 0.374999 -1.663214
vt 0.374999 0.144776
vt 0.125001 1.216133
vt 0.125001 -0.561842
vt 0.374999 -1.334676
vt 0.125001 -2.175799
vt 0.374999 -3.308362
vt 0.125002 -3.999915
vt 0.374999 -3.228017
vt 0.125001 -1.940753
vt 0.125002 -4.007945
vt 0.125001 -0.530765
vt 0.374999 1.215973
vt 0.125001 1.215963
vt 0.125001 -3.438876
vt 0.374999 -1.531699
vt 0.125001 -1.321387
vt 0.374999 -0.460901
vt 0.125001 1.216152
vt 0.374999 3.363891
vt 0.125001 3.363853
vt 0.125001 1.809439
vt -0.249981 -5.227496
vt 0.374999 -3.486316
vt 0.125001 -3.534051
vt 0.374999 1.200831
vt 0.125001 0.064587
vt 0.374999 -1.130835
vt 0.125001 -1.622584
vt 0.374999 3.363899
vt 0.125001 1.205046
vt 0.374999 -0.211581
vt 0.125001 -1.944932
vt 0.125002 -4.076817
vt 0.374999 -3.397611
vt 0.374999 1.091806
vt 0.125001 3.364007
vt 0.125001 0.415902
vt 0.374999 -1.288870
vt 0.125001 -1.945556
vt 0.374999 -3.527198
vt 0.125002 -4.077178
vt 0.374999 0.735635
vt 0.125001 3.364036
vt 0.125001 0.415622
vt 0.125002 -4.014004
vt 0.374999 -2.651741
vt 0.125001 -1.944947
vt 0.125001 -3.065845
vt 0.374999 -0.833163
vt 0.125001 0.263696
vt 0.374999 1.660184
vt 0.125001 3.363965
vt 0.374999 3.363899
vt 0.125001 1.796372
vt 0.125001 -0.593154
vt 0.374999 0.128663
vt 0.125001 -3.435784
vt 0.374999 -2.845764
vt 0.125002 -4.001846
vt 0.374999 -3.240129
vt 0.125001 -1.936557
vt 0.125001 -1.284383
vt 0.374999 -0.545676
vt 0.125001 1.558272
vt 0.374999 -3.027264
vt 0.125001 -3.623309
vt 0.374999 3.363853
vt 0.125001 1.879470
vt 0.125001 -2.989197
vt 0.374999 -1.725756
vt 0.125001 -0.300164
vt 0.374999 1.092662
vt 0.374999 3.363854
vt 0.125001 1.795204
vt 0.374999 1.091534
vt 0.125001 -0.703362
vt 0.125001 -2.973114
vt 0.374999 -1.288944
vt 0.219127 -5.227388
vt 0.374999 -3.471364
vt 0.374999 -3.241140
vt 0.125001 -2.490672
vt 0.125002 -4.215997
vt 0.374999 -0.925473
vt 0.125001 -0.303632
vt 0.374999 0.906743
vt 0.125001 1.813668
vt 0.374999 -2.941315
vt 0.125001 -2.576528
vt 0.125002 -3.999569
vt 0.733405 -4.511562
vt 0.374999 -2.816489
vt 0.125001 -2.816430
vt 0.461398 -4.492736
vt 0.374999 -2.816523
vt 0.125001 -2.816421
vt 0.374999 -3.987102
vt 0.248791 -2.816615
vt 0.125002 -4.085267
vt 0.125002 -4.386755
vt 0.374999 -3.987190
vt 0.125001 -2.816403
vt 0.827350 -4.481142
vt 0.374999 -2.816487
vt 0.125001 -2.816427
vt 0.125002 -4.085045
vt 0.374999 -2.816482
vt 0.375000 -3.986999
vt 0.249558 -2.816578
vt 0.125002 -4.216170
vt -0.125389 -5.227677
vt 0.374999 -0.931956
vt 0.125001 -0.931943
vt -0.021517 -5.227703
vt 0.374999 -3.489105
vt 0.125002 -3.999734
vt 0.125001 -2.540734
vt 0.342707 -4.224270
vt 0.374999 -2.721492
vt 0.125001 -2.696887
vt -0.249848 -5.227364
vt 0.374999 -3.308874
vt 0.125002 -3.977197
vt 0.125001 -2.696873
vt 0.125001 -1.037152
vt 0.374999 0.578463
vt 0.125001 0.881666
vt 0.515534 -5.227632
vt 0.375000 -3.973288
vt 0.125002 -4.420957
vt 0.374999 -1.813877
vt 0.125001 -2.984529
vt 0.374999 2.967342
vt 0.125001 4.080052
vt 0.125001 2.225046
vt 0.374999 1.111971
vt 0.125001 0.875481
vt 0.374999 -2.755913
vt 0.125001 -0.816577
vt 0.125001 -3.375016
vt 0.374999 2.583190
vt 0.125001 4.080108
vt 0.125001 2.288370
vt 0.514110 -5.227447
vt 0.375000 -4.467046
vt 0.125002 -4.003935
vt 0.374999 -1.012756
vt 0.125001 -0.562966
vt 0.125001 -2.116480
vt 0.374999 -3.011879
vt 0.374999 -0.124204
vt 0.125001 0.809124
vt 0.125001 -0.627000
vt 0.374999 1.641236
vt 0.125001 2.569870
vt 0.374999 -3.492447
vt 0.125001 -2.193442
vt 0.125002 -3.934957
vt 0.374999 4.079816
vt 0.125001 2.153684
vt 0.374999 0.912773
vt 0.125001 -1.672478
vt 0.228609 -5.227608
vt 0.374999 -2.699372
vt 0.374999 6.227759
vt 0.125001 6.227706
vt 0.125001 4.292706
vt 0.374999 0.846089
vt 0.125001 1.482202
vt 0.125001 -1.361531
vt 0.374999 3.019269
vt -0.249237 -5.227575
vt 0.374999 -3.552579
vt 0.125001 -3.596972
vt 0.374999 3.307578
vt 0.125001 4.292627
vt 0.125001 1.925217
vt 0.374999 -0.123820
vt 0.125001 0.129527
vt 0.125001 -1.936044
vt 0.125002 -4.068534
vt 0.374999 -3.426620
vt 0.374999 4.511007
vt 0.125001 6.227823
vt 0.125001 3.631847
vt 0.125001 0.873238
vt 0.374999 2.029883
vt 0.374999 -0.556689
vt 0.125001 -1.849939
vt 0.125002 -4.004301
vt 0.374999 -3.239264
vt 0.375000 -4.289730
vt 0.125001 -3.331913
vt -0.147897 -5.227501
vt 0.374999 2.859992
vt 0.125001 3.368806
vt 0.125001 0.873133
vt 0.374999 0.134337
vt 0.125001 -1.314845
vt 0.374999 -2.436234
vt 0.375000 -4.219707
vt 0.125001 -3.687138
vt 0.374999 -3.083073
vt 0.125001 -2.118805
vt 0.486084 -5.227697
vt 0.375000 -4.283737
vt 0.125002 -4.394764
vt 0.125001 -3.455672
vt 0.374999 -3.083062
vt 0.125001 -2.196942
vt 0.374999 -1.281375
vt 0.125001 -0.505835
vt 0.374999 2.353871
vt 0.125001 1.571863
vt 0.374999 0.914455
vt 0.125001 0.500000
vt 0.374999 -2.553455
vt 0.125001 -2.015688
vt 0.152153 -3.132112
vt 0.375000 -4.459647
vt 0.125002 -4.008293
vt 0.374999 -1.218917
vt 0.125001 -0.931927
vt 0.374999 0.850655
vt 0.125001 0.136772
vt 0.125001 -3.082842
vt 0.374999 -2.553407
vt 0.125001 -2.015540
vt 0.375000 -4.457407
vt 0.141418 -3.939442
vt 0.486192 -5.227698
vt 0.374999 -1.281588
vt 0.500071 -5.227695
vt 0.375000 -4.283346
vt 0.125002 -4.366472
vt 0.125001 1.572239
vt 0.374999 2.290464
vt 0.374999 0.851735
vt 0.374999 2.290525
vt 0.125001 1.508972
vt 0.374999 0.915651
vt 0.125001 0.074505
vt 0.374999 -0.514642
vt 0.374999 0.847169
vt 0.125001 1.817044
vt 0.125001 0.071670
vt 0.125001 -1.364407
vt 0.374999 -0.839832
vt 0.374999 0.784637
vt 0.125001 0.071602
vt 0.374999 -0.581632
vt 0.125001 -1.302212
vt 0.374999 -1.889811
vt 0.125001 -2.920295
vt 0.125002 -4.437579
vt 0.374999 -3.497671
vt 0.374999 -0.585533
vt 0.125001 0.412665
vt 0.125001 -1.868825
vt 0.374999 -3.553427
vt 0.125002 -3.937070
vt 0.438629 -5.227139
vt 0.374999 -3.556422
vt 0.125001 -3.522430
vt 0.125001 -2.016680
vt 0.374999 -1.573422
vt 0.125001 -0.303529
vt 0.374999 0.832431
vt 0.125001 1.467512
vt 0.125001 -1.623719
vt 0.374999 3.363852
vt 0.374999 -3.739830
vt 0.125001 -2.327523
vt 0.125002 -4.160996
vt 0.374999 1.926899
vt 0.125001 2.261044
vt 0.125001 0.148722
vt 0.125001 -2.090140
vt 0.374999 0.032243
vt 0.125001 0.412885
vt 0.125001 -3.066153
vt 0.374999 -0.555585
vt 0.125001 0.263044
vt 0.374999 1.853754
vt 0.125001 3.363988
vt 0.374999 -2.845936
vt 0.125001 -1.645662
vt 0.125001 -3.625568
vt 0.374999 0.575610
vt 0.125001 0.883976
vt 0.125001 1.205382
vt 0.374999 3.363896
vt 0.125001 -1.945534
vt 0.374999 -1.289104
vt 0.374999 -0.648868
vt 0.125001 1.215534
vt 0.125001 -1.860755
vt 0.374999 -3.236468
vt 0.125002 -4.014315
vt 0.374999 0.734826
vt 0.125001 1.557988
vt 0.125001 -1.668000
vt 0.374999 3.363853
vt 0.374999 -2.345762
vt 0.125002 -4.162293
vt 0.374999 1.446326
vt 0.125001 3.363963
vt 0.125001 0.608008
vt 0.125001 -1.861688
vt 0.374999 -1.804554
vt 0.125002 -4.077503
vt 0.125001 0.415476
vt 0.374999 1.550652
vt 0.125001 3.364010
vt 0.374999 -0.916178
vt 0.125001 -1.945011
vt 0.125002 -4.014022
vt 0.374999 -3.225499
vt 0.374999 -3.182203
vt 0.125001 -3.252182
vt 0.226792 -5.227651
vt 0.374999 0.359617
vt 0.125001 3.364005
vt 0.125001 -0.220974
vt 0.374999 3.363903
vt 0.125001 1.796021
vt 0.374999 0.224428
vt 0.125001 -0.702351
vt 0.374999 -2.845039
vt 0.125001 -3.341818
vt 0.125001 -1.049957
vt 0.374999 1.215978
vt 0.125001 1.215997
vt 0.374999 -3.715155
vt 0.125001 -3.345569
vt 0.283940 -5.227681
vt 0.374999 -1.532043
vt 0.374999 -3.428089
vt 0.125001 -2.396619
vt 0.125002 -4.215735
vt 0.374999 -1.230763
vt 0.125001 -0.237027
vt 0.374999 1.216036
vt 0.374999 -0.316246
vt 0.125001 0.112155
vt 0.125001 -1.368539
vt 0.125001 -2.992192
vt 0.374999 -2.012593
vt 0.125002 -4.433242
vt 0.374999 -3.557472
vt 0.374999 -0.556410
vt 0.125001 1.216151
vt 0.125001 -1.321572
vt 0.374999 1.216067
vt 0.125001 1.216026
vt 0.125001 -0.616774
vt 0.125002 -4.213786
vt 0.374999 -2.226723
vt 0.125001 -2.475823
vt 0.374999 -1.802835
vt 0.125001 1.216054
vt 0.125001 -1.864428
vt 0.125002 -4.079139
vt 0.125001 -3.610054
vt 0.374999 -2.652714
vt 0.125001 -1.337808
vt 0.125001 -2.153821
vt 0.374999 -1.467632
vt 0.125001 1.216085
vt 0.125001 -2.542750
vt 0.374999 -2.012864
vt 0.125001 -0.845510
vt 0.374999 -3.560398
vt 0.125002 -4.065641
vt 0.374999 3.012719
vt 0.125001 3.763940
vt 0.125001 2.289171
vt 0.374999 -2.188345
vt 0.125001 -2.015833
vt 0.125001 -3.083007
vt 0.374999 1.639429
vt 0.125001 0.502128
vt 0.374999 4.796018
vt 0.125001 4.795780
vt 0.374999 -0.580094
vt 0.125001 -0.568439
vt 0.374999 0.148333
vt 0.125001 0.866694
vt 0.374999 -3.669409
vt 0.122526 -3.007886
vt 0.125002 -4.221510
vt 0.125001 -1.949448
vt 0.374999 -1.217586
vt 0.374999 1.576098
vt 0.125001 1.931927
vt 0.374999 -2.124573
vt 0.125001 -2.015648
vt 0.125001 -3.042908
vt 0.374999 -3.670079
vt 0.125002 -3.968925
vt 0.374999 0.147893
vt 0.125001 1.221038
vt 0.125001 -0.844500
vt 0.374999 3.749061
vt 0.125001 3.063554
vt 0.374999 0.210756
vt 0.125001 -0.568206
vt 0.374999 -2.553903
vt 0.125001 -1.892258
vt 0.101974 -3.001221
vt 0.374999 -1.218065
vt 0.374999 3.685004
vt 0.125001 2.999610
vt 0.499965 -5.227701
vt 0.422228 -4.299102
vt 0.125002 -4.216717
vt 0.374999 1.299373
vt 0.125001 2.728045
vt 0.125001 0.931149
vt 0.125001 4.349531
vt 0.374999 5.024968
vt 0.125001 6.227911
vt 0.374999 3.326343
vt 0.374999 2.227319
vt 0.125001 3.063501
vt 0.125001 1.571988
vt 0.374999 0.787330
vt 0.125001 0.073427
vt 0.374999 -3.007021
vt 0.125001 -2.545118
vt 0.125001 -3.535781
vt 0.374999 3.694525
vt 0.125001 3.001415
vt 0.374999 2.290429
vt 0.125001 1.635908
vt 0.374999 0.852169
vt 0.374999 -1.947410
vt 0.125001 -2.765180
vt 0.374999 0.085996
vt 0.125001 0.804651
vt 0.125001 -0.566208
vt 0.374999 3.027540
vt 0.125001 4.080383
vt 0.125001 2.225589
vt 0.249905 -5.227700
vt 0.374999 -3.982526
vt 0.125002 -4.437469
vt 0.374999 -1.341699
vt 0.374999 1.513409
vt 0.125001 -2.994866
vt 0.374999 3.030097
vt 0.125001 4.080386
vt 0.125001 1.928393
vt 0.513979 -5.227697
vt 0.375000 -4.158570
vt 0.125002 -4.437510
vt 0.125001 -2.994938
vt 0.125001 -0.627804
vt 0.374999 -0.215809
vt 0.125001 0.870889
vt 0.374999 1.514356
vt 0.125001 2.661124
vt 0.125002 -4.066648
vt 0.374999 -2.357125
vt 0.125001 -2.256629
vt 0.374999 0.849916
vt 0.125001 1.508618
vt 0.125001 0.136242
vt 0.374999 -0.579039
vt 0.125001 -1.298125
vt 0.374999 -2.013541
vt 0.125001 -2.539836
vt 0.125001 -3.455826
vt 0.374999 -3.083048
vt 0.374999 1.639402
vt 0.125001 2.352393
vt 0.374999 -2.013405
vt 0.125001 -1.298744
vt 0.125001 -2.823095
vt 0.374999 3.010713
vt 0.125001 3.811605
vt 0.125001 2.352762
vt 0.374999 1.638921
vt 0.125001 -1.296968
vt 0.374999 -0.641390
vt 0.125001 0.074513
vt 0.125001 -2.546057
vt 0.374999 -2.013828
vt 0.374999 -3.043000
vt 0.125001 -3.535800
vt 0.374999 -3.915289
vt 0.125002 -4.523061
vt 0.374999 -0.215318
vt 0.125001 0.879868
vt 0.125001 -1.275918
vt 0.217624 -5.227539
vt 0.374999 -3.546703
vt 0.125001 -3.464749
vt 0.374999 1.941331
vt 0.125001 2.715629
vt 0.374999 4.510912
vt 0.125001 4.742975
vt 0.374999 0.812411
vt 0.125001 4.079954
vt 0.125001 -0.103554
vt 0.374999 -2.468042
vt 0.125001 -3.169544
vt 0.374999 -2.776900
vt 0.125001 -2.016079
vt 0.125001 -3.517666
vt 0.374999 0.847039
vt 0.125001 1.570937
vt 0.374999 2.675779
vt 0.125001 4.080027
vt 0.125001 1.926776
vt 0.561038 -5.227272
vt 0.375000 -4.158403
vt 0.125002 -3.998130
vt 0.374999 0.409067
vt 0.125001 0.069318
vt 0.374999 -2.779338
vt 0.125001 -1.934072
vt 0.249886 -5.227702
vt 0.375000 -4.158538
vt 0.125002 -4.391017
vt 0.374999 2.290994
vt 0.125001 3.084353
vt 0.374999 -0.581680
vt 0.125001 -0.215963
vt 0.125001 -1.302323
vt 0.374999 -1.889872
vt 0.125001 -2.504344
vt 0.374999 -3.003028
vt 0.125001 -3.455836
vt 0.486113 -5.227701
vt 0.375000 -4.223787
vt 0.125002 -4.394115
vt 0.125001 3.760925
vt 0.374999 4.507951
vt 0.125001 5.204182
vt 0.374999 2.353952
vt 0.125001 1.508584
vt 0.374999 -2.013484
vt 0.125001 -1.235194
vt 0.125001 -2.545048
vt 0.101974 -3.537521
vt 0.374999 -3.561960
vt 0.125001 -3.003000
vt 0.147114 -4.107352
vt 0.374999 -0.580817
vt 0.125001 0.502570
vt 0.125001 -1.526664
vt 0.486055 -5.227697
vt 0.375000 -4.458318
vt 0.125002 -3.994199
vt 0.374999 -3.007019
vt 0.125001 -2.581930
vt 0.374999 0.211109
vt 0.125001 -0.567781
vt 0.374999 -3.564304
vt 0.125001 -3.082947
vt 0.164280 -4.201060
vt 0.374999 3.746899
vt 0.125001 4.795942
vt 0.125001 3.062986
vt 0.374999 0.215573
vt 0.125001 1.314144
vt 0.125001 -0.564077
vt 0.375000 -4.220901
vt 0.125001 -3.592716
vt -0.187603 -5.227477
vt 0.374999 -1.492975
vt 0.125001 -2.016708
vt 0.125001 -2.253841
vt 0.374999 -1.228906
vt 0.125001 -0.561703
vt 0.374999 3.044148
vt 0.125001 4.645088
vt 0.125001 2.632502
vt 0.125002 -4.001070
vt 0.374999 -3.488765
vt 0.374999 -2.209831
vt 0.125001 -0.138731
vt 0.125001 -3.061584
vt 0.374999 4.079821
vt 0.125001 2.259013
vt 0.374999 1.065474
vt 0.374999 -0.307514
vt 0.125001 0.809121
vt 0.125001 -0.562947
vt 0.374999 1.577823
vt 0.125001 2.569886
vt 0.374999 -3.492581
vt 0.125001 -2.116420
vt 0.125002 -4.003881
vt 0.125001 -0.826725
vt 0.374999 0.154908
vt 0.125001 0.811086
vt 0.374999 1.578333
vt 0.125001 2.569074
vt 0.374999 -1.357655
vt 0.125001 -2.919420
vt 0.374999 -3.624363
vt -0.189072 -5.227579
vt 0.374999 4.956932
vt 0.125001 6.227824
vt 0.125001 3.724631
vt 0.374999 2.955302
vt 0.125001 0.974786
vt 0.374999 -0.589307
vt 0.125001 -1.849852
vt 0.374999 -2.457357
vt 0.125002 -4.004282
vt 0.499892 -5.227327
vt 0.125002 -4.393472
vt -0.000012 -5.227704
vt 0.125001 -2.581548
vt 0.374999 -1.947014
vt 0.502707 -3.952937
vt 0.129677 -3.486552
vt 0.125001 -2.172403
vt 0.374999 -1.915816
vt 0.125001 -0.130090
vt 0.374999 2.463300
vt 0.125001 4.079955
vt 0.125001 0.279342
vt 0.374999 4.981097
vt 0.125001 6.227883
vt 0.125001 3.721090
vt 0.125002 -4.001045
vt 0.374999 -3.240358
vt 0.125001 -1.846295
vt 0.486163 -5.227701
vt 0.499956 -4.701304
vt 0.125002 -4.394905
vt 0.374999 0.850542
vt 0.125001 0.136691
vt 0.125001 -1.234354
vt 0.374999 -0.578645
vt 0.125001 -2.506104
vt 0.374999 -2.013606
vt 0.374999 -3.043003
vt 0.125001 -3.455824
vt 0.375000 -3.953951
vt 0.374999 -3.728241
vt 0.125001 -2.823956
vt 0.125002 -4.008554
vt 0.374999 -1.281415
vt 0.125001 -0.505835
vt 0.374999 -2.772370
vt 0.125001 -1.949261
vt 0.125001 -3.042974
vt -0.118128 -4.060556
vt 0.374999 -1.281590
vt 0.125001 -0.632569
vt 0.374999 2.290564
vt 0.125001 1.571959
vt 0.374999 0.787995
vt 0.125001 -2.540295
vt 0.374999 -1.947242
vt 0.125001 -1.297296
vt 0.125001 -3.685617
vt 0.374999 -3.003063
vt 0.374999 3.364088
vt 0.125001 2.327928
vt 0.374999 1.513371
vt 0.374999 -2.590584
vt 0.125001 -2.015526
vt 0.125001 -3.082957
vt 0.249958 -5.227696
vt 0.520718 -4.289729
vt 0.189326 -4.565861
vt 0.374999 -1.346740
vt 0.374999 3.631835
vt 0.125001 3.064895
vt 0.374999 2.290540
vt 0.125001 1.572444
vt 0.374999 0.089448
vt 0.125001 0.809302
vt 0.125001 -0.562730
vt 0.125001 -2.176517
vt 0.374999 -1.661838
vt 0.374999 1.514729
vt 0.125002 -4.067174
vt 0.374999 -3.083044
vt 0.374999 -0.581660
vt 0.125001 0.134258
vt 0.125001 -1.237936
vt 0.374999 -1.952956
vt 0.125001 -2.920242
vt 0.125002 -4.437556
vt 0.374999 -3.562020
vt 0.248567 -3.495762
vt 0.374999 -2.552881
vt 0.125001 -2.583088
vt 0.102037 -3.887898
vt 0.374999 -3.079589
vt 0.125001 -2.695771
vt 0.374999 2.584460
vt 0.125001 3.019839
vt 0.125001 1.315705
vt 0.374999 0.582115
vt 0.125001 0.875422
vt 0.125001 -0.574031
vt 0.374999 2.675247
vt 0.125001 4.080051
vt 0.125001 2.225099
vt 0.375000 -4.156022
vt 0.125001 -2.911821
vt 0.125002 -4.460178
vt 0.125001 -0.556645
vt 0.374999 0.840938
vt 0.125001 1.582135
vt 0.374999 3.655260
vt 0.125001 3.829980
vt 0.374999 -3.303554
vt 0.125001 -2.411790
vt 0.125002 -4.161510
vt 0.374999 -1.261839
vt 0.125001 6.227918
vt 0.374999 -2.553923
vt 0.125001 -1.949389
vt 0.125001 -3.002952
vt 0.374999 -1.218149
vt 0.416585 -5.227419
vt 0.374999 -3.561929
vt 0.125001 -3.689387
vt 0.374999 5.024827
vt 0.125001 6.227910
vt 0.125001 4.348043
vt 0.125001 3.061446
vt 0.374999 3.671419
vt 0.125001 1.311554
vt 0.374999 2.290859
vt 0.125001 -1.364388
vt 0.374999 -0.644268
vt 0.125001 -2.538119
vt 0.374999 -2.013099
vt 0.374999 3.694516
vt 0.125001 3.065225
vt 0.374999 2.353866
vt 0.125001 1.572521
vt 0.125001 -2.506889
vt 0.374999 -2.013925
vt 0.125001 -1.232536
vt 0.125001 -3.455776
vt 0.374999 -3.043066
vt 0.125002 -4.174902
vt 0.374999 -3.915717
vt 0.374999 6.227880
vt 0.125001 5.511743
vt 0.486249 -5.227699
vt 0.375000 -4.458352
vt 0.125002 -4.394245
vt 0.125001 1.571957
vt 0.374999 2.227336
vt 0.125001 2.999714
vt 0.374999 0.849903
vt 0.125001 0.136209
vt 0.246162 -3.495766
vt 0.374999 -2.591704
vt 0.125001 -2.581990
vt 0.374999 0.210659
vt 0.125001 -0.568301
vt 0.249907 -5.227702
vt 0.375000 -4.223746
vt 0.125002 -4.394171
vt 0.374999 -2.013532
vt 0.125001 -2.545117
vt 0.104185 -3.533521
vt 0.374999 -2.773468
vt 0.125001 -1.949502
vt 0.125001 -3.042950
vt 0.374999 -1.279863
vt 0.125001 0.135783
vt 0.374999 0.786675
vt 0.535341 -5.227557
vt 0.375000 -4.220340
vt 0.125002 -3.996731
vt 0.374999 3.671288
vt 0.125001 4.795919
vt 0.125001 2.934058
vt 0.125001 1.507593
vt 0.374999 2.227775
vt 0.374999 0.845658
vt 0.125001 0.133243
vt 0.125001 -1.239558
vt 0.374999 -0.518718
vt 0.374999 -2.837071
vt 0.125001 -2.542835
vt 0.374999 0.147886
vt 0.125001 0.866011
vt 0.374999 4.507166
vt 0.125001 5.265972
vt 0.374999 2.290694
vt 0.125001 2.936929
vt 0.374999 -1.890243
vt 0.125001 -1.299151
vt 0.125001 -2.505792
vt 0.374999 -3.003048
vt 0.125001 -3.455827
vt 0.125002 -4.394134
vt 0.374999 -3.953291
vt 0.374999 3.621478
vt 0.125001 2.936468
vt 0.374999 2.290758
vt 0.374999 -0.580157
vt 0.125001 -1.362318
vt 0.374999 -1.953223
vt 0.125001 -2.581542
vt 0.374999 0.083516
vt 0.125001 -0.505928
vt 0.125001 -3.042944
vt 0.374999 -2.591176
vt 0.125001 -1.892041
vt 0.374999 -1.345613
vt 0.125001 -1.270947
vt 0.374999 0.155008
vt 0.125001 1.142634
vt 0.125001 -3.532763
vt 0.374999 -2.783380
vt 0.375000 -4.158103
vt -0.187542 -5.227645
vt 0.125001 2.928775
vt 0.374999 3.217575
vt 0.125001 4.643496
vt 0.374999 6.227742
vt 0.125001 5.318610
vt 0.374999 4.600995
vt 0.125001 3.445011
vt 0.125001 1.505664
vt 0.374999 2.665675
vt 0.374999 0.837655
vt 0.125001 0.065540
vt 0.374999 -0.837697
vt 0.125001 -1.374093
vt 0.125001 4.754148
vt 0.374999 6.227729
vt 0.374999 2.755508
vt 0.125001 3.054526
vt 0.125001 1.632010
vt 0.125001 -0.216231
vt 0.374999 0.839947
vt 0.374999 0.092521
vt 0.125001 0.813517
vt 0.125001 -1.270965
vt 0.374999 -3.819415
vt 0.125001 -3.532722
vt -0.147742 -5.227639
vt 0.374999 1.515929
vt 0.125001 2.543161
vt 0.374999 3.217570
vt 0.125001 4.641739
vt 0.150124 -4.085000
vt 0.374999 -3.496716
vt 0.125001 -3.002977
vt 0.374999 5.020244
vt 0.125001 6.227884
vt 0.125001 4.341649
vt 0.125001 2.997810
vt 0.374999 3.609905
vt 0.125001 1.507751
vt 0.374999 2.291083
vt 0.374999 0.910421
vt 0.125001 0.071087
vt 0.125001 -1.611487
vt 0.374999 -0.581303
vt 0.374999 3.325747
vt 0.125001 3.709465
vt 0.125001 1.838091
vt 0.374999 0.212947
vt 0.125001 1.223624
vt 0.125001 -0.503152
vt 0.500015 -5.227704
vt 0.542343 -4.373429
vt 0.125002 -4.065516
vt 0.125001 -2.178419
vt 0.374999 -1.578757
vt 0.374999 3.239178
vt 0.125001 4.669789
vt 0.125001 2.934439
vt 0.374999 -3.082976
vt 0.374999 0.148365
vt 0.125001 0.866700
vt 0.125001 -0.505041
vt 0.374999 -2.554262
vt 0.125001 -1.892344
vt 0.125001 -3.003013
vt 0.374999 -1.217489
vt 1.319390 3.091587
vt 0.659865 3.089785
vt 0.780098 3.758132
vt 0.642205 3.152818
vt 0.750000 1.268805
vt 0.625000 1.237217
vt 0.687500 1.272587
vt 0.812500 1.272504
vt 0.875000 1.239141
vt 0.750000 -1.500518
vt 0.687500 -0.990372
vt 0.687500 -1.636055
vt 0.625000 -0.968638
vt 0.687500 -0.597753
vt 0.625000 -0.570729
vt 0.750000 -0.647381
vt 0.875000 -0.974096
vt 0.812500 -0.704886
vt 0.812500 -1.694652
vt 0.875000 -0.682200
vt 0.901779 3.757811
vt 0.513754 3.758648
vt 0.625000 -2.636086
vt 0.662826 -2.604574
vt 0.626953 -2.580332
vt 0.750000 -2.421956
vt 0.759274 -2.582010
vt 0.812500 -2.418258
vt 0.717123 -2.636086
vt 0.701696 -2.557723
vt 0.812500 -2.772625
vt 0.754138 -2.727114
vt 0.751053 -2.772627
vt 0.874999 6.228023
vt 0.625001 6.227706
vt 0.625001 4.944516
vt 0.296083 -5.227614
vt 1.453829 -4.280045
vt 0.625001 -3.303215
vt 0.625001 -1.323479
vt 0.874999 -1.510592
vt 0.625001 0.742637
vt 0.874999 2.641635
vt 0.625001 3.750032
vt 0.625001 2.647890
vt 0.625001 -3.499846
vt 0.874999 -2.763471
vt 0.625001 -2.013482
vt 0.750106 -5.226759
vt 0.874998 -3.968959
vt 0.625001 1.576148
vt 0.625001 0.147258
vt 0.874999 0.865156
vt 0.874999 -0.568363
vt 0.625001 -0.931927
vt 0.625001 1.556162
vt 0.874999 3.363986
vt 0.625001 3.363853
vt 0.912035 -5.227631
vt 0.874999 -3.623693
vt 0.625001 -3.164893
vt 0.874999 -1.386504
vt 0.625001 -0.833391
vt 0.245311 -5.227695
vt 0.874999 -2.468676
vt 0.625001 -3.360299
vt 0.874999 1.215952
vt 0.625001 1.215963
vt 0.625001 -0.666184
vt 0.437726 -5.227598
vt 0.874998 -4.067539
vt 0.625000 -4.468343
vt 0.625001 -2.941254
vt 0.625001 -0.595877
vt 0.874999 -0.341277
vt 0.625001 1.295080
vt 0.625001 3.032407
vt 0.874999 4.079964
vt 0.625001 4.079816
vt 0.874999 1.925470
vt 0.625000 -3.990763
vt 0.874999 -2.695187
vt 0.625001 -2.525115
vt 0.874999 2.938157
vt 0.625001 3.632559
vt 0.625001 -1.220003
vt 0.874999 -0.569541
vt 0.625001 0.209524
vt 0.778207 -3.471231
vt 0.874999 -2.506678
vt 0.625001 -2.552815
vt 0.874999 2.289016
vt 0.625001 1.512872
vt 0.874999 0.865725
vt 0.625001 0.500000
vt 0.874999 -1.955351
vt 0.625001 -1.647890
vt 0.625001 -2.775328
vt 0.317738 -5.227688
vt 0.874999 -2.816502
vt 0.625001 -2.816596
vt 0.625001 4.739100
vt 0.874999 6.227884
vt 0.874999 -1.611409
vt 0.625001 -1.277975
vt 0.625001 -3.009310
vt 0.625000 -4.462247
vt 0.874998 -4.216609
vt 0.750005 -5.227705
vt 0.874998 -4.274153
vt 0.435675 -4.395858
vt 0.874999 6.227910
vt 0.625001 6.227743
vt 0.625001 4.055875
vt 0.874999 2.999218
vt 0.625001 3.622918
vt 0.625001 2.290739
vt 1.379514 -3.123779
vt 0.874999 -1.690230
vt 0.625001 -1.501756
vt 0.874999 1.571793
vt 0.874999 4.796045
vt 0.625001 4.795780
vt 0.874999 0.136796
vt 0.625001 -0.579162
vt 0.625001 -3.003106
vt 0.874999 -2.540331
vt 0.625001 -1.890396
vt 0.686500 -4.273798
vt 0.874999 -3.685563
vt 0.874999 -1.297280
vt 0.625001 1.512479
vt 0.874999 2.225893
vt 0.625001 4.403871
vt 0.874999 6.228041
vt 0.625001 1.940381
vt 0.874999 3.368853
vt 0.874998 -4.070489
vt 0.261678 -3.982158
vt 0.452000 -5.227458
vt 0.625001 0.157721
vt 0.874999 1.146037
vt 0.625001 -1.840265
vt 0.874999 -1.610033
vt 0.874999 2.359815
vt 0.625001 4.079963
vt 0.625001 -0.208347
vt 0.625001 -3.217198
vt 0.874999 -2.867542
vt 0.625001 0.831748
vt 0.874999 3.364000
vt 0.625001 3.363847
vt 0.874999 -2.154519
vt 0.625001 -1.801947
vt 1.300497 -4.634929
vt 0.708637 -5.227695
vt 0.874999 -3.532109
vt 0.625001 -3.166653
vt 0.874999 -0.729207
vt 0.625001 1.216231
vt 0.904197 -2.816447
vt 0.625001 -2.816607
vt 0.949653 -4.518485
vt 0.437801 -5.227596
vt 0.874998 -4.085160
vt 0.625000 -4.465312
vt 0.681515 -2.816547
vt 0.537674 -4.492820
vt 0.874999 -2.816430
vt 0.625001 -2.816526
vt 1.293632 -4.456472
vt 0.874999 -2.816401
vt 0.625001 -2.816485
vt 0.702930 -5.227568
vt 0.874998 -4.085268
vt 0.625000 -4.420313
vt 0.681481 -2.816516
vt 0.874998 -4.220875
vt 0.716525 -2.816547
vt 0.625000 -4.465561
vt 0.937482 -5.227708
vt 0.874998 -4.018389
vt 0.625000 -4.220710
vt 0.697444 -2.816607
vt 0.860649 -5.227352
vt 0.874999 -2.816603
vt 0.625001 -2.816618
vt 0.930546 -5.227695
vt 0.874998 -4.085293
vt 0.625000 -4.420365
vt 0.625001 -2.816485
vt 0.930607 -5.227705
vt 0.874998 -4.085264
vt 0.625000 -4.420101
vt 0.681482 -2.816545
vt 0.625000 -4.465372
vt 0.874998 -3.975044
vt 0.625001 -2.816487
vt 0.874999 -2.816517
vt 0.625001 -2.816600
vt 0.874998 -4.067545
vt 0.625001 -3.012461
vt 0.668035 -4.446551
vt 0.891082 -5.227388
vt 0.874999 -3.327279
vt 0.625001 -3.308603
vt 0.473076 -5.227659
vt 0.874999 -0.931953
vt 0.625001 -0.931945
vt 0.702621 -5.227604
vt 0.874998 -4.160485
vt 0.625000 -4.220992
vt 0.750107 -5.227704
vt 0.874998 -3.999575
vt 0.539228 -4.361814
vt 0.625001 -2.941329
vt 0.874998 -3.999566
vt 0.625001 -3.231641
vt 0.899390 -5.227481
vt 0.473040 -5.227685
vt 0.874999 -0.931954
vt 0.625001 -0.931948
vt 0.472251 -5.227298
vt 0.874998 -4.220455
vt 0.625001 -3.661678
vt 0.874999 -2.696976
vt 0.625001 -2.518755
vt 0.874998 -4.396482
vt 0.625001 -3.915528
vt 0.524522 -4.701304
vt 0.874999 -3.495766
vt 0.625001 -2.773611
vt 1.222018 -4.442807
vt 0.874999 -2.915645
vt 0.625001 -3.012448
vt 0.890858 -5.227561
vt 0.874999 -3.229651
vt 0.625001 -3.245146
vt 0.957450 -5.227516
vt 0.874998 -4.067527
vt 0.625001 -2.840224
vt 0.930579 -5.227554
vt 0.874998 -4.430929
vt 0.625001 -3.240807
vt 0.766665 -4.701304
vt 0.874998 -4.007104
vt 0.625000 -3.995677
vt 0.625001 -3.269377
vt 0.874999 -3.083076
vt 0.625001 -2.548270
vt 0.295643 -5.227597
vt 0.874998 -4.275370
vt 0.625000 -3.984286
vt 0.716735 -5.227684
vt 0.874999 -0.931950
vt 0.625001 -0.931947
vt 0.749992 -5.227695
vt 0.874999 -0.931948
vt 0.625001 -0.931952
vt 0.874998 -4.215907
vt 0.625000 -3.944746
vt 0.899056 -5.227605
vt 0.750021 -5.227695
vt 0.874999 -0.931954
vt 0.625001 -0.931953
vt 0.991677 -5.227701
vt 0.625000 -3.663273
vt 0.874999 -0.931875
vt 0.625001 -0.931939
vt 0.301836 -5.227468
vt 0.874998 -4.067566
vt 0.625000 -3.984351
vt 0.625001 -2.779396
vt 0.750010 -5.227681
vt 0.874999 -0.931951
vt 0.625001 -0.931944
vt 0.625001 -0.460889
vt 0.874999 1.216026
vt 0.625001 -2.951610
vt 0.874999 -1.615505
vt 0.554936 -5.227451
vt 0.874998 -4.008087
vt 0.455040 -5.227643
vt 0.874998 -4.017988
vt 0.625001 -3.235313
vt 0.625001 -0.539671
vt 0.874999 1.216063
vt 0.874999 -1.864598
vt 0.414206 -5.227396
vt 0.874998 -4.008077
vt 0.625001 -3.237913
vt 0.625001 -0.556612
vt 0.874999 1.216178
vt 0.499988 1.215963
vt 0.874999 -1.854067
vt 0.885510 -5.227667
vt 0.874999 -3.345817
vt 0.625001 -3.235320
vt 0.979181 -5.227700
vt 0.874999 -3.794409
vt 0.625001 -3.659210
vt 0.874998 -4.017648
vt 0.625001 -2.583726
vt 0.459601 -5.227653
vt 0.874999 -2.541375
vt 0.625001 -1.494144
vt 0.625001 -3.003102
vt 0.437308 -5.227292
vt 0.874998 -4.066815
vt 0.625000 -4.224633
vt 0.965799 -5.227704
vt 0.874998 -4.275252
vt 0.625000 -4.158155
vt 0.625001 -2.359428
vt 0.874999 -1.618133
vt 0.625001 -0.224546
vt 0.625001 -1.003888
vt 0.874999 1.216152
vt 0.625001 1.215969
vt 0.913006 -5.227417
vt 0.874999 -3.164307
vt 0.625001 -3.021053
vt 0.874999 -3.609959
vt 0.625001 -3.166106
vt 0.307228 -5.227660
vt 0.874999 1.216064
vt 0.625001 -0.551709
vt 0.874998 -4.073009
vt 0.625001 -3.301912
vt 0.730261 -5.227447
vt 0.874999 -1.940931
vt 0.625001 -1.258093
vt 0.874999 -1.299972
vt 0.625001 1.215988
vt 0.625001 -1.532944
vt 0.874999 0.148882
vt 0.625001 0.838717
vt 0.625001 -1.313436
vt 0.874999 -2.173918
vt 0.625001 -3.738799
vt 0.438060 -5.227514
vt 0.874998 -4.002592
vt 0.874998 -4.162692
vt 0.625001 -3.297544
vt 0.898918 -5.227687
vt 0.625001 0.832524
vt 0.874999 1.557987
vt 0.625001 3.363853
vt 0.625001 -1.248120
vt 0.874999 -1.667237
vt 0.874999 -3.342461
vt 0.625001 -2.453372
vt 0.905434 -5.227344
vt 0.874999 -0.703106
vt 0.625001 0.128822
vt 0.874999 1.795076
vt 0.625001 3.363916
vt 0.770763 -5.226792
vt 0.874999 -3.341419
vt 0.625001 -2.379972
vt 0.874999 -0.222268
vt 0.625001 0.129147
vt 0.874999 0.415742
vt 0.625001 0.820004
vt 0.625001 -1.289184
vt 0.874999 -1.945581
vt 0.625001 -3.528486
vt 0.874998 -4.077347
vt 0.920492 -5.227693
vt 0.625001 1.083746
vt 0.874999 3.364011
vt 0.625001 -1.828591
vt 0.874999 0.155762
vt 0.625001 -3.691816
vt 0.874999 -2.877542
vt 0.625001 1.579638
vt 0.874999 1.810165
vt 0.625001 3.363899
vt 0.625001 -1.266373
vt 0.874999 -0.216215
vt 0.625001 0.155433
vt 0.874999 -1.893892
vt 0.625001 -2.944040
vt 0.783823 -5.226433
vt 0.874999 -3.533025
vt 0.625001 -3.265339
vt 0.874999 -1.945073
vt 0.625001 0.361050
vt 0.874999 3.364013
vt 0.625001 3.363853
vt 0.625001 0.734859
vt 0.874999 3.364026
vt 0.625001 3.363853
vt 0.874998 -4.162603
vt 0.625001 -2.345647
vt 0.924226 -5.227607
vt 0.729284 -5.227676
vt 0.874998 -4.014009
vt 0.625001 -2.911294
vt 0.874999 -1.522171
vt 0.625001 0.128699
vt 0.874999 1.558100
vt 0.625001 3.363927
vt 0.874999 0.415864
vt 0.625001 1.555678
vt 0.625001 -0.832866
vt 0.874999 3.364001
vt 0.770405 -5.227388
vt 0.874998 -4.015090
vt 0.625001 -3.396779
vt 0.874999 -1.945373
vt 0.625001 -3.556686
vt 0.874999 -2.116659
vt 0.625001 -1.952257
vt 0.874998 -4.003860
vt 0.920813 -5.227592
vt 0.874999 2.263398
vt 0.625001 3.363951
vt 0.625001 1.113786
vt 1.430080 -4.266582
vt 0.874999 -2.754664
vt 0.625001 -2.781081
vt 0.625001 -0.585015
vt 0.874999 0.173250
vt 0.625001 1.216063
vt 0.874999 -3.592490
vt 0.625001 -2.427471
vt 0.625000 -4.286698
vt 0.874999 -1.612969
vt 0.874999 -2.816516
vt 0.625001 -2.816585
vt 0.416367 -5.227341
vt 0.937466 -5.227704
vt 0.874998 -4.018493
vt 0.625000 -4.158235
vt 0.709433 -2.816610
vt 0.413004 -5.227396
vt 0.874999 -2.816519
vt 0.625001 -2.816588
vt 0.930523 -5.227700
vt 0.874998 -4.085304
vt 0.625000 -3.987317
vt 0.750065 -5.227705
vt 0.874998 -4.479657
vt 0.625000 -4.286220
vt 0.874999 -2.816355
vt 0.625001 -2.816603
vt 0.625000 -3.996212
vt 0.874999 -2.816590
vt 0.500007 -2.816615
vt 0.874998 -4.085242
vt 0.625000 -3.987154
vt 0.291060 -5.227567
vt 0.697450 -2.816613
vt 0.945561 -4.499623
vt 0.907563 -2.816454
vt 0.625001 -2.816603
vt 0.874999 -0.931939
vt 0.625001 -0.931944
vt 0.951970 -5.227667
vt 0.911513 -5.227645
vt 0.874999 -0.931939
vt 0.625001 -0.931941
vt 0.874998 -3.999555
vt 0.625001 -3.308960
vt 0.899057 -5.227600
vt 0.438487 -5.227400
vt 0.679431 -4.017079
vt 0.625000 -4.220777
vt 0.625001 -2.779220
vt 1.150126 -4.447057
vt 0.625001 -3.239155
vt 0.903024 -5.227632
vt 0.625001 3.032278
vt 0.874999 4.080130
vt 0.625001 -1.324844
vt 0.874999 -0.557278
vt 0.625001 0.743016
vt 0.874999 -2.412324
vt 0.625001 1.938305
vt 0.874999 3.020124
vt 0.625001 4.079949
vt 0.625001 -1.153378
vt 0.874999 -0.493285
vt 0.625001 0.216930
vt 0.874999 -2.540950
vt 0.625001 -1.573588
vt 0.625001 -3.556564
vt 0.874998 -3.998952
vt 0.907932 -5.227447
vt 0.625001 0.215663
vt 0.874999 1.226152
vt 0.625001 1.578311
vt 0.874999 -0.846437
vt 0.625001 -0.583855
vt 0.874999 0.068516
vt 0.625001 0.842179
vt 0.964265 -5.227705
vt 0.874998 -4.067118
vt 0.625000 -4.286650
vt 0.625001 -2.520397
vt 0.874999 -1.934528
vt 0.874999 1.926263
vt 0.625001 2.228075
vt 0.874999 -2.211401
vt 0.625001 -2.274931
vt 0.625001 1.832292
vt 0.874999 4.079838
vt 0.625001 5.043270
vt 0.874999 6.227885
vt 0.874999 -2.989172
vt 0.625001 -2.431116
vt 1.063084 -4.583757
vt 0.874999 -0.940620
vt 0.625001 -0.523396
vt 0.625001 3.307344
vt 0.874999 3.626588
vt 0.874999 6.228127
vt 0.625001 4.388714
vt 0.625001 2.228503
vt 0.874999 3.443161
vt 0.625001 0.408573
vt 0.874999 0.869902
vt 0.874999 6.227968
vt 0.625001 5.011717
vt 0.928589 -5.227511
vt 0.874999 -3.465147
vt 0.625001 -3.546583
vt 0.874999 1.484996
vt 0.625001 2.955239
vt 0.625001 0.835841
vt 0.874999 -3.427577
vt 0.625001 -1.310004
vt 0.625001 -3.546744
vt 0.462682 -5.227509
vt 0.874999 4.865811
vt 0.625001 6.227964
vt 0.625001 3.272980
vt 0.625001 1.106241
vt 0.874999 2.715678
vt 0.874999 -2.702985
vt 0.625001 -1.890192
vt 0.874999 -1.299780
vt 0.874999 2.225847
vt 0.625001 1.576415
vt 0.625001 0.211065
vt 0.874999 0.866567
vt 0.874999 -2.545406
vt 0.625001 -1.890432
vt 0.854801 -3.492647
vt 0.874999 -1.298345
vt 0.625001 -0.515415
vt 0.874999 -2.761713
vt 0.625001 -2.013637
vt 0.625001 -3.043022
vt 1.042655 -4.071768
vt 0.874999 -1.298395
vt 0.625001 1.576004
vt 0.874999 2.225971
vt 0.937527 -5.227703
vt 0.983116 -4.701304
vt 0.625000 -4.223678
vt 0.625001 0.851475
vt 0.874999 1.572012
vt 0.625001 2.290612
vt 0.625001 -3.003060
vt 0.874999 -2.582489
vt 0.625001 -1.947263
vt 0.874999 -3.495791
vt 0.625001 -3.914354
vt 0.874999 -0.568799
vt 0.625001 0.210222
vt 0.625001 2.290566
vt 0.874999 3.064879
vt 0.625001 3.695489
vt 0.874999 4.796103
vt 0.625001 -1.282710
vt 0.874999 -0.569574
vt 0.625001 -0.215963
vt 1.061118 -4.231959
vt 0.751670 -3.495723
vt 0.706113 -4.516014
vt 0.874999 3.001110
vt 0.625001 3.692449
vt 0.625001 -3.082945
vt 0.874999 -2.546173
vt 0.625001 -2.013878
vt 0.749359 -5.227246
vt 0.874998 -3.993121
vt 0.570020 -4.305506
vt 0.874999 0.927044
vt 0.625001 1.512082
vt 0.890068 -3.523031
vt 0.874999 -2.179020
vt 0.625001 -1.946753
vt 0.625001 -1.278842
vt 0.874999 -0.630338
vt 0.625001 0.584911
vt 0.625001 -3.008749
vt 0.874999 -2.258737
vt 0.411728 -4.481753
vt 0.874999 -3.535853
vt 0.956184 -5.227709
vt 0.874998 -4.068213
vt 0.625000 -4.287588
vt 0.625001 -2.430359
vt 0.625001 0.841393
vt 0.874999 1.141099
vt 0.625001 2.675629
vt 0.625000 -4.286714
vt 0.874998 -3.998940
vt 0.625001 -2.427788
vt 0.625001 2.966748
vt 0.874999 4.080102
vt 0.625001 1.205183
vt 0.874999 2.288366
vt 0.625001 -0.537470
vt 0.874999 -0.593214
vt 0.625001 1.556073
vt 0.625001 -3.082080
vt 0.874999 3.364304
vt 0.625001 3.363897
vt 0.625001 0.745969
vt 0.625001 -2.943969
vt 0.874999 -1.936504
vt 0.625001 -1.266189
vt 0.937309 -5.227010
vt 0.874998 -4.068961
vt 0.874999 -3.330035
vt 0.625001 -1.565969
vt 0.625001 -3.549736
vt 0.891212 -5.227511
vt 0.874999 -0.689446
vt 0.625001 0.219579
vt 0.874999 -1.521982
vt 0.625001 -1.196643
vt 1.016647 -4.386989
vt 0.625001 1.186919
vt 0.874999 1.648442
vt 0.625001 3.363857
vt 0.625001 -1.194893
vt 0.874999 -0.703034
vt 0.625001 1.555987
vt 0.625001 -3.527276
vt 0.874999 -3.528905
vt 0.467460 -5.227620
vt 0.874999 1.216076
vt 0.625001 1.660113
vt 0.625001 -0.833210
vt 0.625001 -3.225275
vt 0.874999 -1.645435
vt 0.874999 3.364013
vt 0.625001 3.363854
vt 0.625001 0.735461
vt 0.874999 -0.337295
vt 0.625001 -2.345138
vt 0.887124 -5.227374
vt 0.874999 -3.341380
vt 0.625001 -3.409888
vt 0.874999 -3.607010
vt 0.625001 -1.112233
vt 0.645743 -5.227509
vt 0.625001 0.831563
vt 0.874999 1.558364
vt 0.625001 3.363850
vt 0.874999 -1.668090
vt 0.625001 -2.229336
vt 0.872069 -5.227576
vt -0.049500 -4.476774
vt 0.912146 -5.227633
vt 0.874999 -3.557458
vt 0.625001 -2.463768
vt 0.625001 0.832383
vt 0.874999 1.558148
vt 0.625001 3.363856
vt 0.874999 -1.190154
vt 0.874999 -0.222488
vt 0.625001 3.364023
vt 0.625001 -0.544894
vt 0.874999 1.216064
vt 0.625001 1.215957
vt 0.625001 -1.201055
vt 0.874999 -1.803212
vt 1.066446 -4.338301
vt 0.625001 -0.520424
vt 0.874999 0.108779
vt 0.625001 1.216033
vt 0.625001 -3.429888
vt 0.874999 -2.756218
vt 0.625001 -1.889590
vt 0.911821 -5.227266
vt 1.083810 -4.364428
vt 0.874999 -1.242312
vt 0.625001 -0.562742
vt 0.874999 1.216027
vt 0.499991 1.215963
vt 0.874999 -1.615520
vt 0.625001 -2.951815
vt 0.903459 -5.227434
vt 0.874998 -4.073150
vt 0.625001 -0.531301
vt 0.874999 1.216179
vt 0.625001 1.215968
vt 1.178554 -4.731048
vt 0.874999 -2.212375
vt 0.625001 -2.371415
vt 0.958786 -5.227705
vt 0.874999 -3.532254
vt 0.625001 -3.293763
vt 0.874999 -3.439004
vt 0.625001 -2.850512
vt 0.312459 -5.227654
vt 0.874999 -0.619577
vt 0.625001 1.216233
vt 0.874999 -0.971187
vt 0.625001 1.216004
vt 0.625001 -2.583539
vt 0.874999 -0.304011
vt 0.625001 1.116543
vt 0.625001 -0.582555
vt 0.916180 -5.227300
vt 0.874999 -3.588598
vt 0.625001 -3.666051
vt 0.625001 -2.126071
vt 0.874999 -2.544620
vt 0.625001 -1.587561
vt 0.625001 -3.003000
vt 0.874998 -4.064408
vt 0.625000 -3.952609
vt 0.725396 -5.227499
vt 0.874999 2.289053
vt 0.625001 1.512864
vt 0.625001 0.084566
vt 0.874999 0.929197
vt 0.834588 -4.322081
vt 0.874999 -2.921877
vt 0.625001 -2.775421
vt 0.625001 1.576351
vt 0.874999 2.289115
vt 0.874999 -2.180245
vt 0.625001 -2.013524
vt 0.896230 -3.534317
vt 0.874999 2.641697
vt 0.625001 3.624323
vt 0.625001 1.934515
vt 0.863595 -3.511538
vt 0.874999 -2.180236
vt 0.625001 -1.588331
vt 0.750044 -5.227699
vt 0.874998 -4.487159
vt 0.625000 -4.158793
vt 0.625001 0.147252
vt 0.874999 0.865192
vt 0.874999 -0.568259
vt 0.625001 2.290751
vt 0.874999 2.936990
vt 0.625001 3.624314
vt 0.874999 4.314204
vt 0.625001 5.104266
vt 0.874999 0.866027
vt 0.625001 0.084102
vt 0.874999 -0.505430
vt 0.625001 -1.280645
vt 0.874999 -2.763460
vt 0.625001 -2.514180
vt 0.625001 -3.727430
vt 0.625001 -0.579744
vt 0.874999 0.136094
vt 0.874999 3.000254
vt 0.625001 3.687586
vt 0.874999 -3.583848
vt 0.625001 -2.774992
vt 0.679653 -4.279305
vt 0.874999 4.368527
vt 0.625001 5.098207
vt 0.874999 -2.015752
vt 0.625001 -3.561979
vt 0.874999 -2.994874
vt 0.625001 -1.579813
vt 0.874998 -4.437520
vt 0.937545 -5.227700
vt 0.625001 4.581359
vt 0.874999 4.672403
vt 0.625001 6.227793
vt 0.874999 2.550185
vt 0.625001 3.013371
vt 0.625001 1.513425
vt 0.625001 0.149928
vt 0.874999 0.804751
vt 0.874999 -1.027801
vt 0.874999 2.936959
vt 0.625001 3.684124
vt 0.625001 -3.083140
vt 0.874999 -2.763490
vt 0.625001 -1.953326
vt 0.995467 -4.575871
vt 0.879992 -3.928600
vt 0.919007 -5.227500
vt 0.874999 -0.568272
vt 0.625001 0.210655
vt 0.874999 3.001869
vt 0.625001 3.697394
vt 0.625001 2.290489
vt 0.874998 -4.396686
vt 0.498545 -3.955904
vt 0.750029 -5.227311
vt 0.874999 -3.495814
vt 0.625001 -2.773385
vt 0.874999 -1.296502
vt 0.625001 -0.578063
vt 0.874999 4.388512
vt 0.625001 5.113945
vt 0.625001 3.030133
vt 0.874999 4.080167
vt 0.625001 1.640081
vt 0.874999 2.352296
vt 0.625001 0.212612
vt 0.874999 0.931194
vt 0.874999 -0.566997
vt 0.936963 -5.226975
vt 0.874998 -4.221225
vt 0.625001 -3.561922
vt 0.625001 3.091199
vt 0.874999 4.080385
vt 0.625001 1.931927
vt 0.874999 2.288857
vt 0.625001 1.513425
vt 0.874999 2.571881
vt 0.625001 3.027506
vt 0.625001 0.149976
vt 0.874999 0.804600
vt 0.874999 -0.566312
vt 0.625001 -1.278686
vt 0.625001 -3.008702
vt 0.874999 -2.179012
vt 0.411199 -4.482039
vt 0.874999 -3.535758
vt 0.625001 -3.493888
vt 0.874999 -2.698843
vt 0.625001 -1.494642
vt 0.874998 -4.160422
vt 0.908175 -5.227392
vt 0.625001 3.031313
vt 0.874999 4.080027
vt 0.625001 1.640873
vt 0.874999 2.288671
vt 0.874999 0.412049
vt 0.625001 0.214715
vt 0.874999 -2.545063
vt 0.625001 -1.890289
vt 0.625001 -3.003080
vt 0.874998 -4.487185
vt 0.625001 -3.913519
vt 0.500040 -4.701304
vt 0.750098 -5.227699
vt 0.874999 -3.535791
vt 0.625001 4.507144
vt 0.874999 5.203572
vt 0.625001 5.511743
vt 0.625001 3.011407
vt 0.874999 3.760315
vt 0.625001 1.576145
vt 0.874999 2.352495
vt 0.874999 0.865138
vt 0.625001 -0.580057
vt 0.874999 0.136426
vt 0.937349 -5.227396
vt 0.874998 -4.221620
vt 0.625001 -3.669485
vt 0.625001 -2.124784
vt 0.874999 -1.299782
vt 0.874999 -2.703001
vt 0.625001 2.227077
vt 0.874999 3.001121
vt 0.625001 3.631820
vt 0.625001 -1.219991
vt 0.874999 -0.633304
vt 0.625001 5.012368
vt 0.874999 6.227824
vt 0.625000 -4.157743
vt 0.874999 -3.603475
vt 0.625001 -2.457702
vt 0.874999 -1.266351
vt 0.625001 -0.652983
vt 0.874999 3.631867
vt 0.625001 3.208115
vt 0.874999 1.932051
vt 0.625001 2.462970
vt 0.625001 -0.436909
vt 0.874999 -1.483816
vt 0.999856 -4.472795
vt 0.636008 -5.226974
vt 1.007208 -4.576947
vt 0.625001 -3.667293
vt 0.625001 2.966254
vt 0.874999 4.080158
vt 0.625001 1.577904
vt 0.874999 2.225345
vt 0.625001 0.214819
vt 0.874999 0.872220
vt 0.625001 -1.211673
vt 0.874999 -0.501486
vt 0.874999 -1.893056
vt 0.625001 -2.517655
vt 0.874999 -3.525827
vt 0.625001 -3.720365
vt 0.874999 2.288835
vt 0.625001 3.091175
vt 0.625001 -1.215149
vt 0.874999 -0.630222
vt 0.625001 -2.936677
vt 0.874999 -2.258642
vt 0.874999 2.999621
vt 0.625001 3.623955
vt 0.874999 0.928709
vt 0.625001 1.576167
vt 0.625001 -3.455741
vt 0.874999 -2.823420
vt 0.625001 -2.124635
vt 0.809942 -4.626222
vt 1.028135 -4.244950
vt 0.904207 -5.227210
vt 0.874998 -4.437539
vt 0.625001 -3.667266
vt 0.625001 3.091194
vt 0.874999 4.080166
vt 0.625001 1.640062
vt 0.874999 2.352269
vt 0.874999 0.867687
vt 0.874999 -2.994916
vt 0.625001 -2.125608
vt 0.625001 5.104981
vt 0.874999 6.227939
vt 1.010758 -3.938913
vt 0.874999 -3.002964
vt 0.625001 -3.003066
vt 0.625001 3.685414
vt 0.874999 4.435437
vt 0.874999 0.135721
vt 0.625001 0.786679
vt 0.625001 -0.642930
vt 0.625001 2.227424
vt 0.874999 2.936476
vt 0.625001 3.621529
vt 0.625001 -3.043010
vt 0.874999 -2.544669
vt 0.625001 -1.947017
vt 0.874999 -3.495836
vt 0.625000 -4.219828
vt 0.874999 -1.235845
vt 0.874999 1.508448
vt 0.625001 -0.647220
vt 0.874999 -0.216069
vt 0.625001 0.780452
vt 0.479578 -5.227484
vt 0.874998 -4.215961
vt 0.625001 -3.556450
vt 0.625001 0.846006
vt 0.874999 2.288121
vt 0.625001 3.219714
vt 0.625001 -1.568985
vt 0.874999 0.148167
vt 0.874999 0.289095
vt 0.625001 1.654189
vt 0.625001 -0.902900
vt 0.874999 4.079870
vt 0.625001 4.079813
vt 0.874999 -3.530263
vt 0.625001 -3.284149
vt 0.317639 -5.227689
vt 0.625001 -3.082958
vt 0.874999 -2.540980
vt 0.625001 -1.573616
vt 0.625000 -4.286635
vt 0.874998 -3.998856
vt 0.625001 3.028990
vt 0.874999 4.080109
vt 0.625001 1.578257
vt 0.874999 1.836643
vt 0.625001 3.029640
vt 0.874999 4.080052
vt 0.625001 1.578846
vt 0.874999 1.835886
vt 0.731890 -5.227737
vt 0.874999 -3.286028
vt 0.625001 -3.011177
vt 0.625001 5.055130
vt 0.874999 6.227967
vt 0.874999 -0.848874
vt 0.625001 -0.215644
vt 0.625001 -2.196321
vt 0.874999 1.232052
vt 0.625001 1.517057
vt 0.874999 -3.245002
vt 0.625001 -3.765218
vt 0.874999 0.073052
vt 0.625001 0.913341
vt 0.999465 -5.226595
vt 0.874998 -3.969577
vt 0.874999 -1.949436
vt 0.625001 -1.280019
vt 0.625001 -2.773354
vt 0.625001 4.957030
vt 0.874999 6.228015
vt 0.874999 -3.516617
vt 0.625001 -3.239453
vt 0.307597 -5.227620
vt 0.625001 0.842709
vt 0.874999 1.833344
vt 0.625001 3.208134
vt 0.625001 -1.264764
vt 0.874999 -0.691248
vt 0.625001 -1.684934
vt 0.874999 0.903265
vt 0.625001 1.546749
vt 0.874999 4.079899
vt 0.625001 4.079813
vt 0.874999 -2.544588
vt 0.867537 -5.227602
vt 0.625001 -0.564986
vt 0.874999 1.579763
vt 0.625001 1.849490
vt 0.625001 -2.943011
vt 0.874999 -2.328830
vt 0.874998 -4.221735
vt 0.625001 -3.670727
vt 0.930582 -5.227700
vt 0.874999 -2.015658
vt 0.625001 -2.513833
vt 0.874999 -3.042954
vt 0.874999 2.225907
vt 0.625001 1.576004
vt 0.917121 -4.623737
vt 0.874999 -3.743999
vt 0.625001 -3.495758
vt 0.625001 -3.003043
vt 0.874999 -2.582427
vt 0.625001 -1.947242
vt 0.874998 -4.441490
vt 0.625000 -3.954104
vt 0.919098 -5.227448
vt 0.874999 -3.495756
vt 0.874999 2.352578
vt 0.625001 1.575957
vt 0.625001 0.210146
vt 0.874999 0.927901
vt 0.874999 -0.505924
vt 0.874999 -2.545497
vt 0.625001 -1.953372
vt 0.625001 -3.083032
vt 0.911208 -5.227442
vt 0.874998 -4.441478
vt 0.602867 -3.987111
vt 0.874999 -3.495790
vt 0.874999 2.225891
vt 0.625001 1.512437
vt 0.625001 0.147273
vt 0.874999 0.801303
vt 0.874999 -0.568822
vt 0.750087 -5.227700
vt 0.874998 -4.277484
vt 0.625000 -4.415836
vt 0.874999 -0.503619
vt 0.625001 -1.341804
vt 0.625001 -3.008729
vt 0.874999 -1.892482
vt 0.874999 2.938135
vt 0.625001 3.757486
vt 0.625001 -3.083026
vt 0.874999 -2.546078
vt 0.625001 -1.953478
vt 0.874999 -3.495769
vt 0.625001 0.209540
vt 0.874999 0.864150
vt 0.625001 1.575653
vt 0.823216 -1.499590
vt 0.874999 -0.506538
vt 0.625001 -3.492410
vt 0.874999 -2.490334
vt 0.625001 -1.889369
vt 0.874998 -4.215993
vt 0.899499 -5.227442
vt 0.625001 1.641198
vt 0.874999 2.660473
vt 0.625001 3.031829
vt 0.625001 -3.433166
vt 0.874999 -2.761548
vt 0.625001 -1.946702
vt 0.874999 2.938100
vt 0.625001 3.695113
vt 0.874999 0.800315
vt 0.625001 1.575660
vt 0.625001 0.209527
vt 0.874999 -0.569565
vt 0.874999 -2.989813
vt 0.625001 -1.570040
vt 0.625001 -3.741746
vt 0.432967 -5.227512
vt 0.874998 -4.382332
vt 0.625001 3.029840
vt 0.874999 4.080034
vt 0.625001 1.579077
vt 0.874999 1.835512
vt 0.625001 -0.585022
vt 0.874999 -0.303400
vt 0.625001 1.203847
vt 0.625001 3.029598
vt 0.874999 1.925478
vt 0.625001 -3.495097
vt 0.874999 -2.615406
vt 0.625001 -2.464952
vt 0.874999 6.227808
vt 0.625001 4.997995
vt 0.625001 -0.921360
vt 0.874999 -0.216259
vt 0.625001 0.770022
vt 0.874999 1.567144
vt 0.625001 2.856345
vt 0.874999 3.727159
vt 0.874999 -1.957535
vt 0.625001 -3.164535
vt 0.874999 3.063462
vt 0.625001 3.685279
vt 0.625001 -3.003051
vt 0.874999 -2.581928
vt 0.625001 -1.947131
vt 0.874999 -3.495831
vt 0.625000 -4.223762
vt 0.874999 4.369105
vt 0.625001 5.104788
vt 0.874999 0.866026
vt 0.625001 1.576194
vt 0.625001 4.530471
vt 0.874999 5.161882
vt 0.625001 6.227844
vt 0.625001 3.013362
vt 0.874999 3.707223
vt 0.625001 1.576915
vt 0.874999 2.288836
vt 0.625001 0.212450
vt 0.874999 0.867703
vt 0.625001 -1.215325
vt 0.874999 -0.566355
vt 0.874999 -2.178873
vt 0.625001 -2.936757
vt 0.625000 -4.461356
vt 0.874998 -3.995908
vt 0.750107 -5.227695
vt 1.007834 -4.421607
vt 0.625000 -4.455831
vt 0.874999 4.330446
vt 0.625001 5.113168
vt 0.625001 1.575544
vt 0.874999 2.289333
vt 0.625001 2.946576
vt 0.625001 0.145774
vt 0.874999 0.863147
vt 0.625001 -1.283262
vt 0.874999 -0.633620
vt 0.874999 -2.015502
vt 0.625001 -2.512899
vt 0.625001 -3.455689
vt 0.874999 -3.042955
vt 0.874999 -3.927536
vt 0.625000 -3.953324
vt 0.874999 -3.042954
vt 0.625001 -2.715191
vt 0.874999 2.289129
vt 0.625001 1.512671
vt 0.625001 0.084068
vt 0.874999 0.865177
vt 0.625001 -1.280696
vt 0.874999 -0.632027
vt 0.874999 -1.949315
vt 0.874999 0.073430
vt 0.625001 0.787294
vt 0.625001 -0.579651
vt 0.874999 1.571971
vt 0.874999 2.936481
vt 0.625001 3.684179
vt 0.625001 0.211105
vt 0.874999 0.866680
vt 0.625001 1.576369
vt 0.625001 -1.280951
vt 0.874999 -0.505025
vt 0.874999 -2.762958
vt 0.625001 -2.592108
vt 0.889561 -3.994946
vt 0.874998 -4.221169
vt 0.625001 -3.496296
vt 0.910934 -5.227557
vt 0.874999 4.795867
vt 0.625001 3.322039
vt 0.625001 1.640257
vt 0.874999 2.726775
vt 0.874999 0.932347
vt 0.625001 0.849911
vt 0.874999 1.635233
vt 0.874999 4.369428
vt 0.625001 5.163820
vt 0.625001 -1.280668
vt 0.874999 -0.632027
vt 0.874999 -2.015693
vt 0.625001 -2.553936
vt 0.874999 -3.082968
vt 0.870159 -3.962290
vt 0.874998 -4.221617
vt 0.625001 -3.669455
vt 0.937161 -5.227212
vt 0.625001 -1.343917
vt 0.874999 -0.567768
vt 0.625001 -2.550024
vt 0.874999 -1.955382
vt 0.874999 -3.042907
vt 0.625001 -0.515324
vt 0.874999 0.073913
vt 0.625001 0.850702
vt 0.625001 -3.003040
vt 0.874999 -2.704049
vt 0.625001 -1.890319
vt 0.874999 -1.298186
vt 0.625001 2.354960
vt 0.874999 3.449525
vt 0.625001 4.498034
vt 0.625001 -3.487532
vt 0.874999 -1.846903
vt 0.625001 -1.487129
vt 0.472241 -5.227644
vt 0.874998 -4.068801
vt 0.874999 1.568954
vt 0.625001 0.581059
vt 0.625001 5.034884
vt 0.874999 6.227780
vt 0.874998 -4.160922
vt 0.625001 -3.658753
vt 0.312236 -5.227587
vt 0.874999 3.957732
vt 0.625001 3.217540
vt 0.625001 1.109864
vt 0.874999 2.287893
vt 0.874999 -2.327805
vt 0.625001 -2.208511
vt 0.625001 5.034860
vt 0.874999 6.227778
vt 0.874998 -4.427474
vt 0.625001 -3.164100
vt 0.444579 -5.227510
vt 0.874999 4.241373
vt 0.625001 3.217568
vt 0.625001 0.218607
vt 0.874999 1.229232
vt 0.625001 1.579581
vt 0.874999 -0.847701
vt 0.625001 -1.205746
vt 0.439759 -5.227667
vt 0.874998 -4.068845
vt 0.625001 -3.908761
vt 0.874999 2.719475
vt 0.625001 3.083319
vt 0.625001 1.642193
vt 0.874999 0.939588
vt 0.625001 -0.123594
vt 0.625001 2.025404
vt 0.874999 2.638548
vt 0.625001 3.732312
vt 0.625001 -0.124759
vt 0.874999 0.931808
vt 0.874999 2.934513
vt 0.625001 3.671548
vt 0.625001 2.291064
vt 0.625001 -3.496729
vt 0.874999 -2.195089
vt 0.625001 -1.578727
vt 1.213707 -4.516095
vt 0.563031 -5.227608
vt 0.874999 1.135794
vt 0.625001 0.584601
vt 0.874999 -0.629587
vt 0.625001 -1.014683
vt 0.874999 0.071074
vt 0.625001 0.847536
vt 0.937478 -5.227705
vt 0.874998 -4.160349
vt 0.874999 1.571072
vt 0.625001 2.747829
vt 0.625001 -3.009271
vt 0.874999 -1.611432
vt 0.874999 0.135720
vt 0.625001 -0.642887
vt 0.625001 -3.083049
vt 0.874999 -2.581501
vt 0.625001 -2.013400
vt 0.937470 -5.227701
vt 0.874998 -3.994621
vt 0.625000 -4.219779
vt 0.874999 -1.298836
vt 0.625001 1.576367
vt 0.874999 2.289043
vt 0.437500 -0.159159
vt 0.437500 1.192630
vt 0.500000 1.021195
vt 1.064123 3.092339
vt 0.418345 -2.401795
vt 0.437500 -2.262552
vt 0.406250 -2.535458
vt 0.483612 -2.419492
vt 0.437500 -2.597733
vt 0.562500 -2.772627
vt 0.593750 -2.727114
vt 0.591695 -2.683335
vt 0.375000 -1.641460
vt 0.437500 -1.755564
vt 0.437500 -1.437210
vt 0.625000 -1.639529
vt 0.562500 -1.461478
vt 0.562500 -1.742756
vt 0.500000 -0.454087
vt 0.437500 -0.903669
vt 0.500000 -0.942382
vt 0.562500 -0.924324
vt 0.562500 -0.048363
vt 0.372344 -2.681600
vt 0.406250 -2.669457
vt 0.631074 -2.401797
vt 0.593504 -2.592069
vt 0.373781 -2.772627
vt 0.406250 -2.772600
vt 0.372590 -2.727114
vt 0.500000 -2.772627
vt 0.473947 -2.709520
vt 0.468750 -2.772627
vt 0.499171 -2.681657
vt 0.531250 -2.772613
vt 0.570551 -2.397259
vt 0.530680 -2.580062
vt 0.374999 -1.478119
vt 0.374999 1.215963
vt 0.374999 5.103951
vt 0.625001 6.227962
vt 0.374999 6.227706
vt 0.625001 3.011426
vt 0.375000 -3.953238
vt 0.704732 -3.614505
vt 0.374999 -2.715232
vt 0.625001 1.576138
vt 0.625001 4.507467
vt 0.374999 3.363854
vt -0.163610 -5.227526
vt 0.021288 -4.567398
vt 0.374999 -2.840073
vt -0.010566 -5.227080
vt 0.374999 -0.648579
vt 0.499985 -5.227695
vt 0.625000 -4.456338
vt 0.157918 -4.319840
vt 0.374999 -1.647890
vt 0.625001 1.575689
vt 0.374999 0.913249
vt 0.374999 2.290751
vt 0.625001 -0.580034
vt 0.374999 -0.215963
vt 0.374999 -1.280111
vt 0.374999 -3.726825
vt 0.374999 -2.514490
vt 0.374999 -2.816597
vt 0.095181 -4.490040
vt 0.459667 -5.227651
vt 0.374999 -2.775558
vt 0.374999 5.082746
vt 0.374999 4.976069
vt 0.374999 3.217592
vt 0.625001 1.939048
vt 0.374999 1.515888
vt 0.374999 2.647890
vt 0.375000 -4.459071
vt 1.148201 -4.031979
vt 0.374999 -1.282435
vt 0.374999 0.210211
vt 0.374999 5.012229
vt 0.374999 0.820576
vt 0.374999 -3.472361
vt 0.488050 -5.227673
vt 0.374999 3.363877
vt 0.374999 -1.532818
vt -0.052665 -4.474612
vt 0.374999 1.215990
vt 0.625001 -0.931951
vt 0.374999 -0.931944
vt 0.532394 -5.227679
vt -0.163665 -5.227519
vt 0.050396 -4.518310
vt 0.374999 -2.816608
vt 0.513892 -5.227702
vt 0.374999 -3.987164
vt 0.248768 -2.816615
vt 0.054672 -4.499689
vt 0.374999 -2.816599
vt 0.499954 -5.227706
vt 0.035276 -4.446573
vt 0.374999 -2.816604
vt 0.135345 -4.380201
vt 0.374999 -2.816609
vt 0.374999 -2.816615
vt -0.213990 -5.227434
vt 0.093247 -4.500290
vt 0.374999 -2.816611
vt 0.733807 -4.511294
vt 0.625000 -4.220757
vt 0.374999 -2.816482
vt 0.374999 -2.779154
vt 0.206069 -5.227671
vt 0.750018 -5.227643
vt 0.374999 -0.931946
vt 0.072768 -4.532988
vt 0.374999 -2.781031
vt 0.083615 -4.465072
vt 0.374999 -2.780955
vt 0.625001 -0.931950
vt 0.374999 -0.931946
vt 0.269533 -5.227643
vt 0.374999 -0.931941
vt 0.625001 -0.931954
vt 0.247476 -5.227632
vt -0.462581 -4.188394
vt 0.374999 -2.780941
vt 0.374999 -3.269377
vt 0.692943 -5.227297
vt 0.374999 -3.661922
vt 0.374999 -2.519040
vt 0.374999 -2.811990
vt 0.772194 -5.227640
vt 0.203237 -5.227671
vt 0.625001 -0.931953
vt 0.230382 -5.227667
vt 0.374999 -3.944762
vt 0.458256 -5.227690
vt 0.625001 -0.931952
vt 0.374999 -2.363853
vt 0.625001 -2.716894
vt 0.374999 -2.593195
vt 0.625000 -3.950762
vt 0.625000 -4.221066
vt 0.255962 -5.227695
vt 0.374999 -0.931949
vt 0.252882 -5.227638
vt 0.374999 -0.931939
vt 0.374999 -0.931944
vt 0.296676 -5.227637
vt 0.374999 -0.931904
vt 0.374999 -0.931951
vt 0.256054 -5.227651
vt 0.374999 -1.553842
vt 0.374999 1.216069
vt 0.374999 1.215954
vt 0.374999 -3.522124
vt 0.374999 -0.562864
vt 0.374999 -2.951663
vt 0.374999 -1.798376
vt 0.625001 -0.539488
vt 0.374999 1.215987
vt 0.374999 -3.960590
vt 0.625001 1.216116
vt 0.374999 1.215971
vt 0.625001 -1.560082
vt 0.423654 -5.227423
vt 0.625001 1.216004
vt 0.374999 1.215952
vt 0.374999 -3.557407
vt 0.460857 -5.227484
vt 0.374999 -1.194871
vt 0.374999 1.216030
vt 0.374999 -3.523585
vt 0.625001 1.216066
vt 0.374999 -2.951819
vt 0.625001 -3.715096
vt 0.374999 -3.293689
vt 0.717353 -5.227684
vt 0.374999 -0.539919
vt 0.625001 3.364043
vt 0.374999 3.363854
vt 0.270761 -5.227684
vt 0.625001 3.363898
vt 0.625001 3.363897
vt 0.374999 3.363853
vt 0.497307 -5.227633
vt 0.374999 -3.165640
vt 0.540300 -5.227611
vt 0.374999 2.216751
vt 0.278436 -5.227489
vt 0.374999 0.495009
vt 0.374999 1.941865
vt 0.384154 -5.227720
vt 0.374999 3.363916
vt 0.374999 -0.211082
vt 0.374999 -3.225431
vt 0.229318 -5.226783
vt 0.374999 2.340666
vt 0.476046 -5.227428
vt 0.375000 -4.467939
vt 0.625001 -0.931954
vt 0.374999 -0.931943
vt 0.541767 -5.227678
vt 0.374999 -1.662343
vt 0.374999 -3.556710
vt 0.526151 -5.227214
vt 0.374999 0.079705
vt 0.229102 -2.816607
vt 0.229123 -2.816607
vt 0.513899 -5.227701
vt 0.538811 -4.492940
vt 0.625001 -2.816522
vt 0.828207 -4.480059
vt 0.185080 -5.227705
vt 0.375000 -4.420253
vt 1.275635 -4.454274
vt 0.703059 -5.227565
vt 0.625001 -2.816485
vt 0.440513 -5.227651
vt 0.374999 -0.931944
vt 0.374999 2.679254
vt 0.374999 -0.648450
vt 0.541636 -5.227666
vt 0.625001 -3.309667
vt 0.374999 4.079817
vt 0.374999 0.780503
vt 0.374999 -1.889449
vt 0.475662 -5.227436
vt 0.374999 3.092571
vt 0.625001 4.079991
vt 0.374999 -1.568906
vt 0.432555 -5.227458
vt 0.374999 4.633102
vt 0.625001 -3.013956
vt 0.374999 -1.889217
vt 0.680845 -5.227551
vt 0.804147 -4.235965
vt 0.625001 -1.332409
vt 0.374999 5.043107
vt 0.374999 1.641862
vt 0.535217 -5.227352
vt 0.625001 -1.309943
vt 0.374999 5.012427
vt 0.374999 0.850171
vt 0.374999 -0.642857
vt 0.374999 2.290765
vt 0.625001 0.210276
vt 0.513846 -5.227697
vt 0.710229 -4.701304
vt 0.375000 -4.459874
vt 0.374999 -2.553517
vt 0.374999 -3.535716
vt 0.499982 -5.227702
vt 0.625001 -0.642050
vt 0.625001 -2.013700
vt 0.625001 -3.042999
vt 0.625001 1.575997
vt 0.374999 2.353928
vt 0.625001 -2.552806
vt 0.374999 -2.013900
vt 0.374999 -3.083089
vt 0.374999 -0.577936
vt 0.374999 -2.717150
vt 0.478546 -5.227440
vt 0.374999 2.291553
vt 0.374999 4.079890
vt 0.374999 -2.011772
vt 0.486223 -5.227524
vt 0.770125 -5.227139
vt 0.374999 1.577901
vt 0.374999 0.153566
vt 0.625001 -0.521071
vt 0.006731 -4.272803
vt 0.374999 -1.461395
vt 0.531372 -5.227643
vt 0.374999 -1.951900
vt 0.374999 -0.215594
vt 0.119022 -4.161124
vt 0.374999 -2.455077
vt 0.625001 1.927973
vt 0.374999 3.364121
vt 0.307306 -5.227644
vt 0.374999 -3.164721
vt 0.374999 3.363851
vt -0.050986 -4.396941
vt 0.540373 -5.227641
vt 0.374999 0.819999
vt 0.374999 1.854190
vt 0.625001 1.659936
vt 0.043159 -5.227562
vt 0.302823 -5.227312
vt 0.437455 -5.227649
vt 1.695548 -4.445836
vt 0.625001 -1.802787
vt 0.625001 0.832483
vt 0.625001 1.216396
vt 0.625001 -3.012910
vt 0.432308 -5.227611
vt 0.100794 -4.550235
vt 0.684132 -5.227319
vt 0.625001 -0.644423
vt 0.374999 1.215954
vt 0.451352 -5.227453
vt 0.374999 1.216004
vt 0.374999 1.215951
vt -0.108356 -4.702078
vt 0.374999 2.290966
vt 0.625001 2.951497
vt 0.374999 3.665275
vt 0.374999 0.845622
vt 0.625001 4.795898
vt 0.374999 4.795780
vt 0.374999 0.500000
vt 0.625001 3.745780
vt 0.118272 -4.023628
vt 0.260708 -4.569844
vt 0.937143 -5.227238
vt 0.625001 3.746932
vt 0.374999 4.796018
vt 0.374999 3.012691
vt 0.625001 3.012139
vt 0.374999 3.684061
vt 0.749099 -5.226766
vt 0.625000 -4.223769
vt 0.625001 0.849915
vt 0.374999 1.576172
vt 0.625001 5.040849
vt 0.374999 6.227984
vt 0.374999 4.440772
vt 0.374999 3.012178
vt 0.374999 1.575916
vt 0.374999 -2.934537
vt 0.374999 -1.218146
vt 0.296129 -4.438118
vt 0.374999 1.576194
vt -0.028816 -4.382957
vt 0.245429 -3.495764
vt 0.375000 -4.458436
vt 0.374999 -0.517778
vt 0.374999 -3.042965
vt 0.374999 -1.890058
vt 0.625001 1.576152
vt 0.625001 5.041055
vt 0.374999 6.227967
vt 0.374999 4.506958
vt 0.374999 -1.344716
vt 0.375000 -4.412595
vt 0.374999 -3.043025
vt 0.750034 -5.227698
vt 0.735561 -4.701304
vt 0.625001 -1.952895
vt 0.374999 -2.593385
vt 0.625001 -3.497396
vt 0.374999 -3.667369
vt 0.374999 0.149082
vt 0.625001 0.847051
vt 0.374999 1.576970
vt 0.625001 -0.517748
vt 0.374999 -1.341685
vt 0.625001 -1.952963
vt 0.374999 -2.551435
vt 0.374999 -2.717303
vt 0.375000 -4.224613
vt 0.374999 1.931927
vt 0.374999 5.097372
vt 0.374999 -3.043092
vt 0.375000 -3.952707
vt 0.154759 -4.174619
vt 0.374999 -0.931927
vt 0.374999 0.211052
vt 0.625001 -2.513171
vt 0.625001 -3.729640
vt 0.625001 0.851721
vt 0.374999 -1.951023
vt 0.625001 1.106402
vt 0.374999 4.079830
vt 0.374999 -0.517767
vt 0.625001 0.149087
vt 0.375000 -3.950397
vt 0.625001 -1.277394
vt 0.625001 1.576961
vt 0.750102 -5.227700
vt 0.625000 -4.461463
vt 0.625001 5.040351
vt 0.374999 5.511743
vt 0.625001 -0.579714
vt 0.374999 0.147958
vt 0.374999 2.227543
vt 0.374999 -2.013075
vt 0.374999 0.847045
vt 0.374999 2.948302
vt 0.625001 2.353961
vt 0.374999 1.576163
vt 0.374999 0.210661
vt 0.625001 0.850752
vt 0.374999 -1.281676
vt 0.625001 -0.642477
vt 0.625001 -1.947143
vt 0.374999 1.576349
vt 0.374999 -3.043050
vt 0.625001 2.583264
vt 0.374999 3.029019
vt 0.374999 1.578253
vt 0.374999 0.840677
vt 0.625001 -3.741049
vt 0.524944 -5.227263
vt 0.700736 -5.227419
vt 0.374999 -1.946027
vt 0.229693 -5.227625
vt 0.374999 0.898087
vt 0.375000 -4.157694
vt 0.374999 -0.642830
vt 0.625001 2.290796
vt 0.374999 1.576297
vt 0.374999 0.157840
vt 0.374999 1.643425
vt 0.375000 -3.974170
vt 0.374999 -2.927569
vt 0.374999 -0.118208
vt 0.541197 -5.227498
vt 0.859747 -4.009696
vt 0.374999 1.642029
vt 0.374999 3.301484
vt 0.374999 -1.270163
vt 0.374999 0.218013
vt 0.625001 0.210257
vt 0.374999 0.914457
vt 0.450814 -5.227464
vt 0.374999 2.353920
vt 0.374999 -1.952938
vt 0.374999 -3.083030
vt 0.320923 -4.383111
vt 0.625001 2.273921
vt 0.625001 0.911302
vt 0.374999 0.149906
vt 0.156072 -3.910610
vt 0.375000 -4.286732
vt 0.625001 -0.124142
vt 0.625001 2.338453
vt 0.374999 3.364089
vt 0.374999 1.576917
vt 0.625001 0.911276
vt 0.750096 -5.227694
vt 0.625000 -4.223443
vt 0.243492 -4.413276
vt 0.374999 2.353881
vt 0.625001 -2.013844
vt 0.374999 -1.282763
vt 0.625001 -3.042985
vt 0.625001 0.217449
vt 0.374999 0.777976
vt 0.374999 -1.010960
vt 0.306757 -5.227317
vt 0.612240 -4.460285
vt 0.374999 -2.675115
vt 0.374999 -0.913540
vt 0.374999 6.227743
vt 0.513800 -5.227699
vt 0.191034 -4.625096
vt 0.374999 2.290712
vt 0.625001 -0.642478
vt 0.374999 0.147910
vt 0.112650 -3.992335
vt 0.374999 0.784756
vt 0.249117 -4.701304
vt 0.374999 4.561958
vt 0.625001 5.040884
vt 0.625001 3.684015
vt 0.625001 5.041179
vt 0.374999 4.506948
vt 0.374999 1.576180
vt 0.625000 -4.505802
vt 0.375000 -3.992664
vt 0.155194 -4.231150
vt 0.225234 -5.227702
vt 0.374999 2.290692
vt 0.625001 -2.012853
vt 0.625001 3.012130
vt 0.625000 -4.458306
vt 0.474666 -5.227485
vt 0.094546 -3.595821
vt 0.181850 -4.329169
vt 0.625001 2.227254
vt 0.374999 1.512446
vt 0.141394 -3.939450
vt 0.198318 -4.616376
vt 0.625000 -3.954060
vt 0.374999 5.034433
vt 0.374999 1.579446
vt 0.374999 -1.331627
vt 0.037614 -4.596982
vt 0.374999 -2.724073
vt 0.374999 -0.650273
vt 0.374999 -2.011715
vt 0.374999 -3.551260
vt 0.374999 4.638138
vt 0.374999 5.034882
vt 0.625001 6.227740
vt 0.625001 -2.129040
vt 0.374999 -1.656592
vt 0.625001 4.601004
vt 0.625001 -2.125878
vt 0.374999 -2.012918
vt 0.625001 -3.914934
vt 0.374999 1.640123
vt 0.374999 0.149543
vt 0.374999 -2.937405
vt 0.374999 -1.276500
vt 0.375000 -4.462245
vt 0.625001 6.227777
vt 0.374999 5.020259
vt 0.625001 4.586808
vt 0.374999 1.577138
vt 0.374999 2.354008
vt 0.104491 -4.008452
vt 0.211168 -4.617812
vt 0.125000 1.239174
vt 0.062500 1.192592
vt 0.000000 -0.162776
vt 0.000000 1.268854
vt 0.000000 2.991446
vt 0.000000 3.398501
vt 1.570016 3.101316
vt 0.937500 1.272635
vt 1.000000 1.268854
vt 0.875000 -2.414727
vt 0.937500 -2.265018
vt 0.875000 -2.200918
vt 0.937500 -2.567309
vt 0.062500 -2.772627
vt 0.093750 -2.772627
vt 0.093750 -2.727114
vt 0.062500 -2.235671
vt 0.093750 -2.503904
vt 1.000000 -0.162776
vt 0.937500 -0.061112
vt 0.937500 -0.740827
vt 0.125000 -0.569040
vt 0.062500 -0.115795
vt 0.062500 -0.637096
vt 0.031238 -2.607976
vt 0.093701 -2.670882
vt 0.031250 -2.773063
vt -0.000000 -2.727114
vt -0.000000 -2.772627
vt 1.125001 0.060707
vt 0.874999 1.320590
vt 1.125001 3.953629
vt 0.874999 3.482594
vt 1.125001 1.832150
vt 1.125001 -2.090028
vt 1.125001 6.228080
vt 0.874999 6.227706
vt 0.874999 5.206544
vt 1.125002 -4.217176
vt 1.125001 1.221077
vt 0.874999 4.079816
vt 1.125001 4.369423
vt 1.125001 -1.949516
vt 0.874999 -1.647890
vt 1.125001 5.208891
vt 0.874999 5.511743
vt 0.874999 4.313959
vt 1.125001 -2.763463
vt 0.874999 -2.544998
vt 1.125001 0.511357
vt 0.874999 0.894498
vt 1.125001 -1.860518
vt 1.125002 -4.013967
vt 0.800957 -5.227677
vt 1.125001 -3.659980
vt 1.125001 -1.444300
vt 1.125001 -2.991055
vt 0.874999 -2.540184
vt 1.043470 -4.279960
vt 1.125001 -3.494605
vt 1.125001 0.875602
vt 1.125001 -2.475971
vt 1.125001 0.074515
vt 0.874999 0.500000
vt 1.125001 -1.359782
vt 1.125001 -2.581583
vt 0.874999 -3.042896
vt 0.937542 -5.227698
vt 1.125002 -4.064354
vt 0.874998 -4.160021
vt 1.125001 -1.362249
vt 0.874999 -0.567830
vt 0.692649 -5.227689
vt 1.125001 -2.816492
vt 0.874999 -3.042942
vt 1.125001 -2.994351
vt 0.804743 -5.227700
vt 1.125002 -4.436729
vt 1.125001 5.286337
vt 0.874999 4.289322
vt 1.125001 1.311990
vt 0.874999 1.507772
vt 0.874999 0.071076
vt 1.125001 -0.503149
vt 1.125001 3.449560
vt 0.874999 3.803559
vt 0.874999 1.834875
vt 1.125002 -4.001637
vt 0.874999 -2.485955
vt 1.125001 -0.847701
vt 0.874999 -0.303098
vt 1.125001 1.316654
vt 1.125002 -4.217011
vt 0.750005 -5.226936
vt 1.125001 3.757643
vt 1.125001 2.289035
vt 1.125001 0.929210
vt 0.874999 0.072989
vt 1.125001 -0.505023
vt 1.125002 -4.221739
vt 0.937498 -5.227697
vt 1.125001 1.571993
vt 0.874999 1.215963
vt 1.125001 -2.703987
vt 1.125001 -0.216449
vt 1.125001 -3.538054
vt 1.125001 -1.672541
vt 0.874999 -0.139004
vt 0.964277 -5.227702
vt 1.125001 -3.606941
vt 1.125001 -0.222604
vt 0.874999 0.415676
vt 1.125002 -4.079152
vt 1.125001 1.216052
vt 1.125001 -1.864808
vt 1.125001 -0.931957
vt 0.874999 -0.931943
vt 0.942601 -5.227687
vt 1.047730 -4.259712
vt 1.125001 -2.816398
vt 0.874999 -2.816580
vt 1.125002 -4.085124
vt 1.125001 -2.816428
vt 0.944467 -5.227702
vt 1.125002 -4.085062
vt 1.125002 -4.216027
vt 1.125001 -2.816426
vt 1.125001 -2.816400
vt 1.125002 -4.433481
vt 1.125001 -2.816496
vt 1.125001 -2.816429
vt 1.125002 -4.433444
vt 0.507228 -5.227379
vt 1.125001 -2.816397
vt 0.874999 -2.816582
vt 1.125002 -4.433582
vt 0.874998 -3.975253
vt 0.554218 -5.227554
vt 1.125001 -2.816398
vt 0.874999 -2.816576
vt 1.125001 -2.697021
vt 0.874999 -2.576486
vt 1.125002 -3.999741
vt 1.125001 -0.931953
vt 1.125002 -4.431319
vt 1.125001 -2.991000
vt 0.874999 -2.697024
vt 1.125002 -4.220524
vt 1.125001 -2.697015
vt 0.874999 -2.576685
vt 1.125002 -4.430962
vt 1.125001 -2.990886
vt 0.874999 -2.540339
vt 0.793943 -5.227636
vt 1.125001 -0.931950
vt 0.874999 -0.931940
vt 1.125001 -0.931952
vt 1.125003 -5.227602
vt 0.874999 -0.931955
vt 0.744104 -5.227697
vt 0.944537 -5.227679
vt 1.125002 -4.701304
vt 1.125001 -3.083030
vt 0.874999 -2.583364
vt 1.125001 -3.969133
vt 1.125002 -3.999709
vt 1.125001 -3.484430
vt 1.125002 -3.999615
vt 1.417534 -4.047791
vt 0.890869 -5.227391
vt 0.874999 -2.697073
vt 1.125003 -5.227664
vt 0.874999 -0.931946
vt 0.773141 -5.227684
vt 1.125001 -3.327273
vt 0.874999 -2.540379
vt 1.125001 -3.999551
vt 0.874999 -2.915670
vt 1.125001 -2.546220
vt 0.874999 -2.363853
vt 1.125002 -4.396636
vt 1.125001 -3.495753
vt 1.125002 -3.999663
vt 0.874999 -2.817427
vt 1.125003 -5.227616
vt 1.125002 -4.220625
vt 1.125001 -0.931868
vt 1.125001 -2.757063
vt 0.874999 -2.540185
vt 1.125003 -5.227635
vt 1.125001 1.216260
vt 1.125001 -3.471531
vt 1.125001 1.216303
vt 1.125001 -2.784558
vt 1.125001 -0.517016
vt 1.125001 -3.164709
vt 1.125002 -4.079455
vt 0.874999 -0.640150
vt 1.125001 1.216059
vt 0.751302 1.215963
vt 1.125001 -1.864743
vt 1.125001 -1.940913
vt 0.874999 -1.551930
vt 1.125001 -3.564341
vt 0.874999 -1.947381
vt 0.874999 0.174156
vt 1.125001 1.216189
vt 0.874999 -1.242311
vt 1.125001 -0.563530
vt 1.125001 -1.956127
vt 1.125001 -3.591627
vt 0.874999 -3.043058
vt 1.125001 -2.175799
vt 1.125002 -3.999915
vt 1.125001 1.216133
vt 0.874999 0.046245
vt 1.125001 -0.561842
vt 1.125001 -4.007945
vt 1.125001 -1.940753
vt 0.874999 -1.259771
vt 0.874999 -1.337424
vt 1.125001 -0.530765
vt 1.125001 -3.520935
vt 1.125001 -0.729198
vt 0.874999 1.215993
vt 0.874999 -3.565168
vt 1.125001 -3.532294
vt 1.125001 -1.622584
vt 1.125001 1.809439
vt 0.874999 2.260506
vt 1.125001 -3.534051
vt 1.125001 1.205046
vt 1.125002 -4.076817
vt 1.125001 3.364007
vt 0.874999 3.363853
vt 1.125002 -4.077178
vt 1.125001 0.415902
vt 1.125001 -1.945556
vt 1.125002 -4.014004
vt 1.125001 -1.944947
vt 1.125001 0.263696
vt 1.125001 -3.065845
vt 1.125001 -3.435784
vt 0.916864 -5.227666
vt 1.125001 -0.593154
vt 1.125001 1.796372
vt 1.125001 -1.936557
vt 1.125002 -4.001846
vt 1.125001 0.506037
vt 1.125001 1.558272
vt 0.874999 0.415580
vt 1.125001 -1.284383
vt 1.125001 -3.623309
vt 0.874998 -4.014200
vt 1.125001 -3.515702
vt 0.874999 -2.001828
vt 1.125001 -0.105539
vt 0.874999 0.511875
vt 1.125001 -0.300164
vt 1.125003 -5.227644
vt 1.125001 -2.989197
vt 1.125001 1.795204
vt 1.125001 -0.703362
vt 1.125001 -2.973114
vt 1.125001 -0.303632
vt 0.874999 0.809079
vt 0.874999 -0.563044
vt 1.125001 1.813668
vt 1.125001 -2.490672
vt 1.125002 -3.999569
vt 0.811404 -5.227081
vt 1.125001 -0.931950
vt 0.874999 -0.931949
vt 0.945081 -5.227685
vt 1.125001 -3.706011
vt 0.954884 -5.227447
vt 1.125002 -4.433432
vt 1.125001 -2.816430
vt 1.125001 -2.816421
vt 0.751257 -2.816615
vt 0.944500 -5.227701
vt 1.125002 -4.085267
vt 0.874999 -2.816427
vt 1.041299 -4.248904
vt 1.125001 -2.816403
vt 1.125001 -2.816427
vt 0.899655 -5.227399
vt 1.125002 -4.085045
vt 1.125002 -4.216170
vt 0.874999 -2.816400
vt 1.125001 -0.931943
vt 1.044490 -5.227314
vt 1.125001 -3.999734
vt 0.874999 -3.248383
vt 1.125002 -4.220668
vt 1.125001 -2.696887
vt 0.874999 -2.576487
vt 1.125001 -2.696873
vt 0.874999 -2.576598
vt 1.125001 -2.984529
vt 1.125001 -1.037152
vt 0.874999 1.319813
vt 1.125001 2.656053
vt 1.125001 4.080052
vt 0.874999 1.569680
vt 1.125001 2.225046
vt 1.125001 0.875481
vt 1.125001 -3.375016
vt 0.874999 -2.919105
vt 1.125002 -4.003935
vt 1.125001 4.080108
vt 0.874999 2.956488
vt 1.125001 2.288370
vt 1.125001 -2.116480
vt 1.125001 2.569870
vt 0.874999 4.079999
vt 1.125001 0.809124
vt 1.125001 -0.627000
vt 1.125001 -1.672478
vt 0.874999 1.593138
vt 1.125001 2.153684
vt 1.125001 4.292706
vt 1.125001 1.482202
vt 0.874999 1.228548
vt 1.125001 -1.361531
vt 1.125001 -3.596972
vt 1.125002 -4.068534
vt 0.874999 -2.755474
vt 1.125001 4.292627
vt 1.125001 1.925217
vt 1.125001 -1.936044
vt 0.874999 -1.309654
vt 1.125001 0.873238
vt 0.874999 -1.275871
vt 1.125001 3.631847
vt 0.874999 3.819745
vt 1.125001 -1.849939
vt 1.125002 -4.004301
vt 1.125001 6.228104
vt 0.874999 -0.848744
vt 1.125001 0.873133
vt 0.874999 0.943241
vt 1.125001 3.368806
vt 1.021829 -3.979347
vt 1.125001 -3.687138
vt 1.125001 -0.567821
vt 0.874999 -0.215963
vt 1.125001 -2.118805
vt 1.125001 -0.632463
vt 1.125001 -2.196942
vt 1.125002 -4.441346
vt 0.944492 -5.227697
vt 1.125001 -3.495842
vt 1.125001 1.571863
vt 1.125001 -0.505835
vt 0.874999 0.073853
vt 1.125001 0.136772
vt 0.874999 -0.568842
vt 1.110386 -4.003657
vt 1.125001 -3.082942
vt 0.874999 -3.002958
vt 1.125001 2.352552
vt 0.874999 2.647890
vt 1.125001 0.136820
vt 1.125001 2.225874
vt 0.874999 1.571949
vt 1.125001 -2.015540
vt 1.125001 -3.082842
vt 0.993460 -4.424333
vt 1.125002 -3.970630
vt 0.937456 -5.227695
vt 1.125001 1.572239
vt 0.874999 1.931927
vt 0.874999 0.800307
vt 1.125001 3.751558
vt 0.874999 -2.546099
vt 1.125001 -1.949129
vt 1.125001 -3.002934
vt 0.874999 -0.506539
vt 1.125001 0.074505
vt 1.125001 1.508972
vt 1.125001 3.811626
vt 0.999997 4.795780
vt 1.125001 -2.015444
vt 0.988230 -1.323614
vt 1.125001 -3.082928
vt 0.874999 -0.503689
vt 1.125001 0.071670
vt 0.874999 0.931049
vt 1.125001 -1.364407
vt 1.125001 1.817044
vt 0.874999 2.327999
vt 1.125001 -2.821647
vt 0.897722 -4.481792
vt 1.125002 -4.216693
vt 1.125001 0.071602
vt 0.874999 0.804526
vt 0.969974 -5.227703
vt 1.125002 -4.437579
vt 1.125001 -1.302212
vt 1.125001 -2.920295
vt 1.125001 0.412665
vt 0.874999 -0.625050
vt 1.125001 -1.868825
vt 0.874999 -2.254202
vt 1.125001 4.080033
vt 0.874999 2.955571
vt 1.125001 2.224942
vt 1.125001 -0.303529
vt 0.874999 0.872108
vt 0.874999 -0.562864
vt 1.125001 3.020742
vt 1.125001 1.570083
vt 1.125001 -3.522430
vt 0.874999 -2.176602
vt 1.125002 -4.014012
vt 0.874999 -3.251688
vt 1.125001 1.467512
vt 0.874999 1.879721
vt 1.125001 -1.623719
vt 1.125001 0.148722
vt 0.874999 0.505939
vt 1.125001 -2.327523
vt 1.125001 3.364338
vt 0.874999 1.809535
vt 1.125002 -4.161050
vt 1.125001 0.412885
vt 1.125001 -2.090140
vt 1.125001 0.263044
vt 1.125001 3.363988
vt 1.125001 -3.066153
vt 1.125001 3.363886
vt 0.874999 1.795270
vt 1.125001 0.883976
vt 1.125001 -1.645662
vt 1.125001 -1.945534
vt 0.874999 -3.624502
vt 1.125002 -4.015024
vt 0.916854 -5.227662
vt 1.125002 -4.014315
vt 1.125001 1.215534
vt 1.125001 -1.860755
vt 1.125001 -1.668000
vt 0.874999 -1.047217
vt 1.125001 0.608008
vt 1.125001 3.363963
vt 1.125001 0.415476
vt 1.125001 3.364010
vt 1.125001 -1.945011
vt 1.125002 -4.014022
vt 0.782447 -5.227622
vt 1.125001 -3.252182
vt 0.874999 -3.255619
vt 1.125001 1.796021
vt 0.874999 3.363895
vt 0.874999 0.777910
vt 1.125001 -0.702351
vt 0.874999 -1.945124
vt 1.125001 -3.341818
vt 1.125001 -1.049957
vt 1.125001 -3.345569
vt 1.125001 -0.237027
vt 0.874999 0.109764
vt 0.874999 -1.370887
vt 1.125001 -2.396619
vt 0.874999 -2.990436
vt 1.125002 -4.215735
vt 1.125001 -2.992192
vt 1.125001 1.216151
vt 1.125001 -3.521007
vt 1.125001 -0.616774
vt 1.125002 -4.213786
vt 1.125002 -4.079139
vt 1.125001 1.216054
vt 0.874999 -0.727758
vt 1.125001 -1.864428
vt 0.687473 -5.227655
vt 1.125001 -3.610054
vt 1.125001 1.216052
vt 0.874999 -3.564067
vt 1.125001 -2.153821
vt 1.125002 -4.211446
vt 0.912133 -5.227646
vt 1.125001 1.216085
vt 1.125001 -2.542750
vt 0.874999 -2.016192
vt 1.125002 -4.065641
vt 1.125001 -0.845510
vt 1.125001 3.780527
vt 0.874999 4.795919
vt 0.874999 2.934072
vt 1.125001 2.351979
vt 0.874999 1.507697
vt 1.125001 0.932362
vt 1.125001 0.502128
vt 1.125001 -2.015833
vt 0.874999 -1.299837
vt 1.125001 -3.083007
vt 1.125001 2.999172
vt 0.874999 3.696625
vt 1.125002 -4.221510
vt 1.125001 4.796047
vt 0.874999 4.795780
vt 1.125001 0.866694
vt 0.874999 0.135757
vt 0.874999 -1.235788
vt 1.125001 -0.568439
vt 1.125001 -1.949448
vt 1.125001 1.571736
vt 0.874999 0.866008
vt 1.125001 3.760518
vt 0.874999 2.999698
vt 1.125001 -3.042908
vt 0.874999 5.266154
vt 1.125001 6.228079
vt 1.125001 -0.844500
vt 1.125001 1.221038
vt 1.125001 4.369429
vt 1.125001 -2.922448
vt 1.125001 0.136212
vt 0.874998 -3.968920
vt 1.125001 -3.495856
vt 1.125001 -1.235058
vt 1.125001 1.571969
vt 1.125001 5.266188
vt 1.125002 -4.278365
vt 0.937535 -5.227698
vt 1.125001 5.142399
vt 0.874999 -0.931927
vt 1.125001 -0.568206
vt 1.125001 6.227911
vt 1.125001 -2.495112
vt 1.125002 -4.216717
vt 0.874999 5.266030
vt 1.125001 6.228056
vt 1.125001 0.073427
vt 1.125001 -3.535781
vt 1.125001 -1.299045
vt 1.125001 4.369565
vt 1.125001 1.635908
vt 0.874999 0.863775
vt 1.125001 5.127729
vt 1.125001 -0.569860
vt 1.125001 -2.765180
vt 0.874999 -2.546294
vt 1.125002 -3.966787
vt 0.874999 -3.451857
vt 1.125001 -2.994866
vt 0.874999 -1.949779
vt 1.125002 -4.437469
vt 0.874999 -0.503648
vt 1.125001 0.134226
vt 0.874999 0.931144
vt 1.125001 2.957878
vt 0.874999 -3.002952
vt 1.125001 -2.580200
vt 0.874999 -1.892528
vt 1.125002 -3.995904
vt 1.125001 -1.301014
vt 1.125001 1.507843
vt 1.125001 0.198160
vt 0.944377 -5.227695
vt 1.125002 -4.437510
vt 1.125001 -1.300962
vt 1.125001 1.928393
vt 1.125001 4.080386
vt 1.125001 -2.994938
vt 1.125001 2.661124
vt 1.125002 -4.066648
vt 1.125001 -0.627804
vt 0.874999 -1.306298
vt 1.125001 -2.256629
vt 1.125001 0.136242
vt 0.874999 -0.568292
vt 1.125001 2.936913
vt 1.125001 -1.298125
vt 1.125001 1.508618
vt 1.125001 2.352393
vt 0.874999 1.571551
vt 1.125001 0.074513
vt 0.874999 0.800301
vt 1.125001 -1.296968
vt 1.125001 3.811605
vt 1.125001 2.352762
vt 1.125001 4.742975
vt 1.125001 2.715629
vt 0.874999 1.231949
vt 1.125001 -0.103554
vt 1.125001 4.079954
vt 1.125001 -3.169544
vt 0.874999 -1.238038
vt 1.125001 -0.630188
vt 0.874999 0.134188
vt 0.874999 -2.543539
vt 1.125001 -2.016079
vt 1.125001 -3.517666
vt 0.874999 -3.535838
vt 1.125001 0.069318
vt 1.125001 -1.934072
vt 1.125002 -3.998130
vt 0.891620 -5.227273
vt 1.125001 1.926776
vt 1.125001 3.084353
vt 1.125001 -1.302323
vt 0.874999 -0.505392
vt 1.125001 0.136147
vt 1.125001 -3.495812
vt 1.125001 -1.235194
vt 1.125001 1.508584
vt 1.125001 3.760925
vt 1.125001 0.502570
vt 0.874999 -0.566317
vt 1.125001 -1.526664
vt 1.125002 -4.107352
vt 0.874999 -0.505444
vt 1.125001 0.073413
vt 0.874999 0.866056
vt 1.125001 2.999708
vt 0.874999 2.225863
vt 1.125001 -2.581930
vt 0.874999 -1.892184
vt 0.773263 -4.701304
vt 1.125002 -3.994199
vt 1.125001 -1.361617
vt 1.125001 1.571932
vt 1.125001 5.206540
vt 1.125001 4.795942
vt 1.125001 -0.567781
vt 1.125001 -1.955407
vt 1.125001 -3.082947
vt 0.874998 -4.439942
vt 1.125002 -4.201060
vt 1.125001 -3.592716
vt 0.874999 -3.042957
vt 1.125001 1.314144
vt 0.874999 2.660570
vt 1.125001 2.632502
vt 0.874999 3.862459
vt 1.125001 -2.253841
vt 0.874999 -1.956730
vt 0.874999 -3.526093
vt 0.951473 -5.227414
vt 1.125001 -4.001070
vt 1.125001 4.645088
vt 0.874999 5.323880
vt 1.125001 2.259013
vt 1.125001 -3.061584
vt 1.125001 2.569886
vt 1.125002 -4.003881
vt 1.125001 0.809121
vt 0.874999 0.130792
vt 0.874999 -1.243263
vt 1.125001 -0.562947
vt 1.125001 -2.116420
vt 1.125001 2.569074
vt 1.125003 -5.227488
vt 1.125001 0.811086
vt 0.874999 0.129284
vt 0.874999 -1.186953
vt 1.125001 -0.826725
vt 1.125001 0.974786
vt 1.125002 -4.004282
vt 0.891009 -5.227557
vt 0.874999 3.465864
vt 1.125001 3.724631
vt 1.125001 -1.849852
vt 0.874999 -3.003009
vt 1.125001 -2.581548
vt 1.125002 -4.393472
vt 1.125001 -3.495769
vt 1.125001 1.571553
vt 0.874999 2.225812
vt 1.125001 -0.505088
vt 1.125001 3.368907
vt 0.874999 3.819914
vt 0.717302 -5.227619
vt 1.125002 -4.070492
vt 1.125001 -2.172403
vt 1.125001 -3.060703
vt 1.125001 4.079955
vt 1.125001 0.279342
vt 1.125001 6.227883
vt 0.874999 5.275540
vt 0.874999 -0.498361
vt 1.125001 0.128226
vt 1.125001 3.721090
vt 0.874999 3.800036
vt 1.125001 -4.001045
vt 1.125001 -1.846295
vt 0.874999 -0.569279
vt 1.125001 0.136691
vt 0.874999 0.865386
vt 1.125001 -2.506104
vt 1.125001 -3.455824
vt 1.125001 -1.234354
vt 1.125002 -4.008554
vt 1.125001 0.928051
vt 0.874999 0.073805
vt 1.125001 -0.505835
vt 0.874999 -1.298373
vt 1.125001 -2.823956
vt 0.874999 -2.545400
vt 1.125001 1.571959
vt 1.125001 -1.949261
vt 1.125001 -3.042974
vt 1.125002 -4.008400
vt 1.125001 0.200552
vt 1.125001 -1.297296
vt 1.125001 1.571934
vt 1.125001 -3.685617
vt 1.125001 0.134232
vt 0.874999 0.868705
vt 1.125001 -3.587037
vt 0.874999 -3.042956
vt 1.125001 0.074527
vt 1.125001 1.572444
vt 1.125001 -2.015526
vt 1.125001 -3.082957
vt 0.827601 -4.404539
vt 1.125002 -3.969493
vt 1.125002 -4.067174
vt 1.125001 0.809302
vt 0.874999 -0.303614
vt 1.125001 0.134258
vt 0.874999 0.867634
vt 0.874999 -0.566394
vt 1.125001 3.364236
vt 0.874999 2.262724
vt 0.964049 -5.227697
vt 1.125002 -4.437556
vt 0.852996 -4.084406
vt 1.125001 -2.920242
vt 1.125001 -1.237936
vt 1.125001 1.507862
vt 1.125001 0.201298
vt 0.874999 -3.042951
vt 1.125001 -2.583088
vt 0.874999 -1.891868
vt 1.125002 -4.413276
vt 0.874998 -4.217356
vt 1.125001 -3.495812
vt 1.125001 -1.296239
vt 1.125001 3.685996
vt 1.125001 2.289339
vt 1.125001 3.019839
vt 1.125001 1.315705
vt 0.874999 0.128632
vt 0.874999 -1.308852
vt 1.125001 -0.847171
vt 1.125001 -3.940719
vt 0.868435 -5.227310
vt 1.125002 -4.460178
vt 1.125001 -2.911821
vt 1.125001 -0.574031
vt 1.125001 0.875422
vt 1.125001 -2.411790
vt 0.874999 -3.606458
vt 1.125002 -4.161510
vt 0.912244 -5.227536
vt 1.125001 6.227918
vt 1.125001 1.582135
vt 0.874999 -0.505452
vt 1.125001 0.136200
vt 0.944496 -5.227700
vt 0.874998 -4.394114
vt 1.125001 5.264762
vt 1.125001 3.755008
vt 1.125001 2.289094
vt 1.125001 -1.949389
vt 1.125001 -3.002952
vt 1.125002 -3.968956
vt 1.125001 6.227910
vt 1.125001 3.061446
vt 1.125001 -1.364388
vt 1.125001 1.311554
vt 1.125001 4.348043
vt 1.125001 0.137845
vt 1.125001 3.065225
vt 1.125001 -2.506889
vt 1.125001 -3.455776
vt 1.125001 -1.232536
vt 1.125001 1.572521
vt 1.125001 5.252732
vt 1.125001 0.136209
vt 1.125001 2.999714
vt 0.874999 3.755393
vt 1.125001 -2.581990
vt 1.125001 -3.495845
vt 0.840740 -4.225017
vt 1.125001 -1.298152
vt 1.125001 1.571957
vt 1.125001 4.314169
vt 0.874999 5.266181
vt 0.874999 -3.002943
vt 1.125001 -2.545117
vt 0.874999 -1.949331
vt 1.125002 -4.394171
vt 0.874998 -3.968934
vt 0.693131 -4.357153
vt 1.125001 -3.495821
vt 1.125001 4.314364
vt 0.874999 5.265807
vt 1.125001 -0.568301
vt 1.125001 0.135783
vt 1.125002 -4.231150
vt 0.774657 -5.227491
vt 1.125001 3.763856
vt 1.125001 2.352390
vt 1.125001 -1.949502
vt 0.874999 -0.502932
vt 1.125001 0.133243
vt 0.874999 -3.002978
vt 1.125001 -2.542835
vt 0.874999 -1.892771
vt 1.125002 -3.996731
vt 1.125001 -1.239558
vt 1.125001 1.507593
vt 1.125001 -2.505792
vt 1.125001 -3.455827
vt 1.125001 -1.299151
vt 1.125001 5.265972
vt 1.125001 0.866011
vt 1.125001 2.936468
vt 0.874999 3.697685
vt 0.874999 2.289026
vt 1.125001 -2.581542
vt 1.125001 -3.535793
vt 1.125001 -1.362318
vt 1.125001 1.571971
vt 0.874999 2.225906
vt 1.125001 -0.505928
vt 1.125001 -1.892041
vt 1.125001 4.643496
vt 0.874999 5.276336
vt 1.125001 1.142634
vt 0.874999 0.127588
vt 1.125001 -1.270947
vt 1.125001 -3.532763
vt 0.874999 -0.497701
vt 1.125001 0.065540
vt 0.874999 0.939598
vt 1.125001 3.445011
vt 0.687986 -5.227587
vt 1.125002 -4.427164
vt 1.125001 -2.988613
vt 1.125001 -1.374093
vt 1.125001 1.505664
vt 1.125001 5.318610
vt 1.125001 -0.216231
vt 1.125001 4.754148
vt 0.874999 -2.913092
vt 1.125001 -2.017263
vt 1.125001 -3.598260
vt 1.125001 -1.270965
vt 0.874999 -0.561149
vt 0.874999 -2.253339
vt 1.125001 4.641739
vt 0.874999 6.227778
vt 0.874999 4.277648
vt 1.125001 -3.532722
vt 0.874999 5.286357
vt 1.125001 6.227884
vt 0.874999 -0.503197
vt 1.125001 0.071087
vt 0.874999 -2.178466
vt 1.125001 -1.611487
vt 1.125001 1.507751
vt 1.125001 4.341649
vt 1.125001 -3.002977
vt 0.874998 -4.065544
vt 1.125001 0.133674
vt 1.125001 -1.239009
vt 1.125001 3.709465
vt 1.125001 1.838091
vt 0.874999 -3.455891
vt 1.125001 -2.985626
vt 0.874999 -3.003006
vt 1.125001 -2.178419
vt 1.125002 -4.065516
vt 1.125001 4.669789
vt 0.874999 6.227881
vt 0.874999 4.339778
vt 1.125001 1.223624
vt 1.125001 -0.503152
vt 1.125001 0.866700
vt 1.125001 -0.505041
vt 1.125001 -1.892344
vt 1.125001 -3.003013
vt 0.119995 3.765383
vt 0.312500 -0.113402
vt 0.190737 -2.526867
vt 0.312500 -2.691560
vt 0.312500 -2.772627
vt 0.125000 -1.479887
vt 0.125000 -1.680301
vt 0.187500 -1.680301
vt 0.125000 -1.862355
vt 0.187500 -0.986728
vt 0.125000 -0.959173
vt 0.250000 -2.694312
vt 0.250000 -2.772627
vt 0.281250 -2.772627
vt 0.281250 -2.691180
vt 0.125358 -2.772627
vt 0.250000 -2.636086
vt 0.218750 -2.659386
vt 0.218750 -2.727114
vt 0.218750 -2.772627
vt 0.125001 5.208891
vt 0.125001 -2.763463
vt 0.125002 -4.313204
vt 0.715915 -5.227456
vt 0.125001 0.136268
vt 0.374999 0.084066
vt 0.125001 -1.298130
vt 0.374999 -1.280601
vt 0.125001 -0.931848
vt 0.125001 -2.991055
vt 0.374999 -0.931940
vt 0.532583 -5.227619
vt 0.125001 -0.562859
vt 0.125002 -4.460173
vt 0.125001 0.866603
vt 0.374999 4.079836
vt 0.125001 4.079906
vt 0.125001 2.289104
vt 0.125002 -4.064354
vt 0.589856 -4.237761
vt 0.499906 -5.227698
vt 0.125001 -1.362249
vt 0.125001 -2.581583
vt 0.125001 5.286337
vt 0.125001 -2.816492
vt 0.125001 -2.994351
vt 0.374999 1.640117
vt 0.125001 5.277233
vt 0.125001 3.449560
vt 0.125001 3.757643
vt 0.374999 3.746818
vt 0.125001 4.079937
vt 0.374999 4.079873
vt 0.125001 0.137335
vt 0.125001 -1.298147
vt 0.125001 6.228016
vt 0.125001 3.363973
vt 0.541586 -5.227684
vt 0.125001 1.216052
vt 0.125001 -1.864808
vt 0.125001 -2.697021
vt 0.125002 -4.160756
vt 0.125001 -0.931957
vt 0.582806 -2.816610
vt 0.125002 -4.085062
vt 0.750099 -5.227701
vt 0.125001 -2.816426
vt 0.125001 -2.816400
vt 0.589925 -5.227344
vt 0.125001 -2.816496
vt 0.125001 -2.816428
vt 0.125001 -2.816397
vt 0.125001 -2.816398
vt 0.486155 -5.227701
vt 0.374999 -0.931937
vt 0.125001 -0.931869
vt 0.125001 -0.931873
vt 0.374999 -0.931935
vt 0.125001 -0.931852
vt 0.125001 -2.991000
vt 0.374999 -2.721684
vt 0.374999 -0.931949
vt 0.125001 -0.931953
vt 0.125001 -2.697015
vt 0.125002 -4.220524
vt 0.374999 -0.931944
vt 0.125001 -0.931874
vt 0.374999 -0.931947
vt 0.125001 -0.931832
vt 0.125001 -2.990886
vt 0.374999 -0.931942
vt 0.125001 -0.931844
vt 0.125001 -2.817314
vt 0.125001 -0.931950
vt 0.125001 -0.931952
vt 0.375000 -3.995625
vt 0.125002 -3.969133
vt 0.513754 -5.227680
vt 0.125001 -0.931621
vt 0.374999 -0.931783
vt 0.125001 -0.931844
vt 0.125001 -2.576804
vt 0.374999 -0.931945
vt 0.125002 -3.999709
vt 0.374999 -0.931883
vt 0.125001 -0.931950
vt 0.125001 -0.931843
vt 0.374999 -0.931938
vt 0.556855 -5.227392
vt 0.375000 -4.287182
vt 0.125001 -0.931843
vt 0.374999 -2.941254
vt 0.374999 -0.931933
vt 0.374999 -0.931936
vt 0.125001 -0.931847
vt 0.502985 -5.227358
vt 0.125001 -0.931605
vt 0.374999 -0.931782
vt 0.374999 -0.931902
vt 0.125001 -0.931803
vt 0.125001 -2.701596
vt 0.125001 -0.931878
vt 0.374999 -0.931932
vt 0.375000 -4.158406
vt 0.374999 -0.931940
vt 0.513897 -5.227704
vt 0.374999 -2.779383
vt 0.125001 -2.697038
vt 0.125002 -4.220625
vt 0.375000 -4.287078
vt 0.125001 -0.931955
vt 0.125001 -0.931944
vt 0.523909 -5.227605
vt 0.125001 -0.931874
vt 0.374999 -2.781154
vt 0.125001 -2.757063
vt 0.125002 -4.160697
vt 0.375000 -4.158168
vt 0.125001 -0.931952
vt 0.125001 -0.931838
vt 0.125001 -1.633137
vt 0.125001 -0.931953
vt 0.125001 1.216260
vt 0.125001 -0.517016
vt 0.125001 -3.164709
vt 0.125001 1.216059
vt 0.125001 -1.864743
vt 0.562490 -5.227666
vt 0.125002 -4.079455
vt 0.125001 -3.591627
vt 0.125001 1.216259
vt 0.581742 -5.227398
vt 0.125001 -3.520935
vt 0.125001 -0.729198
vt 0.125001 -3.532294
vt 0.529734 -5.227687
vt 0.585622 -5.227317
vt 0.125001 2.323105
vt 0.125001 0.506037
vt 0.374999 -1.268832
vt 0.125001 3.363962
vt 0.125001 -0.105539
vt 0.125001 -3.515702
vt 0.550809 -5.227594
vt 0.125001 -0.931840
vt 0.374999 -0.931930
vt 0.188376 -5.227705
vt 0.125001 -1.615770
vt 0.125001 -3.706011
vt 0.125001 -0.931950
vt 0.125001 0.048014
vt 0.374999 -0.931944
vt 0.125001 -0.931880
vt 0.125001 -2.816393
vt 0.530448 -5.227399
vt 0.125001 -0.931933
vt 0.125001 -0.931862
vt 0.374999 -0.931936
vt 0.125001 -0.931864
vt 0.374999 -0.931933
vt 0.125001 2.656053
vt 0.125001 0.871917
vt 0.125001 6.228104
vt 0.125001 0.865674
vt 0.125001 -0.567821
vt 0.374999 4.079845
vt 0.125001 4.079906
vt 0.125001 2.352415
vt 0.374999 -2.013391
vt 0.544830 -5.227522
vt 0.125001 0.864629
vt 0.125001 -0.632463
vt 0.374999 -0.642084
vt 0.374999 0.851371
vt 0.125001 4.080006
vt 0.125001 2.289180
vt 0.374999 2.290607
vt 0.374999 4.079869
vt 0.374999 -2.013723
vt 0.125001 4.079932
vt 0.374999 4.079845
vt 0.125001 -2.582408
vt 0.125002 -4.441346
vt 0.125001 -3.495842
vt 0.125001 4.079937
vt 0.125001 2.352552
vt 0.374999 2.290548
vt 0.374999 4.079849
vt 0.125001 4.080017
vt 0.125001 2.225874
vt 0.374999 4.079851
vt 0.125001 0.136820
vt 0.374999 0.083571
vt 0.125001 -0.570024
vt 0.125001 3.751558
vt 0.374999 3.692486
vt 0.125001 -1.949129
vt 0.125001 -3.002934
vt 0.125001 3.811626
vt 0.374999 3.695096
vt 0.125001 -2.015444
vt 0.374999 -1.890441
vt -0.108117 -3.157514
vt 0.009729 -4.049783
vt 0.374999 2.212074
vt 0.125001 -2.821647
vt 0.125002 -4.216693
vt 0.374999 -3.950616
vt 0.930020 -5.226961
vt 0.125001 2.328032
vt 0.374999 2.212068
vt 0.125001 4.080033
vt 0.125001 2.224942
vt 0.374999 0.839207
vt 0.125001 3.020742
vt 0.374999 3.092627
vt 0.125001 1.570083
vt 0.500010 -5.227009
vt 0.125001 3.364338
vt 0.125001 3.363886
vt 0.542699 -5.227355
vt 0.532482 -5.227622
vt 0.538107 -5.227017
vt 0.125001 -3.521007
vt 0.374999 -3.302084
vt 0.553810 -5.227416
vt 0.125001 1.216052
vt 0.125001 0.932362
vt 0.374999 -0.581632
vt 0.125001 3.780527
vt 0.125001 2.351979
vt 0.528487 -5.227239
vt 0.125001 4.796047
vt 0.125001 2.999172
vt 0.125001 5.203611
vt 0.374999 5.104243
vt 0.125001 -0.631988
vt 0.374999 -0.579644
vt 0.125001 3.760518
vt 0.125001 1.571736
vt 0.125001 6.228079
vt 0.125001 4.369429
vt 0.125001 3.000331
vt 0.125001 -2.922448
vt 0.125001 5.266188
vt 0.374999 5.097232
vt 0.125001 1.571969
vt 0.125001 0.136212
vt 0.374999 0.210673
vt 0.125001 -1.235058
vt 0.374999 -1.281646
vt 0.125001 -2.545068
vt 0.374999 -2.591636
vt 0.125001 5.142399
vt 0.374999 5.104439
vt 0.499969 -5.227699
vt 0.125002 -4.278365
vt 0.125001 1.635129
vt 0.374999 1.639390
vt 0.125001 -0.567159
vt 0.125001 -2.495112
vt 0.125001 6.228056
vt 0.125001 4.369565
vt 0.524606 -5.227501
vt 0.125002 -4.440998
vt 0.125001 -1.299045
vt 0.125001 5.127729
vt 0.374999 5.117962
vt 0.125001 -0.569860
vt 0.374999 -0.577633
vt 0.125002 -3.966787
vt 0.248885 -4.701304
vt 0.125001 2.957878
vt 0.374999 2.965031
vt 0.125002 -3.995904
vt 0.125001 1.507843
vt 0.125001 0.134226
vt 0.125001 -1.301014
vt 0.125001 -2.580200
vt 0.374999 1.640055
vt 0.125001 0.198160
vt 0.374999 0.149037
vt 0.125001 -1.300962
vt 0.374999 -1.277375
vt 0.514220 -5.227393
vt 0.374999 3.028587
vt 0.125001 5.208392
vt 0.144400 -4.363107
vt 0.125001 2.936913
vt 0.374999 3.012106
vt 0.125001 4.079905
vt 0.374999 4.079828
vt 0.125001 0.135778
vt 0.499877 -5.227696
vt 0.125001 -0.630188
vt 0.319454 -5.227607
vt 0.125203 -5.227279
vt 0.125001 3.020742
vt 0.374999 3.091175
vt 0.374999 -1.337843
vt 0.125001 0.868790
vt 0.374999 0.848244
vt 0.125001 0.136147
vt 0.125001 2.225565
vt 0.125001 5.206540
vt 0.374999 5.098804
vt 0.125001 2.999708
vt 0.125001 1.571932
vt 0.125001 0.073413
vt 0.125001 -1.361617
vt 0.125001 -1.955407
vt 0.374999 -1.953185
vt 0.125001 1.634998
vt 0.125001 3.082731
vt 0.374999 5.088758
vt 0.125001 0.938637
vt 0.374999 3.031783
vt 0.374999 3.032531
vt 0.125001 -0.505088
vt 0.562208 -5.227558
vt 0.374999 4.079825
vt 0.125001 4.079904
vt 0.125001 1.571553
vt 0.374999 5.055075
vt 0.125001 6.228044
vt 0.125001 3.368907
vt 0.374999 3.354524
vt 0.125002 -4.070492
vt 0.125001 1.567059
vt 0.125001 -3.060703
vt 0.546970 -5.227594
vt 0.125001 1.569227
vt 0.125001 0.128226
vt 0.374999 4.079846
vt 0.125001 4.080012
vt 0.125001 2.289176
vt 0.374999 2.290562
vt 0.125001 0.928051
vt 0.125001 2.352566
vt 0.374999 4.079847
vt 0.374999 -2.513844
vt 0.374999 4.079851
vt 0.125001 4.079938
vt 0.374999 4.079852
vt 0.125001 1.571934
vt 0.374999 1.639108
vt 0.240339 -4.701303
vt 0.125001 0.200552
vt 0.374999 0.146693
vt 0.125001 -2.016099
vt 0.125001 -3.587037
vt 0.125001 0.134232
vt 0.125001 0.074527
vt 0.374999 0.082757
vt 0.125001 3.082686
vt 0.374999 3.029037
vt 0.524293 -5.227443
vt 0.125001 3.364236
vt 0.125001 1.507862
vt 0.464699 -5.227454
vt 0.125001 3.685996
vt 0.125001 2.289339
vt 0.374999 3.692486
vt 0.125001 0.201298
vt 0.374999 0.082758
vt 0.125001 -1.296239
vt 0.125001 -0.847171
vt 0.125001 5.264762
vt 0.374999 5.098583
vt 0.532507 -5.227508
vt 0.125001 3.755008
vt 0.125001 2.289094
vt 0.374999 3.687770
vt 0.125001 0.136200
vt 0.125001 5.252732
vt 0.374999 5.117956
vt 0.125001 0.137845
vt 0.374999 0.146229
vt 0.125001 4.314169
vt 0.125001 -1.298152
vt 0.374999 -1.281653
vt 0.125001 4.314364
vt 0.374999 3.011422
vt 0.125001 1.571714
vt 0.125001 3.763856
vt 0.125001 2.352390
vt 0.374999 3.680835
vt 0.125001 0.866653
vt 0.374999 0.850139
vt 0.374999 4.079852
vt 0.125001 1.571971
vt 0.125001 -2.988613
vt 0.125001 -2.017263
vt 0.125001 -3.598260
vt 0.125001 5.164967
vt 0.374999 5.083850
vt 0.125002 -4.483096
vt 0.125001 0.133674
vt 0.125001 -1.239009
vt 0.125001 -2.985626
vt 0.125001 3.763919
vt 0.125001 2.289138
vt 0.374999 3.680858
vt 0.812500 -0.078914
vt 0.875000 -0.076283
vt 0.750000 -0.087008
vt 0.687500 -0.077045
vt 0.625000 -0.071484
vt 0.687500 -2.217705
vt 0.625000 -2.220453
vt 0.687500 -2.390313
vt 0.750000 -2.213214
vt 0.843750 -2.772627
vt 0.882812 -2.772627
vt 0.882812 -2.727114
vt 0.843750 -2.727114
vt 0.882812 -2.681600
vt 0.842923 -2.681600
vt 0.812500 -2.207103
vt 0.687500 -1.862355
vt 0.625000 -1.862355
vt 0.750000 -1.735351
vt 0.875000 -1.649151
vt 0.656250 -2.681600
vt 0.625000 -2.681600
vt 0.717655 -2.681600
vt 0.837153 -2.621590
vt 0.880859 -2.580332
vt 0.882812 -2.636086
vt 0.656250 -2.727114
vt 0.625000 -2.727114
vt 0.656250 -2.772627
vt 0.625000 -2.772627
vt 0.687500 -2.772627
vt 0.699298 -2.727114
vt 0.757484 -2.636086
vt 0.756347 -2.681600
vt 0.718750 -2.772627
vt 0.625001 3.202785
vt 0.625001 5.098754
vt 0.750838 -4.701304
vt 1.058167 -4.172478
vt 0.874999 2.936921
vt 0.874999 1.571710
vt 0.625001 0.210634
vt 0.874999 0.136859
vt 0.625001 -1.281620
vt 0.874999 -1.299082
vt 0.625001 -2.549645
vt 0.874999 -0.931884
vt 0.625001 -0.931937
vt 0.685879 -5.226869
vt 0.937554 -5.227693
vt 0.874998 -4.442646
vt 0.874999 1.572204
vt 0.625001 4.079824
vt 0.874999 4.079963
vt 0.625001 2.951015
vt 0.874999 2.934440
vt 0.625001 1.513664
vt 0.625001 0.150535
vt 0.625001 -2.453581
vt 0.625001 -0.215549
vt 0.625001 0.148415
vt 0.625001 4.079845
vt 0.874999 4.080022
vt 1.022071 -5.227416
vt 0.625000 -4.220689
vt 0.779905 -5.227558
vt 0.824742 -5.227449
vt 0.874999 -2.816593
vt 0.625001 -2.816592
vt 0.937587 -5.227707
vt 1.092443 -2.816453
vt 0.874999 -0.931842
vt 0.625001 -0.931942
vt 0.930581 -5.227701
vt 0.874999 -0.931841
vt 0.625001 -0.931940
vt 0.874999 -0.931939
vt 0.625001 -0.931942
vt 0.625001 -2.840053
vt 0.874999 -0.931873
vt 0.625001 -0.931943
vt 0.874999 -0.931849
vt 0.625001 -0.931938
vt 0.625001 -0.931940
vt 0.874999 -0.931869
vt 0.874999 -0.931873
vt 0.625001 -0.931934
vt 0.874999 -0.931422
vt 0.625001 -0.931697
vt 0.625001 -0.931941
vt 0.874999 -0.931879
vt 0.625001 -0.931903
vt 0.874999 -0.931943
vt 0.874999 -0.931883
vt 0.625001 -0.931935
vt 0.625001 -2.721649
vt 0.625001 -0.931945
vt 0.874999 -0.931939
vt 0.625001 -0.931943
vt 0.874999 -0.931881
vt 0.625001 -0.931946
vt 0.874999 -0.931880
vt 0.874999 -0.931947
vt 0.874999 -0.931408
vt 0.625001 -0.931686
vt 0.976685 -4.701304
vt 0.874998 -4.011429
vt 0.874999 -2.821791
vt 0.625001 -0.931911
vt 0.874999 -0.931732
vt 0.625001 -2.840297
vt 0.625001 -0.931944
vt 0.874999 -0.931839
vt 0.874998 -4.215744
vt 1.033591 -5.227496
vt 0.874999 -2.754747
vt 0.625001 -2.840099
vt 0.874999 -0.931876
vt 0.625001 -0.931944
vt 0.874999 -2.817479
vt 0.625001 -2.781137
vt 0.625001 -0.931943
vt 0.874999 -0.931840
vt 0.625001 -0.931944
vt 0.874999 -0.931877
vt 0.874999 1.216151
vt 0.874999 1.216102
vt 0.625001 0.142403
vt 0.874999 1.216258
vt 0.874999 3.363965
vt 0.874999 3.364025
vt 0.625001 -0.585075
vt 0.874999 -0.931874
vt 0.625001 -0.931942
vt 0.874999 -0.931845
vt 0.625001 -0.931939
vt 0.625001 -3.231760
vt 0.756467 -5.227539
vt 0.625001 -0.931935
vt 0.874999 -0.931827
vt 0.874999 -0.931832
vt 0.625001 -0.931929
vt 0.625001 3.028883
vt 0.625001 1.294345
vt 0.874999 4.079963
vt 0.625001 4.079830
vt 0.903809 -5.227521
vt 1.023589 -4.701304
vt 0.874999 0.865398
vt 0.625001 0.850574
vt 0.874999 4.079932
vt 0.625001 4.079845
vt 0.625001 2.290528
vt 0.874999 2.289259
vt 0.874999 4.080003
vt 0.625001 4.079868
vt 0.625000 -3.953927
vt 0.817687 -4.450123
vt 0.874999 4.080016
vt 0.625001 4.079880
vt 0.874999 -1.892111
vt 0.625001 4.079870
vt 0.874999 4.079939
vt 0.750999 -4.701304
vt 0.625001 0.852413
vt 0.625001 -0.641401
vt 0.625001 0.848318
vt 0.625001 -0.644255
vt 0.625001 2.338490
vt 0.625001 2.338465
vt 0.874999 2.202064
vt 0.625001 -0.587240
vt 0.874999 1.557303
vt 0.625001 -3.296359
vt 0.874999 3.363977
vt 0.625001 3.363852
vt 0.625001 -1.272068
vt 1.041436 1.215963
vt 0.874999 3.758277
vt 0.625001 0.147664
vt 0.625001 -1.344047
vt 0.625001 5.097447
vt 0.874999 5.208425
vt 0.625001 -0.579028
vt 0.874999 -0.505423
vt 0.998146 -4.184715
vt 0.911082 -5.227477
vt 1.041787 -4.496467
vt 0.625001 1.512792
vt 0.874999 1.508539
vt 0.874999 1.571738
vt 0.625001 0.852777
vt 0.625001 -0.579662
vt 0.874999 4.079961
vt 0.625001 4.079841
vt 0.625001 1.512841
vt 0.937649 -5.227696
vt 1.058499 -4.523061
vt 0.837406 -4.254057
vt 0.874999 -2.540915
vt 0.874999 -3.455811
vt 0.773317 -5.227455
vt 0.625001 2.965019
vt 0.874999 3.022513
vt 0.874999 1.571278
vt 0.625001 -2.515688
vt 0.874999 0.867683
vt 0.625001 0.847072
vt 0.848317 -4.493930
vt 0.874999 -3.535811
vt 0.874999 5.209347
vt 0.625001 -0.581648
vt 0.750108 -5.227700
vt 0.625001 -2.012346
vt 0.874999 -1.893170
vt 0.625001 4.981146
vt 0.625001 0.215616
vt 0.625001 0.153407
vt 0.625001 -1.138839
vt 0.625001 3.273036
vt 0.874999 4.079959
vt 0.625001 4.079843
vt 0.625001 5.088824
vt 0.625001 3.638947
vt 0.625001 0.851320
vt 0.625001 -0.579215
vt 0.874999 4.079931
vt 0.625001 4.079871
vt 0.625001 2.290646
vt 0.874999 2.289257
vt 0.874999 4.080007
vt 0.625001 -1.282332
vt 0.625001 -2.591328
vt 0.874999 4.080019
vt 0.625001 4.079875
vt 0.874999 2.201976
vt 0.625001 -0.580757
vt 0.625001 -1.890322
vt 0.625001 -3.043057
vt 0.625001 3.012143
vt 0.874999 3.063470
vt 0.625001 -0.645041
vt 0.874999 3.063485
vt 1.044080 -4.493560
vt 0.956524 -5.227699
vt 0.625001 0.849164
vt 0.874999 0.865775
vt 0.625001 3.745785
vt 0.625001 2.290666
vt 0.874999 4.080015
vt 0.625001 4.079873
vt 0.874998 -3.968179
vt 0.904094 -5.227432
vt 1.024162 -4.701304
vt 0.625001 -0.650215
vt 0.874999 2.928762
vt 0.625001 5.139409
vt 0.930615 -5.227703
vt 0.625001 5.072295
vt 0.874999 5.286768
vt 0.874999 3.060784
vt 0.625001 3.685144
vt 0.874999 3.757685
vt 0.562500 1.272678
vt 0.593750 -2.772627
vt 0.500000 -2.245502
vt 0.562500 -2.256617
vt 0.500000 -1.746908
vt 0.500000 -1.463434
vt 0.562500 -0.559835
vt 0.437500 -2.681600
vt 0.437500 -2.772636
vt 0.468750 -2.617583
vt 0.930574 -5.227672
vt 0.561647 -5.227227
vt 0.930629 -5.227695
vt 0.930535 -5.227696
vt 0.930556 -5.227701
vt 0.930658 -5.227695
vt 0.264236 -4.701304
vt 0.750094 -5.227695
vt 0.930522 -5.227697
vt 0.750097 -5.227702
vt 1.000000 -2.559927
vt 1.000000 -2.254514
vt 0.032341 -2.681600
vt 0.937500 -1.745640
vt 1.000000 -1.745728
vt 1.000000 -1.447156
vt 0.937500 -1.432475
vt 0.000000 -2.254514
vt 0.034016 -2.458399
vt 0.062500 -1.862355
vt 0.062500 -1.680301
vt 0.000000 -1.745728
vt 0.062500 -1.467386
vt 0.000000 -1.447156
vt 0.937500 -0.975397
vt 1.000000 -0.923891
vt 0.062500 -0.976582
vt 0.000000 -0.923891
vt 0.937500 -2.636086
vt 0.937500 -2.681600
vt 1.000000 -2.681600
vt 1.000000 -2.636086
vt 0.937500 -2.727114
vt 0.937500 -2.772627
vt 1.000000 -2.772627
vt 1.000000 -2.727114
vt -0.000000 -2.681600
vt -0.000000 -2.636086
vt 0.000000 -2.559927
vt 1.125001 -0.568916
vt 1.125001 6.227808
vt 1.125001 -3.043033
vt 1.125001 3.000355
vt 1.125001 6.227706
vt 1.125001 3.063478
vt 1.125001 4.079816
vt 1.125001 1.571960
vt 1.125001 0.136268
vt 1.125001 -1.298130
vt 1.125001 3.364012
vt 1.125001 -0.931848
vt 1.125001 1.215949
vt 0.971506 -5.227701
vt 1.125002 -4.384622
vt 1.125001 4.080055
vt 1.125001 2.225243
vt 1.125001 -0.562859
vt 1.125001 4.795780
vt 1.125002 -4.315804
vt 1.125001 3.064936
vt 1.125001 1.572392
vt 1.125001 -2.583067
vt 1.125001 -3.535776
vt 1.125001 -0.215963
vt 1.125001 0.866603
vt 1.125001 2.289104
vt 1.125001 4.079906
vt 1.125001 3.060799
vt 1.125001 -1.647890
vt 1.125001 5.277233
vt 1.125001 -3.043003
vt 1.125001 -1.892340
vt 1.125001 -2.538489
vt 1.125001 2.647890
vt 1.125001 4.079937
vt 1.125001 0.137335
vt 1.125001 -1.298147
vt 1.125001 3.561392
vt 1.125001 6.228016
vt 1.125001 -1.894443
vt 0.952069 -5.227433
vt 1.125001 1.567685
vt 1.125001 2.153621
vt 1.125001 3.363973
vt 1.125001 -0.931869
vt 1.125001 -2.816602
vt 0.971471 -5.227708
vt 1.125002 -4.386956
vt 1.125001 -2.816615
vt 1.125001 -2.816555
vt 1.125002 -4.387122
vt 1.125002 -4.386902
vt 1.125002 -4.386912
vt 1.125002 -4.387001
vt 0.775976 -5.227465
vt 1.125001 -2.816600
vt 1.125002 -4.160756
vt 1.125003 -5.227659
vt 1.125001 -0.931934
vt 1.125001 -2.540219
vt 1.125001 -0.931873
vt 1.125001 -0.931852
vt 1.125001 -0.931874
vt 1.125001 -0.931832
vt 1.125001 -2.817314
vt 1.125002 -4.017270
vt 1.125003 -5.227686
vt 1.125001 -0.931938
vt 0.958160 -5.227396
vt 1.125001 -0.931844
vt 1.125001 -2.363853
vt 1.125001 -0.931621
vt 1.125001 -0.931844
vt 1.125001 -2.576804
vt 1.125001 -0.931950
vt 1.125001 -0.931944
vt 1.125003 -5.227660
vt 1.125001 -0.931843
vt 1.125001 -2.576641
vt 1.125001 -0.931843
vt 1.125001 -0.931948
vt 1.125001 -0.931847
vt 1.125001 -2.576517
vt 1.125001 -0.931605
vt 0.963602 -5.227682
vt 1.125001 -0.931944
vt 1.125001 -3.932612
vt 1.125001 -2.701596
vt 1.125001 -0.931803
vt 1.125001 -2.540364
vt 1.125001 -0.931878
vt 0.724932 -5.227596
vt 1.125002 -3.977390
vt 1.125001 -2.757138
vt 1.125001 -0.931848
vt 1.125001 -0.931955
vt 1.125003 -5.227702
vt 1.125001 -2.697038
vt 1.125001 -0.931944
vt 1.125001 -0.931874
vt 1.125001 -0.931952
vt 1.125003 -5.227702
vt 1.125001 -0.931838
vt 0.730327 -5.227468
vt 1.125002 -4.160697
vt 1.125001 1.216259
vt 1.125001 -0.931953
vt 1.125001 -1.633137
vt 1.018546 -5.227343
vt 0.945317 -5.227645
vt 0.963075 -5.227564
vt 1.125001 1.215963
vt 1.125002 -4.008030
vt 1.125001 -1.571983
vt 1.125001 1.216049
vt 0.945412 -5.227664
vt 1.125001 1.216259
vt 0.984355 -5.227437
vt 1.125001 -3.438876
vt 0.682460 -5.227662
vt 1.125001 -1.321387
vt 1.125001 1.216152
vt 1.125001 3.363853
vt 0.983968 -5.227442
vt 1.125001 0.064587
vt 1.125001 3.364036
vt 1.125001 0.415622
vt 1.125001 -1.944932
vt 1.125003 -5.227710
vt 1.125001 3.363965
vt 1.125001 2.323105
vt 1.125001 3.363962
vt 1.125003 -5.227705
vt 0.865727 -5.227652
vt 1.125001 1.879470
vt 1.125002 -4.215997
vt 1.125001 -0.931840
vt 1.125001 -2.576528
vt 1.125001 -1.615770
vt 1.125001 0.048014
vt 1.125002 -4.387065
vt 1.125001 -2.816393
vt 0.992956 -5.227499
vt 1.125001 -2.816596
vt 0.996162 -5.227300
vt 1.125001 -2.816600
vt 1.125002 -4.386810
vt 1.125001 -2.540734
vt 1.125001 -0.931880
vt 0.720600 -5.227568
vt 1.125002 -4.387009
vt 1.125001 -0.931933
vt 1.125001 -0.931862
vt 1.125001 -0.931864
vt 1.125001 0.881666
vt 1.125001 -0.816577
vt 1.125001 0.871917
vt 1.125001 -0.562966
vt 1.125001 -3.934957
vt 1.125001 -2.193442
vt 0.827707 -5.227599
vt 1.125001 0.129527
vt 0.978841 -5.227542
vt 1.125001 -1.314845
vt 1.125001 -3.331913
vt 1.125001 6.227823
vt 0.935046 -5.227448
vt 1.125001 0.865674
vt 1.125001 2.352415
vt 1.125001 4.079906
vt 1.125001 0.864629
vt 1.125001 4.080006
vt 1.125001 2.289180
vt 1.125002 -4.394764
vt 1.125001 -3.455672
vt 1.125001 4.079932
vt 1.125001 0.500000
vt 1.125001 -2.582408
vt 1.125001 4.079937
vt 1.125001 -2.015688
vt 1.125001 -0.931927
vt 1.125001 4.080017
vt 1.125001 -0.570024
vt 0.750215 -5.227246
vt 1.125002 -4.007340
vt 1.125001 2.328032
vt 1.125002 -3.937070
vt 1.125001 -2.016680
vt 1.125001 2.261044
vt 1.125002 -4.160996
vt 1.125001 1.205382
vt 0.682275 -5.227644
vt 1.125001 -3.625568
vt 0.949132 -5.227660
vt 1.125001 1.557988
vt 1.125001 3.364005
vt 1.125001 -0.220974
vt 1.125002 -4.162293
vt 1.125001 -1.861688
vt 1.125001 0.112155
vt 0.979140 -5.227637
vt 1.125001 1.215997
vt 0.784076 -5.227681
vt 0.812932 -5.227703
vt 1.125001 -1.368539
vt 1.125001 -1.337808
vt 1.125001 -1.321572
vt 1.125001 1.216026
vt 1.125001 -2.475823
vt 1.125001 2.289171
vt 1.125001 3.763940
vt 1.125002 -4.009792
vt 1.125001 1.931927
vt 1.125001 -3.003050
vt 1.125001 5.203611
vt 1.125001 -0.631988
vt 1.125001 -2.015648
vt 1.125001 3.000331
vt 1.125002 -4.394284
vt 1.125001 3.063554
vt 1.125001 -2.545068
vt 1.125001 -3.042921
vt 1.125001 -1.892258
vt 1.125001 2.999610
vt 1.125001 1.635129
vt 1.125001 -0.567159
vt 1.125001 0.931149
vt 1.125001 2.728045
vt 1.125001 4.349531
vt 1.125001 3.063501
vt 1.125001 1.571988
vt 1.125001 -2.545118
vt 1.125001 3.001415
vt 1.125001 0.804651
vt 1.125001 -0.566208
vt 1.125001 4.080383
vt 1.125001 2.225589
vt 1.125001 0.870889
vt 1.125001 5.208392
vt 1.125002 -4.394208
vt 1.125001 -2.539836
vt 1.125001 -3.455826
vt 1.125001 4.079905
vt 1.125001 -2.823095
vt 1.125002 -4.174619
vt 1.125001 0.135778
vt 1.125001 -1.298744
vt 1.125001 -2.546057
vt 1.125001 -3.535800
vt 1.125001 0.879868
vt 1.125001 -1.275918
vt 1.125001 -3.464749
vt 1.125001 3.020742
vt 0.724614 -5.227607
vt 1.125003 -5.227701
vt 1.125001 1.570937
vt 1.125001 4.080027
vt 1.125001 0.868790
vt 1.125001 -3.455836
vt 1.125001 -2.504344
vt 1.125001 5.204182
vt 1.125001 -2.545048
vt 1.125001 2.225565
vt 1.125001 -3.003000
vt 1.125001 3.062986
vt 1.125001 1.634998
vt 1.125001 -2.016708
vt 1.125001 -0.564077
vt 0.927128 -5.227403
vt 1.125001 3.082731
vt 1.125001 -0.561703
vt 1.125001 0.938637
vt 0.692803 -5.227689
vt 1.125001 -0.138731
vt 1.125001 -2.919420
vt 1.125001 6.227824
vt 1.125001 4.079904
vt 1.125001 6.228044
vt 1.125001 -0.130090
vt 1.125001 1.567059
vt 1.125001 4.080012
vt 1.125001 2.289176
vt 1.125001 1.569227
vt 1.125002 -4.394905
vt 1.125001 2.352566
vt 1.125001 -0.632569
vt 1.125001 4.079938
vt 1.125001 -2.540295
vt 1.125001 2.327928
vt 1.125001 -2.016099
vt 1.125001 3.064895
vt 1.125001 -2.176517
vt 1.125001 -0.562730
vt 1.125001 3.082686
vt 1.125001 -2.695771
vt 0.969529 -5.227419
vt 1.125001 4.080051
vt 1.125001 2.225099
vt 1.125001 -0.556645
vt 1.125001 3.829980
vt 1.125001 -3.689387
vt 1.125001 -2.538119
vt 0.846029 -5.227495
vt 1.125001 5.511743
vt 1.125002 -4.394245
vt 1.125001 1.571714
vt 1.125001 -3.042950
vt 1.125001 4.795919
vt 1.125001 2.934058
vt 1.125001 2.936929
vt 1.125001 0.866653
vt 1.125002 -4.440022
vt 1.125001 -3.042944
vt 1.125001 -3.970588
vt 1.125001 2.928775
vt 0.920822 -5.227623
vt 1.125001 3.054526
vt 0.948699 -5.227475
vt 1.125001 1.632010
vt 1.125001 0.813517
vt 1.125001 2.543161
vt 0.957675 -5.227645
vt 1.125001 2.997810
vt 1.125002 -4.085000
vt 1.125001 5.164967
vt 1.125001 2.934439
vt 1.125001 2.289138
vt 1.125001 3.763919
vt 1.125002 -3.969572
s 1
usemtl cgaxis_models_98_14_02_cgaxis_models_98_14_02
f 96/1/1 167/2/2 95/3/3
f 95/3/3 62/1167/1231 96/1/1
f 170/11/11 95/3/3 167/3849/2
usemtl Material.001
f 8/4/4 97/5/5 39/6/6
f 48/7/7 162/8/8 151/9/9
f 169/10/10 170/11/11 149/12/12
f 165/13/13 150/14/14 8/4/4
f 131/15/15 151/9/9 149/12/12
f 59/16/16 149/12/12 151/9/9
f 35/17/17 152/18/18 157/19/19
f 25/20/20 155/21/21 60/22/22
f 27/23/23 156/24/24 26/25/25
f 60/22/22 155/21/21 158/26/26
f 26/25/25 158/26/26 27/23/23
f 9/27/27 161/28/28 40/29/29
f 9/27/27 163/30/30 161/28/28
f 61/31/31 161/28/28 163/30/30
f 27/23/23 161/28/28 61/31/31
f 28/32/32 162/8/8 159/33/33
f 39/6/6 163/30/30 9/27/27
f 61/31/31 163/30/30 28/32/32
f 74/34/34 176/35/35 69/36/36
f 42/37/37 177/38/38 63/39/39
f 82/40/40 177/38/38 155/21/21
f 181/41/41 177/38/38 82/40/40
f 74/34/34 185/42/42 85/43/43
f 85/43/43 185/42/42 84/44/44
f 190/45/45 82/40/40 155/21/21
f 82/40/40 190/45/45 181/41/41
f 245/46/46 232/47/47 235/48/48
f 238/49/49 240/50/50 237/51/51
f 225/52/52 227/53/53 235/48/48
f 229/54/54 245/46/46 231/55/55
f 269/56/56 251/57/57 272/58/58
f 263/59/59 259/60/60 265/61/61
f 261/62/62 263/59/59 265/61/61
f 266/63/63 269/56/56 259/60/60
f 274/64/64 249/65/65 277/66/66
f 254/67/67 277/66/66 256/68/68
f 272/58/58 273/69/69 256/68/68
f 290/70/70 316/71/71 293/72/72
f 310/73/73 293/72/72 309/74/74
f 318/75/75 324/76/76 320/77/77
f 325/78/78 318/75/75 320/77/77
f 326/79/79 325/78/78 327/80/80
f 334/81/81 336/82/82 343/83/83
f 340/84/84 338/85/85 343/83/83
f 359/86/86 362/87/87 377/88/88
f 357/89/89 377/88/88 358/90/90
f 366/91/91 365/92/92 370/93/93
f 388/94/94 385/95/95 411/71/96
f 405/96/97 388/94/94 404/97/98
f 381/98/99 404/97/98 384/99/100
f 401/100/101 398/101/102 384/99/100
f 395/102/103 391/103/104 397/104/105
f 454/105/106 475/106/107 472/107/108
f 482/108/109 469/109/110 472/107/108
f 457/110/111 481/71/112 460/111/113
f 488/112/114 505/113/115 502/114/116
f 499/115/117 502/114/116 495/116/118
f 499/115/117 495/116/118 498/117/119
f 528/118/120 509/119/121 512/120/122
f 522/121/123 517/122/124 524/123/125
f 519/124/126 522/121/123 524/123/125
f 525/125/127 528/118/120 517/122/124
f 532/126/128 531/127/129 512/120/122
f 539/128/130 553/129/131 552/130/132
f 552/130/132 554/131/133 550/132/134
f 564/133/135 566/134/136 563/135/137
f 581/136/138 580/137/139 585/138/140
f 576/139/141 578/140/142 589/141/143
f 573/142/144 589/141/143 587/143/145
f 594/144/146 606/71/147 604/145/148
f 592/146/149 604/145/148 601/147/150
f 597/148/151 601/147/150 599/149/152
f 621/150/153 610/151/154 618/152/155
f 641/153/156 640/154/157 639/155/158
f 639/155/158 640/154/157 643/156/159
f 646/157/160 649/158/161 645/159/162
f 650/160/163 653/161/164 652/162/165
f 652/162/165 654/163/166 656/164/167
f 674/165/168 675/166/169 673/167/170
f 695/168/171 696/169/172 697/170/173
f 711/171/174 715/172/175 714/173/176
f 714/173/176 715/172/175 716/174/177
f 736/175/178 737/176/179 739/177/180
f 753/178/181 754/179/182 757/180/183
f 758/181/184 764/182/185 763/183/186
f 763/183/186 762/184/187 761/185/188
f 820/186/189 824/187/190 825/188/191
f 842/189/192 841/190/193 851/191/194
f 868/192/195 873/193/196 871/194/197
f 880/195/198 881/196/199 883/197/200
f 890/198/201 888/199/202 887/200/203
f 900/201/204 901/202/205 898/203/206
f 902/204/207 906/205/208 905/206/209
f 914/207/210 913/208/211 916/209/212
f 926/210/213 927/211/214 925/212/215
f 930/213/216 940/214/217 937/215/218
f 941/216/219 933/217/220 944/218/221
f 938/219/222 944/218/221 937/215/218
f 954/220/223 957/221/224 956/222/225
f 955/223/226 954/220/223 956/222/225
f 966/224/227 965/225/228 969/226/229
f 983/227/230 982/228/231 984/229/232
f 985/230/233 979/231/234 982/228/231
f 1023/232/235 1026/233/236 1024/234/237
f 1052/235/238 1054/236/239 1051/237/240
f 1069/238/241 1062/239/242 1064/240/243
f 1100/241/244 1106/242/245 1099/243/246
f 1101/244/247 1103/245/248 1100/241/244
f 1115/246/249 1116/247/250 1117/248/251
f 1118/249/252 1112/250/253 1120/251/254
f 1122/252/255 1125/253/256 1136/254/257
f 1127/255/258 1133/256/259 1136/254/257
f 1140/257/260 1142/258/261 1154/259/262
f 1151/260/263 1154/259/262 1144/261/264
f 1149/262/265 1144/261/264 1147/263/266
f 1166/264/267 1163/265/268 1165/266/269
f 1181/267/270 1171/268/271 1183/269/272
f 1173/270/273 1178/271/274 1181/267/270
f 1195/272/275 1193/273/276 1186/274/277
f 1214/275/278 1217/276/279 1228/277/280
f 1220/278/281 1221/279/282 1223/280/283
f 1210/281/284 1228/277/280 1213/282/285
f 1224/283/286 1213/282/285 1226/284/287
f 1232/285/288 1235/276/289 1231/286/290
f 1229/287/291 1231/286/290 1236/288/292
f 1238/289/293 1239/290/294 1236/288/292
f 1245/291/295 1251/292/296 1247/293/297
f 1258/294/298 1247/293/297 1254/295/299
f 1257/296/300 1254/295/299 1256/297/301
f 1261/298/302 1267/299/303 1263/300/304
f 1272/301/305 1274/302/306 1270/303/307
f 1285/304/308 1289/305/309 1278/306/310
f 1291/307/311 1282/308/312 1278/306/310
f 1295/309/313 1298/276/314 1306/310/315
f 1305/311/316 1292/312/317 1306/310/315
f 1301/313/318 1302/314/319 1305/311/316
f 1317/315/320 1319/316/321 1315/317/322
f 1342/318/323 1341/319/324 1343/320/325
f 1339/321/326 1342/318/323 1340/322/327
f 1361/323/328 1364/276/329 1374/324/330
f 1365/325/331 1370/326/332 1372/327/333
f 1359/328/334 1374/324/330 1372/327/333
f 1377/329/335 1380/276/336 1391/330/337
f 1375/331/338 1391/330/337 1389/332/339
f 1386/333/340 1387/334/341 1389/332/339
f 1384/335/342 1385/336/343 1386/333/340
f 1405/337/344 1401/338/345 1403/339/346
f 1407/340/347 1410/341/348 1401/338/345
f 1392/342/349 1412/343/350 1410/341/348
f 1421/344/351 1416/345/352 1418/346/353
f 1455/347/354 1456/348/355 1457/349/356
f 1466/350/357 1467/351/358 1468/352/359
f 1473/353/360 1476/354/361 1472/355/362
f 1486/356/363 1487/357/364 1490/358/365
f 1494/359/366 1496/360/367 1497/361/368
f 1500/362/369 1503/363/370 1505/164/371
f 1508/364/372 1510/365/373 1507/366/374
f 1518/367/249 1519/368/375 1522/369/376
f 1527/370/377 1525/371/378 1526/372/379
f 1525/371/378 1524/373/380 1526/372/379
f 1539/374/381 1537/375/382 1536/376/383
f 1550/377/384 1547/378/385 1549/379/386
f 1547/378/385 1546/380/387 1549/379/386
f 1571/381/388 1555/382/389 1557/383/390
f 1566/384/391 1565/385/392 1564/386/393
f 1563/387/394 1571/381/388 1568/388/395
f 1565/385/392 1568/388/395 1564/386/393
f 1579/389/396 1582/390/397 1594/391/398
f 1576/392/399 1594/391/398 1578/393/400
f 1585/394/401 1591/395/402 1583/396/403
f 1618/397/404 1603/398/405 1617/399/406
f 1597/400/407 1608/401/408 1607/402/409
f 1611/403/410 1614/404/411 1605/405/412
f 1607/402/409 1609/406/413 1605/405/412
f 1622/407/414 1625/408/415 1639/409/416
f 1643/410/417 1642/411/418 1625/408/415
f 1637/412/419 1631/413/420 1635/414/421
f 1647/415/422 1658/71/423 1656/416/424
f 1646/417/425 1656/416/424 1651/418/426
f 1650/419/427 1652/420/428 1651/418/426
f 1659/421/429 1661/422/430 1682/423/431
f 1664/424/432 1679/425/433 1677/426/434
f 1666/427/435 1682/423/431 1679/425/433
f 1663/428/436 1671/429/437 1673/430/438
f 1691/431/439 1708/432/440 1704/433/441
f 1687/434/442 1690/435/443 1694/436/444
f 1697/437/445 1699/438/446 1694/436/444
f 1729/439/447 1711/440/448 1717/441/449
f 1714/442/450 1728/443/451 1717/441/449
f 1724/444/452 1714/442/450 1718/445/453
f 1719/446/454 1721/447/455 1718/445/453
f 1745/448/456 1742/449/457 1746/450/458
f 1739/451/459 1741/452/460 1738/453/461
f 1735/454/462 1738/453/461 1750/455/463
f 1743/456/464 1750/455/463 1742/449/457
f 1767/457/465 1772/458/466 1769/222/467
f 1772/458/466 1770/459/468 1764/460/469
f 1783/461/470 1799/462/471 1798/463/472
f 1802/464/473 1800/465/474 1794/466/475
f 1798/463/472 1799/462/471 1802/464/473
f 1844/108/476 1832/467/477 1835/468/478
f 1839/469/479 1841/134/480 1838/470/481
f 1813/471/482 1838/470/481 1816/472/483
f 1857/473/484 1856/474/485 1862/475/486
f 1860/476/487 1859/477/488 1861/222/489
f 1865/478/490 1868/479/491 1856/474/485
f 1846/480/492 1874/269/493 1849/481/494
f 1896/482/495 1888/483/496 1887/484/497
f 1890/222/498 1891/485/499 1893/486/500
f 1876/487/501 1891/485/499 1890/222/498
f 1887/484/497 1897/488/502 1900/479/503
f 1910/489/504 1925/490/505 1924/491/506
f 1935/492/507 1936/493/508 1941/134/509
f 1914/472/510 1911/494/511 1935/492/507
f 1969/495/512 1975/134/513 1968/496/514
f 1944/497/515 1968/496/514 1947/498/516
f 1965/479/517 1962/499/518 1947/498/516
f 1976/500/519 1999/501/520 1979/502/521
f 1996/503/522 1993/504/523 1979/502/521
f 2001/505/524 2026/269/525 2004/506/526
f 2018/507/527 2004/506/526 2021/508/528
f 2010/509/529 2021/508/528 2017/510/530
f 2012/511/531 2014/512/532 2017/510/530
f 2044/513/533 2030/514/534 2037/515/535
f 2043/516/536 2037/515/535 2041/517/537
f 2063/518/538 2064/519/539 2065/520/540
f 2060/521/541 2066/522/542 2069/523/543
f 2076/524/544 2091/525/545 2088/526/546
f 2091/525/545 2077/527/547 2080/276/548
f 2105/528/549 2100/529/550 2104/530/551
f 2110/531/552 2109/532/553 2094/533/554
f 2118/534/555 2111/535/556 2113/536/557
f 2134/537/558 2138/538/559 2129/539/560
f 2142/540/561 2133/541/562 2129/539/560
f 2151/542/563 2156/543/564 2153/544/565
f 2143/545/566 2144/546/567 2156/543/564
f 2161/547/568 2162/548/569 2165/276/570
f 2166/549/571 2171/550/572 2161/547/568
f 2187/551/573 2176/552/574 2182/553/575
f 2185/554/576 2182/553/575 2184/555/577
f 2190/556/578 2205/557/579 2202/558/580
f 2191/559/581 2194/276/582 2205/557/579
f 2198/560/583 2202/558/580 2196/561/584
f 2219/562/585 2211/563/586 2207/564/587
f 2212/565/588 2216/566/589 2207/564/587
f 2214/567/590 2216/566/589 2212/565/588
f 2221/568/591 2235/569/592 2225/570/593
f 2231/571/594 2221/568/591 2226/572/595
f 2227/573/596 2229/574/597 2226/572/595
f 2244/575/598 2243/576/599 2245/577/600
f 2236/578/601 2241/579/602 2248/580/603
f 2244/575/598 2248/580/603 2243/576/599
f 2252/581/604 2255/276/605 2263/582/606
f 2249/583/607 2263/582/606 2262/584/608
f 2261/585/609 2262/584/608 2258/586/610
f 2275/587/611 2264/588/612 2267/589/613
f 2271/590/614 2269/591/615 2270/592/616
f 2269/591/615 2273/593/617 2275/587/611
f 2283/594/618 2279/595/619 2281/596/620
f 2279/595/619 2286/597/621 2289/598/622
f 2276/599/623 2290/269/624 2289/598/622
f 2302/600/625 2293/601/626 2305/602/627
f 2301/603/628 2296/604/629 2305/602/627
f 2297/605/630 2299/606/631 2301/603/628
f 2316/607/632 2310/608/633 2319/609/634
f 2321/610/635 2324/611/636 2333/612/637
f 2328/613/638 2330/614/639 2326/615/640
f 2330/614/639 2333/612/637 2326/615/640
f 2341/616/641 2335/617/642 2336/618/643
f 2341/616/641 2336/618/643 2338/619/644
f 2350/620/645 2353/621/646 2355/622/647
f 2360/623/648 2364/624/649 2359/625/650
f 2377/626/651 2378/627/652 2387/628/653
f 2381/629/654 2377/626/651 2379/630/655
f 2399/631/656 2402/632/657 2419/633/658
f 2405/634/659 2404/635/660 2412/636/661
f 2420/637/662 2419/633/658 2398/638/663
f 2402/632/657 2421/639/664 2424/640/665
f 2413/641/666 2398/638/663 2416/479/667
f 2446/642/668 2427/643/669 2430/644/670
f 2441/645/671 2437/646/672 2439/647/673
f 2436/648/674 2443/649/675 2446/642/668
f 2450/650/676 2449/651/677 2430/644/670
f 2472/652/678 2471/653/679 2478/654/680
f 2476/655/681 2478/654/680 2474/656/682
f 2500/657/683 2519/658/684 2516/659/685
f 2534/660/686 2560/71/687 2537/661/688
f 2569/662/689 2572/472/690 2589/663/691
f 2580/664/692 2579/665/693 2584/666/694
f 2586/667/695 2589/663/691 2579/665/693
f 2573/668/696 2599/71/697 2576/669/698
f 2607/670/699 2618/671/700 2617/672/701
f 2608/673/702 2628/674/703 2611/675/704
f 2632/676/705 2629/677/706 2605/678/707
f 2612/679/708 2632/676/705 2628/674/703
f 2662/680/709 2644/681/710 2661/682/711
f 2637/683/712 2661/682/711 2640/684/713
f 2652/685/714 2647/686/715 2654/687/716
f 2679/688/717 2707/71/718 2682/689/719
f 2701/690/720 2682/689/719 2700/691/721
f 2675/692/722 2700/691/721 2678/472/723
f 2686/693/724 2710/108/725 2685/694/726
f 2712/695/727 2715/696/728 2732/697/729
f 2716/698/730 2719/699/731 2735/700/732
f 2711/701/733 2724/702/734 2723/703/735
f 2739/108/736 2729/704/737 2732/697/729
f 2736/705/738 2735/700/732 2715/696/728
f 2723/703/735 2724/702/734 2728/706/739
f 2774/707/740 2776/708/741 2791/709/742
f 2769/710/743 2781/711/744 2780/712/745
f 2781/711/744 2784/713/746 2780/712/745
f 2814/714/747 2797/715/748 2800/716/749
f 2800/716/749 2817/717/750 2804/718/751
f 2809/719/752 2807/720/753 2806/721/754
f 2826/722/755 2852/723/756 2829/724/757
f 2846/725/758 2829/724/757 2849/726/759
f 2837/727/760 2849/726/759 2836/728/761
f 2845/729/762 2842/730/763 2836/728/761
f 2887/731/764 2886/732/765 2891/269/766
f 2872/733/767 2883/734/768 2879/735/769
f 2897/736/770 2900/737/771 2919/738/772
f 2920/739/773 2919/738/772 2927/269/774
f 2916/740/775 2913/741/776 2896/742/777
f 2903/743/778 2904/744/779 2916/740/775
f 2909/745/780 2903/743/778 2912/746/781
f 2907/747/782 2912/746/781 2906/748/783
f 2945/749/784 2935/750/785 2948/751/786
f 2941/752/787 2942/753/788 2944/754/789
f 2951/755/790 2950/756/791 2935/750/785
f 2952/757/792 2954/758/793 2950/756/791
f 2955/759/794 2966/760/795 2956/761/796
f 2960/762/797 2956/761/796 2958/763/798
f 2980/764/799 2979/765/800 2987/766/801
f 2969/767/802 2994/768/803 2972/472/804
f 3023/769/805 3007/770/806 3022/771/807
f 3014/772/249 3013/773/808 3012/774/809
f 3001/775/810 3022/771/807 3004/776/811
f 3012/774/809 3011/777/812 3010/778/813
f 3026/779/814 3040/780/815 3039/781/816
f 3052/782/817 3034/783/818 3051/651/819
f 3045/784/820 3058/785/821 3048/786/822
f 3037/787/823 3048/786/822 3036/788/824
f 3041/789/825 3036/788/824 3044/790/826
f 3040/780/815 3044/790/826 3039/781/816
f 3063/791/827 3077/792/828 3076/793/829
f 3071/794/830 3089/795/831 3092/796/832
f 3088/797/833 3096/134/834 3087/798/835
f 3074/799/836 3084/800/837 3073/801/838
f 3077/792/828 3078/802/839 3076/793/829
f 3112/803/840 3115/804/841 3110/805/842
f 3116/806/843 3102/807/844 3119/808/845
f 3132/809/846 3146/810/847 3145/811/848
f 3145/811/848 3148/812/849 3143/813/850
f 3166/814/851 3169/472/852 3188/815/853
f 3181/816/854 3184/817/855 3180/818/856
f 3170/819/857 3196/820/858 3173/821/859
f 3199/822/860 3219/823/861 3217/824/862
f 3208/825/863 3213/826/864 3209/827/865
f 3214/828/866 3217/824/862 3206/829/867
f 3238/830/868 3244/831/869 3246/832/870
f 3234/833/871 3252/834/872 3248/835/873
f 3239/836/874 3241/837/875 3238/830/868
f 3262/838/876 3254/839/877 3259/840/878
f 3255/841/879 3267/71/880 3266/842/881
f 3254/839/877 3253/843/882 3266/842/881
f 3268/844/883 3271/845/884 3286/846/885
f 3290/847/886 3289/848/887 3271/845/884
f 3282/849/888 3276/850/889 3280/851/890
f 3310/852/891 3294/853/892 3297/854/893
f 3314/855/894 3313/856/895 3297/854/893
f 3307/857/896 3310/852/891 3306/858/897
f 3304/859/898 3306/858/897 3303/860/899
f 3341/861/900 3320/862/901 3328/863/902
f 3325/864/903 3328/863/902 3324/865/904
f 3337/866/905 3324/865/904 3331/867/906
f 3332/868/907 3331/867/906 3333/869/908
f 3359/870/909 3357/871/910 3358/872/911
f 3353/873/912 3354/874/913 3374/108/914
f 3357/871/910 3355/875/915 3360/876/916
f 3387/877/917 3388/878/918 3381/879/919
f 3412/880/920 3411/881/921 3402/882/922
f 3438/883/923 3416/884/924 3423/885/925
f 3427/886/926 3429/887/927 3425/888/928
f 3441/889/929 3457/890/930 3455/891/931
f 3442/892/932 3470/269/933 3445/893/934
f 3465/894/935 3462/895/936 3445/893/934
f 3452/896/937 3453/897/938 3465/894/935
f 3458/898/939 3452/896/937 3461/899/940
f 3456/900/941 3461/899/940 3455/891/931
f 3487/901/942 3489/902/943 3485/903/944
f 3490/904/945 3493/905/946 3501/108/947
f 3513/906/948 3512/907/949 3521/908/950
f 3516/909/951 3513/906/948 3521/908/950
f 3512/907/949 3522/910/952 3525/911/953
f 3529/912/954 3531/134/955 3528/913/956
f 3502/914/957 3528/913/956 3505/472/958
f 3544/915/959 3545/916/960 3557/917/961
f 3553/918/962 3550/919/963 3544/915/959
f 3571/920/964 3574/276/965 3591/921/966
f 3592/922/967 3591/921/966 3593/269/968
f 3607/923/969 3606/924/970 3614/925/971
f 3595/926/972 3608/927/973 3610/928/974
f 3615/929/975 3618/479/976 3606/924/970
f 3600/930/977 3628/71/978 3603/931/979
f 3622/932/980 3603/931/979 3621/933/981
f 3632/934/982 3634/935/983 3649/936/984
f 3641/937/985 3647/938/986 3649/936/984
f 3652/939/987 3651/651/988 3634/935/983
f 3643/940/989 3645/941/990 3641/937/985
f 3675/942/991 3661/943/992 3678/944/993
f 3668/945/994 3678/944/993 3674/946/995
f 3670/947/996 3672/948/997 3674/946/995
f 3700/949/998 3696/950/999 3695/951/1000
f 3728/952/1001 3729/953/1002 3726/954/1003
f 3739/955/1004 3725/956/1005 3738/957/1006
f 3744/958/1007 3746/959/1008 3762/960/1009
f 3747/961/1010 3750/962/1011 3764/963/1012
f 3756/964/1013 3758/965/1014 3755/966/1015
f 3787/967/1016 3771/968/1017 3789/969/1018
f 3773/970/1019 3776/971/1020 3789/969/1018
f 3779/972/1021 3778/973/1022 3780/974/1023
f 3784/975/1024 3787/967/1016 3778/973/1022
f 3776/971/1020 3773/970/1019 3769/976/1025
f 3807/977/1026 3806/978/1027 3814/979/1028
f 3815/980/1029 3818/479/1030 3806/978/1027
f 3848/981/1031 3849/982/1032 3851/983/1033
f 3860/984/1034 3834/985/1035 3863/986/1036
f 3842/987/1037 3839/988/1038 3863/986/1036
f 3858/989/1039 3859/990/1040 3842/987/1037
f 3855/991/1041 3852/992/1042 3864/785/1043
f 3844/993/1044 3845/994/1045 3855/991/1041
f 3851/983/1033 3849/982/1032 3844/993/1044
f 3874/995/1046 3905/71/1047 3877/996/1048
f 3898/997/1049 3877/996/1048 3897/998/1050
f 3880/999/1051 3881/1000/1052 3894/1001/1053
f 3890/1002/1054 3887/1003/1055 3880/999/1051
f 3884/1004/1056 3885/1005/1057 3890/1002/1054
f 3907/1006/1058 3909/422/1059 3942/1007/1060
f 3911/1008/249 3927/1009/1061 3926/1010/1062
f 3936/1011/1063 3937/1012/1064 3919/1013/1065
f 3912/1014/1066 3936/1011/1063 3915/1015/1067
f 3928/1016/1068 3923/1017/1069 3922/1018/1070
f 3950/1019/1071 3953/472/1072 3972/1020/1073
f 3949/1021/1074 3965/1022/1075 3964/1023/1076
f 3961/1024/1077 3985/108/1078 3960/1025/1079
f 3964/1023/1076 3965/1022/1075 3966/1026/1080
f 3997/1027/1081 3996/1028/1082 4003/1029/1083
f 4004/1030/1084 4007/479/1085 3996/1028/1082
f 3989/1031/1086 3986/1032/1087 4018/269/1088
f 4034/1033/249 4033/1034/1089 4032/1035/1090
f 4025/1036/1091 4049/1037/1092 4027/1038/1093
f 4044/1039/1094 4045/1040/1095 4027/1038/1093
f 4021/1041/1096 4044/1039/1094 4024/1042/1097
f 4041/1043/1098 4038/1044/1099 4024/1042/1097
f 4035/1045/1100 4030/1046/1101 4032/1035/1090
f 4093/785/1102 4055/1047/1103 4058/1048/1104
f 4090/71/1105 4083/1049/1106 4086/1050/1107
f 4082/1051/1108 4062/1052/1109 4081/651/1110
f 4066/1053/1111 4078/1054/1112 4065/1055/1113
f 4071/1056/1114 4065/1055/1113 4074/1057/1115
f 4068/1058/1116 4069/1059/1117 4074/1057/1115
f 4098/1060/1118 4124/71/1119 4101/1061/1120
f 4119/1062/1121 4101/1061/1120 4118/651/1122
f 4112/1063/1123 4126/785/1124 4115/1064/1125
f 4105/1065/1126 4115/1064/1125 4104/1066/1127
f 4127/1067/1128 4130/472/1129 4149/1068/1130
f 4145/1069/1131 4138/1070/1132 4137/1071/1133
f 4137/1071/1133 4146/1072/1134 4149/1068/1130
f 4177/1073/1135 4161/1074/1136 4164/1075/1137
f 4174/1076/1138 4169/1077/1139 4177/1073/1135
f 4171/1078/1140 4174/1076/1138 4172/1079/1141
f 4167/1080/1142 4165/1081/1143 4184/1082/1144
f 4185/1083/1145 4187/422/1146 4213/1084/1147
f 4211/1085/1148 4213/1084/1147 4196/1086/1149
f 4210/1087/1150 4193/1088/1151 4196/1086/1149
f 4189/1089/1152 4210/1087/1150 4192/1090/1153
f 4205/1091/1154 4192/1090/1153 4208/1092/1155
f 4242/1093/1156 4214/1094/1157 4216/422/1158
f 4221/1095/1159 4224/1096/1160 4238/1097/1161
f 4220/1098/1162 4218/1099/1163 4238/1097/1161
f 4248/1100/1164 4251/1101/1165 4262/1102/1166
f 4258/1103/1167 4259/1104/1168 4247/1105/1169
f 4266/1106/1170 4265/1107/1171 4251/1101/1165
f 4252/1108/1172 4270/1109/1173 4265/1107/1171
f 4288/1110/1174 4289/1111/1175 4290/1112/1176
f 4298/1113/1177 4273/1114/1178 4301/1115/1179
f 4282/1116/1180 4280/1117/1181 4301/1115/1179
f 4296/1118/1182 4297/1119/1183 4282/1116/1180
f 4276/1120/1184 4296/1118/1182 4279/1121/1185
f 4293/1122/1186 4291/1123/1187 4279/1121/1185
f 4311/1124/1188 4314/1125/1189 4328/1126/1190
f 4340/1127/1191 4359/1128/1192 4357/1129/1193
f 4339/1130/1194 4348/1131/1195 4350/1132/1196
f 4347/1133/1197 4354/1134/1198 4357/1129/1193
f 4343/1135/1199 4364/1136/1200 4346/1137/1201
f 4351/1138/1202 4347/1133/1197 4350/1132/1196
f 4366/1139/1203 4369/1140/1204 4387/1141/1205
f 4377/1142/1206 4376/1143/1207 4383/1144/1208
f 4384/1145/1209 4387/1141/1205 4376/1143/1207
f 116/1146/1210 115/1147/1211 166/1148/1212
f 98/1149/1213 116/1146/1210 166/1148/1212
f 52/1150/1214 115/1147/1211 116/1146/1210
f 7/1151/1215 118/1152/1216 116/1146/1210
f 52/1150/1214 116/1146/1210 118/1152/1216
f 115/1147/1211 117/1153/1217 12/1154/1218
f 54/1155/1219 127/1156/1220 123/1157/1221
f 37/1158/1222 126/1159/1223 6/1160/1224
f 37/1158/1222 127/1156/1220 126/1159/1223
f 55/1161/1225 126/1159/1223 127/1156/1220
f 44/1162/1226 128/1163/1227 125/1164/1228
f 55/1161/1225 125/1164/1228 128/1163/1227
f 11/1165/1229 128/1163/1227 44/1162/1226
f 96/1/1 166/1148/1212 168/1166/1230
f 166/1148/1212 96/1/1 62/1167/1231
f 213/1168/1232 172/1169/1233 65/1170/1234
f 19/1171/1235 66/1172/1236 173/1173/1237
f 172/1169/1233 198/1174/1238 120/1175/1239
f 93/1176/1240 200/1177/1241 31/1178/1242
f 228/1179/1243 226/1180/1244 246/1181/1245
f 239/1182/1246 238/1183/49 236/1184/1247
f 242/1185/1248 243/1186/1249 230/1187/1250
f 243/1186/1249 242/1185/1248 236/1184/1247
f 271/1188/1251 255/1189/1252 279/1190/1253
f 264/1191/1254 258/1192/1255 257/1193/1256
f 262/1194/249 260/1195/1257 264/1191/1254
f 270/1196/1258 271/1188/1251 279/1190/1253
f 252/1197/1259 253/1198/1260 270/1196/1258
f 268/1199/1261 252/1197/1259 267/1200/1262
f 333/1201/1263 323/1202/1264 322/1203/1265
f 328/1204/1266 330/1205/1267 329/1206/1268
f 332/1207/1269 331/1208/1270 329/1206/1268
f 339/1209/1271 342/1210/1272 337/1211/1273
f 335/1212/1274 344/1213/1275 341/1214/1276
f 342/1210/1272 341/1214/1276 337/1211/1273
f 350/1215/249 348/1216/1277 347/1217/1278
f 348/1216/1277 351/1218/1279 347/1217/1278
f 372/1219/1280 373/1220/1281 375/1221/1282
f 360/1222/1283 361/1223/1284 378/1224/1285
f 375/1221/1282 376/1225/1286 360/1222/1283
f 367/1226/1287 364/1227/1288 363/1228/1289
f 387/1229/1290 386/1230/1291 412/1190/1292
f 399/1231/1293 400/1232/1294 382/1233/1295
f 396/1234/1296 390/1235/1297 389/1236/1298
f 438/1237/1299 441/1190/1300 437/1238/1301
f 418/1239/1302 437/1238/1301 417/1240/1303
f 425/1241/1304 444/1242/1305 424/1243/1306
f 446/1244/249 449/1245/1307 448/1246/1308
f 478/1247/1309 453/1248/1310 451/1180/1311
f 471/1249/1312 470/1250/1313 466/1251/1314
f 462/1252/1315 463/1253/1316 466/1251/1314
f 487/1254/1317 497/1255/1318 496/1256/1319
f 486/1257/1320 484/1258/1321 490/1259/1322
f 515/1260/1323 514/1261/1324 529/1262/1325
f 523/1263/1326 527/1264/1327 526/1265/1328
f 530/1266/1329 529/1262/1325 538/1213/1330
f 514/1261/1324 535/1267/1331 534/1268/1332
f 542/1269/1333 541/1240/1334 558/1270/1335
f 555/1271/1336 549/1272/1337 548/1273/1338
f 551/1274/1339 556/1275/1340 555/1271/1336
f 548/1273/1338 559/1276/1341 558/1270/1335
f 561/1277/1342 562/1278/1343 565/1190/1344
f 591/1279/1345 572/1280/1346 570/1180/1347
f 588/1281/1348 577/1282/1349 591/1279/1345
f 582/1283/1350 584/1284/1351 583/1285/1352
f 574/1286/1353 575/1287/1354 588/1281/1348
f 579/1288/1355 586/1289/1356 574/1286/1353
f 603/1290/1357 595/1291/1358 602/1292/1359
f 600/1293/1360 596/1294/1361 602/1292/1359
f 608/1295/1362 613/1296/1363 612/1297/1364
f 616/1298/1365 615/1299/1366 617/1300/1367
f 629/1301/249 627/1302/1368 625/1303/1369
f 625/1303/1369 631/1304/1370 623/1305/1371
f 656/1306/167 655/1307/1372 651/1308/1373
f 657/1309/249 659/1310/1374 658/1311/1375
f 658/1311/1375 659/1310/1374 663/1312/1376
f 665/1313/1377 669/1314/1378 668/1315/1379
f 672/1316/1380 677/1317/1381 676/1318/1382
f 681/1319/249 679/1320/1383 678/1321/1384
f 679/1320/1383 684/1322/1385 678/1321/1384
f 687/1323/1386 690/1324/1387 686/1325/1388
f 692/1326/249 694/1327/1389 693/1328/1390
f 694/1327/1389 698/1329/1391 693/1328/1390
f 699/1330/1392 703/1331/1393 702/1332/1394
f 704/1333/1395 706/1334/1396 705/1335/1397
f 706/1334/1396 709/1336/1398 705/1335/1397
f 711/1337/174 713/1338/1399 712/1339/1400
f 712/1339/1400 713/1338/1399 718/1340/1401
f 719/1341/1402 720/1342/1403 724/1343/1404
f 736/175/178 735/1344/1405 738/1345/1406
f 745/1346/1407 747/1347/1408 744/1348/1409
f 758/1349/184 760/1350/1410 759/1351/1411
f 769/1352/1412 771/1353/1413 770/1354/1414
f 780/1355/1415 778/1356/1416 777/1357/1417
f 786/1358/1418 791/1359/1419 790/1360/1420
f 790/1360/1420 791/1359/1419 793/1361/1421
f 802/1362/1422 799/1363/1423 798/1364/1424
f 815/1365/1425 817/1366/1426 816/1367/1427
f 832/1368/1428 830/1369/1429 833/1370/1430
f 827/1371/1431 826/1372/1432 833/1370/1430
f 844/1373/1433 843/1374/1434 847/1375/1435
f 843/1374/1434 850/1376/1436 839/1377/1437
f 858/1378/1438 863/1379/1439 862/1380/1440
f 868/1381/195 870/1382/1441 869/1383/1442
f 902/1384/207 907/1385/1443 906/205/208
f 907/1385/1443 903/1386/1444 906/205/208
f 918/1387/1445 915/1388/1446 919/1389/1447
f 939/1390/1448 936/1391/1449 935/1392/1450
f 942/1393/1451 943/1394/1452 931/1395/1453
f 971/1396/1454 968/1397/1455 967/1398/1456
f 992/1399/1457 993/1400/1458 995/1401/1459
f 996/1402/1460 999/1403/1461 998/1404/1462
f 1008/1405/1463 1007/1406/1464 1002/1407/1465
f 1015/1408/1466 1018/1409/1467 1017/1410/1468
f 1024/1411/237 1022/1412/1469 1023/232/235
f 1025/1413/1470 1027/1414/1471 1022/1412/1469
f 1036/1415/1472 1033/1416/1473 1032/1417/1474
f 1032/1417/1474 1033/1416/1473 1028/1418/1475
f 1043/1419/1476 1045/1420/1477 1041/1421/1478
f 1056/1422/1479 1048/1423/1480 1059/1213/1481
f 1053/1424/1482 1057/1425/1483 1056/1422/1479
f 1051/1426/240 1050/1427/1484 1053/1424/1482
f 1066/1428/1485 1065/1429/1486 1068/1430/1487
f 1070/1431/1488 1061/1432/1489 1071/1213/1490
f 1068/1430/1487 1063/1433/1491 1070/1431/1488
f 1076/1434/1492 1075/1435/1493 1078/1436/1494
f 1080/1437/1495 1072/1438/1496 1082/1439/1497
f 1078/1436/1494 1073/1440/1498 1080/1437/1495
f 1091/1441/1499 1086/1442/1500 1092/1443/1501
f 1102/1444/1502 1105/1445/1503 1104/1446/1504
f 1114/1447/1505 1119/1448/1506 1115/1449/249
f 1126/1450/1507 1134/1451/1508 1131/1452/1509
f 1121/1453/1510 1129/1454/1511 1128/1455/1512
f 1128/1455/1512 1129/1454/1511 1131/1452/1509
f 1148/1456/1513 1146/1457/1514 1145/1458/1515
f 1143/1459/1516 1153/1460/1517 1152/1461/1518
f 1169/1462/1519 1160/1463/1520 1159/1464/1521
f 1164/1465/1522 1162/1466/1523 1167/1467/1524
f 1174/1468/1525 1177/1469/1526 1175/1470/1527
f 1172/1471/1528 1182/1213/1529 1179/1472/1530
f 1189/1473/1531 1192/1474/1532 1190/1475/1533
f 1187/1476/1534 1194/1477/1535 1192/1474/1532
f 1206/1478/1536 1197/1479/1537 1205/1480/1538
f 1212/1481/1539 1211/1482/1540 1225/1483/1541
f 1218/1484/1542 1225/1483/1541 1222/1485/1543
f 1220/1486/281 1219/1487/1544 1222/1485/1543
f 1237/1488/1545 1241/1489/1546 1240/1490/1547
f 1230/1491/1548 1244/1492/1549 1233/1493/1550
f 1242/1494/1551 1243/1495/1552 1230/1491/1548
f 1243/1495/1552 1242/1494/1551 1241/1489/1546
f 1253/1496/1553 1252/1497/1554 1255/1498/1555
f 1252/1497/1554 1259/1499/1556 1246/1500/1557
f 1246/1500/1557 1260/1501/1558 1249/1502/1559
f 1271/1503/1560 1269/1504/1561 1268/1505/1562
f 1268/1505/1562 1275/1506/1563 1262/1507/1564
f 1277/1508/1565 1276/1509/1566 1290/1510/1567
f 1283/1511/1568 1290/1510/1567 1288/1512/1569
f 1284/1513/1570 1288/1512/1569 1286/1514/1571
f 1293/1515/1572 1297/1516/1573 1296/1203/1574
f 1299/1517/1575 1294/1518/1576 1293/1515/1572
f 1304/1519/1577 1300/1520/1578 1299/1517/1575
f 1325/1521/1579 1326/1522/1580 1311/1523/1581
f 1323/1524/1582 1324/1525/1583 1308/1526/1584
f 1314/1527/1585 1323/1524/1582 1320/1528/1586
f 1316/1529/1587 1321/1530/1588 1320/1528/1586
f 1335/1531/1589 1336/1532/1590 1329/1533/1591
f 1329/1533/1591 1333/1534/1592 1332/1535/1593
f 1345/1536/1594 1350/1537/1595 1349/1538/1596
f 1354/1539/1597 1357/1540/1598 1353/1541/1599
f 1368/1542/1600 1366/1543/1601 1369/1544/1602
f 1371/1545/1603 1360/1546/1604 1369/1544/1602
f 1373/1547/1605 1362/1548/1606 1360/1546/1604
f 1376/1549/1607 1390/1550/1608 1388/1551/1609
f 1390/1550/1608 1379/1552/1610 1378/1203/1611
f 1384/1553/342 1383/1554/1612 1382/1555/1613
f 1382/1555/1613 1381/1556/1614 1388/1551/1609
f 1406/1557/1615 1400/1558/1616 1399/1559/1617
f 1402/1560/1618 1406/1557/1615 1404/1561/1619
f 1411/1562/1620 1396/1563/1621 1393/1564/1622
f 1417/1565/1623 1415/1566/1624 1414/1567/1625
f 1442/1568/1626 1433/1569/1627 1432/1570/1628
f 1439/1571/1629 1435/1572/1630 1436/1573/1631
f 1435/1572/1630 1443/1574/1632 1442/1568/1626
f 1448/1575/1633 1451/1576/1634 1449/1577/1635
f 1452/1578/249 1454/1579/1636 1453/1580/1637
f 1453/1580/1637 1454/1579/1636 1458/1581/1638
f 1460/1582/1639 1459/1583/1640 1462/1584/1641
f 1463/1585/1642 1465/1586/1643 1464/1587/1644
f 1477/1588/1645 1479/1589/1646 1478/1590/1647
f 1483/1591/1648 1482/1592/1649 1478/1590/1647
f 1485/1593/1650 1489/1594/1651 1491/1595/1652
f 1493/1596/1653 1492/1597/1654 1495/1598/1655
f 1493/1596/1653 1498/1599/1656 1492/1597/1654
f 1499/1600/1657 1505/1601/371 1504/1602/1658
f 1514/1603/1659 1516/1604/1660 1513/1605/1661
f 1518/1606/249 1521/1607/1662 1520/1608/1663
f 1538/1609/1664 1534/1610/1665 1533/1611/1666
f 1550/1612/384 1549/1613/386 1548/1614/1667
f 1549/1613/386 1544/1615/1668 1548/1614/1667
f 1564/1616/393 1567/1617/1669 1566/1618/391
f 1559/1619/1670 1560/1620/1671 1573/1224/1672
f 1569/1621/1673 1570/1622/1674 1556/1623/1675
f 1562/1624/1676 1569/1621/1673 1567/1617/1669
f 1592/1625/1677 1581/1626/1678 1580/1627/1679
f 1589/1628/1680 1590/1629/1681 1577/1630/1682
f 1604/1631/1683 1612/1632/1684 1610/1633/1685
f 1606/1634/1686 1610/1633/1685 1597/1635/407
f 1599/1636/1687 1616/1637/1688 1615/1638/1689
f 1612/1632/1684 1613/1639/1690 1599/1636/1687
f 1638/1640/1691 1624/1641/1692 1623/1642/1693
f 1636/1643/1694 1634/1644/1695 1633/1645/1696
f 1633/1645/1696 1634/1644/1695 1629/1646/1697
f 1629/1646/1697 1630/1647/1698 1638/1640/1691
f 1623/1642/1693 1641/1648/1699 1640/1649/1700
f 1650/419/427 1654/1650/1701 1653/1651/1702
f 1648/1652/1703 1649/1653/1704 1657/1224/1705
f 1681/1654/1706 1662/1655/1707 1660/1180/1708
f 1672/1656/1709 1669/1657/1710 1670/1658/1711
f 1676/1659/1712 1675/1660/1713 1669/1657/1710
f 1667/1661/1714 1668/1662/1715 1681/1654/1706
f 1686/1663/1716 1684/1180/1717 1707/1664/1718
f 1703/1665/1719 1692/1666/1720 1707/1664/1718
f 1688/1667/1721 1689/1668/1722 1703/1665/1719
f 1712/1669/1723 1710/1180/1724 1730/1670/1725
f 1720/1671/1726 1723/1672/1727 1722/1673/1728
f 1727/1674/1729 1715/1675/1730 1713/1676/1731
f 1744/1677/1732 1748/1678/1733 1747/1679/1734
f 1744/1677/1732 1747/1679/1734 1746/1680/458
f 1753/1681/1735 1732/1682/1736 1740/1683/1737
f 1736/1684/1738 1751/1685/1739 1740/1683/1737
f 1771/1452/1740 1763/1686/1741 1762/1687/1742
f 1762/1687/1742 1775/1688/1743 1774/1200/1744
f 1778/1689/1745 1781/1190/1746 1777/1690/1747
f 1755/1691/1748 1756/1692/1749 1777/1690/1747
f 1793/1693/1750 1792/1694/1751 1801/1695/1752
f 1792/1694/1751 1805/1696/1753 1804/1697/1754
f 1822/1698/1755 1821/1699/1756 1830/1700/1757
f 1825/1701/1758 1822/1698/1755 1830/1700/1757
f 1821/1699/1756 1834/1702/1759 1833/1200/1760
f 1836/1703/1761 1837/1704/1762 1840/1190/1763
f 1845/1705/1764 1861/1706/489 1858/1707/1765
f 1847/1708/1766 1870/1709/1767 1869/1710/1768
f 1894/1711/1769 1886/1712/1770 1885/1713/1771
f 1895/1714/1772 1894/1711/1769 1889/1715/1773
f 1899/1716/1774 1878/1717/1775 1898/1200/1776
f 1933/1718/1777 1917/1719/1778 1916/1720/1779
f 1916/1720/1779 1939/1721/1780 1938/1268/1781
f 1930/1722/1782 1931/1723/1783 1942/1724/1784
f 1924/1725/506 1927/1726/1785 1923/1727/1786
f 1974/1190/1787 1950/1728/1788 1949/1729/1789
f 1961/1730/1790 1953/1731/1791 1952/1732/1792
f 1959/1733/1793 1957/1734/1794 1956/1735/1795
f 1957/1734/1794 1961/1730/1790 1956/1735/1795
f 1946/1736/1796 1966/1737/1797 1945/1240/1798
f 1991/1738/1799 1985/1739/1800 1984/1740/1801
f 2019/1741/1802 2020/1742/1803 2002/1743/1804
f 2015/1744/1805 2009/1745/1806 2019/1741/1802
f 2011/1746/1807 2016/1747/1808 2015/1744/1805
f 2042/1748/1809 2040/1749/1810 2039/1750/1811
f 2039/1750/1811 2040/1749/1810 2035/1751/1812
f 2028/1752/1813 2029/1753/1814 2032/1754/1815
f 2061/1755/1816 2062/1756/1817 2058/1757/1818
f 2055/1758/1819 2056/1759/1820 2073/1224/1821
f 2052/1760/1822 2070/1761/1823 2055/1758/1819
f 2086/1762/1824 2087/1763/1825 2089/1764/1826
f 2081/1765/1827 2087/1763/1825 2086/1762/1824
f 2097/1766/1828 2096/1767/1829 2092/1768/1830
f 2106/1769/1831 2099/1770/1832 2108/1771/1833
f 2102/1772/1834 2103/1773/1835 2106/1769/1831
f 2123/1774/1836 2124/1775/1837 2122/1776/1838
f 2121/1777/249 2123/1774/1836 2122/1776/1838
f 2124/1775/1837 2125/1778/1839 2112/1779/1840
f 2140/1780/1841 2139/1781/1842 2137/1782/1843
f 2128/1783/1844 2141/1784/1845 2131/1785/1846
f 2154/1786/1847 2155/1787/1848 2157/1788/1849
f 2152/1789/1850 2149/1790/1851 2154/1786/1847
f 2150/1791/1852 2149/1790/1851 2152/1789/1850
f 2160/1792/1853 2174/1793/1854 2172/1794/1855
f 2169/1795/1856 2173/1796/1857 2172/1794/1855
f 2179/1797/1858 2178/1798/1859 2175/1799/1860
f 2188/1800/1861 2175/1799/1860 2186/1801/1862
f 2183/1802/1863 2181/1803/1864 2186/1801/1862
f 2199/1804/1865 2195/1805/1866 2200/1806/1867
f 2195/1805/1866 2199/1804/1865 2197/1807/1868
f 2206/1808/1869 2218/1809/1870 2209/1810/1871
f 2217/1811/1872 2206/1808/1869 2215/1812/1873
f 2213/1813/1874 2214/1814/590 2215/1812/1873
f 2228/1815/1875 2230/1816/1876 2232/1817/1877
f 2220/1818/1878 2234/1819/1879 2223/1820/1880
f 2233/1821/1881 2220/1818/1878 2232/1817/1877
f 2237/1822/1882 2239/1823/1883 2247/1824/1884
f 2266/1825/1885 2265/1826/1886 2274/1827/1887
f 2268/1828/1888 2274/1827/1887 2272/1829/1889
f 2303/1830/1890 2292/1831/1891 2291/1832/1892
f 2300/1833/1893 2295/1834/1894 2294/1835/1895
f 2298/1836/1896 2297/1837/630 2300/1833/1893
f 2304/1838/1897 2303/1830/1890 2294/1835/1895
f 2317/1839/1898 2309/1840/1899 2320/1841/1900
f 2318/1842/1901 2317/1839/1898 2315/1843/1902
f 2312/1844/1903 2313/1845/1904 2315/1843/1902
f 2332/1846/1905 2323/1847/1906 2322/1848/1907
f 2327/1849/1908 2331/1850/1909 2325/1851/1910
f 2331/1850/1909 2332/1846/1905 2325/1851/1910
f 2339/1852/1911 2337/1853/1912 2340/1854/1913
f 2349/1855/1914 2352/1856/1915 2351/1857/1916
f 2354/1858/1917 2347/1859/1918 2352/1856/1915
f 2366/1860/1919 2358/1861/1920 2365/1862/1921
f 2386/1863/1922 2369/1864/1923 2385/1865/1924
f 2380/1866/249 2383/1867/1925 2382/1868/1926
f 2382/1868/1926 2383/1867/1925 2375/1869/1927
f 2403/1870/1928 2414/1871/1929 2411/1872/1930
f 2407/1873/1931 2406/1874/1932 2408/1875/1933
f 2406/1874/1932 2407/1873/1931 2411/1872/1930
f 2418/1876/1934 2425/1190/1935 2417/1877/1936
f 2396/1878/1937 2397/1879/1938 2417/1877/1936
f 2438/1880/1939 2442/1881/1940 2435/1882/1941
f 2447/1883/1942 2448/1884/1943 2455/1190/1944
f 2470/1885/1945 2469/1886/1946 2477/1887/1947
f 2518/1888/1948 2504/1889/1949 2517/1890/1950
f 2511/1891/1951 2506/1892/1952 2514/1893/1953
f 2499/1894/1954 2508/1895/1955 2507/1896/1956
f 2501/1897/1957 2502/1898/1958 2517/1890/1950
f 2514/1893/1953 2515/1899/1959 2501/1897/1957
f 2551/1900/1960 2536/1901/1961 2535/1902/1962
f 2557/1903/1963 2556/1904/1964 2535/1902/1962
f 2532/1905/1965 2562/1213/1966 2531/1906/1967
f 2549/1907/1968 2531/1906/1967 2548/1908/1969
f 2539/1909/1970 2538/1910/1971 2546/1911/1972
f 2587/1912/1973 2571/1913/1974 2570/1240/1975
f 2575/1914/1976 2574/1915/1977 2601/1190/1978
f 2585/1916/1979 2577/1917/1980 2581/1918/1981
f 2574/1915/1977 2596/1919/1982 2595/1920/1983
f 2577/1917/1980 2578/1921/1984 2602/1242/1985
f 2620/1922/1986 2621/1923/1987 2623/1924/1988
f 2616/1925/1989 2620/1922/1986 2618/671/700
f 2607/1926/699 2616/1925/1989 2618/671/700
f 2630/1927/1990 2631/1928/1991 2604/1929/1992
f 2627/1930/1993 2613/1931/1994 2626/1932/1995
f 2609/1933/1996 2610/1934/1997 2626/1932/1995
f 2623/1924/1988 2624/1935/1998 2609/1933/1996
f 2668/1190/1999 2643/1936/2000 2642/1937/2001
f 2653/1938/2002 2646/1939/2003 2645/1940/2004
f 2649/1941/2005 2648/1942/2006 2651/1943/2007
f 2657/1944/2008 2638/1945/2009 2656/1200/2010
f 2681/1946/2011 2680/1947/2012 2698/1948/2013
f 2688/1949/2014 2687/1950/2015 2690/1951/2016
f 2687/1950/2015 2693/1952/2017 2683/1953/2018
f 2709/1242/2019 2696/1954/2020 2695/1955/2021
f 2680/1947/2012 2704/1956/2022 2703/1957/2023
f 2717/1958/2024 2718/1959/2025 2737/1224/2026
f 2733/1960/2027 2734/1961/2028 2717/1958/2024
f 2713/1962/2029 2714/1963/2030 2733/1960/2027
f 2730/1200/2031 2731/1964/2032 2713/1962/2029
f 2754/1965/2033 2752/1966/2034 2756/1967/2035
f 2745/1968/2036 2746/1969/2037 2766/1224/2038
f 2762/1970/2039 2763/1971/2040 2745/1968/2036
f 2789/1972/2041 2790/1973/2042 2775/1974/2043
f 2771/1975/2044 2772/1976/2045 2789/1972/2041
f 2787/1977/2046 2771/1975/2044 2786/1978/2047
f 2782/1979/2048 2777/1980/2049 2786/1978/2047
f 2779/1981/2050 2783/1982/2051 2782/1979/2048
f 2811/1983/2052 2805/1984/2053 2812/1985/2054
f 2808/1986/2055 2811/1983/2052 2796/1987/2056
f 2802/1988/2057 2803/1989/2058 2818/1224/2059
f 2815/1990/2060 2816/1991/2061 2802/1988/2057
f 2799/1992/2062 2815/1990/2060 2798/1993/2063
f 2835/1994/2064 2834/1995/2065 2843/1996/2066
f 2839/1997/2067 2838/1998/2068 2841/1999/2069
f 2825/2000/2070 2839/1997/2067 2841/1999/2069
f 2838/1998/2068 2844/2001/2071 2843/1996/2066
f 2855/2002/2072 2856/2003/2073 2858/2004/2074
f 2831/2005/2075 2832/2006/2076 2855/2002/2072
f 2850/2007/2077 2851/2008/2078 2831/2005/2075
f 2827/1240/2079 2828/2009/2080 2850/2007/2077
f 2881/2010/2081 2864/2011/2082 2863/1240/2083
f 2876/2012/2084 2873/2013/2085 2878/2014/2086
f 2870/2015/2087 2882/2016/2088 2881/2010/2081
f 2878/2014/2086 2871/2017/2089 2870/2015/2087
f 2917/2018/2090 2899/2019/2091 2898/2020/2092
f 2914/2021/2093 2915/2022/2094 2928/1724/2095
f 2953/2023/2096 2933/2024/2097 2931/1180/2098
f 2940/2025/2099 2943/2026/2100 2938/2027/2101
f 2947/2028/2102 2946/2029/2103 2938/2027/2101
f 2937/2030/2104 2953/2023/2096 2936/2031/2105
f 2965/2032/2106 2964/2033/2107 2962/2034/2108
f 2963/2035/2109 2962/2034/2108 2961/2036/2110
f 2983/2037/2111 2981/2038/2112 2985/2039/2113
f 3005/2040/2114 3006/2041/2115 3024/1224/2116
f 3020/2042/2117 3021/2043/2118 3005/2040/2114
f 3002/2044/2119 3003/2045/2120 3020/2042/2117
f 3018/2046/2121 3019/2047/2122 3002/2044/2119
f 3009/2048/2123 3018/2046/2121 3008/2049/2124
f 3016/2050/2125 3008/2049/2124 3015/2051/2126
f 3049/1970/2127 3050/2052/2128 3032/2053/2129
f 3046/2054/2130 3047/2055/2131 3057/1724/2132
f 3042/2056/2133 3035/2057/2134 3046/2054/2130
f 3095/1190/2135 3070/2058/2136 3069/2059/2137
f 3066/2060/2138 3085/2061/2139 3065/1240/2140
f 3079/2062/2141 3080/2063/2142 3072/2064/2143
f 3075/2065/2144 3076/2066/829 3079/2062/2141
f 3111/2067/2145 3109/2068/2146 3113/2069/2147
f 3104/2070/2148 3105/2071/2149 3124/1224/2150
f 3120/2072/2151 3121/2073/2152 3104/2070/2148
f 3100/1240/2153 3101/2074/2154 3120/2072/2151
f 3113/2069/2147 3114/2075/2155 3107/2076/2156
f 3160/2077/2157 3131/2078/2158 3129/1180/2159
f 3144/2079/2160 3150/2080/2161 3149/2081/2162
f 3138/2082/2163 3161/2083/2164 3160/2077/2157
f 3168/2084/2165 3167/2085/2166 3186/2086/2167
f 3189/2087/2168 3172/2088/2169 3171/2089/2170
f 3182/2090/2171 3175/2091/2172 3174/2092/2173
f 3183/2093/2174 3182/2090/2171 3178/2094/2175
f 3187/2095/2176 3186/2086/2167 3174/2092/2173
f 3167/2085/2166 3190/2096/2177 3189/2087/2168
f 3215/2097/2178 3216/2098/2179 3200/2099/2180
f 3209/2100/865 3207/2101/2181 3211/2102/2182
f 3231/2103/2183 3247/2104/2184 3235/2105/2185
f 3245/2106/2186 3232/2107/2187 3231/2103/2183
f 3264/2108/2188 3265/2109/2189 3263/2110/2190
f 3265/2109/2189 3257/2111/2191 3256/2112/2192
f 3258/2113/2193 3261/2114/2194 3260/2115/2195
f 3283/2116/2196 3275/2117/2197 3284/2118/2198
f 3278/2119/2199 3279/2120/2200 3283/2116/2196
f 3273/2121/2201 3274/2122/2202 3291/1224/2203
f 3287/2123/2204 3288/2124/2205 3273/2121/2201
f 3299/2125/2206 3300/2126/2207 3315/1224/2208
f 3311/2127/2209 3312/2128/2210 3299/2125/2206
f 3302/2129/2211 3301/2130/2212 3305/2131/2213
f 3342/2132/2214 3321/2133/2215 3319/1180/2216
f 3338/2134/2217 3323/2135/2218 3329/2136/2219
f 3323/2135/2218 3340/2137/2220 3339/2138/2221
f 3330/2139/2222 3329/2136/2219 3336/2140/2223
f 3373/1724/2224 3345/2141/2225 3344/2142/2226
f 3358/2143/911 3356/2144/2227 3355/875/915
f 3352/2145/2228 3363/2146/2229 3351/2147/2230
f 3399/2148/2231 3378/2149/2232 3376/1180/2233
f 3386/2150/2234 3392/2151/2235 3391/2152/2236
f 3380/2153/2237 3395/2154/2238 3383/2155/2239
f 3393/2156/2240 3394/2157/2241 3380/2153/2237
f 3409/2158/2242 3401/2159/2243 3410/2160/2244
f 3410/2160/2244 3404/2161/2245 3403/2162/2246
f 3405/2163/2247 3409/2158/2242 3407/2164/249
f 3432/2165/2248 3435/2166/2249 3434/2167/2250
f 3430/2168/2251 3424/2169/2252 3432/2165/2248
f 3457/890/930 3454/2170/2253 3459/2171/2254
f 3441/2172/929 3454/2170/2253 3457/890/930
f 3451/2173/2255 3471/1242/2256 3450/2174/2257
f 3459/2171/2254 3460/2175/2258 3450/2174/2257
f 3495/2176/2259 3498/1190/2260 3494/2177/2261
f 3483/2178/2262 3484/2179/2263 3488/2180/2264
f 3519/2181/2265 3511/2182/2266 3510/2183/2267
f 3515/2184/2268 3514/2185/2269 3517/2186/2270
f 3514/2185/2269 3520/2187/2271 3519/2181/2265
f 3527/2188/2272 3530/1190/2273 3526/2189/2274
f 3503/2190/2275 3504/2191/2276 3526/2189/2274
f 3523/1200/2277 3524/2192/2278 3503/2190/2275
f 3543/2193/2279 3542/2194/2280 3551/2195/2281
f 3548/2196/2282 3547/2197/2283 3546/2198/2284
f 3552/2199/2285 3551/2195/2281 3546/2198/2284
f 3559/2200/2286 3563/1190/2287 3558/2201/2288
f 3535/2202/2289 3536/2203/2290 3558/2201/2288
f 3555/1200/2291 3556/2204/2292 3535/2202/2289
f 3566/2205/2293 3579/2206/2294 3578/2207/2295
f 3587/2208/2296 3594/1724/2297 3586/2209/2298
f 3582/2210/2299 3575/2211/2300 3586/2209/2298
f 3578/2207/2295 3579/2206/2294 3582/2210/2299
f 3629/1190/2301 3602/2212/2302 3601/2213/2303
f 3612/2214/2304 3605/2215/2305 3604/2216/2306
f 3613/2217/2307 3612/2214/2304 3608/927/973
f 3597/2218/2308 3598/2219/2309 3619/2220/2310
f 3616/2221/2311 3617/2222/2312 3597/2218/2308
f 3646/2223/2313 3640/2224/2314 3639/2225/2315
f 3642/2226/2316 3646/2223/2313 3631/2227/2317
f 3650/2228/2318 3637/2229/2319 3636/2230/2320
f 3673/2231/2321 3667/2232/2322 3666/2233/2323
f 3691/2234/2324 3690/2235/2325 3716/1190/2326
f 3687/2236/2327 3707/2237/2328 3686/2238/2329
f 3704/1200/2330 3705/2239/2331 3686/2238/2329
f 3731/2240/2332 3733/2241/2333 3730/2242/2334
f 3719/2243/2335 3727/2244/2336 3730/2242/2334
f 3723/2245/2337 3724/2246/2338 3740/1224/2339
f 3736/2247/2340 3737/2248/2341 3723/2245/2337
f 3760/2249/2342 3761/2250/2343 3745/2251/2344
f 3748/2252/2345 3749/1223/2346 3765/1224/2347
f 3745/2251/2344 3763/2253/2348 3748/2252/2345
f 3757/2254/2349 3752/2255/2350 3751/2256/2351
f 3770/2257/2352 3768/1180/2353 3790/2258/2354
f 3785/2259/2355 3786/2260/2356 3772/2261/2357
f 3788/2262/2358 3774/2263/2359 3772/2261/2357
f 3775/2264/2360 3790/2258/2354 3774/2263/2359
f 3777/2265/2361 3785/2259/2355 3782/2266/2362
f 3828/1190/2363 3802/2267/2364 3801/2268/2365
f 3812/2269/2366 3805/2270/2367 3804/2271/2368
f 3813/2272/2369 3812/2269/2366 3808/2273/2370
f 3801/2268/2365 3825/2274/2371 3824/2275/2372
f 3797/1240/2373 3798/2276/2374 3819/2277/2375
f 3861/2278/2376 3862/2279/2377 3833/2280/2378
f 3840/2281/2379 3841/2282/2380 3861/2278/2376
f 3856/2283/2381 3857/2284/2382 3840/2281/2379
f 3837/2285/2383 3838/2286/2384 3856/2283/2381
f 3853/2287/2385 3854/2288/2386 3837/2285/2383
f 3843/2289/2387 3853/2287/2385 3850/2290/2388
f 3846/2291/2389 3847/2292/2390 3850/2290/2388
f 3869/2293/2391 3884/2294/1056 3882/2295/2392
f 3901/2296/2393 3900/2297/2394 3904/1224/2395
f 3895/2298/2396 3896/2299/2397 3875/2300/2398
f 3871/2301/2399 3872/2302/2400 3895/2298/2396
f 3892/2303/2401 3893/2304/2402 3871/2301/2399
f 3879/2305/2403 3892/2303/2401 3878/2306/2404
f 3888/2307/2405 3889/2308/2406 3878/2306/2404
f 3882/2295/2392 3883/2309/2407 3888/2307/2405
f 3924/2310/2408 3929/2311/2409 3920/2312/2410
f 3935/2313/2411 3943/1190/2412 3934/2314/2413
f 3913/2315/2414 3914/2316/2415 3934/2314/2413
f 3931/2317/2416 3932/2318/2417 3913/2315/2414
f 3920/2312/2410 3921/2319/2418 3931/2317/2416
f 3952/2320/2419 3951/2321/2420 3970/2322/2421
f 3974/2323/2422 3973/1970/2423 3951/2321/2420
f 4017/1190/2424 3992/2324/2425 3991/2325/2426
f 3987/2326/2427 3988/2327/2428 4008/2328/2429
f 4005/2329/2430 4006/2330/2431 3987/2326/2427
f 3995/2331/2432 3994/2332/2433 4002/2333/2434
f 4031/2334/2435 4036/2335/2436 4034/2336/249
f 4048/2337/2437 4047/1268/2438 4026/2338/2439
f 4042/2339/2440 4043/2340/2441 4026/2338/2439
f 4023/2341/2442 4042/2339/2440 4022/1240/2443
f 4056/2342/2444 4080/2343/2445 4079/1970/2446
f 4085/2344/2447 4084/2345/2448 4089/1224/2449
f 4076/2346/2450 4077/2347/2451 4092/1724/2452
f 4064/2348/2453 4076/2346/2450 4063/2349/2454
f 4073/2350/2455 4063/2349/2454 4072/2351/2456
f 4106/2352/2457 4110/2353/2458 4108/2354/2459
f 4113/2355/2460 4114/2356/2461 4125/1724/2462
f 4102/2357/2463 4103/2358/2464 4113/2355/2460
f 4110/2353/2458 4111/2359/2465 4102/2357/2463
f 4147/2360/2466 4129/2361/2467 4128/2362/2468
f 4144/2363/2469 4136/2364/2470 4135/2365/2471
f 4135/2365/2471 4148/2366/2472 4147/2360/2466
f 4178/2367/2473 4166/2368/2474 4182/2369/2475
f 4173/2370/2476 4168/2371/2477 4176/2372/2478
f 4172/2373/1141 4170/2374/2479 4173/2370/2476
f 4179/2375/2480 4178/2367/2473 4162/2376/2481
f 4212/2377/2482 4188/2378/2483 4186/1180/2484
f 4200/2379/2485 4203/2380/2486 4202/2381/2487
f 4195/2382/2488 4212/2377/2482 4194/2383/2489
f 4190/2384/2490 4209/2385/2491 4194/2383/2489
f 4203/2380/2486 4198/2386/2492 4197/2387/2493
f 4240/2388/2494 4217/2389/2495 4215/1180/2496
f 4227/2390/2497 4230/2391/2498 4228/2392/2499
f 4241/2393/2500 4240/2388/2494 4222/2394/2501
f 4219/2395/2502 4237/2396/2503 4236/2397/2504
f 4235/2398/2505 4219/2395/2502 4234/2399/2506
f 4247/2400/1169 4257/2401/2507 4256/2402/2508
f 4264/2403/2509 4253/2404/2510 4263/2405/2511
f 4250/2406/2512 4263/2405/2511 4249/2407/2513
f 4294/2408/2514 4295/2409/2515 4281/2410/2516
f 4277/2411/2517 4278/2412/2518 4294/2408/2514
f 4313/2413/2519 4312/2414/2520 4327/2415/2521
f 4320/2416/2522 4315/2417/2523 4324/2418/2524
f 4316/2419/2525 4320/2416/2522 4318/2420/2526
f 4309/2421/2527 4327/2415/2521 4308/2422/2528
f 4324/2418/2524 4325/2423/2529 4308/2422/2528
f 4355/2424/2530 4342/2425/2531 4341/2426/2532
f 4339/2427/1194 4349/2428/2533 4348/1131/1195
f 4358/2429/2534 4344/2430/2535 4341/2426/2532
f 4352/2431/2536 4356/2432/2537 4355/2424/2530
f 4349/2428/2533 4352/2431/2536 4348/1131/1195
f 4368/2433/2538 4367/1240/2539 4385/2434/2540
f 4382/2435/2541 4375/2436/2542 4374/2437/2543
f 4365/2438/2544 4379/2439/2545 4378/2440/2546
f 4379/2439/2545 4382/2435/2541 4378/2440/2546
f 4374/2437/2543 4386/2441/2547 4385/2434/2540
f 4388/2442/2548 4389/2443/2549 4396/1190/2550
f 39/6/6 112/2444/2551 100/2445/2552
f 49/2446/2553 100/2445/2552 112/2444/2551
f 99/2447/2554 98/1149/1213 165/13/13
f 49/2446/2553 98/1149/1213 99/2447/2554
f 8/4/4 100/2445/2552 99/2447/2554
f 49/2446/2553 99/2447/2554 100/2445/2552
f 42/37/37 77/2448/2555 102/2449/2556
f 63/39/39 103/2450/2557 42/37/37
f 186/2451/2558 103/2450/2557 79/2452/2559
f 77/2448/2555 103/2450/2557 186/2451/2558
f 89/2453/2560 104/2454/2561 90/2455/2562
f 41/2456/2563 107/2457/2564 106/2458/2565
f 36/2459/2566 109/2460/2567 108/2461/2568
f 18/2462/2569 110/2463/2570 17/2464/2571
f 37/1158/1222 111/2465/2572 109/2460/2567
f 17/2464/2571 109/2460/2567 111/2465/2572
f 49/2446/2553 112/2444/2551 18/2462/2569
f 18/2462/2569 114/2466/2573 49/2446/2553
f 169/10/10 165/13/13 62/1167/1231
f 76/2467/2574 171/2468/2575 63/39/39
f 79/2452/2559 103/2450/2557 171/2468/2575
f 33/2469/2576 178/2470/2577 65/1170/1234
f 65/1170/1234 178/2470/2577 213/1168/1232
f 1/2471/2578 182/2472/2579 154/2473/2580
f 32/2474/2581 188/2475/2582 219/2476/2583
f 197/2477/2584 188/2475/2582 196/2478/2585
f 32/2474/2581 196/2478/2585 188/2475/2582
f 88/2479/2586 186/2451/2558 64/2480/2587
f 64/2480/2587 197/2477/2584 178/2470/2577
f 240/50/50 236/1184/1247 241/2481/2588
f 229/54/54 230/1187/1250 232/47/47
f 280/2482/2589 270/1196/1258 273/69/69
f 257/1193/1256 266/63/63 263/59/59
f 261/62/62 264/1191/1254 263/59/59
f 311/2483/2590 283/2484/2591 282/2485/2592
f 310/73/73 291/2486/2593 290/70/70
f 299/2487/2594 302/2488/2595 297/2489/2596
f 317/2482/2597 307/2490/2598 310/73/73
f 312/2491/2599 311/2483/2590 290/70/70
f 326/79/79 331/1208/1270 318/75/75
f 333/1201/1263 321/2492/2600 318/75/75
f 338/85/85 341/1214/1276 334/81/81
f 337/1211/1273 338/85/85 340/84/84
f 350/2493/249 347/1217/1278 349/2494/2601
f 351/1218/1279 346/2495/2602 349/2494/2601
f 367/1226/1287 370/93/93 369/2496/2603
f 370/93/93 367/1226/1287 366/91/91
f 372/1219/1280 371/2497/2604 366/91/91
f 382/1233/1295 381/98/99 398/101/102
f 380/2498/2605 392/2499/2606 394/2500/2607
f 396/1234/1296 395/102/103 394/2500/2607
f 414/2501/2608 399/1231/1293 398/101/102
f 402/2502/2609 405/96/97 381/98/99
f 416/2503/2610 437/1238/1301 440/2504/2611
f 434/2505/2612 442/2506/2613 433/2507/2614
f 431/2508/2615 424/1243/1306 427/2509/2616
f 446/1244/249 448/1246/1308 447/2510/2617
f 462/1252/1315 464/2511/2618 465/2512/2619
f 466/1251/1314 461/2513/2620 464/2511/2618
f 478/1247/1309 477/2514/2621 457/110/111
f 484/1258/1321 483/2485/2622 507/2515/2623
f 490/1259/1322 507/2515/2623 489/2516/2624
f 503/2517/2625 489/2516/2624 506/2518/2626
f 532/126/128 529/1262/1325 537/2519/2627
f 522/121/123 526/1265/1328 525/125/127
f 520/2520/2628 518/2521/2629 522/121/123
f 568/2482/2630 561/1277/1342 564/133/135
f 557/2522/2631 558/1270/1335 540/2523/2632
f 548/1273/1338 557/2522/2631 554/131/133
f 553/129/131 551/1274/1339 554/131/133
f 581/136/138 579/1288/1355 573/142/144
f 588/1281/1348 576/139/141 573/142/144
f 591/1279/1345 590/2524/2633 576/139/141
f 597/148/151 602/1292/1359 592/146/149
f 595/1291/1358 594/144/146 592/146/149
f 608/1295/1362 607/2525/2634 621/150/153
f 615/1299/1366 621/150/153 620/2526/2635
f 619/2527/249 617/1300/1367 620/2526/2635
f 607/2525/2634 608/1295/1362 611/2528/2636
f 625/1303/1369 630/2529/2637 628/2530/2638
f 625/1303/1369 628/2530/2638 629/1301/249
f 630/2529/2637 623/1305/1371 622/2531/2639
f 636/2532/2640 634/2533/2641 635/2534/249
f 653/161/164 651/1308/1373 654/163/166
f 657/2535/249 658/1311/1375 660/2536/2642
f 663/1312/1376 661/2537/2643 660/2536/2642
f 664/2538/2644 665/1313/1377 667/2539/2645
f 668/1315/1379 670/2540/2646 667/2539/2645
f 674/165/168 676/1318/1382 675/166/169
f 678/1321/1384 680/2541/2647 681/1319/249
f 684/1322/1385 682/2542/2648 680/2541/2647
f 685/2543/2649 686/1325/1388 688/2544/2650
f 690/1324/1387 689/2545/2651 688/2544/2650
f 695/168/171 693/1328/1390 696/169/172
f 707/2546/2652 709/1336/1398 708/2547/2653
f 718/1340/1401 717/2548/2654 715/172/175
f 722/2549/2655 719/1341/1402 721/2550/2656
f 721/2550/2656 724/1343/1404 723/2551/2657
f 729/2552/2658 727/2553/2659 731/2554/2660
f 747/1347/1408 743/2555/2661 744/1348/1409
f 753/2556/181 752/2557/2662 754/179/182
f 764/182/185 759/1351/1411 762/184/187
f 770/1354/1414 773/2558/2663 769/1352/1412
f 777/1357/1417 779/2559/2664 780/1355/1415
f 790/1360/1420 793/1361/1421 789/2560/2665
f 803/2561/2666 799/1363/1423 801/2562/2667
f 812/2563/2668 813/2564/2669 810/2565/2670
f 816/1367/1427 819/2566/2671 815/1365/1425
f 822/2567/2672 824/187/190 820/2568/189
f 831/2569/2673 833/1370/1430 829/2570/2674
f 849/2571/2675 839/1377/1437 842/189/192
f 860/2572/2676 858/1378/1438 861/2573/2677
f 861/2573/2677 862/1380/1440 857/2574/2678
f 869/1383/1442 872/2575/2679 873/193/196
f 879/2576/2680 881/196/199 880/2577/198
f 899/2578/2681 900/201/204 898/2579/206
f 917/2580/2682 919/1389/1447 914/207/210
f 926/2581/213 928/2582/2683 927/211/214
f 931/1395/1453 934/2583/2684 941/216/219
f 949/2584/2685 951/2585/2686 957/221/224
f 954/220/223 952/2586/2687 957/221/224
f 983/227/230 980/2587/2688 985/230/233
f 990/2588/2689 992/1399/1457 991/2589/2690
f 997/2590/2691 998/1404/1462 1000/2591/2692
f 1017/1410/1468 1020/2592/2693 1016/2593/2694
f 1023/232/235 1022/1412/1469 1021/2594/2695
f 1041/1421/1478 1044/2595/2696 1042/2596/2697
f 1053/1424/1482 1055/2597/2698 1052/235/238
f 1055/2597/2698 1056/1422/1479 1047/2598/2699
f 1070/1431/1488 1060/2599/2700 1069/238/241
f 1068/1430/1487 1069/238/241 1067/2600/2701
f 1080/1437/1495 1082/1439/1497 1079/2601/2702
f 1076/1434/1492 1078/1436/1494 1077/2602/2703
f 1088/2603/2704 1093/2604/2705 1084/2605/2706
f 1092/1443/1501 1088/2603/2704 1090/2606/2707
f 1097/2607/2708 1096/2608/2709 1106/242/245
f 1107/2609/2710 1106/242/245 1103/245/248
f 1102/2610/1502 1104/1446/1504 1103/245/248
f 1110/2611/2711 1109/2612/2712 1118/249/252
f 1119/1448/1506 1118/249/252 1116/247/250
f 1128/1455/1512 1130/2613/2713 1121/1453/1510
f 1145/1458/1515 1149/262/265 1148/2614/1513
f 1152/1461/1518 1140/257/260 1151/260/263
f 1143/1459/1516 1151/260/263 1149/262/265
f 1168/2615/2714 1169/1462/1519 1158/2616/2715
f 1177/1469/1526 1178/271/274 1176/2617/2716
f 1178/271/274 1179/1472/1530 1171/268/271
f 1193/273/276 1184/2618/2717 1196/2482/2718
f 1190/1475/1533 1192/1474/1532 1191/2619/2719
f 1202/2620/2720 1201/2621/2721 1200/2622/249
f 1204/2623/2722 1197/1479/1537 1209/2482/2723
f 1205/1480/1538 1204/2623/2722 1201/2621/2721
f 1222/1485/1543 1221/279/282 1220/1486/281
f 1215/2624/2724 1214/275/278 1210/281/284
f 1230/1491/1548 1232/285/288 1229/287/291
f 1246/1500/1557 1245/291/295 1258/294/298
f 1252/1497/1554 1258/294/298 1257/296/300
f 1249/1502/1559 1248/2625/2725 1245/291/295
f 1271/1503/1560 1274/302/306 1273/2626/2726
f 1265/2627/2727 1264/527/2728 1261/298/302
f 1262/1507/1564 1261/298/302 1274/302/306
f 1291/307/311 1280/2628/2729 1279/2629/2730
f 1286/2630/1571 1288/1512/1569 1287/2631/2731
f 1287/2631/2731 1290/1510/1567 1289/305/309
f 1303/2632/249 1304/1519/1577 1302/314/319
f 1302/314/319 1299/1517/1575 1292/312/317
f 1293/1515/1572 1295/309/313 1292/312/317
f 1311/1523/1581 1310/2629/2732 1328/2633/2733
f 1318/2634/2734 1316/1529/1587 1319/316/321
f 1325/1521/1579 1328/2633/2733 1307/2635/2735
f 1332/1535/1593 1331/2629/2736 1344/2636/2737
f 1341/319/324 1329/1533/1591 1344/2636/2737
f 1335/1531/1589 1341/319/324 1339/321/326
f 1338/2637/2738 1335/1531/1589 1339/321/326
f 1345/1536/1594 1348/2638/2739 1358/2639/2740
f 1356/2640/2741 1357/1540/1598 1358/2639/2740
f 1360/1546/1604 1359/328/334 1370/326/332
f 1367/2641/2742 1369/1544/1602 1370/326/332
f 1362/1548/1606 1361/323/328 1359/328/334
f 1382/1555/1613 1387/334/341 1385/336/343
f 1384/1553/342 1382/1555/1613 1385/336/343
f 1390/1550/1608 1377/329/335 1375/331/338
f 1413/2642/2743 1396/1563/1621 1395/2629/2744
f 1404/2643/1619 1406/1557/1615 1405/337/344
f 1392/342/349 1393/1564/1622 1413/2642/2743
f 1399/1559/1617 1407/340/347 1405/337/344
f 1419/2644/2745 1417/1565/1623 1421/344/351
f 1428/2645/2746 1426/2646/2747 1427/2647/249
f 1435/1572/1630 1441/2648/2748 1438/2649/2749
f 1436/1573/1631 1438/2649/2749 1437/2650/2750
f 1432/1570/1628 1447/2482/2751 1431/2651/2752
f 1442/1568/1626 1431/2651/2752 1441/2648/2748
f 1451/1576/1634 1450/2652/2753 1449/1577/1635
f 1455/347/354 1453/1580/1637 1456/348/355
f 1462/1584/1641 1461/2653/2754 1460/1582/1639
f 1466/350/357 1464/1587/1644 1467/351/358
f 1470/2654/2755 1471/2655/2756 1473/353/360
f 1474/2656/2757 1476/354/361 1473/353/360
f 1477/1588/1645 1478/1590/1647 1480/2657/2758
f 1480/2657/2758 1478/1590/1647 1481/363/2759
f 1488/2658/2760 1485/1593/1650 1487/357/364
f 1485/1593/1650 1491/1595/1652 1487/357/364
f 1494/359/366 1492/1597/1654 1496/360/367
f 1501/2659/2761 1499/1600/1657 1503/363/370
f 1506/2660/2762 1508/364/372 1509/2661/2763
f 1511/2662/2764 1510/365/373 1508/364/372
f 1513/2663/1661 1516/1604/1660 1515/2664/2765
f 1539/374/381 1534/1610/1665 1537/375/382
f 1548/1614/1667 1547/378/385 1550/1612/384
f 1555/382/389 1556/1623/1675 1558/2665/2766
f 1567/1617/1669 1563/387/394 1565/385/392
f 1577/1630/1682 1576/392/399 1588/2666/2767
f 1584/2667/2768 1586/2668/2769 1585/394/401
f 1589/1628/1680 1588/2666/2767 1585/394/401
f 1580/1627/1679 1596/2669/2770 1579/389/396
f 1592/1625/1677 1579/389/396 1576/392/399
f 1599/1636/1687 1598/2670/2771 1611/403/410
f 1615/1638/1689 1618/397/404 1598/2670/2771
f 1612/1632/1684 1611/403/410 1609/406/413
f 1608/401/408 1610/1633/1685 1609/406/413
f 1637/412/419 1629/1646/1697 1632/2671/2772
f 1633/1645/1696 1637/412/419 1636/2672/1694
f 1626/2673/2773 1627/2674/2774 1645/2669/2775
f 1643/410/417 1640/1649/1700 1626/2673/2773
f 1622/407/414 1623/1642/1693 1643/410/417
f 1646/417/425 1648/1652/1703 1647/415/422
f 1652/420/428 1653/1651/1702 1646/417/425
f 1669/1657/1710 1674/2675/2776 1671/429/437
f 1670/1658/1711 1671/429/437 1663/2676/436
f 1680/2677/2777 1681/1654/1706 1659/421/429
f 1666/427/435 1667/1661/1714 1680/2677/2777
f 1674/2675/2776 1675/1660/1713 1664/424/432
f 1699/438/446 1700/2678/2778 1695/2679/2779
f 1698/2680/2780 1696/2681/2781 1699/438/446
f 1695/2679/2779 1701/2682/2782 1687/434/442
f 1707/1664/1718 1706/2683/2783 1691/431/439
f 1705/2684/2784 1703/1665/1719 1691/431/439
f 1687/434/442 1688/1667/1721 1705/2684/2784
f 1728/443/451 1715/1675/1730 1729/439/447
f 1720/2685/1726 1722/1673/1728 1721/447/455
f 1724/444/452 1713/1676/1731 1728/443/451
f 1725/2686/2785 1724/444/452 1721/447/455
f 1752/2687/2786 1732/1682/1736 1731/2485/2787
f 1747/1679/1734 1743/456/464 1745/448/456
f 1743/456/464 1748/1678/1733 1735/454/462
f 1736/1684/1738 1739/451/459 1735/454/462
f 1755/1691/1748 1754/2688/2788 1773/2689/2789
f 1754/2688/2788 1777/1690/1747 1780/2690/2790
f 1843/2506/2791 1814/2691/2792 1813/471/482
f 1812/2692/2793 1828/2693/2794 1827/2694/2795
f 1813/471/482 1836/1703/1761 1839/469/479
f 1824/2695/2796 1821/1699/1756 1832/467/477
f 1830/1700/1757 1824/2695/2796 1829/2696/2797
f 1825/1701/1758 1829/2696/2797 1827/2694/2795
f 1845/2697/1764 1858/1707/1765 1860/476/487
f 1865/478/490 1866/2698/2798 1875/2506/2799
f 1857/473/484 1854/2699/2800 1865/478/490
f 1863/2700/2801 1857/473/484 1862/475/486
f 1858/1707/1765 1862/475/486 1860/476/487
f 1908/2482/2802 1901/2701/2803 1904/2702/2804
f 1888/483/496 1885/1713/1771 1897/488/502
f 1894/1711/1769 1888/483/496 1893/486/500
f 1891/485/499 1889/1715/1773 1893/486/500
f 1919/2703/2805 1922/2704/2806 1926/2705/2807
f 1927/1726/1785 1926/2705/2807 1925/490/505
f 1930/1722/1782 1929/2706/2808 1922/2704/2806
f 1944/497/515 1966/1737/1797 1969/495/512
f 1986/2707/2809 1984/1740/1801 1993/504/523
f 2002/1743/1804 2001/505/524 2018/507/527
f 2014/512/532 2015/1744/1805 2010/509/529
f 2011/1746/1807 2014/512/532 2013/2708/2810
f 2010/509/529 2019/1741/1802 2018/507/527
f 2048/2709/2811 2032/1754/1815 2031/2710/2812
f 2035/1751/1812 2038/2711/2813 2043/516/536
f 2039/1750/1811 2043/516/536 2042/2712/1809
f 2058/1757/1818 2066/522/542 2064/519/539
f 2061/1755/1816 2064/519/539 2063/2713/538
f 2052/1760/1822 2072/2714/2814 2051/2715/2815
f 2066/522/542 2067/2716/2816 2051/2715/2815
f 2084/2717/2817 2081/1765/1827 2085/2718/2818
f 2081/1765/1827 2084/2717/2817 2083/2719/2819
f 2089/1764/1826 2077/527/547 2076/524/544
f 2085/2718/2818 2086/1762/1824 2076/524/544
f 2110/531/552 2096/1767/1829 2095/2629/2820
f 2106/1769/1831 2101/2720/2821 2105/528/549
f 2101/2720/2821 2108/1771/1833 2107/2721/2822
f 2092/1768/1830 2110/531/552 2107/2721/2822
f 2120/2722/2823 2122/1776/1838 2119/2723/2824
f 2124/1775/1837 2111/535/556 2119/2723/2824
f 2126/2724/2825 2114/2725/2826 2111/535/556
f 2131/1785/1846 2130/2629/2827 2142/540/561
f 2135/2726/2828 2137/1782/1843 2136/2727/2829
f 2128/1783/1844 2142/540/561 2138/538/559
f 2136/2727/2829 2139/1781/1842 2138/538/559
f 2150/1791/1852 2152/1789/1850 2151/542/563
f 2151/542/563 2154/1786/1847 2143/545/566
f 2143/545/566 2157/1788/1849 2145/2728/2830
f 2169/1795/1856 2171/550/572 2167/2729/2831
f 2168/2730/2832 2169/1795/1856 2167/2729/2831
f 2159/2731/2833 2174/1793/1854 2162/548/569
f 2178/1798/1859 2177/2629/2834 2189/2732/2835
f 2175/1799/1860 2189/2732/2835 2187/551/573
f 2186/1801/1862 2187/551/573 2185/554/576
f 2203/2733/2836 2191/559/581 2190/556/578
f 2200/1806/1867 2190/556/578 2198/560/583
f 2197/2734/1868 2199/1804/1865 2198/560/583
f 2206/1808/1869 2219/562/585 2216/566/589
f 2209/1810/1871 2208/2629/2837 2219/562/585
f 2215/1812/1873 2216/566/589 2213/2735/1874
f 2220/1818/1878 2235/569/592 2231/571/594
f 2235/569/592 2223/1820/1880 2222/2629/2838
f 2229/574/597 2232/1817/1877 2231/571/594
f 2247/1824/1884 2236/578/601 2244/575/598
f 2239/1823/1883 2238/2492/2839 2236/578/601
f 2260/2736/2840 2259/2737/2841 2261/585/609
f 2261/585/609 2256/2738/2842 2249/583/607
f 2249/583/607 2250/2739/2843 2252/581/604
f 2273/593/617 2274/1827/1887 2264/588/612
f 2277/2740/2844 2276/599/623 2286/597/621
f 2283/594/618 2284/2741/2845 2286/597/621
f 2282/2742/2846 2280/2743/2847 2283/594/618
f 2291/1832/1892 2308/2482/2848 2302/600/625
f 2330/614/639 2332/1846/1905 2321/610/635
f 2329/2744/2849 2327/1849/1908 2330/614/639
f 2342/2745/2850 2334/2746/2851 2341/616/641
f 2340/1854/1913 2341/616/641 2339/2747/1911
f 2347/1859/1918 2346/2748/2852 2353/621/646
f 2358/1861/1920 2357/2749/2853 2364/624/649
f 2361/2750/2854 2365/1862/1921 2364/624/649
f 2390/2751/2855 2372/2752/2856 2371/2753/2857
f 2375/1869/1927 2378/627/652 2381/629/654
f 2369/1864/1923 2390/2751/2855 2368/2754/2858
f 2392/2755/2859 2391/2756/2860 2371/2753/2857
f 2396/1878/1937 2395/2757/2861 2413/641/666
f 2405/634/659 2414/1871/1929 2413/641/666
f 2400/2758/2862 2421/639/664 2399/631/656
f 2411/1872/1930 2405/634/659 2410/2759/2863
f 2409/2760/2864 2406/1874/1932 2410/2759/2863
f 2440/2761/2865 2438/1880/1939 2441/645/671
f 2432/2762/2866 2451/2763/2867 2431/2764/2868
f 2441/645/671 2435/1882/1941 2437/646/672
f 2493/2519/2869 2466/2765/2870 2465/2766/2871
f 2475/2767/2872 2473/2768/2873 2476/655/681
f 2461/2757/2874 2462/2769/2875 2486/2770/2876
f 2476/655/681 2477/1887/1947 2472/652/678
f 2522/2771/2877 2495/2772/2878 2521/2773/2879
f 2504/1889/1949 2521/2773/2879 2503/2774/2880
f 2520/2775/2881 2517/1890/1950 2503/2774/2880
f 2510/2776/2882 2514/1893/1953 2513/2777/2883
f 2509/2778/2884 2507/1896/1956 2510/2776/2882
f 2551/1900/1960 2561/2519/2885 2554/2779/2886
f 2544/2780/2887 2546/1911/1972 2545/2781/2888
f 2586/667/695 2587/1912/1973 2569/662/689
f 2577/1917/1980 2580/664/692 2584/666/694
f 2583/2782/2889 2581/1918/1981 2584/666/694
f 2604/1929/1992 2603/2485/2890 2629/677/706
f 2622/2783/2891 2609/1933/1996 2608/673/702
f 2620/1922/1986 2619/2784/2892 2618/671/700
f 2615/2785/2893 2623/1924/1988 2622/2783/2891
f 2630/1927/1990 2629/677/706 2612/679/708
f 2638/1945/2009 2637/683/712 2669/2506/2894
f 2659/2786/2895 2662/680/709 2637/683/712
f 2664/2787/2896 2633/2788/2897 2663/2789/2898
f 2641/2629/2899 2642/1937/2001 2663/2789/2898
f 2645/1940/2004 2655/2790/2900 2652/685/714
f 2650/2791/2901 2648/1942/2006 2652/685/714
f 2692/2792/2902 2683/1953/2018 2686/693/724
f 2711/2793/733 2725/2794/2903 2724/702/734
f 2720/2795/2904 2729/704/737 2722/2796/2905
f 2726/2797/2906 2722/2796/2905 2724/702/734
f 2754/1965/2033 2756/1967/2035 2755/2798/2907
f 2740/2799/2908 2741/2800/2909 2765/2801/2910
f 2759/2802/2911 2740/2799/2908 2758/2803/2912
f 2748/2804/2913 2758/2803/2912 2751/2805/2914
f 2755/2798/2907 2756/1967/2035 2751/2805/2914
f 2769/710/743 2779/1981/2050 2781/711/744
f 2781/711/744 2782/1979/2048 2778/2806/2915
f 2810/2807/2916 2811/1983/2052 2807/720/753
f 2807/720/753 2812/1985/2054 2797/715/748
f 2850/2007/2077 2853/2808/2917 2826/722/755
f 2860/2669/2918 2855/2002/2072 2854/2809/2919
f 2870/2015/2087 2872/733/767 2877/2810/2920
f 2876/2012/2084 2875/2811/2921 2874/2812/2922
f 2875/2811/2921 2878/2014/2086 2877/2810/2920
f 2880/2813/2923 2881/2010/2081 2862/2814/2924
f 2901/2815/2925 2904/744/779 2909/745/780
f 2907/747/782 2910/2816/2926 2909/745/780
f 2914/2021/2093 2913/741/776 2904/744/779
f 2898/2020/2092 2926/2669/2927 2897/736/770
f 2920/739/773 2917/2018/2090 2897/736/770
f 2893/2757/2928 2894/2817/2929 2920/739/773
f 2951/755/790 2936/2031/2105 2952/757/792
f 2938/2027/2101 2939/2818/2930 2942/753/788
f 2940/2025/2099 2942/753/788 2941/752/787
f 2934/2819/2931 2951/755/790 2945/749/784
f 2964/2033/2107 2957/2820/2932 2955/759/794
f 2960/762/797 2962/2034/2108 2955/759/794
f 2988/2821/2933 2970/2822/2934 2969/767/802
f 2982/2823/2935 2985/2039/2113 2980/764/799
f 3000/2501/2936 2989/2824/2937 2988/2821/2933
f 2992/2825/2938 2995/2808/2939 2969/767/802
f 3013/773/808 3015/2051/2126 3011/777/812
f 3020/2042/2117 3023/769/805 3001/775/810
f 3032/2053/2129 3031/2629/2940 3052/782/817
f 3041/789/825 3042/2056/2133 3037/787/823
f 3026/2826/814 3038/2827/2941 3040/780/815
f 3040/780/815 3042/2056/2133 3041/789/825
f 3037/787/823 3046/2054/2130 3045/784/820
f 3072/2064/2143 3074/799/836 3078/802/839
f 3077/792/828 3079/2062/2141 3078/802/839
f 3097/2482/2942 3085/2061/2139 3088/797/833
f 3090/2828/2943 3093/2829/2944 3089/795/831
f 3068/2629/2945 3069/2059/2137 3089/795/831
f 3081/2813/2946 3082/2830/2947 3064/2831/2948
f 3104/2070/2148 3103/2629/2949 3123/2832/2950
f 3107/2076/2156 3108/2833/2951 3112/803/840
f 3120/2072/2151 3123/2832/2950 3099/2834/2952
f 3138/2082/2163 3164/2669/2953 3137/2835/2954
f 3155/2836/2955 3137/2835/2954 3158/2837/2956
f 3133/2838/2957 3134/2839/2958 3158/2837/2956
f 3151/2840/2959 3152/2841/2960 3133/2838/2957
f 3141/2842/2961 3151/2840/2959 3148/812/849
f 3146/810/847 3144/2079/2160 3148/812/849
f 3178/2094/2175 3181/816/854 3180/818/856
f 3189/2087/2168 3198/2519/2962 3192/2843/2963
f 3166/814/851 3167/2085/2166 3192/2843/2963
f 3185/2813/2964 3186/2086/2167 3166/814/851
f 3211/2102/2182 3210/2844/2965 3208/825/863
f 3218/2845/2966 3201/2846/2967 3220/2847/2968
f 3199/822/860 3200/2099/2180 3220/2847/2968
f 3214/828/866 3215/2097/2178 3199/822/860
f 3231/2103/2183 3230/2848/2969 3244/831/869
f 3242/2849/2970 3241/837/875 3240/2850/2971
f 3230/2848/2969 3231/2103/2183 3234/833/871
f 3260/2115/2195 3261/2114/2194 3262/838/876
f 3265/2109/2189 3255/841/879 3253/843/882
f 3278/2119/2199 3282/849/888 3281/2851/2972
f 3284/2118/2198 3268/844/883 3277/2852/2973
f 3303/2853/899 3302/2129/2211 3304/859/898
f 3304/859/898 3305/2131/2213 3307/857/896
f 3337/866/905 3323/2135/2218 3322/2854/2974
f 3334/2855/2975 3336/2140/2223 3332/868/907
f 3322/2854/2974 3339/2138/2221 3325/864/903
f 3360/876/916 3351/2147/2230 3354/874/913
f 3358/2143/911 3355/875/915 3359/870/909
f 3355/875/915 3351/2147/2230 3360/876/916
f 3363/2146/2229 3362/2856/2976 3354/874/913
f 3366/2857/2977 3370/2519/2978 3369/2858/2979
f 3343/2757/2980 3344/2142/2226 3369/2858/2979
f 3379/2859/2981 3380/2153/2237 3397/2860/2982
f 3392/2151/2235 3388/878/918 3390/2861/2983
f 3406/2862/2984 3409/2158/2242 3400/2863/2985
f 3412/880/920 3403/2162/2246 3413/2669/2986
f 3400/2863/2985 3410/2160/2244 3412/880/920
f 3428/2864/2987 3426/2865/2988 3429/887/927
f 3437/2866/2989 3434/2167/2250 3420/2867/2990
f 3431/2868/2991 3432/2165/2248 3418/2869/2992
f 3450/2174/2257 3453/897/938 3458/898/939
f 3456/900/941 3459/2171/2254 3458/898/939
f 3500/2506/2993 3473/2870/2994 3472/2871/2995
f 3483/2178/2262 3487/901/942 3486/2872/2996
f 3472/2871/2995 3494/2177/2261 3497/2873/2997
f 3503/2190/2275 3502/914/957 3532/2506/2998
f 3526/2189/2274 3529/912/954 3502/914/957
f 3513/906/948 3510/2183/2267 3522/910/952
f 3546/2198/2284 3551/2195/2281 3550/919/963
f 3582/2210/2299 3577/2874/2999 3581/2875/3000
f 3582/2210/2299 3581/2875/3000 3580/2876/3001
f 3577/2874/2999 3586/2209/2298 3585/2813/3002
f 3589/2877/3003 3571/920/964 3592/922/967
f 3568/2878/3004 3592/922/967 3567/2879/3005
f 3630/2482/3006 3619/2220/2310 3622/932/980
f 3604/2216/2306 3615/929/975 3607/923/969
f 3612/2214/2304 3607/923/969 3611/2880/3007
f 3610/928/974 3608/927/973 3611/2880/3007
f 3646/2223/2313 3645/941/990 3644/2881/3008
f 3633/2882/3009 3632/934/982 3647/938/986
f 3679/2883/3010 3662/2884/3011 3682/2885/3012
f 3658/2757/3013 3659/2886/3014 3682/2885/3012
f 3684/2887/3015 3697/2888/3016 3699/2889/3017
f 3718/2482/3018 3707/2237/2328 3710/2890/3019
f 3696/950/999 3693/2891/3020 3703/2892/3021
f 3701/2893/3022 3696/950/999 3700/949/998
f 3699/2889/3017 3697/2888/3016 3700/949/998
f 3721/2894/3023 3720/2895/3024 3732/2896/3025
f 3736/2247/2340 3739/955/1004 3720/2895/3024
f 3733/2241/2333 3732/2896/3025 3729/953/1002
f 3730/2242/2334 3729/953/1002 3728/952/1001
f 3743/2897/3026 3754/2898/3027 3756/964/1013
f 3756/964/1013 3757/2254/2349 3753/2899/3028
f 3744/958/1007 3745/2251/2344 3747/961/1010
f 3759/2900/3029 3760/2249/2342 3744/958/1007
f 3753/2899/3028 3751/2256/2351 3759/2900/3029
f 3790/2258/2354 3767/2901/3030 3773/970/1019
f 3774/2263/2359 3773/970/1019 3771/968/1017
f 3784/975/1024 3785/2259/2355 3771/968/1017
f 3795/2902/3031 3808/2273/2370 3810/2903/3032
f 3830/2482/3033 3819/2277/2375 3822/2904/3034
f 3815/980/1029 3816/2905/3035 3796/2906/3036
f 3807/977/1026 3804/2271/2368 3815/980/1029
f 3812/2269/2366 3807/977/1026 3811/2907/3037
f 3810/2903/3032 3808/2273/2370 3811/2907/3037
f 3833/2280/2378 3832/2485/3038 3860/984/1034
f 3837/2285/2383 3836/2908/3039 3852/992/1042
f 3859/990/1040 3840/2281/2379 3839/988/1038
f 3850/2290/2388 3845/994/1045 3849/982/1032
f 3846/2291/2389 3849/982/1032 3848/981/1031
f 3853/2287/2385 3852/992/1042 3845/994/1045
f 3856/2283/2381 3859/990/1040 3836/2908/3039
f 3861/2278/2376 3860/984/1034 3839/988/1038
f 3898/997/1049 3875/2300/2398 3874/995/1046
f 3878/2306/2404 3881/1000/1052 3887/1003/1055
f 3886/2909/3040 3882/2295/2392 3885/1005/1057
f 3869/2293/2391 3882/2295/2392 3886/2909/3040
f 3885/1005/1057 3888/2307/2405 3887/1003/1055
f 3892/2303/2401 3891/2813/3041 3881/1000/1052
f 3906/2482/3042 3895/2298/2396 3898/997/1049
f 3944/2506/3043 3913/2315/2414 3912/1014/1066
f 3934/2314/2413 3937/1012/1064 3912/1014/1066
f 3938/2910/3044 3939/2911/3045 3907/1006/1058
f 3916/2629/3046 3917/2912/3047 3938/2910/3044
f 3920/2312/2410 3923/1017/1069 3928/1016/1068
f 3927/1009/1061 3924/2310/2408 3928/1016/1068
f 3978/2913/3048 3981/2829/3049 3977/2914/3050
f 3950/1019/1071 3951/2321/2420 3976/2915/3051
f 3969/2813/3052 3970/2322/2421 3950/1019/1071
f 3987/2326/2427 3986/1032/1087 4019/2506/3053
f 3998/2916/3054 4000/2917/3055 3999/2918/3056
f 4001/2919/3057 3998/2916/3054 3999/2918/3056
f 4002/2333/2434 3997/1027/1081 4000/2917/3055
f 4008/2328/2429 4011/2920/3058 3986/1032/1087
f 4026/2338/2439 4025/1036/1091 4045/1040/1095
f 4036/2335/2436 4035/1045/1100 4033/1034/1089
f 4042/2339/2440 4045/1040/1095 4021/1041/1096
f 4028/2921/3059 4050/2501/3060 4035/1045/1100
f 4060/2922/3061 4059/2629/3062 4082/1051/1108
f 4071/1056/1114 4063/2349/2454 4066/1053/1111
f 4067/2923/3063 4069/1059/1117 4070/2924/249
f 4069/1059/1117 4072/2351/2456 4071/1056/1114
f 4066/1053/1111 4076/2346/2450 4075/2813/3064
f 4084/2345/2448 4087/2829/3065 4083/1049/1106
f 4056/2342/2444 4091/2482/3066 4055/1047/1103
f 4102/2357/2463 4105/1065/1126 4109/2925/3067
f 4107/2926/3068 4110/2353/2458 4109/2925/3067
f 4105/1065/1126 4113/2355/2460 4112/1063/1123
f 4150/2927/3069 4154/2519/3070 4153/2928/3071
f 4128/2362/2468 4153/2928/3071 4127/1067/1128
f 4147/2360/2466 4127/1067/1128 4146/1072/1134
f 4135/2365/2471 4146/1072/1134 4138/1070/1132
f 4144/2363/2469 4138/1070/1132 4141/2929/3072
f 4143/2930/3073 4139/2931/3074 4141/2929/3072
f 4171/1078/1140 4173/2370/2476 4169/1077/1139
f 4182/2369/2475 4181/2932/3075 4165/1081/1143
f 4178/2367/2473 4165/1081/1143 4180/2933/3076
f 4161/1074/1136 4162/2376/2481 4180/2933/3076
f 4176/2372/2478 4175/2934/3077 4169/1077/1139
f 4201/2935/3078 4203/2380/2486 4199/2936/3079
f 4190/2384/2490 4193/1088/1151 4189/1089/1152
f 4212/2377/2482 4185/1083/1145 4211/1085/1148
f 4193/1088/1151 4194/2383/2489 4211/1085/1148
f 4199/2936/3079 4197/2387/2493 4205/1091/1154
f 4219/2395/2502 4218/1099/1163 4233/2937/3080
f 4230/2391/2498 4226/2938/3081 4229/2939/3082
f 4234/2399/2506 4233/2937/3080 4226/2938/3081
f 4218/1099/1163 4236/2397/2504 4221/1095/1159
f 4239/2940/3083 4240/2388/2494 4214/1094/1157
f 4221/1095/1159 4222/2394/2501 4239/2940/3083
f 4267/2941/3084 4244/2942/3085 4243/2485/3086
f 4254/2943/3087 4260/2944/3088 4258/1103/1167
f 4268/2945/3089 4267/2941/3084 4252/1108/1172
f 4249/2407/2513 4248/1100/1164 4260/2944/3088
f 4291/1123/1187 4277/2411/2517 4276/1120/1184
f 4283/2946/3090 4285/2947/3091 4289/1111/1175
f 4288/1110/1174 4286/2948/3092 4289/1111/1175
f 4276/1120/1184 4294/2408/2514 4297/1119/1183
f 4329/2949/3093 4327/2415/2521 4311/1124/1188
f 4307/2950/3094 4308/2422/2528 4329/2949/3093
f 4319/2951/3095 4324/2418/2524 4323/2952/3096
f 4317/2953/3097 4320/2416/2522 4319/2951/3095
f 4336/2954/3098 4335/2485/3099 4361/2955/3100
f 4352/2431/2536 4354/1134/1198 4351/1138/1202
f 4352/2431/2536 4351/1138/1202 4348/1131/1195
f 4362/2956/3101 4361/2955/3100 4343/1135/1199
f 4344/2430/2535 4343/1135/1199 4360/2957/3102
f 4340/1127/1191 4341/2426/2532 4360/2957/3102
f 4354/1134/1198 4355/2424/2530 4340/1127/1191
f 4398/2482/3103 4388/2442/2548 4391/2958/3104
f 4384/1145/1209 4385/2434/2540 4366/1139/1203
f 4377/1142/1206 4374/2437/2543 4384/1145/1209
f 4382/2435/2541 4377/1142/1206 4380/2959/3105
f 4381/2960/3106 4378/2440/2546 4380/2959/3105
f 15/2961/3107 133/2962/3108 48/7/7
f 24/2963/3109 133/2962/3108 57/2964/3110
f 132/2965/3111 131/15/15 168/2966/1230
f 115/1147/1211 132/2967/3111 168/1166/1230
f 57/2964/3110 131/15/15 132/2965/3111
f 115/1147/1211 134/2968/3112 132/2967/3111
f 57/2969/3110 132/2967/3111 134/2968/3112
f 131/15/15 133/2962/3108 15/2961/3107
f 34/2970/3113 135/2971/3114 10/2972/3115
f 34/2970/3113 136/2973/3116 135/2971/3114
f 86/2974/3117 221/2975/3118 137/2976/3119
f 35/17/17 138/2977/3120 175/2978/3121
f 24/2979/3109 147/2980/3122 143/2981/3123
f 14/2982/3124 148/2983/3125 146/2984/3126
f 96/1/1 168/1166/1230 167/2/2
f 35/17/17 175/2978/3121 69/36/36
f 195/2985/3127 180/2986/3128 175/2978/3121
f 193/2987/3129 208/2988/3130 30/2989/3131
f 243/1186/1249 231/2990/55 244/2991/3132
f 235/2992/48 228/1179/1243 234/2993/3133
f 244/2991/3132 245/2994/46 234/2993/3133
f 237/2995/51 243/1186/1249 238/1183/49
f 249/2996/65 250/2997/3134 276/2998/3135
f 261/2999/62 260/1195/1257 262/1194/249
f 253/1198/1260 272/3000/58 271/1188/1251
f 278/3001/3136 277/3002/66 276/2998/3135
f 259/3003/60 281/3004/3137 258/1192/1255
f 314/3005/3138 315/3006/3139 313/3007/3140
f 296/3008/3141 295/3009/3142 302/2488/2595
f 320/3010/77 319/3011/3143 332/1207/1269
f 325/3012/78 332/1207/1269 330/1205/1267
f 327/3013/80 330/1205/1267 328/1204/1266
f 339/3014/1271 340/3015/84 342/1210/1272
f 342/1210/1272 343/3016/83 335/1212/1274
f 352/3017/3144 345/3018/3145 348/1216/1277
f 368/3019/3146 370/3020/93 364/1227/1288
f 358/3021/90 376/1225/1286 373/1220/1281
f 364/1227/1288 365/3022/92 373/1220/1281
f 384/3023/100 383/3024/3147 400/1232/1294
f 413/3004/3148 401/3025/101 400/1232/1294
f 426/3026/3149 425/1241/1304 432/3027/3150
f 415/3028/3151 430/3029/3152 429/3030/3153
f 429/3030/3153 430/3029/3152 432/3027/3150
f 425/1241/1304 436/3031/3154 435/3032/3155
f 446/3033/249 445/3034/3156 449/1245/1307
f 467/3035/3157 468/3036/3158 471/1249/1312
f 465/3037/2619 464/3038/2618 463/1253/1316
f 468/3036/3158 467/3035/3157 463/1253/1316
f 480/3039/3159 453/1248/1310 479/3040/3160
f 475/3041/107 474/3042/3161 456/3043/3162
f 472/3044/108 456/3043/3162 471/1249/1312
f 492/3045/3163 491/3046/3164 504/3047/3165
f 498/3048/119 494/3049/3166 497/1255/1318
f 502/3050/116 501/3051/3167 494/3049/3166
f 505/3052/115 504/3047/3165 501/3051/3167
f 519/3053/126 518/2521/2629 521/3054/249
f 516/3055/3168 535/1267/1331 515/1260/1323
f 530/1266/1329 531/3056/129 515/1260/1323
f 512/3057/122 530/1266/1329 511/3058/3169
f 528/3059/120 511/3058/3169 527/1264/1327
f 551/1274/1339 552/3060/132 556/1275/1340
f 539/3061/130 552/3060/132 551/1274/1339
f 563/3062/137 562/1278/1343 567/3063/3170
f 556/1275/1340 550/3064/134 549/1272/1337
f 587/3065/145 575/1287/1354 586/1289/1356
f 585/3066/140 586/1289/1356 582/1283/1350
f 596/1294/1361 601/3067/150 593/3068/3171
f 619/3069/249 618/3070/155 617/1300/1367
f 618/3070/155 616/1298/1365 617/1300/1367
f 610/3071/154 609/3072/3172 616/1298/1365
f 629/1301/249 628/3073/2638 627/1302/1368
f 624/3074/3173 632/3063/3174 631/1304/1370
f 626/3075/3175 631/1304/1370 627/1302/1368
f 637/3076/3176 633/3077/3177 635/3078/249
f 639/3079/158 643/3080/159 642/3081/3178
f 650/160/163 652/3082/165 651/1308/1373
f 651/1308/1373 652/3082/165 656/1306/167
f 662/3083/3179 663/1312/1376 659/1310/1374
f 664/3084/2644 666/3085/3180 665/1313/1377
f 665/1313/1377 666/3085/3180 669/1314/1378
f 672/1316/1380 673/3086/170 677/1317/1381
f 683/3087/3181 684/1322/1385 679/1320/1383
f 687/1323/1386 691/3088/3182 690/1324/1387
f 692/1326/249 695/3089/171 694/1327/1389
f 697/3083/173 698/1329/1391 694/1327/1389
f 699/1330/1392 700/3090/3183 703/1331/1393
f 716/3091/177 718/1340/1401 713/1338/1399
f 721/3092/2656 720/1342/1403 722/3093/2655
f 720/1342/1403 726/3094/3184 725/3095/3185
f 729/3096/2658 728/3097/3186 730/3098/3187
f 728/3097/3186 734/3099/3188 733/3100/3189
f 742/3101/3190 741/3102/3191 745/1346/1407
f 763/3103/186 760/1350/1410 758/1349/184
f 769/1352/1412 772/3104/3192 771/1353/1413
f 780/1355/1415 779/3105/2664 778/1356/1416
f 778/1356/1416 781/3106/3193 775/3107/3194
f 786/1358/1418 792/3108/3195 791/1359/1419
f 788/3109/3196 787/3110/3197 791/1359/1419
f 798/1364/1424 803/3111/2666 802/1362/1422
f 804/3112/3198 800/3113/3199 802/1362/1422
f 811/3114/3200 809/3115/3201 814/3116/3202
f 815/1365/1425 818/3117/3203 817/1366/1426
f 820/3118/189 823/3119/3204 821/3120/3205
f 838/3121/3206 848/3122/3207 844/1373/1433
f 851/3123/194 840/3124/3208 850/1376/1436
f 844/1373/1433 845/3125/3209 850/1376/1436
f 858/1378/1438 859/3126/3210 863/1379/1439
f 871/3127/197 870/1382/1441 868/1381/195
f 890/3128/201 889/3129/3211 884/3130/249
f 889/3129/3211 890/3128/201 886/3131/3212
f 898/3132/206 896/3133/3213 897/3134/3214
f 905/3135/209 904/3136/3215 907/1385/1443
f 915/1388/1446 916/3137/212 920/3138/3216
f 933/3139/220 932/3140/3217 943/1394/1452
f 937/3141/218 936/1391/1449 939/1390/1448
f 944/3142/221 943/1394/1452 936/1391/1449
f 969/3143/229 964/3144/3218 968/1397/1455
f 996/1402/1460 997/3145/2691 999/1403/1461
f 1002/1407/1465 1009/3146/3219 1008/1405/1463
f 1024/1411/237 1026/3147/236 1025/1413/1470
f 1030/3148/3220 1029/3149/3221 1033/1416/1473
f 1042/3150/2697 1045/1420/1477 1043/1419/1476
f 1049/3151/3222 1048/1423/1480 1057/1425/1483
f 1054/3152/239 1057/1425/1483 1050/1427/1484
f 1063/1433/1491 1062/3153/242 1061/1432/1489
f 1064/3154/243 1063/1433/1491 1065/1429/1486
f 1073/1440/1498 1081/3155/3223 1072/1438/1496
f 1074/3156/3224 1073/1440/1498 1075/1435/1493
f 1089/3157/3225 1086/1442/1500 1091/1441/1499
f 1094/3158/3226 1085/3159/3227 1095/3160/3228
f 1087/3161/3229 1094/3158/3226 1086/1442/1500
f 1105/1445/1503 1100/3162/244 1108/3163/3230
f 1117/3164/251 1113/3165/3231 1114/1447/1505
f 1124/3166/3232 1125/3167/256 1138/3063/3233
f 1135/3168/3234 1136/3169/257 1124/3166/3232
f 1126/1450/1507 1127/3170/258 1135/3168/3234
f 1132/3171/3235 1126/1450/1507 1129/1454/1511
f 1150/3172/3236 1144/3173/264 1153/1460/1517
f 1147/3174/266 1150/3172/3236 1146/1457/1514
f 1142/3175/261 1156/3063/3237 1141/3176/3238
f 1154/3177/262 1141/3176/3238 1153/1460/1517
f 1164/1465/1522 1165/3178/269 1162/1466/1523
f 1162/1466/1523 1163/3179/268 1170/3180/3239
f 1180/3181/3240 1181/3182/270 1172/1471/1528
f 1188/3183/3241 1187/1476/1534 1189/1473/1531
f 1207/3184/3242 1198/3185/3243 1206/1478/1536
f 1203/3186/3244 1199/3187/3245 1206/1478/1536
f 1199/3187/3245 1203/3186/3244 1200/2622/249
f 1218/1484/1542 1226/3188/287 1212/1481/1539
f 1228/3189/280 1227/3190/3246 1212/1481/1539
f 1223/3191/283 1218/1484/1542 1219/1487/1544
f 1243/1495/1552 1231/3192/290 1244/1492/1549
f 1240/1490/1547 1238/3193/293 1237/1488/1545
f 1237/1488/1545 1238/3193/293 1243/1495/1552
f 1251/3194/296 1250/3195/3247 1260/1501/1558
f 1256/3196/301 1253/1496/1553 1255/1498/1555
f 1247/3197/297 1260/1501/1558 1259/1499/1556
f 1254/3198/299 1259/1499/1556 1253/1496/1553
f 1272/3199/305 1269/1504/1561 1271/1503/1560
f 1270/3200/307 1275/1506/1563 1269/1504/1561
f 1278/3201/310 1277/1508/1565 1283/1511/1568
f 1285/3202/308 1283/1511/1568 1284/1513/1570
f 1301/3203/318 1300/1520/1578 1303/3204/249
f 1300/1520/1578 1305/3205/316 1294/1518/1576
f 1306/3206/315 1297/1516/1573 1294/1518/1576
f 1321/1530/1588 1315/3207/322 1314/1527/1585
f 1317/3208/320 1321/1530/1588 1316/1529/1587
f 1314/1527/1585 1315/3207/322 1324/1525/1583
f 1309/3209/3248 1326/1522/1580 1324/1525/1583
f 1343/3210/325 1333/1534/1592 1330/3211/3249
f 1342/3212/323 1330/3211/3249 1336/1532/1590
f 1340/3213/327 1336/1532/1590 1337/3214/3250
f 1353/1541/1599 1355/3215/3251 1354/1539/1597
f 1354/1539/1597 1355/3215/3251 1352/3216/3252
f 1352/3216/3252 1347/3217/3253 1346/3218/3254
f 1371/1545/1603 1372/3219/333 1373/1547/1605
f 1368/1542/1600 1367/3220/2742 1366/1543/1601
f 1365/3221/331 1371/1545/1603 1366/1543/1601
f 1391/3222/337 1379/1552/1610 1376/1549/1607
f 1389/3223/339 1376/1549/1607 1381/1556/1614
f 1386/3224/340 1381/1556/1614 1383/1554/1612
f 1410/3225/348 1394/3226/3255 1409/3227/3256
f 1412/3228/350 1411/1562/1620 1394/3226/3255
f 1402/1560/1618 1401/3229/345 1400/1558/1616
f 1418/3230/353 1417/1565/1623 1420/3231/3257
f 1418/3230/353 1415/1566/1624 1417/1565/1623
f 1429/3232/3258 1430/3233/3259 1427/3234/249
f 1440/3235/3260 1439/1571/1629 1437/3236/2750
f 1452/1578/249 1455/3237/354 1454/1579/1636
f 1457/3238/356 1458/1581/1638 1454/1579/1636
f 1468/3239/359 1469/3240/3261 1465/1586/1643
f 1470/3241/2755 1472/3242/362 1471/2655/2756
f 1471/2655/2756 1472/3242/362 1475/3243/3262
f 1486/3244/363 1490/3245/365 1489/1594/1651
f 1497/3246/368 1498/1599/1656 1493/1596/1653
f 1502/3247/249 1500/3248/369 1499/1600/1657
f 1499/1600/1657 1500/3248/369 1505/1601/371
f 1506/2660/2762 1507/3249/374 1512/3250/3263
f 1518/1606/249 1522/3251/376 1521/1607/1662
f 1527/3252/377 1526/3253/379 1528/3254/3264
f 1533/1611/1666 1539/3255/381 1538/1609/1664
f 1536/3256/383 1535/3257/3265 1538/1609/1664
f 1546/3258/387 1545/3259/3266 1549/1613/386
f 1564/1616/393 1568/3260/395 1562/1624/1676
f 1571/3261/388 1570/1622/1674 1562/1624/1676
f 1572/3262/3267 1561/3263/3268 1560/1620/1671
f 1582/3264/397 1595/3001/3269 1581/1626/1678
f 1593/3265/3270 1594/3266/398 1581/1626/1678
f 1578/3267/400 1593/3265/3270 1590/1629/1681
f 1584/2667/2768 1583/3268/403 1587/3269/3271
f 1597/1635/407 1607/3270/409 1606/1634/1686
f 1603/3271/405 1620/3001/3272 1602/3272/3273
f 1617/3273/406 1602/3272/3273 1616/1637/1688
f 1604/1631/1683 1605/3274/412 1613/1639/1690
f 1641/1648/1699 1642/3275/418 1628/3276/3274
f 1625/3277/415 1641/1648/1699 1624/1641/1692
f 1639/3278/416 1624/1641/1692 1630/1647/1698
f 1654/1650/1701 1651/3279/426 1655/3280/3275
f 1656/3281/424 1649/1653/1704 1655/3280/3275
f 1682/3282/431 1662/1655/1707 1668/1662/1715
f 1679/3283/433 1668/1662/1715 1678/3284/3276
f 1677/3285/434 1676/1659/1712 1672/1656/1709
f 1670/1658/1711 1673/3286/438 1672/1656/1709
f 1698/2680/2780 1697/3287/445 1696/2681/2781
f 1696/2681/2781 1697/3287/445 1693/3288/3277
f 1692/1666/1720 1708/3289/440 1686/1663/1716
f 1704/3290/441 1692/1666/1720 1689/1668/1722
f 1694/3291/444 1702/3292/3278 1693/3288/3277
f 1714/3293/450 1727/1674/1729 1726/3294/3279
f 1717/3295/449 1716/3296/3280 1727/1674/1729
f 1723/1672/1727 1718/3297/453 1726/3294/3279
f 1720/1671/1726 1719/3298/454 1723/1672/1727
f 1716/3296/3280 1717/3295/449 1712/1669/1723
f 1753/1681/1735 1733/3299/3281 1734/2997/3282
f 1749/3300/3283 1738/3301/461 1737/3302/3284
f 1737/3302/3284 1738/3301/461 1751/1685/1739
f 1751/1685/1739 1741/3303/460 1753/1681/1735
f 1766/3304/3285 1772/3305/466 1763/1686/1741
f 1776/3306/3286 1782/3307/3287 1775/1688/1743
f 1763/1686/1741 1764/3308/469 1775/1688/1743
f 1806/3309/3288 1811/3307/3289 1805/1696/1753
f 1793/1693/1750 1794/3310/475 1805/1696/1753
f 1826/3311/3290 1825/1701/1758 1828/2693/2794
f 1812/3312/2793 1826/3311/3290 1828/2693/2794
f 1831/3313/3291 1822/1698/1755 1825/1701/1758
f 1838/3314/481 1837/1704/1762 1842/3063/3292
f 1835/3315/478 1815/3316/3293 1834/1702/1759
f 1849/3317/494 1848/3024/3294 1867/3318/3295
f 1859/3319/488 1862/3320/486 1864/3321/3296
f 1871/3322/3297 1873/3323/3298 1870/1709/1767
f 1880/3324/3299 1879/3024/3300 1899/1716/1774
f 1903/3325/3301 1906/3323/3302 1902/3326/3303
f 1887/3327/497 1909/3004/3304 1886/1712/1770
f 1896/3328/495 1886/1712/1770 1895/1714/1772
f 1890/3329/498 1893/3330/500 1895/1714/1772
f 1910/3331/504 1924/1725/506 1923/1727/1786
f 1935/3332/507 1934/3333/3305 1913/3334/3306
f 1917/1719/1778 1918/3335/3307 1939/1721/1780
f 1920/3336/3308 1921/3337/3309 1943/3004/3310
f 1928/3338/3311 1920/3336/3308 1927/1726/1785
f 1964/3339/3312 1947/3340/516 1946/1736/1796
f 1946/1736/1796 1968/3341/514 1967/3333/3313
f 1951/3342/3314 1972/3343/3315 1973/3001/3316
f 1951/3342/3314 1973/3001/3316 1950/1728/1788
f 1953/1731/1791 1954/3344/3317 1965/3345/517
f 1960/3346/3318 1953/1731/1791 1957/1734/1794
f 1995/3347/3319 1979/3348/521 1978/3349/3320
f 1985/1739/1800 1996/3350/522 1995/3347/3319
f 1978/3349/3320 1999/3351/520 1998/3352/3321
f 1992/3353/3322 1985/1739/1800 1991/1738/1799
f 1987/3354/3323 1988/3355/3324 1991/1738/1799
f 2004/3356/526 2003/3357/3325 2020/1742/1803
f 2013/3358/2810 2012/3359/531 2011/1746/1807
f 2021/3360/528 2020/1742/1803 2009/1745/1806
f 2017/3361/530 2009/1745/1806 2016/1747/1808
f 2030/3362/534 2029/1753/1814 2046/3363/3326
f 2037/3364/535 2046/3363/3326 2036/3365/3327
f 2034/3366/3328 2050/3001/3329 2033/3367/3330
f 2047/3368/3331 2033/3367/3330 2029/1753/1814
f 2069/3369/543 2053/3370/3332 2068/3371/3333
f 2057/3372/3334 2056/1759/1820 2070/1761/1823
f 2053/3370/3332 2071/3373/3335 2070/1761/1823
f 2065/3374/540 2059/3375/3336 2062/1756/1817
f 2084/3376/2817 2082/3377/3337 2083/2719/2819
f 2091/3378/545 2090/3379/3338 2087/1763/1825
f 2082/3377/3337 2088/3380/546 2087/1763/1825
f 2094/3381/554 2093/3382/3339 2099/1770/1832
f 2100/3383/550 2099/1770/1832 2103/1773/1835
f 2117/3384/3340 2116/3195/3341 2127/3385/3342
f 2120/3386/2823 2123/1774/1836 2121/1777/249
f 2113/3387/557 2127/3385/3342 2125/1778/1839
f 2118/3388/555 2125/1778/1839 2123/1774/1836
f 2140/1780/1841 2129/3389/560 2141/1784/1845
f 2141/1784/1845 2133/3390/562 2132/3195/3343
f 2134/3391/558 2140/1780/1841 2137/1782/1843
f 2148/3392/3344 2147/3195/3345 2158/3393/3346
f 2144/3394/567 2158/3393/3346 2155/1787/1848
f 2156/3395/564 2155/1787/1848 2149/1790/1851
f 2166/3396/571 2173/1796/1857 2170/3397/3347
f 2167/3398/2831 2170/3397/3347 2168/3399/2832
f 2184/3400/577 2181/1803/1864 2183/1802/1863
f 2176/3401/574 2179/1797/1858 2188/1800/1861
f 2182/3402/575 2188/1800/1861 2181/1803/1864
f 2202/3403/580 2201/3404/3348 2195/1805/1866
f 2217/1811/1872 2207/3405/587 2218/1809/1870
f 2211/3406/586 2210/3195/3349 2218/1809/1870
f 2233/1821/1881 2221/3407/591 2234/1819/1879
f 2225/3408/593 2224/3195/3350 2234/1819/1879
f 2230/1816/1876 2226/3409/595 2233/1821/1881
f 2227/3410/596 2230/1816/1876 2228/1815/1875
f 2245/3411/600 2243/3412/599 2242/3413/3351
f 2263/3414/606 2254/3415/3352 2251/3416/3353
f 2262/3417/608 2251/3416/3353 2257/3418/3354
f 2258/3419/610 2257/3418/3354 2259/2737/2841
f 2268/1828/1888 2275/3420/611 2266/1825/1885
f 2272/1829/1889 2269/3421/615 2268/1828/1888
f 2289/3422/622 2278/3423/3355 2288/3424/3356
f 2279/3425/619 2288/3424/3356 2285/3426/3357
f 2280/2743/2847 2281/3427/620 2285/3426/3357
f 2301/3428/628 2295/1834/1894 2297/1837/630
f 2310/3429/633 2309/1840/1899 2318/1842/1901
f 2311/3430/3358 2318/1842/1901 2313/1845/1904
f 2331/1850/1909 2333/3431/637 2323/1847/1906
f 2327/1849/1908 2328/3432/638 2331/1850/1909
f 2339/1852/1911 2338/3433/644 2337/1853/1912
f 2335/3434/642 2345/3063/3359 2343/3435/3360
f 2336/3436/643 2343/3435/3360 2337/1853/1912
f 2351/3437/1916 2350/3438/645 2349/1855/1914
f 2348/3439/3361 2356/3063/3362 2354/1858/1917
f 2363/3440/3363 2360/3441/648 2366/1860/1919
f 2361/3442/2854 2363/3440/3363 2362/3443/3364
f 2359/3444/650 2367/3063/3365 2366/1860/1919
f 2377/3445/651 2376/3446/3366 2383/1867/1925
f 2379/3447/655 2383/1867/1925 2380/1866/249
f 2387/3448/653 2386/1863/1922 2376/3446/3366
f 2374/3449/3367 2393/3450/3368 2373/3451/3369
f 2389/3452/3370 2373/3451/3369 2388/3453/3371
f 2370/3454/3372 2388/3453/3371 2386/1863/1922
f 2426/3307/3373 2398/3455/663 2397/1879/1938
f 2403/1870/1928 2404/3456/660 2415/3457/3374
f 2412/3458/661 2403/1870/1928 2407/1873/1931
f 2434/3459/3375 2433/3460/3376 2448/1884/1943
f 2440/2761/2865 2439/3461/673 2438/1880/1939
f 2454/3462/3377 2453/3463/3378 2433/3460/3376
f 2430/3464/670 2456/3063/3379 2429/3465/3380
f 2445/3466/3381 2446/3467/668 2429/3465/3380
f 2442/1881/1940 2436/3468/674 2445/3466/3381
f 2438/1880/1939 2439/3461/673 2442/1881/1940
f 2485/3469/3382 2484/3333/3383 2463/3470/3384
f 2468/3471/3385 2492/3001/3386 2467/3472/3387
f 2478/3473/680 2470/1885/1945 2477/1887/1947
f 2523/3474/3388 2497/3475/3389 2498/2997/3390
f 2506/1892/1952 2516/3476/685 2515/1899/1959
f 2502/1898/1958 2519/3477/684 2518/1888/1948
f 2525/3001/3391 2524/3478/3392 2523/3474/3388
f 2512/3479/3393 2506/1892/1952 2511/1891/1951
f 2549/1907/1968 2533/3480/3394 2532/1905/1965
f 2542/3481/3395 2545/3482/2888 2539/1909/1970
f 2563/3004/3396 2550/3483/3397 2549/1907/1968
f 2553/3484/3398 2552/3333/3399 2532/1905/1965
f 2558/3485/3400 2559/3006/3401 2557/1903/1963
f 2582/3486/3402 2585/1916/1979 2581/1918/1981
f 2568/3487/249 2582/3486/3402 2581/1918/1981
f 2597/3488/3403 2598/3006/3404 2596/1919/1982
f 2588/3489/3405 2589/3490/691 2571/1913/1974
f 2605/3491/707 2606/2997/3406 2631/1928/1991
f 2614/3492/3407 2624/1935/1998 2621/1923/1987
f 2616/1925/1989 2617/3493/701 2621/1923/1987
f 2665/3494/3408 2635/3495/3409 2636/2997/3410
f 2640/3496/713 2639/3024/3411 2657/1944/2008
f 2648/1942/2006 2654/3497/716 2646/1939/2003
f 2670/3004/3412 2658/3498/3413 2657/1944/2008
f 2667/3001/3414 2666/3499/3415 2665/3494/3408
f 2690/1951/2016 2691/3122/3416 2688/1949/2014
f 2700/3500/721 2699/3333/3417 2677/3501/3418
f 2705/3502/3419 2706/3006/3420 2704/1956/2022
f 2697/3503/3421 2708/3307/3422 2696/1954/2020
f 2685/3504/726 2684/3505/3423 2693/1952/2017
f 2688/1949/2014 2689/3506/3424 2693/1952/2017
f 2727/3507/3425 2728/3508/739 2721/3509/3426
f 2725/2794/2903 2723/3510/735 2727/3507/3425
f 2711/2793/733 2723/3510/735 2725/2794/2903
f 2760/3511/3427 2743/3512/3428 2742/3513/3429
f 2747/3514/3430 2746/1969/2037 2763/1971/2040
f 2757/3515/3431 2750/3516/3432 2749/3517/3433
f 2752/1966/2034 2753/3518/3434 2757/3515/3431
f 2749/3517/3433 2761/3519/3435 2760/3511/3427
f 2742/3513/3429 2764/3520/3436 2763/1971/2040
f 2773/3521/3437 2772/1976/2045 2787/1977/2046
f 2769/3522/743 2780/3523/745 2779/1981/2050
f 2777/1980/2049 2788/3524/3438 2787/1977/2046
f 2791/3525/742 2790/1973/2042 2772/1976/2045
f 2776/3526/741 2794/3001/3439 2790/1973/2042
f 2784/3527/746 2777/1980/2049 2783/1982/2051
f 2816/1991/2061 2804/3528/751 2803/1989/2058
f 2796/1987/2056 2809/3529/752 2808/1986/2055
f 2808/1986/2055 2809/3529/752 2805/1984/2053
f 2814/3530/747 2799/1992/2062 2813/3531/3440
f 2805/1984/2053 2806/3532/754 2813/3531/3440
f 2829/3533/757 2828/2009/2080 2848/3534/3441
f 2851/2008/2078 2833/3535/3442 2832/2006/2076
f 2861/3004/3443 2849/3536/759 2848/3534/3441
f 2828/2009/2080 2852/3537/756 2851/2008/2078
f 2886/3538/765 2890/3323/3444 2885/3539/3445
f 2896/3540/777 2895/3541/3446 2915/2022/2094
f 2916/3542/775 2915/2022/2094 2929/3004/3447
f 2900/3543/771 2925/3001/3448 2899/2019/2091
f 2918/3333/3449 2919/3544/772 2899/2019/2091
f 2954/3545/793 2933/2024/2097 2937/2030/2104
f 2950/3546/791 2937/2030/2104 2949/3547/3450
f 2963/2035/2109 2956/3548/796 2965/2032/2106
f 2966/3549/795 2968/3001/3451 2965/2032/2106
f 2961/2036/2110 2958/3550/798 2963/2035/2109
f 2990/3551/3452 2991/3552/3453 2971/3553/3454
f 2978/3554/3455 2979/3555/800 2990/3551/3452
f 2987/3556/801 2978/3554/3455 2986/3557/3456
f 2987/3556/801 2986/3557/3456 2981/2038/2112
f 3019/2047/2122 3004/3558/811 3003/2045/2120
f 3016/2050/2125 3010/3559/813 3009/2048/2123
f 3012/3560/809 3016/2050/2125 3014/3561/249
f 3009/2048/2123 3010/3559/813 3019/2047/2122
f 3022/3562/807 3021/2043/2118 3003/2045/2120
f 3034/3563/818 3033/3195/3457 3050/2052/2128
f 3048/3564/822 3047/2055/2131 3035/2057/2134
f 3083/3565/3458 3067/3566/3459 3066/2060/2138
f 3078/3567/839 3080/2063/2142 3076/2066/829
f 3098/3004/3460 3084/3568/837 3083/3565/3458
f 3066/2060/2138 3087/3569/835 3086/3333/3461
f 3071/3570/830 3094/3001/3462 3070/2058/2136
f 3102/3571/844 3101/2074/2154 3118/3572/3463
f 3127/3004/3464 3119/3573/845 3118/3572/3463
f 3119/3573/845 3127/3004/3464 3114/2075/2155
f 3109/2068/2146 3110/3574/842 3114/2075/2155
f 3153/3575/3465 3136/3576/3466 3135/3577/3467
f 3140/3578/3468 3139/3195/3469 3156/3579/3470
f 3150/2080/2161 3143/3580/850 3142/3581/3471
f 3147/3582/3472 3145/3583/848 3144/2079/2160
f 3144/2079/2160 3145/3583/848 3150/2080/2161
f 3142/3581/3471 3154/3584/3473 3153/3575/3465
f 3157/3585/3474 3156/3579/3470 3135/3577/3467
f 3161/2083/2164 3162/3586/3475 3131/2078/2158
f 3196/3587/858 3195/3463/3476 3197/3001/3477
f 3187/2095/2176 3188/3588/853 3168/2084/2165
f 3175/2091/2172 3176/3589/3478 3187/2095/2176
f 3184/3590/855 3175/2091/2172 3183/2093/2174
f 3179/3591/3479 3180/3592/856 3183/2093/2174
f 3213/3593/864 3212/3594/3480 3207/2101/2181
f 3225/3063/3481 3219/3595/861 3202/3596/3482
f 3219/3595/861 3225/3063/3481 3216/2098/2179
f 3247/2104/2184 3248/3597/873 3236/3598/3483
f 3238/3599/868 3237/3600/3484 3243/3601/3485
f 3240/3602/2971 3239/3603/874 3243/3601/3485
f 3236/3598/3483 3252/3604/872 3251/3605/3486
f 3264/2108/2188 3266/3606/881 3257/2111/2191
f 3258/2113/2193 3259/3607/878 3264/2108/2188
f 3289/3608/887 3274/2122/2202 3288/2124/2205
f 3281/2851/2972 3280/3609/890 3279/2120/2200
f 3271/3610/884 3288/2124/2205 3270/3611/3487
f 3285/3612/3488 3286/3613/885 3270/3611/3487
f 3275/2117/2197 3276/3614/889 3285/3612/3488
f 3313/3615/895 3300/2126/2207 3312/2128/2210
f 3302/2129/2211 3303/3616/899 3301/2130/2212
f 3297/3617/893 3312/2128/2210 3296/3618/3489
f 3309/3619/3490 3310/3620/891 3296/3618/3489
f 3338/2134/2217 3324/3621/904 3340/2137/2220
f 3333/3622/908 3330/2139/2222 3335/3623/3491
f 3327/3624/3492 3328/3625/902 3321/2133/2215
f 3330/2139/2222 3331/3626/906 3338/2134/2217
f 3361/3627/3493 3353/3628/912 3352/2145/2228
f 3357/3629/910 3356/2144/2227 3358/2143/911
f 3356/2144/2227 3360/3630/916 3361/3627/3493
f 3368/3631/3494 3367/3632/3495 3372/3063/3496
f 3365/3633/3497 3345/2141/2225 3364/3489/3498
f 3385/3634/3499 3384/3635/3500 3395/2154/2238
f 3391/3636/2236 3389/3637/3501 3386/2150/2234
f 3387/3638/917 3394/2157/2241 3386/2150/2234
f 3408/3639/3502 3405/2163/2247 3407/2164/249
f 3411/3640/921 3404/2161/2245 3401/2159/2243
f 3405/2163/2247 3402/3641/922 3401/2159/2243
f 3416/3642/924 3417/2997/3503 3440/3643/3504
f 3433/3644/3505 3419/3645/3506 3435/2166/2249
f 3423/3646/925 3422/3647/3507 3435/2166/2249
f 3427/3648/926 3426/2865/2988 3428/2864/2987
f 3426/2865/2988 3427/3648/926 3424/2169/2252
f 3424/2169/2252 3425/3649/928 3433/3644/3505
f 3422/3647/3507 3423/3646/925 3440/3643/3504
f 3464/3650/3508 3445/3651/934 3444/3652/3509
f 3452/3653/937 3451/2173/2255 3460/2175/2258
f 3454/2170/2253 3461/3654/940 3460/2175/2258
f 3465/3655/935 3464/3650/3508 3451/2173/2255
f 3483/2178/2262 3485/3656/944 3484/2179/2263
f 3475/3657/3510 3499/3063/3511 3474/3658/3512
f 3493/3659/946 3474/3658/3512 3492/3660/3513
f 3489/3661/943 3481/3662/3514 3484/2179/2263
f 3504/2191/2276 3528/3663/956 3527/2188/2272
f 3512/3664/949 3533/3004/3515 3511/2182/2266
f 3521/3665/950 3511/2182/2266 3520/2187/2271
f 3515/2184/2268 3516/3666/951 3520/2187/2271
f 3537/3667/3516 3536/2203/2290 3556/2204/2292
f 3565/3004/3517 3557/3668/961 3556/2204/2292
f 3560/3669/3518 3559/2200/2286 3536/2203/2290
f 3547/2197/2283 3553/3670/962 3552/2199/2285
f 3587/2208/2296 3570/3671/3519 3569/3672/3520
f 3584/3673/3521 3583/3674/3522 3579/2206/2294
f 3617/2222/2312 3599/3675/3523 3598/2219/2309
f 3621/3676/981 3620/3333/3524 3598/2219/2309
f 3605/2215/2305 3606/3677/970 3616/2221/2311
f 3614/3678/971 3605/2215/2305 3613/2217/2307
f 3609/3679/3525 3611/3680/3007 3613/2217/2307
f 3631/2227/2317 3643/3681/989 3642/2226/2316
f 3643/3681/989 3640/2224/2314 3642/2226/2316
f 3634/3682/983 3657/3063/3526 3648/3683/3527
f 3661/3684/992 3660/3685/3528 3677/3686/3529
f 3665/3687/3530 3664/3195/3531 3680/3688/3532
f 3671/3689/3533 3670/3690/996 3669/3691/3534
f 3669/3691/3534 3674/3692/995 3667/2232/2322
f 3683/3004/3535 3678/3693/993 3677/3686/3529
f 3660/3685/3528 3681/3694/3536 3680/3688/3532
f 3688/3695/3537 3687/2236/2327 3705/2239/2331
f 3702/3696/3538 3695/3697/1000 3694/3698/3539
f 3684/2887/3015 3699/3699/3017 3698/3700/3540
f 3700/3701/998 3702/3696/3538 3698/3700/3540
f 3694/3698/3539 3706/3702/3541 3705/2239/2331
f 3692/3703/3542 3715/3001/3543 3691/2234/2324
f 3709/3704/3544 3691/2234/2324 3708/3333/3545
f 3725/3705/1005 3724/2246/2338 3737/2248/2341
f 3738/3706/1006 3737/2248/2341 3722/3707/3546
f 3734/3708/3547 3735/3709/3548 3722/3707/3546
f 3727/2244/2336 3728/3710/1001 3731/2240/2332
f 3743/3711/3026 3755/3712/1015 3754/2898/3027
f 3754/2898/3027 3758/3713/1014 3752/2255/2350
f 3762/3714/1009 3761/2250/2343 3752/2255/2350
f 3746/3715/1008 3763/2253/2348 3761/2250/2343
f 3778/3716/1022 3777/2265/2361 3783/3717/3549
f 3780/3718/1023 3783/3717/3549 3781/3719/3550
f 3769/3720/1025 3770/2257/2352 3775/2264/2360
f 3788/2262/2358 3789/3721/1018 3775/2264/2360
f 3789/3721/1018 3788/2262/2358 3786/2260/2356
f 3817/3722/3551 3799/3723/3552 3798/2276/2374
f 3795/3724/3031 3810/3122/3032 3809/3725/3553
f 3826/3726/3554 3827/3006/3555 3825/2274/2371
f 3802/2267/2364 3803/3727/3556 3825/2274/2371
f 3820/3333/3557 3821/3728/3558 3802/2267/2364
f 3806/3729/1027 3831/3004/3559 3805/2270/2367
f 3814/3730/1028 3805/2270/2367 3813/2272/2369
f 3809/3725/3553 3811/3731/3037 3813/2272/2369
f 3834/3732/1035 3835/2997/3560 3862/2279/2377
f 3842/3733/1037 3841/2282/2380 3857/2284/2382
f 3843/2289/2387 3855/3734/1041 3854/2288/2386
f 3838/2286/2384 3858/3735/1039 3857/2284/2382
f 3863/3736/1036 3862/2279/2377 3841/2282/2380
f 3873/3737/3561 3872/2302/2400 3893/2304/2402
f 3877/3738/1048 3876/3195/3562 3896/2299/2397
f 3880/3739/1051 3879/2305/2403 3889/2308/2406
f 3869/2293/2391 3886/3122/3040 3884/2294/1056
f 3883/2309/2407 3890/3740/1054 3889/2308/2406
f 3894/3741/1053 3893/2304/2402 3879/2305/2403
f 3872/2302/2400 3897/3742/1050 3896/2299/2397
f 3902/3743/3563 3903/3006/3564 3901/2296/2393
f 3915/3744/1067 3914/2316/2415 3932/2318/2417
f 3919/3745/1065 3918/3746/3565 3935/2313/2411
f 3929/2311/2409 3922/3747/1070 3921/2319/2418
f 3928/3748/1068 3929/2311/2409 3925/3749/3566
f 3933/3750/3567 3932/2318/2417 3921/2319/2418
f 3914/2316/2415 3936/3751/1063 3935/2313/2411
f 3918/3746/3565 3941/3752/3568 3940/3753/3569
f 3968/3754/3570 3960/3755/1079 3959/3756/3571
f 3964/3757/1076 3963/3758/3572 3962/3759/3573
f 3963/3758/3572 3966/3760/1080 3968/3754/3570
f 3984/3001/3574 3980/3761/3575 3979/3762/3576
f 3972/3763/1073 3952/2320/2419 3971/3489/3577
f 4006/2330/2431 3989/3764/1086 3988/2327/2428
f 3999/3765/3056 4002/2333/2434 4001/3766/3057
f 3993/3767/3578 4016/3001/3579 3992/2324/2425
f 4010/3768/3580 3992/2324/2425 4009/3333/3581
f 3996/3769/1082 4020/3004/3582 3995/2331/2432
f 4040/3770/3583 4024/3771/1097 4023/2341/2442
f 4037/3772/3584 4030/3773/1101 4029/3774/3585
f 4031/2334/2435 4032/3775/1090 4037/3772/3584
f 4029/3774/3585 4041/3776/1098 4040/3770/3583
f 4023/2341/2442 4044/3777/1094 4043/2340/2441
f 4065/3778/1113 4064/2348/2453 4073/2350/2455
f 4074/3779/1115 4073/2350/2455 4072/2351/2456
f 4078/3780/1112 4077/2347/2451 4064/2348/2453
f 4086/3781/1107 4088/3006/3586 4085/2344/2447
f 4057/3024/3587 4058/3782/1104 4080/2343/2445
f 4101/3783/1120 4100/3784/3588 4117/3785/3589
f 4104/3786/1127 4103/2358/2464 4111/2359/2465
f 4106/2352/2457 4109/3787/3067 4111/2359/2465
f 4103/2358/2464 4115/3788/1125 4114/2356/2461
f 4152/3789/3590 4151/3790/3591 4156/3063/3592
f 4149/3791/1130 4129/2361/2467 4148/2366/2472
f 4136/2364/2470 4137/3792/1133 4148/2366/2472
f 4184/3793/1144 4183/3794/3593 4166/2368/2474
f 4164/3795/1137 4179/2375/2480 4163/3796/3594
f 4168/2371/2477 4177/3797/1135 4163/3796/3594
f 4174/3798/1138 4168/2371/2477 4170/2374/2479
f 4207/3799/3595 4192/3800/1153 4191/3801/3596
f 4196/3802/1149 4195/2382/2488 4209/2385/2491
f 4202/3803/2487 4201/3804/3078 4200/2379/2485
f 4200/2379/2485 4204/3805/3597 4198/2386/2492
f 4198/2386/2492 4208/3806/1155 4207/3799/3595
f 4191/3801/3596 4210/3807/1150 4209/2385/2491
f 4213/3808/1147 4188/2378/2483 4195/2382/2488
f 4235/2398/2505 4220/3809/1162 4237/2396/2503
f 4242/3810/1156 4217/2389/2495 4241/2393/2500
f 4231/3811/3598 4225/3812/3599 4235/2398/2505
f 4227/2390/2497 4232/3813/3600 4231/3811/3598
f 4262/3814/1166 4261/3815/3601 4255/3816/3602
f 4270/3817/1173 4246/3818/3603 4269/3819/3604
f 4259/3820/1168 4255/3816/3602 4257/2401/2507
f 4300/3821/3605 4273/3822/1178 4274/2997/3606
f 4292/3823/3607 4279/3824/1185 4278/2412/2518
f 4284/3825/3608 4293/3826/1186 4292/3823/3607
f 4278/2412/2518 4296/3827/1182 4295/2409/2515
f 4302/3001/3609 4301/3828/1179 4300/3821/3605
f 4290/3829/1176 4284/3825/3608 4287/3830/3610
f 4310/3831/3611 4309/2421/2527 4325/2423/2529
f 4326/3832/3612 4325/2423/2529 4315/2417/2523
f 4314/3833/1189 4334/3001/3613 4313/2413/2519
f 4328/3834/1190 4313/2413/2519 4309/2421/2527
f 4321/3835/3614 4322/3836/3615 4315/2417/2523
f 4316/2419/2525 4322/3836/3615 4321/3835/3614
f 4353/3837/3616 4347/3838/1197 4356/2432/2537
f 4339/2427/1194 4350/3839/1196 4349/2428/2533
f 4349/2428/2533 4350/3839/1196 4353/3837/3616
f 4364/3840/1200 4338/3841/3617 4363/3842/3618
f 4359/3843/1192 4358/2429/2534 4342/2425/2531
f 4357/3844/1193 4342/2425/2531 4356/2432/2537
f 4365/2438/2544 4381/3122/3106 4379/2439/2545
f 4369/3845/1204 4397/3063/3619 4368/2433/2538
f 4386/2441/2547 4387/3846/1205 4368/2433/2538
f 4376/3847/1207 4386/2441/2547 4375/2436/2542
f 4383/3848/1208 4375/2436/2542 4379/2439/2545
f 39/6/6 97/5/5 164/3850/3620
f 151/9/9 162/8/8 28/32/32 59/16/16
f 15/2961/3107 48/7/7 151/9/9
f 152/18/18 25/20/20 60/22/22 157/19/19
f 165/13/13 169/10/10 150/14/14
f 170/11/11 131/15/15 149/12/12
f 150/14/14 169/10/10 149/12/12
f 8/4/4 150/14/14 97/5/5
f 59/16/16 97/5/5 150/14/14
f 59/16/16 150/14/14 149/12/12
f 131/15/15 15/2961/3107 151/9/9
f 153/3851/3621 35/17/17 69/36/36 176/35/35
f 35/17/17 153/3851/3621 152/18/18
f 154/2473/2580 83/3852/3622 81/3853/3623 1/2471/2578
f 152/18/18 153/3851/3621 25/20/20
f 83/3852/3622 154/2473/2580 76/2467/2574
f 156/24/24 13/3854/3624 46/3855/3625 212/3856/3626
f 157/19/19 212/3856/3626 46/3855/3625 209/3857/3627
f 26/25/25 156/24/24 212/3856/3626
f 212/3856/3626 157/19/19 60/22/22 26/25/25
f 209/3857/3627 35/17/17 157/19/19
f 158/26/26 155/21/21 42/37/37 41/2456/2563
f 160/3858/3628 27/23/23 61/31/31 159/33/33
f 26/25/25 60/22/22 158/26/26
f 14/2982/3124 47/3859/3629 159/33/33
f 47/3859/3629 160/3858/3628 159/33/33
f 160/3858/3628 47/3859/3629 13/3854/3624 156/24/24
f 158/26/26 41/2456/2563 40/29/29 161/28/28
f 27/23/23 160/3858/3628 156/24/24
f 159/33/33 162/8/8 48/7/7 14/2982/3124
f 27/23/23 158/26/26 161/28/28
f 75/3860/3630 29/3861/3631 211/3862/3632 189/3863/3633
f 61/31/31 28/32/32 159/33/33
f 39/6/6 164/3850/3620 163/30/30
f 28/32/32 163/30/30 164/3850/3620
f 170/11/11 169/10/10 95/3/3
f 74/34/34 85/43/43 176/35/35
f 42/37/37 155/21/21 177/38/38
f 63/39/39 181/41/41 76/2467/2574
f 63/39/39 177/38/38 181/41/41
f 83/3852/3622 76/2467/2574 181/41/41
f 84/44/44 185/42/42 3/3864/3634
f 189/3863/3633 211/3862/3632 81/3853/3623 83/3852/3622
f 216/3865/3635 75/3860/3630 189/3863/3633 190/45/45
f 190/45/45 155/21/21 25/20/20
f 190/45/45 25/20/20 216/3865/3635
f 181/41/41 190/45/45 189/3863/3633 83/3852/3622
f 191/3866/3636 216/3865/3635 25/20/20 153/3851/3621
f 191/3866/3636 75/3860/3630 216/3865/3635
f 191/3866/3636 153/3851/3621 176/35/35 85/43/43
f 75/3860/3630 192/3867/3637 220/3868/3638 29/3861/3631
f 84/44/44 220/3868/3638 192/3867/3637
f 84/44/44 192/3867/3637 191/3866/3636 85/43/43
f 75/3860/3630 191/3866/3636 192/3867/3637
f 229/54/54 231/55/55 237/51/51 241/2481/2588
f 237/51/51 240/50/50 241/2481/2588
f 239/1182/1246 240/50/50 238/49/49
f 229/54/54 232/47/47 245/46/46
f 232/47/47 225/52/52 235/48/48
f 282/2485/2592 284/422/3639 314/3869/3138 311/2483/2590
f 274/64/64 247/2485/3640 249/65/65
f 256/68/68 273/69/69 254/67/67
f 272/58/58 280/2482/2589 273/69/69
f 277/66/66 254/67/67 274/64/64
f 272/58/58 251/57/57 280/2482/2589
f 266/63/63 251/57/57 269/56/56
f 259/60/60 263/59/59 266/63/63
f 296/3870/3141 298/3871/3641 299/2487/2594 297/2489/2596
f 310/73/73 290/70/70 293/72/72
f 301/3872/3642 299/2487/2594 298/3871/3641
f 311/2483/2590 314/3869/3138 316/71/71 290/70/70
f 317/2482/2597 310/73/73 309/74/74
f 309/74/74 289/3873/3643 286/3874/3644 317/2482/2597
f 289/3873/3643 306/3875/3645 303/3876/3646 286/3874/3644
f 306/3875/3645 296/3870/3141 297/2489/2596 303/3876/3646
f 356/3877/3647 352/3878/3144 346/2495/2602 353/3879/3648
f 327/80/80 328/3880/1266 326/79/79
f 326/79/79 318/75/75 325/78/78
f 318/75/75 321/2492/2600 324/76/76
f 338/85/85 334/81/81 343/83/83
f 349/2494/2601 346/2495/2602 352/3878/3144
f 358/90/90 374/3881/3649 371/2497/2604 357/89/89
f 374/3881/3649 365/92/92 366/91/91 371/2497/2604
f 369/2496/2603 370/93/93 368/3882/3146
f 409/640/3650 411/71/96 385/95/95 406/2756/3651
f 359/86/86 379/2669/3652 362/87/87
f 357/89/89 359/86/86 377/88/88
f 398/101/102 381/98/99 384/99/100
f 405/96/97 385/95/95 388/94/94
f 394/2500/2607 395/102/103 397/104/105
f 401/100/101 414/2501/2608 398/101/102
f 381/98/99 405/96/97 404/97/98
f 401/100/101 391/103/104 395/102/103 414/2501/2608
f 419/3883/3653 443/785/3654 442/2506/2613 416/2503/2610
f 420/3884/3655 423/3885/3656 439/3886/3657 440/2504/2611
f 439/3886/3657 419/3883/3653 416/2503/2610 440/2504/2611
f 430/3887/3152 428/3888/3658 431/2508/2615
f 415/3889/3151 428/3888/3658 430/3887/3152
f 443/785/3654 436/3890/3154 433/2507/2614 442/2506/2613
f 433/2507/2614 436/3890/3154 426/3891/3149 427/2509/2616
f 426/3891/3149 430/3887/3152 431/2508/2615 427/2509/2616
f 452/422/3659 480/3892/3159 477/2514/2621 450/2485/3660
f 445/3893/3156 446/1244/249 447/2510/2617
f 477/2514/2621 480/3892/3159 481/71/112 457/110/111
f 464/2511/2618 461/2513/2620 468/3894/3158
f 460/111/113 475/106/107 476/3895/3661 457/110/111
f 482/108/109 468/3894/3158 461/2513/2620 469/109/110
f 454/105/106 476/3895/3661 475/106/107
f 469/109/110 454/105/106 472/107/108
f 483/2485/2622 485/422/3662 508/3896/3663 507/2515/2623
f 507/2515/2623 508/3896/3663 492/3897/3163 489/2516/2624
f 487/1254/1317 496/1256/1319 498/117/119
f 499/115/117 488/112/114 502/114/116
f 492/3897/3163 505/113/115 506/2518/2626 489/2516/2624
f 516/3898/3168 531/127/129 537/2519/2627 513/3899/3664
f 488/112/114 506/2518/2626 505/113/115
f 498/117/119 496/1256/1319 499/115/117
f 536/640/3665 516/3898/3168 513/3899/3664 533/2756/3666
f 521/3054/249 520/2520/2628 519/124/126
f 547/3900/3667 566/134/136 564/133/135 544/3901/3668
f 532/126/128 537/2519/2627 531/127/129
f 509/119/121 532/126/128 512/120/122
f 525/125/127 509/119/121 528/118/120
f 522/121/123 525/125/127 517/122/124
f 519/124/126 520/2520/2628 522/121/123
f 563/135/137 543/3902/3669 540/2523/2632 568/2482/2630
f 568/2482/2630 564/133/135 563/135/137
f 540/2523/2632 543/3902/3669 560/3903/3670 557/2522/2631
f 560/3903/3670 550/132/134 554/131/133 557/2522/2631
f 573/142/144 587/143/145 580/137/139 581/136/138
f 552/130/132 553/129/131 554/131/133
f 590/2524/2633 569/2485/3671 571/3904/3672
f 583/1285/1352 584/1284/1351 585/138/140
f 585/138/140 584/1284/1351 581/136/138
f 590/2524/2633 571/3904/3672 578/140/142 576/139/141
f 589/141/143 573/142/144 576/139/141
f 611/2528/2636 614/3905/3673 610/151/154 607/2525/2634
f 599/149/152 598/3906/3674 597/148/151
f 597/148/151 592/146/149 601/147/150
f 592/146/149 594/144/146 604/145/148
f 621/150/153 607/2525/2634 610/151/154
f 618/152/155 620/2526/2635 621/150/153
f 618/152/155 619/2527/249 620/2526/2635
f 624/3907/3173 626/3908/3175 630/2529/2637 622/2531/2639
f 626/3908/3175 628/2530/2638 630/2529/2637
f 742/3909/3190 746/3910/3675 744/1348/1409 743/2555/2661
f 637/3911/3176 635/2534/249 634/2533/2641
f 640/154/157 644/3912/3676 643/156/159
f 653/161/164 654/163/166 652/162/165
f 662/170/3179 660/2536/2642 661/2537/2643
f 664/2538/2644 667/2539/2645 666/3913/3180
f 666/3913/3180 667/2539/2645 670/2540/2646
f 671/3914/3677 674/165/168 673/167/170
f 680/2541/2647 682/2542/2648 683/3915/3181
f 691/3916/3182 688/2544/2650 689/2545/2651
f 699/3917/1392 701/176/3678 700/3918/3183
f 710/3919/3679 707/2546/2652 708/2547/2653
f 716/174/177 715/172/175 717/2548/2654
f 726/3920/3184 721/2550/2656 723/2551/2657
f 729/2552/2658 731/2554/2660 734/3921/3188
f 740/3922/249 744/1348/1409 746/3910/3675
f 748/3923/3680 751/3924/3681 742/3909/3190 743/2555/2661
f 768/3925/3682 761/185/188 762/184/187 765/3926/3683
f 764/182/185 762/184/187 763/183/186
f 785/3927/3684 781/3928/3193 776/3929/3685 782/3930/3686
f 769/1352/1412 773/2558/2663 772/3931/3192
f 781/3928/3193 779/2559/2664 776/3929/3685
f 789/2560/2665 788/3932/3196 792/3933/3195 790/1360/1420
f 786/1358/1418 790/1360/1420 792/3933/3195
f 794/3934/3687 797/3935/3688 788/3932/3196 789/2560/2665
f 805/3936/3689 808/3937/3690 804/3938/3198 801/2562/2667
f 803/2561/2666 801/2562/2667 804/3938/3198
f 834/3939/3691 837/3940/3692 828/3941/3693 829/2570/2674
f 809/3942/3201 810/2565/2670 813/2564/2669
f 818/3943/3203 815/1365/1425 819/2566/2671
f 831/2569/2673 829/2570/2674 828/3941/3693
f 846/3944/3694 845/3945/3209 848/222/3207 847/1375/1435
f 851/191/194 845/3945/3209 846/3944/3694 849/2571/2675
f 838/3946/3206 847/1375/1435 848/222/3207
f 855/3947/3695 841/190/193 842/189/192 852/3948/3696
f 867/3949/3697 856/3950/3698 857/2574/2678 864/3951/3699
f 851/191/194 849/2571/2675 842/189/192
f 859/3952/3210 860/2572/2676 861/2573/2677
f 857/2574/2678 856/3950/3698 859/3952/3210 861/2573/2677
f 874/3953/3700 877/3954/3701 871/194/197 872/2575/2679
f 873/193/196 872/2575/2679 871/194/197
f 895/3955/3702 887/200/203 888/199/202 892/3956/3703
f 884/3957/249 891/3958/3704 890/198/201
f 891/3958/3704 888/199/202 890/198/201
f 912/3959/3705 905/206/209 908/3960/3706 909/3961/3707
f 921/3962/3708 924/3963/3709 913/208/211 914/207/210
f 905/206/209 906/205/208 908/3960/3706
f 916/209/212 918/3964/1445 917/2580/2682
f 917/2580/2682 914/207/210 916/209/212
f 948/3965/3710 933/217/220 934/2583/2684 945/3966/3711
f 941/216/219 934/2583/2684 933/217/220
f 940/214/217 938/219/222 937/215/218
f 938/219/222 941/216/219 944/218/221
f 959/3967/3712 962/3968/3713 950/3969/3714 951/2585/2686
f 975/3970/3715 965/225/228 966/224/227 972/3971/3716
f 957/221/224 951/2585/2686 950/3969/3714
f 971/1396/1454 970/3972/3717 969/226/229
f 969/226/229 970/3972/3717 966/224/227
f 989/3877/3718 979/231/234 985/230/233 986/3973/3719
f 984/229/232 976/3974/3720 983/227/230
f 1006/3975/3721 1005/3976/3722 1009/3977/3219 1010/3978/3723
f 983/227/230 985/230/233 982/228/231
f 990/2588/2689 991/2589/2690 994/3979/3724
f 997/2590/2691 1000/2591/2692 1001/3980/3725
f 1002/3981/1465 1010/3978/3723 1009/3977/3219
f 1011/3973/3726 1014/3982/3727 1005/3976/3722 1006/3975/3721
f 1031/3983/3728 1030/3984/3220 1034/3985/3729 1035/3986/3730
f 1016/2593/2694 1020/2592/2693 1019/3987/3731
f 1023/232/235 1021/2594/2695 1026/233/236
f 1036/1415/1472 1035/3986/3730 1034/3985/3729
f 1037/179/3732 1040/3988/3733 1030/3984/3220 1031/3983/3728
f 1055/2597/2698 1058/3989/3734 1054/236/239 1052/235/238
f 1046/3990/3735 1042/2596/2697 1044/2595/2696
f 1047/2598/2699 1049/3991/3222 1058/3989/3734 1055/2597/2698
f 1083/269/3736 1081/3992/3223 1079/2601/2702 1082/1439/1497
f 1069/238/241 1060/2599/2700 1062/239/242
f 1067/2600/2701 1069/238/241 1064/240/243
f 1066/1428/1485 1067/2600/2701 1064/240/243
f 1081/3992/3223 1074/3993/3224 1077/2602/2703 1079/2601/2702
f 1084/2605/2706 1085/3994/3227 1087/3995/3229 1088/2603/2704
f 1076/1434/1492 1077/2602/2703 1074/3993/3224
f 1091/3996/1499 1090/2606/2707 1089/3997/3225
f 1088/2603/2704 1087/3995/3229 1089/3997/3225 1090/2606/2707
f 1120/251/254 1117/248/251 1116/247/250 1118/249/252
f 1106/242/245 1096/2608/2709 1099/243/246
f 1103/245/248 1106/242/245 1100/241/244
f 1101/244/247 1102/2610/1502 1103/245/248
f 1112/250/253 1118/249/252 1109/2612/2712
f 1133/256/259 1127/255/258 1132/3998/3235 1130/2613/2713
f 1161/3999/3737 1163/265/268 1168/2615/2714 1158/2616/2715
f 1121/1453/1510 1130/2613/2713 1132/3998/3235
f 1125/253/256 1122/252/255 1139/2482/3738
f 1136/254/257 1133/256/259 1122/252/255
f 1148/2614/1513 1149/262/265 1147/263/266
f 1140/257/260 1157/2482/3739 1142/258/261
f 1154/259/262 1151/260/263 1140/257/260
f 1144/261/264 1149/262/265 1151/260/263
f 1165/266/269 1164/4000/1522 1166/264/267
f 1193/273/276 1195/272/275 1188/4001/3241 1191/2619/2719
f 1166/264/267 1168/2615/2714 1163/265/268
f 1176/2617/2716 1178/271/274 1173/270/273
f 1173/270/273 1175/1470/1527 1176/2617/2716
f 1178/271/274 1171/268/271 1181/267/270
f 1193/273/276 1196/2482/2718 1186/274/277
f 1208/269/3740 1207/4002/3242 1204/2623/2722 1209/2482/2723
f 1188/4001/3241 1190/1475/1533 1191/2619/2719
f 1200/2622/249 1201/2621/2721 1199/4003/3245
f 1207/4002/3242 1199/4003/3245 1201/2621/2721 1204/2623/2722
f 1224/283/286 1226/284/287 1223/280/283 1221/279/282
f 1213/282/285 1224/283/286 1210/281/284
f 1261/298/302 1263/300/304 1270/303/307 1274/302/306
f 1210/281/284 1214/275/278 1228/277/280
f 1240/4004/1547 1239/290/294 1238/289/293
f 1231/286/290 1229/287/291 1232/285/288
f 1239/290/294 1229/287/291 1236/288/292
f 1258/294/298 1245/291/295 1247/293/297
f 1257/296/300 1258/294/298 1254/295/299
f 1255/4005/1555 1257/296/300 1256/297/301
f 1245/291/295 1248/2625/2725 1251/292/296
f 1273/2626/2726 1274/302/306 1272/301/305
f 1267/299/303 1261/298/302 1264/527/2728
f 1313/276/3741 1327/4006/3742 1328/2633/2733 1310/2629/2732
f 97/5/5 59/16/16 28/32/32 164/3850/3620
f 1289/305/309 1291/307/311 1278/306/310
f 1291/307/311 1279/2629/2730 1282/308/312
f 1285/304/308 1286/2630/1571 1287/2631/2731
f 1287/2631/2731 1289/305/309 1285/304/308
f 1301/313/318 1303/2632/249 1302/314/319
f 1305/311/316 1302/314/319 1292/312/317
f 1292/312/317 1295/309/313 1306/310/315
f 1327/4006/3742 1309/4007/3248 1307/2635/2735 1328/2633/2733
f 1317/315/320 1318/2634/2734 1319/316/321
f 1309/4007/3248 1315/317/322 1322/4008/3743 1307/2635/2735
f 1334/276/3744 1343/320/325 1344/2636/2737 1331/2629/2736
f 1319/316/321 1322/4008/3743 1315/317/322
f 1348/2638/2739 1351/4009/3745 1347/4010/3253 1358/2639/2740
f 1343/320/325 1341/319/324 1344/2636/2737
f 1342/318/323 1339/321/326 1341/319/324
f 1340/322/327 1338/2637/2738 1339/321/326
f 1355/4011/3251 1353/4012/1599 1356/2640/2741
f 1358/2639/2740 1347/4010/3253 1355/4011/3251 1356/2640/2741
f 1398/276/3746 1412/343/350 1413/2642/2743 1395/2629/2744
f 1370/326/332 1359/328/334 1372/327/333
f 1367/2641/2742 1370/326/332 1365/325/331
f 1374/324/330 1359/328/334 1361/323/328
f 1387/334/341 1375/331/338 1389/332/339
f 1385/336/343 1387/334/341 1386/333/340
f 1375/331/338 1377/329/335 1391/330/337
f 1407/340/347 1392/342/349 1410/341/348
f 1425/4013/3747 1416/345/352 1421/344/351 1422/4014/3748
f 1403/339/346 1404/2643/1619 1405/337/344
f 1392/342/349 1413/2642/2743 1412/343/350
f 1401/338/345 1405/337/344 1407/340/347
f 1420/4015/3257 1419/2644/2745 1418/346/353
f 1441/2648/2748 1444/4016/3749 1440/4017/3260 1438/2649/2749
f 1419/2644/2745 1421/344/351 1418/346/353
f 1429/4018/3258 1427/2647/249 1426/2646/2747
f 1446/269/3750 1434/4019/3751 1431/2651/2752 1447/2482/2751
f 1440/4017/3260 1437/2650/2750 1438/2649/2749
f 1434/4019/3751 1444/4016/3749 1441/2648/2748 1431/2651/2752
f 1529/4020/3752 1532/4021/3753 1524/373/380 1525/371/378
f 1470/2654/2755 1473/353/360 1472/355/362
f 1480/2657/2758 1481/363/2759 1484/4022/3754
f 1488/2658/2760 1487/357/364 1486/356/363
f 1487/357/364 1491/1595/1652 1490/358/365
f 1502/4023/249 1501/2659/2761 1500/362/369
f 1501/2659/2761 1503/363/370 1500/362/369
f 1507/366/374 1509/2661/2763 1508/364/372
f 1513/2663/1661 1515/2664/2765 1517/4024/3755
f 1543/4025/3756 1536/376/383 1537/375/382 1540/4026/3757
f 1554/4027/3758 1546/380/387 1547/378/385 1551/4028/3759
f 1561/4029/3268 1557/383/390 1555/382/389 1558/2665/2766
f 1574/71/3760 1561/4029/3268 1558/2665/2766 1575/2669/3761
f 1576/392/399 1578/393/400 1591/395/402 1588/2666/2767
f 1571/381/388 1563/387/394 1555/382/389
f 1565/385/392 1563/387/394 1568/388/395
f 1600/4030/3762 1614/404/411 1611/403/410 1598/2670/2771
f 1584/2667/2768 1585/394/401 1583/396/403
f 1585/394/401 1588/2666/2767 1591/395/402
f 1579/389/396 1596/2669/2770 1582/390/397
f 1594/391/398 1576/392/399 1579/389/396
f 1617/399/406 1600/4030/3762 1598/2670/2771 1618/397/404
f 1622/407/414 1639/409/416 1631/413/420 1632/2671/2772
f 1618/397/404 1621/2669/3763 1603/398/405
f 1605/405/412 1609/406/413 1611/403/410
f 1607/402/409 1608/401/408 1609/406/413
f 1631/413/420 1637/412/419 1632/2671/2772
f 1636/2672/1694 1637/412/419 1635/414/421
f 1644/71/3764 1642/411/418 1626/2673/2773 1645/2669/2775
f 1677/426/434 1673/430/438 1671/429/437 1674/2675/2776
f 1643/410/417 1626/2673/2773 1642/411/418
f 1622/407/414 1643/410/417 1625/408/415
f 1646/417/425 1647/415/422 1656/416/424
f 1652/420/428 1646/417/425 1651/418/426
f 1685/422/3765 1708/432/440 1706/2683/2783 1683/2485/3766
f 1680/2677/2777 1659/421/429 1682/423/431
f 1666/427/435 1680/2677/2777 1682/423/431
f 1664/424/432 1666/427/435 1679/425/433
f 1677/426/434 1674/2675/2776 1664/424/432
f 1704/433/441 1690/435/443 1687/434/442 1705/2684/2784
f 1699/438/446 1695/2679/2779 1694/436/444
f 1697/437/445 1698/2680/2780 1699/438/446
f 1694/436/444 1695/2679/2779 1687/434/442
f 1691/431/439 1706/2683/2783 1708/432/440
f 1704/433/441 1705/2684/2784 1691/431/439
f 1752/2687/2786 1733/4031/3281 1741/452/460 1739/451/459
f 1729/439/447 1709/2485/3767 1711/440/448
f 1728/443/451 1729/439/447 1717/441/449
f 1720/2685/1726 1721/447/455 1719/446/454
f 1724/444/452 1728/443/451 1714/442/450
f 1718/445/453 1721/447/455 1724/444/452
f 1752/2687/2786 1731/2485/2787 1733/4031/3281
f 1742/449/457 1745/448/456 1743/456/464
f 1743/456/464 1735/454/462 1750/455/463
f 1738/453/461 1735/454/462 1739/451/459
f 1757/4032/3768 1776/4033/3286 1773/2689/2789 1754/2688/2788
f 1758/4034/3769 1761/4035/3770 1779/4036/3771 1780/2690/2790
f 1773/2689/2789 1776/4033/3286 1764/460/469 1765/4037/3772
f 1770/459/468 1765/4037/3772 1764/460/469
f 1768/4038/3773 1767/457/465 1769/222/467
f 1772/458/466 1767/457/465 1770/459/468
f 1779/4036/3771 1757/4032/3768 1754/2688/2788 1780/2690/2790
f 1787/4039/3774 1806/4040/3288 1803/4041/3775 1784/4042/3776
f 1791/4043/3777 1809/4044/3778 1810/4045/3779 1788/4046/3780
f 1803/4041/3775 1806/4040/3288 1794/466/475 1795/4047/3781
f 1794/466/475 1800/465/474 1795/4047/3781
f 1799/462/471 1800/465/474 1802/464/473
f 1809/4044/3778 1787/4039/3774 1784/4042/3776 1810/4045/3779
f 1813/471/482 1816/472/483 1835/468/478 1843/2506/2791
f 1820/4048/3782 1841/134/480 1839/469/479 1817/4049/3783
f 1844/108/476 1823/4050/3784 1824/2695/2796 1832/467/477
f 1812/2692/2793 1827/2694/2795 1826/4051/3290
f 1813/471/482 1839/469/479 1838/470/481
f 1832/467/477 1843/2506/2791 1835/468/478
f 1823/4050/3784 1831/4052/3291 1829/2696/2797 1824/2695/2796
f 1831/4052/3291 1826/4051/3290 1827/2694/2795 1829/2696/2797
f 1853/4053/3785 1871/4054/3297 1872/4055/3786 1850/4056/3787
f 1849/481/494 1875/2506/2799 1846/480/492
f 1871/4054/3297 1874/269/493 1846/480/492 1872/4055/3786
f 1845/2697/1764 1860/476/487 1861/222/489
f 1849/481/494 1868/479/491 1865/478/490 1875/2506/2799
f 1884/4057/3788 1903/4058/3301 1904/2702/2804 1881/4059/3789
f 1857/473/484 1865/478/490 1856/474/485
f 1860/476/487 1862/475/486 1859/477/488
f 1903/4058/3301 1907/269/3790 1908/2482/2802 1904/2702/2804
f 1908/2482/2802 1907/269/3790 1880/4060/3299 1877/4061/3791
f 1877/4061/3791 1880/4060/3299 1900/479/503 1897/488/502
f 1911/494/511 1914/472/510 1932/4062/3792 1929/2706/2808
f 1887/484/497 1888/483/496 1897/488/502
f 1893/486/500 1888/483/496 1896/482/495
f 1918/4063/3307 1941/134/509 1936/493/508 1915/4064/3793
f 1921/4065/3309 1928/4066/3311 1926/2705/2807 1922/2704/2806
f 1928/4066/3311 1924/491/506 1925/490/505 1926/2705/2807
f 1929/2706/2808 1932/4062/3792 1921/4065/3309 1922/2704/2806
f 1937/2756/3794 1940/640/3795 1918/4063/3307 1915/4064/3793
f 1935/492/507 1911/494/511 1936/493/508
f 1951/4067/3314 1975/134/513 1969/495/512 1948/4068/3796
f 1947/498/516 1962/499/518 1944/497/515
f 1962/499/518 1965/479/517 1954/4069/3317 1955/4070/3797
f 1960/4071/3318 1955/4070/3797 1954/4069/3317
f 1959/1733/1793 1956/1735/1795 1958/4072/3798
f 1970/2756/3799 1972/640/3315 1951/4067/3314 1948/4068/3796
f 1944/497/515 1969/495/512 1968/496/514
f 1983/276/3800 1999/501/520 2000/4073/3801 1980/2629/3802
f 1993/504/523 1976/500/519 1979/502/521
f 1986/2707/2809 1992/4074/3322 1988/4075/3324 1989/4076/3803
f 1988/4075/3324 1990/4077/3804 1989/4076/3803
f 1996/503/522 1992/4074/3322 1986/2707/2809 1993/504/523
f 1976/500/519 2000/4073/3801 1999/501/520
f 2008/276/3805 2024/4078/3806 2025/4079/3807 2005/2629/3808
f 2018/507/527 2001/505/524 2004/506/526
f 2024/4078/3806 2026/269/525 2001/505/524 2025/4079/3807
f 2014/512/532 2010/509/529 2017/510/530
f 2013/2708/2810 2014/512/532 2012/511/531
f 2010/509/529 2018/507/527 2021/508/528
f 2034/4080/3328 2047/4081/3331 2048/2709/2811 2031/2710/2812
f 2030/514/534 2044/513/533 2027/4082/3809
f 2047/4081/3331 2030/514/534 2027/4082/3809 2048/2709/2811
f 2043/516/536 2038/2711/2813 2037/515/535
f 2041/517/537 2042/2712/1809 2043/516/536
f 2038/2711/2813 2044/513/533 2037/515/535
f 2066/522/542 2060/521/541 2065/520/540 2064/519/539
f 2074/71/3810 2057/4083/3334 2054/4084/3811 2075/2669/3812
f 2057/4083/3334 2071/4085/3335 2072/2714/2814 2054/4084/3811
f 2071/4085/3335 2069/523/543 2051/2715/2815 2072/2714/2814
f 2098/276/3813 2109/532/553 2110/531/552 2095/2629/2820
f 2066/522/542 2051/2715/2815 2069/523/543
f 2088/526/546 2084/2717/2817 2085/2718/2818
f 2091/525/545 2076/524/544 2077/527/547
f 2088/526/546 2085/2718/2818 2076/524/544
f 2107/2721/2822 2094/533/554 2100/529/550 2101/2720/2821
f 2100/529/550 2105/528/549 2101/2720/2821
f 2102/4086/1834 2105/528/549 2104/530/551
f 2117/4087/3340 2113/536/557 2111/535/556 2114/2725/2826
f 2107/2721/2822 2110/531/552 2094/533/554
f 2120/2722/2823 2119/2723/2824 2118/534/555
f 2118/534/555 2119/2723/2824 2111/535/556
f 2148/4088/3344 2144/546/567 2143/545/566 2145/2728/2830
f 2142/540/561 2130/2629/2827 2133/541/562
f 2135/2726/2828 2136/2727/2829 2134/537/558
f 2129/539/560 2138/538/559 2142/540/561
f 2136/2727/2829 2138/538/559 2134/537/558
f 2150/1791/1852 2151/542/563 2153/544/565
f 2151/542/563 2143/545/566 2156/543/564
f 2180/276/3814 2176/552/574 2189/2732/2835 2177/2629/2834
f 2161/547/568 2171/550/572 2159/2731/2833
f 2166/549/571 2167/2729/2831 2171/550/572
f 2161/547/568 2159/2731/2833 2162/548/569
f 2307/269/3815 2293/601/626 2302/600/625 2308/2482/2848
f 2183/4089/1863 2185/554/576 2184/555/577
f 2187/551/573 2189/2732/2835 2176/552/574
f 2182/553/575 2185/554/576 2187/551/573
f 2205/557/579 2190/556/578 2191/559/581
f 2202/558/580 2198/560/583 2190/556/578
f 2196/561/584 2197/2734/1868 2198/560/583
f 2207/564/587 2216/566/589 2219/562/585
f 2211/563/586 2219/562/585 2208/2629/2837
f 2214/567/590 2213/2735/1874 2216/566/589
f 2231/571/594 2235/569/592 2221/568/591
f 2235/569/592 2222/2629/2838 2225/570/593
f 2227/573/596 2228/4090/1875 2229/574/597
f 2229/574/597 2231/571/594 2226/572/595
f 2248/580/603 2244/575/598 2236/578/601
f 2236/578/601 2238/2492/2839 2241/579/602
f 2260/2736/2840 2261/585/609 2258/586/610
f 2261/585/609 2249/583/607 2262/584/608
f 2249/583/607 2252/581/604 2263/582/606
f 2271/590/614 2273/593/617 2269/591/615
f 2273/593/617 2264/588/612 2275/587/611
f 2286/597/621 2276/599/623 2289/598/622
f 2283/594/618 2286/597/621 2279/595/619
f 2281/596/620 2282/2742/2846 2283/594/618
f 2301/603/628 2299/606/631 2296/604/629
f 2297/605/630 2298/4091/1896 2299/606/631
f 2296/604/629 2302/600/625 2305/602/627
f 2319/609/634 2311/4092/3358 2314/4093/3816 2316/607/632
f 2311/4092/3358 2312/4094/1903 2314/4093/3816
f 2316/607/632 2320/1841/1900 2310/608/633
f 2348/4095/3361 2355/622/647 2353/621/646 2346/2748/2852
f 2330/614/639 2321/610/635 2333/612/637
f 2329/2744/2849 2330/614/639 2328/613/638
f 2341/616/641 2334/2746/2851 2335/617/642
f 2338/619/644 2339/2747/1911 2341/616/641
f 2350/620/645 2351/1857/1916 2353/621/646
f 2368/2754/2858 2370/4096/3372 2387/628/653 2384/4097/3817
f 2364/624/649 2357/2749/2853 2359/625/650
f 2361/2750/2854 2364/624/649 2360/623/648
f 2374/4098/3367 2389/4099/3370 2390/2751/2855 2371/2753/2857
f 2390/2751/2855 2389/4099/3370 2370/4096/3372 2368/2754/2858
f 2381/629/654 2378/627/652 2377/626/651
f 2379/630/655 2380/4100/249 2381/629/654
f 2387/628/653 2378/627/652 2384/4097/3817
f 2391/2756/2860 2394/640/3818 2374/4098/3367 2371/2753/2857
f 2416/479/667 2404/635/660 2405/634/659 2413/641/666
f 2398/638/663 2413/641/666 2395/2757/2861
f 2451/2763/2867 2454/4101/3377 2434/4102/3375 2431/2764/2868
f 2399/631/656 2421/639/664 2402/632/657
f 2420/637/662 2399/631/656 2419/633/658
f 2395/2757/2861 2420/637/662 2398/638/663
f 2412/636/661 2410/2759/2863 2405/634/659
f 2439/647/673 2440/2761/2865 2441/645/671
f 2431/2764/2868 2434/4102/3375 2449/651/677 2450/650/676
f 2459/422/3819 2490/4103/3820 2487/4104/3821 2457/2485/3822
f 2430/644/670 2427/643/669 2450/650/676
f 2446/642/668 2443/649/675 2427/643/669
f 2436/648/674 2437/646/672 2443/649/675
f 2464/472/3823 2482/4105/3824 2479/4106/3825 2461/2757/2874
f 2468/4107/3385 2494/134/3826 2493/2519/2869 2465/2766/2871
f 2482/4105/3824 2471/653/679 2472/652/678 2479/4106/3825
f 2475/2767/2872 2476/655/681 2474/656/682
f 2487/4104/3821 2490/4103/3820 2468/4107/3385 2465/2766/2871
f 2494/134/3826 2485/4108/3382 2486/2770/2876 2493/2519/2869
f 2485/4108/3382 2464/472/3823 2461/2757/2874 2486/2770/2876
f 2497/4109/3389 2524/4110/3392 2521/2773/2879 2495/2772/2878
f 2476/655/681 2472/652/678 2478/654/680
f 2524/4110/3392 2505/4111/3827 2503/2774/2880 2521/2773/2879
f 2505/4111/3827 2519/658/684 2520/2775/2881 2503/2774/2880
f 2516/659/685 2512/4112/3393 2510/2776/2882 2513/2777/2883
f 2500/657/683 2520/2775/2881 2519/658/684
f 2516/659/685 2513/2777/2883 2500/657/683
f 2526/2485/3828 2528/422/3829 2558/4113/3400 2555/4114/3830
f 2509/2778/2884 2510/2776/2882 2512/4112/3393
f 2555/4114/3830 2558/4113/3400 2560/71/687 2534/660/686
f 2561/2519/2885 2534/660/686 2537/661/688
f 2537/661/688 2553/4115/3398 2554/2779/2886 2561/2519/2885
f 2554/2779/2886 2553/4115/3398 2533/4116/3394 2530/4117/3831
f 2533/4116/3394 2550/4118/3397 2547/4119/3832 2530/4117/3831
f 2550/4118/3397 2540/4120/3833 2541/4121/3834 2547/4119/3832
f 2566/422/3835 2597/4122/3403 2594/4123/3836 2564/2485/3837
f 2545/2781/2888 2541/4121/3834 2540/4120/3833
f 2597/4122/3403 2599/71/697 2573/668/696 2594/4123/3836
f 2600/2519/3838 2573/668/696 2576/669/698
f 2568/4124/249 2583/2782/2889 2582/4125/3402
f 2576/669/698 2592/4126/3839 2593/4127/3840 2600/2519/3838
f 2592/4126/3839 2572/472/690 2569/662/689 2593/4127/3840
f 2608/673/702 2611/675/704 2625/4128/3841 2622/2783/2891
f 2586/667/695 2569/662/689 2589/663/691
f 2580/664/692 2586/667/695 2579/665/693
f 2582/4125/3402 2583/2782/2889 2584/666/694
f 2629/677/706 2603/2485/2890 2605/678/707
f 2619/2784/2892 2614/4129/3407 2617/672/701 2618/671/700
f 2614/4129/3407 2619/2784/2892 2615/2785/2893
f 2625/4128/3841 2614/4129/3407 2615/2785/2893 2622/2783/2891
f 2635/4130/3409 2666/4131/3415 2663/2789/2898 2633/2788/2897
f 2632/676/705 2612/679/708 2629/677/706
f 2608/673/702 2612/679/708 2628/674/703
f 2640/684/713 2669/2506/2894 2637/683/712
f 2662/680/709 2641/2629/2899 2644/681/710
f 2651/4132/2007 2650/2791/2901 2649/4133/2005
f 2637/683/712 2662/680/709 2661/682/711
f 2666/4131/3415 2644/681/710 2641/2629/2899 2663/2789/2898
f 2669/2506/2894 2640/684/713 2658/4134/3413 2655/2790/2900
f 2655/2790/2900 2658/4134/3413 2647/686/715 2652/685/714
f 2654/687/716 2649/4133/2005 2650/2791/2901 2652/685/714
f 2673/422/3842 2705/4135/3419 2702/4136/3843 2671/2485/3844
f 2678/472/723 2697/4137/3421 2694/4138/3845 2675/692/722
f 2685/694/726 2689/4139/3424 2687/1950/2015 2692/2792/2902
f 2701/690/720 2679/688/717 2682/689/719
f 2692/2792/2902 2686/693/724 2685/694/726
f 2691/4140/3416 2687/1950/2015 2689/4139/3424
f 2694/4138/3845 2697/4137/3421 2710/108/725 2686/693/724
f 2702/4136/3843 2705/4135/3419 2707/71/718 2679/688/717
f 2675/692/722 2701/690/720 2700/691/721
f 2729/704/737 2739/108/736 2728/706/739 2722/2796/2905
f 2716/698/730 2738/2669/3846 2719/699/731
f 2736/705/738 2716/698/730 2735/700/732
f 2712/695/727 2736/705/738 2715/696/728
f 2729/704/737 2712/695/727 2732/697/729
f 2767/71/3847 2747/4141/3430 2744/4142/3848 2768/2669/3849
f 2724/702/734 2722/2796/2905 2728/706/739
f 2753/4143/3434 2754/1965/2033 2755/2798/2907
f 2747/4141/3430 2764/4144/3436 2765/2801/2910 2744/4142/3848
f 2764/4144/3436 2743/4145/3428 2740/2799/2908 2765/2801/2910
f 2743/4145/3428 2761/4146/3435 2758/2803/2912 2740/2799/2908
f 2758/2803/2912 2761/4146/3435 2750/4147/3432 2751/2805/2914
f 2750/4147/3432 2753/4143/3434 2755/2798/2907 2751/2805/2914
f 2792/4148/3850 2791/709/742 2773/4149/3437 2770/4150/3851
f 2784/713/746 2781/711/744 2778/2806/2915
f 2774/707/740 2795/2669/3852 2776/708/741
f 2792/4148/3850 2774/707/740 2791/709/742
f 2773/4149/3437 2788/4151/3438 2785/4152/3853 2770/4150/3851
f 2785/4152/3853 2788/4151/3438 2784/713/746 2778/2806/2915
f 2814/714/747 2806/721/754 2807/720/753 2797/715/748
f 2796/4153/2056 2810/2807/2916 2809/719/752
f 2810/2807/2916 2807/720/753 2809/719/752
f 2819/71/3854 2804/718/751 2801/4154/3855 2820/2669/3856
f 2823/422/3857 2857/4155/3858 2854/2809/2919 2821/2485/3859
f 2817/717/750 2801/4154/3855 2804/718/751
f 2797/715/748 2817/717/750 2800/716/749
f 2854/2809/2919 2857/4155/3858 2859/71/3860 2860/2669/2918
f 2846/725/758 2826/722/755 2829/724/757
f 2836/728/761 2842/730/763 2837/727/760
f 2825/2000/2070 2841/1999/2069 2840/4156/3861
f 2845/729/762 2840/4156/3861 2842/730/763
f 2837/727/760 2846/725/758 2849/726/759
f 2826/722/755 2853/2808/2917 2852/723/756
f 2859/71/3860 2833/4157/3442 2830/4158/3862 2860/2669/2918
f 2833/4157/3442 2852/723/756 2853/2808/2917 2830/4158/3862
f 2869/4159/3863 2886/732/765 2888/2519/3864 2866/4160/3865
f 2877/2810/2920 2879/735/769 2874/2812/2922 2875/2811/2921
f 2877/2810/2920 2872/733/767 2879/735/769
f 2891/269/766 2865/4161/3866 2862/2814/2924 2887/731/764
f 2872/733/767 2880/2813/2923 2883/734/768
f 2887/731/764 2888/2519/3864 2886/732/765
f 2865/4161/3866 2883/734/768 2880/2813/2923 2862/2814/2924
f 2921/2756/3867 2924/640/3868 2900/737/771 2926/2669/2927
f 2913/741/776 2893/2757/2928 2896/742/777
f 2909/745/780 2904/744/779 2903/743/778
f 2908/214/3869 2907/747/782 2906/748/783
f 2892/4162/3870 2908/214/3869 2906/748/783
f 2907/747/782 2909/745/780 2912/746/781
f 2916/740/775 2904/744/779 2913/741/776
f 2927/269/774 2896/742/777 2893/2757/2928 2920/739/773
f 2897/736/770 2926/2669/2927 2900/737/771
f 2920/739/773 2897/736/770 2919/738/772
f 2932/422/3871 2954/758/793 2952/757/792 2930/2485/3872
f 2948/751/786 2944/754/789 2942/753/788 2939/2818/2930
f 2950/756/791 2951/755/790 2952/757/792
f 2972/472/804 2991/4163/3453 2988/2821/2933 2969/767/802
f 2939/2818/2930 2945/749/784 2948/751/786
f 2945/749/784 2951/755/790 2935/750/785
f 2959/4164/3873 2960/762/797 2958/763/798
f 2955/759/794 2957/2820/2932 2966/760/795
f 2956/761/796 2960/762/797 2955/759/794
f 2987/766/801 2981/222/2112 2984/4165/3874 2982/2823/2935
f 2988/2821/2933 2991/4163/3453 2979/765/800 3000/2501/2936
f 2982/2823/2935 2980/764/799 2987/766/801
f 2998/71/3875 2976/4166/3876 2973/4167/3877 2999/2669/3878
f 2969/767/802 2995/2808/2939 2994/768/803
f 2976/4166/3876 2994/768/803 2995/2808/2939 2973/4167/3877
f 3004/776/811 3010/778/813 3017/4168/3879 3001/775/810
f 2980/764/799 3000/2501/2936 2979/765/800
f 3013/773/808 3011/777/812 3012/774/809
f 3001/775/810 3023/769/805 3022/771/807
f 3023/769/805 3025/2669/3880 3007/770/806
f 3030/4169/3881 3058/785/821 3045/784/820 3027/4170/3882
f 3011/777/812 3017/4168/3879 3010/778/813
f 3051/651/819 3030/4169/3881 3027/4170/3882 3052/782/817
f 3052/782/817 3031/2629/2940 3034/783/818
f 3041/789/825 3037/787/823 3036/788/824
f 3040/780/815 3041/789/825 3044/790/826
f 3037/787/823 3045/784/820 3048/786/822
f 3055/71/3883 3034/783/818 3031/2629/2940 3056/2669/3884
f 3061/422/3885 3092/796/832 3093/2829/2944 3059/2485/3886
f 3071/794/830 3096/134/834 3088/797/833 3068/2629/2945
f 3087/798/835 3067/4171/3459 3064/2831/2948 3097/2482/2942
f 3078/802/839 3074/799/836 3073/801/838
f 3074/799/836 3081/2813/2946 3084/800/837
f 3097/2482/2942 3088/797/833 3087/798/835
f 3089/795/831 3093/2829/2944 3092/796/832
f 3068/2629/2945 3089/795/831 3071/794/830
f 3067/4171/3459 3084/800/837 3081/2813/2946 3064/2831/2948
f 3106/276/3887 3122/4172/3888 3123/2832/2950 3103/2629/2949
f 3116/806/843 3099/2834/2952 3102/807/844
f 3119/808/845 3115/804/841 3112/803/840 3108/2833/2951
f 3122/4172/3888 3102/807/844 3099/2834/2952 3123/2832/2950
f 3108/2833/2951 3116/806/843 3119/808/845
f 3125/71/3889 3106/276/3887 3103/2629/2949 3126/2669/3890
f 3130/422/3891 3162/4173/3475 3159/4174/3892 3128/2485/3893
f 3162/4173/3475 3163/71/3894 3164/2669/2953 3159/4174/3892
f 3163/71/3894 3140/4175/3468 3137/2835/2954 3164/2669/2953
f 3137/2835/2954 3140/4175/3468 3157/4176/3474 3158/2837/2956
f 3158/2837/2956 3157/4176/3474 3136/4177/3466 3133/2838/2957
f 3136/4177/3466 3154/4178/3473 3151/2840/2959 3133/2838/2957
f 3151/2840/2959 3154/4178/3473 3143/813/850 3148/812/849
f 3176/4179/3478 3184/817/855 3181/816/854 3177/4180/3895
f 3146/810/847 3148/812/849 3145/811/848
f 3198/2519/2962 3170/819/857 3173/821/859
f 3188/815/853 3176/4179/3478 3177/4180/3895 3185/2813/2964
f 3173/821/859 3191/4181/3896 3192/2843/2963 3198/2519/2962
f 3170/819/857 3193/2756/3897 3196/820/858
f 3191/4181/3896 3169/472/852 3166/814/851 3192/2843/2963
f 3206/829/867 3213/826/864 3210/2844/2965 3214/828/866
f 3185/2813/2964 3166/814/851 3188/815/853
f 3223/71/3898 3203/4182/3899 3201/2846/2967 3224/2669/3900
f 3213/826/864 3208/825/863 3210/2844/2965
f 3203/4182/3899 3219/823/861 3220/2847/2968 3201/2846/2967
f 3228/422/3901 3252/834/872 3249/4183/3902 3226/2485/3903
f 3199/822/860 3220/2847/2968 3219/823/861
f 3214/828/866 3199/822/860 3217/824/862
f 3230/2848/2969 3233/4184/3904 3246/832/870 3244/831/869
f 3248/835/873 3233/4184/3904 3230/2848/2969 3234/833/871
f 3238/830/868 3241/837/875 3244/831/869
f 3239/836/874 3240/2850/2971 3241/837/875
f 3268/844/883 3286/846/885 3276/850/889 3277/2852/2973
f 3252/834/872 3234/833/871 3249/4183/3902
f 3262/838/876 3253/843/882 3254/839/877
f 3259/840/878 3260/2115/2195 3262/838/876
f 3253/843/882 3255/841/879 3266/842/881
f 3282/849/888 3277/2852/2973 3276/850/889
f 3280/851/890 3281/2851/2972 3282/849/888
f 3292/71/3905 3289/848/887 3272/4185/3906 3293/2669/3907
f 3316/71/3908 3313/856/895 3298/4186/3909 3317/2669/3910
f 3290/847/886 3272/4185/3906 3289/848/887
f 3268/844/883 3290/847/886 3271/845/884
f 3346/472/3911 3365/4187/3497 3362/2856/2976 3343/2757/2980
f 3314/855/894 3298/4186/3909 3313/856/895
f 3294/853/892 3314/855/894 3297/854/893
f 3307/857/896 3294/853/892 3310/852/891
f 3304/859/898 3307/857/896 3306/858/897
f 3341/861/900 3318/2485/3912 3320/862/901
f 3324/865/904 3337/866/905 3322/2854/2974
f 3335/4188/3491 3334/2855/2975 3333/869/908
f 3334/2855/2975 3332/868/907 3333/869/908
f 3332/868/907 3337/866/905 3331/867/906
f 3322/2854/2974 3325/864/903 3324/865/904
f 3328/863/902 3325/864/903 3341/861/900
f 3347/4189/3913 3350/4190/3914 3371/134/3915 3370/2519/2978
f 3365/4187/3497 3374/108/914 3354/874/913 3362/2856/2976
f 3360/876/916 3354/874/913 3353/873/912
f 3359/870/909 3355/875/915 3357/871/910
f 3371/134/3915 3368/4191/3494 3369/2858/2979 3370/2519/2978
f 3368/4191/3494 3346/472/3911 3343/2757/2980 3369/2858/2979
f 3398/4192/3916 3377/4193/3917 3385/4194/3499 3382/4195/3918
f 3398/4192/3916 3375/2485/3919 3377/4193/3917
f 3391/2152/2236 3390/2861/2983 3389/4196/3501
f 3385/4194/3499 3396/4197/3920 3397/2860/2982 3382/4195/3918
f 3396/4197/3920 3381/879/919 3379/2859/2981 3397/2860/2982
f 3387/877/917 3389/4196/3501 3390/2861/2983 3388/878/918
f 3388/878/918 3379/2859/2981 3381/879/919
f 3400/2863/2985 3402/882/922 3408/4198/3502 3406/2862/2984
f 3408/4198/3502 3407/4199/249 3406/2862/2984
f 3423/885/925 3436/4200/3921 3437/2866/2989 3420/2867/2990
f 3412/880/920 3413/2669/2986 3411/881/921
f 3402/882/922 3400/2863/2985 3412/880/920
f 3438/883/923 3414/2485/3922 3416/884/924
f 3427/886/926 3428/2864/2987 3429/887/927
f 3423/885/925 3420/2867/2990 3438/883/923
f 3436/4200/3921 3419/4201/3506 3418/2869/2992 3437/2866/2989
f 3419/4201/3506 3425/888/928 3431/2868/2991 3418/2869/2992
f 3446/4202/3923 3449/4203/3924 3468/4204/3925 3469/4205/3926
f 3425/888/928 3429/887/927 3431/2868/2991
f 3462/895/936 3442/892/932 3445/893/934
f 3468/4204/3925 3470/269/933 3442/892/932 3469/4205/3926
f 3452/896/937 3458/898/939 3453/897/938
f 3455/891/931 3457/890/930 3456/900/941
f 3456/900/941 3458/898/939 3461/899/940
f 3453/897/938 3462/895/936 3465/894/935
f 3475/4206/3510 3493/905/946 3500/2506/2993 3472/2871/2995
f 3479/4048/3927 3496/4207/3928 3497/2873/2997 3476/4208/3929
f 3485/903/944 3483/222/2262 3486/2872/2996 3487/901/942
f 3496/4207/3928 3475/4206/3510 3472/2871/2995 3497/2873/2997
f 3501/108/947 3489/902/943 3482/4209/3930 3490/904/945
f 3490/904/945 3500/2506/2993 3493/905/946
f 3505/472/958 3525/911/953 3532/2506/2998 3502/914/957
f 3487/901/942 3482/4209/3930 3489/902/943
f 3509/4057/3931 3531/134/955 3529/912/954 3506/4210/3932
f 3541/4211/3933 3564/134/3934 3562/2519/3935 3538/4212/3936
f 3502/914/957 3529/912/954 3528/913/956
f 3522/910/952 3532/2506/2998 3525/911/953
f 3513/906/948 3522/910/952 3512/907/949
f 3564/134/3934 3560/4213/3518 3561/4214/3937 3562/2519/3935
f 3544/915/959 3550/919/963 3545/916/960
f 3549/4215/3938 3546/2198/2284 3553/918/962
f 3553/918/962 3546/2198/2284 3550/919/963
f 3557/917/961 3545/916/960 3554/2813/3939
f 3560/4213/3518 3537/4216/3516 3534/4217/3940 3561/4214/3937
f 3534/4217/3940 3537/4216/3516 3557/917/961 3554/2813/3939
f 3577/2874/2999 3576/4218/3941 3584/4219/3521 3581/2875/3000
f 3588/479/3942 3576/4218/3941 3577/2874/2999 3585/2813/3002
f 3584/4219/3521 3580/2876/3001 3581/2875/3000
f 3593/269/968 3570/4220/3519 3567/2879/3005 3592/922/967
f 3592/922/967 3571/920/964 3591/921/966
f 3570/4220/3519 3588/479/3942 3585/2813/3002 3567/2879/3005
f 3623/2756/3943 3626/640/3944 3628/71/978 3600/930/977
f 3622/932/980 3600/930/977 3603/931/979
f 3621/933/981 3630/2482/3006 3622/932/980
f 3621/933/981 3599/4221/3523 3596/4222/3945 3630/2482/3006
f 3599/4221/3523 3618/479/976 3615/929/975 3596/4222/3945
f 3655/71/3946 3638/4223/3947 3635/4224/3948 3656/2669/3949
f 3607/923/969 3615/929/975 3606/924/970
f 3611/2880/3007 3607/923/969 3614/925/971
f 3645/941/990 3647/938/986 3641/937/985
f 3631/4225/2317 3644/2881/3008 3643/940/989
f 3643/940/989 3644/2881/3008 3645/941/990
f 3638/4223/3947 3651/651/988 3652/939/987 3635/4224/3948
f 3665/4226/3530 3681/4227/3536 3682/2885/3012 3662/2884/3011
f 3632/934/982 3652/939/987 3634/935/983
f 3647/938/986 3632/934/982 3649/936/984
f 3675/942/991 3658/2757/3013 3661/943/992
f 3674/946/995 3672/948/997 3668/945/994
f 3670/947/996 3671/4228/3533 3672/948/997
f 3678/944/993 3668/945/994 3675/942/991
f 3681/4227/3536 3661/943/992 3658/2757/3013 3682/2885/3012
f 3692/4229/3542 3709/4230/3544 3710/2890/3019 3689/4231/3950
f 3709/4230/3544 3717/269/3951 3718/2482/3018 3710/2890/3019
f 3711/2756/3952 3714/640/3953 3692/4229/3542 3689/4231/3950
f 3717/269/3951 3688/4232/3537 3685/4233/3954 3718/2482/3018
f 3688/4232/3537 3706/4234/3541 3703/2892/3021 3685/4233/3954
f 3706/4234/3541 3695/951/1000 3696/950/999 3703/2892/3021
f 3738/957/1006 3735/4235/3548 3732/2896/3025 3720/2895/3024
f 3741/71/3955 3725/956/1005 3739/955/1004 3742/2669/3956
f 3720/2895/3024 3739/955/1004 3738/957/1006
f 3732/2896/3025 3735/4235/3548 3726/954/1003 3729/953/1002
f 3764/963/1012 3746/959/1008 3744/958/1007 3747/961/1010
f 3743/2897/3026 3756/964/1013 3755/966/1015
f 3756/964/1013 3753/2899/3028 3758/965/1014
f 3762/960/1009 3758/965/1014 3753/2899/3028 3759/2900/3029
f 3747/961/1010 3766/2669/3957 3750/962/1011
f 3759/2900/3029 3744/958/1007 3762/960/1009
f 3793/422/3958 3826/4236/3554 3823/4237/3959 3791/2485/3960
f 3780/974/1023 3781/4238/3550 3779/972/1021
f 3773/970/1019 3767/2901/3030 3769/976/1025
f 3771/968/1017 3773/970/1019 3789/969/1018
f 3784/975/1024 3771/968/1017 3787/967/1016
f 3778/973/1022 3779/972/1021 3784/975/1024
f 3803/4239/3556 3821/4240/3558 3822/2904/3034 3800/4241/3961
f 3821/4240/3558 3829/269/3962 3830/2482/3033 3822/2904/3034
f 3826/4236/3554 3803/4239/3556 3800/4241/3961 3823/4237/3959
f 3829/269/3962 3799/4242/3552 3796/2906/3036 3830/2482/3033
f 3799/4242/3552 3818/479/1030 3815/980/1029 3796/2906/3036
f 3836/2908/3039 3858/989/1039 3864/785/1043 3852/992/1042
f 3806/978/1027 3807/977/1026 3815/980/1029
f 3814/979/1028 3811/2907/3037 3807/977/1026
f 3834/985/1035 3860/984/1034 3832/2485/3038
f 3867/422/3963 3902/4243/3563 3899/4244/3964 3865/2485/3965
f 3842/987/1037 3859/990/1040 3839/988/1038
f 3844/993/1044 3849/982/1032 3845/994/1045
f 3855/991/1041 3845/994/1045 3852/992/1042
f 3858/989/1039 3836/2908/3039 3859/990/1040
f 3863/986/1036 3839/988/1038 3860/984/1034
f 3899/4244/3964 3902/4243/3563 3905/71/1047 3874/995/1046
f 3898/997/1049 3874/995/1046 3877/996/1048
f 3887/1003/1055 3881/1000/1052 3880/999/1051
f 3886/2909/3040 3885/1005/1057 3884/1004/1056
f 3885/1005/1057 3887/1003/1055 3890/1002/1054
f 3894/1001/1053 3881/1000/1052 3891/2813/3041
f 3906/2482/3042 3898/997/1049 3897/998/1050
f 3897/998/1050 3873/4245/3561 3870/4246/3966 3906/2482/3042
f 3873/4245/3561 3894/1001/1053 3891/2813/3041 3870/4246/3966
f 3942/1007/1060 3941/4247/3568 3938/2910/3044 3907/1006/1058
f 3944/2506/3043 3912/1014/1066 3915/1015/1067
f 3919/1013/1065 3937/1012/1064 3916/2629/3046
f 3936/1011/1063 3912/1014/1066 3937/1012/1064
f 3941/4247/3568 3919/1013/1065 3916/2629/3046 3938/2910/3044
f 3915/1015/1067 3933/4248/3567 3930/4249/3967 3944/2506/3043
f 3933/4248/3567 3922/1018/1070 3923/1017/1069 3930/4249/3967
f 3947/422/3968 3982/1007/3969 3981/2829/3049 3945/2485/3970
f 3926/1010/1062 3927/1009/1061 3928/1016/1068
f 3972/1020/1073 3985/108/1078 3961/1024/1077 3969/2813/3052
f 3966/1026/1080 3961/1024/1077 3960/1025/1079
f 3982/1007/3969 3980/4250/3575 3977/2914/3050 3981/2829/3049
f 3980/4250/3575 3957/4157/3971 3954/4251/3972 3977/2914/3050
f 3957/4157/3971 3975/4252/3973 3976/2915/3051 3954/4251/3972
f 3975/4252/3973 3953/472/1072 3950/1019/1071 3976/2915/3051
f 3993/4253/3578 4010/4254/3580 4011/2920/3058 3990/4255/3974
f 3969/2813/3052 3950/1019/1071 3972/1020/1073
f 4019/2506/3053 3986/1032/1087 3989/1031/1086
f 4003/1029/1083 3999/2918/3056 4000/2917/3055 3997/1027/1081
f 4010/4254/3580 4018/269/1088 3986/1032/1087 4011/2920/3058
f 4012/2756/3975 4015/640/3976 3993/4253/3578 3990/4255/3974
f 3989/1031/1086 4007/479/1085 4004/1030/1084 4019/2506/3053
f 4041/1043/1098 4030/1046/1101 4035/1045/1100 4050/2501/3060
f 3997/1027/1081 4004/1030/1084 3996/1028/1082
f 4024/1042/1097 4038/1044/1099 4021/1041/1096
f 4027/1038/1093 4045/1040/1095 4025/1036/1091
f 4033/1034/1089 4035/1045/1100 4032/1035/1090
f 4041/1043/1098 4050/2501/3060 4038/1044/1099
f 4044/1039/1094 4021/1041/1096 4045/1040/1095
f 4025/1036/1091 4046/2756/3977 4049/1037/1092
f 4053/422/3978 4086/1050/1107 4087/2829/3065 4051/2485/3979
f 4081/651/1110 4058/1048/1104 4091/2482/3066 4082/1051/1108
f 4082/1051/1108 4059/2629/3062 4062/1052/1109
f 4071/1056/1114 4066/1053/1111 4065/1055/1113
f 4068/1058/1116 4070/2924/249 4069/1059/1117
f 4074/1057/1115 4069/1059/1117 4071/1056/1114
f 4066/1053/1111 4075/2813/3064 4078/1054/1112
f 4090/71/1105 4062/1052/1109 4059/2629/3062 4083/1049/1106
f 4083/1049/1106 4087/2829/3065 4086/1050/1107
f 4093/785/1102 4078/1054/1112 4075/2813/3064 4055/1047/1103
f 4055/1047/1103 4091/2482/3066 4058/1048/1104
f 4097/4256/3980 4126/785/1124 4112/1063/1123 4094/4257/3981
f 4118/651/1122 4097/4256/3980 4094/4257/3981 4119/1062/1121
f 4119/1062/1121 4098/1060/1118 4101/1061/1120
f 4104/1066/1127 4109/2925/3067 4105/1065/1126
f 4105/1065/1126 4112/1063/1123 4115/1064/1125
f 4120/2756/3982 4123/640/3983 4124/71/1119 4098/1060/1118
f 4134/3900/3984 4155/134/3985 4154/2519/3070 4131/4258/3986
f 4155/134/3985 4152/4259/3590 4153/2928/3071 4154/2519/3070
f 4152/4259/3590 4130/472/1129 4127/1067/1128 4153/2928/3071
f 4157/2485/3987 4159/422/3988 4184/1082/1144 4181/2932/3075
f 4149/1068/1130 4146/1072/1134 4127/1067/1128
f 4138/1070/1132 4146/1072/1134 4137/1071/1133
f 4145/1069/1131 4141/2929/3072 4138/1070/1132
f 4167/1080/1142 4164/1075/1137 4180/2933/3076 4165/1081/1143
f 4171/1078/1140 4169/1077/1139 4174/1076/1138
f 4184/1082/1144 4165/1081/1143 4181/2932/3075
f 4208/1092/1155 4204/4260/3597 4199/2936/3079 4205/1091/1154
f 4164/1075/1137 4161/1074/1136 4180/2933/3076
f 4177/1073/1135 4175/2934/3077 4161/1074/1136
f 4177/1073/1135 4169/1077/1139 4175/2934/3077
f 4205/1091/1154 4189/1089/1152 4192/1090/1153
f 4204/4260/3597 4201/2935/3078 4199/2936/3079
f 4210/1087/1150 4189/1089/1152 4193/1088/1151
f 4211/1085/1148 4185/1083/1145 4213/1084/1147
f 4193/1088/1151 4211/1085/1148 4196/1086/1149
f 4225/4261/3599 4232/4262/3600 4229/2939/3082 4226/2938/3081
f 4233/2937/3080 4218/1099/1163 4220/1098/1162
f 4233/2937/3080 4220/1098/1162 4225/4261/3599 4226/2938/3081
f 4228/2392/2499 4229/2939/3082 4232/4262/3600
f 4242/1093/1156 4224/1096/1160 4221/1095/1159 4239/2940/3083
f 4218/1099/1163 4221/1095/1159 4238/1097/1161
f 4239/2940/3083 4214/1094/1157 4242/1093/1156
f 4245/422/3989 4270/1109/1173 4267/2941/3084 4243/2485/3086
f 4260/2944/3088 4262/1102/1166 4259/1104/1168 4258/1103/1167
f 4293/1122/1186 4290/1112/1176 4289/1111/1175 4285/2947/3091
f 4270/1109/1173 4252/1108/1172 4267/2941/3084
f 4266/1106/1170 4252/1108/1172 4265/1107/1171
f 4248/1100/1164 4266/1106/1170 4251/1101/1165
f 4262/1102/1166 4260/2944/3088 4248/1100/1164
f 4273/1114/1178 4298/1113/1177 4271/2485/3990
f 4291/1123/1187 4276/1120/1184 4279/1121/1185
f 4282/1116/1180 4297/1119/1183 4280/1117/1181
f 4303/2485/3991 4305/422/3992 4333/4263/3993 4330/4264/3994
f 4285/2947/3091 4291/1123/1187 4293/1122/1186
f 4276/1120/1184 4297/1119/1183 4296/1118/1182
f 4301/1115/1179 4280/1117/1181 4298/1113/1177
f 4333/4263/3993 4314/1125/1189 4311/1124/1188 4330/4264/3994
f 4318/2420/2526 4317/2953/3097 4316/4265/2525
f 4329/2949/3093 4328/1126/1190 4310/4266/3611 4307/2950/3094
f 4329/2949/3093 4311/1124/1188 4328/1126/1190
f 4310/4266/3611 4326/4267/3612 4323/2952/3096 4307/2950/3094
f 4323/2952/3096 4326/4267/3612 4322/4268/3615 4319/2951/3095
f 4322/4268/3615 4316/4265/2525 4317/2953/3097 4319/2951/3095
f 4335/2485/3099 4337/422/3995 4364/1136/1200 4361/2955/3100
f 4343/1135/1199 4346/1137/1201 4359/1128/1192 4360/2957/3102
f 4347/1133/1197 4351/1138/1202 4354/1134/1198
f 4350/1132/1196 4348/1131/1195 4351/1138/1202
f 4364/1136/1200 4343/1135/1199 4361/2955/3100
f 4373/4269/3996 4390/4270/3997 4391/2958/3104 4370/4271/3998
f 4359/1128/1192 4340/1127/1191 4360/2957/3102
f 4354/1134/1198 4340/1127/1191 4357/1129/1193
f 4390/4270/3997 4369/1140/1204 4398/2482/3103 4391/2958/3104
f 4392/2756/3999 4395/640/4000 4373/4269/3996 4370/4271/3998
f 130/4272/4001 45/4273/4002 12/1154/1218 117/1153/1217
f 4369/1140/1204 4366/1139/1203 4398/2482/3103
f 4387/1141/1205 4384/1145/1209 4366/1139/1203
f 4377/1142/1206 4384/1145/1209 4376/1143/1207
f 4380/2959/3105 4377/1142/1206 4383/1144/1208
f 117/1153/1217 52/1150/1214 56/4274/4003 130/4272/4001
f 129/4275/4004 118/1152/1216 7/1151/1215 38/4276/4005
f 118/1152/1216 129/4275/4004 56/4274/4003 52/1150/1214
f 119/4277/4006 5/4278/4007 33/2469/2576 204/4279/4008
f 168/1166/1230 166/1148/1212 115/1147/1211
f 62/1167/1231 98/1149/1213 166/1148/1212
f 52/1150/1214 117/1153/1217 115/1147/1211
f 98/1149/1213 7/1151/1215 116/1146/1210
f 204/4279/4008 19/1171/1235 53/4280/4009 119/4277/4006
f 120/1175/1239 33/2469/2576 65/1170/1234 172/1169/1233
f 33/2469/2576 120/1175/1239 204/4279/4008
f 224/4281/4010 4/4282/4011 206/4283/4012 121/4284/4013
f 66/1172/1236 19/1171/1235 120/1175/1239
f 204/4279/4008 120/1175/1239 19/1171/1235
f 121/4284/4013 206/4283/4012 72/4285/4014 94/4286/4015
f 173/1173/1237 34/2970/3113 10/2972/3115 122/4287/4016
f 93/1176/1240 121/4284/4013 94/4286/4015
f 93/1176/1240 224/4281/4010 121/4284/4013
f 122/4287/4016 53/4280/4009 19/1171/1235 173/1173/1237
f 123/1157/1221 127/1156/1220 37/1158/1222 36/2459/2566
f 124/4288/4017 123/1157/1221 36/2459/2566 203/4289/4018
f 20/4290/4019 54/1155/1219 123/1157/1221
f 119/4277/4006 124/4288/4017 203/4289/4018 5/4278/4007
f 119/4277/4006 53/4280/4009 20/4290/4019 124/4288/4017
f 122/4287/4016 10/2972/3115 43/4291/4020 125/1164/1228
f 20/4290/4019 123/1157/1221 124/4288/4017
f 125/1164/1228 20/4290/4019 53/4280/4009 122/4287/4016
f 129/4275/4004 38/4276/4005 6/1160/1224 126/1159/1223
f 54/1155/1219 20/4290/4019 125/1164/1228
f 54/1155/1219 55/1161/1225 127/1156/1220
f 43/4291/4020 44/1162/1226 125/1164/1228
f 55/1161/1225 54/1155/1219 125/1164/1228
f 126/1159/1223 55/1161/1225 56/4274/4003 129/4275/4004
f 130/4272/4001 128/1163/1227 11/1165/1229 45/4273/4002
f 128/1163/1227 130/4272/4001 56/4274/4003 55/1161/1225
f 217/4292/4021 172/1169/1233 213/1168/1232 70/4293/4022
f 172/1169/1233 217/4292/4021 92/4294/4023 198/1174/1238
f 173/1173/1237 179/4295/4024 67/4296/4025 34/2970/3113
f 179/4295/4024 94/4286/4015 72/4285/4014 214/4297/4026
f 179/4295/4024 173/1173/1237 66/1172/1236
f 183/4298/4027 217/4292/4021 70/4293/4022 202/4299/4028
f 214/4297/4026 67/4296/4025 179/4295/4024
f 205/4300/4029 183/4298/4027 202/4299/4028 2/4301/4030
f 183/4298/4027 205/4300/4029 91/4302/4031 199/4303/4032
f 217/4292/4021 183/4298/4027 199/4303/4032 92/4294/4023
f 201/4304/4033 198/1174/1238 92/4294/4023 71/4305/4034
f 201/4304/4033 66/1172/1236 120/1175/1239 198/1174/1238
f 200/1177/1241 199/4303/4032 223/4306/4035 31/1178/1242
f 91/4302/4031 223/4306/4035 199/4303/4032
f 199/4303/4032 200/1177/1241 71/4305/4034 92/4294/4023
f 93/1176/1240 94/4286/4015 71/4305/4034 200/1177/1241
f 201/4304/4033 71/4305/4034 94/4286/4015 179/4295/4024
f 179/4295/4024 66/1172/1236 201/4304/4033
f 246/1181/1245 233/4307/4036 234/2993/3133 228/1179/1243
f 243/1186/1249 244/2991/3132 230/1187/1250
f 233/4307/4036 230/1187/1250 244/2991/3132 234/2993/3133
f 250/2997/3134 248/1180/4037 275/4308/4038 276/2998/3135
f 236/1184/1247 238/1183/49 243/1186/1249
f 268/1199/1261 267/1200/1262 257/1193/1256 281/3004/3137
f 252/1197/1259 268/1199/1261 253/1198/1260
f 264/1191/1254 260/1195/1257 258/1192/1255
f 276/2998/3135 275/4308/4038 255/1189/1252 278/3001/3136
f 253/1198/1260 271/1188/1251 270/1196/1258
f 315/3006/3139 283/2484/2591 312/2491/2599 313/3007/3140
f 255/1189/1252 271/1188/1251 278/3001/3136
f 257/1193/1256 258/1192/1255 281/3004/3137
f 283/2484/2591 315/3006/3139 285/2997/4039
f 300/4309/4040 298/4310/3641 302/2488/2595
f 313/3007/3140 312/2491/2599 291/2486/2593 292/4311/4041
f 292/4311/4041 291/2486/2593 307/2490/2598 308/4312/4042
f 308/4312/4042 307/2490/2598 287/4313/4043 288/4314/4044
f 288/4314/4044 287/4313/4043 304/4315/4045 305/4316/4046
f 304/4315/4045 294/4317/4047 295/3009/3142 305/4316/4046
f 319/3011/3143 333/1201/1263 331/1208/1270 332/1207/1269
f 302/2488/2595 295/3009/3142 294/4317/4047
f 355/4318/4048 354/4319/4049 351/1218/1279 345/3018/3145
f 330/1205/1267 332/1207/1269 329/1206/1268
f 333/1201/1263 319/3011/3143 323/1202/1264
f 341/1214/1276 342/1210/1272 335/1212/1274
f 373/1220/1281 372/1219/1280 363/1228/1289 364/1227/1288
f 351/1218/1279 348/1216/1277 345/3018/3145
f 360/1222/1283 376/1225/1286 361/1223/1284
f 367/1226/1287 369/4320/2603 368/3019/3146
f 367/1226/1287 368/3019/3146 364/1227/1288
f 373/1220/1281 376/1225/1286 375/1221/1282
f 408/3463/4050 407/1268/4051 386/1230/1291 410/3001/4052
f 382/1233/1295 400/1232/1294 383/3024/3147
f 380/4321/2605 393/4322/4053 392/2499/2606
f 413/3004/3148 400/1232/1294 399/1231/1293
f 387/1229/1290 412/1190/1292 402/2502/2609 403/4323/4054
f 386/1230/1291 387/1229/1290 410/3001/4052
f 403/4323/4054 402/2502/2609 382/1233/1295 383/3024/3147
f 413/3004/3148 399/1231/1293 389/1236/1298 390/1235/1297
f 417/1240/1303 434/2505/2612 435/3032/3155 418/1239/1302
f 392/2499/2606 393/4322/4053 396/1234/1296
f 421/4324/4055 441/1190/1300 438/1237/1299 422/4325/4056
f 424/1243/1306 428/3888/3658 429/3030/3153 432/3027/3150
f 432/3027/3150 425/1241/1304 424/1243/1306
f 415/3028/3151 429/3030/3153 428/3888/3658
f 435/3032/3155 434/2505/2612 444/1242/1305 425/1241/1304
f 479/3040/3160 478/1247/1309 458/4326/4057 459/4327/4058
f 418/1239/1302 438/1237/1299 437/1238/1301
f 467/3035/3157 471/1249/1312 466/1251/1314
f 465/3037/2619 463/1253/1316 462/1252/1315
f 463/1253/1316 467/3035/3157 466/1251/1314
f 478/1247/1309 479/3040/3160 453/1248/1310
f 458/4326/4057 473/4328/4059 474/3042/3161 459/4327/4058
f 474/3042/3161 473/4328/4059 455/4329/4060 456/3043/3162
f 456/3043/3162 455/4329/4060 470/1250/1313 471/1249/1312
f 490/1259/1322 503/2517/2625 504/3047/3165 491/3046/3164
f 493/4330/4061 496/1256/1319 497/1255/1318 494/3049/3166
f 501/3051/3167 500/4331/4062 493/4330/4061 494/3049/3166
f 504/3047/3165 503/2517/2625 500/4331/4062 501/3051/3167
f 491/3046/3164 486/1257/1320 490/1259/1322
f 530/1266/1329 538/1213/1330 510/4332/4063 511/3058/3169
f 514/1261/1324 515/1260/1323 535/1267/1331
f 530/1266/1329 515/1260/1323 529/1262/1325
f 511/3058/3169 510/4332/4063 526/1265/1328 527/1264/1327
f 545/4333/4064 565/1190/1344 562/1278/1343 546/4334/4065
f 567/3063/3170 561/1277/1342 541/1240/1334 542/1269/1333
f 561/1277/1342 567/3063/3170 562/1278/1343
f 586/1289/1356 579/1288/1355 584/1284/1351 582/1283/1350
f 559/1276/1341 542/1269/1333 558/1270/1335
f 548/1273/1338 549/1272/1337 559/1276/1341
f 556/1275/1340 549/1272/1337 555/1271/1336
f 574/1286/1353 586/1289/1356 575/1287/1354
f 577/1282/1349 572/1280/1346 591/1279/1345
f 588/1281/1348 575/1287/1354 577/1282/1349
f 596/1294/1361 600/1293/1360 598/3906/3674 599/4335/152
f 609/3072/3172 608/1295/1362 615/1299/1366 616/1298/1365
f 602/1292/1359 596/1294/1361 593/3068/3171
f 595/1291/1358 603/1290/1357 605/3001/4066
f 593/3068/3171 603/1290/1357 602/1292/1359
f 609/3072/3172 613/1296/1363 608/1295/1362
f 644/3912/3676 638/4336/4067 639/3079/158 642/3081/3178
f 623/1305/1371 631/1304/1370 632/3063/3174
f 625/1303/1369 627/1302/1368 631/1304/1370
f 635/3078/249 633/3077/3177 636/2532/2640
f 638/4336/4067 641/4337/156 639/3079/158
f 732/1602/4068 727/2553/2659 728/3097/3186 733/3100/3189
f 645/4338/162 648/4339/4069 647/4340/4070
f 685/4341/2649 687/1323/1386 686/1325/1388
f 706/1334/1396 710/4342/3679 709/1336/1398
f 722/3093/2655 720/1342/1403 719/1341/1402
f 720/1342/1403 725/3095/3185 724/1343/1404
f 727/2553/2659 730/3098/3187 728/3097/3186
f 750/4343/4071 749/4344/4072 747/1347/1408 741/3102/3191
f 740/4345/249 745/1346/1407 744/1348/1409
f 767/4346/4073 766/4347/4074 759/1351/1411 760/1350/1410
f 745/1346/1407 741/3102/3191 747/1347/1408
f 752/2557/2662 756/4348/4075 755/4349/4076
f 775/3107/3194 774/4350/4077 777/1357/1417 778/1356/1416
f 784/4351/4078 783/4352/4079 774/4350/4077 775/3107/3194
f 796/4353/4080 795/4354/4081 793/1361/1421 787/3110/3197
f 806/4355/4082 799/1363/1423 800/3113/3199 807/4356/4083
f 791/1359/1419 787/3110/3197 793/1361/1421
f 836/4357/4084 835/4358/4085 826/1372/1432 827/1371/1431
f 802/1362/1422 800/3113/3199 799/1363/1423
f 811/3114/3200 814/3116/3202 812/2563/2668
f 821/3120/3205 823/3119/3204 822/2567/2672
f 833/1370/1430 830/1369/1429 827/1371/1431
f 854/4359/4086 853/4360/4087 839/1377/1437 840/3124/3208
f 838/3121/3206 844/1373/1433 847/1375/1435
f 865/4361/4088 862/1380/1440 863/1379/1439 866/4362/4089
f 839/1377/1437 850/1376/1436 840/3124/3208
f 843/1374/1434 844/1373/1433 850/1376/1436
f 875/4363/4090 869/1383/1442 870/1382/1441 876/4364/4091
f 894/4365/4092 893/4366/4093 885/4367/4094 886/3131/3212
f 878/4368/4095 879/2576/2680 882/4369/4096
f 889/3129/3211 886/3131/3212 885/4367/4094
f 910/4370/4097 903/1386/1444 904/3136/3215 911/4371/4098
f 897/3134/3214 896/3133/3213 899/2578/2681
f 922/4372/4099 919/1389/1447 920/3138/3216 923/4373/4100
f 907/1385/1443 904/3136/3215 903/1386/1444
f 942/1393/1451 935/1392/1450 936/1391/1449 943/1394/1452
f 915/1388/1446 920/3138/3216 919/1389/1447
f 926/2581/213 929/4374/4101 928/2582/2683
f 931/1395/1453 943/1394/1452 932/3140/3217
f 947/4375/4102 946/4376/4103 931/1395/1453 932/3140/3217
f 952/2586/2687 955/223/226 956/4377/225 953/4378/4104
f 949/2584/2685 952/2586/2687 953/4378/4104 958/4379/4105
f 960/4380/4106 949/2584/2685 958/4379/4105 961/4381/4107
f 964/3144/3218 963/4382/4108 967/1398/1456 968/1397/1455
f 973/4383/4109 963/4382/4108 964/3144/3218 974/4384/4110
f 981/4385/4111 980/2587/2688 976/3974/3720 984/4386/232
f 978/4387/4112 977/4388/4113 980/2587/2688 981/4385/4111
f 988/4389/4114 987/4390/4115 977/4388/4113 978/4387/4112
f 1004/4391/4116 1003/4392/4117 1007/1406/1464 1008/1405/1463
f 1012/4393/4118 1003/4392/4117 1004/4391/4116 1013/4394/4119
f 1038/4395/4120 1028/1418/1475 1029/3149/3221 1039/4396/4121
f 1024/1411/237 1025/1413/1470 1022/1412/1469
f 1094/3158/3226 1093/2604/2705 1092/1443/1501 1086/1442/1500
f 1033/1416/1473 1029/3149/3221 1028/1418/1475
f 1057/1425/1483 1048/1423/1480 1056/1422/1479
f 1050/1427/1484 1057/1425/1483 1053/1424/1482
f 1063/1433/1491 1061/1432/1489 1070/1431/1488
f 1068/1430/1487 1065/1429/1486 1063/1433/1491
f 1073/1440/1498 1072/1438/1496 1080/1437/1495
f 1078/1436/1494 1075/1435/1493 1073/1440/1498
f 1093/2604/2705 1094/3158/3226 1095/3160/3228
f 1108/3163/3230 1107/2609/2710 1104/1446/1504 1105/1445/1503
f 1098/4397/4122 1097/2607/2708 1107/2609/2710 1108/3163/3230
f 1110/2611/2711 1119/1448/1506 1113/3165/3231 1111/4398/4123
f 1138/3063/3233 1137/1213/4124 1123/4399/4125 1124/3166/3232
f 1119/1448/1506 1114/1447/1505 1113/3165/3231
f 1124/3166/3232 1123/4399/4125 1134/1451/1508 1135/3168/3234
f 1143/1459/1516 1145/1458/1515 1146/1457/1514 1150/3172/3236
f 1134/1451/1508 1126/1450/1507 1135/3168/3234
f 1129/1454/1511 1126/1450/1507 1131/1452/1509
f 1143/1459/1516 1150/3172/3236 1153/1460/1517
f 1156/3063/3237 1155/1213/4126 1152/1461/1518 1141/3176/3238
f 1169/1462/1519 1167/1467/1524 1162/1466/1523 1170/3180/3239
f 1153/1460/1517 1141/3176/3238 1152/1461/1518
f 1169/1462/1519 1170/3180/3239 1160/1463/1520
f 1180/3181/3240 1179/1472/1530 1177/1469/1526 1174/1468/1525
f 1180/3181/3240 1172/1471/1528 1179/1472/1530
f 1185/4400/4127 1184/2618/2717 1194/1477/1535 1187/1476/1534
f 1205/1480/1538 1202/2620/2720 1203/3186/3244 1206/1478/1536
f 1189/1473/1531 1187/1476/1534 1192/1474/1532
f 1197/1479/1537 1206/1478/1536 1198/3185/3243
f 1227/3190/3246 1215/2624/2724 1211/1482/1540 1212/1481/1539
f 1202/2620/2720 1200/2622/249 1203/3186/3244
f 1215/2624/2724 1227/3190/3246 1216/3195/4128
f 1225/1483/1541 1218/1484/1542 1212/1481/1539
f 1265/2627/2727 1262/1507/1564 1275/1506/1563 1266/4401/4129
f 1222/1485/1543 1219/1487/1544 1218/1484/1542
f 1230/1491/1548 1243/1495/1552 1244/1492/1549
f 1233/1493/1550 1244/1492/1549 1234/3195/4130
f 1237/1488/1545 1243/1495/1552 1241/1489/1546
f 1249/1502/1559 1260/1501/1558 1250/3195/3247
f 1246/1500/1557 1259/1499/1556 1260/1501/1558
f 1252/1497/1554 1253/1496/1553 1259/1499/1556
f 1280/2628/2729 1276/1509/1566 1277/1508/1565 1281/4402/4131
f 1269/1504/1561 1275/1506/1563 1268/1505/1562
f 1326/1522/1580 1325/1521/1579 1308/1526/1584 1324/1525/1583
f 1283/1511/1568 1277/1508/1565 1290/1510/1567
f 1284/1513/1570 1283/1511/1568 1288/1512/1569
f 1303/3204/249 1300/1520/1578 1304/1519/1577
f 1300/1520/1578 1294/1518/1576 1299/1517/1575
f 1293/1515/1572 1294/1518/1576 1297/1516/1573
f 1311/1523/1581 1326/1522/1580 1312/3195/4132
f 1320/1528/1586 1321/1530/1588 1314/1527/1585
f 1314/1527/1585 1324/1525/1583 1323/1524/1582
f 1346/3218/3254 1345/1536/1594 1357/1540/1598 1352/3216/3252
f 1338/2637/2738 1337/3214/3250 1335/1531/1589
f 1330/3211/3249 1333/1534/1592 1329/1533/1591
f 1336/1532/1590 1330/3211/3249 1329/1533/1591
f 1337/3214/3250 1336/1532/1590 1335/1531/1589
f 1357/1540/1598 1354/1539/1597 1352/3216/3252
f 1345/1536/1594 1346/3218/3254 1350/1537/1595
f 1394/3226/3255 1393/1564/1622 1408/4403/4133 1409/3227/3256
f 1360/1546/1604 1371/1545/1603 1373/1547/1605
f 1362/1548/1606 1373/1547/1605 1363/3195/4134
f 1369/1544/1602 1366/1543/1601 1371/1545/1603
f 1390/1550/1608 1376/1549/1607 1379/1552/1610
f 1388/1551/1609 1381/1556/1614 1376/1549/1607
f 1382/1555/1613 1383/1554/1612 1381/1556/1614
f 1409/3227/3256 1408/4403/4133 1399/1559/1617 1400/1558/1616
f 1396/1563/1621 1411/1562/1620 1397/3195/4135
f 1424/4404/4136 1423/4405/4137 1414/1567/1625 1415/1566/1624
f 1394/3226/3255 1411/1562/1620 1393/1564/1622
f 1402/1560/1618 1400/1558/1616 1406/1557/1615
f 1531/4406/4138 1530/4407/4139 1523/4408/4140 1528/3254/3264
f 1427/3234/249 1430/3233/3259 1428/2645/2746
f 1435/1572/1630 1439/1571/1629 1443/1574/1632
f 1436/1573/1631 1437/3236/2750 1439/1571/1629
f 1432/1570/1628 1433/1569/1627 1445/3063/4141
f 1442/1568/1626 1443/1574/1632 1433/1569/1627
f 1464/1587/1644 1465/1586/1643 1469/3240/3261
f 1471/2655/2756 1475/3243/3262 1474/2656/2757
f 1479/1589/1646 1483/1591/1648 1478/1590/1647
f 1488/4409/2760 1486/3244/363 1485/1593/1650
f 1485/1593/1650 1486/3244/363 1489/1594/1651
f 1506/2660/2762 1512/3250/3263 1511/2662/2764
f 1527/3252/377 1528/3254/3264 1523/4408/4140
f 1541/4410/4142 1534/1610/1665 1535/3257/3265 1542/4411/4143
f 1553/4412/4144 1552/4413/4145 1544/1615/1668 1545/3259/3266
f 1534/1610/1665 1538/1609/1664 1535/3257/3265
f 1560/1620/1671 1559/1619/1670 1556/1623/1675 1572/3262/3267
f 1544/1615/1668 1549/1613/386 1545/3259/3266
f 1556/1623/1675 1570/1622/1674 1572/3262/3267
f 1567/1617/1669 1564/1616/393 1562/1624/1676
f 1562/1624/1676 1570/1622/1674 1569/1621/1673
f 1593/3265/3270 1592/1625/1677 1577/1630/1682 1590/1629/1681
f 1580/1627/1679 1581/1626/1678 1595/3001/3269
f 1592/1625/1677 1593/3265/3270 1581/1626/1678
f 1590/1629/1681 1589/1628/1680 1586/2668/2769 1587/3269/3271
f 1620/3001/3272 1619/1224/4146 1601/4414/4147 1602/3272/3273
f 1586/2668/2769 1584/2667/2768 1587/3269/3271
f 1599/1636/1687 1613/1639/1690 1616/1637/1688
f 1601/4414/4147 1615/1638/1689 1616/1637/1688 1602/3272/3273
f 1628/3276/3274 1627/2674/2774 1640/1649/1700 1641/1648/1699
f 1612/1632/1684 1604/1631/1683 1613/1639/1690
f 1606/1634/1686 1604/1631/1683 1610/1633/1685
f 1655/3280/3275 1648/1652/1703 1653/1651/1702 1654/1650/1701
f 1623/1642/1693 1624/1641/1692 1641/1648/1699
f 1638/1640/1691 1630/1647/1698 1624/1641/1692
f 1629/1646/1697 1634/1644/1695 1630/1647/1698
f 1665/4415/4148 1675/1660/1713 1676/1659/1712 1678/3284/3276
f 1655/3280/3275 1649/1653/1704 1648/1652/1703
f 1668/1662/1715 1667/1661/1714 1665/4415/4148 1678/3284/3276
f 1681/1654/1706 1668/1662/1715 1662/1655/1707
f 1689/1668/1722 1688/1667/1721 1701/2682/2782 1702/3292/3278
f 1669/1657/1710 1672/1656/1709 1676/1659/1712
f 1696/2681/2781 1693/3288/3277 1700/2678/2778
f 1692/1666/1720 1686/1663/1716 1707/1664/1718
f 1689/1668/1722 1692/1666/1720 1703/1665/1719
f 1702/3292/3278 1701/2682/2782 1700/2678/2778 1693/3288/3277
f 1713/1676/1731 1725/2686/2785 1726/3294/3279 1727/1674/1729
f 1726/3294/3279 1725/2686/2785 1722/1673/1728 1723/1672/1727
f 1715/1675/1730 1727/1674/1729 1716/3296/3280
f 1730/1670/1725 1715/1675/1730 1716/3296/3280 1712/1669/1723
f 1737/3302/3284 1736/1684/1738 1748/1678/1733 1749/3300/3283
f 1732/1682/1736 1753/1681/1735 1734/2997/3282
f 1760/4416/4149 1759/4417/4150 1781/1190/1746 1778/1689/1745
f 1736/1684/1738 1737/3302/3284 1751/1685/1739
f 1740/1683/1737 1751/1685/1739 1753/1681/1735
f 1744/1677/1732 1749/3300/3283 1748/1678/1733
f 1755/1691/1748 1782/3307/3287 1756/1692/1749
f 1755/1691/1748 1774/1200/1744 1775/1688/1743 1782/3307/3287
f 1768/4418/3773 1769/4419/467 1766/3304/3285
f 1766/3304/3285 1763/1686/1741 1771/1452/1740
f 1756/1692/1749 1778/1689/1745 1777/1690/1747
f 1786/4420/4151 1785/4421/4152 1804/1697/1754 1811/3307/3289
f 1762/1687/1742 1763/1686/1741 1775/1688/1743
f 1790/4422/4153 1789/4423/4154 1807/4424/4155 1808/4425/4156
f 1808/4425/4156 1807/4424/4155 1785/4421/4152 1786/4420/4151
f 1819/4426/4157 1818/4427/4158 1840/1190/1763 1837/1704/1762
f 1804/1697/1754 1805/1696/1753 1811/3307/3289
f 1793/1693/1750 1805/1696/1753 1792/1694/1751
f 1796/4428/4159 1797/4429/4160 1801/1695/1752
f 1842/3063/3292 1836/1703/1761 1814/2691/2792 1815/3316/3293
f 1842/3063/3292 1837/1704/1762 1836/1703/1761
f 1815/3316/3293 1814/2691/2792 1833/1200/1760 1834/1702/1759
f 1848/3024/3294 1847/1708/1766 1866/2698/2798 1867/3318/3295
f 1822/1698/1755 1834/1702/1759 1821/1699/1756
f 1852/4430/4161 1851/4431/4162 1869/1710/1768 1873/3323/3298
f 1854/2699/2800 1863/2700/2801 1864/3321/3296 1855/4432/4163
f 1864/3321/3296 1863/2700/2801 1858/1707/1765 1859/3319/488
f 1861/1706/489 1859/3319/488 1858/1707/1765
f 1867/3318/3295 1866/2698/2798 1854/2699/2800 1855/4432/4163
f 1882/4433/4164 1905/1190/4165 1906/3323/3302 1883/4434/4166
f 1869/1710/1768 1870/1709/1767 1873/3323/3298
f 1848/3024/3294 1870/1709/1767 1847/1708/1766
f 1878/1717/1775 1899/1716/1774 1879/3024/3300
f 1899/1716/1774 1898/1200/1776 1885/1713/1771 1909/3004/3304
f 1892/4435/4167 1890/3329/498 1889/1715/1773
f 1906/3323/3302 1905/1190/4165 1901/2701/2803 1902/3326/3303
f 1902/3326/3303 1901/2701/2803 1878/1717/1775 1879/3024/3300
f 1912/4436/4168 1942/1724/1784 1931/1723/1783 1913/3334/3306
f 1886/1712/1770 1909/3004/3304 1885/1713/1771
f 1895/1714/1772 1886/1712/1770 1894/1711/1769
f 1890/3329/498 1895/1714/1772 1889/1715/1773
f 1934/3333/3305 1933/1718/1777 1912/4436/4168 1913/3334/3306
f 1943/3004/3310 1931/1723/1783 1930/1722/1782
f 1930/1722/1782 1919/2703/2805 1920/3336/3308 1943/3004/3310
f 1916/1720/1779 1917/1719/1778 1939/1721/1780
f 1934/3333/3305 1917/1719/1778 1933/1718/1777
f 1945/1240/1798 1963/4437/4169 1964/3339/3312 1946/1736/1796
f 1927/1726/1785 1920/3336/3308 1919/2703/2805
f 1964/3339/3312 1963/4437/4169 1952/1732/1792 1965/3345/517
f 1971/1268/4170 1949/1729/1789 1973/3001/3316 1972/3343/3315
f 1966/1737/1797 1946/1736/1796 1967/3333/3313
f 1950/1728/1788 1974/1190/1787 1966/1737/1797 1967/3333/3313
f 1949/1729/1789 1950/1728/1788 1973/3001/3316
f 1978/3349/3320 1977/4438/4171 1994/4439/4172 1995/3347/3319
f 1953/1731/1791 1965/3345/517 1952/1732/1792
f 1957/1734/1794 1953/1731/1791 1961/1730/1790
f 1982/3195/4173 1981/1203/4174 1997/4440/4175 1998/3352/3321
f 1994/4439/4172 1984/1740/1801 1985/1739/1800 1995/3347/3319
f 1997/4440/4175 1977/4438/4171 1978/3349/3320 1998/3352/3321
f 2007/3195/4176 2006/1203/4177 2022/4441/4178 2023/4442/4179
f 2002/1743/1804 2020/1742/1803 2003/3357/3325
f 2023/4442/4179 2022/4441/4178 2002/1743/1804 2003/3357/3325
f 2019/1741/1802 2009/1745/1806 2020/1742/1803
f 2029/1753/1814 2028/1752/1813 2045/4443/4180 2046/3363/3326
f 2016/1747/1808 2009/1745/1806 2015/1744/1805
f 2045/4443/4180 2035/1751/1812 2036/3365/3327 2046/3363/3326
f 2050/3001/3329 2049/1224/4181 2032/1754/1815 2033/3367/3330
f 2053/3370/3332 2052/1760/1822 2067/2716/2816 2068/3371/3333
f 2032/1754/1815 2029/1753/1814 2033/3367/3330
f 2040/1749/1810 2036/3365/3327 2035/1751/1812
f 2068/3371/3333 2067/2716/2816 2058/1757/1818 2059/3375/3336
f 2055/1758/1819 2070/1761/1823 2056/1759/1820
f 2063/2713/538 2062/1756/1817 2061/1755/1816
f 2078/1203/4182 2089/1764/1826 2090/3379/3338 2079/3195/4183
f 2053/3370/3332 2070/1761/1823 2052/1760/1822
f 2062/1756/1817 2059/3375/3336 2058/1757/1818
f 2093/3382/3339 2092/1768/1830 2108/1771/1833 2099/1770/1832
f 2081/1765/1827 2083/2719/2819 2082/3377/3337
f 2087/1763/1825 2090/3379/3338 2089/1764/1826
f 2081/1765/1827 2082/3377/3337 2087/1763/1825
f 2093/3382/3339 2097/1766/1828 2092/1768/1830
f 2116/3195/3341 2115/1203/4184 2126/2724/2825 2127/3385/3342
f 2106/1769/1831 2103/1773/1835 2099/1770/1832
f 2127/3385/3342 2126/2724/2825 2112/1779/1840 2125/1778/1839
f 2141/1784/1845 2128/1783/1844 2139/1781/1842 2140/1780/1841
f 2123/1774/1836 2125/1778/1839 2124/1775/1837
f 2147/3195/3345 2146/1203/4185 2157/1788/1849 2158/3393/3346
f 2141/1784/1845 2132/3195/3343 2131/1785/1846
f 2164/3195/4186 2163/1203/4187 2174/1793/1854 2160/1792/1853
f 2157/1788/1849 2155/1787/1848 2158/3393/3346
f 2154/1786/1847 2149/1790/1851 2155/1787/1848
f 2203/2733/2836 2200/1806/1867 2201/3404/3348 2204/4444/4188
f 2169/1795/1856 2170/3397/3347 2173/1796/1857
f 2168/3399/2832 2170/3397/3347 2169/1795/1856
f 2173/1796/1857 2160/1792/1853 2172/1794/1855
f 2188/1800/1861 2179/1797/1858 2175/1799/1860
f 2186/1801/1862 2181/1803/1864 2188/1800/1861
f 2192/1203/4189 2203/2733/2836 2204/4444/4188 2193/3195/4190
f 2237/1822/1882 2247/1824/1884 2246/4445/4191 2242/3413/3351
f 2200/1806/1867 2195/1805/1866 2201/3404/3348
f 2217/1811/1872 2218/1809/1870 2206/1808/1869
f 2209/1810/1871 2218/1809/1870 2210/3195/3349
f 2215/1812/1873 2214/1814/590 2217/1811/1872
f 2220/1818/1878 2233/1821/1881 2234/1819/1879
f 2223/1820/1880 2234/1819/1879 2224/3195/3350
f 2230/1816/1876 2233/1821/1881 2232/1817/1877
f 2245/3411/600 2242/3413/3351 2246/4445/4191
f 2239/1823/1883 2237/1822/1882 2240/4446/4192
f 2254/3415/3352 2253/4447/4193 2250/2739/2843 2251/3416/3353
f 2250/2739/2843 2256/2738/2842 2257/3418/3354 2251/3416/3353
f 2277/2740/2844 2287/4448/4194 2288/3424/3356 2278/3423/3355
f 2259/2737/2841 2257/3418/3354 2256/2738/2842
f 2274/1827/1887 2268/1828/1888 2266/1825/1885
f 2278/3423/3355 2290/4449/624 2277/2740/2844
f 2288/3424/3356 2287/4448/4194 2284/2741/2845 2285/3426/3357
f 2344/1213/4195 2342/2745/2850 2343/3435/3360 2345/3063/3359
f 2280/2743/2847 2285/3426/3357 2284/2741/2845
f 2300/1833/1893 2297/1837/630 2295/1834/1894
f 2291/1832/1892 2292/1831/1891 2306/3063/4196
f 2304/1838/1897 2292/1831/1891 2303/1830/1890
f 2294/1835/1895 2295/1834/1894 2304/1838/1897
f 2318/1842/1901 2309/1840/1899 2317/1839/1898
f 2315/1843/1902 2313/1845/1904 2318/1842/1901
f 2332/1846/1905 2331/1850/1909 2323/1847/1906
f 2342/2745/2850 2340/1854/1913 2337/1853/1912 2343/3435/3360
f 2386/1863/1922 2385/1865/1924 2375/1869/1927 2376/3446/3366
f 2354/1858/1917 2356/3063/3362 2347/1859/1918
f 2352/1856/1915 2349/1855/1914 2354/1858/1917
f 2363/3440/3363 2366/1860/1919 2365/1862/1921
f 2362/3443/3364 2363/3440/3363 2365/1862/1921
f 2366/1860/1919 2367/3063/3365 2358/1861/1920
f 2383/1867/1925 2376/3446/3366 2375/1869/1927
f 2393/3450/3368 2392/2755/2859 2372/2752/2856 2373/3451/3369
f 2373/3451/3369 2372/2752/2856 2369/1864/1923 2388/3453/3371
f 2400/2758/2862 2425/1190/1935 2418/1876/1934 2401/4450/4197
f 2369/1864/1923 2386/1863/1922 2388/3453/3371
f 2426/3307/3373 2397/1879/1938 2396/1878/1937
f 2422/1268/4198 2400/2758/2862 2401/4450/4197 2423/3463/4199
f 2397/1879/1938 2418/1876/1934 2417/1877/1936
f 2396/1878/1937 2414/1871/1929 2415/3457/3374 2426/3307/3373
f 2432/2762/2866 2455/1190/1944 2448/1884/1943 2433/3460/3376
f 2403/1870/1928 2415/3457/3374 2414/1871/1929
f 2407/1873/1931 2403/1870/1928 2411/1872/1930
f 2453/3463/3378 2452/1268/4200 2432/2762/2866 2433/3460/3376
f 2447/1883/1942 2456/3063/3379 2448/1884/1943
f 2456/3063/3379 2447/1883/1942 2428/4451/4201 2429/3465/3380
f 2428/4451/4201 2444/4452/4202 2445/3466/3381 2429/3465/3380
f 2444/4452/4202 2435/1882/1941 2442/1881/1940 2445/3466/3381
f 2460/2997/4203 2458/1180/4204 2488/4453/4205 2489/4454/4206
f 2463/3470/3384 2462/2769/2875 2480/4455/4207 2481/4456/4208
f 2481/4456/4208 2480/4455/4207 2469/1886/1946 2470/1885/1945
f 2475/2767/2872 2474/4457/682 2473/2768/2873
f 2484/3333/3383 2483/1970/4209 2462/2769/2875 2463/3470/3384
f 2488/4453/4205 2491/1224/4210 2492/3001/3386 2489/4454/4206
f 2492/3001/3386 2491/1224/4210 2466/2765/2870 2467/3472/3387
f 2467/3472/3387 2466/2765/2870 2483/1970/4209 2484/3333/3383
f 2496/1180/4211 2522/2771/2877 2523/3474/3388 2498/2997/3390
f 2473/2768/2873 2474/4457/682 2477/1887/1947
f 2522/2771/2877 2504/1889/1949 2525/3001/3391 2523/3474/3388
f 2501/1897/1957 2515/1899/1959 2502/1898/1958
f 2506/1892/1952 2515/1899/1959 2514/1893/1953
f 2517/1890/1950 2502/1898/1958 2518/1888/1948
f 2529/2997/4212 2527/1180/4213 2556/1904/1964 2559/3006/3401
f 2504/1889/1949 2518/1888/1948 2525/3001/3391
f 2508/1895/1955 2511/1891/1951 2507/1896/1956
f 2542/3481/3395 2546/1911/1972 2543/4458/4214 2544/4459/2887
f 2531/1906/1967 2549/1907/1968 2532/1905/1965
f 2552/3333/3399 2551/1900/1960 2562/1213/1966 2532/1905/1965
f 2546/1911/1972 2542/3481/3395 2539/1909/1970
f 2548/1908/1969 2563/3004/3396 2549/1907/1968
f 2548/1908/1969 2538/1910/1971 2539/1909/1970 2563/3004/3396
f 2556/1904/1964 2557/1903/1963 2559/3006/3401
f 2535/1902/1962 2536/1901/1961 2557/1903/1963
f 2552/3333/3399 2536/1901/1961 2551/1900/1960
f 2567/2997/4215 2565/1180/4216 2595/1920/1983 2598/3006/3404
f 2587/1912/1973 2602/1242/1985 2578/1921/1984 2588/3489/3405
f 2577/1917/1980 2585/1916/1979 2578/1921/1984
f 2575/1914/1976 2601/1190/1978 2590/4460/4217 2591/4461/4218
f 2595/1920/1983 2596/1919/1982 2598/3006/3404
f 2574/1915/1977 2575/1914/1976 2596/1919/1982
f 2591/4461/4218 2590/4460/4217 2570/1240/1975 2571/1913/1974
f 2631/1928/1991 2630/1927/1990 2613/1931/1994 2627/1930/1993
f 2588/3489/3405 2571/1913/1974 2587/1912/1973
f 2604/1929/1992 2631/1928/1991 2606/2997/3406
f 2624/1935/1998 2610/1934/1997 2609/1933/1996
f 2626/1932/1995 2610/1934/1997 2627/1930/1993
f 2634/1180/4219 2664/2787/2896 2665/3494/3408 2636/2997/3410
f 2623/1924/1988 2621/1923/1987 2624/1935/1998
f 2620/1922/1986 2616/1925/1989 2621/1923/1987
f 2657/1944/2008 2656/1200/2010 2645/1940/2004 2670/3004/3412
f 2657/1944/2008 2639/3024/3411 2638/1945/2009
f 2648/1942/2006 2646/1939/2003 2653/1938/2002
f 2664/2787/2896 2642/1937/2001 2667/3001/3414 2665/3494/3408
f 2668/1190/1999 2659/2786/2895 2660/4462/4220 2643/1936/2000
f 2642/1937/2001 2643/1936/2000 2667/3001/3414
f 2660/4462/4220 2659/2786/2895 2638/1945/2009 2639/3024/3411
f 2674/2997/4221 2672/1180/4222 2703/1957/2023 2706/3006/3420
f 2645/1940/2004 2646/1939/2003 2670/3004/3412
f 2676/4463/4223 2695/1955/2021 2708/3307/3422 2677/3501/3418
f 2699/3333/3417 2698/1948/2013 2676/4463/4223 2677/3501/3418
f 2696/1954/2020 2709/1242/2019 2683/1953/2018 2684/3505/3423
f 2703/1957/2023 2704/1956/2022 2706/3006/3420
f 2680/1947/2012 2681/1946/2011 2704/1956/2022
f 2699/3333/3417 2681/1946/2011 2698/1948/2013
f 2696/1954/2020 2708/3307/3422 2695/1955/2021
f 2721/3509/3426 2720/2795/2904 2726/2797/2906 2727/3507/3425
f 2683/1953/2018 2693/1952/2017 2684/3505/3423
f 2688/1949/2014 2693/1952/2017 2687/1950/2015
f 2713/1962/2029 2731/1964/2032 2714/1963/2030
f 2717/1958/2024 2734/1961/2028 2718/1959/2025
f 2730/1200/2031 2720/2795/2904 2721/3509/3426 2731/1964/2032
f 2725/2794/2903 2727/3507/3425 2726/2797/2906
f 2742/3513/3429 2741/2800/2909 2759/2802/2911 2760/3511/3427
f 2733/1960/2027 2714/1963/2030 2734/1961/2028
f 2748/2804/2913 2756/1967/2035 2757/3515/3431 2749/3517/3433
f 2745/1968/2036 2763/1971/2040 2746/1969/2037
f 2760/3511/3427 2759/2802/2911 2748/2804/2913 2749/3517/3433
f 2756/1967/2035 2752/1966/2034 2757/3515/3431
f 2763/1971/2040 2762/1970/2039 2741/2800/2909 2742/3513/3429
f 2794/3001/3439 2793/1224/4224 2775/1974/2043 2790/1973/2042
f 2771/1975/2044 2787/1977/2046 2772/1976/2045
f 2786/1978/2047 2777/1980/2049 2787/1977/2046
f 2789/1972/2041 2772/1976/2045 2790/1973/2042
f 2798/1993/2063 2812/1985/2054 2813/3531/3440 2799/1992/2062
f 2783/1982/2051 2777/1980/2049 2782/1979/2048
f 2802/1988/2057 2816/1991/2061 2803/1989/2058
f 2811/1983/2052 2808/1986/2055 2805/1984/2053
f 2815/1990/2060 2799/1992/2062 2816/1991/2061
f 2824/2997/4225 2822/1180/4226 2858/2004/2074 2856/2003/2073
f 2812/1985/2054 2805/1984/2053 2813/3531/3440
f 2828/2009/2080 2827/1240/2079 2847/4464/4227 2848/3534/3441
f 2848/3534/3441 2847/4464/4227 2834/1995/2065 2861/3004/3443
f 2851/2008/2078 2832/2006/2076 2831/2005/2075
f 2868/4465/4228 2867/4466/4229 2889/1190/4230 2890/3323/3444
f 2850/2007/2077 2828/2009/2080 2851/2008/2078
f 2832/2006/2076 2856/2003/2073 2855/2002/2072
f 2835/1994/2064 2861/3004/3443 2834/1995/2065
f 2844/2001/2071 2835/1994/2064 2843/1996/2066
f 2838/1998/2068 2839/1997/2067 2844/2001/2071
f 2889/1190/4230 2884/4467/4231 2885/3539/3445 2890/3323/3444
f 2878/2014/2086 2873/2013/2085 2871/2017/2089
f 2885/3539/3445 2884/4467/4231 2863/1240/2083 2864/2011/2082
f 2895/3541/3446 2894/2817/2929 2928/1724/2095 2915/2022/2094
f 2881/2010/2081 2882/2016/2088 2864/2011/2082
f 2871/2017/2089 2882/2016/2088 2870/2015/2087
f 2918/3333/3449 2917/2018/2090 2894/2817/2929 2895/3541/3446
f 2892/4468/3870 2906/4469/783 2905/4470/4232
f 2929/3004/3447 2915/2022/2094 2914/2021/2093
f 2922/1268/4233 2898/2020/2092 2925/3001/3448 2923/3463/4234
f 2914/2021/2093 2901/2815/2925 2902/4471/4235 2929/3004/3447
f 2898/2020/2092 2899/2019/2091 2925/3001/3448
f 2917/2018/2090 2918/3333/3449 2899/2019/2091
f 2902/4471/4235 2901/2815/2925 2910/2816/2926 2911/4472/4236
f 2949/3547/3450 2934/2819/2931 2946/2029/2103 2947/2028/2102
f 2910/2816/2926 2905/4470/4232 2911/4472/4236
f 2937/2030/2104 2936/2031/2105 2934/2819/2931 2949/3547/3450
f 2938/2027/2101 2943/2026/2100 2947/2028/2102
f 2940/2025/2099 2941/4473/787 2943/2026/2100
f 2953/2023/2096 2937/2030/2104 2933/2024/2097
f 2967/1224/4237 2964/2033/2107 2965/2032/2106 2968/3001/3451
f 2963/2035/2109 2965/2032/2106 2962/2034/2108
f 2997/3001/4238 2996/1224/4239 2974/4474/4240 2975/4475/4241
f 2975/4475/4241 2974/4474/4240 2992/2825/2938 2993/4476/4242
f 2993/4476/4242 2992/2825/2938 2970/2822/2934 2971/3553/3454
f 2971/3553/3454 2970/2822/2934 2989/2824/2937 2990/3551/3452
f 2989/2824/2937 2977/4477/4243 2978/3554/3455 2990/3551/3452
f 2978/3554/3455 2977/4477/4243 2985/2039/2113 2986/3557/3456
f 3029/4478/4244 3028/4479/4245 3057/1724/2132 3047/2055/2131
f 2985/2039/2113 2981/2038/2112 2986/3557/3456
f 3002/2044/2119 3019/2047/2122 3003/2045/2120
f 3005/2040/2114 3021/2043/2118 3006/2041/2115
f 3008/2049/2124 3016/2050/2125 3009/2048/2123
f 3014/3561/249 3016/2050/2125 3015/2051/2126
f 3018/2046/2121 3009/2048/2123 3019/2047/2122
f 3020/2042/2117 3003/2045/2120 3021/2043/2118
f 3050/2052/2128 3049/1970/2127 3028/4479/4245 3029/4478/4244
f 3032/2053/2129 3050/2052/2128 3033/3195/3457
f 3026/2826/814 3039/4480/816 3038/2827/2941
f 3035/2057/2134 3047/2055/2131 3046/2054/2130
f 3054/3001/4246 3053/1224/4247 3032/2053/2129 3033/3195/3457
f 3043/4481/4248 3042/2056/2133 3038/2827/2941 3039/4480/816
f 3043/4481/4248 3035/2057/2134 3042/2056/2133
f 3060/1180/4249 3090/2828/2943 3091/4482/4250 3062/2997/4251
f 3065/1240/2140 3082/2830/2947 3083/3565/3458 3066/2060/2138
f 3083/3565/3458 3082/2830/2947 3072/2064/2143 3098/3004/3460
f 3079/2062/2141 3076/2066/829 3080/2063/2142
f 3090/2828/2943 3069/2059/2137 3094/3001/3462 3091/4482/4250
f 3085/2061/2139 3066/2060/2138 3086/3333/3461
f 3095/1190/2135 3085/2061/2139 3086/3333/3461 3070/2058/2136
f 3069/2059/2137 3070/2058/2136 3094/3001/3462
f 3100/1240/2153 3117/4483/4252 3118/3572/3463 3101/2074/2154
f 3072/2064/2143 3080/2063/2142 3098/3004/3460
f 3118/3572/3463 3117/4483/4252 3107/2076/2156 3127/3004/3464
f 3104/2070/2148 3121/2073/2152 3105/2071/2149
f 3134/2839/2958 3152/2841/2960 3153/3575/3465 3135/3577/3467
f 3120/2072/2151 3101/2074/2154 3121/2073/2152
f 3107/2076/2156 3114/2075/2155 3127/3004/3464
f 3113/2069/2147 3109/2068/2146 3114/2075/2155
f 3139/3195/3469 3138/2082/2163 3155/2836/2955 3156/3579/3470
f 3141/2842/2961 3149/2081/2162 3150/2080/2161 3142/3581/3471
f 3153/3575/3465 3152/2841/2960 3141/2842/2961 3142/3581/3471
f 3155/2836/2955 3134/2839/2958 3135/3577/3467 3156/3579/3470
f 3194/1268/4253 3171/2089/2170 3197/3001/3477 3195/3463/3476
f 3160/2077/2157 3161/2083/2164 3131/2078/2158
f 3138/2082/2163 3139/3195/3469 3161/2083/2164
f 3165/4484/4254 3179/3591/3479 3178/2094/2175
f 3204/4485/4255 3211/2102/2182 3212/3594/3480 3205/4486/4256
f 3171/2089/2170 3172/2088/2169 3197/3001/3477
f 3189/2087/2168 3190/2096/2177 3172/2088/2169
f 3167/2085/2166 3168/2084/2165 3190/2096/2177
f 3187/2095/2176 3168/2084/2165 3186/2086/2167
f 3175/2091/2172 3187/2095/2176 3174/2092/2173
f 3182/2090/2171 3183/2093/2174 3175/2091/2172
f 3178/2094/2175 3179/3591/3479 3183/2093/2174
f 3216/2098/2179 3215/2097/2178 3204/4485/4255 3205/4486/4256
f 3211/2102/2182 3207/2101/2181 3212/3594/3480
f 3218/2845/2966 3200/2099/2180 3225/3063/3481 3202/3596/3482
f 3222/3001/4257 3221/1224/4258 3218/2845/2966 3202/3596/3482
f 3229/2997/4259 3227/1180/4260 3250/4487/4261 3251/3605/3486
f 3216/2098/2179 3225/3063/3481 3200/2099/2180
f 3245/2106/2186 3242/2849/2970 3243/3601/3485 3237/3600/3484
f 3235/2105/2185 3247/2104/2184 3236/3598/3483
f 3250/4487/4261 3235/2105/2185 3236/3598/3483 3251/3605/3486
f 3242/2849/2970 3240/3602/2971 3243/3601/3485
f 3245/2106/2186 3237/3600/3484 3232/2107/2187
f 3231/2103/2183 3232/2107/2187 3247/2104/2184
f 3263/2110/2190 3261/2114/2194 3258/2113/2193 3264/2108/2188
f 3264/2108/2188 3257/2111/2191 3265/2109/2189
f 3288/2124/2205 3287/2123/2204 3269/4488/4262 3270/3611/3487
f 3273/2121/2201 3288/2124/2205 3274/2122/2202
f 3281/2851/2972 3279/2120/2200 3278/2119/2199
f 3270/3611/3487 3269/4488/4262 3284/2118/2198 3285/3612/3488
f 3312/2128/2210 3311/2127/2209 3295/4489/4263 3296/3618/3489
f 3284/2118/2198 3275/2117/2197 3285/3612/3488
f 3283/2116/2196 3279/2120/2200 3275/2117/2197
f 3299/2125/2206 3312/2128/2210 3300/2126/2207
f 3296/3618/3489 3295/4489/4263 3308/4490/4264 3309/3619/3490
f 3309/3619/3490 3308/4490/4264 3305/2131/2213 3301/2130/2212
f 3342/2132/2214 3326/4491/4265 3327/3624/3492 3321/2133/2215
f 3338/2134/2217 3340/2137/2220 3323/2135/2218
f 3335/3623/3491 3330/2139/2222 3336/2140/2223
f 3327/3624/3492 3326/4491/4265 3339/2138/2221 3340/2137/2220
f 3349/4492/4266 3348/4493/4267 3366/2857/2977 3367/3632/3495
f 3330/2139/2222 3338/2134/2217 3329/2136/2219
f 3351/2147/2230 3355/875/915 3356/2144/2227 3361/3627/3493
f 3361/3627/3493 3352/2145/2228 3351/2147/2230
f 3367/3632/3495 3366/2857/2977 3344/2142/2226 3372/3063/3496
f 3352/2145/2228 3364/3489/3498 3363/2146/2229
f 3345/2141/2225 3373/1724/2224 3363/2146/2229 3364/3489/3498
f 3344/2142/2226 3345/2141/2225 3372/3063/3496
f 3399/2148/2231 3383/2155/2239 3384/3635/3500 3378/2149/2232
f 3383/2155/2239 3395/2154/2238 3384/3635/3500
f 3393/2156/2240 3392/2151/2235 3386/2150/2234 3394/2157/2241
f 3394/2157/2241 3395/2154/2238 3380/2153/2237
f 3417/2997/3503 3415/1180/4268 3439/4494/4269 3440/3643/3504
f 3410/2160/2244 3401/2159/2243 3404/2161/2245
f 3405/2163/2247 3401/2159/2243 3409/2158/2242
f 3422/3647/3507 3421/4495/4270 3434/2167/2250 3435/2166/2249
f 3432/2165/2248 3433/3644/3505 3435/2166/2249
f 3439/4494/4269 3421/4495/4270 3422/3647/3507 3440/3643/3504
f 3426/2865/2988 3424/2169/2252 3430/2168/2251
f 3424/2169/2252 3433/3644/3505 3432/2165/2248
f 3443/4496/4271 3463/4497/4272 3464/3650/3508 3444/3652/3509
f 3448/4498/4273 3447/4499/4274 3466/4500/4275 3467/4501/4276
f 3464/3650/3508 3463/4497/4272 3471/1242/2256 3451/2173/2255
f 3450/2174/2257 3460/2175/2258 3451/2173/2255
f 3454/2170/2253 3460/2175/2258 3459/2171/2254
f 3467/4501/4276 3466/4500/4275 3443/4496/4271 3444/3652/3509
f 3478/4502/4277 3477/4499/4278 3498/1190/2260 3495/2176/2259
f 3499/3063/3511 3494/2177/2261 3473/2870/2994 3474/3658/3512
f 3494/2177/2261 3499/3063/3511 3495/2176/2259
f 3474/3658/3512 3473/2870/2994 3491/4503/4279 3492/3660/3513
f 3491/4503/4279 3480/4504/4280 3481/3662/3514 3492/3660/3513
f 3480/4504/4280 3488/2180/2264 3484/2179/2263 3481/3662/3514
f 3507/4433/4281 3530/1190/2273 3527/2188/2272 3508/4434/4282
f 3503/2190/2275 3524/2192/2278 3504/2191/2276
f 3523/1200/2277 3510/2183/2267 3533/3004/3515 3524/2192/2278
f 3540/4505/4283 3539/4506/4284 3563/1190/2287 3559/2200/2286
f 3526/2189/2274 3504/2191/2276 3527/2188/2272
f 3510/2183/2267 3511/2182/2266 3533/3004/3515
f 3519/2181/2265 3520/2187/2271 3511/2182/2266
f 3515/2184/2268 3520/2187/2271 3514/2185/2269
f 3535/2202/2289 3556/2204/2292 3536/2203/2290
f 3555/1200/2291 3542/2194/2280 3565/3004/3517 3556/2204/2292
f 3569/3672/3520 3568/2878/3004 3594/1724/2297 3587/2208/2296
f 3558/2201/2288 3536/2203/2290 3559/2200/2286
f 3542/2194/2280 3543/2193/2279 3565/3004/3517
f 3552/2199/2285 3543/2193/2279 3551/2195/2281
f 3547/2197/2283 3552/2199/2285 3546/2198/2284
f 3573/3195/4285 3572/1203/4286 3589/2877/3003 3590/4507/4287
f 3590/4507/4287 3589/2877/3003 3568/2878/3004 3569/3672/3520
f 3583/3674/3522 3575/2211/2300 3582/2210/2299
f 3582/2210/2299 3579/2206/2294 3583/3674/3522
f 3575/2211/2300 3587/2208/2296 3586/2209/2298
f 3624/1268/4288 3601/2213/2303 3627/3001/4289 3625/3463/4290
f 3597/2218/2308 3617/2222/2312 3598/2219/2309
f 3619/2220/2310 3598/2219/2309 3620/3333/3524
f 3602/2212/2302 3629/1190/2301 3619/2220/2310 3620/3333/3524
f 3601/2213/2303 3602/2212/2302 3627/3001/4289
f 3648/3683/3527 3633/2882/3009 3639/2225/2315 3640/2224/2314
f 3605/2215/2305 3616/2221/2311 3604/2216/2306
f 3613/2217/2307 3605/2215/2305 3612/2214/2304
f 3609/3679/3525 3613/2217/2307 3608/927/973
f 3646/2223/2313 3642/2226/2316 3640/2224/2314
f 3654/3001/4291 3653/1224/4292 3636/2230/2320 3637/2229/2319
f 3650/2228/2318 3657/3063/3526 3637/2229/2319
f 3657/3063/3526 3650/2228/2318 3633/2882/3009 3648/3683/3527
f 3659/2886/3014 3676/4508/4293 3677/3686/3529 3660/3685/3528
f 3664/3195/3531 3663/1203/4294 3679/2883/3010 3680/3688/3532
f 3677/3686/3529 3676/4508/4293 3666/2233/2323 3683/3004/3535
f 3673/2231/2321 3669/3691/3534 3667/2232/2322
f 3680/3688/3532 3679/2883/3010 3659/2886/3014 3660/3685/3528
f 3693/2891/3020 3701/2893/3022 3702/3696/3538 3694/3698/3539
f 3666/2233/2323 3667/2232/2322 3683/3004/3535
f 3705/2239/2331 3687/2236/2327 3686/2238/2329
f 3702/3696/3538 3701/2893/3022 3697/2888/3016 3698/3700/3540
f 3684/2887/3015 3698/3700/3540 3697/2888/3016
f 3704/1200/2330 3693/2891/3020 3694/3698/3539 3705/2239/2331
f 3712/1268/4295 3690/2235/2325 3715/3001/3543 3713/3463/4296
f 3707/2237/2328 3687/2236/2327 3708/3333/3545
f 3691/2234/2324 3716/1190/2326 3707/2237/2328 3708/3333/3545
f 3690/2235/2325 3691/2234/2324 3715/3001/3543
f 3737/2248/2341 3736/2247/2340 3721/2894/3023 3722/3707/3546
f 3723/2245/2337 3737/2248/2341 3724/2246/2338
f 3722/3707/3546 3721/2894/3023 3733/2241/2333 3734/3708/3547
f 3761/2250/2343 3760/2249/2342 3751/2256/2351 3752/2255/2350
f 3733/2241/2333 3731/2240/2332 3734/3708/3547
f 3727/2244/2336 3731/2240/2332 3730/2242/2334
f 3748/2252/2345 3763/2253/2348 3749/1223/2346
f 3757/2254/2349 3754/2898/3027 3752/2255/2350
f 3794/2997/4297 3792/1180/4298 3824/2275/2372 3827/3006/3555
f 3745/2251/2344 3761/2250/2343 3763/2253/2348
f 3783/3717/3549 3777/2265/2361 3782/2266/2362
f 3781/3719/3550 3783/3717/3549 3782/2266/2362
f 3777/2265/2361 3786/2260/2356 3785/2259/2355
f 3790/2258/2354 3775/2264/2360 3770/2257/2352
f 3774/2263/2359 3788/2262/2358 3775/2264/2360
f 3772/2261/2357 3786/2260/2356 3788/2262/2358
f 3798/2276/2374 3797/1240/2373 3816/2905/3035 3817/3722/3551
f 3817/3722/3551 3816/2905/3035 3804/2271/2368 3831/3004/3559
f 3795/3724/3031 3809/3725/3553 3808/2273/2370
f 3802/2267/2364 3828/1190/2363 3819/2277/2375 3820/3333/3557
f 3798/2276/2374 3820/3333/3557 3819/2277/2375
f 3824/2275/2372 3825/2274/2371 3827/3006/3555
f 3801/2268/2365 3802/2267/2364 3825/2274/2371
f 3868/2997/4299 3866/1180/4300 3900/2297/2394 3903/3006/3564
f 3805/2270/2367 3831/3004/3559 3804/2271/2368
f 3812/2269/2366 3813/2272/2369 3805/2270/2367
f 3809/3725/3553 3813/2272/2369 3808/2273/2370
f 3833/2280/2378 3862/2279/2377 3835/2997/3560
f 3854/2288/2386 3838/2286/2384 3837/2285/2383
f 3857/2284/2382 3841/2282/2380 3840/2281/2379
f 3848/981/1031 3847/2292/2390 3846/2291/2389
f 3853/2287/2385 3843/2289/2387 3854/2288/2386
f 3838/2286/2384 3857/2284/2382 3856/2283/2381
f 3841/2282/2380 3862/2279/2377 3861/2278/2376
f 3850/2290/2388 3847/2292/2390 3843/2289/2387
f 3901/2296/2393 3904/1224/2395 3875/2300/2398 3876/3195/3562
f 3871/2301/2399 3893/2304/2402 3872/2302/2400
f 3896/2299/2397 3876/3195/3562 3875/2300/2398
f 3889/2308/2406 3879/2305/2403 3878/2306/2404
f 3884/2294/1056 3883/2309/2407 3882/2295/2392
f 3888/2307/2405 3883/2309/2407 3889/2308/2406
f 3879/2305/2403 3893/2304/2402 3892/2303/2401
f 3872/2302/2400 3896/2299/2397 3895/2298/2396
f 3900/2297/2394 3901/2296/2393 3903/3006/3564
f 3908/1180/4301 3939/2911/3045 3940/3753/3569 3910/2997/4302
f 3918/3746/3565 3917/2912/3047 3943/1190/2412 3935/2313/2411
f 3932/2318/2417 3914/2316/2415 3913/2315/2414
f 3939/2911/3045 3917/2912/3047 3918/3746/3565 3940/3753/3569
f 3920/2312/2410 3929/2311/2409 3921/2319/2418
f 3924/2310/2408 3925/3749/3566 3929/2311/2409
f 3931/2317/2416 3921/2319/2418 3932/2318/2417
f 3914/2316/2415 3935/2313/2411 3934/2314/2413
f 3948/2997/4303 3946/1180/4304 3978/2913/3048 3979/3762/3576
f 3958/4509/4305 3967/4510/4306 3968/3754/3570 3959/3756/3571
f 3968/3754/3570 3967/4510/4306 3962/3759/3573 3963/3758/3572
f 3971/3489/3577 3970/2322/2421 3958/4509/4305 3959/3756/3571
f 3978/2913/3048 3983/1224/4307 3984/3001/3574 3979/3762/3576
f 3984/3001/3574 3983/1224/4307 3955/4511/4308 3956/4512/4309
f 3955/4511/4308 3973/1970/2423 3974/2323/2422 3956/4512/4309
f 4013/1268/4310 3991/2325/2426 4016/3001/3579 4014/3463/4311
f 3952/2320/2419 3974/2323/2422 3951/2321/2420
f 3970/2322/2421 3971/3489/3577 3952/2320/2419
f 3987/2326/2427 4006/2330/2431 3988/2327/2428
f 3998/2916/3054 4001/3766/3057 4002/2333/2434
f 4020/3004/3582 4006/2330/2431 4005/2329/2430
f 4008/2328/2429 3988/2327/2428 4009/3333/3581
f 4017/1190/2424 4008/2328/2429 4009/3333/3581 3992/2324/2425
f 3991/2325/2426 3992/2324/2425 4016/3001/3579
f 4005/2329/2430 3994/2332/2433 3995/2331/2432 4020/3004/3582
f 4022/1240/2443 4039/4513/4312 4040/3770/3583 4023/2341/2442
f 4028/2921/3059 4036/2335/2436 4037/3772/3584 4029/3774/3585
f 4040/3770/3583 4039/4513/4312 4028/2921/3059 4029/3774/3585
f 4036/2335/2436 4031/2334/2435 4037/3772/3584
f 4052/1180/4313 4084/2345/2448 4088/3006/3586 4054/2997/4314
f 4042/2339/2440 4023/2341/2442 4043/2340/2441
f 4026/2338/2439 4043/2340/2441 4048/2337/2437
f 4057/3024/3587 4056/2342/2444 4092/1724/2452 4077/2347/2451
f 4085/2344/2447 4089/1224/2449 4060/2922/3061 4061/4514/4315
f 4073/2350/2455 4064/2348/2453 4063/2349/2454
f 4067/2923/3063 4068/4515/1116 4072/2351/2456
f 4070/4516/249 4068/4515/1116 4067/2923/3063
f 4076/2346/2450 4064/2348/2453 4077/2347/2451
f 4084/2345/2448 4085/2344/2447 4088/3006/3586
f 4061/4514/4315 4060/2922/3061 4079/1970/2446 4080/2343/2445
f 4095/4517/4316 4125/1724/2462 4114/2356/2461 4096/4518/4317
f 4056/2342/2444 4057/3024/3587 4080/2343/2445
f 4100/3784/3588 4099/4519/4318 4116/4520/4319 4117/3785/3589
f 4117/3785/3589 4116/4520/4319 4095/4517/4316 4096/4518/4317
f 4102/2357/2463 4111/2359/2465 4103/2358/2464
f 4110/2353/2458 4106/2352/2457 4111/2359/2465
f 4103/2358/2464 4114/2356/2461 4113/2355/2460
f 4121/1268/4320 4099/4519/4318 4100/3784/3588 4122/3463/4321
f 4133/4521/4322 4132/4522/4323 4150/2927/3069 4151/3790/3591
f 4140/4523/4324 4139/2931/3074 4142/4524/4325 4143/4525/3073
f 4144/2363/2469 4139/2931/3074 4140/4523/4324 4136/2364/2470
f 4150/2927/3069 4128/2362/2468 4156/3063/3592 4151/3790/3591
f 4160/2997/4326 4158/1180/4327 4182/2369/2475 4183/3794/3593
f 4128/2362/2468 4129/2361/2467 4156/3063/3592
f 4147/2360/2466 4148/2366/2472 4129/2361/2467
f 4135/2365/2471 4136/2364/2470 4148/2366/2472
f 4162/2376/2481 4176/2372/2478 4168/2371/2477 4163/3796/3594
f 4166/2368/2474 4183/3794/3593 4182/2369/2475
f 4178/2367/2473 4179/2375/2480 4166/2368/2474
f 4163/3796/3594 4179/2375/2480 4162/2376/2481
f 4190/2384/2490 4206/4526/4328 4207/3799/3595 4191/3801/3596
f 4170/2374/2479 4168/2371/2477 4173/2370/2476
f 4206/4526/4328 4197/2387/2493 4198/2386/2492 4207/3799/3595
f 4194/2383/2489 4209/2385/2491 4195/2382/2488
f 4203/2380/2486 4200/2379/2485 4198/2386/2492
f 4223/4527/4329 4222/2394/2501 4236/2397/2504 4237/2396/2503
f 4191/3801/3596 4209/2385/2491 4190/2384/2490
f 4212/2377/2482 4195/2382/2488 4188/2378/2483
f 4219/2395/2502 4235/2398/2505 4237/2396/2503
f 4240/2388/2494 4241/2393/2500 4217/2389/2495
f 4223/4527/4329 4241/2393/2500 4222/2394/2501
f 4235/2398/2505 4234/2399/2506 4230/2391/2498 4231/3811/3598
f 4261/3815/3601 4249/2407/2513 4254/2943/3087 4255/3816/3602
f 4230/2391/2498 4227/2390/2497 4231/3811/3598
f 4261/3815/3601 4250/2406/2512 4249/2407/2513
f 4246/3818/3603 4244/2942/3085 4268/2945/3089 4269/3819/3604
f 4250/2406/2512 4264/2403/2509 4263/2405/2511
f 4269/3819/3604 4268/2945/3089 4253/2404/2510 4264/2403/2509
f 4255/3816/3602 4254/2943/3087 4256/2402/2508 4257/2401/2507
f 4274/2997/3606 4272/1180/4330 4299/4528/4331 4300/3821/3605
f 4292/3823/3607 4277/2411/2517 4283/2946/3090 4284/3825/3608
f 4277/2411/2517 4292/3823/3607 4278/2412/2518
f 4275/4529/4332 4287/3830/3610 4286/2948/3092
f 4299/4528/4331 4281/2410/2516 4302/3001/3609 4300/3821/3605
f 4294/2408/2514 4278/2412/2518 4295/2409/2515
f 4283/2946/3090 4286/2948/3092 4287/3830/3610 4284/3825/3608
f 4281/2410/2516 4295/2409/2515 4302/3001/3609
f 4304/1180/4333 4331/4530/4334 4332/4531/4335 4306/2997/4336
f 4331/4530/4334 4312/2414/2520 4334/3001/3613 4332/4531/4335
f 4308/2422/2528 4325/2423/2529 4309/2421/2527
f 4324/2418/2524 4315/2417/2523 4325/2423/2529
f 4338/3841/3617 4336/2954/3098 4362/2956/3101 4363/3842/3618
f 4313/2413/2519 4334/3001/3613 4312/2414/2520
f 4309/2421/2527 4313/2413/2519 4327/2415/2521
f 4320/2416/2522 4321/3835/3614 4315/2417/2523
f 4316/2419/2525 4321/3835/3614 4320/2416/2522
f 4353/3837/3616 4356/2432/2537 4352/2431/2536
f 4349/2428/2533 4353/3837/3616 4352/2431/2536
f 4363/3842/3618 4362/2956/3101 4344/2430/2535 4345/4532/4337
f 4371/4533/4338 4396/1190/2550 4389/2443/2549 4372/4534/4339
f 4358/2429/2534 4345/4532/4337 4344/2430/2535
f 4341/2426/2532 4342/2425/2531 4358/2429/2534
f 4355/2424/2530 4356/2432/2537 4342/2425/2531
f 4394/3463/4340 4393/1268/4341 4371/4533/4338 4372/4534/4339
f 4388/2442/2548 4397/3063/3619 4389/2443/2549
f 4397/3063/3619 4388/2442/2548 4367/1240/2539 4368/2433/2538
f 114/2466/2573 38/4276/4005 7/1151/1215 101/4535/4342
f 4385/2434/2540 4386/2441/2547 4368/2433/2538
f 4374/2437/2543 4375/2436/2542 4386/2441/2547
f 4382/2435/2541 4379/2439/2545 4375/2436/2542
f 222/4536/4343 2/4301/4030 202/4299/4028 104/2454/2561
f 49/2446/2553 114/2466/2573 101/4535/4342
f 8/4/4 39/6/6 100/2445/2552
f 165/13/13 98/1149/1213 62/1167/1231
f 7/1151/1215 98/1149/1213 101/4535/4342
f 49/2446/2553 101/4535/4342 98/1149/1213
f 165/13/13 8/4/4 99/2447/2554
f 186/2451/2558 102/2449/2556 77/2448/2555
f 186/2451/2558 50/4537/4344 102/2449/2556
f 42/37/37 103/2450/2557 77/2448/2555
f 104/2454/2561 202/4299/4028 70/4293/4022 90/2455/2562
f 105/4538/4345 88/2479/2586 33/2469/2576 5/4278/4007
f 89/2453/2560 222/4536/4343 104/2454/2561
f 105/4538/4345 50/4537/4344 186/2451/2558 88/2479/2586
f 106/2458/2565 107/2457/2564 16/4539/4346 51/4540/4347
f 102/2449/2556 107/2457/2564 41/2456/2563 42/37/37
f 107/2457/2564 102/2449/2556 50/4537/4344 16/4539/4346
f 108/2461/2568 105/4538/4345 5/4278/4007 203/4289/4018
f 105/4538/4345 108/2461/2568 16/4539/4346 50/4537/4344
f 203/4289/4018 36/2459/2566 108/2461/2568
f 108/2461/2568 109/2460/2567 51/4540/4347 16/4539/4346
f 36/2459/2566 37/1158/1222 109/2460/2567
f 110/2463/2570 40/29/29 41/2456/2563 106/2458/2565
f 9/27/27 40/29/29 110/2463/2570
f 106/2458/2565 51/4540/4347 17/2464/2571 110/2463/2570
f 111/2465/2572 37/1158/1222 6/1160/1224 113/4541/4348
f 17/2464/2571 51/4540/4347 109/2460/2567
f 113/4541/4348 18/2462/2569 17/2464/2571 111/2465/2572
f 112/2444/2551 39/6/6 9/27/27 110/2463/2570
f 113/4541/4348 6/1160/1224 38/4276/4005 114/2466/2573
f 18/2462/2569 112/2444/2551 110/2463/2570
f 90/2455/2562 70/4293/4022 213/1168/1232 178/2470/2577
f 18/2462/2569 113/4541/4348 114/2466/2573
f 95/3/3 169/10/10 62/1167/1231
f 63/39/39 171/2468/2575 103/2450/2557
f 80/4542/4349 79/2452/2559 171/2468/2575
f 33/2469/2576 88/2479/2586 178/2470/2577
f 88/2479/2586 64/2480/2587 178/2470/2577
f 171/2468/2575 76/2467/2574 154/2473/2580 182/2472/2579
f 182/2472/2579 78/4543/4350 80/4542/4349 171/2468/2575
f 79/2452/2559 80/4542/4349 188/2475/2582 187/4544/4351
f 79/2452/2559 187/4544/4351 186/2451/2558
f 187/4544/4351 64/2480/2587 186/2451/2558
f 187/4544/4351 188/2475/2582 197/2477/2584 64/2480/2587
f 246/1181/1245 225/52/52 232/47/47 233/4307/4036
f 219/2476/2583 188/2475/2582 78/4543/4350
f 80/4542/4349 78/4543/4350 188/2475/2582
f 90/2455/2562 197/2477/2584 196/2478/2585
f 196/2478/2585 89/2453/2560 90/2455/2562
f 197/2477/2584 90/2455/2562 178/2470/2577
f 225/52/52 246/1181/1245 226/1180/1244
f 240/50/50 239/1182/1246 236/1184/1247
f 230/1187/1250 229/54/54 241/2481/2588 242/1185/1248
f 232/47/47 230/1187/1250 233/4307/4036
f 248/1180/4037 247/2485/3640 274/64/64 275/4308/4038
f 241/2481/2588 236/1184/1247 242/1185/1248
f 254/67/67 273/69/69 279/1190/1253 255/1189/1252
f 274/64/64 254/67/67 255/1189/1252 275/4308/4038
f 263/59/59 264/1191/1254 257/1193/1256
f 262/1194/249 264/1191/1254 261/62/62
f 266/63/63 257/1193/1256 267/1200/1262
f 280/2482/2589 251/57/57 252/1197/1259 270/1196/1258
f 273/69/69 270/1196/1258 279/1190/1253
f 252/1197/1259 251/57/57 266/63/63 267/1200/1262
f 299/2487/2594 301/3872/3642 300/4309/4040 302/2488/2595
f 317/2482/2597 286/3874/3644 287/4313/4043 307/2490/2598
f 311/2483/2590 312/2491/2599 283/2484/2591
f 291/2486/2593 312/2491/2599 290/70/70
f 310/73/73 307/2490/2598 291/2486/2593
f 286/3874/3644 303/3876/3646 304/4315/4045 287/4313/4043
f 304/4315/4045 303/3876/3646 297/2489/2596 294/4317/4047
f 353/3879/3648 346/2495/2602 351/1218/1279 354/4319/4049
f 302/2488/2595 294/4317/4047 297/2489/2596
f 331/1208/1270 333/1201/1263 318/75/75
f 321/2492/2600 333/1201/1263 322/1203/1265
f 328/1204/1266 329/1206/1268 326/79/79
f 329/1206/1268 331/1208/1270 326/79/79
f 340/84/84 339/1209/1271 337/1211/1273
f 341/1214/1276 344/1213/1275 334/81/81
f 338/85/85 337/1211/1273 341/1214/1276
f 357/89/89 371/2497/2604 372/1219/1280 375/1221/1282
f 347/1217/1278 351/1218/1279 349/2494/2601
f 378/1224/1285 379/2669/3652 359/86/86 360/1222/1283
f 359/86/86 357/89/89 375/1221/1282 360/1222/1283
f 386/1230/1291 385/95/95 405/96/97 412/1190/1292
f 363/1228/1289 372/1219/1280 366/91/91
f 366/91/91 367/1226/1287 363/1228/1289
f 407/1268/4051 406/2756/3651 385/95/95 386/1230/1291
f 414/2501/2608 395/102/103 389/1236/1298 399/1231/1293
f 405/96/97 402/2502/2609 412/1190/1292
f 382/1233/1295 402/2502/2609 381/98/99
f 399/1231/1293 382/1233/1295 398/101/102
f 417/1240/1303 416/2503/2610 442/2506/2613 434/2505/2612
f 395/102/103 396/1234/1296 389/1236/1298
f 392/2499/2606 396/1234/1296 394/2500/2607
f 420/3884/3655 440/2504/2611 441/1190/1300 421/4324/4055
f 444/1242/1305 433/2507/2614 427/2509/2616 424/1243/1306
f 428/3888/3658 424/1243/1306 431/2508/2615
f 444/1242/1305 434/2505/2612 433/2507/2614
f 440/2504/2611 437/1238/1301 441/1190/1300
f 416/2503/2610 417/1240/1303 437/1238/1301
f 451/1180/1311 450/2485/3660 477/2514/2621 478/1247/1309
f 458/4326/4057 457/110/111 476/3895/3661 473/4328/4059
f 457/110/111 458/4326/4057 478/1247/1309
f 473/4328/4059 476/3895/3661 454/105/106 455/4329/4060
f 454/105/106 469/109/110 470/1250/1313 455/4329/4060
f 470/1250/1313 469/109/110 461/2513/2620 466/1251/1314
f 500/4331/4062 488/112/114 499/115/117 493/4330/4061
f 462/1252/1315 466/1251/1314 464/2511/2618
f 489/2516/2624 503/2517/2625 490/1259/1322
f 496/1256/1319 493/4330/4061 499/115/117
f 506/2518/2626 488/112/114 500/4331/4062 503/2517/2625
f 507/2515/2623 490/1259/1322 484/1258/1321
f 514/1261/1324 513/3899/3664 537/2519/2627 529/1262/1325
f 534/1268/1332 533/2756/3666 513/3899/3664 514/1261/1324
f 523/1263/1326 526/1265/1328 522/121/123
f 521/3054/249 518/2521/2629 520/2520/2628
f 518/2521/2629 523/1263/1326 522/121/123
f 538/1213/1330 529/1262/1325 532/126/128
f 538/1213/1330 532/126/128 509/119/121 510/4332/4063
f 509/119/121 525/125/127 526/1265/1328 510/4332/4063
f 544/3901/3668 564/133/135 565/1190/1344 545/4333/4064
f 540/2523/2632 558/1270/1335 541/1240/1334
f 561/1277/1342 568/2482/2630 540/2523/2632 541/1240/1334
f 555/1271/1336 548/1273/1338 554/131/133
f 539/3061/130 551/1274/1339 553/129/131
f 551/1274/1339 555/1271/1336 554/131/133
f 548/1273/1338 558/1270/1335 557/2522/2631
f 564/133/135 561/1277/1342 565/1190/1344
f 570/1180/1347 569/2485/3671 590/2524/2633 591/1279/1345
f 749/4344/4072 748/3923/3680 743/2555/2661 747/1347/1408
f 576/139/141 588/1281/1348 591/1279/1345
f 574/1286/1353 588/1281/1348 573/142/144
f 573/142/144 579/1288/1355 574/1286/1353
f 584/1284/1351 579/1288/1355 581/136/138
f 597/148/151 598/3906/3674 600/1293/1360
f 592/146/149 602/1292/1359 595/1291/1358
f 600/1293/1360 602/1292/1359 597/148/151
f 611/2528/2636 608/1295/1362 612/1297/1364
f 615/1299/1366 608/1295/1362 621/150/153
f 620/2526/2635 617/1300/1367 615/1299/1366
f 625/1303/1369 623/1305/1371 630/2529/2637
f 641/153/156 638/4336/4067 640/154/157
f 640/154/157 638/4336/4067 644/3912/3676
f 646/157/160 645/159/162 647/4340/4070
f 650/160/163 651/1308/1373 653/161/164
f 654/163/166 651/1308/1373 655/1307/1372
f 658/1311/1375 663/1312/1376 660/2536/2642
f 665/1313/1377 668/1315/1379 667/2539/2645
f 671/3914/3677 672/1316/1380 674/165/168
f 672/1316/1380 676/1318/1382 674/165/168
f 678/1321/1384 684/1322/1385 680/2541/2647
f 686/1325/1388 690/1324/1387 688/2544/2650
f 692/1326/249 693/1328/1390 695/168/171
f 696/169/172 693/1328/1390 698/1329/1391
f 699/1330/1392 702/1332/1394 701/176/3678
f 704/1333/1395 705/1335/1397 707/2546/2652
f 705/1335/1397 709/1336/1398 707/2546/2652
f 711/1337/174 712/1339/1400 715/172/175
f 712/1339/1400 718/1340/1401 715/172/175
f 719/1341/1402 724/1343/1404 721/2550/2656
f 730/3098/3187 727/2553/2659 729/2552/2658
f 731/2554/2660 727/2553/2659 732/1602/4068
f 736/175/178 738/1345/1406 737/176/179
f 766/4347/4074 765/3926/3683 762/184/187 759/1351/1411
f 754/179/182 752/2557/2662 755/4349/4076
f 764/182/185 758/1349/184 759/1351/1411
f 774/4350/4077 776/3929/3685 779/2559/2664 777/1357/1417
f 783/4352/4079 782/3930/3686 776/3929/3685 774/4350/4077
f 794/3934/3687 789/2560/2665 793/1361/1421 795/4354/4081
f 805/3936/3689 801/2562/2667 799/1363/1423 806/4355/4082
f 803/2561/2666 798/1364/1424 799/1363/1423
f 834/3939/3691 829/2570/2674 826/1372/1432 835/4358/4085
f 811/3114/3200 812/2563/2668 810/2565/2670
f 821/3120/3205 822/2567/2672 820/2568/189
f 832/1368/1428 833/1370/1430 831/2569/2673
f 849/2571/2675 846/3944/3694 843/1374/1434 839/1377/1437
f 833/1370/1430 826/1372/1432 829/2570/2674
f 847/1375/1435 843/1374/1434 846/3944/3694
f 853/4360/4087 852/3948/3696 842/189/192 839/1377/1437
f 865/4361/4088 864/3951/3699 857/2574/2678 862/1380/1440
f 874/3953/3700 872/2575/2679 869/1383/1442 875/4363/4090
f 858/1378/1438 862/1380/1440 861/2573/2677
f 873/193/196 868/1381/195 869/1383/1442
f 888/199/202 891/3958/3704 889/3129/3211 885/4367/4094
f 881/196/199 879/2576/2680 878/4368/4095
f 891/3958/3704 884/3130/249 889/3129/3211
f 892/3956/3703 888/199/202 885/4367/4094 893/4366/4093
f 910/4370/4097 909/3961/3707 908/3960/3706 903/1386/1444
f 897/3134/3214 899/2578/2681 898/2579/206
f 908/3960/3706 906/205/208 903/1386/1444
f 922/4372/4099 921/3962/3708 914/207/210 919/1389/1447
f 918/1387/1445 919/1389/1447 917/2580/2682
f 935/1392/1450 938/219/222 940/214/217 939/1390/1448
f 942/1393/1451 941/216/219 938/219/222 935/1392/1450
f 930/4545/216 939/1390/1448 940/214/217
f 946/4376/4103 945/3966/3711 934/2583/2684 931/1395/1453
f 959/3967/3712 951/2585/2686 949/2584/2685 960/4380/4106
f 942/1393/1451 931/1395/1453 941/216/219
f 954/220/223 955/223/226 952/2586/2687
f 952/2586/2687 949/2584/2685 957/221/224
f 963/4382/4108 966/224/227 970/3972/3717 967/1398/1456
f 970/3972/3717 971/1396/1454 967/1398/1456
f 973/4383/4109 972/3971/3716 966/224/227 963/4382/4108
f 987/4390/4115 986/3973/3719 985/230/233 977/4388/4113
f 976/3974/3720 980/2587/2688 983/227/230
f 985/230/233 980/2587/2688 977/4388/4113
f 1006/3975/3721 1010/3978/3723 1007/1406/1464 1003/4392/4117
f 991/2589/2690 992/1399/1457 995/1401/1459
f 996/1402/1460 998/1404/1462 997/2590/2691
f 1010/3978/3723 1002/1407/1465 1007/1406/1464
f 1012/4393/4118 1011/3973/3726 1006/3975/3721 1003/4392/4117
f 1028/1418/1475 1031/3983/3728 1035/3986/3730 1032/1417/1474
f 1015/1408/1466 1017/1410/1468 1016/2593/2694
f 1021/2594/2695 1022/1412/1469 1027/1414/1471
f 1035/3986/3730 1036/1415/1472 1032/1417/1474
f 1037/179/3732 1031/3983/3728 1028/1418/1475 1038/4395/4120
f 1080/1437/1495 1079/2601/2702 1077/2602/2703 1078/1436/1494
f 1042/2596/2697 1043/1419/1476 1041/1421/1478
f 1056/1422/1479 1059/1213/1481 1047/2598/2699
f 1053/1424/1482 1056/1422/1479 1055/2597/2698
f 1051/1426/240 1053/1424/1482 1052/235/238
f 1066/1428/1485 1068/1430/1487 1067/2600/2701
f 1070/1431/1488 1071/1213/1490 1060/2599/2700
f 1069/238/241 1068/1430/1487 1070/1431/1488
f 1133/256/259 1130/2613/2713 1131/1452/1509 1134/1451/1508
f 1091/1441/1499 1092/1443/1501 1090/2606/2707
f 1093/2604/2705 1095/3160/3228 1084/2605/2706
f 1088/2603/2704 1092/1443/1501 1093/2604/2705
f 1104/1446/1504 1107/2609/2710 1103/245/248
f 1106/242/245 1107/2609/2710 1097/2607/2708
f 1115/1449/249 1119/1448/1506 1116/247/250
f 1118/249/252 1119/1448/1506 1110/2611/2711
f 1137/1213/4124 1139/2482/3738 1122/252/255 1123/4399/4125
f 1128/1455/1512 1131/1452/1509 1130/2613/2713
f 1122/252/255 1133/256/259 1134/1451/1508 1123/4399/4125
f 1155/1213/4126 1157/2482/3739 1140/257/260 1152/1461/1518
f 1145/1458/1515 1143/1459/1516 1149/262/265
f 1143/1459/1516 1152/1461/1518 1151/260/263
f 1169/1462/1519 1168/2615/2714 1166/264/267 1167/1467/1524
f 1158/2616/2715 1169/1462/1519 1159/1464/1521
f 1194/1477/1535 1193/273/276 1191/2619/2719 1192/1474/1532
f 1164/1465/1522 1167/1467/1524 1166/264/267
f 1175/1470/1527 1177/1469/1526 1176/2617/2716
f 1171/268/271 1179/1472/1530 1182/1213/1529
f 1177/1469/1526 1179/1472/1530 1178/271/274
f 1194/1477/1535 1184/2618/2717 1193/273/276
f 1211/1482/1540 1210/281/284 1224/283/286 1225/1483/1541
f 1201/2621/2721 1202/2620/2720 1205/1480/1538
f 1205/1480/1538 1197/1479/1537 1204/2623/2722
f 1225/1483/1541 1224/283/286 1221/279/282 1222/1485/1543
f 1242/1494/1551 1229/287/291 1239/290/294 1241/1489/1546
f 1211/1482/1540 1215/2624/2724 1210/281/284
f 1239/290/294 1240/1490/1547 1241/1489/1546
f 1232/285/288 1230/1491/1548 1233/1493/1550
f 1242/1494/1551 1230/1491/1548 1229/287/291
f 1276/1509/1566 1291/307/311 1289/305/309 1290/1510/1567
f 1257/296/300 1255/1498/1555 1252/1497/1554
f 1252/1497/1554 1246/1500/1557 1258/294/298
f 1245/291/295 1246/1500/1557 1249/1502/1559
f 1271/1503/1560 1268/1505/1562 1274/302/306
f 1268/1505/1562 1262/1507/1564 1274/302/306
f 1261/298/302 1262/1507/1564 1265/2627/2727
f 1308/1526/1584 1307/2635/2735 1322/4008/3743 1323/1524/1582
f 1287/2631/2731 1288/1512/1569 1290/1510/1567
f 1276/1509/1566 1280/2628/2729 1291/307/311
f 1295/309/313 1293/1515/1572 1296/1203/1574
f 1292/312/317 1299/1517/1575 1293/1515/1572
f 1304/1519/1577 1299/1517/1575 1302/314/319
f 1328/2633/2733 1325/1521/1579 1311/1523/1581
f 1308/1526/1584 1325/1521/1579 1307/2635/2735
f 1322/4008/3743 1319/316/321 1320/1528/1586 1323/1524/1582
f 1375/331/338 1387/334/341 1388/1551/1609 1390/1550/1608
f 1316/1529/1587 1320/1528/1586 1319/316/321
f 1341/319/324 1335/1531/1589 1329/1533/1591
f 1344/2636/2737 1329/1533/1591 1332/1535/1593
f 1348/2638/2739 1345/1536/1594 1349/1538/1596
f 1358/2639/2740 1357/1540/1598 1345/1536/1594
f 1353/1541/1599 1357/1540/1598 1356/2640/2741
f 1367/2641/2742 1368/1542/1600 1369/1544/1602
f 1369/1544/1602 1360/1546/1604 1370/326/332
f 1359/328/334 1360/1546/1604 1362/1548/1606
f 1393/1564/1622 1392/342/349 1407/340/347 1408/4403/4133
f 1377/329/335 1390/1550/1608 1378/1203/1611
f 1382/1555/1613 1388/1551/1609 1387/334/341
f 1423/4405/4137 1422/4014/3748 1421/344/351 1414/1567/1625
f 1405/337/344 1406/1557/1615 1399/1559/1617
f 1399/1559/1617 1408/4403/4133 1407/340/347
f 1413/2642/2743 1393/1564/1622 1396/1563/1621
f 1420/3231/3257 1417/1565/1623 1419/2644/2745
f 1417/1565/1623 1414/1567/1625 1421/344/351
f 1529/4020/3752 1525/371/378 1523/4408/4140 1530/4407/4139
f 1431/2651/2752 1442/1568/1626 1432/1570/1628
f 1438/2649/2749 1436/1573/1631 1435/1572/1630
f 1435/1572/1630 1442/1568/1626 1441/2648/2748
f 1452/1578/249 1453/1580/1637 1455/347/354
f 1453/1580/1637 1458/1581/1638 1456/348/355
f 1463/1585/1642 1464/1587/1644 1466/350/357
f 1467/351/358 1464/1587/1644 1469/3240/3261
f 1471/2655/2756 1474/2656/2757 1473/353/360
f 1481/363/2759 1478/1590/1647 1482/1592/1649
f 1494/359/366 1495/1598/1655 1492/1597/1654
f 1496/360/367 1492/1597/1654 1498/1599/1656
f 1501/2659/2761 1502/3247/249 1499/1600/1657
f 1503/363/370 1499/1600/1657 1504/1602/1658
f 1506/2660/2762 1511/2662/2764 1508/364/372
f 1518/1606/249 1520/1608/1663 1519/368/375
f 1525/371/378 1527/4546/377 1523/4408/4140
f 1541/4410/4142 1540/4026/3757 1537/375/382 1534/1610/1665
f 1539/374/381 1533/1611/1666 1534/1610/1665
f 1551/4028/3759 1547/378/385 1544/1615/1668 1552/4413/4145
f 1547/378/385 1548/1614/1667 1544/1615/1668
f 1575/2669/3761 1558/2665/2766 1559/1619/1670 1573/1224/1672
f 1566/1618/391 1567/1617/1669 1565/385/392
f 1556/1623/1675 1555/382/389 1563/387/394 1569/1621/1673
f 1558/2665/2766 1556/1623/1675 1559/1619/1670
f 1621/2669/3763 1618/397/404 1601/4414/4147 1619/1224/4146
f 1563/387/394 1567/1617/1669 1569/1621/1673
f 1579/389/396 1592/1625/1677 1580/1627/1679
f 1577/1630/1682 1592/1625/1677 1576/392/399
f 1589/1628/1680 1577/1630/1682 1588/2666/2767
f 1585/394/401 1586/2668/2769 1589/1628/1680
f 1609/406/413 1610/1633/1685 1612/1632/1684
f 1608/401/408 1597/1635/407 1610/1633/1685
f 1638/1640/1691 1622/407/414 1632/2671/2772 1629/1646/1697
f 1618/397/404 1615/1638/1689 1601/4414/4147
f 1599/1636/1687 1615/1638/1689 1598/2670/2771
f 1612/1632/1684 1599/1636/1687 1611/403/410
f 1638/1640/1691 1623/1642/1693 1622/407/414
f 1626/2673/2773 1640/1649/1700 1627/2674/2774
f 1637/412/419 1633/1645/1696 1629/1646/1697
f 1666/427/435 1664/424/432 1665/4415/4148 1667/1661/1714
f 1643/410/417 1623/1642/1693 1640/1649/1700
f 1646/417/425 1653/1651/1702 1648/1652/1703
f 1652/420/428 1650/419/427 1653/1651/1702
f 1647/415/422 1648/1652/1703 1657/1224/1705
f 1681/1654/1706 1660/1180/1708 1659/421/429
f 1675/1660/1713 1665/4415/4148 1664/424/432
f 1671/429/437 1670/1658/1711 1669/1657/1710
f 1669/1657/1710 1675/1660/1713 1674/2675/2776
f 1680/2677/2777 1667/1661/1714 1681/1654/1706
f 1684/1180/1717 1683/2485/3766 1706/2683/2783 1707/1664/1718
f 1709/2485/3767 1729/439/447 1730/1670/1725 1710/1180/1724
f 1691/431/439 1703/1665/1719 1707/1664/1718
f 1705/2684/2784 1688/1667/1721 1703/1665/1719
f 1687/434/442 1701/2682/2782 1688/1667/1721
f 1695/2679/2779 1700/2678/2778 1701/2682/2782
f 1696/2681/2781 1700/2678/2778 1699/438/446
f 1752/2687/2786 1739/451/459 1740/1683/1737 1732/1682/1736
f 1724/444/452 1725/2686/2785 1713/1676/1731
f 1721/447/455 1722/1673/1728 1725/2686/2785
f 1713/1676/1731 1715/1675/1730 1728/443/451
f 1729/439/447 1715/1675/1730 1730/1670/1725
f 1735/454/462 1748/1678/1733 1736/1684/1738
f 1743/456/464 1747/1679/1734 1748/1678/1733
f 1745/448/456 1746/1680/458 1747/1679/1734
f 1758/4034/3769 1780/2690/2790 1781/1190/1746 1759/4417/4150
f 1739/451/459 1736/1684/1738 1740/1683/1737
f 1765/4037/3772 1770/459/468 1771/1452/1740 1762/1687/1742
f 1770/459/468 1767/457/465 1766/3304/3285 1771/1452/1740
f 1767/457/465 1768/4418/3773 1766/3304/3285
f 1773/2689/2789 1765/4037/3772 1762/1687/1742 1774/1200/1744
f 1784/4042/3776 1803/4041/3775 1804/1697/1754 1785/4421/4152
f 1780/2690/2790 1777/1690/1747 1781/1190/1746
f 1755/1691/1748 1777/1690/1747 1754/2688/2788
f 1774/1200/1744 1755/1691/1748 1773/2689/2789
f 1788/4046/3780 1810/4045/3779 1807/4424/4155 1789/4423/4154
f 1795/4047/3781 1800/465/474 1801/1695/1752 1792/1694/1751
f 1800/465/474 1799/462/471 1796/4428/4159 1801/1695/1752
f 1799/462/471 1797/4429/4160 1796/4428/4159
f 1783/4547/470 1797/4429/4160 1799/462/471
f 1803/4041/3775 1795/4047/3781 1792/1694/1751 1804/1697/1754
f 1807/4424/4155 1810/4045/3779 1784/4042/3776 1785/4421/4152
f 1818/4427/4158 1817/4049/3783 1839/469/479 1840/1190/1763
f 1843/2506/2791 1832/467/477 1833/1200/1760 1814/2691/2792
f 1824/2695/2796 1830/1700/1757 1821/1699/1756
f 1828/2693/2794 1825/1701/1758 1827/2694/2795
f 1825/1701/1758 1830/1700/1757 1829/2696/2797
f 1832/467/477 1821/1699/1756 1833/1200/1760
f 1839/469/479 1836/1703/1761 1840/1190/1763
f 1814/2691/2792 1836/1703/1761 1813/471/482
f 1847/1708/1766 1846/480/492 1875/2506/2799 1866/2698/2798
f 1851/4431/4162 1850/4056/3787 1872/4055/3786 1869/1710/1768
f 1872/4055/3786 1846/480/492 1847/1708/1766 1869/1710/1768
f 1857/473/484 1863/2700/2801 1854/2699/2800
f 1858/1707/1765 1863/2700/2801 1862/475/486
f 1865/478/490 1854/2699/2800 1866/2698/2798
f 1882/4433/4164 1881/4059/3789 1904/2702/2804 1905/1190/4165
f 1908/2482/2802 1877/4061/3791 1878/1717/1775 1901/2701/2803
f 1894/1711/1769 1885/1713/1771 1888/483/496
f 1892/4435/4167 1889/1715/1773 1891/485/499
f 1876/4548/501 1892/4435/4167 1891/485/499
f 1889/1715/1773 1894/1711/1769 1893/486/500
f 1897/488/502 1885/1713/1771 1898/1200/1776
f 1904/2702/2804 1901/2701/2803 1905/1190/4165
f 1877/4061/3791 1897/488/502 1898/1200/1776 1878/1717/1775
f 1912/4436/4168 1911/494/511 1929/2706/2808 1942/1724/1784
f 1916/1720/1779 1915/4064/3793 1936/493/508 1933/1718/1777
f 1936/493/508 1911/494/511 1912/4436/4168 1933/1718/1777
f 1910/3331/504 1923/1727/1786 1925/490/505
f 1937/2756/3794 1915/4064/3793 1916/1720/1779 1938/1268/1781
f 1945/1240/1798 1944/497/515 1962/499/518 1963/4437/4169
f 1929/2706/2808 1930/1722/1782 1942/1724/1784
f 1919/2703/2805 1930/1722/1782 1922/2704/2806
f 1926/2705/2807 1927/1726/1785 1919/2703/2805
f 1923/1727/1786 1927/1726/1785 1925/490/505
f 1948/4068/3796 1969/495/512 1974/1190/1787 1949/1729/1789
f 1952/1732/1792 1955/4070/3797 1960/4071/3318 1961/1730/1790
f 1961/1730/1790 1960/4071/3318 1958/4072/3798 1956/1735/1795
f 1963/4437/4169 1962/499/518 1955/4070/3797 1952/1732/1792
f 1971/1268/4170 1970/2756/3799 1948/4068/3796 1949/1729/1789
f 1977/4438/4171 1976/500/519 1993/504/523 1994/4439/4172
f 1969/495/512 1966/1737/1797 1974/1190/1787
f 1944/497/515 1945/1240/1798 1966/1737/1797
f 1980/2629/3802 2000/4073/3801 1997/4440/4175 1981/1203/4174
f 1991/1738/1799 1986/2707/2809 1989/4076/3803 1987/3354/3323
f 1991/1738/1799 1984/1740/1801 1986/2707/2809
f 1990/4077/3804 1987/3354/3323 1989/4076/3803
f 2000/4073/3801 1976/500/519 1977/4438/4171 1997/4440/4175
f 1993/504/523 1984/1740/1801 1994/4439/4172
f 2005/2629/3808 2025/4079/3807 2022/4441/4178 2006/1203/4177
f 2025/4079/3807 2001/505/524 2002/1743/1804 2022/4441/4178
f 2028/1752/1813 2027/4082/3809 2044/513/533 2045/4443/4180
f 2019/1741/1802 2002/1743/1804 2018/507/527
f 2010/509/529 2015/1744/1805 2019/1741/1802
f 2011/1746/1807 2015/1744/1805 2014/512/532
f 2044/513/533 2038/2711/2813 2035/1751/1812 2045/4443/4180
f 2043/516/536 2039/1750/1811 2035/1751/1812
f 2048/2709/2811 2027/4082/3809 2028/1752/1813 2032/1754/1815
f 2073/1224/1821 2075/2669/3812 2054/4084/3811 2055/1758/1819
f 2031/2710/2812 2032/1754/1815 2049/1224/4181
f 2067/2716/2816 2052/1760/1822 2051/2715/2815
f 2064/519/539 2061/1755/1816 2058/1757/1818
f 2058/1757/1818 2067/2716/2816 2066/522/542
f 2055/1758/1819 2054/4084/3811 2072/2714/2814 2052/1760/1822
f 2159/2731/2833 2171/550/572 2172/1794/1855 2174/1793/1854
f 2086/1762/1824 2089/1764/1826 2076/524/544
f 2077/527/547 2089/1764/1826 2078/1203/4182
f 2081/1765/1827 2086/1762/1824 2085/2718/2818
f 2110/531/552 2092/1768/1830 2096/1767/1829
f 2107/2721/2822 2108/1771/1833 2092/1768/1830
f 2106/1769/1831 2108/1771/1833 2101/2720/2821
f 2102/1772/1834 2106/1769/1831 2105/528/549
f 2114/2725/2826 2126/2724/2825 2115/1203/4184
f 2119/2723/2824 2122/1776/1838 2124/1775/1837
f 2120/2722/2823 2121/1777/249 2122/1776/1838
f 2112/1779/1840 2126/2724/2825 2111/535/556
f 2124/1775/1837 2112/1779/1840 2111/535/556
f 2139/1781/1842 2128/1783/1844 2138/538/559
f 2136/2727/2829 2137/1782/1843 2139/1781/1842
f 2142/540/561 2128/1783/1844 2131/1785/1846
f 2154/1786/1847 2157/1788/1849 2143/545/566
f 2145/2728/2830 2157/1788/1849 2146/1203/4185
f 2151/542/563 2152/1789/1850 2154/1786/1847
f 2273/593/617 2271/590/614 2272/1829/1889 2274/1827/1887
f 2174/1793/1854 2163/1203/4187 2162/548/569
f 2169/1795/1856 2172/1794/1855 2171/550/572
f 2189/2732/2835 2175/1799/1860 2178/1798/1859
f 2187/551/573 2186/1801/1862 2175/1799/1860
f 2183/1802/1863 2186/1801/1862 2185/554/576
f 2200/1806/1867 2203/2733/2836 2190/556/578
f 2203/2733/2836 2192/1203/4189 2191/559/581
f 2199/1804/1865 2200/1806/1867 2198/560/583
f 2219/562/585 2206/1808/1869 2209/1810/1871
f 2215/1812/1873 2206/1808/1869 2216/566/589
f 2228/1815/1875 2232/1817/1877 2229/574/597
f 2235/569/592 2220/1818/1878 2223/1820/1880
f 2232/1817/1877 2220/1818/1878 2231/571/594
f 2244/575/598 2245/577/600 2246/4445/4191
f 2247/1824/1884 2239/1823/1883 2236/578/601
f 2244/575/598 2246/4445/4191 2247/1824/1884
f 2252/581/604 2250/2739/2843 2253/4447/4193
f 2256/2738/2842 2250/2739/2843 2249/583/607
f 2261/585/609 2259/2737/2841 2256/2738/2842
f 2264/588/612 2274/1827/1887 2265/1826/1886
f 2296/604/629 2299/606/631 2300/1833/1893 2294/1835/1895
f 2271/590/614 2270/592/616 2272/1829/1889
f 2287/4448/4194 2277/2740/2844 2286/597/621
f 2286/597/621 2284/2741/2845 2287/4448/4194
f 2280/2743/2847 2284/2741/2845 2283/594/618
f 2303/1830/1890 2291/1832/1892 2302/600/625
f 2302/600/625 2296/604/629 2294/1835/1895 2303/1830/1890
f 2298/1836/1896 2300/1833/1893 2299/606/631
f 2316/607/632 2314/4093/3816 2315/1843/1902 2317/1839/1898
f 2316/607/632 2317/1839/1898 2320/1841/1900
f 2369/1864/1923 2368/2754/2858 2384/4097/3817 2385/1865/1924
f 2312/1844/1903 2315/1843/1902 2314/4093/3816
f 2332/1846/1905 2322/1848/1907 2321/610/635
f 2327/1849/1908 2325/1851/1910 2330/614/639
f 2325/1851/1910 2332/1846/1905 2330/614/639
f 2334/2746/2851 2342/2745/2850 2344/1213/4195
f 2341/616/641 2340/1854/1913 2342/2745/2850
f 2351/1857/1916 2352/1856/1915 2353/621/646
f 2352/1856/1915 2347/1859/1918 2353/621/646
f 2362/3443/3364 2365/1862/1921 2361/2750/2854
f 2364/624/649 2365/1862/1921 2358/1861/1920
f 2384/4097/3817 2378/627/652 2375/1869/1927 2385/1865/1924
f 2380/1866/249 2382/1868/1926 2381/629/654
f 2425/1190/1935 2399/631/656 2420/637/662 2417/1877/1936
f 2371/2753/2857 2372/2752/2856 2392/2755/2859
f 2390/2751/2855 2369/1864/1923 2372/2752/2856
f 2382/1868/1926 2375/1869/1927 2381/629/654
f 2425/1190/1935 2400/2758/2862 2399/631/656
f 2411/1872/1930 2414/1871/1929 2405/634/659
f 2409/2760/2864 2408/1875/1933 2406/1874/1932
f 2406/1874/1932 2411/1872/1930 2410/2759/2863
f 2400/2758/2862 2422/1268/4198 2421/639/664
f 2417/1877/1936 2420/637/662 2395/2757/2861 2396/1878/1937
f 2455/1190/1944 2431/2764/2868 2450/650/676 2447/1883/1942
f 2413/641/666 2414/1871/1929 2396/1878/1937
f 2455/1190/1944 2432/2762/2866 2431/2764/2868
f 2438/1880/1939 2435/1882/1941 2441/645/671
f 2432/2762/2866 2452/1268/4200 2451/2763/2867
f 2450/650/676 2427/643/669 2428/4451/4201 2447/1883/1942
f 2428/4451/4201 2427/643/669 2443/649/675 2444/4452/4202
f 2444/4452/4202 2443/649/675 2437/646/672 2435/1882/1941
f 2458/1180/4204 2457/2485/3822 2487/4104/3821 2488/4453/4205
f 2461/2757/2874 2479/4106/3825 2480/4455/4207 2462/2769/2875
f 2480/4455/4207 2479/4106/3825 2472/652/678 2469/1886/1946
f 2472/652/678 2477/1887/1947 2469/1886/1946
f 2473/2768/2873 2477/1887/1947 2476/655/681
f 2487/4104/3821 2465/2766/2871 2491/1224/4210 2488/4453/4205
f 2486/2770/2876 2462/2769/2875 2483/1970/4209
f 2493/2519/2869 2486/2770/2876 2483/1970/4209 2466/2765/2870
f 2465/2766/2871 2466/2765/2870 2491/1224/4210
f 2520/2775/2881 2500/657/683 2501/1897/1957 2517/1890/1950
f 2495/2772/2878 2522/2771/2877 2496/1180/4211
f 2503/2774/2880 2517/1890/1950 2504/1889/1949
f 2511/1891/1951 2514/1893/1953 2510/2776/2882
f 2499/1894/1954 2507/1896/1956 2509/2778/2884
f 2507/1896/1956 2511/1891/1951 2510/2776/2882
f 2521/2773/2879 2504/1889/1949 2522/2771/2877
f 2501/1897/1957 2500/657/683 2513/2777/2883 2514/1893/1953
f 2526/2485/3828 2555/4114/3830 2556/1904/1964 2527/1180/4213
f 2535/1902/1962 2534/660/686 2561/2519/2885 2551/1900/1960
f 2556/1904/1964 2555/4114/3830 2534/660/686 2535/1902/1962
f 2544/2780/2887 2543/4458/4214 2546/1911/1972
f 2562/1213/1966 2551/1900/1960 2554/2779/2886
f 2562/1213/1966 2554/2779/2886 2530/4117/3831 2531/1906/1967
f 2531/1906/1967 2530/4117/3831 2547/4119/3832 2548/1908/1969
f 2547/4119/3832 2541/4121/3834 2538/1910/1971 2548/1908/1969
f 2541/4121/3834 2545/2781/2888 2546/1911/1972 2538/1910/1971
f 2565/1180/4216 2564/2485/3837 2594/4123/3836 2595/1920/1983
f 2574/1915/1977 2573/668/696 2600/2519/3838 2601/1190/1978
f 2569/662/689 2587/1912/1973 2570/1240/1975
f 2594/4123/3836 2573/668/696 2574/1915/1977 2595/1920/1983
f 2568/3487/249 2581/1918/1981 2583/2782/2889
f 2581/1918/1981 2577/1917/1980 2584/666/694
f 2602/1242/1985 2587/1912/1973 2586/667/695
f 2601/1190/1978 2600/2519/3838 2593/4127/3840 2590/4460/4217
f 2590/4460/4217 2593/4127/3840 2569/662/689 2570/1240/1975
f 2602/1242/1985 2586/667/695 2580/664/692 2577/1917/1980
f 2623/1924/1988 2615/2785/2893 2619/2784/2892 2620/1922/1986
f 2613/1931/1994 2612/679/708 2608/673/702 2626/1932/1995
f 2630/1927/1990 2604/1929/1992 2629/677/706
f 2613/1931/1994 2630/1927/1990 2612/679/708
f 2641/2629/2899 2662/680/709 2668/1190/1999 2642/1937/2001
f 2608/673/702 2609/1933/1996 2626/1932/1995
f 2623/1924/1988 2609/1933/1996 2622/2783/2891
f 2633/2788/2897 2664/2787/2896 2634/1180/4219
f 2669/2506/2894 2655/2790/2900 2656/1200/2010 2638/1945/2009
f 2652/685/714 2653/1938/2002 2645/1940/2004
f 2650/2791/2901 2651/1943/2007 2648/1942/2006
f 2652/685/714 2648/1942/2006 2653/1938/2002
f 2645/1940/2004 2656/1200/2010 2655/2790/2900
f 2663/2789/2898 2642/1937/2001 2664/2787/2896
f 2662/680/709 2659/2786/2895 2668/1190/1999
f 2638/1945/2009 2659/2786/2895 2637/683/712
f 2672/1180/4222 2671/2485/3844 2702/4136/3843 2703/1957/2023
f 2676/4463/4223 2675/692/722 2694/4138/3845 2695/1955/2021
f 2680/1947/2012 2679/688/717 2701/690/720 2698/1948/2013
f 2694/4138/3845 2686/693/724 2709/1242/2019 2695/1955/2021
f 2691/4140/3416 2690/1951/2016 2687/1950/2015
f 2687/1950/2015 2683/1953/2018 2692/2792/2902
f 2701/690/720 2675/692/722 2676/4463/4223 2698/1948/2013
f 2702/4136/3843 2679/688/717 2680/1947/2012 2703/1957/2023
f 2737/1224/2026 2738/2669/3846 2716/698/730 2717/1958/2024
f 2686/693/724 2683/1953/2018 2709/1242/2019
f 2722/2796/2905 2726/2797/2906 2720/2795/2904
f 2725/2794/2903 2726/2797/2906 2724/702/734
f 2720/2795/2904 2730/1200/2031 2729/704/737
f 2716/698/730 2736/705/738 2733/1960/2027 2717/1958/2024
f 2736/705/738 2712/695/727 2713/1962/2029 2733/1960/2027
f 2712/695/727 2729/704/737 2730/1200/2031 2713/1962/2029
f 2768/2669/3849 2744/4142/3848 2745/1968/2036 2766/1224/2038
f 2759/2802/2911 2741/2800/2909 2740/2799/2908
f 2751/2805/2914 2756/1967/2035 2748/2804/2913
f 2748/2804/2913 2759/2802/2911 2758/2803/2912
f 2765/2801/2910 2741/2800/2909 2762/1970/2039
f 2744/4142/3848 2765/2801/2910 2762/1970/2039 2745/1968/2036
f 2795/2669/3852 2774/707/740 2775/1974/2043 2793/1224/4224
f 2775/1974/2043 2774/707/740 2792/4148/3850 2789/1972/2041
f 2789/1972/2041 2792/4148/3850 2770/4150/3851 2771/1975/2044
f 2770/4150/3851 2785/4152/3853 2786/1978/2047 2771/1975/2044
f 2786/1978/2047 2785/4152/3853 2778/2806/2915 2782/1979/2048
f 2818/1224/2059 2820/2669/3856 2801/4154/3855 2802/1988/2057
f 2779/1981/2050 2782/1979/2048 2781/711/744
f 2811/1983/2052 2812/1985/2054 2807/720/753
f 2810/2807/2916 2796/1987/2056 2811/1983/2052
f 2801/4154/3855 2817/717/750 2815/1990/2060 2802/1988/2057
f 2817/717/750 2797/715/748 2798/1993/2063 2815/1990/2060
f 2821/2485/3859 2854/2809/2919 2858/2004/2074 2822/1180/4226
f 2812/1985/2054 2798/1993/2063 2797/715/748
f 2827/1240/2079 2826/722/755 2846/725/758 2847/4464/4227
f 2837/727/760 2842/730/763 2843/1996/2066 2834/1995/2065
f 2842/730/763 2840/4156/3861 2838/1998/2068 2843/1996/2066
f 2841/1999/2069 2838/1998/2068 2840/4156/3861
f 2846/725/758 2837/727/760 2834/1995/2065 2847/4464/4227
f 2860/2669/2918 2830/4158/3862 2831/2005/2075 2855/2002/2072
f 2854/2809/2919 2855/2002/2072 2858/2004/2074
f 2831/2005/2075 2830/4158/3862 2853/2808/2917 2850/2007/2077
f 2867/4466/4229 2866/4160/3865 2888/2519/3864 2889/1190/4230
f 2827/1240/2079 2850/2007/2077 2826/722/755
f 2862/2814/2924 2881/2010/2081 2863/1240/2083
f 2880/2813/2923 2872/733/767 2870/2015/2087 2881/2010/2081
f 2876/2012/2084 2878/2014/2086 2875/2811/2921
f 2889/1190/4230 2888/2519/3864 2887/731/764 2884/4467/4231
f 2884/4467/4231 2887/731/764 2862/2814/2924 2863/1240/2083
f 2893/2757/2928 2913/741/776 2928/1724/2095 2894/2817/2929
f 2878/2014/2086 2870/2015/2087 2877/2810/2920
f 2910/2816/2926 2907/747/782 2908/214/3869 2905/4470/4232
f 2897/736/770 2917/2018/2090 2898/2020/2092
f 2922/1268/4233 2921/2756/3867 2926/2669/2927 2898/2020/2092
f 2892/4468/3870 2905/4470/4232 2908/214/3869
f 2920/739/773 2894/2817/2929 2917/2018/2090
f 2930/2485/3872 2952/757/792 2953/2023/2096 2931/1180/2098
f 2914/2021/2093 2928/1724/2095 2913/741/776
f 2901/2815/2925 2914/2021/2093 2904/744/779
f 2910/2816/2926 2901/2815/2925 2909/745/780
f 2946/2029/2103 2945/749/784 2939/2818/2930 2938/2027/2101
f 2945/749/784 2946/2029/2103 2934/2819/2931
f 2940/2025/2099 2938/2027/2101 2942/753/788
f 2982/2823/2935 2984/4165/3874 2983/2037/2111 2985/2039/2113
f 2952/757/792 2936/2031/2105 2953/2023/2096
f 2951/755/790 2934/2819/2931 2936/2031/2105
f 2964/2033/2107 2967/1224/4237 2957/2820/2932
f 2962/2034/2108 2964/2033/2107 2955/759/794
f 2961/2036/2110 2962/2034/2108 2960/762/797
f 2959/4164/3873 2961/2036/2110 2960/762/797
f 2996/1224/4239 2999/2669/3878 2973/4167/3877 2974/4474/4240
f 2974/4474/4240 2973/4167/3877 2995/2808/2939 2992/2825/2938
f 3000/2501/2936 2980/764/799 2977/4477/4243 2989/2824/2937
f 2970/2822/2934 2992/2825/2938 2969/767/802
f 2988/2821/2933 2989/2824/2937 2970/2822/2934
f 3024/1224/2116 3025/2669/3880 3023/769/805 3005/2040/2114
f 2985/2039/2113 2977/4477/4243 2980/764/799
f 3013/773/808 3014/3561/249 3015/2051/2126
f 3001/775/810 3017/4168/3879 3018/2046/2121 3002/2044/2119
f 3023/769/805 3020/2042/2117 3005/2040/2114
f 3002/2044/2119 3020/2042/2117 3001/775/810
f 3017/4168/3879 3011/777/812 3008/2049/2124 3018/2046/2121
f 3027/4170/3882 3045/784/820 3057/1724/2132 3028/4479/4245
f 3015/2051/2126 3008/2049/2124 3011/777/812
f 3049/1970/2127 3052/782/817 3027/4170/3882 3028/4479/4245
f 3056/2669/3884 3031/2629/2940 3032/2053/2129 3053/1224/4247
f 3060/1180/4249 3059/2485/3886 3093/2829/2944 3090/2828/2943
f 3049/1970/2127 3032/2053/2129 3052/782/817
f 3046/2054/2130 3057/1724/2132 3045/784/820
f 3042/2056/2133 3046/2054/2130 3037/787/823
f 3038/2827/2941 3042/2056/2133 3040/780/815
f 3069/2059/2137 3068/2629/2945 3088/797/833 3095/1190/2135
f 3064/2831/2948 3082/2830/2947 3065/1240/2140
f 3081/2813/2946 3074/799/836 3072/2064/2143 3082/2830/2947
f 3063/4549/827 3075/2065/2144 3077/792/828
f 3097/2482/2942 3064/2831/2948 3065/1240/2140 3085/2061/2139
f 3089/795/831 3069/2059/2137 3090/2828/2943
f 3088/797/833 3085/2061/2139 3095/1190/2135
f 3100/1240/2153 3099/2834/2952 3116/806/843 3117/4483/4252
f 3079/2062/2141 3072/2064/2143 3078/802/839
f 3075/2065/2144 3079/2062/2141 3077/792/828
f 3112/803/840 3110/805/842 3111/2067/2145 3113/2069/2147
f 3116/806/843 3108/2833/2951 3107/2076/2156 3117/4483/4252
f 3126/2669/3890 3103/2629/2949 3104/2070/2148 3124/1224/2150
f 3128/2485/3893 3159/4174/3892 3160/2077/2157 3129/1180/2159
f 3120/2072/2151 3104/2070/2148 3123/2832/2950
f 3100/1240/2153 3120/2072/2151 3099/2834/2952
f 3113/2069/2147 3107/2076/2156 3112/803/840
f 3160/2077/2157 3159/4174/3892 3164/2669/2953 3138/2082/2163
f 3133/2838/2957 3152/2841/2960 3134/2839/2958
f 3155/2836/2955 3138/2082/2163 3137/2835/2954
f 3149/2081/2162 3141/2842/2961 3148/812/849
f 3147/3582/3472 3144/2079/2160 3146/810/847
f 3132/4550/846 3147/3582/3472 3146/810/847
f 3144/2079/2160 3149/2081/2162 3148/812/849
f 3151/2840/2959 3141/2842/2961 3152/2841/2960
f 3134/2839/2958 3155/2836/2955 3158/2837/2956
f 3171/2089/2170 3170/819/857 3198/2519/2962 3189/2087/2168
f 3166/814/851 3186/2086/2167 3167/2085/2166
f 3177/4180/3895 3181/816/854 3182/2090/2171 3174/2092/2173
f 3186/2086/2167 3185/2813/2964 3177/4180/3895 3174/2092/2173
f 3165/4484/4254 3178/2094/2175 3180/818/856
f 3181/816/854 3178/2094/2175 3182/2090/2171
f 3194/1268/4253 3193/2756/3897 3170/819/857 3171/2089/2170
f 3192/2843/2963 3167/2085/2166 3189/2087/2168
f 3204/4485/4255 3214/828/866 3210/2844/2965 3211/2102/2182
f 3199/822/860 3215/2097/2178 3200/2099/2180
f 3221/1224/4258 3224/2669/3900 3201/2846/2967 3218/2845/2966
f 3208/825/863 3209/2100/865 3211/2102/2182
f 3214/828/866 3204/4485/4255 3215/2097/2178
f 3220/2847/2968 3200/2099/2180 3218/2845/2966
f 3227/1180/4260 3226/2485/3903 3249/4183/3902 3250/4487/4261
f 3245/2106/2186 3244/831/869 3241/837/875 3242/2849/2970
f 3250/4487/4261 3249/4183/3902 3234/833/871 3235/2105/2185
f 3253/843/882 3262/838/876 3263/2110/2190 3265/2109/2189
f 3234/833/871 3231/2103/2183 3235/2105/2185
f 3245/2106/2186 3231/2103/2183 3244/831/869
f 3284/2118/2198 3277/2852/2973 3282/849/888 3283/2116/2196
f 3265/2109/2189 3256/2112/2192 3255/841/879
f 3262/838/876 3261/2114/2194 3263/2110/2190
f 3293/2669/3907 3272/4185/3906 3273/2121/2201 3291/1224/2203
f 3282/849/888 3278/2119/2199 3283/2116/2196
f 3273/2121/2201 3272/4185/3906 3290/847/886 3287/2123/2204
f 3290/847/886 3268/844/883 3269/4488/4262 3287/2123/2204
f 3317/2669/3910 3298/4186/3909 3299/2125/2206 3315/1224/2208
f 3284/2118/2198 3269/4488/4262 3268/844/883
f 3299/2125/2206 3298/4186/3909 3314/855/894 3311/2127/2209
f 3314/855/894 3294/853/892 3295/4489/4263 3311/2127/2209
f 3295/4489/4263 3294/853/892 3307/857/896 3308/4490/4264
f 3318/2485/3912 3341/861/900 3342/2132/2214 3319/1180/2216
f 3305/2131/2213 3308/4490/4264 3307/857/896
f 3302/2129/2211 3305/2131/2213 3304/859/898
f 3337/866/905 3332/868/907 3329/2136/2219 3323/2135/2218
f 3334/2855/2975 3335/3623/3491 3336/2140/2223
f 3341/861/900 3325/864/903 3326/4491/4265 3342/2132/2214
f 3343/2757/2980 3362/2856/2976 3373/1724/2224 3344/2142/2226
f 3325/864/903 3339/2138/2221 3326/4491/4265
f 3322/2854/2974 3323/2135/2218 3339/2138/2221
f 3332/868/907 3336/2140/2223 3329/2136/2219
f 3348/4493/4267 3347/4189/3913 3370/2519/2978 3366/2857/2977
f 3376/1180/2233 3375/2485/3919 3398/4192/3916 3399/2148/2231
f 3344/2142/2226 3366/2857/2977 3369/2858/2979
f 3362/2856/2976 3363/2146/2229 3373/1724/2224
f 3351/2147/2230 3363/2146/2229 3354/874/913
f 3399/2148/2231 3398/4192/3916 3382/4195/3918 3383/2155/2239
f 3391/2152/2236 3392/2151/2235 3390/2861/2983
f 3383/2155/2239 3382/4195/3918 3397/2860/2982 3380/2153/2237
f 3379/2859/2981 3388/878/918 3393/2156/2240 3380/2153/2237
f 3414/2485/3922 3438/883/923 3439/4494/4269 3415/1180/4268
f 3388/878/918 3392/2151/2235 3393/2156/2240
f 3409/2158/2242 3410/2160/2244 3400/2863/2985
f 3412/880/920 3410/2160/2244 3403/2162/2246
f 3406/2862/2984 3407/2164/249 3409/2158/2242
f 3438/883/923 3420/2867/2990 3421/4495/4270 3439/4494/4269
f 3420/2867/2990 3434/2167/2250 3421/4495/4270
f 3434/2167/2250 3437/2866/2989 3418/2869/2992 3432/2165/2248
f 3431/2868/2991 3429/887/927 3430/2168/2251 3432/2165/2248
f 3443/4496/4271 3442/892/932 3462/895/936 3463/4497/4272
f 3426/2865/2988 3430/2168/2251 3429/887/927
f 3447/4499/4274 3446/4202/3923 3469/4205/3926 3466/4500/4275
f 3462/895/936 3453/897/938 3471/1242/2256 3463/4497/4272
f 3457/890/930 3459/2171/2254 3456/900/941
f 3469/4205/3926 3442/892/932 3443/4496/4271 3466/4500/4275
f 3477/4499/4278 3476/4208/3929 3497/2873/2997 3498/1190/2260
f 3450/2174/2257 3471/1242/2256 3453/897/938
f 3459/2171/2254 3450/2174/2257 3458/898/939
f 3500/2506/2993 3490/904/945 3491/4503/4279 3473/2870/2994
f 3497/2873/2997 3494/2177/2261 3498/1190/2260
f 3473/2870/2994 3494/2177/2261 3472/2871/2995
f 3491/4503/4279 3490/904/945 3482/4209/3930 3480/4504/4280
f 3480/4504/4280 3482/4209/3930 3487/901/942 3488/2180/2264
f 3507/4433/4281 3506/4210/3932 3529/912/954 3530/1190/2273
f 3483/2178/2262 3488/2180/2264 3487/901/942
f 3514/2185/2269 3516/909/951 3518/4551/4352 3517/2186/2270
f 3519/2181/2265 3510/2183/2267 3513/906/948
f 3513/906/948 3516/909/951 3514/2185/2269 3519/2181/2265
f 3532/2506/2998 3522/910/952 3523/1200/2277 3503/2190/2275
f 3522/910/952 3510/2183/2267 3523/1200/2277
f 3529/912/954 3526/2189/2274 3530/1190/2273
f 3503/2190/2275 3526/2189/2274 3502/914/957
f 3539/4506/4284 3538/4212/3936 3562/2519/3935 3563/1190/2287
f 3542/2194/2280 3545/916/960 3550/919/963 3551/2195/2281
f 3554/2813/3939 3545/916/960 3542/2194/2280 3555/1200/2291
f 3549/4215/3938 3548/2196/2282 3546/2198/2284
f 3563/1190/2287 3562/2519/3935 3561/4214/3937 3558/2201/2288
f 3558/2201/2288 3561/4214/3937 3534/4217/3940 3535/2202/2289
f 3534/4217/3940 3554/2813/3939 3555/1200/2291 3535/2202/2289
f 3594/1724/2297 3567/2879/3005 3585/2813/3002 3586/2209/2298
f 3594/1724/2297 3568/2878/3004 3567/2879/3005
f 3571/920/964 3589/2877/3003 3572/1203/4286
f 3566/2205/2293 3578/2207/2295 3580/2876/3001
f 3568/2878/3004 3589/2877/3003 3592/922/967
f 3600/930/977 3622/932/980 3629/1190/2301 3601/2213/2303
f 3577/2874/2999 3582/2210/2299 3586/2209/2298
f 3578/2207/2295 3582/2210/2299 3580/2876/3001
f 3623/2756/3943 3600/930/977 3601/2213/2303 3624/1268/4288
f 3607/923/969 3612/2214/2304 3604/2216/2306
f 3595/4552/972 3609/3679/3525 3608/927/973
f 3611/2880/3007 3608/927/973 3612/2214/2304
f 3604/2216/2306 3616/2221/2311 3615/929/975
f 3630/2482/3006 3596/4222/3945 3597/2218/2308 3619/2220/2310
f 3622/932/980 3619/2220/2310 3629/1190/2301
f 3596/4222/3945 3615/929/975 3616/2221/2311 3597/2218/2308
f 3647/938/986 3645/941/990 3646/2223/2313 3639/2225/2315
f 3653/1224/4292 3656/2669/3949 3635/4224/3948 3636/2230/2320
f 3644/2881/3008 3631/2227/2317 3646/2223/2313
f 3639/2225/2315 3633/2882/3009 3647/938/986
f 3635/4224/3948 3652/939/987 3650/2228/2318 3636/2230/2320
f 3652/939/987 3632/934/982 3633/2882/3009 3650/2228/2318
f 3658/2757/3013 3675/942/991 3676/4508/4293 3659/2886/3014
f 3668/945/994 3672/948/997 3673/2231/2321 3666/2233/2323
f 3679/2883/3010 3663/1203/4294 3662/2884/3011
f 3672/948/997 3671/4228/3533 3669/3691/3534 3673/2231/2321
f 3676/4508/4293 3675/942/991 3668/945/994 3666/2233/2323
f 3690/2235/2325 3689/4231/3950 3710/2890/3019 3716/1190/2326
f 3659/2886/3014 3679/2883/3010 3682/2885/3012
f 3711/2756/3952 3689/4231/3950 3690/2235/2325 3712/1268/4295
f 3696/950/999 3701/2893/3022 3693/2891/3020
f 3697/2888/3016 3701/2893/3022 3700/949/998
f 3703/2892/3021 3693/2891/3020 3704/1200/2330
f 3718/2482/3018 3685/4233/3954 3686/2238/2329 3707/2237/2328
f 3710/2890/3019 3707/2237/2328 3716/1190/2326
f 3685/4233/3954 3703/2892/3021 3704/1200/2330 3686/2238/2329
f 3742/2669/3956 3739/955/1004 3723/2245/2337 3740/1224/2339
f 3729/953/1002 3730/2242/2334 3733/2241/2333
f 3719/2243/2335 3730/2242/2334 3728/952/1001
f 3766/2669/3957 3747/961/1010 3748/2252/2345 3765/1224/2347
f 3739/955/1004 3736/2247/2340 3723/2245/2337
f 3721/2894/3023 3736/2247/2340 3720/2895/3024
f 3733/2241/2333 3721/2894/3023 3732/2896/3025
f 3760/2249/2342 3745/2251/2344 3744/958/1007
f 3759/2900/3029 3751/2256/2351 3760/2249/2342
f 3784/975/1024 3779/972/1021 3782/2266/2362 3785/2259/2355
f 3747/961/1010 3745/2251/2344 3748/2252/2345
f 3753/2899/3028 3757/2254/2349 3751/2256/2351
f 3754/2898/3027 3757/2254/2349 3756/964/1013
f 3790/2258/2354 3768/1180/2353 3767/2901/3030
f 3771/968/1017 3785/2259/2355 3772/2261/2357
f 3781/3719/3550 3782/2266/2362 3779/972/1021
f 3771/968/1017 3772/2261/2357 3774/2263/2359
f 3773/970/1019 3774/2263/2359 3790/2258/2354
f 3791/2485/3960 3823/4237/3959 3824/2275/2372 3792/1180/4298
f 3800/4241/3961 3822/2904/3034 3828/1190/2363 3801/2268/2365
f 3796/2906/3036 3816/2905/3035 3797/1240/2373
f 3824/2275/2372 3823/4237/3959 3800/4241/3961 3801/2268/2365
f 3812/2269/2366 3804/2271/2368 3807/977/1026
f 3808/2273/2370 3812/2269/2366 3811/2907/3037
f 3815/980/1029 3804/2271/2368 3816/2905/3035
f 3830/2482/3033 3796/2906/3036 3797/1240/2373 3819/2277/2375
f 3822/2904/3034 3819/2277/2375 3828/1190/2363
f 3866/1180/4300 3865/2485/3965 3899/4244/3964 3900/2297/2394
f 3860/984/1034 3861/2278/2376 3833/2280/2378
f 3840/2281/2379 3861/2278/2376 3839/988/1038
f 3859/990/1040 3856/2283/2381 3840/2281/2379
f 3837/2285/2383 3856/2283/2381 3836/2908/3039
f 3853/2287/2385 3837/2285/2383 3852/992/1042
f 3850/2290/2388 3853/2287/2385 3845/994/1045
f 3846/2291/2389 3850/2290/2388 3849/982/1032
f 3899/4244/3964 3874/995/1046 3904/1224/2395 3900/2297/2394
f 3906/2482/3042 3870/4246/3966 3871/2301/2399 3895/2298/2396
f 3874/995/1046 3875/2300/2398 3904/1224/2395
f 3898/997/1049 3895/2298/2396 3875/2300/2398
f 3871/2301/2399 3870/4246/3966 3891/2813/3041 3892/2303/2401
f 3916/2629/3046 3937/1012/1064 3943/1190/2412 3917/2912/3047
f 3878/2306/2404 3892/2303/2401 3881/1000/1052
f 3888/2307/2405 3878/2306/2404 3887/1003/1055
f 3882/2295/2392 3888/2307/2405 3885/1005/1057
f 3907/1006/1058 3939/2911/3045 3908/1180/4301
f 3913/2315/2414 3944/2506/3043 3930/4249/3967 3931/2317/2416
f 3927/1009/1061 3925/3749/3566 3924/2310/2408
f 3911/4553/249 3925/3749/3566 3927/1009/1061
f 3924/2310/2408 3920/2312/2410 3928/1016/1068
f 3938/2910/3044 3917/2912/3047 3939/2911/3045
f 3937/1012/1064 3934/2314/2413 3943/1190/2412
f 3912/1014/1066 3913/2315/2414 3934/2314/2413
f 3930/4249/3967 3923/1017/1069 3920/2312/2410 3931/2317/2416
f 3946/1180/4304 3945/2485/3970 3981/2829/3049 3978/2913/3048
f 3961/1024/1077 3966/1026/1080 3967/4510/4306 3958/4509/4305
f 3950/1019/1071 3970/2322/2421 3951/2321/2420
f 3967/4510/4306 3966/1026/1080 3965/1022/1075 3962/3759/3573
f 3949/4554/1074 3962/3759/3573 3965/1022/1075
f 3969/2813/3052 3961/1024/1077 3958/4509/4305 3970/2322/2421
f 3983/1224/4307 3977/2914/3050 3954/4251/3972 3955/4511/4308
f 3976/2915/3051 3951/2321/2420 3973/1970/2423
f 3977/2914/3050 3983/1224/4307 3978/2913/3048
f 3954/4251/3972 3976/2915/3051 3973/1970/2423 3955/4511/4308
f 3991/2325/2426 3990/4255/3974 4011/2920/3058 4017/1190/2424
f 4012/2756/3975 3990/4255/3974 3991/2325/2426 4013/1268/4310
f 4019/2506/3053 4004/1030/1084 4005/2329/2430 3987/2326/2427
f 4011/2920/3058 4008/2328/2429 4017/1190/2424
f 3987/2326/2427 4008/2328/2429 3986/1032/1087
f 4005/2329/2430 4004/1030/1084 3997/1027/1081 3994/2332/2433
f 4022/1240/2443 4021/1041/1096 4038/1044/1099 4039/4513/4312
f 3997/1027/1081 4002/2333/2434 3994/2332/2433
f 4000/2917/3055 3998/2916/3054 4002/2333/2434
f 4039/4513/4312 4038/1044/1099 4050/2501/3060 4028/2921/3059
f 4035/1045/1100 4036/2335/2436 4028/2921/3059
f 4034/2336/249 4036/2335/2436 4033/1034/1089
f 4047/1268/2438 4046/2756/3977 4025/1036/1091 4026/2338/2439
f 4051/2485/3979 4087/2829/3065 4084/2345/2448 4052/1180/4313
f 4042/2339/2440 4026/2338/2439 4045/1040/1095
f 4022/1240/2443 4042/2339/2440 4021/1041/1096
f 4079/1970/2446 4082/1051/1108 4091/2482/3066 4056/2342/2444
f 4092/1724/2452 4056/2342/2444 4055/1047/1103
f 4089/1224/2449 4083/1049/1106 4059/2629/3062 4060/2922/3061
f 4089/1224/2449 4084/2345/2448 4083/1049/1106
f 4092/1724/2452 4055/1047/1103 4075/2813/3064 4076/2346/2450
f 4079/1970/2446 4060/2922/3061 4082/1051/1108
f 4094/4257/3981 4112/1063/1123 4125/1724/2462 4095/4517/4316
f 4063/2349/2454 4076/2346/2450 4066/1053/1111
f 4071/1056/1114 4072/2351/2456 4063/2349/2454
f 4067/2923/3063 4072/2351/2456 4069/1059/1117
f 4098/1060/1118 4119/1062/1121 4116/4520/4319 4099/4519/4318
f 4116/4520/4319 4119/1062/1121 4094/4257/3981 4095/4517/4316
f 4108/2354/2459 4110/2353/2458 4107/2926/3068
f 4120/2756/3982 4098/1060/1118 4099/4519/4318 4121/1268/4320
f 4132/4522/4323 4131/4258/3986 4154/2519/3070 4150/2927/3069
f 4112/1063/1123 4113/2355/2460 4125/1724/2462
f 4105/1065/1126 4102/2357/2463 4113/2355/2460
f 4110/2353/2458 4102/2357/2463 4109/2925/3067
f 4147/2360/2466 4128/2362/2468 4127/1067/1128
f 4158/1180/4327 4157/2485/3987 4181/2932/3075 4182/2369/2475
f 4144/2363/2469 4135/2365/2471 4138/1070/1132
f 4143/2930/3073 4142/4524/4325 4139/2931/3074
f 4139/2931/3074 4144/2363/2469 4141/2929/3072
f 4135/2365/2471 4147/2360/2466 4146/1072/1134
f 4153/2928/3071 4128/2362/2468 4150/2927/3069
f 4161/1074/1136 4175/2934/3077 4176/2372/2478 4162/2376/2481
f 4178/2367/2473 4182/2369/2475 4165/1081/1143
f 4173/2370/2476 4176/2372/2478 4169/1077/1139
f 4171/1078/1140 4172/2373/1141 4173/2370/2476
f 4162/2376/2481 4178/2367/2473 4180/2933/3076
f 4190/2384/2490 4189/1089/1152 4205/1091/1154 4206/4526/4328
f 4212/2377/2482 4186/1180/2484 4185/1083/1145
f 4252/1108/1172 4266/1106/1170 4263/2405/2511 4253/2404/2510
f 4202/2381/2487 4203/2380/2486 4201/2935/3078
f 4205/1091/1154 4197/2387/2493 4206/4526/4328
f 4211/1085/1148 4194/2383/2489 4212/2377/2482
f 4193/1088/1151 4190/2384/2490 4194/2383/2489
f 4203/2380/2486 4197/2387/2493 4199/2936/3079
f 4240/2388/2494 4215/1180/2496 4214/1094/1157
f 4228/2392/2499 4230/2391/2498 4229/2939/3082
f 4239/2940/3083 4222/2394/2501 4240/2388/2494
f 4221/1095/1159 4236/2397/2504 4222/2394/2501
f 4219/2395/2502 4236/2397/2504 4218/1099/1163
f 4234/2399/2506 4219/2395/2502 4233/2937/3080
f 4230/2391/2498 4234/2399/2506 4226/2938/3081
f 4247/2400/1169 4256/2402/2508 4258/1103/1167
f 4254/2943/3087 4249/2407/2513 4260/2944/3088
f 4267/2941/3084 4268/2945/3089 4244/2942/3085
f 4253/2404/2510 4268/2945/3089 4252/1108/1172
f 4266/1106/1170 4248/1100/1164 4249/2407/2513 4263/2405/2511
f 4271/2485/3990 4298/1113/1177 4299/4528/4331 4272/1180/4330
f 4256/2402/2508 4254/2943/3087 4258/1103/1167
f 4280/1117/1181 4297/1119/1183 4294/2408/2514 4281/2410/2516
f 4291/1123/1187 4285/2947/3091 4283/2946/3090 4277/2411/2517
f 4275/4529/4332 4286/2948/3092 4288/1110/1174
f 4298/1113/1177 4280/1117/1181 4281/2410/2516 4299/4528/4331
f 4304/1180/4333 4303/2485/3991 4330/4264/3994 4331/4530/4334
f 4277/2411/2517 4294/2408/2514 4276/1120/1184
f 4286/2948/3092 4283/2946/3090 4289/1111/1175
f 4330/4264/3994 4311/1124/1188 4312/2414/2520 4331/4530/4334
f 4311/1124/1188 4327/2415/2521 4312/2414/2520
f 4319/2951/3095 4320/2416/2522 4324/2418/2524
f 4318/2420/2526 4320/2416/2522 4317/2953/3097
f 4308/2422/2528 4327/2415/2521 4329/2949/3093
f 4307/2950/3094 4323/2952/3096 4324/2418/2524 4308/2422/2528
f 4371/4533/4338 4370/4271/3998 4391/2958/3104 4396/1190/2550
f 4340/1127/1191 4355/2424/2530 4341/2426/2532
f 4341/2426/2532 4344/2430/2535 4360/2957/3102
f 4362/2956/3101 4336/2954/3098 4361/2955/3100
f 4344/2430/2535 4362/2956/3101 4343/1135/1199
f 4354/1134/1198 4352/2431/2536 4355/2424/2530
f 4366/1139/1203 4385/2434/2540 4367/1240/2539
f 4392/2756/3999 4370/4271/3998 4371/4533/4338 4393/1268/4341
f 4377/1142/1206 4382/2435/2541 4374/2437/2543
f 4365/2438/2544 4378/2440/2546 4381/2960/3106
f 4380/2959/3105 4378/2440/2546 4382/2435/2541
f 4384/1145/1209 4374/2437/2543 4385/2434/2540
f 4398/2482/3103 4366/1139/1203 4367/1240/2539 4388/2442/2548
f 4391/2958/3104 4388/2442/2548 4396/1190/2550
f 147/2980/3122 134/2968/3112 12/1154/1218 45/4273/4002
f 48/7/7 133/2962/3108 148/2983/3125
f 24/2963/3109 148/2983/3125 133/2962/3108
f 134/2968/3112 147/2980/3122 24/2979/3109 57/2969/3110
f 135/2971/3114 136/2973/3116 68/4555/4353 21/4556/4354
f 170/11/11 167/3849/2 131/15/15
f 168/2966/1230 131/15/15 167/3849/2
f 57/2964/3110 133/2962/3108 131/15/15
f 115/1147/1211 12/1154/1218 134/2968/3112
f 34/2970/3113 67/4296/4025 136/2973/3116
f 221/2975/3118 3/3864/3634 185/42/42 137/2976/3119
f 137/2976/3119 185/42/42 74/34/34 180/2986/3128
f 137/2976/3119 180/2986/3128 87/4557/4355 86/2974/3117
f 140/4558/4356 22/4559/4357 58/4560/4358 139/4561/4359
f 21/4562/4354 194/4563/4360 138/2977/3120
f 175/2978/3121 138/2977/3120 194/4563/4360
f 43/4291/4020 140/4558/4356 139/4561/4359
f 140/4558/4356 43/4291/4020 10/2972/3115 135/2971/3114
f 135/2971/3114 21/4556/4354 22/4559/4357 140/4558/4356
f 141/4564/4361 138/2977/3120 35/17/17 209/3857/3627
f 141/4564/4361 209/3857/3627 46/3855/3625 210/4565/4362
f 141/4564/4361 22/4566/4357 21/4562/4354 138/2977/3120
f 22/4566/4357 141/4564/4361 210/4565/4362
f 210/4565/4362 46/3855/3625 13/3854/3624 142/4567/4363
f 142/4567/4363 58/4568/4358 22/4566/4357 210/4565/4362
f 143/2981/3123 11/1165/1229 44/1162/1226 144/4569/4364
f 139/4561/4359 144/4569/4364 44/1162/1226 43/4291/4020
f 23/4570/4365 143/2981/3123 144/4569/4364
f 144/4569/4364 139/4561/4359 58/4560/4358 23/4570/4365
f 142/4567/4363 13/3854/3624 47/3859/3629 145/4571/4366
f 145/4571/4366 23/4572/4365 58/4568/4358 142/4567/4363
f 143/2981/3123 147/2980/3122 45/4273/4002 11/1165/1229
f 47/3859/3629 146/2984/3126 145/4571/4366
f 47/3859/3629 14/2982/3124 146/2984/3126
f 23/4572/4365 145/4571/4366 146/2984/3126
f 146/2984/3126 148/2983/3125 24/2963/3109 23/4572/4365
f 23/4570/4365 24/2979/3109 143/2981/3123
f 14/2982/3124 48/7/7 148/2983/3125
f 174/4573/4367 136/2973/3116 67/4296/4025 214/4297/4026
f 218/4574/4368 174/4573/4367 214/4297/4026 72/4285/4014
f 174/4573/4367 218/4574/4368 73/4575/4369 215/4576/4370
f 136/2973/3116 174/4573/4367 215/4576/4370 68/4555/4353
f 180/2986/3128 74/34/34 69/36/36 175/2978/3121
f 194/4563/4360 195/2985/3127 175/2978/3121
f 184/4577/4371 218/4574/4368 72/4285/4014 206/4283/4012
f 207/4578/4372 184/4577/4371 206/4283/4012 4/4282/4011
f 184/4577/4371 207/4578/4372 30/4579/3131 208/4580/3130
f 218/4574/4368 184/4577/4371 208/4580/3130 73/4575/4369
f 193/2987/3129 87/4557/4355 73/4581/4369 208/2988/3130
f 87/4557/4355 193/2987/3129 86/2974/3117
f 215/4582/4370 73/4581/4369 87/4557/4355 195/2985/3127
f 21/4562/4354 68/4583/4353 194/4563/4360
f 195/2985/3127 194/4563/4360 68/4583/4353
f 68/4583/4353 215/4582/4370 195/2985/3127
f 253/1198/1260 268/1199/1261 269/4584/56 272/3000/58
f 87/4557/4355 180/2986/3128 195/2985/3127
f 234/2993/3133 245/2994/46 235/2992/48
f 228/1179/1243 235/2992/48 227/4585/53
f 244/2991/3132 231/2990/55 245/2994/46
f 243/1186/1249 237/2995/51 231/2990/55
f 265/4586/61 258/1192/1255 260/1195/1257 261/2999/62
f 265/4586/61 259/3003/60 258/1192/1255
f 269/4584/56 268/1199/1261 281/3004/3137 259/3003/60
f 278/3001/3136 271/1188/1251 256/4587/68 277/3002/66
f 276/2998/3135 277/3002/66 249/2996/65
f 284/4588/3639 285/2997/4039 315/3006/3139 314/3005/3138
f 271/1188/1251 272/3000/58 256/4587/68
f 313/3007/3140 292/4311/4041 293/4589/72 316/4590/71
f 301/3872/3642 298/4310/3641 300/4309/4040
f 298/4310/3641 296/3008/3141 302/2488/2595
f 316/4590/71 314/3005/3138 313/3007/3140
f 292/4311/4041 308/4312/4042 309/4591/74 293/4589/72
f 309/4591/74 308/4312/4042 288/4314/4044 289/4592/3643
f 288/4314/4044 305/4316/4046 306/4593/3645 289/4592/3643
f 306/4593/3645 305/4316/4046 295/3009/3142 296/3008/3141
f 324/4594/76 323/1202/1264 319/3011/3143 320/3010/77
f 356/4595/3647 355/4318/4048 345/3018/3145 352/3017/3144
f 325/3012/78 320/3010/77 332/1207/1269
f 330/1205/1267 327/3013/80 325/3012/78
f 335/1212/1274 343/3016/83 336/4596/82
f 340/3015/84 343/3016/83 342/1210/1272
f 350/4597/249 349/4598/2601 348/1216/1277
f 362/4599/87 361/1223/1284 376/1225/1286 377/4600/88
f 349/4598/2601 352/3017/3144 348/1216/1277
f 374/4601/3649 358/3021/90 373/1220/1281
f 408/3463/4050 410/3001/4052 411/4590/96 409/4602/3650
f 373/1220/1281 365/3022/92 374/4601/3649
f 376/1225/1286 358/3021/90 377/4600/88
f 364/1227/1288 370/3020/93 365/3022/92
f 380/4321/2605 394/4603/2607 393/4322/4053
f 410/3001/4052 387/1229/1290 388/4604/94 411/4590/96
f 387/1229/1290 403/4323/4054 404/4605/98 388/4604/94
f 404/4605/98 403/4323/4054 383/3024/3147 384/3023/100
f 401/3025/101 413/3004/3148 390/1235/1297 391/4606/104
f 400/1232/1294 401/3025/101 384/3023/100
f 391/4606/104 390/1235/1297 396/1234/1296 397/4607/105
f 397/4607/105 396/1234/1296 393/4322/4053 394/4603/2607
f 418/1239/1302 435/3032/3155 443/4608/3654 419/4609/3653
f 422/4325/4056 438/1237/1299 439/4610/3657 423/4611/3656
f 439/4610/3657 438/1237/1299 418/1239/1302 419/4609/3653
f 479/3040/3160 459/4327/4058 460/4612/113 481/4590/112
f 435/3032/3155 436/3031/3154 443/4608/3654
f 425/1241/1304 426/3026/3149 436/3031/3154
f 432/3027/3150 430/3029/3152 426/3026/3149
f 480/3039/3159 452/4588/3659 453/1248/1310
f 472/3044/108 475/3041/107 456/3043/3162
f 482/4613/109 472/3044/108 471/1249/1312
f 481/4590/112 480/3039/3159 479/3040/3160
f 459/4327/4058 474/3042/3161 475/3041/107 460/4612/113
f 508/4614/3663 486/1257/1320 491/3046/3164 492/3045/3163
f 471/1249/1312 468/3036/3158 482/4613/109
f 464/3038/2618 468/3036/3158 463/1253/1316
f 508/4614/3663 485/4588/3662 486/1257/1320
f 502/3050/116 505/3052/115 501/3051/3167
f 487/1254/1317 498/3048/119 497/1255/1318
f 527/1264/1327 523/1263/1326 524/4615/125 517/4616/124
f 505/3052/115 492/3045/3163 504/3047/3165
f 495/4617/118 502/3050/116 494/3049/3166
f 494/3049/3166 498/3048/119 495/4617/118
f 528/3059/120 512/3057/122 511/3058/3169
f 515/1260/1323 531/3056/129 516/3055/3168
f 524/4615/125 523/1263/1326 518/2521/2629 519/3053/126
f 546/4334/4065 562/1278/1343 566/4618/136 547/4619/3667
f 517/4616/124 528/3059/120 527/1264/1327
f 512/3057/122 531/3056/129 530/1266/1329
f 516/3055/3168 536/4602/3665 535/1267/1331
f 567/3063/3170 542/1269/1333 543/4620/3669 563/3062/137
f 552/3060/132 550/3064/134 556/1275/1340
f 562/1278/1343 563/3062/137 566/4618/136
f 543/4620/3669 542/1269/1333 559/1276/1341 560/4621/3670
f 559/1276/1341 549/1272/1337 550/3064/134 560/4621/3670
f 572/1280/1346 577/1282/1349 578/4622/142 571/4623/3672
f 585/3066/140 580/4624/139 586/1289/1356
f 582/1283/1350 583/4625/1352 585/3066/140
f 580/4624/139 587/3065/145 586/1289/1356
f 577/1282/1349 575/1287/1354 589/4626/143 578/4622/142
f 606/4590/147 605/3001/4066 603/1290/1357 604/4627/148
f 575/1287/1354 587/3065/145 589/4626/143
f 604/4627/148 603/1290/1357 593/3068/3171 601/3067/150
f 613/1296/1363 609/3072/3172 610/3071/154 614/4628/3673
f 599/4335/152 601/3067/150 596/1294/1361
f 750/4343/4071 741/3102/3191 742/3101/3190 751/4629/3681
f 616/1298/1365 618/3070/155 610/3071/154
f 626/3075/3175 624/3074/3173 631/1304/1370
f 627/1302/1368 628/3073/2638 626/3075/3175
f 645/4338/162 649/4630/161 648/4339/4069
f 657/4631/249 660/4632/2642 659/1310/1374
f 660/4632/2642 662/3083/3179 659/1310/1374
f 669/1314/1378 666/3085/3180 670/4633/2646
f 671/3914/3677 673/3086/170 672/1316/1380
f 677/1317/1381 673/3086/170 675/4634/169
f 681/1319/249 680/4635/2647 679/1320/1383
f 680/4635/2647 683/3087/3181 679/1320/1383
f 685/4341/2649 688/4636/2650 687/1323/1386
f 688/4636/2650 691/3088/3182 687/1323/1386
f 695/3089/171 697/3083/173 694/1327/1389
f 704/1333/1395 707/4637/2652 706/1334/1396
f 707/4637/2652 710/4342/3679 706/1334/1396
f 711/1337/174 714/4638/176 713/1338/1399
f 714/4638/176 716/3091/177 713/1338/1399
f 721/3092/2656 726/3094/3184 720/1342/1403
f 729/3096/2658 734/3099/3188 728/3097/3186
f 736/4639/178 739/4640/180 735/1344/1405
f 740/4345/249 746/4641/3675 745/1346/1407
f 746/4641/3675 742/3101/3190 745/1346/1407
f 756/4348/4075 752/2557/2662 753/4642/181 757/4643/183
f 767/4346/4073 760/1350/1410 761/4644/188 768/4645/3682
f 785/4646/3684 784/4351/4078 775/3107/3194 781/3106/3193
f 760/1350/1410 763/3103/186 761/4644/188
f 796/4353/4080 787/3110/3197 788/3109/3196 797/4647/3688
f 779/3105/2664 781/3106/3193 778/1356/1416
f 792/3108/3195 788/3109/3196 791/1359/1419
f 808/4648/3690 807/4356/4083 800/3113/3199 804/3112/3198
f 828/4649/3693 827/1371/1431 830/1369/1429 831/4650/2673
f 803/3111/2666 804/3112/3198 802/1362/1422
f 811/3114/3200 810/4651/2670 809/3115/3201
f 820/3118/189 825/4652/191 823/3119/3204
f 830/1369/1429 832/4653/1428 831/4650/2673
f 837/4654/3692 836/4357/4084 827/1371/1431 828/4649/3693
f 854/4359/4086 840/3124/3208 841/4655/193 855/4656/3695
f 840/3124/3208 851/3123/194 841/4655/193
f 848/3122/3207 845/3125/3209 844/1373/1433
f 850/1376/1436 845/3125/3209 851/3123/194
f 867/4657/3697 866/4362/4089 863/1379/1439 856/4658/3698
f 860/2572/2676 859/3126/3210 858/1378/1438
f 877/4659/3701 876/4364/4091 870/1382/1441 871/3127/197
f 863/1379/1439 859/3126/3210 856/4658/3698
f 883/4660/200 882/4369/4096 879/2576/2680 880/4661/198
f 895/4662/3702 894/4365/4092 886/3131/3212 887/4663/203
f 912/4664/3705 911/4371/4098 904/3136/3215 905/3135/209
f 886/3131/3212 890/3128/201 887/4663/203
f 896/3133/3213 898/3132/206 901/4665/205
f 907/1385/1443 902/1384/207 905/3135/209
f 924/4666/3709 923/4373/4100 920/3138/3216 913/4667/211
f 918/1387/1445 916/3137/212 915/1388/1446
f 947/4375/4102 932/3140/3217 933/3139/220 948/4668/3710
f 920/3138/3216 916/3137/212 913/4667/211
f 929/4374/4101 926/4669/213 925/4670/215
f 930/4545/216 937/3141/218 939/1390/1448
f 958/4379/4105 953/4378/4104 957/4671/224 950/4672/3714
f 943/1394/1452 944/3142/221 933/3139/220
f 937/3141/218 944/3142/221 936/1391/1449
f 956/4377/225 957/4671/224 953/4378/4104
f 961/4381/4107 958/4379/4105 950/4672/3714 962/4673/3713
f 974/4384/4110 964/3144/3218 965/4674/228 975/4675/3715
f 971/4676/1454 969/3143/229 968/1397/1455
f 978/4387/4112 981/4385/4111 982/4677/231 979/4678/234
f 964/3144/3218 969/3143/229 965/4674/228
f 981/4385/4111 984/4386/232 982/4677/231
f 989/4679/3718 988/4389/4114 978/4387/4112 979/4678/234
f 994/4680/3724 993/1400/1458 992/1399/1457 990/4681/2689
f 1004/4391/4116 1008/1405/1463 1009/3146/3219 1005/4682/3722
f 999/1403/1461 997/3145/2691 1001/4683/3725
f 1013/4394/4119 1004/4391/4116 1005/4682/3722 1014/4684/3727
f 1019/4685/3731 1018/1409/1467 1015/1408/1466 1016/4686/2694
f 1040/4687/3733 1039/4396/4121 1029/3149/3221 1030/3148/3220
f 1036/4688/1472 1034/4689/3729 1033/1416/1473
f 1034/4689/3729 1030/3148/3220 1033/1416/1473
f 1099/4690/246 1098/4397/4122 1108/3163/3230 1100/3162/244
f 1042/3150/2697 1046/4691/3735 1045/1420/1477
f 1054/3152/239 1058/4692/3734 1057/1425/1483
f 1051/4693/240 1054/3152/239 1050/1427/1484
f 1057/1425/1483 1058/4692/3734 1049/3151/3222
f 1066/4694/1485 1064/3154/243 1065/1429/1486
f 1064/3154/243 1062/3153/242 1063/1433/1491
f 1076/4695/1492 1074/3156/3224 1075/1435/1493
f 1081/3155/3223 1083/4696/3736 1072/1438/1496
f 1074/3156/3224 1081/3155/3223 1073/1440/1498
f 1087/3161/3229 1085/3159/3227 1094/3158/3226
f 1086/1442/1500 1089/3157/3225 1087/3161/3229
f 1102/1444/1502 1101/4697/247 1105/1445/1503
f 1111/4398/4123 1113/3165/3231 1120/4698/254 1112/4699/253
f 1105/1445/1503 1101/4697/247 1100/3162/244
f 1117/3164/251 1120/4698/254 1113/3165/3231
f 1114/1447/1505 1115/4700/249 1117/3164/251
f 1161/4701/3737 1160/1463/1520 1170/3180/3239 1163/3179/268
f 1124/3166/3232 1136/3169/257 1125/3167/256
f 1126/1450/1507 1132/3171/3235 1127/3170/258
f 1129/1454/1511 1121/4702/1510 1132/3171/3235
f 1127/3170/258 1136/3169/257 1135/3168/3234
f 1141/3176/3238 1154/3177/262 1142/3175/261
f 1148/1456/1513 1147/3174/266 1146/1457/1514
f 1144/3173/264 1154/3177/262 1153/1460/1517
f 1150/3172/3236 1147/3174/266 1144/3173/264
f 1180/3181/3240 1174/1468/1525 1173/4703/273 1181/3182/270
f 1162/1466/1523 1165/3178/269 1163/3179/268
f 1175/4704/1527 1173/4703/273 1174/1468/1525
f 1181/3182/270 1183/4696/272 1172/1471/1528
f 1185/4400/4127 1187/1476/1534 1195/4705/275 1186/4706/277
f 1190/1475/1533 1188/3183/3241 1189/1473/1531
f 1217/4707/279 1216/3195/4128 1227/3190/3246 1228/3189/280
f 1187/1476/1534 1188/3183/3241 1195/4705/275
f 1198/3185/3243 1207/3184/3242 1208/4696/3740
f 1206/1478/1536 1199/3187/3245 1207/3184/3242
f 1234/3195/4130 1244/1492/1549 1231/3192/290 1235/4707/289
f 1223/3191/283 1226/3188/287 1218/1484/1542
f 1219/1487/1544 1220/4708/281 1223/3191/283
f 1212/1481/1539 1213/4709/285 1228/3189/280
f 1212/1481/1539 1226/3188/287 1213/4709/285
f 1267/4710/303 1266/4401/4129 1275/1506/1563 1263/4711/304
f 1243/1495/1552 1236/4712/292 1231/3192/290
f 1243/1495/1552 1238/3193/293 1236/4712/292
f 1260/1501/1558 1247/3197/297 1251/3194/296
f 1259/1499/1556 1254/3198/299 1247/3197/297
f 1253/1496/1553 1256/3196/301 1254/3198/299
f 1273/4713/2726 1272/3199/305 1271/1503/1560
f 1281/4402/4131 1277/1508/1565 1278/3201/310 1282/4714/312
f 1275/1506/1563 1270/3200/307 1263/4711/304
f 1269/1504/1561 1272/3199/305 1270/3200/307
f 1286/1514/1571 1285/3202/308 1284/1513/1570
f 1285/3202/308 1278/3201/310 1283/1511/1568
f 1312/3195/4132 1326/1522/1580 1327/4715/3742 1313/4707/3741
f 1297/1516/1573 1306/3206/315 1298/4707/314
f 1294/1518/1576 1305/3205/316 1306/3206/315
f 1301/3203/318 1305/3205/316 1300/1520/1578
f 1350/1537/1595 1346/3218/3254 1347/3217/3253 1351/4716/3745
f 1318/4717/2734 1317/3208/320 1316/1529/1587
f 1309/3209/3248 1327/4715/3742 1326/1522/1580
f 1324/1525/1583 1315/3207/322 1309/3209/3248
f 1321/1530/1588 1317/3208/320 1315/3207/322
f 1342/3212/323 1343/3210/325 1330/3211/3249
f 1333/1534/1592 1343/3210/325 1334/4707/3744
f 1336/1532/1590 1340/3213/327 1342/3212/323
f 1337/3214/3250 1338/4718/2738 1340/3213/327
f 1363/3195/4134 1373/1547/1605 1374/4719/330 1364/4707/329
f 1355/3215/3251 1347/3217/3253 1352/3216/3252
f 1398/4707/3746 1397/3195/4135 1411/1562/1620 1412/3228/350
f 1366/1543/1601 1367/3220/2742 1365/3221/331
f 1371/1545/1603 1365/3221/331 1372/3219/333
f 1373/1547/1605 1372/3219/333 1374/4719/330
f 1379/1552/1610 1391/3222/337 1380/4707/336
f 1376/1549/1607 1389/3223/339 1391/3222/337
f 1381/1556/1614 1386/3224/340 1389/3223/339
f 1384/1553/342 1386/3224/340 1383/1554/1612
f 1410/3225/348 1409/3227/3256 1400/1558/1616 1401/3229/345
f 1404/1561/1619 1403/4720/346 1402/1560/1618
f 1402/1560/1618 1403/4720/346 1401/3229/345
f 1425/4721/3747 1424/4404/4136 1415/1566/1624 1416/4722/352
f 1394/3226/3255 1410/3225/348 1412/3228/350
f 1443/1574/1632 1439/1571/1629 1440/3235/3260 1444/4723/3749
f 1415/1566/1624 1418/3230/353 1416/4722/352
f 1446/4696/3750 1445/3063/4141 1433/1569/1627 1434/4724/3751
f 1434/4724/3751 1433/1569/1627 1443/1574/1632 1444/4723/3749
f 1483/1591/1648 1479/1589/1646 1480/4725/2758 1484/4726/3754
f 1449/4727/1635 1450/4728/2753 1448/1575/1633
f 1455/3237/354 1457/3238/356 1454/1579/1636
f 1460/4729/1639 1461/4730/2754 1459/1583/1640
f 1463/1585/1642 1466/4731/357 1465/1586/1643
f 1466/4731/357 1468/3239/359 1465/1586/1643
f 1475/3243/3262 1472/3242/362 1476/4633/361
f 1477/1588/1645 1480/4725/2758 1479/1589/1646
f 1531/4406/4138 1528/3254/3264 1524/4732/380 1532/4733/3753
f 1495/4734/1655 1494/4735/366 1493/1596/1653
f 1494/4735/366 1497/3246/368 1493/1596/1653
f 1509/2661/2763 1507/3249/374 1506/2660/2762
f 1512/3250/3263 1507/3249/374 1510/4634/373
f 1513/1605/1661 1517/4736/3755 1514/1603/1659
f 1542/4411/4143 1535/3257/3265 1536/3256/383 1543/4737/3756
f 1528/3254/3264 1526/3253/379 1524/4732/380
f 1539/3255/381 1536/3256/383 1538/1609/1664
f 1553/4412/4144 1545/3259/3266 1546/3258/387 1554/4738/3758
f 1557/4739/390 1572/3262/3267 1570/1622/1674 1571/3261/388
f 1591/4740/402 1590/1629/1681 1587/3269/3271 1583/3268/403
f 1557/4739/390 1561/3263/3268 1572/3262/3267
f 1560/1620/1671 1561/3263/3268 1574/4590/3760
f 1562/1624/1676 1568/3260/395 1571/3261/388
f 1591/4740/402 1578/3267/400 1590/1629/1681
f 1581/1626/1678 1594/3266/398 1582/3264/397
f 1593/3265/3270 1578/3267/400 1594/3266/398
f 1600/4741/3762 1616/1637/1688 1613/1639/1690 1614/4742/411
f 1604/1631/1683 1606/1634/1686 1607/3270/409 1605/3274/412
f 1602/3272/3273 1617/3273/406 1603/3271/405
f 1605/3274/412 1614/4742/411 1613/1639/1690
f 1600/4741/3762 1617/3273/406 1616/1637/1688
f 1630/1647/1698 1634/1644/1695 1635/4743/421 1631/4744/420
f 1624/1641/1692 1639/3278/416 1625/3277/415
f 1636/1643/1694 1635/4743/421 1634/1644/1695
f 1630/1647/1698 1631/4744/420 1639/3278/416
f 1641/1648/1699 1625/3277/415 1642/3275/418
f 1628/3276/3274 1642/3275/418 1644/4590/3764
f 1679/3283/433 1678/3284/3276 1676/1659/1712 1677/3285/434
f 1649/1653/1704 1656/3281/424 1658/4590/423
f 1655/3280/3275 1651/3279/426 1656/3281/424
f 1650/4745/427 1651/3279/426 1654/1650/1701
f 1662/1655/1707 1682/3282/431 1661/4588/430
f 1690/4746/443 1689/1668/1722 1702/3292/3278 1694/3291/444
f 1668/1662/1715 1679/3283/433 1682/3282/431
f 1672/1656/1709 1673/3286/438 1677/3285/434
f 1670/1658/1711 1663/4747/436 1673/3286/438
f 1686/1663/1716 1708/3289/440 1685/4588/3765
f 1692/1666/1720 1704/3290/441 1708/3289/440
f 1690/4746/443 1704/3290/441 1689/1668/1722
f 1750/4748/463 1749/3300/3283 1744/1677/1732 1742/4749/457
f 1693/3288/3277 1697/3287/445 1694/3291/444
f 1712/1669/1723 1717/3295/449 1711/4750/448
f 1727/1674/1729 1714/3293/450 1717/3295/449
f 1718/3297/453 1714/3293/450 1726/3294/3279
f 1723/1672/1727 1719/3298/454 1718/3297/453
f 1744/1677/1732 1746/4751/458 1742/4749/457
f 1753/1681/1735 1741/3303/460 1733/3299/3281
f 1751/1685/1739 1738/3301/461 1741/3303/460
f 1750/4748/463 1738/3301/461 1749/3300/3283
f 1757/4752/3768 1756/1692/1749 1782/3307/3287 1776/3306/3286
f 1760/4416/4149 1778/1689/1745 1779/4753/3771 1761/4754/3770
f 1778/1689/1745 1756/1692/1749 1757/4752/3768 1779/4753/3771
f 1769/4419/467 1772/3305/466 1766/3304/3285
f 1764/3308/469 1776/3306/3286 1775/1688/1743
f 1787/4755/3774 1786/4420/4151 1811/3307/3289 1806/3309/3288
f 1772/3305/466 1764/3308/469 1763/1686/1741
f 1791/4756/3777 1790/4422/4153 1808/4425/4156 1809/4757/3778
f 1808/4425/4156 1786/4420/4151 1787/4755/3774 1809/4757/3778
f 1783/4547/470 1798/4758/472 1797/4429/4160
f 1805/1696/1753 1794/3310/475 1806/3309/3288
f 1793/1693/1750 1801/1695/1752 1802/4759/473 1794/3310/475
f 1801/1695/1752 1797/4429/4160 1798/4758/472 1802/4759/473
f 1819/4426/4157 1837/1704/1762 1841/4618/480 1820/4760/3782
f 1835/3315/478 1816/4761/483 1815/3316/3293
f 1842/3063/3292 1815/3316/3293 1816/4761/483 1838/3314/481
f 1844/4613/476 1835/3315/478 1834/1702/1759
f 1837/1704/1762 1838/3314/481 1841/4618/480
f 1844/4613/476 1834/1702/1759 1822/1698/1755 1823/4762/3784
f 1852/4430/4161 1873/3323/3298 1871/3322/3297 1853/4763/3785
f 1822/1698/1755 1831/3313/3291 1823/4762/3784
f 1826/3311/3290 1831/3313/3291 1825/1701/1758
f 1856/4764/485 1855/4432/4163 1864/3321/3296 1862/3320/486
f 1868/4765/491 1867/3318/3295 1855/4432/4163 1856/4764/485
f 1874/4696/493 1870/1709/1767 1848/3024/3294 1849/3317/494
f 1874/4696/493 1871/3322/3297 1870/1709/1767
f 1884/4766/3788 1883/4434/4166 1906/3323/3302 1903/3325/3301
f 1868/4765/491 1849/3317/494 1867/3318/3295
f 1900/4765/503 1899/1716/1774 1909/3004/3304 1887/3327/497
f 1886/1712/1770 1896/3328/495 1887/3327/497
f 1876/4548/501 1890/3329/498 1892/4435/4167
f 1895/1714/1772 1893/3330/500 1896/3328/495
f 1907/4696/3790 1902/3326/3303 1879/3024/3300 1880/3324/3299
f 1902/3326/3303 1907/4696/3790 1903/3325/3301
f 1913/3334/3306 1931/1723/1783 1932/4767/3792 1914/4761/510
f 1900/4765/503 1880/3324/3299 1899/1716/1774
f 1932/4767/3792 1931/1723/1783 1943/3004/3310 1921/3337/3309
f 1941/4618/509 1918/3335/3307 1917/1719/1778
f 1928/3338/3311 1921/3337/3309 1920/3336/3308
f 1924/1725/506 1928/3338/3311 1927/1726/1785
f 1941/4618/509 1917/1719/1778 1934/3333/3305 1935/3332/507
f 1939/1721/1780 1918/3335/3307 1940/4602/3795
f 1975/4618/513 1950/1728/1788 1967/3333/3313 1968/3341/514
f 1914/4761/510 1935/3332/507 1913/3334/3306
f 1975/4618/513 1951/3342/3314 1950/1728/1788
f 1953/1731/1791 1960/3346/3318 1954/3344/3317
f 1957/1734/1794 1959/4768/1793 1958/4769/3798
f 1957/1734/1794 1958/4769/3798 1960/3346/3318
f 1983/4707/3800 1982/3195/4173 1998/3352/3321 1999/3351/520
f 1946/1736/1796 1947/3340/516 1968/3341/514
f 1964/3339/3312 1965/3345/517 1947/3340/516
f 2007/3195/4176 2023/4442/4179 2024/4770/3806 2008/4707/3805
f 1990/4077/3804 1988/3355/3324 1987/3354/3323
f 1991/1738/1799 1988/3355/3324 1992/3353/3322
f 1978/3349/3320 1979/3348/521 1999/3351/520
f 1995/3347/3319 1996/3350/522 1979/3348/521
f 1985/1739/1800 1992/3353/3322 1996/3350/522
f 2023/4442/4179 2003/3357/3325 2026/4696/525 2024/4770/3806
f 2016/1747/1808 2011/1746/1807 2012/3359/531 2017/3361/530
f 2003/3357/3325 2004/3356/526 2026/4696/525
f 2020/1742/1803 2021/3360/528 2004/3356/526
f 2017/3361/530 2021/3360/528 2009/1745/1806
f 2036/3365/3327 2040/1749/1810 2041/4771/537 2037/3364/535
f 2033/3367/3330 2047/3368/3331 2034/3366/3328
f 2042/1748/1809 2041/4771/537 2040/1749/1810
f 2029/1753/1814 2030/3362/534 2047/3368/3331
f 2046/3363/3326 2037/3364/535 2030/3362/534
f 2069/3369/543 2068/3371/3333 2059/3375/3336 2060/4772/541
f 2059/3375/3336 2065/3374/540 2060/4772/541
f 2063/2713/538 2065/3374/540 2062/1756/1817
f 2080/4707/548 2079/3195/4183 2090/3379/3338 2091/3378/545
f 2056/1759/1820 2057/3372/3334 2074/4590/3810
f 2071/3373/3335 2057/3372/3334 2070/1761/1823
f 2053/3370/3332 2069/3369/543 2071/3373/3335
f 2087/1763/1825 2088/3380/546 2091/3378/545
f 2109/4773/553 2097/1766/1828 2093/3382/3339 2094/3381/554
f 2082/3377/3337 2084/3376/2817 2088/3380/546
f 2109/4773/553 2098/4707/3813 2097/1766/1828
f 2102/1772/1834 2104/4774/551 2103/1773/1835
f 2104/4774/551 2100/3383/550 2103/1773/1835
f 2100/3383/550 2094/3381/554 2099/1770/1832
f 2164/3195/4186 2160/1792/1853 2161/4775/568 2165/4707/570
f 2120/3386/2823 2118/3388/555 2123/1774/1836
f 2127/3385/3342 2113/3387/557 2117/3384/3340
f 2125/1778/1839 2118/3388/555 2113/3387/557
f 2135/4776/2828 2134/3391/558 2137/1782/1843
f 2134/3391/558 2129/3389/560 2140/1780/1841
f 2129/3389/560 2133/3390/562 2141/1784/1845
f 2149/1790/1851 2153/4777/565 2156/3395/564
f 2149/1790/1851 2150/4778/1852 2153/4777/565
f 2158/3393/3346 2144/3394/567 2148/3392/3344
f 2156/3395/564 2144/3394/567 2155/1787/1848
f 2161/4775/568 2160/1792/1853 2173/1796/1857 2166/3396/571
f 2204/4444/4188 2201/3404/3348 2202/3403/580 2205/4779/579
f 2170/3397/3347 2167/3398/2831 2166/3396/571
f 2179/1797/1858 2176/3401/574 2180/4707/3814
f 2182/3402/575 2176/3401/574 2188/1800/1861
f 2181/1803/1864 2184/3400/577 2182/3402/575
f 2194/4707/582 2193/3195/4190 2204/4444/4188 2205/4779/579
f 2241/4780/602 2240/4446/4192 2237/1822/1882 2248/4781/603
f 2197/1807/1868 2196/4782/584 2195/1805/1866
f 2196/4782/584 2202/3403/580 2195/1805/1866
f 2207/3405/587 2211/3406/586 2218/1809/1870
f 2212/4783/588 2207/3405/587 2217/1811/1872
f 2217/1811/1872 2214/1814/590 2212/4783/588
f 2234/1819/1879 2221/3407/591 2225/3408/593
f 2233/1821/1881 2226/3409/595 2221/3407/591
f 2230/1816/1876 2227/3410/596 2226/3409/595
f 2237/1822/1882 2242/3413/3351 2243/3412/599 2248/4781/603
f 2306/3063/4196 2292/1831/1891 2293/4784/626 2307/4696/3815
f 2254/3415/3352 2263/3414/606 2255/4707/605
f 2259/2737/2841 2260/4785/2840 2258/3419/610
f 2251/3416/3353 2262/3417/608 2263/3414/606
f 2257/3418/3354 2258/3419/610 2262/3417/608
f 2266/1825/1885 2275/3420/611 2267/4786/613
f 2272/1829/1889 2270/4787/616 2269/3421/615
f 2268/1828/1888 2269/3421/615 2275/3420/611
f 2282/4788/2846 2281/3427/620 2280/2743/2847
f 2285/3426/3357 2281/3427/620 2279/3425/619
f 2279/3425/619 2289/3422/622 2288/3424/3356
f 2278/3423/3355 2289/3422/622 2290/4449/624
f 2293/4784/626 2292/1831/1891 2304/1838/1897 2305/4789/627
f 2305/4789/627 2304/1838/1897 2295/1834/1894 2301/3428/628
f 2355/4790/647 2354/1858/1917 2349/1855/1914 2350/3438/645
f 2312/1844/1903 2311/3430/3358 2313/1845/1904
f 2319/4791/634 2310/3429/633 2318/1842/1901
f 2318/1842/1901 2311/3430/3358 2319/4791/634
f 2323/1847/1906 2333/3431/637 2324/4792/636
f 2329/2744/2849 2328/3432/638 2327/1849/1908
f 2331/1850/1909 2328/3432/638 2326/4793/640
f 2331/1850/1909 2326/4793/640 2333/3431/637
f 2336/3436/643 2335/3434/642 2343/3435/3360
f 2337/1853/1912 2338/3433/644 2336/3436/643
f 2355/4790/647 2348/3439/3361 2354/1858/1917
f 2401/4450/4197 2418/1876/1934 2419/4794/658 2402/4795/657
f 2363/3440/3363 2361/3442/2854 2360/3441/648
f 2366/1860/1919 2360/3441/648 2359/3444/650
f 2387/3448/653 2370/3454/3372 2386/1863/1922
f 2389/3452/3370 2374/3449/3367 2373/3451/3369
f 2370/3454/3372 2389/3452/3370 2388/3453/3371
f 2393/3450/3368 2374/3449/3367 2394/4602/3818
f 2377/3445/651 2387/3448/653 2376/3446/3366
f 2383/1867/1925 2379/3447/655 2377/3445/651
f 2419/4794/658 2418/1876/1934 2397/1879/1938 2398/3455/663
f 2403/1870/1928 2412/3458/661 2404/3456/660
f 2407/1873/1931 2409/3122/2864 2410/4796/2863
f 2408/1875/1933 2409/3122/2864 2407/1873/1931
f 2407/1873/1931 2410/4796/2863 2412/3458/661
f 2415/3457/3374 2404/3456/660 2416/4765/667
f 2424/4602/665 2423/3463/4199 2401/4450/4197 2402/4795/657
f 2426/3307/3373 2415/3457/3374 2416/4765/667 2398/3455/663
f 2449/4797/677 2448/1884/1943 2456/3063/3379 2430/3464/670
f 2446/3467/668 2430/3464/670 2429/3465/3380
f 2437/4798/672 2436/3468/674 2442/1881/1940
f 2439/3461/673 2437/4798/672 2442/1881/1940
f 2445/3466/3381 2436/3468/674 2446/3467/668
f 2460/2997/4203 2489/4454/4206 2490/4799/3820 2459/4588/3819
f 2433/3460/3376 2434/3459/3375 2454/3462/3377
f 2449/4797/677 2434/3459/3375 2448/1884/1943
f 2464/4761/3823 2463/3470/3384 2481/4456/4208 2482/4800/3824
f 2482/4800/3824 2481/4456/4208 2470/1885/1945 2471/4801/679
f 2494/4618/3826 2468/3471/3385 2467/3472/3387
f 2470/1885/1945 2478/3473/680 2471/4801/679
f 2474/4457/682 2478/3473/680 2477/1887/1947
f 2490/4799/3820 2489/4454/4206 2492/3001/3386 2468/3471/3385
f 2494/4618/3826 2467/3472/3387 2484/3333/3383 2485/3469/3382
f 2502/1898/1958 2515/1899/1959 2516/3476/685 2519/3477/684
f 2464/4761/3823 2485/3469/3382 2463/3470/3384
f 2525/3001/3391 2518/1888/1948 2505/4802/3827 2524/3478/3392
f 2499/1894/1954 2509/4803/2884 2508/1895/1955
f 2523/3474/3388 2524/3478/3392 2497/3475/3389
f 2511/1891/1951 2508/1895/1955 2509/4803/2884 2512/3479/3393
f 2518/1888/1948 2519/3477/684 2505/4802/3827
f 2512/3479/3393 2516/3476/685 2506/1892/1952
f 2529/2997/4212 2559/3006/3401 2558/3485/3400 2528/4588/3829
f 2557/1903/1963 2536/1901/1961 2537/4804/688 2560/4590/687
f 2560/4590/687 2558/3485/3400 2557/1903/1963
f 2536/1901/1961 2552/3333/3399 2553/3484/3398 2537/4804/688
f 2563/3004/3396 2539/1909/1970 2540/4805/3833 2550/3483/3397
f 2532/1905/1965 2533/3480/3394 2553/3484/3398
f 2550/3483/3397 2533/3480/3394 2549/1907/1968
f 2566/4588/3835 2567/2997/4215 2598/3006/3404 2597/3488/3403
f 2539/1909/1970 2545/3482/2888 2540/4805/3833
f 2544/4459/2887 2545/3482/2888 2542/3481/3395
f 2578/1921/1984 2585/1916/1979 2584/4806/694 2579/4807/693
f 2571/1913/1974 2589/3490/691 2572/4761/690
f 2588/3489/3405 2578/1921/1984 2579/4807/693 2589/3490/691
f 2585/1916/1979 2582/3486/3402 2584/4806/694
f 2599/4590/697 2596/1919/1982 2575/1914/1976 2576/4808/698
f 2596/1919/1982 2599/4590/697 2597/3488/3403
f 2575/1914/1976 2591/4461/4218 2592/4809/3839 2576/4808/698
f 2591/4461/4218 2571/1913/1974 2572/4761/690 2592/4809/3839
f 2610/1934/1997 2624/1935/1998 2625/4810/3841 2611/4811/704
f 2627/1930/1993 2610/1934/1997 2611/4811/704 2628/4812/703
f 2607/1926/699 2617/3493/701 2616/1925/1989
f 2621/1923/1987 2617/3493/701 2614/3492/3407
f 2624/1935/1998 2614/3492/3407 2625/4810/3841
f 2631/1928/1991 2627/1930/1993 2628/4812/703 2632/4813/705
f 2631/1928/1991 2632/4813/705 2605/3491/707
f 2667/3001/3414 2643/1936/2000 2644/4814/710 2666/3499/3415
f 2665/3494/3408 2666/3499/3415 2635/3495/3409
f 2643/1936/2000 2660/4462/4220 2661/4815/711 2644/4814/710
f 2661/4815/711 2660/4462/4220 2639/3024/3411 2640/3496/713
f 2670/3004/3412 2646/1939/2003 2647/4816/715 2658/3498/3413
f 2657/1944/2008 2658/3498/3413 2640/3496/713
f 2673/4588/3842 2674/2997/4221 2706/3006/3420 2705/3502/3419
f 2646/1939/2003 2654/3497/716 2647/4816/715
f 2648/1942/2006 2649/1941/2005 2654/3497/716
f 2678/4761/723 2677/3501/3418 2708/3307/3422 2697/3503/3421
f 2707/4590/718 2704/1956/2022 2681/1946/2011 2682/4817/719
f 2688/1949/2014 2691/3122/3416 2689/3506/3424
f 2689/3506/3424 2685/3504/726 2693/1952/2017
f 2710/4613/725 2697/3503/3421 2696/1954/2020
f 2704/1956/2022 2707/4590/718 2705/3502/3419
f 2681/1946/2011 2699/3333/3417 2700/3500/721 2682/4817/719
f 2710/4613/725 2696/1954/2020 2684/3505/3423 2685/3504/726
f 2678/4761/723 2700/3500/721 2677/3501/3418
f 2715/4818/728 2714/1963/2030 2731/1964/2032 2732/4819/729
f 2719/4820/731 2718/1959/2025 2734/1961/2028 2735/4821/732
f 2731/1964/2032 2721/3509/3426 2739/4613/736 2732/4819/729
f 2735/4821/732 2734/1961/2028 2714/1963/2030 2715/4818/728
f 2783/1982/2051 2779/1981/2050 2780/3523/745 2784/3527/746
f 2721/3509/3426 2728/3508/739 2739/4613/736
f 2723/3510/735 2728/3508/739 2727/3507/3425
f 2754/1965/2033 2753/3518/3434 2752/1966/2034
f 2746/1969/2037 2747/3514/3430 2767/4590/3847
f 2763/1971/2040 2764/3520/3436 2747/3514/3430
f 2742/3513/3429 2743/3512/3428 2764/3520/3436
f 2761/3519/3435 2743/3512/3428 2760/3511/3427
f 2749/3517/3433 2750/3516/3432 2761/3519/3435
f 2757/3515/3431 2753/3518/3434 2750/3516/3432
f 2790/1973/2042 2791/3525/742 2776/3526/741
f 2773/3521/3437 2791/3525/742 2772/1976/2045
f 2788/3524/3438 2773/3521/3437 2787/1977/2046
f 2777/1980/2049 2784/3527/746 2788/3524/3438
f 2816/1991/2061 2799/1992/2062 2800/4822/749 2804/3528/751
f 2799/1992/2062 2814/3530/747 2800/4822/749
f 2813/3531/3440 2806/3532/754 2814/3530/747
f 2823/4588/3857 2824/2997/4225 2856/2003/2073 2857/4823/3858
f 2803/1989/2058 2804/3528/751 2819/4590/3854
f 2805/1984/2053 2809/3529/752 2806/3532/754
f 2856/2003/2073 2832/2006/2076 2859/4590/3860 2857/4823/3858
f 2825/2000/2070 2840/4824/3861 2839/1997/2067
f 2849/3536/759 2861/3004/3443 2835/1994/2064 2836/4825/761
f 2832/2006/2076 2833/3535/3442 2859/4590/3860
f 2851/2008/2078 2852/3537/756 2833/3535/3442
f 2828/2009/2080 2829/3533/757 2852/3537/756
f 2849/3536/759 2829/3533/757 2848/3534/3441
f 2835/1994/2064 2844/2001/2071 2845/4826/762 2836/4825/761
f 2844/2001/2071 2839/1997/2067 2840/4824/3861 2845/4826/762
f 2868/4465/4228 2890/3323/3444 2886/3538/765 2869/4827/3863
f 2879/4828/769 2871/2017/2089 2873/2013/2085 2874/4829/2922
f 2876/2012/2084 2874/4829/2922 2873/2013/2085
f 2891/4696/766 2885/3539/3445 2864/2011/2082 2865/4830/3866
f 2891/4696/766 2886/3538/765 2885/3539/3445
f 2864/2011/2082 2882/2016/2088 2883/4831/768 2865/4830/3866
f 2883/4831/768 2882/2016/2088 2871/2017/2089 2879/4828/769
f 2918/3333/3449 2895/3541/3446 2927/4696/774 2919/3544/772
f 2919/3544/772 2900/3543/771 2899/2019/2091
f 2923/3463/4234 2925/3001/3448 2900/3543/771 2924/4602/3868
f 2929/3004/3447 2902/4471/4235 2903/4832/778 2916/3542/775
f 2895/3541/3446 2896/3540/777 2927/4696/774
f 2915/2022/2094 2916/3542/775 2896/3540/777
f 2903/4832/778 2902/4471/4235 2911/4472/4236 2912/4833/781
f 2912/4833/781 2911/4472/4236 2905/4470/4232 2906/4469/783
f 2935/4834/785 2949/3547/3450 2947/2028/2102 2948/4835/786
f 2933/2024/2097 2954/3545/793 2932/4588/3871
f 2947/2028/2102 2943/2026/2100 2944/4836/789 2948/4835/786
f 2997/3001/4238 2975/4475/4241 2976/4837/3876 2998/4590/3875
f 2941/4473/787 2944/4836/789 2943/2026/2100
f 2935/4834/785 2950/3546/791 2949/3547/3450
f 2950/3546/791 2954/3545/793 2937/2030/2104
f 2959/4838/3873 2958/3550/798 2961/2036/2110
f 2956/3548/796 2966/3549/795 2965/2032/2106
f 2958/3550/798 2956/3548/796 2963/2035/2109
f 2971/3553/3454 2991/3552/3453 2972/4761/804
f 2978/3554/3455 2987/3556/801 2979/3555/800
f 2983/2037/2111 2984/4839/3874 2981/2038/2112
f 2990/3551/3452 2979/3555/800 2991/3552/3453
f 2976/4837/3876 2975/4475/4241 2993/4476/4242 2994/4840/803
f 2993/4476/4242 2971/3553/3454 2972/4761/804 2994/4840/803
f 3006/2041/2115 3021/2043/2118 3022/3562/807 3007/4841/806
f 3029/4478/4244 3047/2055/2131 3058/4608/821 3030/4842/3881
f 3003/2045/2120 3004/3558/811 3022/3562/807
f 3019/2047/2122 3010/3559/813 3004/3558/811
f 3016/2050/2125 3012/3560/809 3010/3559/813
f 3051/4797/819 3050/2052/2128 3029/4478/4244 3030/4842/3881
f 3054/3001/4246 3033/3195/3457 3034/3563/818 3055/4590/3883
f 3035/2057/2134 3043/4481/4248 3044/4843/826 3036/4844/824
f 3051/4797/819 3034/3563/818 3050/2052/2128
f 3047/2055/2131 3048/3564/822 3058/4608/821
f 3036/4844/824 3048/3564/822 3035/2057/2134
f 3062/2997/4251 3091/4482/4250 3092/4845/832 3061/4588/3885
f 3039/4480/816 3044/4843/826 3043/4481/4248
f 3092/4845/832 3091/4482/4250 3094/3001/3462 3071/3570/830
f 3096/4618/834 3071/3570/830 3070/2058/2136
f 3063/4549/827 3076/2066/829 3075/2065/2144
f 3096/4618/834 3070/2058/2136 3086/3333/3461 3087/3569/835
f 3098/3004/3460 3080/2063/2142 3073/4846/838 3084/3568/837
f 3066/2060/2138 3067/3566/3459 3087/3569/835
f 3084/3568/837 3067/3566/3459 3083/3565/3458
f 3106/4707/3887 3105/2071/2149 3121/2073/2152 3122/4847/3888
f 3080/2063/2142 3078/3567/839 3073/4846/838
f 3122/4847/3888 3121/2073/2152 3101/2074/2154 3102/3571/844
f 3115/4848/841 3119/3573/845 3114/2075/2155
f 3111/2067/2145 3110/3574/842 3109/2068/2146
f 3110/3574/842 3115/4848/841 3114/2075/2155
f 3163/4590/3894 3161/2083/2164 3139/3195/3469 3140/3578/3468
f 3105/2071/2149 3106/4707/3887 3125/4590/3889
f 3119/3573/845 3102/3571/844 3118/3572/3463
f 3131/2078/2158 3162/3586/3475 3130/4588/3891
f 3132/4550/846 3145/3583/848 3147/3582/3472
f 3163/4590/3894 3162/3586/3475 3161/2083/2164
f 3197/3001/3477 3172/2088/2169 3173/4849/859 3196/3587/858
f 3157/3585/3474 3140/3578/3468 3156/3579/3470
f 3135/3577/3467 3136/3576/3466 3157/3585/3474
f 3153/3575/3465 3154/3584/3473 3136/3576/3466
f 3142/3581/3471 3143/3580/850 3154/3584/3473
f 3150/2080/2161 3145/3583/848 3143/3580/850
f 3168/2084/2165 3188/3588/853 3169/4761/852
f 3175/2091/2172 3184/3590/855 3176/3589/3478
f 3165/4484/4254 3180/3592/856 3179/3591/3479
f 3183/2093/2174 3180/3592/856 3184/3590/855
f 3176/3589/3478 3188/3588/853 3187/2095/2176
f 3172/2088/2169 3190/2096/2177 3191/4850/3896 3173/4849/859
f 3190/2096/2177 3168/2084/2165 3169/4761/852 3191/4850/3896
f 3206/4851/867 3205/4486/4256 3212/3594/3480 3213/3593/864
f 3217/4852/862 3219/3595/861 3216/2098/2179
f 3217/4852/862 3216/2098/2179 3205/4486/4256 3206/4851/867
f 3207/2101/2181 3209/4853/865 3213/3593/864
f 3222/3001/4257 3202/3596/3482 3203/4854/3899 3223/4590/3898
f 3228/4588/3901 3229/2997/4259 3251/3605/3486 3252/3604/872
f 3219/3595/861 3203/4854/3899 3202/3596/3482
f 3246/4855/870 3232/2107/2187 3237/3600/3484 3238/3599/868
f 3246/4855/870 3233/4856/3904 3232/2107/2187
f 3247/2104/2184 3232/2107/2187 3233/4856/3904 3248/3597/873
f 3275/2117/2197 3279/2120/2200 3280/3609/890 3276/3614/889
f 3236/3598/3483 3248/3597/873 3252/3604/872
f 3243/3601/3485 3239/3603/874 3238/3599/868
f 3260/4857/2195 3259/3607/878 3258/2113/2193
f 3259/3607/878 3254/4858/877 3264/2108/2188
f 3257/2111/2191 3266/3606/881 3267/4590/880
f 3254/4858/877 3266/3606/881 3264/2108/2188
f 3270/3611/3487 3286/3613/885 3271/3610/884
f 3276/3614/889 3286/3613/885 3285/3612/3488
f 3288/2124/2205 3271/3610/884 3289/3608/887
f 3274/2122/2202 3289/3608/887 3292/4590/3905
f 3309/3619/3490 3301/2130/2212 3306/4859/897 3310/3620/891
f 3296/3618/3489 3310/3620/891 3297/3617/893
f 3312/2128/2210 3297/3617/893 3313/3615/895
f 3300/2126/2207 3313/3615/895 3316/4590/3908
f 3327/3624/3492 3340/2137/2220 3324/3621/904 3328/3625/902
f 3303/3616/899 3306/4859/897 3301/2130/2212
f 3321/2133/2215 3328/3625/902 3320/4860/901
f 3349/4492/4266 3367/3632/3495 3371/4618/3915 3350/4861/3914
f 3331/3626/906 3324/3621/904 3338/2134/2217
f 3330/2139/2222 3333/3622/908 3331/3626/906
f 3365/3633/3497 3346/4761/3911 3345/2141/2225
f 3364/3489/3498 3352/2145/2228 3374/4613/914 3365/3633/3497
f 3372/3063/3496 3345/2141/2225 3346/4761/3911 3368/3631/3494
f 3367/3632/3495 3368/3631/3494 3371/4618/3915
f 3377/4862/3917 3378/2149/2232 3384/3635/3500 3385/3634/3499
f 3352/2145/2228 3353/3628/912 3374/4613/914
f 3361/3627/3493 3360/3630/916 3353/3628/912
f 3357/3629/910 3360/3630/916 3356/2144/2227
f 3387/3638/917 3381/4863/919 3394/2157/2241
f 3395/2154/2238 3394/2157/2241 3381/4863/919 3396/4864/3920
f 3395/2154/2238 3396/4864/3920 3385/3634/3499
f 3449/4865/3924 3448/4498/4273 3467/4501/4276 3468/4866/3925
f 3386/2150/2234 3389/3637/3501 3387/3638/917
f 3408/3639/3502 3402/3641/922 3405/2163/2247
f 3402/3641/922 3411/3640/921 3401/2159/2243
f 3440/3643/3504 3423/3646/925 3416/3642/924
f 3436/4867/3921 3423/3646/925 3435/2166/2249
f 3435/2166/2249 3419/3645/3506 3436/4867/3921
f 3425/3649/928 3419/3645/3506 3433/3644/3505
f 3424/2169/2252 3427/3648/926 3425/3649/928
f 3467/4501/4276 3444/3652/3509 3470/4696/933 3468/4866/3925
f 3441/2172/929 3455/4868/931 3454/2170/2253
f 3478/4502/4277 3495/2176/2259 3496/4869/3928 3479/4760/3927
f 3444/3652/3509 3445/3651/934 3470/4696/933
f 3465/3655/935 3445/3651/934 3464/3650/3508
f 3452/3653/937 3465/3655/935 3451/2173/2255
f 3461/3654/940 3452/3653/937 3460/2175/2258
f 3455/4868/931 3461/3654/940 3454/2170/2253
f 3493/3659/946 3475/3657/3510 3474/3658/3512
f 3495/2176/2259 3499/3063/3511 3475/3657/3510 3496/4869/3928
f 3484/2179/2263 3485/3656/944 3489/3661/943
f 3501/4613/947 3493/3659/946 3492/3660/3513
f 3501/4613/947 3492/3660/3513 3481/3662/3514 3489/3661/943
f 3505/4761/958 3504/2191/2276 3524/2192/2278 3525/4870/953
f 3509/4766/3931 3508/4434/4282 3527/2188/2272 3531/4618/955
f 3525/4870/953 3524/2192/2278 3533/3004/3515 3512/3664/949
f 3521/3665/950 3512/3664/949 3511/2182/2266
f 3515/2184/2268 3518/3122/4352 3516/3666/951
f 3517/2186/2270 3518/3122/4352 3515/2184/2268
f 3520/2187/2271 3516/3666/951 3521/3665/950
f 3540/4505/4283 3559/2200/2286 3564/4618/3934 3541/4871/3933
f 3527/2188/2272 3528/3663/956 3531/4618/955
f 3505/4761/958 3528/3663/956 3504/2191/2276
f 3557/3668/961 3565/3004/3517 3543/2193/2279 3544/4872/959
f 3549/3122/3938 3553/3670/962 3547/2197/2283
f 3548/2196/2282 3549/3122/3938 3547/2197/2283
f 3559/2200/2286 3560/3669/3518 3564/4618/3934
f 3537/3667/3516 3560/3669/3518 3536/2203/2290
f 3557/3668/961 3537/3667/3516 3556/2204/2292
f 3543/2193/2279 3552/2199/2285 3553/3670/962 3544/4872/959
f 3573/3195/4285 3590/4507/4287 3591/4873/966 3574/4707/965
f 3576/4874/3941 3575/2211/2300 3583/3674/3522 3584/3673/3521
f 3588/4765/3942 3587/2208/2296 3575/2211/2300 3576/4874/3941
f 3579/2206/2294 3580/3122/3001 3584/3673/3521
f 3566/2205/2293 3580/3122/3001 3579/2206/2294
f 3590/4507/4287 3569/3672/3520 3593/4696/968 3591/4873/966
f 3618/4765/976 3617/2222/2312 3616/2221/2311 3606/3677/970
f 3569/3672/3520 3570/3671/3519 3593/4696/968
f 3588/4765/3942 3570/3671/3519 3587/2208/2296
f 3605/2215/2305 3614/3678/971 3606/3677/970
f 3610/3122/974 3611/3680/3007 3609/3679/3525
f 3595/4552/972 3610/3122/974 3609/3679/3525
f 3613/2217/2307 3611/3680/3007 3614/3678/971
f 3625/3463/4290 3627/3001/4289 3628/4590/978 3626/4602/3944
f 3627/3001/4289 3602/2212/2302 3603/4875/979 3628/4590/978
f 3602/2212/2302 3620/3333/3524 3621/3676/981 3603/4875/979
f 3648/3683/3527 3640/2224/2314 3641/4876/985 3649/4877/984
f 3598/2219/2309 3599/3675/3523 3621/3676/981
f 3617/2222/2312 3618/4765/976 3599/3675/3523
f 3648/3683/3527 3649/4877/984 3634/3682/983
f 3651/4797/988 3637/2229/2319 3657/3063/3526 3634/3682/983
f 3654/3001/4291 3637/2229/2319 3638/4878/3947 3655/4590/3946
f 3683/3004/3535 3667/2232/2322 3674/3692/995 3678/3693/993
f 3651/4797/988 3638/4878/3947 3637/2229/2319
f 3640/2224/2314 3643/3681/989 3641/4876/985
f 3680/3688/3532 3681/3694/3536 3665/3687/3530
f 3660/3685/3528 3661/3684/992 3681/3694/3536
f 3678/3693/993 3661/3684/992 3677/3686/3529
f 3708/3333/3545 3687/2236/2327 3717/4696/3951 3709/3704/3544
f 3670/3690/996 3674/3692/995 3669/3691/3534
f 3691/2234/2324 3709/3704/3544 3692/3703/3542
f 3714/4602/3953 3713/3463/4296 3715/3001/3543 3692/3703/3542
f 3734/3708/3547 3731/2240/2332 3726/4879/1003 3735/3709/3548
f 3688/3695/3537 3717/4696/3951 3687/2236/2327
f 3706/3702/3541 3688/3695/3537 3705/2239/2331
f 3694/3698/3539 3695/3697/1000 3706/3702/3541
f 3702/3696/3538 3700/3701/998 3695/3697/1000
f 3699/3699/3017 3700/3701/998 3698/3700/3540
f 3735/3709/3548 3738/3706/1006 3722/3707/3546
f 3719/4880/2335 3728/3710/1001 3727/2244/2336
f 3728/3710/1001 3726/4879/1003 3731/2240/2332
f 3724/2246/2338 3725/3705/1005 3741/4590/3955
f 3738/3706/1006 3725/3705/1005 3737/2248/2341
f 3750/4881/1011 3749/1223/2346 3763/2253/2348 3764/4882/1012
f 3762/3714/1009 3746/3715/1008 3761/2250/2343
f 3787/4883/1016 3786/2260/2356 3777/2265/2361 3778/3716/1022
f 3763/2253/2348 3746/3715/1008 3764/4882/1012
f 3758/3713/1014 3762/3714/1009 3752/2255/2350
f 3755/3712/1015 3758/3713/1014 3754/2898/3027
f 3787/4883/1016 3789/3721/1018 3786/2260/2356
f 3775/2264/2360 3789/3721/1018 3776/4884/1020
f 3780/3718/1023 3778/3716/1022 3783/3717/3549
f 3794/2997/4297 3827/3006/3555 3826/3726/3554 3793/4588/3958
f 3776/4884/1020 3769/3720/1025 3775/2264/2360
f 3818/4765/1030 3817/3722/3551 3831/3004/3559 3806/3729/1027
f 3802/2267/2364 3821/3728/3558 3803/3727/3556
f 3814/3730/1028 3806/3729/1027 3805/2270/2367
f 3809/3725/3553 3810/3122/3032 3811/3731/3037
f 3811/3731/3037 3814/3730/1028 3813/2272/2369
f 3820/3333/3557 3798/2276/2374 3829/4696/3962 3821/3728/3558
f 3838/2286/2384 3854/2288/2386 3864/4608/1043 3858/3735/1039
f 3803/3727/3556 3826/3726/3554 3825/2274/2371
f 3798/2276/2374 3799/3723/3552 3829/4696/3962
f 3818/4765/1030 3799/3723/3552 3817/3722/3551
f 3843/2289/2387 3847/2292/2390 3851/4885/1033 3844/4886/1044
f 3848/4887/1031 3851/4885/1033 3847/2292/2390
f 3862/2279/2377 3863/3736/1036 3834/3732/1035
f 3842/3733/1037 3863/3736/1036 3841/2282/2380
f 3858/3735/1039 3842/3733/1037 3857/2284/2382
f 3854/2288/2386 3855/3734/1041 3864/4608/1043
f 3843/2289/2387 3844/4886/1044 3855/3734/1041
f 3868/2997/4299 3903/3006/3564 3902/3743/3563 3867/4588/3963
f 3901/2296/2393 3876/3195/3562 3877/3738/1048 3905/4590/1047
f 3905/4590/1047 3902/3743/3563 3901/2296/2393
f 3909/4588/1059 3910/2997/4302 3940/3753/3569 3942/4888/1060
f 3897/3742/1050 3877/3738/1048 3896/2299/2397
f 3872/2302/2400 3873/3737/3561 3897/3742/1050
f 3894/3741/1053 3873/3737/3561 3893/2304/2402
f 3880/3739/1051 3894/3741/1053 3879/2305/2403
f 3890/3740/1054 3880/3739/1051 3889/2308/2406
f 3884/2294/1056 3890/3740/1054 3883/2309/2407
f 3947/4588/3968 3948/2997/4303 3979/3762/3576 3982/4888/3969
f 3911/4553/249 3926/4889/1062 3925/3749/3566
f 3940/3753/3569 3941/3752/3568 3942/4888/1060
f 3918/3746/3565 3919/3745/1065 3941/3752/3568
f 3936/3751/1063 3919/3745/1065 3935/2313/2411
f 3914/2316/2415 3915/3744/1067 3936/3751/1063
f 3933/3750/3567 3915/3744/1067 3932/2318/2417
f 3921/2319/2418 3922/3747/1070 3933/3750/3567
f 3929/2311/2409 3928/3748/1068 3922/3747/1070
f 3926/4889/1062 3928/3748/1068 3925/3749/3566
f 3971/3489/3577 3959/3756/3571 3985/4613/1078 3972/3763/1073
f 3952/2320/2419 3972/3763/1073 3953/4761/1072
f 3949/4554/1074 3964/3757/1076 3962/3759/3573
f 3980/3761/3575 3984/3001/3574 3956/4512/4309 3957/3535/3971
f 3979/3762/3576 3980/3761/3575 3982/4888/3969
f 3957/3535/3971 3956/4512/4309 3974/2323/2422 3975/4890/3973
f 3974/2323/2422 3952/2320/2419 3953/4761/1072 3975/4890/3973
f 4003/4891/1083 3995/2331/2432 4002/2333/2434 3999/3765/3056
f 3960/3755/1079 3985/4613/1078 3959/3756/3571
f 3968/3754/3570 3966/3760/1080 3960/3755/1079
f 3964/3757/1076 3966/3760/1080 3963/3758/3572
f 4010/3768/3580 3993/3767/3578 3992/2324/2425
f 4003/4891/1083 3996/3769/1082 3995/2331/2432
f 4007/4765/1085 4006/2330/2431 4020/3004/3582 3996/3769/1082
f 4009/3333/3581 3988/2327/2428 4018/4696/1088 4010/3768/3580
f 4015/4602/3976 4014/3463/4311 4016/3001/3579 3993/3767/3578
f 4049/4892/1092 4048/2337/2437 4043/2340/2441 4027/4893/1093
f 3988/2327/2428 3989/3764/1086 4018/4696/1088
f 4007/4765/1085 3989/3764/1086 4006/2330/2431
f 4034/2336/249 4032/3775/1090 4031/2334/2435
f 4054/2997/4314 4088/3006/3586 4086/3781/1107 4053/4588/3978
f 4043/2340/2441 4044/3777/1094 4027/4893/1093
f 4023/2341/2442 4024/3771/1097 4044/3777/1094
f 4041/3776/1098 4024/3771/1097 4040/3770/3583
f 4030/3773/1101 4041/3776/1098 4029/3774/3585
f 4037/3772/3584 4032/3775/1090 4030/3773/1101
f 4057/3024/3587 4077/2347/2451 4093/4608/1102 4058/3782/1104
f 4090/4590/1105 4085/2344/2447 4061/4514/4315 4062/4894/1109
f 4080/2343/2445 4058/3782/1104 4081/4797/1110
f 4090/4590/1105 4086/3781/1107 4085/2344/2447
f 4062/4894/1109 4061/4514/4315 4080/2343/2445 4081/4797/1110
f 4096/4518/4317 4114/2356/2461 4126/4608/1124 4097/4895/3980
f 4077/2347/2451 4078/3780/1112 4093/4608/1102
f 4065/3778/1113 4078/3780/1112 4064/2348/2453
f 4074/3779/1115 4065/3778/1113 4073/2350/2455
f 4068/4515/1116 4074/3779/1115 4072/2351/2456
f 4118/4797/1122 4117/3785/3589 4096/4518/4317 4097/4895/3980
f 4108/2354/2459 4107/4896/3068 4106/2352/2457
f 4122/3463/4321 4100/3784/3588 4124/4590/1119 4123/4602/3983
f 4133/4521/4322 4151/3790/3591 4155/4618/3985 4134/4619/3984
f 4100/3784/3588 4101/3783/1120 4124/4590/1119
f 4117/3785/3589 4118/4797/1122 4101/3783/1120
f 4114/2356/2461 4115/3788/1125 4126/4608/1124
f 4103/2358/2464 4104/3786/1127 4115/3788/1125
f 4111/2359/2465 4109/3787/3067 4104/3786/1127
f 4106/2352/2457 4107/4896/3068 4109/3787/3067
f 4149/3791/1130 4130/4761/1129 4129/2361/2467
f 4145/4897/1131 4136/2364/2470 4140/4523/4324 4141/4898/3072
f 4145/4897/1131 4137/3792/1133 4136/2364/2470
f 4143/4525/3073 4141/4898/3072 4140/4523/4324
f 4156/3063/3592 4129/2361/2467 4130/4761/1129 4152/3789/3590
f 4137/3792/1133 4149/3791/1130 4148/2366/2472
f 4151/3790/3591 4152/3789/3590 4155/4618/3985
f 4159/4588/3988 4160/2997/4326 4183/3794/3593 4184/3793/1144
f 4167/4899/1142 4166/2368/2474 4179/2375/2480 4164/3795/1137
f 4163/3796/3594 4177/3797/1135 4164/3795/1137
f 4174/3798/1138 4177/3797/1135 4168/2371/2477
f 4170/2374/2479 4172/4900/1141 4174/3798/1138
f 4166/2368/2474 4167/4899/1142 4184/3793/1144
f 4241/2393/2500 4223/4527/4329 4224/4901/1160 4242/3810/1156
f 4213/3808/1147 4187/4588/1146 4188/2378/2483
f 4196/3802/1149 4213/3808/1147 4195/2382/2488
f 4209/2385/2491 4210/3807/1150 4196/3802/1149
f 4191/3801/3596 4192/3800/1153 4210/3807/1150
f 4207/3799/3595 4208/3806/1155 4192/3800/1153
f 4198/2386/2492 4204/3805/3597 4208/3806/1155
f 4201/3804/3078 4204/3805/3597 4200/2379/2485
f 4217/2389/2495 4242/3810/1156 4216/4588/1158
f 4231/3811/3598 4232/3813/3600 4225/3812/3599
f 4227/2390/2497 4228/4902/2499 4232/3813/3600
f 4235/2398/2505 4225/3812/3599 4220/3809/1162
f 4223/4527/4329 4237/2396/2503 4238/4903/1161 4224/4901/1160
f 4251/4904/1165 4250/2406/2512 4261/3815/3601 4262/3814/1166
f 4220/3809/1162 4238/4903/1161 4237/2396/2503
f 4246/3818/3603 4270/3817/1173 4245/4588/3989
f 4265/4905/1171 4264/2403/2509 4250/2406/2512 4251/4904/1165
f 4259/3820/1168 4262/3814/1166 4255/3816/3602
f 4257/2401/2507 4247/4906/1169 4259/3820/1168
f 4270/3817/1173 4269/3819/3604 4264/2403/2509 4265/4905/1171
f 4302/3001/3609 4295/2409/2515 4282/4907/1180 4301/3828/1179
f 4290/3829/1176 4293/3826/1186 4284/3825/3608
f 4275/4529/4332 4288/4908/1174 4287/3830/3610
f 4288/4908/1174 4290/3829/1176 4287/3830/3610
f 4300/3821/3605 4301/3828/1179 4273/3822/1178
f 4305/4588/3992 4306/2997/4336 4332/4531/4335 4333/4909/3993
f 4295/2409/2515 4296/3827/1182 4282/4907/1180
f 4278/2412/2518 4279/3824/1185 4296/3827/1182
f 4292/3823/3607 4293/3826/1186 4279/3824/1185
f 4333/4909/3993 4332/4531/4335 4334/3001/3613 4314/3833/1189
f 4313/2413/2519 4328/3834/1190 4314/3833/1189
f 4364/3840/1200 4363/3842/3618 4345/4532/4337 4346/4910/1201
f 4309/2421/2527 4310/3831/3611 4328/3834/1190
f 4326/3832/3612 4310/3831/3611 4325/2423/2529
f 4322/3836/3615 4326/3832/3612 4315/2417/2523
f 4338/3841/3617 4364/3840/1200 4337/4588/3995
f 4357/3844/1193 4359/3843/1192 4342/2425/2531
f 4347/3838/1197 4357/3844/1193 4356/2432/2537
f 4346/4910/1201 4345/4532/4337 4358/2429/2534 4359/3843/1192
f 4372/4534/4339 4389/2443/2549 4390/4911/3997 4373/4912/3996
f 4353/3837/3616 4350/3839/1196 4347/3838/1197
f 4387/3846/1205 4369/3845/1204 4368/2433/2538
f 4390/4911/3997 4389/2443/2549 4397/3063/3619 4369/3845/1204
f 4383/3848/1208 4376/3847/1207 4375/2436/2542
f 4379/2439/2545 4381/3122/3106 4380/4913/3105
f 4380/4913/3105 4383/3848/1208 4379/2439/2545
f 4376/3847/1207 4387/3846/1205 4386/2441/2547
f 4395/4602/4000 4394/3463/4340 4372/4534/4339 4373/4912/3996
